part,lap,compile_s,fallbacks,degenerate,unexpected,rss_mb,check,guard,wall_s
C,1,0.036094,0,0,0,,,,
C,2,0.034252,0,0,0,,,,
C,3,0.035423,0,0,0,,,,
C,4,0.034537,0,0,0,,,,
C,5,0.034689,0,0,0,,,,
C,6,0.034011,0,0,0,,,,
C,7,0.036411,0,0,0,,,,
C,8,0.036466,0,0,0,,,,
C,9,0.035442,0,0,0,,,,
C,10,0.035342,0,0,0,,,,
C,11,0.034415,0,0,0,,,,
C,12,0.035637,0,0,0,,,,
C,13,0.035932,0,0,0,,,,
C,14,0.036025,0,0,0,,,,
C,15,0.035539,0,0,0,,,,
C,16,0.035755,0,0,0,,,,
C,17,0.034737,0,0,0,,,,
C,18,0.035014,0,0,0,,,,
C,19,0.042071,0,0,0,,,,
C,20,0.035888,0,0,0,,,,
C,21,0.035284,0,0,0,,,,
C,22,0.035452,0,0,0,,,,
C,23,0.036785,0,0,0,,,,
C,24,0.042199,0,0,0,,,,
C,25,0.047063,0,0,0,,,,
C,26,0.041638,0,0,0,,,,
C,27,0.040478,0,0,0,,,,
C,28,0.046886,0,0,0,,,,
C,29,0.037991,0,0,0,,,,
C,30,0.040406,0,0,0,,,,
C,31,0.040370,0,0,0,,,,
C,32,0.037764,0,0,0,,,,
C,33,0.039633,0,0,0,,,,
C,34,0.044851,0,0,0,,,,
C,35,0.038170,0,0,0,,,,
C,36,0.037678,0,0,0,,,,
C,37,0.035826,0,0,0,,,,
C,38,0.036713,0,0,0,,,,
C,39,0.035976,0,0,0,,,,
C,40,0.035909,0,0,0,,,,
C,41,0.035187,0,0,0,,,,
C,42,0.039489,0,0,0,,,,
C,43,0.038621,0,0,0,,,,
C,44,0.035764,0,0,0,,,,
C,45,0.036593,0,0,0,,,,
C,46,0.036725,0,0,0,,,,
C,47,0.038453,0,0,0,,,,
C,48,0.035327,0,0,0,,,,
C,49,0.035167,0,0,0,,,,
C,50,0.033607,0,0,0,,,,
C,51,0.038594,0,0,0,,,,
C,52,0.037895,0,0,0,,,,
C,53,0.040580,0,0,0,,,,
C,54,0.040755,0,0,0,,,,
C,55,0.040175,0,0,0,,,,
C,56,0.041812,0,0,0,,,,
C,57,0.035937,0,0,0,,,,
C,58,0.038028,0,0,0,,,,
C,59,0.037968,0,0,0,,,,
C,60,0.043437,0,0,0,,,,
C,61,0.036614,0,0,0,,,,
C,62,0.036598,0,0,0,,,,
C,63,0.037980,0,0,0,,,,
C,64,0.038418,0,0,0,,,,
C,65,0.038343,0,0,0,,,,
C,66,0.044274,0,0,0,,,,
C,67,0.036225,0,0,0,,,,
C,68,0.041970,0,0,0,,,,
C,69,0.053181,0,0,0,,,,
C,70,0.043870,0,0,0,,,,
C,71,0.083473,0,0,0,,,,
C,72,0.037862,0,0,0,,,,
C,73,0.041511,0,0,0,,,,
C,74,0.037836,0,0,0,,,,
C,75,0.047166,0,0,0,,,,
C,76,0.048363,0,0,0,,,,
C,77,0.042454,0,0,0,,,,
C,78,0.047690,0,0,0,,,,
C,79,0.037566,0,0,0,,,,
C,80,0.044020,0,0,0,,,,
C,81,0.038043,0,0,0,,,,
C,82,0.037183,0,0,0,,,,
C,83,0.035178,0,0,0,,,,
C,84,0.042653,0,0,0,,,,
C,85,0.043836,0,0,0,,,,
C,86,0.037300,0,0,0,,,,
C,87,0.036309,0,0,0,,,,
C,88,0.038115,0,0,0,,,,
C,89,0.036108,0,0,0,,,,
C,90,0.037658,0,0,0,,,,
C,91,0.036489,0,0,0,,,,
C,92,0.034294,0,0,0,,,,
C,93,0.036067,0,0,0,,,,
C,94,0.035961,0,0,0,,,,
C,95,0.038272,0,0,0,,,,
C,96,0.042858,0,0,0,,,,
C,97,0.038186,0,0,0,,,,
C,98,0.039052,0,0,0,,,,
C,99,0.037765,0,0,0,,,,
C,100,0.039472,0,0,0,,,,
C,101,0.036276,0,0,0,,,,
C,102,0.038030,0,0,0,,,,
C,103,0.036488,0,0,0,,,,
C,104,0.036410,0,0,0,,,,
C,105,0.036596,0,0,0,,,,
C,106,0.038450,0,0,0,,,,
C,107,0.037135,0,0,0,,,,
C,108,0.037170,0,0,0,,,,
C,109,0.039277,0,0,0,,,,
C,110,0.036855,0,0,0,,,,
C,111,0.039388,0,0,0,,,,
C,112,0.044941,0,0,0,,,,
C,113,0.036408,0,0,0,,,,
C,114,0.036407,0,0,0,,,,
C,115,0.037123,0,0,0,,,,
C,116,0.037396,0,0,0,,,,
C,117,0.038579,0,0,0,,,,
C,118,0.037442,0,0,0,,,,
C,119,0.036434,0,0,0,,,,
C,120,0.036964,0,0,0,,,,
C,121,0.037001,0,0,0,,,,
C,122,0.035501,0,0,0,,,,
C,123,0.037160,0,0,0,,,,
C,124,0.036671,0,0,0,,,,
C,125,0.038270,0,0,0,,,,
C,126,0.039254,0,0,0,,,,
C,127,0.036326,0,0,0,,,,
C,128,0.036559,0,0,0,,,,
C,129,0.037171,0,0,0,,,,
C,130,0.037006,0,0,0,,,,
C,131,0.038289,0,0,0,,,,
C,132,0.039503,0,0,0,,,,
C,133,0.036173,0,0,0,,,,
C,134,0.039232,0,0,0,,,,
C,135,0.038523,0,0,0,,,,
C,136,0.045955,0,0,0,,,,
C,137,0.038526,0,0,0,,,,
C,138,0.037769,0,0,0,,,,
C,139,0.044254,0,0,0,,,,
C,140,0.035932,0,0,0,,,,
C,141,0.037183,0,0,0,,,,
C,142,0.037225,0,0,0,,,,
C,143,0.036506,0,0,0,,,,
C,144,0.037012,0,0,0,,,,
C,145,0.039864,0,0,0,,,,
C,146,0.051856,0,0,0,,,,
C,147,0.037565,0,0,0,,,,
C,148,0.042124,0,0,0,,,,
C,149,0.041083,0,0,0,,,,
C,150,0.039040,0,0,0,,,,
C,151,0.038608,0,0,0,,,,
C,152,0.038277,0,0,0,,,,
C,153,0.039152,0,0,0,,,,
C,154,0.037658,0,0,0,,,,
C,155,0.039106,0,0,0,,,,
C,156,0.046813,0,0,0,,,,
C,157,0.037596,0,0,0,,,,
C,158,0.036745,0,0,0,,,,
C,159,0.036232,0,0,0,,,,
C,160,0.038992,0,0,0,,,,
C,161,0.036415,0,0,0,,,,
C,162,0.037158,0,0,0,,,,
C,163,0.036645,0,0,0,,,,
C,164,0.037256,0,0,0,,,,
C,165,0.040485,0,0,0,,,,
C,166,0.035870,0,0,0,,,,
C,167,0.037464,0,0,0,,,,
C,168,0.042242,0,0,0,,,,
C,169,0.054426,0,0,0,,,,
C,170,0.042919,0,0,0,,,,
C,171,0.040918,0,0,0,,,,
C,172,0.039719,0,0,0,,,,
C,173,0.039558,0,0,0,,,,
C,174,0.036455,0,0,0,,,,
C,175,0.036441,0,0,0,,,,
C,176,0.035863,0,0,0,,,,
C,177,0.037920,0,0,0,,,,
C,178,0.037809,0,0,0,,,,
C,179,0.035558,0,0,0,,,,
C,180,0.035728,0,0,0,,,,
C,181,0.036314,0,0,0,,,,
C,182,0.036300,0,0,0,,,,
C,183,0.037207,0,0,0,,,,
C,184,0.037421,0,0,0,,,,
C,185,0.035987,0,0,0,,,,
C,186,0.037166,0,0,0,,,,
C,187,0.042458,0,0,0,,,,
C,188,0.046446,0,0,0,,,,
C,189,0.041564,0,0,0,,,,
C,190,0.038637,0,0,0,,,,
C,191,0.038408,0,0,0,,,,
C,192,0.037415,0,0,0,,,,
C,193,0.035504,0,0,0,,,,
C,194,0.036136,0,0,0,,,,
C,195,0.034819,0,0,0,,,,
C,196,0.036753,0,0,0,,,,
C,197,0.054113,0,0,0,,,,
C,198,0.041848,0,0,0,,,,
C,199,0.039492,0,0,0,,,,
C,200,0.039668,0,0,0,,,,
C,201,0.039741,0,0,0,,,,
C,202,0.037594,0,0,0,,,,
C,203,0.037603,0,0,0,,,,
C,204,0.037019,0,0,0,,,,
C,205,0.038705,0,0,0,,,,
C,206,0.037371,0,0,0,,,,
C,207,0.040668,0,0,0,,,,
C,208,0.039330,0,0,0,,,,
C,209,0.039093,0,0,0,,,,
C,210,0.036761,0,0,0,,,,
C,211,0.036664,0,0,0,,,,
C,212,0.036222,0,0,0,,,,
C,213,0.036233,0,0,0,,,,
C,214,0.037013,0,0,0,,,,
C,215,0.035872,0,0,0,,,,
C,216,0.035741,0,0,0,,,,
C,217,0.037258,0,0,0,,,,
C,218,0.036440,0,0,0,,,,
C,219,0.037602,0,0,0,,,,
C,220,0.037422,0,0,0,,,,
C,221,0.038195,0,0,0,,,,
C,222,0.039640,0,0,0,,,,
C,223,0.039212,0,0,0,,,,
C,224,0.040152,0,0,0,,,,
C,225,0.037569,0,0,0,,,,
C,226,0.037575,0,0,0,,,,
C,227,0.037356,0,0,0,,,,
C,228,0.038185,0,0,0,,,,
C,229,0.036884,0,0,0,,,,
C,230,0.036422,0,0,0,,,,
C,231,0.036904,0,0,0,,,,
C,232,0.037236,0,0,0,,,,
C,233,0.036566,0,0,0,,,,
C,234,0.039287,0,0,0,,,,
C,235,0.035191,0,0,0,,,,
C,236,0.036208,0,0,0,,,,
C,237,0.036257,0,0,0,,,,
C,238,0.055266,0,0,0,,,,
C,239,0.039013,0,0,0,,,,
C,240,0.038435,0,0,0,,,,
C,241,0.041778,0,0,0,,,,
C,242,0.039907,0,0,0,,,,
C,243,0.037725,0,0,0,,,,
C,244,0.040898,0,0,0,,,,
C,245,0.052797,0,0,0,,,,
C,246,0.039575,0,0,0,,,,
C,247,0.035753,0,0,0,,,,
C,248,0.037537,0,0,0,,,,
C,249,0.038766,0,0,0,,,,
C,250,0.038273,0,0,0,,,,
C,251,0.040727,0,0,0,,,,
C,252,0.036276,0,0,0,,,,
C,253,0.036324,0,0,0,,,,
C,254,0.036303,0,0,0,,,,
C,255,0.036474,0,0,0,,,,
C,256,0.035642,0,0,0,,,,
C,257,0.036100,0,0,0,,,,
C,258,0.036504,0,0,0,,,,
C,259,0.043507,0,0,0,,,,
C,260,0.040544,0,0,0,,,,
C,261,0.036239,0,0,0,,,,
C,262,0.036547,0,0,0,,,,
C,263,0.038378,0,0,0,,,,
C,264,0.036760,0,0,0,,,,
C,265,0.035945,0,0,0,,,,
C,266,0.037032,0,0,0,,,,
C,267,0.037717,0,0,0,,,,
C,268,0.037083,0,0,0,,,,
C,269,0.035952,0,0,0,,,,
C,270,0.036886,0,0,0,,,,
C,271,0.035953,0,0,0,,,,
C,272,0.037133,0,0,0,,,,
C,273,0.036983,0,0,0,,,,
C,274,0.036178,0,0,0,,,,
C,275,0.035423,0,0,0,,,,
C,276,0.035044,0,0,0,,,,
C,277,0.036360,0,0,0,,,,
C,278,0.036458,0,0,0,,,,
C,279,0.035475,0,0,0,,,,
C,280,0.035270,0,0,0,,,,
C,281,0.034675,0,0,0,,,,
C,282,0.035326,0,0,0,,,,
C,283,0.036722,0,0,0,,,,
C,284,0.035441,0,0,0,,,,
C,285,0.035953,0,0,0,,,,
C,286,0.036715,0,0,0,,,,
C,287,0.036607,0,0,0,,,,
C,288,0.036679,0,0,0,,,,
C,289,0.042101,0,0,0,,,,
C,290,0.037007,0,0,0,,,,
C,291,0.039865,0,0,0,,,,
C,292,0.049398,0,0,0,,,,
C,293,0.052399,0,0,0,,,,
C,294,0.046776,0,0,0,,,,
C,295,0.040020,0,0,0,,,,
C,296,0.039881,0,0,0,,,,
C,297,0.040186,0,0,0,,,,
C,298,0.041190,0,0,0,,,,
C,299,0.043885,0,0,0,,,,
C,300,0.040359,0,0,0,,,,
C,301,0.041449,0,0,0,,,,
C,302,0.041465,0,0,0,,,,
C,303,0.037415,0,0,0,,,,
C,304,0.036544,0,0,0,,,,
C,305,0.037463,0,0,0,,,,
C,306,0.036118,0,0,0,,,,
C,307,0.037732,0,0,0,,,,
C,308,0.046490,0,0,0,,,,
C,309,0.036580,0,0,0,,,,
C,310,0.036577,0,0,0,,,,
C,311,0.037509,0,0,0,,,,
C,312,0.037542,0,0,0,,,,
C,313,0.036109,0,0,0,,,,
C,314,0.038839,0,0,0,,,,
C,315,0.065774,0,0,0,,,,
C,316,0.040426,0,0,0,,,,
C,317,0.042759,0,0,0,,,,
C,318,0.037720,0,0,0,,,,
C,319,0.047617,0,0,0,,,,
C,320,0.037138,0,0,0,,,,
C,321,0.036978,0,0,0,,,,
C,322,0.038442,0,0,0,,,,
C,323,0.038389,0,0,0,,,,
C,324,0.036932,0,0,0,,,,
C,325,0.036845,0,0,0,,,,
C,326,0.037049,0,0,0,,,,
C,327,0.036483,0,0,0,,,,
C,328,0.036794,0,0,0,,,,
C,329,0.036094,0,0,0,,,,
C,330,0.038047,0,0,0,,,,
C,331,0.037128,0,0,0,,,,
C,332,0.037919,0,0,0,,,,
C,333,0.037422,0,0,0,,,,
C,334,0.037373,0,0,0,,,,
C,335,0.037519,0,0,0,,,,
C,336,0.036046,0,0,0,,,,
C,337,0.036486,0,0,0,,,,
C,338,0.036192,0,0,0,,,,
C,339,0.036730,0,0,0,,,,
C,340,0.036100,0,0,0,,,,
C,341,0.037816,0,0,0,,,,
C,342,0.037042,0,0,0,,,,
C,343,0.037546,0,0,0,,,,
C,344,0.037449,0,0,0,,,,
C,345,0.037603,0,0,0,,,,
C,346,0.037062,0,0,0,,,,
C,347,0.035404,0,0,0,,,,
C,348,0.036972,0,0,0,,,,
C,349,0.038275,0,0,0,,,,
C,350,0.036894,0,0,0,,,,
C,351,0.035787,0,0,0,,,,
C,352,0.035674,0,0,0,,,,
C,353,0.035786,0,0,0,,,,
C,354,0.035215,0,0,0,,,,
C,355,0.036041,0,0,0,,,,
C,356,0.036604,0,0,0,,,,
C,357,0.035353,0,0,0,,,,
C,358,0.034879,0,0,0,,,,
C,359,0.035519,0,0,0,,,,
C,360,0.035709,0,0,0,,,,
C,361,0.035651,0,0,0,,,,
C,362,0.037326,0,0,0,,,,
C,363,0.036645,0,0,0,,,,
C,364,0.036779,0,0,0,,,,
C,365,0.037686,0,0,0,,,,
C,366,0.039227,0,0,0,,,,
C,367,0.039018,0,0,0,,,,
C,368,0.036821,0,0,0,,,,
C,369,0.038283,0,0,0,,,,
C,370,0.036792,0,0,0,,,,
C,371,0.036254,0,0,0,,,,
C,372,0.036152,0,0,0,,,,
C,373,0.035862,0,0,0,,,,
C,374,0.036186,0,0,0,,,,
C,375,0.035633,0,0,0,,,,
C,376,0.035733,0,0,0,,,,
C,377,0.036817,0,0,0,,,,
C,378,0.035982,0,0,0,,,,
C,379,0.035464,0,0,0,,,,
C,380,0.035867,0,0,0,,,,
C,381,0.036736,0,0,0,,,,
C,382,0.036542,0,0,0,,,,
C,383,0.036741,0,0,0,,,,
C,384,0.036742,0,0,0,,,,
C,385,0.036600,0,0,0,,,,
C,386,0.037459,0,0,0,,,,
C,387,0.036672,0,0,0,,,,
C,388,0.035172,0,0,0,,,,
C,389,0.036125,0,0,0,,,,
C,390,0.035886,0,0,0,,,,
C,391,0.036098,0,0,0,,,,
C,392,0.038270,0,0,0,,,,
C,393,0.036506,0,0,0,,,,
C,394,0.035146,0,0,0,,,,
C,395,0.037742,0,0,0,,,,
C,396,0.038376,0,0,0,,,,
C,397,0.036963,0,0,0,,,,
C,398,0.039595,0,0,0,,,,
C,399,0.035938,0,0,0,,,,
C,400,0.034550,0,0,0,,,,
C,401,0.037776,0,0,0,,,,
C,402,0.036096,0,0,0,,,,
C,403,0.035741,0,0,0,,,,
C,404,0.040541,0,0,0,,,,
C,405,0.036068,0,0,0,,,,
C,406,0.034606,0,0,0,,,,
C,407,0.034682,0,0,0,,,,
C,408,0.045794,0,0,0,,,,
C,409,0.040742,0,0,0,,,,
C,410,0.038666,0,0,0,,,,
C,411,0.040339,0,0,0,,,,
C,412,0.037536,0,0,0,,,,
C,413,0.037828,0,0,0,,,,
C,414,0.039112,0,0,0,,,,
C,415,0.036369,0,0,0,,,,
C,416,0.037278,0,0,0,,,,
C,417,0.037021,0,0,0,,,,
C,418,0.047345,0,0,0,,,,
C,419,0.037068,0,0,0,,,,
C,420,0.038342,0,0,0,,,,
C,421,0.039205,0,0,0,,,,
C,422,0.037655,0,0,0,,,,
C,423,0.036290,0,0,0,,,,
C,424,0.037080,0,0,0,,,,
C,425,0.038211,0,0,0,,,,
C,426,0.037745,0,0,0,,,,
C,427,0.037321,0,0,0,,,,
C,428,0.038539,0,0,0,,,,
C,429,0.042882,0,0,0,,,,
C,430,0.036224,0,0,0,,,,
C,431,0.038503,0,0,0,,,,
C,432,0.043375,0,0,0,,,,
C,433,0.037116,0,0,0,,,,
C,434,0.039236,0,0,0,,,,
C,435,0.041955,0,0,0,,,,
C,436,0.036321,0,0,0,,,,
C,437,0.037384,0,0,0,,,,
C,438,0.045299,0,0,0,,,,
C,439,0.041508,0,0,0,,,,
C,440,0.038691,0,0,0,,,,
C,441,0.038101,0,0,0,,,,
C,442,0.037462,0,0,0,,,,
C,443,0.038386,0,0,0,,,,
C,444,0.043211,0,0,0,,,,
C,445,0.035088,0,0,0,,,,
C,446,0.036992,0,0,0,,,,
C,447,0.036115,0,0,0,,,,
C,448,0.037984,0,0,0,,,,
C,449,0.046581,0,0,0,,,,
C,450,0.037393,0,0,0,,,,
C,451,0.036159,0,0,0,,,,
C,452,0.036121,0,0,0,,,,
C,453,0.037760,0,0,0,,,,
C,454,0.036038,0,0,0,,,,
C,455,0.042157,0,0,0,,,,
C,456,0.036869,0,0,0,,,,
C,457,0.038859,0,0,0,,,,
C,458,0.038288,0,0,0,,,,
C,459,0.037120,0,0,0,,,,
C,460,0.035937,0,0,0,,,,
C,461,0.037144,0,0,0,,,,
C,462,0.036220,0,0,0,,,,
C,463,0.035555,0,0,0,,,,
C,464,0.037364,0,0,0,,,,
C,465,0.036586,0,0,0,,,,
C,466,0.035534,0,0,0,,,,
C,467,0.035221,0,0,0,,,,
C,468,0.038992,0,0,0,,,,
C,469,0.038183,0,0,0,,,,
C,470,0.035464,0,0,0,,,,
C,471,0.035394,0,0,0,,,,
C,472,0.040345,0,0,0,,,,
C,473,0.035871,0,0,0,,,,
C,474,0.038123,0,0,0,,,,
C,475,0.035304,0,0,0,,,,
C,476,0.034610,0,0,0,,,,
C,477,0.034767,0,0,0,,,,
C,478,0.038203,0,0,0,,,,
C,479,0.035401,0,0,0,,,,
C,480,0.035601,0,0,0,,,,
C,481,0.035958,0,0,0,,,,
C,482,0.036227,0,0,0,,,,
C,483,0.035970,0,0,0,,,,
C,484,0.036802,0,0,0,,,,
C,485,0.035773,0,0,0,,,,
C,486,0.037270,0,0,0,,,,
C,487,0.035854,0,0,0,,,,
C,488,0.035137,0,0,0,,,,
C,489,0.034929,0,0,0,,,,
C,490,0.036278,0,0,0,,,,
C,491,0.036285,0,0,0,,,,
C,492,0.036509,0,0,0,,,,
C,493,0.043926,0,0,0,,,,
C,494,0.034766,0,0,0,,,,
C,495,0.035876,0,0,0,,,,
C,496,0.040623,0,0,0,,,,
C,497,0.040034,0,0,0,,,,
C,498,0.037167,0,0,0,,,,
C,499,0.043994,0,0,0,,,,
C,500,0.041212,0,0,0,,,,
C,501,0.037179,0,0,0,,,,
C,502,0.040393,0,0,0,,,,
C,503,0.039714,0,0,0,,,,
C,504,0.036144,0,0,0,,,,
C,505,0.035624,0,0,0,,,,
C,506,0.042759,0,0,0,,,,
C,507,0.035740,0,0,0,,,,
C,508,0.036291,0,0,0,,,,
C,509,0.037103,0,0,0,,,,
C,510,0.036417,0,0,0,,,,
C,511,0.037149,0,0,0,,,,
C,512,0.036993,0,0,0,,,,
C,513,0.035502,0,0,0,,,,
C,514,0.036297,0,0,0,,,,
C,515,0.036360,0,0,0,,,,
C,516,0.037181,0,0,0,,,,
C,517,0.036166,0,0,0,,,,
C,518,0.036830,0,0,0,,,,
C,519,0.039112,0,0,0,,,,
C,520,0.045914,0,0,0,,,,
C,521,0.035700,0,0,0,,,,
C,522,0.036940,0,0,0,,,,
C,523,0.046231,0,0,0,,,,
C,524,0.037229,0,0,0,,,,
C,525,0.037849,0,0,0,,,,
C,526,0.036411,0,0,0,,,,
C,527,0.036535,0,0,0,,,,
C,528,0.036709,0,0,0,,,,
C,529,0.036688,0,0,0,,,,
C,530,0.037054,0,0,0,,,,
C,531,0.036360,0,0,0,,,,
C,532,0.035857,0,0,0,,,,
C,533,0.035976,0,0,0,,,,
C,534,0.036212,0,0,0,,,,
C,535,0.036190,0,0,0,,,,
C,536,0.035975,0,0,0,,,,
C,537,0.036931,0,0,0,,,,
C,538,0.037121,0,0,0,,,,
C,539,0.036227,0,0,0,,,,
C,540,0.036074,0,0,0,,,,
C,541,0.035788,0,0,0,,,,
C,542,0.042660,0,0,0,,,,
C,543,0.036574,0,0,0,,,,
C,544,0.036468,0,0,0,,,,
C,545,0.036157,0,0,0,,,,
C,546,0.036586,0,0,0,,,,
C,547,0.038622,0,0,0,,,,
C,548,0.036769,0,0,0,,,,
C,549,0.035853,0,0,0,,,,
C,550,0.036120,0,0,0,,,,
C,551,0.036689,0,0,0,,,,
C,552,0.037921,0,0,0,,,,
C,553,0.036778,0,0,0,,,,
C,554,0.037608,0,0,0,,,,
C,555,0.039759,0,0,0,,,,
C,556,0.038826,0,0,0,,,,
C,557,0.045983,0,0,0,,,,
C,558,0.083280,0,0,0,,,,
C,559,0.049762,0,0,0,,,,
C,560,0.042610,0,0,0,,,,
C,561,0.040788,0,0,0,,,,
C,562,0.038752,0,0,0,,,,
C,563,0.048992,0,0,0,,,,
C,564,0.045914,0,0,0,,,,
C,565,0.055833,0,0,0,,,,
C,566,0.044600,0,0,0,,,,
C,567,0.041071,0,0,0,,,,
C,568,0.042710,0,0,0,,,,
C,569,0.039786,0,0,0,,,,
C,570,0.039653,0,0,0,,,,
C,571,0.036205,0,0,0,,,,
C,572,0.037869,0,0,0,,,,
C,573,0.046232,0,0,0,,,,
C,574,0.039702,0,0,0,,,,
C,575,0.039875,0,0,0,,,,
C,576,0.043488,0,0,0,,,,
C,577,0.037359,0,0,0,,,,
C,578,0.039698,0,0,0,,,,
C,579,0.037705,0,0,0,,,,
C,580,0.036988,0,0,0,,,,
C,581,0.038832,0,0,0,,,,
C,582,0.036280,0,0,0,,,,
C,583,0.037157,0,0,0,,,,
C,584,0.038584,0,0,0,,,,
C,585,0.038924,0,0,0,,,,
C,586,0.037282,0,0,0,,,,
C,587,0.036773,0,0,0,,,,
C,588,0.043597,0,0,0,,,,
C,589,0.037925,0,0,0,,,,
C,590,0.037793,0,0,0,,,,
C,591,0.036456,0,0,0,,,,
C,592,0.037055,0,0,0,,,,
C,593,0.036048,0,0,0,,,,
C,594,0.037373,0,0,0,,,,
C,595,0.036792,0,0,0,,,,
C,596,0.040845,0,0,0,,,,
C,597,0.037692,0,0,0,,,,
C,598,0.038621,0,0,0,,,,
C,599,0.039361,0,0,0,,,,
C,600,0.037210,0,0,0,,,,
C,601,0.037502,0,0,0,,,,
C,602,0.036917,0,0,0,,,,
C,603,0.037375,0,0,0,,,,
C,604,0.038170,0,0,0,,,,
C,605,0.036191,0,0,0,,,,
C,606,0.036720,0,0,0,,,,
C,607,0.035925,0,0,0,,,,
C,608,0.036662,0,0,0,,,,
C,609,0.037412,0,0,0,,,,
C,610,0.036757,0,0,0,,,,
C,611,0.036629,0,0,0,,,,
C,612,0.036177,0,0,0,,,,
C,613,0.035691,0,0,0,,,,
C,614,0.036074,0,0,0,,,,
C,615,0.035706,0,0,0,,,,
C,616,0.036671,0,0,0,,,,
C,617,0.037273,0,0,0,,,,
C,618,0.036271,0,0,0,,,,
C,619,0.036664,0,0,0,,,,
C,620,0.035159,0,0,0,,,,
C,621,0.034704,0,0,0,,,,
C,622,0.036532,0,0,0,,,,
C,623,0.038152,0,0,0,,,,
C,624,0.039060,0,0,0,,,,
C,625,0.035353,0,0,0,,,,
C,626,0.034609,0,0,0,,,,
C,627,0.035463,0,0,0,,,,
C,628,0.035804,0,0,0,,,,
C,629,0.035275,0,0,0,,,,
C,630,0.037493,0,0,0,,,,
C,631,0.037099,0,0,0,,,,
C,632,0.035605,0,0,0,,,,
C,633,0.040363,0,0,0,,,,
C,634,0.039780,0,0,0,,,,
C,635,0.038353,0,0,0,,,,
C,636,0.038283,0,0,0,,,,
C,637,0.037906,0,0,0,,,,
C,638,0.039124,0,0,0,,,,
C,639,0.037980,0,0,0,,,,
C,640,0.041694,0,0,0,,,,
C,641,0.041254,0,0,0,,,,
C,642,0.044228,0,0,0,,,,
C,643,0.038783,0,0,0,,,,
C,644,0.037607,0,0,0,,,,
C,645,0.038019,0,0,0,,,,
C,646,0.037594,0,0,0,,,,
C,647,0.038663,0,0,0,,,,
C,648,0.039837,0,0,0,,,,
C,649,0.041908,0,0,0,,,,
C,650,0.035983,0,0,0,,,,
C,651,0.040694,0,0,0,,,,
C,652,0.047149,0,0,0,,,,
C,653,0.040819,0,0,0,,,,
C,654,0.040609,0,0,0,,,,
C,655,0.038471,0,0,0,,,,
C,656,0.038226,0,0,0,,,,
C,657,0.037867,0,0,0,,,,
C,658,0.038431,0,0,0,,,,
C,659,0.037394,0,0,0,,,,
C,660,0.040984,0,0,0,,,,
C,661,0.036106,0,0,0,,,,
C,662,0.036746,0,0,0,,,,
C,663,0.037086,0,0,0,,,,
C,664,0.036001,0,0,0,,,,
C,665,0.036572,0,0,0,,,,
C,666,0.036635,0,0,0,,,,
C,667,0.036588,0,0,0,,,,
C,668,0.037101,0,0,0,,,,
C,669,0.039448,0,0,0,,,,
C,670,0.041152,0,0,0,,,,
C,671,0.037833,0,0,0,,,,
C,672,0.037392,0,0,0,,,,
C,673,0.043938,0,0,0,,,,
C,674,0.038128,0,0,0,,,,
C,675,0.036238,0,0,0,,,,
C,676,0.036815,0,0,0,,,,
C,677,0.036998,0,0,0,,,,
C,678,0.038348,0,0,0,,,,
C,679,0.039156,0,0,0,,,,
C,680,0.037730,0,0,0,,,,
C,681,0.055106,0,0,0,,,,
C,682,0.040163,0,0,0,,,,
C,683,0.037681,0,0,0,,,,
C,684,0.037455,0,0,0,,,,
C,685,0.036937,0,0,0,,,,
C,686,0.038958,0,0,0,,,,
C,687,0.040504,0,0,0,,,,
C,688,0.037296,0,0,0,,,,
C,689,0.036959,0,0,0,,,,
C,690,0.041156,0,0,0,,,,
C,691,0.039861,0,0,0,,,,
C,692,0.039175,0,0,0,,,,
C,693,0.043875,0,0,0,,,,
C,694,0.049487,0,0,0,,,,
C,695,0.040966,0,0,0,,,,
C,696,0.047178,0,0,0,,,,
C,697,0.039821,0,0,0,,,,
C,698,0.042997,0,0,0,,,,
C,699,0.040880,0,0,0,,,,
C,700,0.038364,0,0,0,,,,
C,701,0.039347,0,0,0,,,,
C,702,0.045078,0,0,0,,,,
C,703,0.037184,0,0,0,,,,
C,704,0.037736,0,0,0,,,,
C,705,0.036679,0,0,0,,,,
C,706,0.036944,0,0,0,,,,
C,707,0.037433,0,0,0,,,,
C,708,0.037383,0,0,0,,,,
C,709,0.049026,0,0,0,,,,
C,710,0.036922,0,0,0,,,,
C,711,0.039861,0,0,0,,,,
C,712,0.037625,0,0,0,,,,
C,713,0.037601,0,0,0,,,,
C,714,0.038623,0,0,0,,,,
C,715,0.036983,0,0,0,,,,
C,716,0.037243,0,0,0,,,,
C,717,0.036957,0,0,0,,,,
C,718,0.037413,0,0,0,,,,
C,719,0.036568,0,0,0,,,,
C,720,0.037219,0,0,0,,,,
C,721,0.037987,0,0,0,,,,
C,722,0.037693,0,0,0,,,,
C,723,0.041450,0,0,0,,,,
C,724,0.037202,0,0,0,,,,
C,725,0.039824,0,0,0,,,,
C,726,0.041146,0,0,0,,,,
C,727,0.036702,0,0,0,,,,
C,728,0.052067,0,0,0,,,,
C,729,0.038212,0,0,0,,,,
C,730,0.039263,0,0,0,,,,
C,731,0.039844,0,0,0,,,,
C,732,0.038098,0,0,0,,,,
C,733,0.038700,0,0,0,,,,
C,734,0.038370,0,0,0,,,,
C,735,0.042575,0,0,0,,,,
C,736,0.041801,0,0,0,,,,
C,737,0.041328,0,0,0,,,,
C,738,0.040895,0,0,0,,,,
C,739,0.040318,0,0,0,,,,
C,740,0.038678,0,0,0,,,,
C,741,0.038353,0,0,0,,,,
C,742,0.057331,0,0,0,,,,
C,743,0.039675,0,0,0,,,,
C,744,0.040845,0,0,0,,,,
C,745,0.040218,0,0,0,,,,
C,746,0.038129,0,0,0,,,,
C,747,0.038337,0,0,0,,,,
C,748,0.038975,0,0,0,,,,
C,749,0.037879,0,0,0,,,,
C,750,0.039517,0,0,0,,,,
C,751,0.040218,0,0,0,,,,
C,752,0.037074,0,0,0,,,,
C,753,0.038912,0,0,0,,,,
C,754,0.041758,0,0,0,,,,
C,755,0.041740,0,0,0,,,,
C,756,0.036013,0,0,0,,,,
C,757,0.035794,0,0,0,,,,
C,758,0.040765,0,0,0,,,,
C,759,0.038899,0,0,0,,,,
C,760,0.037445,0,0,0,,,,
C,761,0.036506,0,0,0,,,,
C,762,0.036636,0,0,0,,,,
C,763,0.037778,0,0,0,,,,
C,764,0.040575,0,0,0,,,,
C,765,0.039377,0,0,0,,,,
C,766,0.039021,0,0,0,,,,
C,767,0.039315,0,0,0,,,,
C,768,0.037613,0,0,0,,,,
C,769,0.038329,0,0,0,,,,
C,770,0.040663,0,0,0,,,,
C,771,0.036773,0,0,0,,,,
C,772,0.040451,0,0,0,,,,
C,773,0.035844,0,0,0,,,,
C,774,0.036010,0,0,0,,,,
C,775,0.037640,0,0,0,,,,
C,776,0.036379,0,0,0,,,,
C,777,0.042739,0,0,0,,,,
C,778,0.037436,0,0,0,,,,
C,779,0.038981,0,0,0,,,,
C,780,0.041936,0,0,0,,,,
C,781,0.041473,0,0,0,,,,
C,782,0.037733,0,0,0,,,,
C,783,0.038119,0,0,0,,,,
C,784,0.038340,0,0,0,,,,
C,785,0.047697,0,0,0,,,,
C,786,0.042504,0,0,0,,,,
C,787,0.041743,0,0,0,,,,
C,788,0.042195,0,0,0,,,,
C,789,0.042211,0,0,0,,,,
C,790,0.038245,0,0,0,,,,
C,791,0.039168,0,0,0,,,,
C,792,0.056319,0,0,0,,,,
C,793,0.041083,0,0,0,,,,
C,794,0.041683,0,0,0,,,,
C,795,0.038195,0,0,0,,,,
C,796,0.042311,0,0,0,,,,
C,797,0.043809,0,0,0,,,,
C,798,0.048164,0,0,0,,,,
C,799,0.042911,0,0,0,,,,
C,800,0.041262,0,0,0,,,,
C,801,0.043744,0,0,0,,,,
C,802,0.047991,0,0,0,,,,
C,803,0.040044,0,0,0,,,,
C,804,0.036600,0,0,0,,,,
C,805,0.040557,0,0,0,,,,
C,806,0.041740,0,0,0,,,,
C,807,0.038661,0,0,0,,,,
C,808,0.038448,0,0,0,,,,
C,809,0.037465,0,0,0,,,,
C,810,0.043329,0,0,0,,,,
C,811,0.037359,0,0,0,,,,
C,812,0.036403,0,0,0,,,,
C,813,0.036632,0,0,0,,,,
C,814,0.037266,0,0,0,,,,
C,815,0.037570,0,0,0,,,,
C,816,0.036916,0,0,0,,,,
C,817,0.037912,0,0,0,,,,
C,818,0.036005,0,0,0,,,,
C,819,0.043236,0,0,0,,,,
C,820,0.039006,0,0,0,,,,
C,821,0.038261,0,0,0,,,,
C,822,0.042393,0,0,0,,,,
C,823,0.037973,0,0,0,,,,
C,824,0.037516,0,0,0,,,,
C,825,0.038302,0,0,0,,,,
C,826,0.038915,0,0,0,,,,
C,827,0.039893,0,0,0,,,,
C,828,0.037969,0,0,0,,,,
C,829,0.036476,0,0,0,,,,
C,830,0.038141,0,0,0,,,,
C,831,0.036549,0,0,0,,,,
C,832,0.040935,0,0,0,,,,
C,833,0.039012,0,0,0,,,,
C,834,0.050245,0,0,0,,,,
C,835,0.039117,0,0,0,,,,
C,836,0.039527,0,0,0,,,,
C,837,0.039732,0,0,0,,,,
C,838,0.048851,0,0,0,,,,
C,839,0.038245,0,0,0,,,,
C,840,0.036816,0,0,0,,,,
C,841,0.042110,0,0,0,,,,
C,842,0.043572,0,0,0,,,,
C,843,0.040484,0,0,0,,,,
C,844,0.036940,0,0,0,,,,
C,845,0.037371,0,0,0,,,,
C,846,0.043106,0,0,0,,,,
C,847,0.038959,0,0,0,,,,
C,848,0.037354,0,0,0,,,,
C,849,0.050600,0,0,0,,,,
C,850,0.043618,0,0,0,,,,
C,851,0.038059,0,0,0,,,,
C,852,0.040891,0,0,0,,,,
C,853,0.040372,0,0,0,,,,
C,854,0.038410,0,0,0,,,,
C,855,0.045762,0,0,0,,,,
C,856,0.036575,0,0,0,,,,
C,857,0.036268,0,0,0,,,,
C,858,0.039617,0,0,0,,,,
C,859,0.037538,0,0,0,,,,
C,860,0.036290,0,0,0,,,,
C,861,0.036412,0,0,0,,,,
C,862,0.037156,0,0,0,,,,
C,863,0.036272,0,0,0,,,,
C,864,0.036317,0,0,0,,,,
C,865,0.036370,0,0,0,,,,
C,866,0.036078,0,0,0,,,,
C,867,0.037126,0,0,0,,,,
C,868,0.036617,0,0,0,,,,
C,869,0.038838,0,0,0,,,,
C,870,0.039004,0,0,0,,,,
C,871,0.038853,0,0,0,,,,
C,872,0.036940,0,0,0,,,,
C,873,0.036590,0,0,0,,,,
C,874,0.036640,0,0,0,,,,
C,875,0.035952,0,0,0,,,,
C,876,0.038255,0,0,0,,,,
C,877,0.039068,0,0,0,,,,
C,878,0.037111,0,0,0,,,,
C,879,0.037337,0,0,0,,,,
C,880,0.039125,0,0,0,,,,
C,881,0.036967,0,0,0,,,,
C,882,0.036842,0,0,0,,,,
C,883,0.036572,0,0,0,,,,
C,884,0.037247,0,0,0,,,,
C,885,0.039589,0,0,0,,,,
C,886,0.043212,0,0,0,,,,
C,887,0.044628,0,0,0,,,,
C,888,0.037775,0,0,0,,,,
C,889,0.037174,0,0,0,,,,
C,890,0.036214,0,0,0,,,,
C,891,0.036504,0,0,0,,,,
C,892,0.037192,0,0,0,,,,
C,893,0.037494,0,0,0,,,,
C,894,0.036597,0,0,0,,,,
C,895,0.037799,0,0,0,,,,
C,896,0.037670,0,0,0,,,,
C,897,0.037716,0,0,0,,,,
C,898,0.037126,0,0,0,,,,
C,899,0.038257,0,0,0,,,,
C,900,0.053360,0,0,0,,,,
C,901,0.041551,0,0,0,,,,
C,902,0.041592,0,0,0,,,,
C,903,0.042260,0,0,0,,,,
C,904,0.049451,0,0,0,,,,
C,905,0.039011,0,0,0,,,,
C,906,0.041151,0,0,0,,,,
C,907,0.042036,0,0,0,,,,
C,908,0.037259,0,0,0,,,,
C,909,0.036845,0,0,0,,,,
C,910,0.037739,0,0,0,,,,
C,911,0.036375,0,0,0,,,,
C,912,0.036918,0,0,0,,,,
C,913,0.038395,0,0,0,,,,
C,914,0.037547,0,0,0,,,,
C,915,0.037773,0,0,0,,,,
C,916,0.037138,0,0,0,,,,
C,917,0.039473,0,0,0,,,,
C,918,0.042291,0,0,0,,,,
C,919,0.038138,0,0,0,,,,
C,920,0.037412,0,0,0,,,,
C,921,0.037456,0,0,0,,,,
C,922,0.037130,0,0,0,,,,
C,923,0.038104,0,0,0,,,,
C,924,0.044122,0,0,0,,,,
C,925,0.038344,0,0,0,,,,
C,926,0.036625,0,0,0,,,,
C,927,0.036761,0,0,0,,,,
C,928,0.037361,0,0,0,,,,
C,929,0.037219,0,0,0,,,,
C,930,0.037207,0,0,0,,,,
C,931,0.038327,0,0,0,,,,
C,932,0.038684,0,0,0,,,,
C,933,0.036766,0,0,0,,,,
C,934,0.038378,0,0,0,,,,
C,935,0.038254,0,0,0,,,,
C,936,0.036447,0,0,0,,,,
C,937,0.036347,0,0,0,,,,
C,938,0.036170,0,0,0,,,,
C,939,0.036124,0,0,0,,,,
C,940,0.043107,0,0,0,,,,
C,941,0.038545,0,0,0,,,,
C,942,0.037992,0,0,0,,,,
C,943,0.040165,0,0,0,,,,
C,944,0.037698,0,0,0,,,,
C,945,0.036828,0,0,0,,,,
C,946,0.037594,0,0,0,,,,
C,947,0.038108,0,0,0,,,,
C,948,0.042375,0,0,0,,,,
C,949,0.037738,0,0,0,,,,
C,950,0.038124,0,0,0,,,,
C,951,0.038764,0,0,0,,,,
C,952,0.038368,0,0,0,,,,
C,953,0.038238,0,0,0,,,,
C,954,0.037003,0,0,0,,,,
C,955,0.037457,0,0,0,,,,
C,956,0.042268,0,0,0,,,,
C,957,0.040614,0,0,0,,,,
C,958,0.038173,0,0,0,,,,
C,959,0.039015,0,0,0,,,,
C,960,0.039418,0,0,0,,,,
C,961,0.038031,0,0,0,,,,
C,962,0.037265,0,0,0,,,,
C,963,0.041450,0,0,0,,,,
C,964,0.045229,0,0,0,,,,
C,965,0.039416,0,0,0,,,,
C,966,0.039036,0,0,0,,,,
C,967,0.039532,0,0,0,,,,
C,968,0.038216,0,0,0,,,,
C,969,0.037563,0,0,0,,,,
C,970,0.041558,0,0,0,,,,
C,971,0.054481,0,0,0,,,,
C,972,0.050933,0,0,0,,,,
C,973,0.046880,0,0,0,,,,
C,974,0.037189,0,0,0,,,,
C,975,0.037081,0,0,0,,,,
C,976,0.038501,0,0,0,,,,
C,977,0.037062,0,0,0,,,,
C,978,0.041759,0,0,0,,,,
C,979,0.037466,0,0,0,,,,
C,980,0.040329,0,0,0,,,,
C,981,0.038141,0,0,0,,,,
C,982,0.038509,0,0,0,,,,
C,983,0.039439,0,0,0,,,,
C,984,0.040319,0,0,0,,,,
C,985,0.040492,0,0,0,,,,
C,986,0.036463,0,0,0,,,,
C,987,0.036333,0,0,0,,,,
C,988,0.036410,0,0,0,,,,
C,989,0.036347,0,0,0,,,,
C,990,0.035926,0,0,0,,,,
C,991,0.037502,0,0,0,,,,
C,992,0.036383,0,0,0,,,,
C,993,0.036221,0,0,0,,,,
C,994,0.035909,0,0,0,,,,
C,995,0.036405,0,0,0,,,,
C,996,0.036789,0,0,0,,,,
C,997,0.036893,0,0,0,,,,
C,998,0.037202,0,0,0,,,,
C,999,0.037394,0,0,0,,,,
C,1000,0.042102,0,0,0,206.0,6.056e-12,"{'checked': 26, 'zsx_rejected': 6, 'default_rejected': 0, 'closed_form_forced': 0, 'inexact': 9, 'exact_rebuilt': 0, 'best_effort': 0, 'best_effort_worst': 0.0, 'psf_rerouted': 0, 'psf_rerouted_worst_residual': 0.0}",60
C,1001,0.037830,0,0,0,,,,
C,1002,0.039464,0,0,0,,,,
C,1003,0.036088,0,0,0,,,,
C,1004,0.037691,0,0,0,,,,
C,1005,0.036188,0,0,0,,,,
C,1006,0.036942,0,0,0,,,,
C,1007,0.047356,0,0,0,,,,
C,1008,0.038794,0,0,0,,,,
C,1009,0.037475,0,0,0,,,,
C,1010,0.043273,0,0,0,,,,
C,1011,0.040326,0,0,0,,,,
C,1012,0.042431,0,0,0,,,,
C,1013,0.037817,0,0,0,,,,
C,1014,0.037819,0,0,0,,,,
C,1015,0.037124,0,0,0,,,,
C,1016,0.036666,0,0,0,,,,
C,1017,0.038176,0,0,0,,,,
C,1018,0.041118,0,0,0,,,,
C,1019,0.039241,0,0,0,,,,
C,1020,0.039155,0,0,0,,,,
C,1021,0.039769,0,0,0,,,,
C,1022,0.039828,0,0,0,,,,
C,1023,0.047189,0,0,0,,,,
C,1024,0.037116,0,0,0,,,,
C,1025,0.038942,0,0,0,,,,
C,1026,0.036772,0,0,0,,,,
C,1027,0.038598,0,0,0,,,,
C,1028,0.037225,0,0,0,,,,
C,1029,0.039878,0,0,0,,,,
C,1030,0.036585,0,0,0,,,,
C,1031,0.037984,0,0,0,,,,
C,1032,0.037896,0,0,0,,,,
C,1033,0.039871,0,0,0,,,,
C,1034,0.036809,0,0,0,,,,
C,1035,0.036819,0,0,0,,,,
C,1036,0.038044,0,0,0,,,,
C,1037,0.037418,0,0,0,,,,
C,1038,0.051552,0,0,0,,,,
C,1039,0.038271,0,0,0,,,,
C,1040,0.042336,0,0,0,,,,
C,1041,0.035924,0,0,0,,,,
C,1042,0.036413,0,0,0,,,,
C,1043,0.039424,0,0,0,,,,
C,1044,0.039824,0,0,0,,,,
C,1045,0.040608,0,0,0,,,,
C,1046,0.039400,0,0,0,,,,
C,1047,0.040460,0,0,0,,,,
C,1048,0.040979,0,0,0,,,,
C,1049,0.038604,0,0,0,,,,
C,1050,0.049286,0,0,0,,,,
C,1051,0.073143,0,0,0,,,,
C,1052,0.046310,0,0,0,,,,
C,1053,0.048035,0,0,0,,,,
C,1054,0.038658,0,0,0,,,,
C,1055,0.040993,0,0,0,,,,
C,1056,0.037575,0,0,0,,,,
C,1057,0.041444,0,0,0,,,,
C,1058,0.053115,0,0,0,,,,
C,1059,0.038181,0,0,0,,,,
C,1060,0.044027,0,0,0,,,,
C,1061,0.047894,0,0,0,,,,
C,1062,0.040103,0,0,0,,,,
C,1063,0.038186,0,0,0,,,,
C,1064,0.041884,0,0,0,,,,
C,1065,0.039479,0,0,0,,,,
C,1066,0.038381,0,0,0,,,,
C,1067,0.053133,0,0,0,,,,
C,1068,0.053391,0,0,0,,,,
C,1069,0.042665,0,0,0,,,,
C,1070,0.047972,0,0,0,,,,
C,1071,0.044081,0,0,0,,,,
C,1072,0.037754,0,0,0,,,,
C,1073,0.037656,0,0,0,,,,
C,1074,0.037986,0,0,0,,,,
C,1075,0.045892,0,0,0,,,,
C,1076,0.041893,0,0,0,,,,
C,1077,0.036259,0,0,0,,,,
C,1078,0.047737,0,0,0,,,,
C,1079,0.042217,0,0,0,,,,
C,1080,0.037749,0,0,0,,,,
C,1081,0.037702,0,0,0,,,,
C,1082,0.036256,0,0,0,,,,
C,1083,0.037752,0,0,0,,,,
C,1084,0.039972,0,0,0,,,,
C,1085,0.038048,0,0,0,,,,
C,1086,0.042163,0,0,0,,,,
C,1087,0.041759,0,0,0,,,,
C,1088,0.037736,0,0,0,,,,
C,1089,0.038165,0,0,0,,,,
C,1090,0.039225,0,0,0,,,,
C,1091,0.037947,0,0,0,,,,
C,1092,0.055884,0,0,0,,,,
C,1093,0.043085,0,0,0,,,,
C,1094,0.115869,0,0,0,,,,
C,1095,0.036896,0,0,0,,,,
C,1096,0.037953,0,0,0,,,,
C,1097,0.051024,0,0,0,,,,
C,1098,0.036990,0,0,0,,,,
C,1099,0.043324,0,0,0,,,,
C,1100,0.038257,0,0,0,,,,
C,1101,0.037930,0,0,0,,,,
C,1102,0.037491,0,0,0,,,,
C,1103,0.037405,0,0,0,,,,
C,1104,0.037495,0,0,0,,,,
C,1105,0.037929,0,0,0,,,,
C,1106,0.038340,0,0,0,,,,
C,1107,0.037844,0,0,0,,,,
C,1108,0.038616,0,0,0,,,,
C,1109,0.037311,0,0,0,,,,
C,1110,0.037483,0,0,0,,,,
C,1111,0.036340,0,0,0,,,,
C,1112,0.038146,0,0,0,,,,
C,1113,0.037410,0,0,0,,,,
C,1114,0.036525,0,0,0,,,,
C,1115,0.036866,0,0,0,,,,
C,1116,0.035974,0,0,0,,,,
C,1117,0.041734,0,0,0,,,,
C,1118,0.037552,0,0,0,,,,
C,1119,0.042699,0,0,0,,,,
C,1120,0.039659,0,0,0,,,,
C,1121,0.036064,0,0,0,,,,
C,1122,0.036205,0,0,0,,,,
C,1123,0.035784,0,0,0,,,,
C,1124,0.038221,0,0,0,,,,
C,1125,0.036702,0,0,0,,,,
C,1126,0.039041,0,0,0,,,,
C,1127,0.038551,0,0,0,,,,
C,1128,0.038377,0,0,0,,,,
C,1129,0.037172,0,0,0,,,,
C,1130,0.035721,0,0,0,,,,
C,1131,0.037045,0,0,0,,,,
C,1132,0.038025,0,0,0,,,,
C,1133,0.037642,0,0,0,,,,
C,1134,0.036642,0,0,0,,,,
C,1135,0.038132,0,0,0,,,,
C,1136,0.037680,0,0,0,,,,
C,1137,0.037584,0,0,0,,,,
C,1138,0.043242,0,0,0,,,,
C,1139,0.037033,0,0,0,,,,
C,1140,0.038433,0,0,0,,,,
C,1141,0.064429,0,0,0,,,,
C,1142,0.114124,0,0,0,,,,
C,1143,0.052627,0,0,0,,,,
C,1144,0.037539,0,0,0,,,,
C,1145,0.035669,0,0,0,,,,
C,1146,0.035679,0,0,0,,,,
C,1147,0.036013,0,0,0,,,,
C,1148,0.034686,0,0,0,,,,
C,1149,0.034683,0,0,0,,,,
C,1150,0.035497,0,0,0,,,,
C,1151,0.035793,0,0,0,,,,
C,1152,0.034610,0,0,0,,,,
C,1153,0.035919,0,0,0,,,,
C,1154,0.036028,0,0,0,,,,
C,1155,0.040381,0,0,0,,,,
C,1156,0.036081,0,0,0,,,,
C,1157,0.034701,0,0,0,,,,
C,1158,0.040846,0,0,0,,,,
C,1159,0.036055,0,0,0,,,,
C,1160,0.037290,0,0,0,,,,
C,1161,0.034648,0,0,0,,,,
C,1162,0.035021,0,0,0,,,,
C,1163,0.035522,0,0,0,,,,
C,1164,0.041435,0,0,0,,,,
C,1165,0.041554,0,0,0,,,,
C,1166,0.036830,0,0,0,,,,
C,1167,0.037159,0,0,0,,,,
C,1168,0.039113,0,0,0,,,,
C,1169,0.061778,0,0,0,,,,
C,1170,0.050536,0,0,0,,,,
C,1171,0.037746,0,0,0,,,,
C,1172,0.039278,0,0,0,,,,
C,1173,0.037990,0,0,0,,,,
C,1174,0.039127,0,0,0,,,,
C,1175,0.035527,0,0,0,,,,
C,1176,0.037145,0,0,0,,,,
C,1177,0.038044,0,0,0,,,,
C,1178,0.039213,0,0,0,,,,
C,1179,0.036656,0,0,0,,,,
C,1180,0.036135,0,0,0,,,,
C,1181,0.039135,0,0,0,,,,
C,1182,0.035946,0,0,0,,,,
C,1183,0.037003,0,0,0,,,,
C,1184,0.035352,0,0,0,,,,
C,1185,0.036661,0,0,0,,,,
C,1186,0.035850,0,0,0,,,,
C,1187,0.037579,0,0,0,,,,
C,1188,0.039458,0,0,0,,,,
C,1189,0.034842,0,0,0,,,,
C,1190,0.043587,0,0,0,,,,
C,1191,0.036227,0,0,0,,,,
C,1192,0.034864,0,0,0,,,,
C,1193,0.034933,0,0,0,,,,
C,1194,0.035185,0,0,0,,,,
C,1195,0.034385,0,0,0,,,,
C,1196,0.034643,0,0,0,,,,
C,1197,0.034867,0,0,0,,,,
C,1198,0.034589,0,0,0,,,,
C,1199,0.036120,0,0,0,,,,
C,1200,0.034880,0,0,0,,,,
C,1201,0.035773,0,0,0,,,,
C,1202,0.035473,0,0,0,,,,
C,1203,0.036034,0,0,0,,,,
C,1204,0.036323,0,0,0,,,,
C,1205,0.035754,0,0,0,,,,
C,1206,0.035161,0,0,0,,,,
C,1207,0.036831,0,0,0,,,,
C,1208,0.035346,0,0,0,,,,
C,1209,0.035598,0,0,0,,,,
C,1210,0.036335,0,0,0,,,,
C,1211,0.036320,0,0,0,,,,
C,1212,0.035704,0,0,0,,,,
C,1213,0.035750,0,0,0,,,,
C,1214,0.036198,0,0,0,,,,
C,1215,0.035780,0,0,0,,,,
C,1216,0.037283,0,0,0,,,,
C,1217,0.037120,0,0,0,,,,
C,1218,0.036219,0,0,0,,,,
C,1219,0.037045,0,0,0,,,,
C,1220,0.036924,0,0,0,,,,
C,1221,0.038139,0,0,0,,,,
C,1222,0.036469,0,0,0,,,,
C,1223,0.036454,0,0,0,,,,
C,1224,0.036681,0,0,0,,,,
C,1225,0.035855,0,0,0,,,,
C,1226,0.035725,0,0,0,,,,
C,1227,0.035271,0,0,0,,,,
C,1228,0.035063,0,0,0,,,,
C,1229,0.042128,0,0,0,,,,
C,1230,0.035965,0,0,0,,,,
C,1231,0.044931,0,0,0,,,,
C,1232,0.035583,0,0,0,,,,
C,1233,0.036067,0,0,0,,,,
C,1234,0.035916,0,0,0,,,,
C,1235,0.035956,0,0,0,,,,
C,1236,0.035191,0,0,0,,,,
C,1237,0.036117,0,0,0,,,,
C,1238,0.035979,0,0,0,,,,
C,1239,0.037013,0,0,0,,,,
C,1240,0.035678,0,0,0,,,,
C,1241,0.036040,0,0,0,,,,
C,1242,0.036378,0,0,0,,,,
C,1243,0.035967,0,0,0,,,,
C,1244,0.035724,0,0,0,,,,
C,1245,0.036119,0,0,0,,,,
C,1246,0.035816,0,0,0,,,,
C,1247,0.035984,0,0,0,,,,
C,1248,0.036730,0,0,0,,,,
C,1249,0.036077,0,0,0,,,,
C,1250,0.035448,0,0,0,,,,
C,1251,0.035451,0,0,0,,,,
C,1252,0.036852,0,0,0,,,,
C,1253,0.036437,0,0,0,,,,
C,1254,0.036085,0,0,0,,,,
C,1255,0.035576,0,0,0,,,,
C,1256,0.036517,0,0,0,,,,
C,1257,0.035583,0,0,0,,,,
C,1258,0.036515,0,0,0,,,,
C,1259,0.035342,0,0,0,,,,
C,1260,0.035694,0,0,0,,,,
C,1261,0.036324,0,0,0,,,,
C,1262,0.053538,0,0,0,,,,
C,1263,0.048978,0,0,0,,,,
C,1264,0.039571,0,0,0,,,,
C,1265,0.047010,0,0,0,,,,
C,1266,0.038040,0,0,0,,,,
C,1267,0.039523,0,0,0,,,,
C,1268,0.040692,0,0,0,,,,
C,1269,0.036859,0,0,0,,,,
C,1270,0.038951,0,0,0,,,,
C,1271,0.037126,0,0,0,,,,
C,1272,0.036563,0,0,0,,,,
C,1273,0.037958,0,0,0,,,,
C,1274,0.041569,0,0,0,,,,
C,1275,0.035869,0,0,0,,,,
C,1276,0.039583,0,0,0,,,,
C,1277,0.035068,0,0,0,,,,
C,1278,0.036448,0,0,0,,,,
C,1279,0.047757,0,0,0,,,,
C,1280,0.041336,0,0,0,,,,
C,1281,0.045052,0,0,0,,,,
C,1282,0.036231,0,0,0,,,,
C,1283,0.035776,0,0,0,,,,
C,1284,0.055385,0,0,0,,,,
C,1285,0.053209,0,0,0,,,,
C,1286,0.035906,0,0,0,,,,
C,1287,0.040809,0,0,0,,,,
C,1288,0.036788,0,0,0,,,,
C,1289,0.039489,0,0,0,,,,
C,1290,0.041874,0,0,0,,,,
C,1291,0.036317,0,0,0,,,,
C,1292,0.036026,0,0,0,,,,
C,1293,0.037925,0,0,0,,,,
C,1294,0.037381,0,0,0,,,,
C,1295,0.036782,0,0,0,,,,
C,1296,0.036645,0,0,0,,,,
C,1297,0.036837,0,0,0,,,,
C,1298,0.040653,0,0,0,,,,
C,1299,0.037882,0,0,0,,,,
C,1300,0.037315,0,0,0,,,,
C,1301,0.038870,0,0,0,,,,
C,1302,0.040210,0,0,0,,,,
C,1303,0.038535,0,0,0,,,,
C,1304,0.043748,0,0,0,,,,
C,1305,0.041451,0,0,0,,,,
C,1306,0.038364,0,0,0,,,,
C,1307,0.037024,0,0,0,,,,
C,1308,0.038263,0,0,0,,,,
C,1309,0.036448,0,0,0,,,,
C,1310,0.041238,0,0,0,,,,
C,1311,0.038589,0,0,0,,,,
C,1312,0.036455,0,0,0,,,,
C,1313,0.036487,0,0,0,,,,
C,1314,0.037850,0,0,0,,,,
C,1315,0.037199,0,0,0,,,,
C,1316,0.037079,0,0,0,,,,
C,1317,0.037105,0,0,0,,,,
C,1318,0.037586,0,0,0,,,,
C,1319,0.037288,0,0,0,,,,
C,1320,0.037027,0,0,0,,,,
C,1321,0.035999,0,0,0,,,,
C,1322,0.037170,0,0,0,,,,
C,1323,0.037318,0,0,0,,,,
C,1324,0.045796,0,0,0,,,,
C,1325,0.038389,0,0,0,,,,
C,1326,0.041268,0,0,0,,,,
C,1327,0.040857,0,0,0,,,,
C,1328,0.038724,0,0,0,,,,
C,1329,0.039124,0,0,0,,,,
C,1330,0.039135,0,0,0,,,,
C,1331,0.036544,0,0,0,,,,
C,1332,0.037775,0,0,0,,,,
C,1333,0.037313,0,0,0,,,,
C,1334,0.036711,0,0,0,,,,
C,1335,0.038526,0,0,0,,,,
C,1336,0.037673,0,0,0,,,,
C,1337,0.036510,0,0,0,,,,
C,1338,0.036685,0,0,0,,,,
C,1339,0.036736,0,0,0,,,,
C,1340,0.040499,0,0,0,,,,
C,1341,0.035471,0,0,0,,,,
C,1342,0.036483,0,0,0,,,,
C,1343,0.035712,0,0,0,,,,
C,1344,0.036367,0,0,0,,,,
C,1345,0.035768,0,0,0,,,,
C,1346,0.035757,0,0,0,,,,
C,1347,0.036173,0,0,0,,,,
C,1348,0.041565,0,0,0,,,,
C,1349,0.036847,0,0,0,,,,
C,1350,0.036393,0,0,0,,,,
C,1351,0.035593,0,0,0,,,,
C,1352,0.035875,0,0,0,,,,
C,1353,0.035309,0,0,0,,,,
C,1354,0.035039,0,0,0,,,,
C,1355,0.035900,0,0,0,,,,
C,1356,0.036005,0,0,0,,,,
C,1357,0.036074,0,0,0,,,,
C,1358,0.037220,0,0,0,,,,
C,1359,0.036657,0,0,0,,,,
C,1360,0.036721,0,0,0,,,,
C,1361,0.036342,0,0,0,,,,
C,1362,0.038655,0,0,0,,,,
C,1363,0.040704,0,0,0,,,,
C,1364,0.037505,0,0,0,,,,
C,1365,0.037373,0,0,0,,,,
C,1366,0.036182,0,0,0,,,,
C,1367,0.036346,0,0,0,,,,
C,1368,0.036318,0,0,0,,,,
C,1369,0.036752,0,0,0,,,,
C,1370,0.036527,0,0,0,,,,
C,1371,0.037283,0,0,0,,,,
C,1372,0.036286,0,0,0,,,,
C,1373,0.037557,0,0,0,,,,
C,1374,0.037546,0,0,0,,,,
C,1375,0.037858,0,0,0,,,,
C,1376,0.039587,0,0,0,,,,
C,1377,0.037932,0,0,0,,,,
C,1378,0.035890,0,0,0,,,,
C,1379,0.037538,0,0,0,,,,
C,1380,0.036172,0,0,0,,,,
C,1381,0.035667,0,0,0,,,,
C,1382,0.036358,0,0,0,,,,
C,1383,0.037688,0,0,0,,,,
C,1384,0.036438,0,0,0,,,,
C,1385,0.037288,0,0,0,,,,
C,1386,0.036994,0,0,0,,,,
C,1387,0.036321,0,0,0,,,,
C,1388,0.036326,0,0,0,,,,
C,1389,0.036359,0,0,0,,,,
C,1390,0.036482,0,0,0,,,,
C,1391,0.036010,0,0,0,,,,
C,1392,0.041358,0,0,0,,,,
C,1393,0.038882,0,0,0,,,,
C,1394,0.037539,0,0,0,,,,
C,1395,0.038391,0,0,0,,,,
C,1396,0.038675,0,0,0,,,,
C,1397,0.037253,0,0,0,,,,
C,1398,0.036728,0,0,0,,,,
C,1399,0.041116,0,0,0,,,,
C,1400,0.036705,0,0,0,,,,
C,1401,0.037002,0,0,0,,,,
C,1402,0.037454,0,0,0,,,,
C,1403,0.043080,0,0,0,,,,
C,1404,0.036357,0,0,0,,,,
C,1405,0.037466,0,0,0,,,,
C,1406,0.035543,0,0,0,,,,
C,1407,0.036756,0,0,0,,,,
C,1408,0.036364,0,0,0,,,,
C,1409,0.037072,0,0,0,,,,
C,1410,0.037880,0,0,0,,,,
C,1411,0.036793,0,0,0,,,,
C,1412,0.036522,0,0,0,,,,
C,1413,0.039784,0,0,0,,,,
C,1414,0.047285,0,0,0,,,,
C,1415,0.035712,0,0,0,,,,
C,1416,0.036128,0,0,0,,,,
C,1417,0.037087,0,0,0,,,,
C,1418,0.035839,0,0,0,,,,
C,1419,0.043274,0,0,0,,,,
C,1420,0.036634,0,0,0,,,,
C,1421,0.037130,0,0,0,,,,
C,1422,0.036534,0,0,0,,,,
C,1423,0.036728,0,0,0,,,,
C,1424,0.037245,0,0,0,,,,
C,1425,0.041159,0,0,0,,,,
C,1426,0.043475,0,0,0,,,,
C,1427,0.036081,0,0,0,,,,
C,1428,0.037055,0,0,0,,,,
C,1429,0.035832,0,0,0,,,,
C,1430,0.035773,0,0,0,,,,
C,1431,0.035527,0,0,0,,,,
C,1432,0.038504,0,0,0,,,,
C,1433,0.038563,0,0,0,,,,
C,1434,0.039729,0,0,0,,,,
C,1435,0.039868,0,0,0,,,,
C,1436,0.036446,0,0,0,,,,
C,1437,0.036931,0,0,0,,,,
C,1438,0.037529,0,0,0,,,,
C,1439,0.038903,0,0,0,,,,
C,1440,0.037062,0,0,0,,,,
C,1441,0.037240,0,0,0,,,,
C,1442,0.045759,0,0,0,,,,
C,1443,0.036768,0,0,0,,,,
C,1444,0.040791,0,0,0,,,,
C,1445,0.037692,0,0,0,,,,
C,1446,0.036269,0,0,0,,,,
C,1447,0.037996,0,0,0,,,,
C,1448,0.038401,0,0,0,,,,
C,1449,0.037959,0,0,0,,,,
C,1450,0.036812,0,0,0,,,,
C,1451,0.042205,0,0,0,,,,
C,1452,0.036380,0,0,0,,,,
C,1453,0.036539,0,0,0,,,,
C,1454,0.035627,0,0,0,,,,
C,1455,0.036345,0,0,0,,,,
C,1456,0.035724,0,0,0,,,,
C,1457,0.035454,0,0,0,,,,
C,1458,0.035193,0,0,0,,,,
C,1459,0.035754,0,0,0,,,,
C,1460,0.035905,0,0,0,,,,
C,1461,0.035915,0,0,0,,,,
C,1462,0.036418,0,0,0,,,,
C,1463,0.036376,0,0,0,,,,
C,1464,0.037724,0,0,0,,,,
C,1465,0.036258,0,0,0,,,,
C,1466,0.037919,0,0,0,,,,
C,1467,0.039063,0,0,0,,,,
C,1468,0.038268,0,0,0,,,,
C,1469,0.037174,0,0,0,,,,
C,1470,0.036254,0,0,0,,,,
C,1471,0.035009,0,0,0,,,,
C,1472,0.035269,0,0,0,,,,
C,1473,0.035298,0,0,0,,,,
C,1474,0.035650,0,0,0,,,,
C,1475,0.034713,0,0,0,,,,
C,1476,0.035181,0,0,0,,,,
C,1477,0.034809,0,0,0,,,,
C,1478,0.034853,0,0,0,,,,
C,1479,0.035149,0,0,0,,,,
C,1480,0.035028,0,0,0,,,,
C,1481,0.034780,0,0,0,,,,
C,1482,0.036148,0,0,0,,,,
C,1483,0.035417,0,0,0,,,,
C,1484,0.038121,0,0,0,,,,
C,1485,0.035676,0,0,0,,,,
C,1486,0.035579,0,0,0,,,,
C,1487,0.035793,0,0,0,,,,
C,1488,0.035240,0,0,0,,,,
C,1489,0.035081,0,0,0,,,,
C,1490,0.035691,0,0,0,,,,
C,1491,0.035220,0,0,0,,,,
C,1492,0.035829,0,0,0,,,,
C,1493,0.035831,0,0,0,,,,
C,1494,0.036133,0,0,0,,,,
C,1495,0.036096,0,0,0,,,,
C,1496,0.036922,0,0,0,,,,
C,1497,0.036220,0,0,0,,,,
C,1498,0.035287,0,0,0,,,,
C,1499,0.035502,0,0,0,,,,
C,1500,0.037077,0,0,0,,,,
C,1501,0.039938,0,0,0,,,,
C,1502,0.036042,0,0,0,,,,
C,1503,0.036070,0,0,0,,,,
C,1504,0.036286,0,0,0,,,,
C,1505,0.036424,0,0,0,,,,
C,1506,0.036700,0,0,0,,,,
C,1507,0.036169,0,0,0,,,,
C,1508,0.036310,0,0,0,,,,
C,1509,0.036266,0,0,0,,,,
C,1510,0.035838,0,0,0,,,,
C,1511,0.035772,0,0,0,,,,
C,1512,0.035447,0,0,0,,,,
C,1513,0.035588,0,0,0,,,,
C,1514,0.035998,0,0,0,,,,
C,1515,0.035010,0,0,0,,,,
C,1516,0.035387,0,0,0,,,,
C,1517,0.035566,0,0,0,,,,
C,1518,0.036236,0,0,0,,,,
C,1519,0.035420,0,0,0,,,,
C,1520,0.034979,0,0,0,,,,
C,1521,0.035048,0,0,0,,,,
C,1522,0.035834,0,0,0,,,,
C,1523,0.037706,0,0,0,,,,
C,1524,0.038747,0,0,0,,,,
C,1525,0.043090,0,0,0,,,,
C,1526,0.042542,0,0,0,,,,
C,1527,0.037834,0,0,0,,,,
C,1528,0.037976,0,0,0,,,,
C,1529,0.040140,0,0,0,,,,
C,1530,0.035587,0,0,0,,,,
C,1531,0.036466,0,0,0,,,,
C,1532,0.036499,0,0,0,,,,
C,1533,0.035940,0,0,0,,,,
C,1534,0.035945,0,0,0,,,,
C,1535,0.041272,0,0,0,,,,
C,1536,0.040627,0,0,0,,,,
C,1537,0.039324,0,0,0,,,,
C,1538,0.043167,0,0,0,,,,
C,1539,0.041322,0,0,0,,,,
C,1540,0.041344,0,0,0,,,,
C,1541,0.037485,0,0,0,,,,
C,1542,0.048343,0,0,0,,,,
C,1543,0.040119,0,0,0,,,,
C,1544,0.037828,0,0,0,,,,
C,1545,0.037554,0,0,0,,,,
C,1546,0.036192,0,0,0,,,,
C,1547,0.037935,0,0,0,,,,
C,1548,0.036902,0,0,0,,,,
C,1549,0.037998,0,0,0,,,,
C,1550,0.037207,0,0,0,,,,
C,1551,0.047350,0,0,0,,,,
C,1552,0.056548,0,0,0,,,,
C,1553,0.039475,0,0,0,,,,
C,1554,0.038301,0,0,0,,,,
C,1555,0.036978,0,0,0,,,,
C,1556,0.038057,0,0,0,,,,
C,1557,0.036346,0,0,0,,,,
C,1558,0.042724,0,0,0,,,,
C,1559,0.040264,0,0,0,,,,
C,1560,0.039108,0,0,0,,,,
C,1561,0.037126,0,0,0,,,,
C,1562,0.041303,0,0,0,,,,
C,1563,0.047263,0,0,0,,,,
C,1564,0.036695,0,0,0,,,,
C,1565,0.036590,0,0,0,,,,
C,1566,0.035625,0,0,0,,,,
C,1567,0.037935,0,0,0,,,,
C,1568,0.040328,0,0,0,,,,
C,1569,0.039356,0,0,0,,,,
C,1570,0.038843,0,0,0,,,,
C,1571,0.037321,0,0,0,,,,
C,1572,0.038279,0,0,0,,,,
C,1573,0.038508,0,0,0,,,,
C,1574,0.037320,0,0,0,,,,
C,1575,0.036701,0,0,0,,,,
C,1576,0.040320,0,0,0,,,,
C,1577,0.042243,0,0,0,,,,
C,1578,0.041317,0,0,0,,,,
C,1579,0.037460,0,0,0,,,,
C,1580,0.036841,0,0,0,,,,
C,1581,0.039617,0,0,0,,,,
C,1582,0.049554,0,0,0,,,,
C,1583,0.047533,0,0,0,,,,
C,1584,0.043855,0,0,0,,,,
C,1585,0.042771,0,0,0,,,,
C,1586,0.042322,0,0,0,,,,
C,1587,0.038033,0,0,0,,,,
C,1588,0.038902,0,0,0,,,,
C,1589,0.036502,0,0,0,,,,
C,1590,0.036525,0,0,0,,,,
C,1591,0.039737,0,0,0,,,,
C,1592,0.036720,0,0,0,,,,
C,1593,0.036620,0,0,0,,,,
C,1594,0.035593,0,0,0,,,,
C,1595,0.035840,0,0,0,,,,
C,1596,0.037136,0,0,0,,,,
C,1597,0.036895,0,0,0,,,,
C,1598,0.035890,0,0,0,,,,
C,1599,0.035861,0,0,0,,,,
C,1600,0.036289,0,0,0,,,,
C,1601,0.035983,0,0,0,,,,
C,1602,0.035993,0,0,0,,,,
C,1603,0.035744,0,0,0,,,,
C,1604,0.035416,0,0,0,,,,
C,1605,0.040049,0,0,0,,,,
C,1606,0.038499,0,0,0,,,,
C,1607,0.037213,0,0,0,,,,
C,1608,0.036655,0,0,0,,,,
C,1609,0.037238,0,0,0,,,,
C,1610,0.037504,0,0,0,,,,
C,1611,0.037899,0,0,0,,,,
C,1612,0.036941,0,0,0,,,,
C,1613,0.037744,0,0,0,,,,
C,1614,0.037786,0,0,0,,,,
C,1615,0.038019,0,0,0,,,,
C,1616,0.036455,0,0,0,,,,
C,1617,0.040378,0,0,0,,,,
C,1618,0.036787,0,0,0,,,,
C,1619,0.037911,0,0,0,,,,
C,1620,0.036231,0,0,0,,,,
C,1621,0.036592,0,0,0,,,,
C,1622,0.036463,0,0,0,,,,
C,1623,0.035866,0,0,0,,,,
C,1624,0.035468,0,0,0,,,,
C,1625,0.037166,0,0,0,,,,
C,1626,0.035331,0,0,0,,,,
C,1627,0.035205,0,0,0,,,,
C,1628,0.035874,0,0,0,,,,
C,1629,0.037044,0,0,0,,,,
C,1630,0.035343,0,0,0,,,,
C,1631,0.037209,0,0,0,,,,
C,1632,0.036863,0,0,0,,,,
C,1633,0.036608,0,0,0,,,,
C,1634,0.036266,0,0,0,,,,
C,1635,0.037209,0,0,0,,,,
C,1636,0.036685,0,0,0,,,,
C,1637,0.037612,0,0,0,,,,
C,1638,0.038201,0,0,0,,,,
C,1639,0.037425,0,0,0,,,,
C,1640,0.037373,0,0,0,,,,
C,1641,0.041999,0,0,0,,,,
C,1642,0.036353,0,0,0,,,,
C,1643,0.037567,0,0,0,,,,
C,1644,0.035964,0,0,0,,,,
C,1645,0.036666,0,0,0,,,,
C,1646,0.035710,0,0,0,,,,
C,1647,0.037798,0,0,0,,,,
C,1648,0.036437,0,0,0,,,,
C,1649,0.035799,0,0,0,,,,
C,1650,0.035738,0,0,0,,,,
C,1651,0.036812,0,0,0,,,,
C,1652,0.037172,0,0,0,,,,
C,1653,0.036495,0,0,0,,,,
C,1654,0.038079,0,0,0,,,,
C,1655,0.035502,0,0,0,,,,
C,1656,0.035795,0,0,0,,,,
C,1657,0.036677,0,0,0,,,,
C,1658,0.036420,0,0,0,,,,
C,1659,0.037139,0,0,0,,,,
C,1660,0.037197,0,0,0,,,,
C,1661,0.036474,0,0,0,,,,
C,1662,0.035842,0,0,0,,,,
C,1663,0.035329,0,0,0,,,,
C,1664,0.036161,0,0,0,,,,
C,1665,0.037474,0,0,0,,,,
C,1666,0.037486,0,0,0,,,,
C,1667,0.036019,0,0,0,,,,
C,1668,0.037504,0,0,0,,,,
C,1669,0.037919,0,0,0,,,,
C,1670,0.035426,0,0,0,,,,
C,1671,0.034798,0,0,0,,,,
C,1672,0.034861,0,0,0,,,,
C,1673,0.035822,0,0,0,,,,
C,1674,0.036981,0,0,0,,,,
C,1675,0.039754,0,0,0,,,,
C,1676,0.035392,0,0,0,,,,
C,1677,0.035399,0,0,0,,,,
C,1678,0.035716,0,0,0,,,,
C,1679,0.036242,0,0,0,,,,
C,1680,0.036428,0,0,0,,,,
C,1681,0.036250,0,0,0,,,,
C,1682,0.039258,0,0,0,,,,
C,1683,0.038467,0,0,0,,,,
C,1684,0.041273,0,0,0,,,,
C,1685,0.039234,0,0,0,,,,
C,1686,0.039831,0,0,0,,,,
C,1687,0.038022,0,0,0,,,,
C,1688,0.037869,0,0,0,,,,
C,1689,0.041230,0,0,0,,,,
C,1690,0.039294,0,0,0,,,,
C,1691,0.042699,0,0,0,,,,
C,1692,0.036526,0,0,0,,,,
C,1693,0.035238,0,0,0,,,,
C,1694,0.034908,0,0,0,,,,
C,1695,0.035493,0,0,0,,,,
C,1696,0.035406,0,0,0,,,,
C,1697,0.040955,0,0,0,,,,
C,1698,0.036270,0,0,0,,,,
C,1699,0.035767,0,0,0,,,,
C,1700,0.035398,0,0,0,,,,
C,1701,0.034742,0,0,0,,,,
C,1702,0.035014,0,0,0,,,,
C,1703,0.035544,0,0,0,,,,
C,1704,0.035135,0,0,0,,,,
C,1705,0.035163,0,0,0,,,,
C,1706,0.036872,0,0,0,,,,
C,1707,0.038858,0,0,0,,,,
C,1708,0.036755,0,0,0,,,,
C,1709,0.036641,0,0,0,,,,
C,1710,0.036083,0,0,0,,,,
C,1711,0.036813,0,0,0,,,,
C,1712,0.038622,0,0,0,,,,
C,1713,0.044976,0,0,0,,,,
C,1714,0.043421,0,0,0,,,,
C,1715,0.043603,0,0,0,,,,
C,1716,0.042755,0,0,0,,,,
C,1717,0.036827,0,0,0,,,,
C,1718,0.038315,0,0,0,,,,
C,1719,0.036435,0,0,0,,,,
C,1720,0.040365,0,0,0,,,,
C,1721,0.035529,0,0,0,,,,
C,1722,0.038648,0,0,0,,,,
C,1723,0.036437,0,0,0,,,,
C,1724,0.035871,0,0,0,,,,
C,1725,0.036294,0,0,0,,,,
C,1726,0.036111,0,0,0,,,,
C,1727,0.035612,0,0,0,,,,
C,1728,0.035252,0,0,0,,,,
C,1729,0.036952,0,0,0,,,,
C,1730,0.036086,0,0,0,,,,
C,1731,0.037732,0,0,0,,,,
C,1732,0.036712,0,0,0,,,,
C,1733,0.035109,0,0,0,,,,
C,1734,0.034791,0,0,0,,,,
C,1735,0.036296,0,0,0,,,,
C,1736,0.035553,0,0,0,,,,
C,1737,0.035411,0,0,0,,,,
C,1738,0.035666,0,0,0,,,,
C,1739,0.037349,0,0,0,,,,
C,1740,0.035951,0,0,0,,,,
C,1741,0.035821,0,0,0,,,,
C,1742,0.038165,0,0,0,,,,
C,1743,0.035427,0,0,0,,,,
C,1744,0.035723,0,0,0,,,,
C,1745,0.035220,0,0,0,,,,
C,1746,0.035882,0,0,0,,,,
C,1747,0.038584,0,0,0,,,,
C,1748,0.035407,0,0,0,,,,
C,1749,0.035461,0,0,0,,,,
C,1750,0.035229,0,0,0,,,,
C,1751,0.036036,0,0,0,,,,
C,1752,0.035808,0,0,0,,,,
C,1753,0.035283,0,0,0,,,,
C,1754,0.035572,0,0,0,,,,
C,1755,0.035741,0,0,0,,,,
C,1756,0.036022,0,0,0,,,,
C,1757,0.036206,0,0,0,,,,
C,1758,0.035380,0,0,0,,,,
C,1759,0.034837,0,0,0,,,,
C,1760,0.036238,0,0,0,,,,
C,1761,0.036557,0,0,0,,,,
C,1762,0.035894,0,0,0,,,,
C,1763,0.036032,0,0,0,,,,
C,1764,0.038192,0,0,0,,,,
C,1765,0.035770,0,0,0,,,,
C,1766,0.035688,0,0,0,,,,
C,1767,0.035192,0,0,0,,,,
C,1768,0.035730,0,0,0,,,,
C,1769,0.034792,0,0,0,,,,
C,1770,0.035227,0,0,0,,,,
C,1771,0.034756,0,0,0,,,,
C,1772,0.034984,0,0,0,,,,
C,1773,0.034673,0,0,0,,,,
C,1774,0.035427,0,0,0,,,,
C,1775,0.034815,0,0,0,,,,
C,1776,0.035171,0,0,0,,,,
C,1777,0.034462,0,0,0,,,,
C,1778,0.037108,0,0,0,,,,
C,1779,0.036387,0,0,0,,,,
C,1780,0.036238,0,0,0,,,,
C,1781,0.036224,0,0,0,,,,
C,1782,0.039312,0,0,0,,,,
C,1783,0.038140,0,0,0,,,,
C,1784,0.037186,0,0,0,,,,
C,1785,0.037427,0,0,0,,,,
C,1786,0.041423,0,0,0,,,,
C,1787,0.036240,0,0,0,,,,
C,1788,0.035349,0,0,0,,,,
C,1789,0.035233,0,0,0,,,,
C,1790,0.034547,0,0,0,,,,
C,1791,0.035431,0,0,0,,,,
C,1792,0.039848,0,0,0,,,,
C,1793,0.037015,0,0,0,,,,
C,1794,0.036183,0,0,0,,,,
C,1795,0.035619,0,0,0,,,,
C,1796,0.035611,0,0,0,,,,
C,1797,0.035488,0,0,0,,,,
C,1798,0.036877,0,0,0,,,,
C,1799,0.037029,0,0,0,,,,
C,1800,0.035865,0,0,0,,,,
C,1801,0.035285,0,0,0,,,,
C,1802,0.035398,0,0,0,,,,
C,1803,0.042095,0,0,0,,,,
C,1804,0.035476,0,0,0,,,,
C,1805,0.034281,0,0,0,,,,
C,1806,0.034916,0,0,0,,,,
C,1807,0.038528,0,0,0,,,,
C,1808,0.044175,0,0,0,,,,
C,1809,0.038610,0,0,0,,,,
C,1810,0.039248,0,0,0,,,,
C,1811,0.038766,0,0,0,,,,
C,1812,0.035648,0,0,0,,,,
C,1813,0.036442,0,0,0,,,,
C,1814,0.036533,0,0,0,,,,
C,1815,0.035068,0,0,0,,,,
C,1816,0.036635,0,0,0,,,,
C,1817,0.040514,0,0,0,,,,
C,1818,0.035262,0,0,0,,,,
C,1819,0.036224,0,0,0,,,,
C,1820,0.035965,0,0,0,,,,
C,1821,0.036165,0,0,0,,,,
C,1822,0.037051,0,0,0,,,,
C,1823,0.036124,0,0,0,,,,
C,1824,0.035504,0,0,0,,,,
C,1825,0.036058,0,0,0,,,,
C,1826,0.035806,0,0,0,,,,
C,1827,0.035377,0,0,0,,,,
C,1828,0.036775,0,0,0,,,,
C,1829,0.035812,0,0,0,,,,
C,1830,0.040091,0,0,0,,,,
C,1831,0.035304,0,0,0,,,,
C,1832,0.035602,0,0,0,,,,
C,1833,0.034773,0,0,0,,,,
C,1834,0.038086,0,0,0,,,,
C,1835,0.037452,0,0,0,,,,
C,1836,0.042688,0,0,0,,,,
C,1837,0.035685,0,0,0,,,,
C,1838,0.035366,0,0,0,,,,
C,1839,0.036653,0,0,0,,,,
C,1840,0.038713,0,0,0,,,,
C,1841,0.038395,0,0,0,,,,
C,1842,0.037407,0,0,0,,,,
C,1843,0.036451,0,0,0,,,,
C,1844,0.040020,0,0,0,,,,
C,1845,0.035956,0,0,0,,,,
C,1846,0.036498,0,0,0,,,,
C,1847,0.035642,0,0,0,,,,
C,1848,0.035741,0,0,0,,,,
C,1849,0.036079,0,0,0,,,,
C,1850,0.036446,0,0,0,,,,
C,1851,0.035985,0,0,0,,,,
C,1852,0.035841,0,0,0,,,,
C,1853,0.035611,0,0,0,,,,
C,1854,0.035936,0,0,0,,,,
C,1855,0.036751,0,0,0,,,,
C,1856,0.036063,0,0,0,,,,
C,1857,0.036122,0,0,0,,,,
C,1858,0.035741,0,0,0,,,,
C,1859,0.036455,0,0,0,,,,
C,1860,0.036485,0,0,0,,,,
C,1861,0.036359,0,0,0,,,,
C,1862,0.035669,0,0,0,,,,
C,1863,0.036142,0,0,0,,,,
C,1864,0.036229,0,0,0,,,,
C,1865,0.036111,0,0,0,,,,
C,1866,0.035716,0,0,0,,,,
C,1867,0.036963,0,0,0,,,,
C,1868,0.035161,0,0,0,,,,
C,1869,0.035105,0,0,0,,,,
C,1870,0.034914,0,0,0,,,,
C,1871,0.034347,0,0,0,,,,
C,1872,0.034676,0,0,0,,,,
C,1873,0.034174,0,0,0,,,,
C,1874,0.047116,0,0,0,,,,
C,1875,0.039854,0,0,0,,,,
C,1876,0.038658,0,0,0,,,,
C,1877,0.039572,0,0,0,,,,
C,1878,0.041603,0,0,0,,,,
C,1879,0.043098,0,0,0,,,,
C,1880,0.037154,0,0,0,,,,
C,1881,0.036658,0,0,0,,,,
C,1882,0.036515,0,0,0,,,,
C,1883,0.037083,0,0,0,,,,
C,1884,0.037213,0,0,0,,,,
C,1885,0.037801,0,0,0,,,,
C,1886,0.040012,0,0,0,,,,
C,1887,0.040462,0,0,0,,,,
C,1888,0.037084,0,0,0,,,,
C,1889,0.037050,0,0,0,,,,
C,1890,0.040605,0,0,0,,,,
C,1891,0.038301,0,0,0,,,,
C,1892,0.040146,0,0,0,,,,
C,1893,0.037723,0,0,0,,,,
C,1894,0.036731,0,0,0,,,,
C,1895,0.038931,0,0,0,,,,
C,1896,0.041798,0,0,0,,,,
C,1897,0.035978,0,0,0,,,,
C,1898,0.037343,0,0,0,,,,
C,1899,0.037161,0,0,0,,,,
C,1900,0.037038,0,0,0,,,,
C,1901,0.037208,0,0,0,,,,
C,1902,0.035900,0,0,0,,,,
C,1903,0.036128,0,0,0,,,,
C,1904,0.036232,0,0,0,,,,
C,1905,0.036586,0,0,0,,,,
C,1906,0.036880,0,0,0,,,,
C,1907,0.038630,0,0,0,,,,
C,1908,0.036375,0,0,0,,,,
C,1909,0.035873,0,0,0,,,,
C,1910,0.036646,0,0,0,,,,
C,1911,0.036008,0,0,0,,,,
C,1912,0.035468,0,0,0,,,,
C,1913,0.035535,0,0,0,,,,
C,1914,0.035778,0,0,0,,,,
C,1915,0.039594,0,0,0,,,,
C,1916,0.045029,0,0,0,,,,
C,1917,0.037685,0,0,0,,,,
C,1918,0.036915,0,0,0,,,,
C,1919,0.037001,0,0,0,,,,
C,1920,0.036461,0,0,0,,,,
C,1921,0.036541,0,0,0,,,,
C,1922,0.035865,0,0,0,,,,
C,1923,0.037173,0,0,0,,,,
C,1924,0.035697,0,0,0,,,,
C,1925,0.036217,0,0,0,,,,
C,1926,0.037950,0,0,0,,,,
C,1927,0.034989,0,0,0,,,,
C,1928,0.035967,0,0,0,,,,
C,1929,0.039234,0,0,0,,,,
C,1930,0.043585,0,0,0,,,,
C,1931,0.036313,0,0,0,,,,
C,1932,0.038125,0,0,0,,,,
C,1933,0.038331,0,0,0,,,,
C,1934,0.038356,0,0,0,,,,
C,1935,0.038501,0,0,0,,,,
C,1936,0.038407,0,0,0,,,,
C,1937,0.037156,0,0,0,,,,
C,1938,0.038777,0,0,0,,,,
C,1939,0.037071,0,0,0,,,,
C,1940,0.036142,0,0,0,,,,
C,1941,0.036039,0,0,0,,,,
C,1942,0.040365,0,0,0,,,,
C,1943,0.035964,0,0,0,,,,
C,1944,0.035408,0,0,0,,,,
C,1945,0.036746,0,0,0,,,,
C,1946,0.036338,0,0,0,,,,
C,1947,0.037827,0,0,0,,,,
C,1948,0.037421,0,0,0,,,,
C,1949,0.036158,0,0,0,,,,
C,1950,0.036596,0,0,0,,,,
C,1951,0.036618,0,0,0,,,,
C,1952,0.035878,0,0,0,,,,
C,1953,0.037065,0,0,0,,,,
C,1954,0.036189,0,0,0,,,,
C,1955,0.035584,0,0,0,,,,
C,1956,0.035685,0,0,0,,,,
C,1957,0.036150,0,0,0,,,,
C,1958,0.035871,0,0,0,,,,
C,1959,0.035820,0,0,0,,,,
C,1960,0.035940,0,0,0,,,,
C,1961,0.036364,0,0,0,,,,
C,1962,0.037666,0,0,0,,,,
C,1963,0.036650,0,0,0,,,,
C,1964,0.036336,0,0,0,,,,
C,1965,0.035674,0,0,0,,,,
C,1966,0.037676,0,0,0,,,,
C,1967,0.035049,0,0,0,,,,
C,1968,0.035195,0,0,0,,,,
C,1969,0.034761,0,0,0,,,,
C,1970,0.037008,0,0,0,,,,
C,1971,0.036353,0,0,0,,,,
C,1972,0.036220,0,0,0,,,,
C,1973,0.035636,0,0,0,,,,
C,1974,0.035507,0,0,0,,,,
C,1975,0.035825,0,0,0,,,,
C,1976,0.035837,0,0,0,,,,
C,1977,0.035967,0,0,0,,,,
C,1978,0.035109,0,0,0,,,,
C,1979,0.035100,0,0,0,,,,
C,1980,0.035780,0,0,0,,,,
C,1981,0.035156,0,0,0,,,,
C,1982,0.035359,0,0,0,,,,
C,1983,0.042371,0,0,0,,,,
C,1984,0.046512,0,0,0,,,,
C,1985,0.040660,0,0,0,,,,
C,1986,0.036052,0,0,0,,,,
C,1987,0.035965,0,0,0,,,,
C,1988,0.037015,0,0,0,,,,
C,1989,0.037008,0,0,0,,,,
C,1990,0.037367,0,0,0,,,,
C,1991,0.040309,0,0,0,,,,
C,1992,0.035888,0,0,0,,,,
C,1993,0.035545,0,0,0,,,,
C,1994,0.059070,0,0,0,,,,
C,1995,0.038050,0,0,0,,,,
C,1996,0.035658,0,0,0,,,,
C,1997,0.035766,0,0,0,,,,
C,1998,0.040593,0,0,0,,,,
C,1999,0.035980,0,0,0,,,,
C,2000,0.037392,0,0,0,209.3,1.203e-11,"{'checked': 26, 'zsx_rejected': 6, 'default_rejected': 0, 'closed_form_forced': 0, 'inexact': 9, 'exact_rebuilt': 0, 'best_effort': 0, 'best_effort_worst': 0.0, 'psf_rerouted': 0, 'psf_rerouted_worst_residual': 0.0}",119
C,2001,0.037730,0,0,0,,,,
C,2002,0.037808,0,0,0,,,,
C,2003,0.036094,0,0,0,,,,
C,2004,0.035734,0,0,0,,,,
C,2005,0.035353,0,0,0,,,,
C,2006,0.035913,0,0,0,,,,
C,2007,0.035381,0,0,0,,,,
C,2008,0.034974,0,0,0,,,,
C,2009,0.035583,0,0,0,,,,
C,2010,0.035539,0,0,0,,,,
C,2011,0.036224,0,0,0,,,,
C,2012,0.035180,0,0,0,,,,
C,2013,0.036091,0,0,0,,,,
C,2014,0.039465,0,0,0,,,,
C,2015,0.036636,0,0,0,,,,
C,2016,0.037376,0,0,0,,,,
C,2017,0.036914,0,0,0,,,,
C,2018,0.037309,0,0,0,,,,
C,2019,0.036019,0,0,0,,,,
C,2020,0.036024,0,0,0,,,,
C,2021,0.038009,0,0,0,,,,
C,2022,0.036812,0,0,0,,,,
C,2023,0.036073,0,0,0,,,,
C,2024,0.037317,0,0,0,,,,
C,2025,0.041500,0,0,0,,,,
C,2026,0.034906,0,0,0,,,,
C,2027,0.036794,0,0,0,,,,
C,2028,0.037465,0,0,0,,,,
C,2029,0.036451,0,0,0,,,,
C,2030,0.035551,0,0,0,,,,
C,2031,0.039696,0,0,0,,,,
C,2032,0.037100,0,0,0,,,,
C,2033,0.037181,0,0,0,,,,
C,2034,0.036365,0,0,0,,,,
C,2035,0.036044,0,0,0,,,,
C,2036,0.037392,0,0,0,,,,
C,2037,0.035761,0,0,0,,,,
C,2038,0.035514,0,0,0,,,,
C,2039,0.036746,0,0,0,,,,
C,2040,0.039118,0,0,0,,,,
C,2041,0.041704,0,0,0,,,,
C,2042,0.043209,0,0,0,,,,
C,2043,0.038810,0,0,0,,,,
C,2044,0.041693,0,0,0,,,,
C,2045,0.039966,0,0,0,,,,
C,2046,0.037585,0,0,0,,,,
C,2047,0.036619,0,0,0,,,,
C,2048,0.036091,0,0,0,,,,
C,2049,0.054148,0,0,0,,,,
C,2050,0.045117,0,0,0,,,,
C,2051,0.035959,0,0,0,,,,
C,2052,0.035444,0,0,0,,,,
C,2053,0.035038,0,0,0,,,,
C,2054,0.036206,0,0,0,,,,
C,2055,0.037161,0,0,0,,,,
C,2056,0.040223,0,0,0,,,,
C,2057,0.042471,0,0,0,,,,
C,2058,0.041054,0,0,0,,,,
C,2059,0.042996,0,0,0,,,,
C,2060,0.038354,0,0,0,,,,
C,2061,0.037133,0,0,0,,,,
C,2062,0.035918,0,0,0,,,,
C,2063,0.040407,0,0,0,,,,
C,2064,0.037197,0,0,0,,,,
C,2065,0.046660,0,0,0,,,,
C,2066,0.036930,0,0,0,,,,
C,2067,0.038465,0,0,0,,,,
C,2068,0.040879,0,0,0,,,,
C,2069,0.039657,0,0,0,,,,
C,2070,0.048090,0,0,0,,,,
C,2071,0.056147,0,0,0,,,,
C,2072,0.039155,0,0,0,,,,
C,2073,0.038434,0,0,0,,,,
C,2074,0.039869,0,0,0,,,,
C,2075,0.038746,0,0,0,,,,
C,2076,0.036844,0,0,0,,,,
C,2077,0.039968,0,0,0,,,,
C,2078,0.037033,0,0,0,,,,
C,2079,0.037518,0,0,0,,,,
C,2080,0.037795,0,0,0,,,,
C,2081,0.037141,0,0,0,,,,
C,2082,0.038859,0,0,0,,,,
C,2083,0.037662,0,0,0,,,,
C,2084,0.038357,0,0,0,,,,
C,2085,0.036046,0,0,0,,,,
C,2086,0.041747,0,0,0,,,,
C,2087,0.046605,0,0,0,,,,
C,2088,0.045712,0,0,0,,,,
C,2089,0.045402,0,0,0,,,,
C,2090,0.037265,0,0,0,,,,
C,2091,0.036214,0,0,0,,,,
C,2092,0.037249,0,0,0,,,,
C,2093,0.038554,0,0,0,,,,
C,2094,0.035611,0,0,0,,,,
C,2095,0.037097,0,0,0,,,,
C,2096,0.041722,0,0,0,,,,
C,2097,0.043192,0,0,0,,,,
C,2098,0.047144,0,0,0,,,,
C,2099,0.038025,0,0,0,,,,
C,2100,0.041654,0,0,0,,,,
C,2101,0.038076,0,0,0,,,,
C,2102,0.046630,0,0,0,,,,
C,2103,0.040799,0,0,0,,,,
C,2104,0.036454,0,0,0,,,,
C,2105,0.036190,0,0,0,,,,
C,2106,0.035699,0,0,0,,,,
C,2107,0.035913,0,0,0,,,,
C,2108,0.041978,0,0,0,,,,
C,2109,0.040171,0,0,0,,,,
C,2110,0.036259,0,0,0,,,,
C,2111,0.035230,0,0,0,,,,
C,2112,0.034754,0,0,0,,,,
C,2113,0.035511,0,0,0,,,,
C,2114,0.039262,0,0,0,,,,
C,2115,0.036125,0,0,0,,,,
C,2116,0.036254,0,0,0,,,,
C,2117,0.035214,0,0,0,,,,
C,2118,0.036780,0,0,0,,,,
C,2119,0.036028,0,0,0,,,,
C,2120,0.035717,0,0,0,,,,
C,2121,0.039653,0,0,0,,,,
C,2122,0.035883,0,0,0,,,,
C,2123,0.036863,0,0,0,,,,
C,2124,0.035800,0,0,0,,,,
C,2125,0.038049,0,0,0,,,,
C,2126,0.035884,0,0,0,,,,
C,2127,0.040869,0,0,0,,,,
C,2128,0.038945,0,0,0,,,,
C,2129,0.042121,0,0,0,,,,
C,2130,0.038718,0,0,0,,,,
C,2131,0.037088,0,0,0,,,,
C,2132,0.038644,0,0,0,,,,
C,2133,0.036440,0,0,0,,,,
C,2134,0.036194,0,0,0,,,,
C,2135,0.036439,0,0,0,,,,
C,2136,0.037576,0,0,0,,,,
C,2137,0.036199,0,0,0,,,,
C,2138,0.041394,0,0,0,,,,
C,2139,0.038085,0,0,0,,,,
C,2140,0.037807,0,0,0,,,,
C,2141,0.037928,0,0,0,,,,
C,2142,0.036110,0,0,0,,,,
C,2143,0.036549,0,0,0,,,,
C,2144,0.036147,0,0,0,,,,
C,2145,0.035466,0,0,0,,,,
C,2146,0.037376,0,0,0,,,,
C,2147,0.036324,0,0,0,,,,
C,2148,0.036493,0,0,0,,,,
C,2149,0.038415,0,0,0,,,,
C,2150,0.036636,0,0,0,,,,
C,2151,0.036127,0,0,0,,,,
C,2152,0.038096,0,0,0,,,,
C,2153,0.037339,0,0,0,,,,
C,2154,0.037013,0,0,0,,,,
C,2155,0.036733,0,0,0,,,,
C,2156,0.037438,0,0,0,,,,
C,2157,0.037866,0,0,0,,,,
C,2158,0.037620,0,0,0,,,,
C,2159,0.036609,0,0,0,,,,
C,2160,0.036695,0,0,0,,,,
C,2161,0.040487,0,0,0,,,,
C,2162,0.035932,0,0,0,,,,
C,2163,0.036266,0,0,0,,,,
C,2164,0.035674,0,0,0,,,,
C,2165,0.036023,0,0,0,,,,
C,2166,0.036305,0,0,0,,,,
C,2167,0.035418,0,0,0,,,,
C,2168,0.034998,0,0,0,,,,
C,2169,0.035835,0,0,0,,,,
C,2170,0.035896,0,0,0,,,,
C,2171,0.035233,0,0,0,,,,
C,2172,0.034948,0,0,0,,,,
C,2173,0.035647,0,0,0,,,,
C,2174,0.035754,0,0,0,,,,
C,2175,0.035912,0,0,0,,,,
C,2176,0.036062,0,0,0,,,,
C,2177,0.035955,0,0,0,,,,
C,2178,0.042695,0,0,0,,,,
C,2179,0.037942,0,0,0,,,,
C,2180,0.036299,0,0,0,,,,
C,2181,0.037371,0,0,0,,,,
C,2182,0.035979,0,0,0,,,,
C,2183,0.037745,0,0,0,,,,
C,2184,0.036649,0,0,0,,,,
C,2185,0.036205,0,0,0,,,,
C,2186,0.036080,0,0,0,,,,
C,2187,0.036213,0,0,0,,,,
C,2188,0.036540,0,0,0,,,,
C,2189,0.036350,0,0,0,,,,
C,2190,0.036373,0,0,0,,,,
C,2191,0.036692,0,0,0,,,,
C,2192,0.035488,0,0,0,,,,
C,2193,0.039026,0,0,0,,,,
C,2194,0.037233,0,0,0,,,,
C,2195,0.036506,0,0,0,,,,
C,2196,0.035223,0,0,0,,,,
C,2197,0.035577,0,0,0,,,,
C,2198,0.037463,0,0,0,,,,
C,2199,0.037421,0,0,0,,,,
C,2200,0.036619,0,0,0,,,,
C,2201,0.037399,0,0,0,,,,
C,2202,0.037862,0,0,0,,,,
C,2203,0.036120,0,0,0,,,,
C,2204,0.035560,0,0,0,,,,
C,2205,0.035853,0,0,0,,,,
C,2206,0.035592,0,0,0,,,,
C,2207,0.035457,0,0,0,,,,
C,2208,0.035523,0,0,0,,,,
C,2209,0.035102,0,0,0,,,,
C,2210,0.035751,0,0,0,,,,
C,2211,0.035259,0,0,0,,,,
C,2212,0.035541,0,0,0,,,,
C,2213,0.037104,0,0,0,,,,
C,2214,0.036931,0,0,0,,,,
C,2215,0.036908,0,0,0,,,,
C,2216,0.036663,0,0,0,,,,
C,2217,0.036690,0,0,0,,,,
C,2218,0.037604,0,0,0,,,,
C,2219,0.036104,0,0,0,,,,
C,2220,0.035823,0,0,0,,,,
C,2221,0.036031,0,0,0,,,,
C,2222,0.037189,0,0,0,,,,
C,2223,0.036308,0,0,0,,,,
C,2224,0.037114,0,0,0,,,,
C,2225,0.036701,0,0,0,,,,
C,2226,0.036572,0,0,0,,,,
C,2227,0.036460,0,0,0,,,,
C,2228,0.036041,0,0,0,,,,
C,2229,0.036499,0,0,0,,,,
C,2230,0.036942,0,0,0,,,,
C,2231,0.037019,0,0,0,,,,
C,2232,0.036258,0,0,0,,,,
C,2233,0.037342,0,0,0,,,,
C,2234,0.036902,0,0,0,,,,
C,2235,0.038533,0,0,0,,,,
C,2236,0.036512,0,0,0,,,,
C,2237,0.035949,0,0,0,,,,
C,2238,0.035935,0,0,0,,,,
C,2239,0.036370,0,0,0,,,,
C,2240,0.036324,0,0,0,,,,
C,2241,0.035888,0,0,0,,,,
C,2242,0.035847,0,0,0,,,,
C,2243,0.035973,0,0,0,,,,
C,2244,0.036341,0,0,0,,,,
C,2245,0.036847,0,0,0,,,,
C,2246,0.035765,0,0,0,,,,
C,2247,0.037874,0,0,0,,,,
C,2248,0.035343,0,0,0,,,,
C,2249,0.035575,0,0,0,,,,
C,2250,0.037058,0,0,0,,,,
C,2251,0.037189,0,0,0,,,,
C,2252,0.035639,0,0,0,,,,
C,2253,0.037134,0,0,0,,,,
C,2254,0.036376,0,0,0,,,,
C,2255,0.035590,0,0,0,,,,
C,2256,0.035878,0,0,0,,,,
C,2257,0.040106,0,0,0,,,,
C,2258,0.036740,0,0,0,,,,
C,2259,0.040668,0,0,0,,,,
C,2260,0.037356,0,0,0,,,,
C,2261,0.038560,0,0,0,,,,
C,2262,0.045882,0,0,0,,,,
C,2263,0.043879,0,0,0,,,,
C,2264,0.039928,0,0,0,,,,
C,2265,0.040410,0,0,0,,,,
C,2266,0.042345,0,0,0,,,,
C,2267,0.053679,0,0,0,,,,
C,2268,0.038425,0,0,0,,,,
C,2269,0.037200,0,0,0,,,,
C,2270,0.038673,0,0,0,,,,
C,2271,0.038621,0,0,0,,,,
C,2272,0.038691,0,0,0,,,,
C,2273,0.038210,0,0,0,,,,
C,2274,0.038054,0,0,0,,,,
C,2275,0.038408,0,0,0,,,,
C,2276,0.037292,0,0,0,,,,
C,2277,0.035901,0,0,0,,,,
C,2278,0.039482,0,0,0,,,,
C,2279,0.037846,0,0,0,,,,
C,2280,0.036574,0,0,0,,,,
C,2281,0.036467,0,0,0,,,,
C,2282,0.037191,0,0,0,,,,
C,2283,0.037334,0,0,0,,,,
C,2284,0.037883,0,0,0,,,,
C,2285,0.036833,0,0,0,,,,
C,2286,0.037397,0,0,0,,,,
C,2287,0.036109,0,0,0,,,,
C,2288,0.037077,0,0,0,,,,
C,2289,0.035892,0,0,0,,,,
C,2290,0.036768,0,0,0,,,,
C,2291,0.037183,0,0,0,,,,
C,2292,0.037458,0,0,0,,,,
C,2293,0.037120,0,0,0,,,,
C,2294,0.036664,0,0,0,,,,
C,2295,0.037753,0,0,0,,,,
C,2296,0.036788,0,0,0,,,,
C,2297,0.036803,0,0,0,,,,
C,2298,0.036986,0,0,0,,,,
C,2299,0.036661,0,0,0,,,,
C,2300,0.037726,0,0,0,,,,
C,2301,0.037585,0,0,0,,,,
C,2302,0.040957,0,0,0,,,,
C,2303,0.036640,0,0,0,,,,
C,2304,0.038137,0,0,0,,,,
C,2305,0.036927,0,0,0,,,,
C,2306,0.036884,0,0,0,,,,
C,2307,0.037327,0,0,0,,,,
C,2308,0.036184,0,0,0,,,,
C,2309,0.036756,0,0,0,,,,
C,2310,0.035813,0,0,0,,,,
C,2311,0.036221,0,0,0,,,,
C,2312,0.037126,0,0,0,,,,
C,2313,0.036675,0,0,0,,,,
C,2314,0.035730,0,0,0,,,,
C,2315,0.036545,0,0,0,,,,
C,2316,0.036554,0,0,0,,,,
C,2317,0.036062,0,0,0,,,,
C,2318,0.035754,0,0,0,,,,
C,2319,0.035329,0,0,0,,,,
C,2320,0.035975,0,0,0,,,,
C,2321,0.036087,0,0,0,,,,
C,2322,0.039453,0,0,0,,,,
C,2323,0.041910,0,0,0,,,,
C,2324,0.035640,0,0,0,,,,
C,2325,0.035319,0,0,0,,,,
C,2326,0.035783,0,0,0,,,,
C,2327,0.036180,0,0,0,,,,
C,2328,0.038784,0,0,0,,,,
C,2329,0.038091,0,0,0,,,,
C,2330,0.037901,0,0,0,,,,
C,2331,0.037644,0,0,0,,,,
C,2332,0.037023,0,0,0,,,,
C,2333,0.036036,0,0,0,,,,
C,2334,0.036808,0,0,0,,,,
C,2335,0.036177,0,0,0,,,,
C,2336,0.036571,0,0,0,,,,
C,2337,0.035843,0,0,0,,,,
C,2338,0.035341,0,0,0,,,,
C,2339,0.035941,0,0,0,,,,
C,2340,0.036386,0,0,0,,,,
C,2341,0.035976,0,0,0,,,,
C,2342,0.037643,0,0,0,,,,
C,2343,0.036203,0,0,0,,,,
C,2344,0.036074,0,0,0,,,,
C,2345,0.036248,0,0,0,,,,
C,2346,0.036056,0,0,0,,,,
C,2347,0.035681,0,0,0,,,,
C,2348,0.037304,0,0,0,,,,
C,2349,0.035926,0,0,0,,,,
C,2350,0.036247,0,0,0,,,,
C,2351,0.036260,0,0,0,,,,
C,2352,0.036115,0,0,0,,,,
C,2353,0.036493,0,0,0,,,,
C,2354,0.036019,0,0,0,,,,
C,2355,0.036831,0,0,0,,,,
C,2356,0.036498,0,0,0,,,,
C,2357,0.036696,0,0,0,,,,
C,2358,0.036233,0,0,0,,,,
C,2359,0.036620,0,0,0,,,,
C,2360,0.036708,0,0,0,,,,
C,2361,0.036270,0,0,0,,,,
C,2362,0.036970,0,0,0,,,,
C,2363,0.037569,0,0,0,,,,
C,2364,0.036896,0,0,0,,,,
C,2365,0.037438,0,0,0,,,,
C,2366,0.046884,0,0,0,,,,
C,2367,0.035546,0,0,0,,,,
C,2368,0.036148,0,0,0,,,,
C,2369,0.038105,0,0,0,,,,
C,2370,0.038444,0,0,0,,,,
C,2371,0.036394,0,0,0,,,,
C,2372,0.036131,0,0,0,,,,
C,2373,0.037884,0,0,0,,,,
C,2374,0.035079,0,0,0,,,,
C,2375,0.036268,0,0,0,,,,
C,2376,0.038771,0,0,0,,,,
C,2377,0.036378,0,0,0,,,,
C,2378,0.038045,0,0,0,,,,
C,2379,0.036501,0,0,0,,,,
C,2380,0.036050,0,0,0,,,,
C,2381,0.035401,0,0,0,,,,
C,2382,0.056884,0,0,0,,,,
C,2383,0.040116,0,0,0,,,,
C,2384,0.039749,0,0,0,,,,
C,2385,0.038196,0,0,0,,,,
C,2386,0.039263,0,0,0,,,,
C,2387,0.042981,0,0,0,,,,
C,2388,0.038543,0,0,0,,,,
C,2389,0.036898,0,0,0,,,,
C,2390,0.036717,0,0,0,,,,
C,2391,0.035424,0,0,0,,,,
C,2392,0.038045,0,0,0,,,,
C,2393,0.037176,0,0,0,,,,
C,2394,0.036341,0,0,0,,,,
C,2395,0.037776,0,0,0,,,,
C,2396,0.036161,0,0,0,,,,
C,2397,0.036070,0,0,0,,,,
C,2398,0.036243,0,0,0,,,,
C,2399,0.040897,0,0,0,,,,
C,2400,0.045058,0,0,0,,,,
C,2401,0.036631,0,0,0,,,,
C,2402,0.038692,0,0,0,,,,
C,2403,0.035494,0,0,0,,,,
C,2404,0.036347,0,0,0,,,,
C,2405,0.034811,0,0,0,,,,
C,2406,0.037882,0,0,0,,,,
C,2407,0.037127,0,0,0,,,,
C,2408,0.038818,0,0,0,,,,
C,2409,0.037057,0,0,0,,,,
C,2410,0.039176,0,0,0,,,,
C,2411,0.039656,0,0,0,,,,
C,2412,0.037331,0,0,0,,,,
C,2413,0.036999,0,0,0,,,,
C,2414,0.035813,0,0,0,,,,
C,2415,0.078428,0,0,0,,,,
C,2416,0.040846,0,0,0,,,,
C,2417,0.039255,0,0,0,,,,
C,2418,0.041410,0,0,0,,,,
C,2419,0.040558,0,0,0,,,,
C,2420,0.040322,0,0,0,,,,
C,2421,0.036548,0,0,0,,,,
C,2422,0.037177,0,0,0,,,,
C,2423,0.038315,0,0,0,,,,
C,2424,0.037733,0,0,0,,,,
C,2425,0.036835,0,0,0,,,,
C,2426,0.045192,0,0,0,,,,
C,2427,0.036587,0,0,0,,,,
C,2428,0.048171,0,0,0,,,,
C,2429,0.046614,0,0,0,,,,
C,2430,0.035831,0,0,0,,,,
C,2431,0.039186,0,0,0,,,,
C,2432,0.038404,0,0,0,,,,
C,2433,0.037459,0,0,0,,,,
C,2434,0.038470,0,0,0,,,,
C,2435,0.046530,0,0,0,,,,
C,2436,0.041246,0,0,0,,,,
C,2437,0.038672,0,0,0,,,,
C,2438,0.039178,0,0,0,,,,
C,2439,0.037128,0,0,0,,,,
C,2440,0.036311,0,0,0,,,,
C,2441,0.036380,0,0,0,,,,
C,2442,0.039156,0,0,0,,,,
C,2443,0.038070,0,0,0,,,,
C,2444,0.038318,0,0,0,,,,
C,2445,0.039496,0,0,0,,,,
C,2446,0.036742,0,0,0,,,,
C,2447,0.038720,0,0,0,,,,
C,2448,0.036335,0,0,0,,,,
C,2449,0.037110,0,0,0,,,,
C,2450,0.035701,0,0,0,,,,
C,2451,0.037432,0,0,0,,,,
C,2452,0.038119,0,0,0,,,,
C,2453,0.040355,0,0,0,,,,
C,2454,0.043212,0,0,0,,,,
C,2455,0.039045,0,0,0,,,,
C,2456,0.036903,0,0,0,,,,
C,2457,0.037855,0,0,0,,,,
C,2458,0.036411,0,0,0,,,,
C,2459,0.038528,0,0,0,,,,
C,2460,0.036870,0,0,0,,,,
C,2461,0.035359,0,0,0,,,,
C,2462,0.040582,0,0,0,,,,
C,2463,0.040894,0,0,0,,,,
C,2464,0.039838,0,0,0,,,,
C,2465,0.037276,0,0,0,,,,
C,2466,0.036123,0,0,0,,,,
C,2467,0.035806,0,0,0,,,,
C,2468,0.035729,0,0,0,,,,
C,2469,0.044405,0,0,0,,,,
C,2470,0.038953,0,0,0,,,,
C,2471,0.037749,0,0,0,,,,
C,2472,0.037682,0,0,0,,,,
C,2473,0.035415,0,0,0,,,,
C,2474,0.038365,0,0,0,,,,
C,2475,0.039931,0,0,0,,,,
C,2476,0.038883,0,0,0,,,,
C,2477,0.036343,0,0,0,,,,
C,2478,0.040377,0,0,0,,,,
C,2479,0.035908,0,0,0,,,,
C,2480,0.037464,0,0,0,,,,
C,2481,0.034469,0,0,0,,,,
C,2482,0.035155,0,0,0,,,,
C,2483,0.035379,0,0,0,,,,
C,2484,0.035306,0,0,0,,,,
C,2485,0.035787,0,0,0,,,,
C,2486,0.035455,0,0,0,,,,
C,2487,0.035062,0,0,0,,,,
C,2488,0.035118,0,0,0,,,,
C,2489,0.036344,0,0,0,,,,
C,2490,0.039132,0,0,0,,,,
C,2491,0.038030,0,0,0,,,,
C,2492,0.038376,0,0,0,,,,
C,2493,0.041896,0,0,0,,,,
C,2494,0.039925,0,0,0,,,,
C,2495,0.037341,0,0,0,,,,
C,2496,0.036160,0,0,0,,,,
C,2497,0.037354,0,0,0,,,,
C,2498,0.037000,0,0,0,,,,
C,2499,0.036241,0,0,0,,,,
C,2500,0.036030,0,0,0,,,,
C,2501,0.036565,0,0,0,,,,
C,2502,0.036862,0,0,0,,,,
C,2503,0.036126,0,0,0,,,,
C,2504,0.036402,0,0,0,,,,
C,2505,0.036085,0,0,0,,,,
C,2506,0.036835,0,0,0,,,,
C,2507,0.036242,0,0,0,,,,
C,2508,0.037081,0,0,0,,,,
C,2509,0.035530,0,0,0,,,,
C,2510,0.035313,0,0,0,,,,
C,2511,0.036582,0,0,0,,,,
C,2512,0.035140,0,0,0,,,,
C,2513,0.035634,0,0,0,,,,
C,2514,0.036305,0,0,0,,,,
C,2515,0.036858,0,0,0,,,,
C,2516,0.036688,0,0,0,,,,
C,2517,0.036191,0,0,0,,,,
C,2518,0.037094,0,0,0,,,,
C,2519,0.036351,0,0,0,,,,
C,2520,0.039687,0,0,0,,,,
C,2521,0.036580,0,0,0,,,,
C,2522,0.038594,0,0,0,,,,
C,2523,0.037638,0,0,0,,,,
C,2524,0.036537,0,0,0,,,,
C,2525,0.037882,0,0,0,,,,
C,2526,0.036621,0,0,0,,,,
C,2527,0.036952,0,0,0,,,,
C,2528,0.035843,0,0,0,,,,
C,2529,0.035963,0,0,0,,,,
C,2530,0.036306,0,0,0,,,,
C,2531,0.035387,0,0,0,,,,
C,2532,0.036648,0,0,0,,,,
C,2533,0.035454,0,0,0,,,,
C,2534,0.036336,0,0,0,,,,
C,2535,0.038421,0,0,0,,,,
C,2536,0.039840,0,0,0,,,,
C,2537,0.038471,0,0,0,,,,
C,2538,0.035904,0,0,0,,,,
C,2539,0.034956,0,0,0,,,,
C,2540,0.035029,0,0,0,,,,
C,2541,0.039148,0,0,0,,,,
C,2542,0.035144,0,0,0,,,,
C,2543,0.035801,0,0,0,,,,
C,2544,0.035707,0,0,0,,,,
C,2545,0.036895,0,0,0,,,,
C,2546,0.037013,0,0,0,,,,
C,2547,0.034924,0,0,0,,,,
C,2548,0.035023,0,0,0,,,,
C,2549,0.034970,0,0,0,,,,
C,2550,0.034536,0,0,0,,,,
C,2551,0.035974,0,0,0,,,,
C,2552,0.035625,0,0,0,,,,
C,2553,0.036741,0,0,0,,,,
C,2554,0.037031,0,0,0,,,,
C,2555,0.036105,0,0,0,,,,
C,2556,0.035745,0,0,0,,,,
C,2557,0.035665,0,0,0,,,,
C,2558,0.034969,0,0,0,,,,
C,2559,0.035652,0,0,0,,,,
C,2560,0.035709,0,0,0,,,,
C,2561,0.037060,0,0,0,,,,
C,2562,0.035712,0,0,0,,,,
C,2563,0.036455,0,0,0,,,,
C,2564,0.035678,0,0,0,,,,
C,2565,0.037836,0,0,0,,,,
C,2566,0.035780,0,0,0,,,,
C,2567,0.036067,0,0,0,,,,
C,2568,0.036882,0,0,0,,,,
C,2569,0.035777,0,0,0,,,,
C,2570,0.036006,0,0,0,,,,
C,2571,0.037054,0,0,0,,,,
C,2572,0.036281,0,0,0,,,,
C,2573,0.035733,0,0,0,,,,
C,2574,0.035047,0,0,0,,,,
C,2575,0.035624,0,0,0,,,,
C,2576,0.035026,0,0,0,,,,
C,2577,0.034913,0,0,0,,,,
C,2578,0.035997,0,0,0,,,,
C,2579,0.036313,0,0,0,,,,
C,2580,0.037042,0,0,0,,,,
C,2581,0.035403,0,0,0,,,,
C,2582,0.034805,0,0,0,,,,
C,2583,0.034065,0,0,0,,,,
C,2584,0.035491,0,0,0,,,,
C,2585,0.036517,0,0,0,,,,
C,2586,0.035141,0,0,0,,,,
C,2587,0.035879,0,0,0,,,,
C,2588,0.035539,0,0,0,,,,
C,2589,0.036053,0,0,0,,,,
C,2590,0.036639,0,0,0,,,,
C,2591,0.036718,0,0,0,,,,
C,2592,0.037366,0,0,0,,,,
C,2593,0.036295,0,0,0,,,,
C,2594,0.035612,0,0,0,,,,
C,2595,0.036440,0,0,0,,,,
C,2596,0.036538,0,0,0,,,,
C,2597,0.057859,0,0,0,,,,
C,2598,0.036009,0,0,0,,,,
C,2599,0.036384,0,0,0,,,,
C,2600,0.046703,0,0,0,,,,
C,2601,0.036969,0,0,0,,,,
C,2602,0.038925,0,0,0,,,,
C,2603,0.036682,0,0,0,,,,
C,2604,0.037137,0,0,0,,,,
C,2605,0.036442,0,0,0,,,,
C,2606,0.036109,0,0,0,,,,
C,2607,0.037342,0,0,0,,,,
C,2608,0.036985,0,0,0,,,,
C,2609,0.037437,0,0,0,,,,
C,2610,0.035753,0,0,0,,,,
C,2611,0.037191,0,0,0,,,,
C,2612,0.036212,0,0,0,,,,
C,2613,0.037105,0,0,0,,,,
C,2614,0.039739,0,0,0,,,,
C,2615,0.037871,0,0,0,,,,
C,2616,0.037125,0,0,0,,,,
C,2617,0.037596,0,0,0,,,,
C,2618,0.036275,0,0,0,,,,
C,2619,0.035626,0,0,0,,,,
C,2620,0.034841,0,0,0,,,,
C,2621,0.035957,0,0,0,,,,
C,2622,0.035624,0,0,0,,,,
C,2623,0.036844,0,0,0,,,,
C,2624,0.038110,0,0,0,,,,
C,2625,0.039653,0,0,0,,,,
C,2626,0.036628,0,0,0,,,,
C,2627,0.036295,0,0,0,,,,
C,2628,0.036451,0,0,0,,,,
C,2629,0.036781,0,0,0,,,,
C,2630,0.036078,0,0,0,,,,
C,2631,0.046514,0,0,0,,,,
C,2632,0.043463,0,0,0,,,,
C,2633,0.045965,0,0,0,,,,
C,2634,0.069678,0,0,0,,,,
C,2635,0.039572,0,0,0,,,,
C,2636,0.045328,0,0,0,,,,
C,2637,0.035777,0,0,0,,,,
C,2638,0.035291,0,0,0,,,,
C,2639,0.035286,0,0,0,,,,
C,2640,0.038068,0,0,0,,,,
C,2641,0.050601,0,0,0,,,,
C,2642,0.035981,0,0,0,,,,
C,2643,0.035038,0,0,0,,,,
C,2644,0.036293,0,0,0,,,,
C,2645,0.039368,0,0,0,,,,
C,2646,0.038979,0,0,0,,,,
C,2647,0.036672,0,0,0,,,,
C,2648,0.038159,0,0,0,,,,
C,2649,0.041305,0,0,0,,,,
C,2650,0.037232,0,0,0,,,,
C,2651,0.040618,0,0,0,,,,
C,2652,0.038546,0,0,0,,,,
C,2653,0.044871,0,0,0,,,,
C,2654,0.040375,0,0,0,,,,
C,2655,0.038075,0,0,0,,,,
C,2656,0.042212,0,0,0,,,,
C,2657,0.038869,0,0,0,,,,
C,2658,0.044537,0,0,0,,,,
C,2659,0.046616,0,0,0,,,,
C,2660,0.036638,0,0,0,,,,
C,2661,0.037043,0,0,0,,,,
C,2662,0.039184,0,0,0,,,,
C,2663,0.039295,0,0,0,,,,
C,2664,0.039019,0,0,0,,,,
C,2665,0.045293,0,0,0,,,,
C,2666,0.037651,0,0,0,,,,
C,2667,0.037624,0,0,0,,,,
C,2668,0.036220,0,0,0,,,,
C,2669,0.036793,0,0,0,,,,
C,2670,0.037984,0,0,0,,,,
C,2671,0.036287,0,0,0,,,,
C,2672,0.036060,0,0,0,,,,
C,2673,0.037531,0,0,0,,,,
C,2674,0.045490,0,0,0,,,,
C,2675,0.037959,0,0,0,,,,
C,2676,0.036860,0,0,0,,,,
C,2677,0.036639,0,0,0,,,,
C,2678,0.037663,0,0,0,,,,
C,2679,0.037505,0,0,0,,,,
C,2680,0.038202,0,0,0,,,,
C,2681,0.038247,0,0,0,,,,
C,2682,0.037579,0,0,0,,,,
C,2683,0.038632,0,0,0,,,,
C,2684,0.037334,0,0,0,,,,
C,2685,0.036034,0,0,0,,,,
C,2686,0.061722,0,0,0,,,,
C,2687,0.042018,0,0,0,,,,
C,2688,0.037428,0,0,0,,,,
C,2689,0.039029,0,0,0,,,,
C,2690,0.036764,0,0,0,,,,
C,2691,0.038620,0,0,0,,,,
C,2692,0.037253,0,0,0,,,,
C,2693,0.038009,0,0,0,,,,
C,2694,0.038020,0,0,0,,,,
C,2695,0.041110,0,0,0,,,,
C,2696,0.037972,0,0,0,,,,
C,2697,0.043744,0,0,0,,,,
C,2698,0.038006,0,0,0,,,,
C,2699,0.040887,0,0,0,,,,
C,2700,0.041059,0,0,0,,,,
C,2701,0.040798,0,0,0,,,,
C,2702,0.038553,0,0,0,,,,
C,2703,0.047224,0,0,0,,,,
C,2704,0.049314,0,0,0,,,,
C,2705,0.039810,0,0,0,,,,
C,2706,0.039013,0,0,0,,,,
C,2707,0.039188,0,0,0,,,,
C,2708,0.040282,0,0,0,,,,
C,2709,0.040298,0,0,0,,,,
C,2710,0.038877,0,0,0,,,,
C,2711,0.041267,0,0,0,,,,
C,2712,0.038348,0,0,0,,,,
C,2713,0.046778,0,0,0,,,,
C,2714,0.037250,0,0,0,,,,
C,2715,0.045334,0,0,0,,,,
C,2716,0.039381,0,0,0,,,,
C,2717,0.040220,0,0,0,,,,
C,2718,0.055205,0,0,0,,,,
C,2719,0.041199,0,0,0,,,,
C,2720,0.041426,0,0,0,,,,
C,2721,0.037893,0,0,0,,,,
C,2722,0.037192,0,0,0,,,,
C,2723,0.037272,0,0,0,,,,
C,2724,0.052092,0,0,0,,,,
C,2725,0.041185,0,0,0,,,,
C,2726,0.040203,0,0,0,,,,
C,2727,0.040733,0,0,0,,,,
C,2728,0.039768,0,0,0,,,,
C,2729,0.047864,0,0,0,,,,
C,2730,0.041718,0,0,0,,,,
C,2731,0.039550,0,0,0,,,,
C,2732,0.045210,0,0,0,,,,
C,2733,0.039606,0,0,0,,,,
C,2734,0.038529,0,0,0,,,,
C,2735,0.037558,0,0,0,,,,
C,2736,0.037679,0,0,0,,,,
C,2737,0.038094,0,0,0,,,,
C,2738,0.039722,0,0,0,,,,
C,2739,0.040623,0,0,0,,,,
C,2740,0.038525,0,0,0,,,,
C,2741,0.038138,0,0,0,,,,
C,2742,0.037316,0,0,0,,,,
C,2743,0.037216,0,0,0,,,,
C,2744,0.036295,0,0,0,,,,
C,2745,0.037083,0,0,0,,,,
C,2746,0.037963,0,0,0,,,,
C,2747,0.038214,0,0,0,,,,
C,2748,0.037314,0,0,0,,,,
C,2749,0.037121,0,0,0,,,,
C,2750,0.035875,0,0,0,,,,
C,2751,0.035721,0,0,0,,,,
C,2752,0.044994,0,0,0,,,,
C,2753,0.040389,0,0,0,,,,
C,2754,0.040173,0,0,0,,,,
C,2755,0.039984,0,0,0,,,,
C,2756,0.053922,0,0,0,,,,
C,2757,0.041302,0,0,0,,,,
C,2758,0.040019,0,0,0,,,,
C,2759,0.037672,0,0,0,,,,
C,2760,0.043901,0,0,0,,,,
C,2761,0.039202,0,0,0,,,,
C,2762,0.038069,0,0,0,,,,
C,2763,0.039172,0,0,0,,,,
C,2764,0.037166,0,0,0,,,,
C,2765,0.037934,0,0,0,,,,
C,2766,0.036670,0,0,0,,,,
C,2767,0.037244,0,0,0,,,,
C,2768,0.050442,0,0,0,,,,
C,2769,0.037138,0,0,0,,,,
C,2770,0.041307,0,0,0,,,,
C,2771,0.037573,0,0,0,,,,
C,2772,0.044141,0,0,0,,,,
C,2773,0.040001,0,0,0,,,,
C,2774,0.036631,0,0,0,,,,
C,2775,0.038780,0,0,0,,,,
C,2776,0.039454,0,0,0,,,,
C,2777,0.044067,0,0,0,,,,
C,2778,0.037594,0,0,0,,,,
C,2779,0.037293,0,0,0,,,,
C,2780,0.038478,0,0,0,,,,
C,2781,0.039415,0,0,0,,,,
C,2782,0.035696,0,0,0,,,,
C,2783,0.035867,0,0,0,,,,
C,2784,0.037628,0,0,0,,,,
C,2785,0.036887,0,0,0,,,,
C,2786,0.041314,0,0,0,,,,
C,2787,0.043431,0,0,0,,,,
C,2788,0.042926,0,0,0,,,,
C,2789,0.041071,0,0,0,,,,
C,2790,0.042521,0,0,0,,,,
C,2791,0.040260,0,0,0,,,,
C,2792,0.037398,0,0,0,,,,
C,2793,0.038274,0,0,0,,,,
C,2794,0.039137,0,0,0,,,,
C,2795,0.041001,0,0,0,,,,
C,2796,0.041759,0,0,0,,,,
C,2797,0.038072,0,0,0,,,,
C,2798,0.038315,0,0,0,,,,
C,2799,0.041884,0,0,0,,,,
C,2800,0.036135,0,0,0,,,,
C,2801,0.039262,0,0,0,,,,
C,2802,0.036854,0,0,0,,,,
C,2803,0.037637,0,0,0,,,,
C,2804,0.038140,0,0,0,,,,
C,2805,0.038754,0,0,0,,,,
C,2806,0.038181,0,0,0,,,,
C,2807,0.042769,0,0,0,,,,
C,2808,0.038044,0,0,0,,,,
C,2809,0.040986,0,0,0,,,,
C,2810,0.042745,0,0,0,,,,
C,2811,0.044792,0,0,0,,,,
C,2812,0.040341,0,0,0,,,,
C,2813,0.044532,0,0,0,,,,
C,2814,0.040531,0,0,0,,,,
C,2815,0.039743,0,0,0,,,,
C,2816,0.037858,0,0,0,,,,
C,2817,0.042424,0,0,0,,,,
C,2818,0.037949,0,0,0,,,,
C,2819,0.040768,0,0,0,,,,
C,2820,0.041702,0,0,0,,,,
C,2821,0.039585,0,0,0,,,,
C,2822,0.039410,0,0,0,,,,
C,2823,0.038100,0,0,0,,,,
C,2824,0.040942,0,0,0,,,,
C,2825,0.040738,0,0,0,,,,
C,2826,0.037636,0,0,0,,,,
C,2827,0.037169,0,0,0,,,,
C,2828,0.037026,0,0,0,,,,
C,2829,0.038958,0,0,0,,,,
C,2830,0.038550,0,0,0,,,,
C,2831,0.037366,0,0,0,,,,
C,2832,0.036901,0,0,0,,,,
C,2833,0.036493,0,0,0,,,,
C,2834,0.037767,0,0,0,,,,
C,2835,0.037610,0,0,0,,,,
C,2836,0.037821,0,0,0,,,,
C,2837,0.037476,0,0,0,,,,
C,2838,0.042432,0,0,0,,,,
C,2839,0.039428,0,0,0,,,,
C,2840,0.036707,0,0,0,,,,
C,2841,0.035634,0,0,0,,,,
C,2842,0.040665,0,0,0,,,,
C,2843,0.037040,0,0,0,,,,
C,2844,0.037223,0,0,0,,,,
C,2845,0.035856,0,0,0,,,,
C,2846,0.037218,0,0,0,,,,
C,2847,0.036510,0,0,0,,,,
C,2848,0.037122,0,0,0,,,,
C,2849,0.036627,0,0,0,,,,
C,2850,0.037931,0,0,0,,,,
C,2851,0.037709,0,0,0,,,,
C,2852,0.035493,0,0,0,,,,
C,2853,0.036675,0,0,0,,,,
C,2854,0.035154,0,0,0,,,,
C,2855,0.036510,0,0,0,,,,
C,2856,0.037110,0,0,0,,,,
C,2857,0.043104,0,0,0,,,,
C,2858,0.041633,0,0,0,,,,
C,2859,0.042035,0,0,0,,,,
C,2860,0.039949,0,0,0,,,,
C,2861,0.042703,0,0,0,,,,
C,2862,0.037735,0,0,0,,,,
C,2863,0.037887,0,0,0,,,,
C,2864,0.036210,0,0,0,,,,
C,2865,0.040079,0,0,0,,,,
C,2866,0.040722,0,0,0,,,,
C,2867,0.040067,0,0,0,,,,
C,2868,0.039751,0,0,0,,,,
C,2869,0.045412,0,0,0,,,,
C,2870,0.042388,0,0,0,,,,
C,2871,0.041626,0,0,0,,,,
C,2872,0.040282,0,0,0,,,,
C,2873,0.037662,0,0,0,,,,
C,2874,0.036847,0,0,0,,,,
C,2875,0.039040,0,0,0,,,,
C,2876,0.037767,0,0,0,,,,
C,2877,0.038060,0,0,0,,,,
C,2878,0.037340,0,0,0,,,,
C,2879,0.038463,0,0,0,,,,
C,2880,0.037505,0,0,0,,,,
C,2881,0.038944,0,0,0,,,,
C,2882,0.037752,0,0,0,,,,
C,2883,0.037212,0,0,0,,,,
C,2884,0.036942,0,0,0,,,,
C,2885,0.037311,0,0,0,,,,
C,2886,0.036903,0,0,0,,,,
C,2887,0.037379,0,0,0,,,,
C,2888,0.037525,0,0,0,,,,
C,2889,0.037709,0,0,0,,,,
C,2890,0.037109,0,0,0,,,,
C,2891,0.037617,0,0,0,,,,
C,2892,0.038135,0,0,0,,,,
C,2893,0.037285,0,0,0,,,,
C,2894,0.036830,0,0,0,,,,
C,2895,0.038737,0,0,0,,,,
C,2896,0.039357,0,0,0,,,,
C,2897,0.043068,0,0,0,,,,
C,2898,0.037493,0,0,0,,,,
C,2899,0.042187,0,0,0,,,,
C,2900,0.037654,0,0,0,,,,
C,2901,0.037227,0,0,0,,,,
C,2902,0.035938,0,0,0,,,,
C,2903,0.036439,0,0,0,,,,
C,2904,0.036986,0,0,0,,,,
C,2905,0.036594,0,0,0,,,,
C,2906,0.037442,0,0,0,,,,
C,2907,0.037158,0,0,0,,,,
C,2908,0.041146,0,0,0,,,,
C,2909,0.040658,0,0,0,,,,
C,2910,0.043007,0,0,0,,,,
C,2911,0.041453,0,0,0,,,,
C,2912,0.044083,0,0,0,,,,
C,2913,0.038324,0,0,0,,,,
C,2914,0.049326,0,0,0,,,,
C,2915,0.038360,0,0,0,,,,
C,2916,0.037232,0,0,0,,,,
C,2917,0.046864,0,0,0,,,,
C,2918,0.047761,0,0,0,,,,
C,2919,0.038299,0,0,0,,,,
C,2920,0.038032,0,0,0,,,,
C,2921,0.040609,0,0,0,,,,
C,2922,0.039415,0,0,0,,,,
C,2923,0.036014,0,0,0,,,,
C,2924,0.036300,0,0,0,,,,
C,2925,0.036598,0,0,0,,,,
C,2926,0.036612,0,0,0,,,,
C,2927,0.035713,0,0,0,,,,
C,2928,0.036916,0,0,0,,,,
C,2929,0.048505,0,0,0,,,,
C,2930,0.036528,0,0,0,,,,
C,2931,0.035727,0,0,0,,,,
C,2932,0.036237,0,0,0,,,,
C,2933,0.036109,0,0,0,,,,
C,2934,0.036144,0,0,0,,,,
C,2935,0.036414,0,0,0,,,,
C,2936,0.036333,0,0,0,,,,
C,2937,0.037714,0,0,0,,,,
C,2938,0.038450,0,0,0,,,,
C,2939,0.036728,0,0,0,,,,
C,2940,0.038030,0,0,0,,,,
C,2941,0.046189,0,0,0,,,,
C,2942,0.037856,0,0,0,,,,
C,2943,0.043791,0,0,0,,,,
C,2944,0.042328,0,0,0,,,,
C,2945,0.037824,0,0,0,,,,
C,2946,0.038214,0,0,0,,,,
C,2947,0.043152,0,0,0,,,,
C,2948,0.039036,0,0,0,,,,
C,2949,0.048874,0,0,0,,,,
C,2950,0.038940,0,0,0,,,,
C,2951,0.040991,0,0,0,,,,
C,2952,0.039168,0,0,0,,,,
C,2953,0.040746,0,0,0,,,,
C,2954,0.037578,0,0,0,,,,
C,2955,0.045250,0,0,0,,,,
C,2956,0.038306,0,0,0,,,,
C,2957,0.041613,0,0,0,,,,
C,2958,0.038593,0,0,0,,,,
C,2959,0.043898,0,0,0,,,,
C,2960,0.041025,0,0,0,,,,
C,2961,0.041738,0,0,0,,,,
C,2962,0.041398,0,0,0,,,,
C,2963,0.038349,0,0,0,,,,
C,2964,0.039766,0,0,0,,,,
C,2965,0.042708,0,0,0,,,,
C,2966,0.038675,0,0,0,,,,
C,2967,0.038071,0,0,0,,,,
C,2968,0.043451,0,0,0,,,,
C,2969,0.038606,0,0,0,,,,
C,2970,0.038286,0,0,0,,,,
C,2971,0.041152,0,0,0,,,,
C,2972,0.043412,0,0,0,,,,
C,2973,0.047368,0,0,0,,,,
C,2974,0.038229,0,0,0,,,,
C,2975,0.038783,0,0,0,,,,
C,2976,0.038772,0,0,0,,,,
C,2977,0.039765,0,0,0,,,,
C,2978,0.037475,0,0,0,,,,
C,2979,0.038809,0,0,0,,,,
C,2980,0.036863,0,0,0,,,,
C,2981,0.040817,0,0,0,,,,
C,2982,0.038168,0,0,0,,,,
C,2983,0.043126,0,0,0,,,,
C,2984,0.044793,0,0,0,,,,
C,2985,0.038945,0,0,0,,,,
C,2986,0.038946,0,0,0,,,,
C,2987,0.038750,0,0,0,,,,
C,2988,0.045377,0,0,0,,,,
C,2989,0.039392,0,0,0,,,,
C,2990,0.044738,0,0,0,,,,
C,2991,0.039986,0,0,0,,,,
C,2992,0.036598,0,0,0,,,,
C,2993,0.035815,0,0,0,,,,
C,2994,0.037554,0,0,0,,,,
C,2995,0.036788,0,0,0,,,,
C,2996,0.038506,0,0,0,,,,
C,2997,0.038573,0,0,0,,,,
C,2998,0.037845,0,0,0,,,,
C,2999,0.038078,0,0,0,,,,
C,3000,0.038290,0,0,0,205.9,1.816e-11,"{'checked': 26, 'zsx_rejected': 6, 'default_rejected': 0, 'closed_form_forced': 0, 'inexact': 9, 'exact_rebuilt': 0, 'best_effort': 0, 'best_effort_worst': 0.0, 'psf_rerouted': 0, 'psf_rerouted_worst_residual': 0.0}",179
C,3001,0.038055,0,0,0,,,,
C,3002,0.038565,0,0,0,,,,
C,3003,0.037249,0,0,0,,,,
C,3004,0.042220,0,0,0,,,,
C,3005,0.043075,0,0,0,,,,
C,3006,0.037050,0,0,0,,,,
C,3007,0.038889,0,0,0,,,,
C,3008,0.037761,0,0,0,,,,
C,3009,0.039070,0,0,0,,,,
C,3010,0.036239,0,0,0,,,,
C,3011,0.036007,0,0,0,,,,
C,3012,0.036304,0,0,0,,,,
C,3013,0.036002,0,0,0,,,,
C,3014,0.036375,0,0,0,,,,
C,3015,0.036230,0,0,0,,,,
C,3016,0.036588,0,0,0,,,,
C,3017,0.043477,0,0,0,,,,
C,3018,0.036757,0,0,0,,,,
C,3019,0.037169,0,0,0,,,,
C,3020,0.035964,0,0,0,,,,
C,3021,0.036550,0,0,0,,,,
C,3022,0.035353,0,0,0,,,,
C,3023,0.036495,0,0,0,,,,
C,3024,0.036846,0,0,0,,,,
C,3025,0.037254,0,0,0,,,,
C,3026,0.037770,0,0,0,,,,
C,3027,0.039623,0,0,0,,,,
C,3028,0.040128,0,0,0,,,,
C,3029,0.037386,0,0,0,,,,
C,3030,0.038273,0,0,0,,,,
C,3031,0.037017,0,0,0,,,,
C,3032,0.036913,0,0,0,,,,
C,3033,0.038171,0,0,0,,,,
C,3034,0.038411,0,0,0,,,,
C,3035,0.038459,0,0,0,,,,
C,3036,0.037898,0,0,0,,,,
C,3037,0.037311,0,0,0,,,,
C,3038,0.036976,0,0,0,,,,
C,3039,0.036487,0,0,0,,,,
C,3040,0.037343,0,0,0,,,,
C,3041,0.038345,0,0,0,,,,
C,3042,0.038270,0,0,0,,,,
C,3043,0.037474,0,0,0,,,,
C,3044,0.036548,0,0,0,,,,
C,3045,0.037699,0,0,0,,,,
C,3046,0.037742,0,0,0,,,,
C,3047,0.036843,0,0,0,,,,
C,3048,0.037465,0,0,0,,,,
C,3049,0.037206,0,0,0,,,,
C,3050,0.037004,0,0,0,,,,
C,3051,0.039415,0,0,0,,,,
C,3052,0.038049,0,0,0,,,,
C,3053,0.038330,0,0,0,,,,
C,3054,0.036751,0,0,0,,,,
C,3055,0.042758,0,0,0,,,,
C,3056,0.041041,0,0,0,,,,
C,3057,0.037976,0,0,0,,,,
C,3058,0.037138,0,0,0,,,,
C,3059,0.037548,0,0,0,,,,
C,3060,0.037710,0,0,0,,,,
C,3061,0.036884,0,0,0,,,,
C,3062,0.040713,0,0,0,,,,
C,3063,0.037106,0,0,0,,,,
C,3064,0.036976,0,0,0,,,,
C,3065,0.036705,0,0,0,,,,
C,3066,0.036868,0,0,0,,,,
C,3067,0.037278,0,0,0,,,,
C,3068,0.037719,0,0,0,,,,
C,3069,0.038539,0,0,0,,,,
C,3070,0.051155,0,0,0,,,,
C,3071,0.042899,0,0,0,,,,
C,3072,0.043049,0,0,0,,,,
C,3073,0.038596,0,0,0,,,,
C,3074,0.040606,0,0,0,,,,
C,3075,0.038424,0,0,0,,,,
C,3076,0.038362,0,0,0,,,,
C,3077,0.038084,0,0,0,,,,
C,3078,0.036975,0,0,0,,,,
C,3079,0.037040,0,0,0,,,,
C,3080,0.041827,0,0,0,,,,
C,3081,0.037344,0,0,0,,,,
C,3082,0.036752,0,0,0,,,,
C,3083,0.037675,0,0,0,,,,
C,3084,0.038785,0,0,0,,,,
C,3085,0.040370,0,0,0,,,,
C,3086,0.038488,0,0,0,,,,
C,3087,0.040838,0,0,0,,,,
C,3088,0.039130,0,0,0,,,,
C,3089,0.038226,0,0,0,,,,
C,3090,0.039056,0,0,0,,,,
C,3091,0.047367,0,0,0,,,,
C,3092,0.046766,0,0,0,,,,
C,3093,0.037843,0,0,0,,,,
C,3094,0.040137,0,0,0,,,,
C,3095,0.039045,0,0,0,,,,
C,3096,0.038694,0,0,0,,,,
C,3097,0.041165,0,0,0,,,,
C,3098,0.037917,0,0,0,,,,
C,3099,0.038957,0,0,0,,,,
C,3100,0.037155,0,0,0,,,,
C,3101,0.037661,0,0,0,,,,
C,3102,0.039607,0,0,0,,,,
C,3103,0.037284,0,0,0,,,,
C,3104,0.037088,0,0,0,,,,
C,3105,0.037274,0,0,0,,,,
C,3106,0.036931,0,0,0,,,,
C,3107,0.037122,0,0,0,,,,
C,3108,0.040310,0,0,0,,,,
C,3109,0.036489,0,0,0,,,,
C,3110,0.037365,0,0,0,,,,
C,3111,0.037423,0,0,0,,,,
C,3112,0.037272,0,0,0,,,,
C,3113,0.036999,0,0,0,,,,
C,3114,0.037296,0,0,0,,,,
C,3115,0.044105,0,0,0,,,,
C,3116,0.036802,0,0,0,,,,
C,3117,0.038349,0,0,0,,,,
C,3118,0.201390,0,0,0,,,,
C,3119,0.044941,0,0,0,,,,
C,3120,0.054074,0,0,0,,,,
C,3121,0.037876,0,0,0,,,,
C,3122,0.037042,0,0,0,,,,
C,3123,0.037059,0,0,0,,,,
C,3124,0.037132,0,0,0,,,,
C,3125,0.037053,0,0,0,,,,
C,3126,0.037996,0,0,0,,,,
C,3127,0.037520,0,0,0,,,,
C,3128,0.036985,0,0,0,,,,
C,3129,0.038718,0,0,0,,,,
C,3130,0.036915,0,0,0,,,,
C,3131,0.038585,0,0,0,,,,
C,3132,0.037228,0,0,0,,,,
C,3133,0.037194,0,0,0,,,,
C,3134,0.044435,0,0,0,,,,
C,3135,0.041595,0,0,0,,,,
C,3136,0.036256,0,0,0,,,,
C,3137,0.036664,0,0,0,,,,
C,3138,0.038145,0,0,0,,,,
C,3139,0.037972,0,0,0,,,,
C,3140,0.036912,0,0,0,,,,
C,3141,0.036380,0,0,0,,,,
C,3142,0.036413,0,0,0,,,,
C,3143,0.037982,0,0,0,,,,
C,3144,0.036737,0,0,0,,,,
C,3145,0.038848,0,0,0,,,,
C,3146,0.040641,0,0,0,,,,
C,3147,0.037981,0,0,0,,,,
C,3148,0.037600,0,0,0,,,,
C,3149,0.047232,0,0,0,,,,
C,3150,0.039877,0,0,0,,,,
C,3151,0.041542,0,0,0,,,,
C,3152,0.044201,0,0,0,,,,
C,3153,0.043504,0,0,0,,,,
C,3154,0.038788,0,0,0,,,,
C,3155,0.038015,0,0,0,,,,
C,3156,0.037721,0,0,0,,,,
C,3157,0.038141,0,0,0,,,,
C,3158,0.036936,0,0,0,,,,
C,3159,0.043898,0,0,0,,,,
C,3160,0.038353,0,0,0,,,,
C,3161,0.041870,0,0,0,,,,
C,3162,0.043325,0,0,0,,,,
C,3163,0.042654,0,0,0,,,,
C,3164,0.044695,0,0,0,,,,
C,3165,0.040078,0,0,0,,,,
C,3166,0.039387,0,0,0,,,,
C,3167,0.038432,0,0,0,,,,
C,3168,0.039012,0,0,0,,,,
C,3169,0.037272,0,0,0,,,,
C,3170,0.038108,0,0,0,,,,
C,3171,0.037867,0,0,0,,,,
C,3172,0.038412,0,0,0,,,,
C,3173,0.037176,0,0,0,,,,
C,3174,0.039597,0,0,0,,,,
C,3175,0.036984,0,0,0,,,,
C,3176,0.037613,0,0,0,,,,
C,3177,0.039806,0,0,0,,,,
C,3178,0.037475,0,0,0,,,,
C,3179,0.037483,0,0,0,,,,
C,3180,0.037158,0,0,0,,,,
C,3181,0.045648,0,0,0,,,,
C,3182,0.042589,0,0,0,,,,
C,3183,0.040632,0,0,0,,,,
C,3184,0.037463,0,0,0,,,,
C,3185,0.040338,0,0,0,,,,
C,3186,0.038756,0,0,0,,,,
C,3187,0.038085,0,0,0,,,,
C,3188,0.037772,0,0,0,,,,
C,3189,0.038744,0,0,0,,,,
C,3190,0.051915,0,0,0,,,,
C,3191,0.037550,0,0,0,,,,
C,3192,0.039484,0,0,0,,,,
C,3193,0.037438,0,0,0,,,,
C,3194,0.041026,0,0,0,,,,
C,3195,0.042428,0,0,0,,,,
C,3196,0.037060,0,0,0,,,,
C,3197,0.040707,0,0,0,,,,
C,3198,0.041253,0,0,0,,,,
C,3199,0.038807,0,0,0,,,,
C,3200,0.037137,0,0,0,,,,
C,3201,0.040260,0,0,0,,,,
C,3202,0.036974,0,0,0,,,,
C,3203,0.038869,0,0,0,,,,
C,3204,0.038858,0,0,0,,,,
C,3205,0.038312,0,0,0,,,,
C,3206,0.039487,0,0,0,,,,
C,3207,0.046219,0,0,0,,,,
C,3208,0.039203,0,0,0,,,,
C,3209,0.036568,0,0,0,,,,
C,3210,0.040527,0,0,0,,,,
C,3211,0.038478,0,0,0,,,,
C,3212,0.037080,0,0,0,,,,
C,3213,0.038537,0,0,0,,,,
C,3214,0.040347,0,0,0,,,,
C,3215,0.039195,0,0,0,,,,
C,3216,0.040425,0,0,0,,,,
C,3217,0.037901,0,0,0,,,,
C,3218,0.037402,0,0,0,,,,
C,3219,0.041922,0,0,0,,,,
C,3220,0.038183,0,0,0,,,,
C,3221,0.036335,0,0,0,,,,
C,3222,0.036087,0,0,0,,,,
C,3223,0.038269,0,0,0,,,,
C,3224,0.036786,0,0,0,,,,
C,3225,0.037349,0,0,0,,,,
C,3226,0.042088,0,0,0,,,,
C,3227,0.038154,0,0,0,,,,
C,3228,0.040761,0,0,0,,,,
C,3229,0.037557,0,0,0,,,,
C,3230,0.069620,0,0,0,,,,
C,3231,0.039081,0,0,0,,,,
C,3232,0.045067,0,0,0,,,,
C,3233,0.042085,0,0,0,,,,
C,3234,0.038320,0,0,0,,,,
C,3235,0.038081,0,0,0,,,,
C,3236,0.039502,0,0,0,,,,
C,3237,0.045872,0,0,0,,,,
C,3238,0.038947,0,0,0,,,,
C,3239,0.043526,0,0,0,,,,
C,3240,0.040992,0,0,0,,,,
C,3241,0.036957,0,0,0,,,,
C,3242,0.037158,0,0,0,,,,
C,3243,0.036975,0,0,0,,,,
C,3244,0.038072,0,0,0,,,,
C,3245,0.036626,0,0,0,,,,
C,3246,0.036031,0,0,0,,,,
C,3247,0.036430,0,0,0,,,,
C,3248,0.039935,0,0,0,,,,
C,3249,0.036399,0,0,0,,,,
C,3250,0.037586,0,0,0,,,,
C,3251,0.036163,0,0,0,,,,
C,3252,0.037358,0,0,0,,,,
C,3253,0.038056,0,0,0,,,,
C,3254,0.042220,0,0,0,,,,
C,3255,0.038007,0,0,0,,,,
C,3256,0.036639,0,0,0,,,,
C,3257,0.039625,0,0,0,,,,
C,3258,0.042481,0,0,0,,,,
C,3259,0.042550,0,0,0,,,,
C,3260,0.036905,0,0,0,,,,
C,3261,0.038728,0,0,0,,,,
C,3262,0.039264,0,0,0,,,,
C,3263,0.039183,0,0,0,,,,
C,3264,0.049379,0,0,0,,,,
C,3265,0.040467,0,0,0,,,,
C,3266,0.036315,0,0,0,,,,
C,3267,0.039277,0,0,0,,,,
C,3268,0.042860,0,0,0,,,,
C,3269,0.039029,0,0,0,,,,
C,3270,0.042065,0,0,0,,,,
C,3271,0.041242,0,0,0,,,,
C,3272,0.043008,0,0,0,,,,
C,3273,0.040332,0,0,0,,,,
C,3274,0.037509,0,0,0,,,,
C,3275,0.036906,0,0,0,,,,
C,3276,0.037374,0,0,0,,,,
C,3277,0.038625,0,0,0,,,,
C,3278,0.040094,0,0,0,,,,
C,3279,0.037587,0,0,0,,,,
C,3280,0.037983,0,0,0,,,,
C,3281,0.041114,0,0,0,,,,
C,3282,0.039745,0,0,0,,,,
C,3283,0.037259,0,0,0,,,,
C,3284,0.040266,0,0,0,,,,
C,3285,0.041647,0,0,0,,,,
C,3286,0.036809,0,0,0,,,,
C,3287,0.037085,0,0,0,,,,
C,3288,0.036715,0,0,0,,,,
C,3289,0.038767,0,0,0,,,,
C,3290,0.036481,0,0,0,,,,
C,3291,0.061301,0,0,0,,,,
C,3292,0.041932,0,0,0,,,,
C,3293,0.037662,0,0,0,,,,
C,3294,0.042028,0,0,0,,,,
C,3295,0.041041,0,0,0,,,,
C,3296,0.039215,0,0,0,,,,
C,3297,0.041112,0,0,0,,,,
C,3298,0.039655,0,0,0,,,,
C,3299,0.041289,0,0,0,,,,
C,3300,0.039928,0,0,0,,,,
C,3301,0.039686,0,0,0,,,,
C,3302,0.038327,0,0,0,,,,
C,3303,0.037775,0,0,0,,,,
C,3304,0.037412,0,0,0,,,,
C,3305,0.036223,0,0,0,,,,
C,3306,0.036910,0,0,0,,,,
C,3307,0.037052,0,0,0,,,,
C,3308,0.037693,0,0,0,,,,
C,3309,0.036803,0,0,0,,,,
C,3310,0.038470,0,0,0,,,,
C,3311,0.039233,0,0,0,,,,
C,3312,0.037359,0,0,0,,,,
C,3313,0.042948,0,0,0,,,,
C,3314,0.037291,0,0,0,,,,
C,3315,0.038431,0,0,0,,,,
C,3316,0.038144,0,0,0,,,,
C,3317,0.039078,0,0,0,,,,
C,3318,0.037554,0,0,0,,,,
C,3319,0.043124,0,0,0,,,,
C,3320,0.037809,0,0,0,,,,
C,3321,0.038192,0,0,0,,,,
C,3322,0.053927,0,0,0,,,,
C,3323,0.038025,0,0,0,,,,
C,3324,0.037667,0,0,0,,,,
C,3325,0.037681,0,0,0,,,,
C,3326,0.037735,0,0,0,,,,
C,3327,0.037616,0,0,0,,,,
C,3328,0.038943,0,0,0,,,,
C,3329,0.036884,0,0,0,,,,
C,3330,0.037904,0,0,0,,,,
C,3331,0.037191,0,0,0,,,,
C,3332,0.041983,0,0,0,,,,
C,3333,0.037574,0,0,0,,,,
C,3334,0.038598,0,0,0,,,,
C,3335,0.037203,0,0,0,,,,
C,3336,0.037971,0,0,0,,,,
C,3337,0.037910,0,0,0,,,,
C,3338,0.040407,0,0,0,,,,
C,3339,0.050831,0,0,0,,,,
C,3340,0.039947,0,0,0,,,,
C,3341,0.038830,0,0,0,,,,
C,3342,0.038652,0,0,0,,,,
C,3343,0.040263,0,0,0,,,,
C,3344,0.036429,0,0,0,,,,
C,3345,0.036805,0,0,0,,,,
C,3346,0.038878,0,0,0,,,,
C,3347,0.037506,0,0,0,,,,
C,3348,0.037074,0,0,0,,,,
C,3349,0.037228,0,0,0,,,,
C,3350,0.037878,0,0,0,,,,
C,3351,0.039175,0,0,0,,,,
C,3352,0.040557,0,0,0,,,,
C,3353,0.041369,0,0,0,,,,
C,3354,0.038041,0,0,0,,,,
C,3355,0.037564,0,0,0,,,,
C,3356,0.037602,0,0,0,,,,
C,3357,0.038774,0,0,0,,,,
C,3358,0.038445,0,0,0,,,,
C,3359,0.041805,0,0,0,,,,
C,3360,0.040879,0,0,0,,,,
C,3361,0.042261,0,0,0,,,,
C,3362,0.052291,0,0,0,,,,
C,3363,0.042364,0,0,0,,,,
C,3364,0.053817,0,0,0,,,,
C,3365,0.050181,0,0,0,,,,
C,3366,0.041426,0,0,0,,,,
C,3367,0.041741,0,0,0,,,,
C,3368,0.041689,0,0,0,,,,
C,3369,0.039091,0,0,0,,,,
C,3370,0.039094,0,0,0,,,,
C,3371,0.039064,0,0,0,,,,
C,3372,0.038280,0,0,0,,,,
C,3373,0.038514,0,0,0,,,,
C,3374,0.039210,0,0,0,,,,
C,3375,0.041687,0,0,0,,,,
C,3376,0.036054,0,0,0,,,,
C,3377,0.037981,0,0,0,,,,
C,3378,0.036073,0,0,0,,,,
C,3379,0.038381,0,0,0,,,,
C,3380,0.038439,0,0,0,,,,
C,3381,0.038788,0,0,0,,,,
C,3382,0.036457,0,0,0,,,,
C,3383,0.046138,0,0,0,,,,
C,3384,0.037786,0,0,0,,,,
C,3385,0.039589,0,0,0,,,,
C,3386,0.040468,0,0,0,,,,
C,3387,0.040464,0,0,0,,,,
C,3388,0.037959,0,0,0,,,,
C,3389,0.037595,0,0,0,,,,
C,3390,0.037485,0,0,0,,,,
C,3391,0.037514,0,0,0,,,,
C,3392,0.037631,0,0,0,,,,
C,3393,0.038588,0,0,0,,,,
C,3394,0.041219,0,0,0,,,,
C,3395,0.070483,0,0,0,,,,
C,3396,0.039118,0,0,0,,,,
C,3397,0.037877,0,0,0,,,,
C,3398,0.037059,0,0,0,,,,
C,3399,0.045390,0,0,0,,,,
C,3400,0.038289,0,0,0,,,,
C,3401,0.037309,0,0,0,,,,
C,3402,0.043854,0,0,0,,,,
C,3403,0.038544,0,0,0,,,,
C,3404,0.037299,0,0,0,,,,
C,3405,0.039379,0,0,0,,,,
C,3406,0.038655,0,0,0,,,,
C,3407,0.041515,0,0,0,,,,
C,3408,0.040437,0,0,0,,,,
C,3409,0.038622,0,0,0,,,,
C,3410,0.039181,0,0,0,,,,
C,3411,0.041355,0,0,0,,,,
C,3412,0.036833,0,0,0,,,,
C,3413,0.037988,0,0,0,,,,
C,3414,0.047293,0,0,0,,,,
C,3415,0.036401,0,0,0,,,,
C,3416,0.037923,0,0,0,,,,
C,3417,0.039277,0,0,0,,,,
C,3418,0.043145,0,0,0,,,,
C,3419,0.039859,0,0,0,,,,
C,3420,0.037827,0,0,0,,,,
C,3421,0.044712,0,0,0,,,,
C,3422,0.049032,0,0,0,,,,
C,3423,0.056230,0,0,0,,,,
C,3424,0.040250,0,0,0,,,,
C,3425,0.040328,0,0,0,,,,
C,3426,0.047448,0,0,0,,,,
C,3427,0.044702,0,0,0,,,,
C,3428,0.043411,0,0,0,,,,
C,3429,0.041671,0,0,0,,,,
C,3430,0.051516,0,0,0,,,,
C,3431,0.037864,0,0,0,,,,
C,3432,0.039462,0,0,0,,,,
C,3433,0.036186,0,0,0,,,,
C,3434,0.037122,0,0,0,,,,
C,3435,0.042534,0,0,0,,,,
C,3436,0.044341,0,0,0,,,,
C,3437,0.041737,0,0,0,,,,
C,3438,0.038799,0,0,0,,,,
C,3439,0.050905,0,0,0,,,,
C,3440,0.040201,0,0,0,,,,
C,3441,0.036294,0,0,0,,,,
C,3442,0.035966,0,0,0,,,,
C,3443,0.040066,0,0,0,,,,
C,3444,0.042806,0,0,0,,,,
C,3445,0.053430,0,0,0,,,,
C,3446,0.040092,0,0,0,,,,
C,3447,0.038450,0,0,0,,,,
C,3448,0.035757,0,0,0,,,,
C,3449,0.040676,0,0,0,,,,
C,3450,0.036921,0,0,0,,,,
C,3451,0.038537,0,0,0,,,,
C,3452,0.040477,0,0,0,,,,
C,3453,0.037347,0,0,0,,,,
C,3454,0.046391,0,0,0,,,,
C,3455,0.042928,0,0,0,,,,
C,3456,0.040154,0,0,0,,,,
C,3457,0.038231,0,0,0,,,,
C,3458,0.039796,0,0,0,,,,
C,3459,0.041407,0,0,0,,,,
C,3460,0.039632,0,0,0,,,,
C,3461,0.041498,0,0,0,,,,
C,3462,0.038428,0,0,0,,,,
C,3463,0.038841,0,0,0,,,,
C,3464,0.045845,0,0,0,,,,
C,3465,0.040455,0,0,0,,,,
C,3466,0.042108,0,0,0,,,,
C,3467,0.046358,0,0,0,,,,
C,3468,0.038575,0,0,0,,,,
C,3469,0.042339,0,0,0,,,,
C,3470,0.045837,0,0,0,,,,
C,3471,0.039524,0,0,0,,,,
C,3472,0.038178,0,0,0,,,,
C,3473,0.039909,0,0,0,,,,
C,3474,0.043213,0,0,0,,,,
C,3475,0.053977,0,0,0,,,,
C,3476,0.046671,0,0,0,,,,
C,3477,0.048077,0,0,0,,,,
C,3478,0.037485,0,0,0,,,,
C,3479,0.038192,0,0,0,,,,
C,3480,0.037195,0,0,0,,,,
C,3481,0.038540,0,0,0,,,,
C,3482,0.036286,0,0,0,,,,
C,3483,0.038097,0,0,0,,,,
C,3484,0.037440,0,0,0,,,,
C,3485,0.040041,0,0,0,,,,
C,3486,0.041535,0,0,0,,,,
C,3487,0.040497,0,0,0,,,,
C,3488,0.037289,0,0,0,,,,
C,3489,0.038939,0,0,0,,,,
C,3490,0.037912,0,0,0,,,,
C,3491,0.049867,0,0,0,,,,
C,3492,0.038974,0,0,0,,,,
C,3493,0.042256,0,0,0,,,,
C,3494,0.042096,0,0,0,,,,
C,3495,0.041453,0,0,0,,,,
C,3496,0.044205,0,0,0,,,,
C,3497,0.038076,0,0,0,,,,
C,3498,0.041539,0,0,0,,,,
C,3499,0.039380,0,0,0,,,,
C,3500,0.039302,0,0,0,,,,
C,3501,0.040019,0,0,0,,,,
C,3502,0.039434,0,0,0,,,,
C,3503,0.038517,0,0,0,,,,
C,3504,0.043720,0,0,0,,,,
C,3505,0.043462,0,0,0,,,,
C,3506,0.037006,0,0,0,,,,
C,3507,0.041261,0,0,0,,,,
C,3508,0.038639,0,0,0,,,,
C,3509,0.036807,0,0,0,,,,
C,3510,0.036762,0,0,0,,,,
C,3511,0.037813,0,0,0,,,,
C,3512,0.037122,0,0,0,,,,
C,3513,0.038101,0,0,0,,,,
C,3514,0.037153,0,0,0,,,,
C,3515,0.037584,0,0,0,,,,
C,3516,0.037332,0,0,0,,,,
C,3517,0.036115,0,0,0,,,,
C,3518,0.040260,0,0,0,,,,
C,3519,0.038930,0,0,0,,,,
C,3520,0.036356,0,0,0,,,,
C,3521,0.036454,0,0,0,,,,
C,3522,0.038041,0,0,0,,,,
C,3523,0.039226,0,0,0,,,,
C,3524,0.036841,0,0,0,,,,
C,3525,0.043394,0,0,0,,,,
C,3526,0.038144,0,0,0,,,,
C,3527,0.039568,0,0,0,,,,
C,3528,0.036843,0,0,0,,,,
C,3529,0.036183,0,0,0,,,,
C,3530,0.039481,0,0,0,,,,
C,3531,0.036749,0,0,0,,,,
C,3532,0.036182,0,0,0,,,,
C,3533,0.038690,0,0,0,,,,
C,3534,0.037831,0,0,0,,,,
C,3535,0.036625,0,0,0,,,,
C,3536,0.035654,0,0,0,,,,
C,3537,0.036864,0,0,0,,,,
C,3538,0.035886,0,0,0,,,,
C,3539,0.039793,0,0,0,,,,
C,3540,0.037413,0,0,0,,,,
C,3541,0.036985,0,0,0,,,,
C,3542,0.037260,0,0,0,,,,
C,3543,0.048284,0,0,0,,,,
C,3544,0.041029,0,0,0,,,,
C,3545,0.037224,0,0,0,,,,
C,3546,0.041286,0,0,0,,,,
C,3547,0.039458,0,0,0,,,,
C,3548,0.039402,0,0,0,,,,
C,3549,0.037804,0,0,0,,,,
C,3550,0.039205,0,0,0,,,,
C,3551,0.046092,0,0,0,,,,
C,3552,0.038725,0,0,0,,,,
C,3553,0.037322,0,0,0,,,,
C,3554,0.036356,0,0,0,,,,
C,3555,0.037021,0,0,0,,,,
C,3556,0.036651,0,0,0,,,,
C,3557,0.037169,0,0,0,,,,
C,3558,0.038398,0,0,0,,,,
C,3559,0.038040,0,0,0,,,,
C,3560,0.037497,0,0,0,,,,
C,3561,0.036315,0,0,0,,,,
C,3562,0.040654,0,0,0,,,,
C,3563,0.040361,0,0,0,,,,
C,3564,0.037759,0,0,0,,,,
C,3565,0.040381,0,0,0,,,,
C,3566,0.037363,0,0,0,,,,
C,3567,0.038220,0,0,0,,,,
C,3568,0.042744,0,0,0,,,,
C,3569,0.047950,0,0,0,,,,
C,3570,0.039118,0,0,0,,,,
C,3571,0.039967,0,0,0,,,,
C,3572,0.044261,0,0,0,,,,
C,3573,0.042786,0,0,0,,,,
C,3574,0.038296,0,0,0,,,,
C,3575,0.039251,0,0,0,,,,
C,3576,0.051971,0,0,0,,,,
C,3577,0.042072,0,0,0,,,,
C,3578,0.045328,0,0,0,,,,
C,3579,0.037585,0,0,0,,,,
C,3580,0.045214,0,0,0,,,,
C,3581,0.037459,0,0,0,,,,
C,3582,0.037455,0,0,0,,,,
C,3583,0.039267,0,0,0,,,,
C,3584,0.041831,0,0,0,,,,
C,3585,0.040068,0,0,0,,,,
C,3586,0.041190,0,0,0,,,,
C,3587,0.040261,0,0,0,,,,
C,3588,0.040874,0,0,0,,,,
C,3589,0.036338,0,0,0,,,,
C,3590,0.039113,0,0,0,,,,
C,3591,0.037713,0,0,0,,,,
C,3592,0.038629,0,0,0,,,,
C,3593,0.037457,0,0,0,,,,
C,3594,0.038052,0,0,0,,,,
C,3595,0.039474,0,0,0,,,,
C,3596,0.037627,0,0,0,,,,
C,3597,0.038637,0,0,0,,,,
C,3598,0.037885,0,0,0,,,,
C,3599,0.037608,0,0,0,,,,
C,3600,0.036892,0,0,0,,,,
C,3601,0.036223,0,0,0,,,,
C,3602,0.037766,0,0,0,,,,
C,3603,0.036900,0,0,0,,,,
C,3604,0.038898,0,0,0,,,,
C,3605,0.040493,0,0,0,,,,
C,3606,0.037339,0,0,0,,,,
C,3607,0.042260,0,0,0,,,,
C,3608,0.039233,0,0,0,,,,
C,3609,0.039188,0,0,0,,,,
C,3610,0.039804,0,0,0,,,,
C,3611,0.038864,0,0,0,,,,
C,3612,0.038714,0,0,0,,,,
C,3613,0.036578,0,0,0,,,,
C,3614,0.037885,0,0,0,,,,
C,3615,0.036938,0,0,0,,,,
C,3616,0.037860,0,0,0,,,,
C,3617,0.037293,0,0,0,,,,
C,3618,0.036699,0,0,0,,,,
C,3619,0.040325,0,0,0,,,,
C,3620,0.038338,0,0,0,,,,
C,3621,0.038777,0,0,0,,,,
C,3622,0.038786,0,0,0,,,,
C,3623,0.037410,0,0,0,,,,
C,3624,0.037102,0,0,0,,,,
C,3625,0.036858,0,0,0,,,,
C,3626,0.037332,0,0,0,,,,
C,3627,0.038143,0,0,0,,,,
C,3628,0.037254,0,0,0,,,,
C,3629,0.038839,0,0,0,,,,
C,3630,0.037833,0,0,0,,,,
C,3631,0.038702,0,0,0,,,,
C,3632,0.038184,0,0,0,,,,
C,3633,0.036538,0,0,0,,,,
C,3634,0.036958,0,0,0,,,,
C,3635,0.036088,0,0,0,,,,
C,3636,0.036197,0,0,0,,,,
C,3637,0.037130,0,0,0,,,,
C,3638,0.037654,0,0,0,,,,
C,3639,0.037743,0,0,0,,,,
C,3640,0.037657,0,0,0,,,,
C,3641,0.036825,0,0,0,,,,
C,3642,0.037759,0,0,0,,,,
C,3643,0.037097,0,0,0,,,,
C,3644,0.036744,0,0,0,,,,
C,3645,0.037357,0,0,0,,,,
C,3646,0.036546,0,0,0,,,,
C,3647,0.037838,0,0,0,,,,
C,3648,0.036183,0,0,0,,,,
C,3649,0.036199,0,0,0,,,,
C,3650,0.036351,0,0,0,,,,
C,3651,0.036611,0,0,0,,,,
C,3652,0.035751,0,0,0,,,,
C,3653,0.037313,0,0,0,,,,
C,3654,0.038621,0,0,0,,,,
C,3655,0.037291,0,0,0,,,,
C,3656,0.036503,0,0,0,,,,
C,3657,0.037348,0,0,0,,,,
C,3658,0.035683,0,0,0,,,,
C,3659,0.036396,0,0,0,,,,
C,3660,0.039016,0,0,0,,,,
C,3661,0.036645,0,0,0,,,,
C,3662,0.038167,0,0,0,,,,
C,3663,0.036888,0,0,0,,,,
C,3664,0.036233,0,0,0,,,,
C,3665,0.036565,0,0,0,,,,
C,3666,0.035907,0,0,0,,,,
C,3667,0.036983,0,0,0,,,,
C,3668,0.037138,0,0,0,,,,
C,3669,0.037083,0,0,0,,,,
C,3670,0.037392,0,0,0,,,,
C,3671,0.037390,0,0,0,,,,
C,3672,0.038723,0,0,0,,,,
C,3673,0.038152,0,0,0,,,,
C,3674,0.038515,0,0,0,,,,
C,3675,0.037217,0,0,0,,,,
C,3676,0.038994,0,0,0,,,,
C,3677,0.038185,0,0,0,,,,
C,3678,0.037164,0,0,0,,,,
C,3679,0.037865,0,0,0,,,,
C,3680,0.037400,0,0,0,,,,
C,3681,0.037916,0,0,0,,,,
C,3682,0.037442,0,0,0,,,,
C,3683,0.037039,0,0,0,,,,
C,3684,0.040490,0,0,0,,,,
C,3685,0.037630,0,0,0,,,,
C,3686,0.036353,0,0,0,,,,
C,3687,0.036992,0,0,0,,,,
C,3688,0.036347,0,0,0,,,,
C,3689,0.036372,0,0,0,,,,
C,3690,0.036592,0,0,0,,,,
C,3691,0.037342,0,0,0,,,,
C,3692,0.039007,0,0,0,,,,
C,3693,0.037975,0,0,0,,,,
C,3694,0.041533,0,0,0,,,,
C,3695,0.035790,0,0,0,,,,
C,3696,0.036229,0,0,0,,,,
C,3697,0.037118,0,0,0,,,,
C,3698,0.036520,0,0,0,,,,
C,3699,0.036324,0,0,0,,,,
C,3700,0.036992,0,0,0,,,,
C,3701,0.036961,0,0,0,,,,
C,3702,0.041634,0,0,0,,,,
C,3703,0.037879,0,0,0,,,,
C,3704,0.037319,0,0,0,,,,
C,3705,0.043694,0,0,0,,,,
C,3706,0.041138,0,0,0,,,,
C,3707,0.057996,0,0,0,,,,
C,3708,0.038879,0,0,0,,,,
C,3709,0.037534,0,0,0,,,,
C,3710,0.039487,0,0,0,,,,
C,3711,0.038553,0,0,0,,,,
C,3712,0.037559,0,0,0,,,,
C,3713,0.037671,0,0,0,,,,
C,3714,0.036937,0,0,0,,,,
C,3715,0.035772,0,0,0,,,,
C,3716,0.048824,0,0,0,,,,
C,3717,0.036672,0,0,0,,,,
C,3718,0.035754,0,0,0,,,,
C,3719,0.037133,0,0,0,,,,
C,3720,0.037929,0,0,0,,,,
C,3721,0.035975,0,0,0,,,,
C,3722,0.036896,0,0,0,,,,
C,3723,0.039704,0,0,0,,,,
C,3724,0.036952,0,0,0,,,,
C,3725,0.037147,0,0,0,,,,
C,3726,0.037348,0,0,0,,,,
C,3727,0.035453,0,0,0,,,,
C,3728,0.038327,0,0,0,,,,
C,3729,0.036355,0,0,0,,,,
C,3730,0.036918,0,0,0,,,,
C,3731,0.037064,0,0,0,,,,
C,3732,0.042984,0,0,0,,,,
C,3733,0.037860,0,0,0,,,,
C,3734,0.036469,0,0,0,,,,
C,3735,0.036543,0,0,0,,,,
C,3736,0.037555,0,0,0,,,,
C,3737,0.036585,0,0,0,,,,
C,3738,0.036787,0,0,0,,,,
C,3739,0.036378,0,0,0,,,,
C,3740,0.037698,0,0,0,,,,
C,3741,0.036884,0,0,0,,,,
C,3742,0.038401,0,0,0,,,,
C,3743,0.036706,0,0,0,,,,
C,3744,0.037859,0,0,0,,,,
C,3745,0.036129,0,0,0,,,,
C,3746,0.037190,0,0,0,,,,
C,3747,0.036881,0,0,0,,,,
C,3748,0.043465,0,0,0,,,,
C,3749,0.035996,0,0,0,,,,
C,3750,0.041186,0,0,0,,,,
C,3751,0.037279,0,0,0,,,,
C,3752,0.036667,0,0,0,,,,
C,3753,0.038713,0,0,0,,,,
C,3754,0.037239,0,0,0,,,,
C,3755,0.036909,0,0,0,,,,
C,3756,0.037442,0,0,0,,,,
C,3757,0.039143,0,0,0,,,,
C,3758,0.036520,0,0,0,,,,
C,3759,0.036040,0,0,0,,,,
C,3760,0.035612,0,0,0,,,,
C,3761,0.035169,0,0,0,,,,
C,3762,0.035998,0,0,0,,,,
C,3763,0.036977,0,0,0,,,,
C,3764,0.037439,0,0,0,,,,
C,3765,0.037082,0,0,0,,,,
C,3766,0.038934,0,0,0,,,,
C,3767,0.037856,0,0,0,,,,
C,3768,0.035976,0,0,0,,,,
C,3769,0.035864,0,0,0,,,,
C,3770,0.036011,0,0,0,,,,
C,3771,0.036232,0,0,0,,,,
C,3772,0.036694,0,0,0,,,,
C,3773,0.036718,0,0,0,,,,
C,3774,0.038103,0,0,0,,,,
C,3775,0.037043,0,0,0,,,,
C,3776,0.044713,0,0,0,,,,
C,3777,0.035924,0,0,0,,,,
C,3778,0.035480,0,0,0,,,,
C,3779,0.035172,0,0,0,,,,
C,3780,0.036129,0,0,0,,,,
C,3781,0.035876,0,0,0,,,,
C,3782,0.035046,0,0,0,,,,
C,3783,0.035825,0,0,0,,,,
C,3784,0.035439,0,0,0,,,,
C,3785,0.035820,0,0,0,,,,
C,3786,0.035660,0,0,0,,,,
C,3787,0.038520,0,0,0,,,,
C,3788,0.036021,0,0,0,,,,
C,3789,0.035922,0,0,0,,,,
C,3790,0.035859,0,0,0,,,,
C,3791,0.036046,0,0,0,,,,
C,3792,0.035649,0,0,0,,,,
C,3793,0.035490,0,0,0,,,,
C,3794,0.035649,0,0,0,,,,
C,3795,0.034818,0,0,0,,,,
C,3796,0.035456,0,0,0,,,,
C,3797,0.043016,0,0,0,,,,
C,3798,0.037343,0,0,0,,,,
C,3799,0.036501,0,0,0,,,,
C,3800,0.038943,0,0,0,,,,
C,3801,0.039529,0,0,0,,,,
C,3802,0.038537,0,0,0,,,,
C,3803,0.036097,0,0,0,,,,
C,3804,0.035778,0,0,0,,,,
C,3805,0.037103,0,0,0,,,,
C,3806,0.036080,0,0,0,,,,
C,3807,0.036251,0,0,0,,,,
C,3808,0.035951,0,0,0,,,,
C,3809,0.041319,0,0,0,,,,
C,3810,0.036425,0,0,0,,,,
C,3811,0.035641,0,0,0,,,,
C,3812,0.035622,0,0,0,,,,
C,3813,0.035978,0,0,0,,,,
C,3814,0.036389,0,0,0,,,,
C,3815,0.037199,0,0,0,,,,
C,3816,0.036691,0,0,0,,,,
C,3817,0.036137,0,0,0,,,,
C,3818,0.036486,0,0,0,,,,
C,3819,0.035847,0,0,0,,,,
C,3820,0.036058,0,0,0,,,,
C,3821,0.035783,0,0,0,,,,
C,3822,0.036081,0,0,0,,,,
C,3823,0.035828,0,0,0,,,,
C,3824,0.036939,0,0,0,,,,
C,3825,0.036033,0,0,0,,,,
C,3826,0.036368,0,0,0,,,,
C,3827,0.038249,0,0,0,,,,
C,3828,0.036281,0,0,0,,,,
C,3829,0.035913,0,0,0,,,,
C,3830,0.035582,0,0,0,,,,
C,3831,0.035391,0,0,0,,,,
C,3832,0.036107,0,0,0,,,,
C,3833,0.035604,0,0,0,,,,
C,3834,0.039360,0,0,0,,,,
C,3835,0.034795,0,0,0,,,,
C,3836,0.035905,0,0,0,,,,
C,3837,0.035278,0,0,0,,,,
C,3838,0.035344,0,0,0,,,,
C,3839,0.035067,0,0,0,,,,
C,3840,0.035480,0,0,0,,,,
C,3841,0.035774,0,0,0,,,,
C,3842,0.036005,0,0,0,,,,
C,3843,0.035644,0,0,0,,,,
C,3844,0.034560,0,0,0,,,,
C,3845,0.039004,0,0,0,,,,
C,3846,0.036603,0,0,0,,,,
C,3847,0.036196,0,0,0,,,,
C,3848,0.036615,0,0,0,,,,
C,3849,0.036683,0,0,0,,,,
C,3850,0.038231,0,0,0,,,,
C,3851,0.035726,0,0,0,,,,
C,3852,0.036331,0,0,0,,,,
C,3853,0.036230,0,0,0,,,,
C,3854,0.035767,0,0,0,,,,
C,3855,0.036168,0,0,0,,,,
C,3856,0.036861,0,0,0,,,,
C,3857,0.036633,0,0,0,,,,
C,3858,0.037219,0,0,0,,,,
C,3859,0.036071,0,0,0,,,,
C,3860,0.035759,0,0,0,,,,
C,3861,0.037432,0,0,0,,,,
C,3862,0.034484,0,0,0,,,,
C,3863,0.035997,0,0,0,,,,
C,3864,0.035049,0,0,0,,,,
C,3865,0.035426,0,0,0,,,,
C,3866,0.036548,0,0,0,,,,
C,3867,0.035822,0,0,0,,,,
C,3868,0.037240,0,0,0,,,,
C,3869,0.035798,0,0,0,,,,
C,3870,0.035682,0,0,0,,,,
C,3871,0.036702,0,0,0,,,,
C,3872,0.037142,0,0,0,,,,
C,3873,0.035622,0,0,0,,,,
C,3874,0.035663,0,0,0,,,,
C,3875,0.036261,0,0,0,,,,
C,3876,0.037714,0,0,0,,,,
C,3877,0.039567,0,0,0,,,,
C,3878,0.036448,0,0,0,,,,
C,3879,0.036763,0,0,0,,,,
C,3880,0.036265,0,0,0,,,,
C,3881,0.036252,0,0,0,,,,
C,3882,0.035841,0,0,0,,,,
C,3883,0.036931,0,0,0,,,,
C,3884,0.036482,0,0,0,,,,
C,3885,0.039786,0,0,0,,,,
C,3886,0.037673,0,0,0,,,,
C,3887,0.037253,0,0,0,,,,
C,3888,0.036559,0,0,0,,,,
C,3889,0.036257,0,0,0,,,,
C,3890,0.037881,0,0,0,,,,
C,3891,0.037163,0,0,0,,,,
C,3892,0.035907,0,0,0,,,,
C,3893,0.037972,0,0,0,,,,
C,3894,0.038604,0,0,0,,,,
C,3895,0.035690,0,0,0,,,,
C,3896,0.036268,0,0,0,,,,
C,3897,0.035654,0,0,0,,,,
C,3898,0.036101,0,0,0,,,,
C,3899,0.036561,0,0,0,,,,
C,3900,0.036088,0,0,0,,,,
C,3901,0.035805,0,0,0,,,,
C,3902,0.035039,0,0,0,,,,
C,3903,0.035619,0,0,0,,,,
C,3904,0.035328,0,0,0,,,,
C,3905,0.038730,0,0,0,,,,
C,3906,0.036397,0,0,0,,,,
C,3907,0.044180,0,0,0,,,,
C,3908,0.036120,0,0,0,,,,
C,3909,0.040601,0,0,0,,,,
C,3910,0.039162,0,0,0,,,,
C,3911,0.040966,0,0,0,,,,
C,3912,0.037793,0,0,0,,,,
C,3913,0.036312,0,0,0,,,,
C,3914,0.036491,0,0,0,,,,
C,3915,0.037328,0,0,0,,,,
C,3916,0.039913,0,0,0,,,,
C,3917,0.036512,0,0,0,,,,
C,3918,0.044233,0,0,0,,,,
C,3919,0.080725,0,0,0,,,,
C,3920,0.045511,0,0,0,,,,
C,3921,0.036638,0,0,0,,,,
C,3922,0.035598,0,0,0,,,,
C,3923,0.035437,0,0,0,,,,
C,3924,0.036079,0,0,0,,,,
C,3925,0.035256,0,0,0,,,,
C,3926,0.035683,0,0,0,,,,
C,3927,0.036235,0,0,0,,,,
C,3928,0.036131,0,0,0,,,,
C,3929,0.035690,0,0,0,,,,
C,3930,0.035952,0,0,0,,,,
C,3931,0.036174,0,0,0,,,,
C,3932,0.036006,0,0,0,,,,
C,3933,0.036008,0,0,0,,,,
C,3934,0.036861,0,0,0,,,,
C,3935,0.036291,0,0,0,,,,
C,3936,0.035633,0,0,0,,,,
C,3937,0.036188,0,0,0,,,,
C,3938,0.035409,0,0,0,,,,
C,3939,0.046030,0,0,0,,,,
C,3940,0.046725,0,0,0,,,,
C,3941,0.046067,0,0,0,,,,
C,3942,0.035641,0,0,0,,,,
C,3943,0.037040,0,0,0,,,,
C,3944,0.046271,0,0,0,,,,
C,3945,0.040006,0,0,0,,,,
C,3946,0.041654,0,0,0,,,,
C,3947,0.036958,0,0,0,,,,
C,3948,0.042539,0,0,0,,,,
C,3949,0.046466,0,0,0,,,,
C,3950,0.039803,0,0,0,,,,
C,3951,0.044921,0,0,0,,,,
C,3952,0.036738,0,0,0,,,,
C,3953,0.037328,0,0,0,,,,
C,3954,0.037304,0,0,0,,,,
C,3955,0.037680,0,0,0,,,,
C,3956,0.042510,0,0,0,,,,
C,3957,0.045944,0,0,0,,,,
C,3958,0.040842,0,0,0,,,,
C,3959,0.040334,0,0,0,,,,
C,3960,0.044619,0,0,0,,,,
C,3961,0.038788,0,0,0,,,,
C,3962,0.038749,0,0,0,,,,
C,3963,0.036794,0,0,0,,,,
C,3964,0.037746,0,0,0,,,,
C,3965,0.036401,0,0,0,,,,
C,3966,0.036163,0,0,0,,,,
C,3967,0.036136,0,0,0,,,,
C,3968,0.036250,0,0,0,,,,
C,3969,0.036388,0,0,0,,,,
C,3970,0.035560,0,0,0,,,,
C,3971,0.037269,0,0,0,,,,
C,3972,0.036479,0,0,0,,,,
C,3973,0.037441,0,0,0,,,,
C,3974,0.037045,0,0,0,,,,
C,3975,0.037048,0,0,0,,,,
C,3976,0.035993,0,0,0,,,,
C,3977,0.035755,0,0,0,,,,
C,3978,0.039381,0,0,0,,,,
C,3979,0.036132,0,0,0,,,,
C,3980,0.036916,0,0,0,,,,
C,3981,0.036939,0,0,0,,,,
C,3982,0.036415,0,0,0,,,,
C,3983,0.039282,0,0,0,,,,
C,3984,0.036443,0,0,0,,,,
C,3985,0.036437,0,0,0,,,,
C,3986,0.036546,0,0,0,,,,
C,3987,0.038698,0,0,0,,,,
C,3988,0.039907,0,0,0,,,,
C,3989,0.036612,0,0,0,,,,
C,3990,0.036009,0,0,0,,,,
C,3991,0.035881,0,0,0,,,,
C,3992,0.036516,0,0,0,,,,
C,3993,0.042771,0,0,0,,,,
C,3994,0.040004,0,0,0,,,,
C,3995,0.043008,0,0,0,,,,
C,3996,0.044193,0,0,0,,,,
C,3997,0.037746,0,0,0,,,,
C,3998,0.035519,0,0,0,,,,
C,3999,0.037376,0,0,0,,,,
C,4000,0.036651,0,0,0,206.2,2.425e-11,"{'checked': 26, 'zsx_rejected': 6, 'default_rejected': 0, 'closed_form_forced': 0, 'inexact': 9, 'exact_rebuilt': 0, 'best_effort': 0, 'best_effort_worst': 0.0, 'psf_rerouted': 0, 'psf_rerouted_worst_residual': 0.0}",239
C,4001,0.037317,0,0,0,,,,
C,4002,0.036604,0,0,0,,,,
C,4003,0.042710,0,0,0,,,,
C,4004,0.041005,0,0,0,,,,
C,4005,0.038010,0,0,0,,,,
C,4006,0.036705,0,0,0,,,,
C,4007,0.037328,0,0,0,,,,
C,4008,0.037530,0,0,0,,,,
C,4009,0.036613,0,0,0,,,,
C,4010,0.036474,0,0,0,,,,
C,4011,0.036138,0,0,0,,,,
C,4012,0.037004,0,0,0,,,,
C,4013,0.036898,0,0,0,,,,
C,4014,0.048277,0,0,0,,,,
C,4015,0.036700,0,0,0,,,,
C,4016,0.036995,0,0,0,,,,
C,4017,0.046603,0,0,0,,,,
C,4018,0.048130,0,0,0,,,,
C,4019,0.039628,0,0,0,,,,
C,4020,0.042132,0,0,0,,,,
C,4021,0.040996,0,0,0,,,,
C,4022,0.036027,0,0,0,,,,
C,4023,0.035744,0,0,0,,,,
C,4024,0.035909,0,0,0,,,,
C,4025,0.035693,0,0,0,,,,
C,4026,0.039302,0,0,0,,,,
C,4027,0.037468,0,0,0,,,,
C,4028,0.041670,0,0,0,,,,
C,4029,0.038493,0,0,0,,,,
C,4030,0.038884,0,0,0,,,,
C,4031,0.039245,0,0,0,,,,
C,4032,0.048102,0,0,0,,,,
C,4033,0.036562,0,0,0,,,,
C,4034,0.037600,0,0,0,,,,
C,4035,0.036721,0,0,0,,,,
C,4036,0.038991,0,0,0,,,,
C,4037,0.038464,0,0,0,,,,
C,4038,0.035163,0,0,0,,,,
C,4039,0.035502,0,0,0,,,,
C,4040,0.036252,0,0,0,,,,
C,4041,0.038894,0,0,0,,,,
C,4042,0.037571,0,0,0,,,,
C,4043,0.040039,0,0,0,,,,
C,4044,0.038772,0,0,0,,,,
C,4045,0.036318,0,0,0,,,,
C,4046,0.044729,0,0,0,,,,
C,4047,0.041812,0,0,0,,,,
C,4048,0.035884,0,0,0,,,,
C,4049,0.035747,0,0,0,,,,
C,4050,0.035674,0,0,0,,,,
C,4051,0.038333,0,0,0,,,,
C,4052,0.038575,0,0,0,,,,
C,4053,0.037316,0,0,0,,,,
C,4054,0.038578,0,0,0,,,,
C,4055,0.046562,0,0,0,,,,
C,4056,0.036638,0,0,0,,,,
C,4057,0.037152,0,0,0,,,,
C,4058,0.036376,0,0,0,,,,
C,4059,0.036787,0,0,0,,,,
C,4060,0.035480,0,0,0,,,,
C,4061,0.036878,0,0,0,,,,
C,4062,0.036334,0,0,0,,,,
C,4063,0.036440,0,0,0,,,,
C,4064,0.038659,0,0,0,,,,
C,4065,0.036469,0,0,0,,,,
C,4066,0.041628,0,0,0,,,,
C,4067,0.037422,0,0,0,,,,
C,4068,0.036577,0,0,0,,,,
C,4069,0.035673,0,0,0,,,,
C,4070,0.035191,0,0,0,,,,
C,4071,0.037148,0,0,0,,,,
C,4072,0.034302,0,0,0,,,,
C,4073,0.035084,0,0,0,,,,
C,4074,0.034715,0,0,0,,,,
C,4075,0.035324,0,0,0,,,,
C,4076,0.035710,0,0,0,,,,
C,4077,0.035686,0,0,0,,,,
C,4078,0.035727,0,0,0,,,,
C,4079,0.035496,0,0,0,,,,
C,4080,0.036469,0,0,0,,,,
C,4081,0.056166,0,0,0,,,,
C,4082,0.039253,0,0,0,,,,
C,4083,0.036922,0,0,0,,,,
C,4084,0.036342,0,0,0,,,,
C,4085,0.035938,0,0,0,,,,
C,4086,0.037060,0,0,0,,,,
C,4087,0.035333,0,0,0,,,,
C,4088,0.038358,0,0,0,,,,
C,4089,0.041009,0,0,0,,,,
C,4090,0.039006,0,0,0,,,,
C,4091,0.037801,0,0,0,,,,
C,4092,0.038951,0,0,0,,,,
C,4093,0.036180,0,0,0,,,,
C,4094,0.043778,0,0,0,,,,
C,4095,0.040815,0,0,0,,,,
C,4096,0.044697,0,0,0,,,,
C,4097,0.043658,0,0,0,,,,
C,4098,0.038186,0,0,0,,,,
C,4099,0.040467,0,0,0,,,,
C,4100,0.038314,0,0,0,,,,
C,4101,0.042964,0,0,0,,,,
C,4102,0.040952,0,0,0,,,,
C,4103,0.039513,0,0,0,,,,
C,4104,0.036406,0,0,0,,,,
C,4105,0.037514,0,0,0,,,,
C,4106,0.038810,0,0,0,,,,
C,4107,0.042535,0,0,0,,,,
C,4108,0.038185,0,0,0,,,,
C,4109,0.040677,0,0,0,,,,
C,4110,0.038650,0,0,0,,,,
C,4111,0.036928,0,0,0,,,,
C,4112,0.151276,0,0,0,,,,
C,4113,0.038987,0,0,0,,,,
C,4114,0.036098,0,0,0,,,,
C,4115,0.052754,0,0,0,,,,
C,4116,0.036344,0,0,0,,,,
C,4117,0.044830,0,0,0,,,,
C,4118,0.039821,0,0,0,,,,
C,4119,0.038641,0,0,0,,,,
C,4120,0.038678,0,0,0,,,,
C,4121,0.037502,0,0,0,,,,
C,4122,0.036157,0,0,0,,,,
C,4123,0.058482,0,0,0,,,,
C,4124,0.042324,0,0,0,,,,
C,4125,0.041838,0,0,0,,,,
C,4126,0.037145,0,0,0,,,,
C,4127,0.036938,0,0,0,,,,
C,4128,0.039167,0,0,0,,,,
C,4129,0.035768,0,0,0,,,,
C,4130,0.036010,0,0,0,,,,
C,4131,0.038189,0,0,0,,,,
C,4132,0.035362,0,0,0,,,,
C,4133,0.037135,0,0,0,,,,
C,4134,0.035837,0,0,0,,,,
C,4135,0.036203,0,0,0,,,,
C,4136,0.036598,0,0,0,,,,
C,4137,0.036934,0,0,0,,,,
C,4138,0.036584,0,0,0,,,,
C,4139,0.036894,0,0,0,,,,
C,4140,0.035723,0,0,0,,,,
C,4141,0.039177,0,0,0,,,,
C,4142,0.036165,0,0,0,,,,
C,4143,0.036732,0,0,0,,,,
C,4144,0.035568,0,0,0,,,,
C,4145,0.040595,0,0,0,,,,
C,4146,0.039934,0,0,0,,,,
C,4147,0.038426,0,0,0,,,,
C,4148,0.036067,0,0,0,,,,
C,4149,0.037884,0,0,0,,,,
C,4150,0.035298,0,0,0,,,,
C,4151,0.035948,0,0,0,,,,
C,4152,0.037540,0,0,0,,,,
C,4153,0.044472,0,0,0,,,,
C,4154,0.037065,0,0,0,,,,
C,4155,0.043349,0,0,0,,,,
C,4156,0.036948,0,0,0,,,,
C,4157,0.038592,0,0,0,,,,
C,4158,0.039909,0,0,0,,,,
C,4159,0.043111,0,0,0,,,,
C,4160,0.046419,0,0,0,,,,
C,4161,0.040124,0,0,0,,,,
C,4162,0.038106,0,0,0,,,,
C,4163,0.036270,0,0,0,,,,
C,4164,0.041889,0,0,0,,,,
C,4165,0.046549,0,0,0,,,,
C,4166,0.036386,0,0,0,,,,
C,4167,0.038161,0,0,0,,,,
C,4168,0.038409,0,0,0,,,,
C,4169,0.037286,0,0,0,,,,
C,4170,0.037108,0,0,0,,,,
C,4171,0.038241,0,0,0,,,,
C,4172,0.037171,0,0,0,,,,
C,4173,0.036261,0,0,0,,,,
C,4174,0.038778,0,0,0,,,,
C,4175,0.037691,0,0,0,,,,
C,4176,0.037836,0,0,0,,,,
C,4177,0.039788,0,0,0,,,,
C,4178,0.038072,0,0,0,,,,
C,4179,0.037986,0,0,0,,,,
C,4180,0.034842,0,0,0,,,,
C,4181,0.035250,0,0,0,,,,
C,4182,0.038457,0,0,0,,,,
C,4183,0.036286,0,0,0,,,,
C,4184,0.041269,0,0,0,,,,
C,4185,0.037068,0,0,0,,,,
C,4186,0.037627,0,0,0,,,,
C,4187,0.040868,0,0,0,,,,
C,4188,0.038949,0,0,0,,,,
C,4189,0.036089,0,0,0,,,,
C,4190,0.037401,0,0,0,,,,
C,4191,0.041990,0,0,0,,,,
C,4192,0.035686,0,0,0,,,,
C,4193,0.036191,0,0,0,,,,
C,4194,0.036275,0,0,0,,,,
C,4195,0.035491,0,0,0,,,,
C,4196,0.035473,0,0,0,,,,
C,4197,0.035896,0,0,0,,,,
C,4198,0.035550,0,0,0,,,,
C,4199,0.036365,0,0,0,,,,
C,4200,0.035971,0,0,0,,,,
C,4201,0.035568,0,0,0,,,,
C,4202,0.035936,0,0,0,,,,
C,4203,0.035805,0,0,0,,,,
C,4204,0.037144,0,0,0,,,,
C,4205,0.036849,0,0,0,,,,
C,4206,0.043496,0,0,0,,,,
C,4207,0.041966,0,0,0,,,,
C,4208,0.036448,0,0,0,,,,
C,4209,0.042837,0,0,0,,,,
C,4210,0.036782,0,0,0,,,,
C,4211,0.037375,0,0,0,,,,
C,4212,0.036146,0,0,0,,,,
C,4213,0.037063,0,0,0,,,,
C,4214,0.036144,0,0,0,,,,
C,4215,0.036601,0,0,0,,,,
C,4216,0.035685,0,0,0,,,,
C,4217,0.036102,0,0,0,,,,
C,4218,0.035940,0,0,0,,,,
C,4219,0.035501,0,0,0,,,,
C,4220,0.035845,0,0,0,,,,
C,4221,0.036268,0,0,0,,,,
C,4222,0.036921,0,0,0,,,,
C,4223,0.035933,0,0,0,,,,
C,4224,0.035731,0,0,0,,,,
C,4225,0.040296,0,0,0,,,,
C,4226,0.053705,0,0,0,,,,
C,4227,0.044201,0,0,0,,,,
C,4228,0.037067,0,0,0,,,,
C,4229,0.039964,0,0,0,,,,
C,4230,0.044579,0,0,0,,,,
C,4231,0.037660,0,0,0,,,,
C,4232,0.037958,0,0,0,,,,
C,4233,0.037748,0,0,0,,,,
C,4234,0.046255,0,0,0,,,,
C,4235,0.040948,0,0,0,,,,
C,4236,0.036762,0,0,0,,,,
C,4237,0.036431,0,0,0,,,,
C,4238,0.040721,0,0,0,,,,
C,4239,0.038643,0,0,0,,,,
C,4240,0.038538,0,0,0,,,,
C,4241,0.043583,0,0,0,,,,
C,4242,0.046070,0,0,0,,,,
C,4243,0.037085,0,0,0,,,,
C,4244,0.038895,0,0,0,,,,
C,4245,0.040666,0,0,0,,,,
C,4246,0.038843,0,0,0,,,,
C,4247,0.037972,0,0,0,,,,
C,4248,0.037196,0,0,0,,,,
C,4249,0.039536,0,0,0,,,,
C,4250,0.041316,0,0,0,,,,
C,4251,0.036566,0,0,0,,,,
C,4252,0.037089,0,0,0,,,,
C,4253,0.036203,0,0,0,,,,
C,4254,0.037510,0,0,0,,,,
C,4255,0.036516,0,0,0,,,,
C,4256,0.035908,0,0,0,,,,
C,4257,0.041289,0,0,0,,,,
C,4258,0.036071,0,0,0,,,,
C,4259,0.044467,0,0,0,,,,
C,4260,0.036211,0,0,0,,,,
C,4261,0.038238,0,0,0,,,,
C,4262,0.040863,0,0,0,,,,
C,4263,0.036582,0,0,0,,,,
C,4264,0.035976,0,0,0,,,,
C,4265,0.036305,0,0,0,,,,
C,4266,0.038524,0,0,0,,,,
C,4267,0.035310,0,0,0,,,,
C,4268,0.039493,0,0,0,,,,
C,4269,0.042541,0,0,0,,,,
C,4270,0.035987,0,0,0,,,,
C,4271,0.036428,0,0,0,,,,
C,4272,0.036348,0,0,0,,,,
C,4273,0.039153,0,0,0,,,,
C,4274,0.039855,0,0,0,,,,
C,4275,0.043611,0,0,0,,,,
C,4276,0.040854,0,0,0,,,,
C,4277,0.039920,0,0,0,,,,
C,4278,0.038336,0,0,0,,,,
C,4279,0.039704,0,0,0,,,,
C,4280,0.042248,0,0,0,,,,
C,4281,0.039042,0,0,0,,,,
C,4282,0.037962,0,0,0,,,,
C,4283,0.041637,0,0,0,,,,
C,4284,0.037571,0,0,0,,,,
C,4285,0.047778,0,0,0,,,,
C,4286,0.040748,0,0,0,,,,
C,4287,0.036897,0,0,0,,,,
C,4288,0.037418,0,0,0,,,,
C,4289,0.038016,0,0,0,,,,
C,4290,0.042280,0,0,0,,,,
C,4291,0.044881,0,0,0,,,,
C,4292,0.038598,0,0,0,,,,
C,4293,0.036696,0,0,0,,,,
C,4294,0.037491,0,0,0,,,,
C,4295,0.044599,0,0,0,,,,
C,4296,0.037484,0,0,0,,,,
C,4297,0.038423,0,0,0,,,,
C,4298,0.036290,0,0,0,,,,
C,4299,0.040259,0,0,0,,,,
C,4300,0.041684,0,0,0,,,,
C,4301,0.039230,0,0,0,,,,
C,4302,0.037160,0,0,0,,,,
C,4303,0.038001,0,0,0,,,,
C,4304,0.038066,0,0,0,,,,
C,4305,0.037855,0,0,0,,,,
C,4306,0.037618,0,0,0,,,,
C,4307,0.037534,0,0,0,,,,
C,4308,0.036404,0,0,0,,,,
C,4309,0.036768,0,0,0,,,,
C,4310,0.036356,0,0,0,,,,
C,4311,0.035815,0,0,0,,,,
C,4312,0.037262,0,0,0,,,,
C,4313,0.036406,0,0,0,,,,
C,4314,0.036473,0,0,0,,,,
C,4315,0.036281,0,0,0,,,,
C,4316,0.036773,0,0,0,,,,
C,4317,0.036970,0,0,0,,,,
C,4318,0.037109,0,0,0,,,,
C,4319,0.036411,0,0,0,,,,
C,4320,0.036617,0,0,0,,,,
C,4321,0.037419,0,0,0,,,,
C,4322,0.035952,0,0,0,,,,
C,4323,0.036658,0,0,0,,,,
C,4324,0.036765,0,0,0,,,,
C,4325,0.036505,0,0,0,,,,
C,4326,0.037625,0,0,0,,,,
C,4327,0.036583,0,0,0,,,,
C,4328,0.035898,0,0,0,,,,
C,4329,0.036710,0,0,0,,,,
C,4330,0.036155,0,0,0,,,,
C,4331,0.036452,0,0,0,,,,
C,4332,0.036418,0,0,0,,,,
C,4333,0.036417,0,0,0,,,,
C,4334,0.036720,0,0,0,,,,
C,4335,0.035656,0,0,0,,,,
C,4336,0.036153,0,0,0,,,,
C,4337,0.036060,0,0,0,,,,
C,4338,0.036001,0,0,0,,,,
C,4339,0.036398,0,0,0,,,,
C,4340,0.035415,0,0,0,,,,
C,4341,0.035558,0,0,0,,,,
C,4342,0.035435,0,0,0,,,,
C,4343,0.036039,0,0,0,,,,
C,4344,0.036447,0,0,0,,,,
C,4345,0.035513,0,0,0,,,,
C,4346,0.035537,0,0,0,,,,
C,4347,0.035145,0,0,0,,,,
C,4348,0.036330,0,0,0,,,,
C,4349,0.036696,0,0,0,,,,
C,4350,0.035563,0,0,0,,,,
C,4351,0.036017,0,0,0,,,,
C,4352,0.037167,0,0,0,,,,
C,4353,0.036646,0,0,0,,,,
C,4354,0.036375,0,0,0,,,,
C,4355,0.036287,0,0,0,,,,
C,4356,0.036129,0,0,0,,,,
C,4357,0.036219,0,0,0,,,,
C,4358,0.046189,0,0,0,,,,
C,4359,0.043693,0,0,0,,,,
C,4360,0.041319,0,0,0,,,,
C,4361,0.038948,0,0,0,,,,
C,4362,0.039572,0,0,0,,,,
C,4363,0.040386,0,0,0,,,,
C,4364,0.043102,0,0,0,,,,
C,4365,0.038563,0,0,0,,,,
C,4366,0.039006,0,0,0,,,,
C,4367,0.040630,0,0,0,,,,
C,4368,0.040601,0,0,0,,,,
C,4369,0.039509,0,0,0,,,,
C,4370,0.039054,0,0,0,,,,
C,4371,0.039423,0,0,0,,,,
C,4372,0.044679,0,0,0,,,,
C,4373,0.037992,0,0,0,,,,
C,4374,0.037840,0,0,0,,,,
C,4375,0.037769,0,0,0,,,,
C,4376,0.037316,0,0,0,,,,
C,4377,0.043811,0,0,0,,,,
C,4378,0.037829,0,0,0,,,,
C,4379,0.047184,0,0,0,,,,
C,4380,0.041087,0,0,0,,,,
C,4381,0.041463,0,0,0,,,,
C,4382,0.037955,0,0,0,,,,
C,4383,0.039494,0,0,0,,,,
C,4384,0.037541,0,0,0,,,,
C,4385,0.036898,0,0,0,,,,
C,4386,0.038874,0,0,0,,,,
C,4387,0.040274,0,0,0,,,,
C,4388,0.047885,0,0,0,,,,
C,4389,0.037747,0,0,0,,,,
C,4390,0.037189,0,0,0,,,,
C,4391,0.043647,0,0,0,,,,
C,4392,0.056517,0,0,0,,,,
C,4393,0.045378,0,0,0,,,,
C,4394,0.039537,0,0,0,,,,
C,4395,0.048569,0,0,0,,,,
C,4396,0.038945,0,0,0,,,,
C,4397,0.044617,0,0,0,,,,
C,4398,0.045111,0,0,0,,,,
C,4399,0.037656,0,0,0,,,,
C,4400,0.040170,0,0,0,,,,
C,4401,0.040107,0,0,0,,,,
C,4402,0.037829,0,0,0,,,,
C,4403,0.040568,0,0,0,,,,
C,4404,0.041360,0,0,0,,,,
C,4405,0.038968,0,0,0,,,,
C,4406,0.036221,0,0,0,,,,
C,4407,0.036691,0,0,0,,,,
C,4408,0.037652,0,0,0,,,,
C,4409,0.036149,0,0,0,,,,
C,4410,0.037434,0,0,0,,,,
C,4411,0.051468,0,0,0,,,,
C,4412,0.036932,0,0,0,,,,
C,4413,0.036294,0,0,0,,,,
C,4414,0.044902,0,0,0,,,,
C,4415,0.037102,0,0,0,,,,
C,4416,0.036725,0,0,0,,,,
C,4417,0.036988,0,0,0,,,,
C,4418,0.038682,0,0,0,,,,
C,4419,0.039115,0,0,0,,,,
C,4420,0.036613,0,0,0,,,,
C,4421,0.036722,0,0,0,,,,
C,4422,0.040795,0,0,0,,,,
C,4423,0.043108,0,0,0,,,,
C,4424,0.041059,0,0,0,,,,
C,4425,0.038300,0,0,0,,,,
C,4426,0.037971,0,0,0,,,,
C,4427,0.042154,0,0,0,,,,
C,4428,0.041823,0,0,0,,,,
C,4429,0.045117,0,0,0,,,,
C,4430,0.038718,0,0,0,,,,
C,4431,0.036472,0,0,0,,,,
C,4432,0.036415,0,0,0,,,,
C,4433,0.036231,0,0,0,,,,
C,4434,0.037730,0,0,0,,,,
C,4435,0.037762,0,0,0,,,,
C,4436,0.036916,0,0,0,,,,
C,4437,0.036827,0,0,0,,,,
C,4438,0.039557,0,0,0,,,,
C,4439,0.036560,0,0,0,,,,
C,4440,0.036522,0,0,0,,,,
C,4441,0.036237,0,0,0,,,,
C,4442,0.036308,0,0,0,,,,
C,4443,0.036351,0,0,0,,,,
C,4444,0.036808,0,0,0,,,,
C,4445,0.036720,0,0,0,,,,
C,4446,0.044344,0,0,0,,,,
C,4447,0.037303,0,0,0,,,,
C,4448,0.036238,0,0,0,,,,
C,4449,0.037513,0,0,0,,,,
C,4450,0.036569,0,0,0,,,,
C,4451,0.036337,0,0,0,,,,
C,4452,0.036547,0,0,0,,,,
C,4453,0.036959,0,0,0,,,,
C,4454,0.035698,0,0,0,,,,
C,4455,0.035766,0,0,0,,,,
C,4456,0.036089,0,0,0,,,,
C,4457,0.035048,0,0,0,,,,
C,4458,0.035394,0,0,0,,,,
C,4459,0.036162,0,0,0,,,,
C,4460,0.036110,0,0,0,,,,
C,4461,0.036492,0,0,0,,,,
C,4462,0.036115,0,0,0,,,,
C,4463,0.036878,0,0,0,,,,
C,4464,0.036140,0,0,0,,,,
C,4465,0.037172,0,0,0,,,,
C,4466,0.037008,0,0,0,,,,
C,4467,0.036370,0,0,0,,,,
C,4468,0.037133,0,0,0,,,,
C,4469,0.043160,0,0,0,,,,
C,4470,0.040476,0,0,0,,,,
C,4471,0.037136,0,0,0,,,,
C,4472,0.039130,0,0,0,,,,
C,4473,0.037216,0,0,0,,,,
C,4474,0.038974,0,0,0,,,,
C,4475,0.039150,0,0,0,,,,
C,4476,0.039092,0,0,0,,,,
C,4477,0.038774,0,0,0,,,,
C,4478,0.043075,0,0,0,,,,
C,4479,0.056630,0,0,0,,,,
C,4480,0.051668,0,0,0,,,,
C,4481,0.045750,0,0,0,,,,
C,4482,0.040523,0,0,0,,,,
C,4483,0.039067,0,0,0,,,,
C,4484,0.037330,0,0,0,,,,
C,4485,0.037360,0,0,0,,,,
C,4486,0.038842,0,0,0,,,,
C,4487,0.037820,0,0,0,,,,
C,4488,0.045893,0,0,0,,,,
C,4489,0.036226,0,0,0,,,,
C,4490,0.037389,0,0,0,,,,
C,4491,0.041888,0,0,0,,,,
C,4492,0.041729,0,0,0,,,,
C,4493,0.035352,0,0,0,,,,
C,4494,0.035784,0,0,0,,,,
C,4495,0.040122,0,0,0,,,,
C,4496,0.037926,0,0,0,,,,
C,4497,0.035489,0,0,0,,,,
C,4498,0.036807,0,0,0,,,,
C,4499,0.035984,0,0,0,,,,
C,4500,0.035450,0,0,0,,,,
C,4501,0.035671,0,0,0,,,,
C,4502,0.036332,0,0,0,,,,
C,4503,0.035530,0,0,0,,,,
C,4504,0.036161,0,0,0,,,,
C,4505,0.036812,0,0,0,,,,
C,4506,0.036418,0,0,0,,,,
C,4507,0.037004,0,0,0,,,,
C,4508,0.036649,0,0,0,,,,
C,4509,0.037247,0,0,0,,,,
C,4510,0.038232,0,0,0,,,,
C,4511,0.041713,0,0,0,,,,
C,4512,0.039774,0,0,0,,,,
C,4513,0.037766,0,0,0,,,,
C,4514,0.037572,0,0,0,,,,
C,4515,0.050779,0,0,0,,,,
C,4516,0.037709,0,0,0,,,,
C,4517,0.035582,0,0,0,,,,
C,4518,0.036803,0,0,0,,,,
C,4519,0.035774,0,0,0,,,,
C,4520,0.035261,0,0,0,,,,
C,4521,0.036844,0,0,0,,,,
C,4522,0.036319,0,0,0,,,,
C,4523,0.035712,0,0,0,,,,
C,4524,0.041969,0,0,0,,,,
C,4525,0.036108,0,0,0,,,,
C,4526,0.043970,0,0,0,,,,
C,4527,0.039929,0,0,0,,,,
C,4528,0.049162,0,0,0,,,,
C,4529,0.039911,0,0,0,,,,
C,4530,0.043324,0,0,0,,,,
C,4531,0.042831,0,0,0,,,,
C,4532,0.040909,0,0,0,,,,
C,4533,0.044425,0,0,0,,,,
C,4534,0.040276,0,0,0,,,,
C,4535,0.040048,0,0,0,,,,
C,4536,0.037844,0,0,0,,,,
C,4537,0.045396,0,0,0,,,,
C,4538,0.038868,0,0,0,,,,
C,4539,0.036879,0,0,0,,,,
C,4540,0.049818,0,0,0,,,,
C,4541,0.036820,0,0,0,,,,
C,4542,0.036199,0,0,0,,,,
C,4543,0.036498,0,0,0,,,,
C,4544,0.036070,0,0,0,,,,
C,4545,0.036077,0,0,0,,,,
C,4546,0.036159,0,0,0,,,,
C,4547,0.036695,0,0,0,,,,
C,4548,0.046381,0,0,0,,,,
C,4549,0.037379,0,0,0,,,,
C,4550,0.035685,0,0,0,,,,
C,4551,0.035739,0,0,0,,,,
C,4552,0.036160,0,0,0,,,,
C,4553,0.035807,0,0,0,,,,
C,4554,0.035948,0,0,0,,,,
C,4555,0.036282,0,0,0,,,,
C,4556,0.037742,0,0,0,,,,
C,4557,0.037094,0,0,0,,,,
C,4558,0.036083,0,0,0,,,,
C,4559,0.035600,0,0,0,,,,
C,4560,0.035723,0,0,0,,,,
C,4561,0.036101,0,0,0,,,,
C,4562,0.036374,0,0,0,,,,
C,4563,0.037183,0,0,0,,,,
C,4564,0.036047,0,0,0,,,,
C,4565,0.036513,0,0,0,,,,
C,4566,0.036296,0,0,0,,,,
C,4567,0.036848,0,0,0,,,,
C,4568,0.037343,0,0,0,,,,
C,4569,0.041925,0,0,0,,,,
C,4570,0.035538,0,0,0,,,,
C,4571,0.035879,0,0,0,,,,
C,4572,0.037026,0,0,0,,,,
C,4573,0.036553,0,0,0,,,,
C,4574,0.037169,0,0,0,,,,
C,4575,0.037128,0,0,0,,,,
C,4576,0.044348,0,0,0,,,,
C,4577,0.037837,0,0,0,,,,
C,4578,0.041112,0,0,0,,,,
C,4579,0.040826,0,0,0,,,,
C,4580,0.040585,0,0,0,,,,
C,4581,0.040211,0,0,0,,,,
C,4582,0.040003,0,0,0,,,,
C,4583,0.045333,0,0,0,,,,
C,4584,0.043807,0,0,0,,,,
C,4585,0.040107,0,0,0,,,,
C,4586,0.036998,0,0,0,,,,
C,4587,0.040765,0,0,0,,,,
C,4588,0.049428,0,0,0,,,,
C,4589,0.042881,0,0,0,,,,
C,4590,0.041668,0,0,0,,,,
C,4591,0.042971,0,0,0,,,,
C,4592,0.039619,0,0,0,,,,
C,4593,0.036933,0,0,0,,,,
C,4594,0.037321,0,0,0,,,,
C,4595,0.038046,0,0,0,,,,
C,4596,0.038262,0,0,0,,,,
C,4597,0.039429,0,0,0,,,,
C,4598,0.036645,0,0,0,,,,
C,4599,0.037258,0,0,0,,,,
C,4600,0.036503,0,0,0,,,,
C,4601,0.037430,0,0,0,,,,
C,4602,0.036372,0,0,0,,,,
C,4603,0.037561,0,0,0,,,,
C,4604,0.037701,0,0,0,,,,
C,4605,0.037515,0,0,0,,,,
C,4606,0.038830,0,0,0,,,,
C,4607,0.038776,0,0,0,,,,
C,4608,0.037754,0,0,0,,,,
C,4609,0.037754,0,0,0,,,,
C,4610,0.037747,0,0,0,,,,
C,4611,0.037350,0,0,0,,,,
C,4612,0.038216,0,0,0,,,,
C,4613,0.038614,0,0,0,,,,
C,4614,0.045768,0,0,0,,,,
C,4615,0.039456,0,0,0,,,,
C,4616,0.040941,0,0,0,,,,
C,4617,0.039950,0,0,0,,,,
C,4618,0.037877,0,0,0,,,,
C,4619,0.037752,0,0,0,,,,
C,4620,0.037137,0,0,0,,,,
C,4621,0.040434,0,0,0,,,,
C,4622,0.043162,0,0,0,,,,
C,4623,0.043531,0,0,0,,,,
C,4624,0.040161,0,0,0,,,,
C,4625,0.040281,0,0,0,,,,
C,4626,0.038154,0,0,0,,,,
C,4627,0.038488,0,0,0,,,,
C,4628,0.039092,0,0,0,,,,
C,4629,0.040621,0,0,0,,,,
C,4630,0.040964,0,0,0,,,,
C,4631,0.043626,0,0,0,,,,
C,4632,0.047722,0,0,0,,,,
C,4633,0.037274,0,0,0,,,,
C,4634,0.037997,0,0,0,,,,
C,4635,0.039630,0,0,0,,,,
C,4636,0.037481,0,0,0,,,,
C,4637,0.037370,0,0,0,,,,
C,4638,0.040671,0,0,0,,,,
C,4639,0.037502,0,0,0,,,,
C,4640,0.040820,0,0,0,,,,
C,4641,0.039102,0,0,0,,,,
C,4642,0.046225,0,0,0,,,,
C,4643,0.038803,0,0,0,,,,
C,4644,0.036910,0,0,0,,,,
C,4645,0.039620,0,0,0,,,,
C,4646,0.037132,0,0,0,,,,
C,4647,0.037260,0,0,0,,,,
C,4648,0.037337,0,0,0,,,,
C,4649,0.037436,0,0,0,,,,
C,4650,0.037335,0,0,0,,,,
C,4651,0.037400,0,0,0,,,,
C,4652,0.037710,0,0,0,,,,
C,4653,0.036499,0,0,0,,,,
C,4654,0.037751,0,0,0,,,,
C,4655,0.037910,0,0,0,,,,
C,4656,0.036878,0,0,0,,,,
C,4657,0.038263,0,0,0,,,,
C,4658,0.039033,0,0,0,,,,
C,4659,0.041459,0,0,0,,,,
C,4660,0.042374,0,0,0,,,,
C,4661,0.045538,0,0,0,,,,
C,4662,0.046581,0,0,0,,,,
C,4663,0.040359,0,0,0,,,,
C,4664,0.036480,0,0,0,,,,
C,4665,0.040469,0,0,0,,,,
C,4666,0.036353,0,0,0,,,,
C,4667,0.037160,0,0,0,,,,
C,4668,0.037730,0,0,0,,,,
C,4669,0.036972,0,0,0,,,,
C,4670,0.036837,0,0,0,,,,
C,4671,0.036819,0,0,0,,,,
C,4672,0.039723,0,0,0,,,,
C,4673,0.039110,0,0,0,,,,
C,4674,0.043701,0,0,0,,,,
C,4675,0.054335,0,0,0,,,,
C,4676,0.037954,0,0,0,,,,
C,4677,0.039094,0,0,0,,,,
C,4678,0.041000,0,0,0,,,,
C,4679,0.037813,0,0,0,,,,
C,4680,0.042731,0,0,0,,,,
C,4681,0.040132,0,0,0,,,,
C,4682,0.038039,0,0,0,,,,
C,4683,0.037851,0,0,0,,,,
C,4684,0.038345,0,0,0,,,,
C,4685,0.037213,0,0,0,,,,
C,4686,0.038388,0,0,0,,,,
C,4687,0.036357,0,0,0,,,,
C,4688,0.037269,0,0,0,,,,
C,4689,0.038222,0,0,0,,,,
C,4690,0.038956,0,0,0,,,,
C,4691,0.038565,0,0,0,,,,
C,4692,0.044200,0,0,0,,,,
C,4693,0.042171,0,0,0,,,,
C,4694,0.039079,0,0,0,,,,
C,4695,0.038459,0,0,0,,,,
C,4696,0.037349,0,0,0,,,,
C,4697,0.037534,0,0,0,,,,
C,4698,0.046114,0,0,0,,,,
C,4699,0.053342,0,0,0,,,,
C,4700,0.038156,0,0,0,,,,
C,4701,0.041257,0,0,0,,,,
C,4702,0.040651,0,0,0,,,,
C,4703,0.036999,0,0,0,,,,
C,4704,0.043115,0,0,0,,,,
C,4705,0.039898,0,0,0,,,,
C,4706,0.040242,0,0,0,,,,
C,4707,0.038161,0,0,0,,,,
C,4708,0.041965,0,0,0,,,,
C,4709,0.040201,0,0,0,,,,
C,4710,0.042333,0,0,0,,,,
C,4711,0.045428,0,0,0,,,,
C,4712,0.039138,0,0,0,,,,
C,4713,0.039649,0,0,0,,,,
C,4714,0.038197,0,0,0,,,,
C,4715,0.037562,0,0,0,,,,
C,4716,0.036806,0,0,0,,,,
C,4717,0.037569,0,0,0,,,,
C,4718,0.040625,0,0,0,,,,
C,4719,0.036921,0,0,0,,,,
C,4720,0.036701,0,0,0,,,,
C,4721,0.037011,0,0,0,,,,
C,4722,0.037523,0,0,0,,,,
C,4723,0.038116,0,0,0,,,,
C,4724,0.042956,0,0,0,,,,
C,4725,0.038165,0,0,0,,,,
C,4726,0.038089,0,0,0,,,,
C,4727,0.036956,0,0,0,,,,
C,4728,0.039009,0,0,0,,,,
C,4729,0.039180,0,0,0,,,,
C,4730,0.042591,0,0,0,,,,
C,4731,0.039532,0,0,0,,,,
C,4732,0.040031,0,0,0,,,,
C,4733,0.041740,0,0,0,,,,
C,4734,0.039138,0,0,0,,,,
C,4735,0.037823,0,0,0,,,,
C,4736,0.040445,0,0,0,,,,
C,4737,0.040828,0,0,0,,,,
C,4738,0.037377,0,0,0,,,,
C,4739,0.038962,0,0,0,,,,
C,4740,0.037760,0,0,0,,,,
C,4741,0.037663,0,0,0,,,,
C,4742,0.037704,0,0,0,,,,
C,4743,0.037775,0,0,0,,,,
C,4744,0.037722,0,0,0,,,,
C,4745,0.038453,0,0,0,,,,
C,4746,0.036707,0,0,0,,,,
C,4747,0.041587,0,0,0,,,,
C,4748,0.040615,0,0,0,,,,
C,4749,0.051547,0,0,0,,,,
C,4750,0.040894,0,0,0,,,,
C,4751,0.036496,0,0,0,,,,
C,4752,0.035854,0,0,0,,,,
C,4753,0.037764,0,0,0,,,,
C,4754,0.036740,0,0,0,,,,
C,4755,0.038376,0,0,0,,,,
C,4756,0.037887,0,0,0,,,,
C,4757,0.043791,0,0,0,,,,
C,4758,0.047030,0,0,0,,,,
C,4759,0.038870,0,0,0,,,,
C,4760,0.053674,0,0,0,,,,
C,4761,0.036973,0,0,0,,,,
C,4762,0.038237,0,0,0,,,,
C,4763,0.037190,0,0,0,,,,
C,4764,0.048086,0,0,0,,,,
C,4765,0.036793,0,0,0,,,,
C,4766,0.037219,0,0,0,,,,
C,4767,0.037588,0,0,0,,,,
C,4768,0.036523,0,0,0,,,,
C,4769,0.036976,0,0,0,,,,
C,4770,0.036580,0,0,0,,,,
C,4771,0.036566,0,0,0,,,,
C,4772,0.036746,0,0,0,,,,
C,4773,0.035521,0,0,0,,,,
C,4774,0.035997,0,0,0,,,,
C,4775,0.036628,0,0,0,,,,
C,4776,0.036976,0,0,0,,,,
C,4777,0.037456,0,0,0,,,,
C,4778,0.036476,0,0,0,,,,
C,4779,0.035946,0,0,0,,,,
C,4780,0.036232,0,0,0,,,,
C,4781,0.036982,0,0,0,,,,
C,4782,0.036609,0,0,0,,,,
C,4783,0.040440,0,0,0,,,,
C,4784,0.039726,0,0,0,,,,
C,4785,0.042766,0,0,0,,,,
C,4786,0.059880,0,0,0,,,,
C,4787,0.038398,0,0,0,,,,
C,4788,0.044324,0,0,0,,,,
C,4789,0.037170,0,0,0,,,,
C,4790,0.038443,0,0,0,,,,
C,4791,0.035713,0,0,0,,,,
C,4792,0.036984,0,0,0,,,,
C,4793,0.037700,0,0,0,,,,
C,4794,0.036315,0,0,0,,,,
C,4795,0.036770,0,0,0,,,,
C,4796,0.039108,0,0,0,,,,
C,4797,0.039400,0,0,0,,,,
C,4798,0.037281,0,0,0,,,,
C,4799,0.036774,0,0,0,,,,
C,4800,0.045443,0,0,0,,,,
C,4801,0.049786,0,0,0,,,,
C,4802,0.038475,0,0,0,,,,
C,4803,0.036578,0,0,0,,,,
C,4804,0.036780,0,0,0,,,,
C,4805,0.041516,0,0,0,,,,
C,4806,0.039101,0,0,0,,,,
C,4807,0.039159,0,0,0,,,,
C,4808,0.037223,0,0,0,,,,
C,4809,0.036813,0,0,0,,,,
C,4810,0.044002,0,0,0,,,,
C,4811,0.036667,0,0,0,,,,
C,4812,0.036114,0,0,0,,,,
C,4813,0.039203,0,0,0,,,,
C,4814,0.037519,0,0,0,,,,
C,4815,0.051085,0,0,0,,,,
C,4816,0.042663,0,0,0,,,,
C,4817,0.047577,0,0,0,,,,
C,4818,0.042913,0,0,0,,,,
C,4819,0.048230,0,0,0,,,,
C,4820,0.043692,0,0,0,,,,
C,4821,0.040539,0,0,0,,,,
C,4822,0.039047,0,0,0,,,,
C,4823,0.038726,0,0,0,,,,
C,4824,0.036948,0,0,0,,,,
C,4825,0.036622,0,0,0,,,,
C,4826,0.037015,0,0,0,,,,
C,4827,0.037287,0,0,0,,,,
C,4828,0.037405,0,0,0,,,,
C,4829,0.038150,0,0,0,,,,
C,4830,0.038622,0,0,0,,,,
C,4831,0.039490,0,0,0,,,,
C,4832,0.054286,0,0,0,,,,
C,4833,0.036792,0,0,0,,,,
C,4834,0.037378,0,0,0,,,,
C,4835,0.038878,0,0,0,,,,
C,4836,0.040792,0,0,0,,,,
C,4837,0.036884,0,0,0,,,,
C,4838,0.036660,0,0,0,,,,
C,4839,0.039286,0,0,0,,,,
C,4840,0.043504,0,0,0,,,,
C,4841,0.036014,0,0,0,,,,
C,4842,0.036187,0,0,0,,,,
C,4843,0.037328,0,0,0,,,,
C,4844,0.036481,0,0,0,,,,
C,4845,0.037702,0,0,0,,,,
C,4846,0.044379,0,0,0,,,,
C,4847,0.038586,0,0,0,,,,
C,4848,0.042596,0,0,0,,,,
C,4849,0.044064,0,0,0,,,,
C,4850,0.037036,0,0,0,,,,
C,4851,0.036494,0,0,0,,,,
C,4852,0.038185,0,0,0,,,,
C,4853,0.036622,0,0,0,,,,
C,4854,0.039492,0,0,0,,,,
C,4855,0.036895,0,0,0,,,,
C,4856,0.036504,0,0,0,,,,
C,4857,0.035409,0,0,0,,,,
C,4858,0.037380,0,0,0,,,,
C,4859,0.036067,0,0,0,,,,
C,4860,0.046107,0,0,0,,,,
C,4861,0.049072,0,0,0,,,,
C,4862,0.037331,0,0,0,,,,
C,4863,0.038604,0,0,0,,,,
C,4864,0.037642,0,0,0,,,,
C,4865,0.036749,0,0,0,,,,
C,4866,0.037739,0,0,0,,,,
C,4867,0.041567,0,0,0,,,,
C,4868,0.035906,0,0,0,,,,
C,4869,0.039601,0,0,0,,,,
C,4870,0.039560,0,0,0,,,,
C,4871,0.035851,0,0,0,,,,
C,4872,0.036153,0,0,0,,,,
C,4873,0.037380,0,0,0,,,,
C,4874,0.042941,0,0,0,,,,
C,4875,0.036919,0,0,0,,,,
C,4876,0.036852,0,0,0,,,,
C,4877,0.038166,0,0,0,,,,
C,4878,0.037837,0,0,0,,,,
C,4879,0.038599,0,0,0,,,,
C,4880,0.038125,0,0,0,,,,
C,4881,0.039255,0,0,0,,,,
C,4882,0.039609,0,0,0,,,,
C,4883,0.036730,0,0,0,,,,
C,4884,0.044076,0,0,0,,,,
C,4885,0.037574,0,0,0,,,,
C,4886,0.038494,0,0,0,,,,
C,4887,0.036322,0,0,0,,,,
C,4888,0.037365,0,0,0,,,,
C,4889,0.036571,0,0,0,,,,
C,4890,0.039401,0,0,0,,,,
C,4891,0.051507,0,0,0,,,,
C,4892,0.038805,0,0,0,,,,
C,4893,0.040139,0,0,0,,,,
C,4894,0.038804,0,0,0,,,,
C,4895,0.037893,0,0,0,,,,
C,4896,0.055509,0,0,0,,,,
C,4897,0.046541,0,0,0,,,,
C,4898,0.036399,0,0,0,,,,
C,4899,0.035897,0,0,0,,,,
C,4900,0.036370,0,0,0,,,,
C,4901,0.035835,0,0,0,,,,
C,4902,0.036079,0,0,0,,,,
C,4903,0.043576,0,0,0,,,,
C,4904,0.037543,0,0,0,,,,
C,4905,0.037687,0,0,0,,,,
C,4906,0.036280,0,0,0,,,,
C,4907,0.036689,0,0,0,,,,
C,4908,0.036675,0,0,0,,,,
C,4909,0.036716,0,0,0,,,,
C,4910,0.036408,0,0,0,,,,
C,4911,0.037893,0,0,0,,,,
C,4912,0.036636,0,0,0,,,,
C,4913,0.037417,0,0,0,,,,
C,4914,0.036958,0,0,0,,,,
C,4915,0.039061,0,0,0,,,,
C,4916,0.038357,0,0,0,,,,
C,4917,0.039868,0,0,0,,,,
C,4918,0.038673,0,0,0,,,,
C,4919,0.039754,0,0,0,,,,
C,4920,0.040678,0,0,0,,,,
C,4921,0.040856,0,0,0,,,,
C,4922,0.040372,0,0,0,,,,
C,4923,0.038376,0,0,0,,,,
C,4924,0.038323,0,0,0,,,,
C,4925,0.037972,0,0,0,,,,
C,4926,0.039986,0,0,0,,,,
C,4927,0.045596,0,0,0,,,,
C,4928,0.037673,0,0,0,,,,
C,4929,0.037686,0,0,0,,,,
C,4930,0.043893,0,0,0,,,,
C,4931,0.038332,0,0,0,,,,
C,4932,0.041460,0,0,0,,,,
C,4933,0.044025,0,0,0,,,,
C,4934,0.040900,0,0,0,,,,
C,4935,0.041720,0,0,0,,,,
C,4936,0.037499,0,0,0,,,,
C,4937,0.041242,0,0,0,,,,
C,4938,0.039274,0,0,0,,,,
C,4939,0.037322,0,0,0,,,,
C,4940,0.038479,0,0,0,,,,
C,4941,0.038035,0,0,0,,,,
C,4942,0.039536,0,0,0,,,,
C,4943,0.038153,0,0,0,,,,
C,4944,0.037611,0,0,0,,,,
C,4945,0.037332,0,0,0,,,,
C,4946,0.038744,0,0,0,,,,
C,4947,0.040284,0,0,0,,,,
C,4948,0.037960,0,0,0,,,,
C,4949,0.038843,0,0,0,,,,
C,4950,0.036795,0,0,0,,,,
C,4951,0.037636,0,0,0,,,,
C,4952,0.037261,0,0,0,,,,
C,4953,0.037331,0,0,0,,,,
C,4954,0.038287,0,0,0,,,,
C,4955,0.037239,0,0,0,,,,
C,4956,0.037608,0,0,0,,,,
C,4957,0.038233,0,0,0,,,,
C,4958,0.039034,0,0,0,,,,
C,4959,0.038964,0,0,0,,,,
C,4960,0.038345,0,0,0,,,,
C,4961,0.038379,0,0,0,,,,
C,4962,0.038854,0,0,0,,,,
C,4963,0.039518,0,0,0,,,,
C,4964,0.042139,0,0,0,,,,
C,4965,0.039456,0,0,0,,,,
C,4966,0.043015,0,0,0,,,,
C,4967,0.038852,0,0,0,,,,
C,4968,0.040702,0,0,0,,,,
C,4969,0.048215,0,0,0,,,,
C,4970,0.038102,0,0,0,,,,
C,4971,0.038475,0,0,0,,,,
C,4972,0.040147,0,0,0,,,,
C,4973,0.038115,0,0,0,,,,
C,4974,0.038071,0,0,0,,,,
C,4975,0.037798,0,0,0,,,,
C,4976,0.037972,0,0,0,,,,
C,4977,0.037546,0,0,0,,,,
C,4978,0.037181,0,0,0,,,,
C,4979,0.036726,0,0,0,,,,
C,4980,0.035556,0,0,0,,,,
C,4981,0.036634,0,0,0,,,,
C,4982,0.036610,0,0,0,,,,
C,4983,0.037020,0,0,0,,,,
C,4984,0.037317,0,0,0,,,,
C,4985,0.037191,0,0,0,,,,
C,4986,0.038679,0,0,0,,,,
C,4987,0.038430,0,0,0,,,,
C,4988,0.037099,0,0,0,,,,
C,4989,0.037303,0,0,0,,,,
C,4990,0.038294,0,0,0,,,,
C,4991,0.037785,0,0,0,,,,
C,4992,0.038610,0,0,0,,,,
C,4993,0.037930,0,0,0,,,,
C,4994,0.038564,0,0,0,,,,
C,4995,0.040073,0,0,0,,,,
C,4996,0.046713,0,0,0,,,,
C,4997,0.038098,0,0,0,,,,
C,4998,0.039396,0,0,0,,,,
C,4999,0.035814,0,0,0,,,,
C,5000,0.043500,0,0,0,207.0,3.035e-11,"{'checked': 26, 'zsx_rejected': 6, 'default_rejected': 0, 'closed_form_forced': 0, 'inexact': 9, 'exact_rebuilt': 0, 'best_effort': 0, 'best_effort_worst': 0.0, 'psf_rerouted': 0, 'psf_rerouted_worst_residual': 0.0}",300
C,5001,0.037013,0,0,0,,,,
C,5002,0.038533,0,0,0,,,,
C,5003,0.035057,0,0,0,,,,
C,5004,0.036559,0,0,0,,,,
C,5005,0.036491,0,0,0,,,,
C,5006,0.035351,0,0,0,,,,
C,5007,0.035327,0,0,0,,,,
C,5008,0.035757,0,0,0,,,,
C,5009,0.035526,0,0,0,,,,
C,5010,0.035307,0,0,0,,,,
C,5011,0.036577,0,0,0,,,,
C,5012,0.036578,0,0,0,,,,
C,5013,0.036688,0,0,0,,,,
C,5014,0.043976,0,0,0,,,,
C,5015,0.036127,0,0,0,,,,
C,5016,0.036595,0,0,0,,,,
C,5017,0.036583,0,0,0,,,,
C,5018,0.039127,0,0,0,,,,
C,5019,0.038724,0,0,0,,,,
C,5020,0.038000,0,0,0,,,,
C,5021,0.036611,0,0,0,,,,
C,5022,0.036909,0,0,0,,,,
C,5023,0.036376,0,0,0,,,,
C,5024,0.036436,0,0,0,,,,
C,5025,0.036482,0,0,0,,,,
C,5026,0.036364,0,0,0,,,,
C,5027,0.037301,0,0,0,,,,
C,5028,0.037188,0,0,0,,,,
C,5029,0.036771,0,0,0,,,,
C,5030,0.035387,0,0,0,,,,
C,5031,0.035671,0,0,0,,,,
C,5032,0.036536,0,0,0,,,,
C,5033,0.034925,0,0,0,,,,
C,5034,0.035972,0,0,0,,,,
C,5035,0.036886,0,0,0,,,,
C,5036,0.036856,0,0,0,,,,
C,5037,0.036948,0,0,0,,,,
C,5038,0.036481,0,0,0,,,,
C,5039,0.041417,0,0,0,,,,
C,5040,0.044057,0,0,0,,,,
C,5041,0.036316,0,0,0,,,,
C,5042,0.036039,0,0,0,,,,
C,5043,0.037051,0,0,0,,,,
C,5044,0.035766,0,0,0,,,,
C,5045,0.035842,0,0,0,,,,
C,5046,0.035524,0,0,0,,,,
C,5047,0.037127,0,0,0,,,,
C,5048,0.035654,0,0,0,,,,
C,5049,0.037024,0,0,0,,,,
C,5050,0.036339,0,0,0,,,,
C,5051,0.036326,0,0,0,,,,
C,5052,0.037298,0,0,0,,,,
C,5053,0.036730,0,0,0,,,,
C,5054,0.037399,0,0,0,,,,
C,5055,0.037659,0,0,0,,,,
C,5056,0.039631,0,0,0,,,,
C,5057,0.041021,0,0,0,,,,
C,5058,0.038851,0,0,0,,,,
C,5059,0.037877,0,0,0,,,,
C,5060,0.039314,0,0,0,,,,
C,5061,0.038409,0,0,0,,,,
C,5062,0.037265,0,0,0,,,,
C,5063,0.037815,0,0,0,,,,
C,5064,0.036757,0,0,0,,,,
C,5065,0.036950,0,0,0,,,,
C,5066,0.040458,0,0,0,,,,
C,5067,0.039767,0,0,0,,,,
C,5068,0.039547,0,0,0,,,,
C,5069,0.038205,0,0,0,,,,
C,5070,0.036942,0,0,0,,,,
C,5071,0.038356,0,0,0,,,,
C,5072,0.047374,0,0,0,,,,
C,5073,0.036659,0,0,0,,,,
C,5074,0.042339,0,0,0,,,,
C,5075,0.038016,0,0,0,,,,
C,5076,0.045910,0,0,0,,,,
C,5077,0.068981,0,0,0,,,,
C,5078,0.048970,0,0,0,,,,
C,5079,0.036507,0,0,0,,,,
C,5080,0.037456,0,0,0,,,,
C,5081,0.038705,0,0,0,,,,
C,5082,0.037835,0,0,0,,,,
C,5083,0.037286,0,0,0,,,,
C,5084,0.042618,0,0,0,,,,
C,5085,0.040119,0,0,0,,,,
C,5086,0.043351,0,0,0,,,,
C,5087,0.037510,0,0,0,,,,
C,5088,0.039489,0,0,0,,,,
C,5089,0.040543,0,0,0,,,,
C,5090,0.047165,0,0,0,,,,
C,5091,0.037184,0,0,0,,,,
C,5092,0.038430,0,0,0,,,,
C,5093,0.039808,0,0,0,,,,
C,5094,0.039745,0,0,0,,,,
C,5095,0.037420,0,0,0,,,,
C,5096,0.045362,0,0,0,,,,
C,5097,0.040679,0,0,0,,,,
C,5098,0.037345,0,0,0,,,,
C,5099,0.045091,0,0,0,,,,
C,5100,0.036344,0,0,0,,,,
C,5101,0.036295,0,0,0,,,,
C,5102,0.035526,0,0,0,,,,
C,5103,0.036215,0,0,0,,,,
C,5104,0.035854,0,0,0,,,,
C,5105,0.035741,0,0,0,,,,
C,5106,0.035383,0,0,0,,,,
C,5107,0.036157,0,0,0,,,,
C,5108,0.035393,0,0,0,,,,
C,5109,0.036755,0,0,0,,,,
C,5110,0.035763,0,0,0,,,,
C,5111,0.037057,0,0,0,,,,
C,5112,0.037483,0,0,0,,,,
C,5113,0.035736,0,0,0,,,,
C,5114,0.035956,0,0,0,,,,
C,5115,0.036910,0,0,0,,,,
C,5116,0.036314,0,0,0,,,,
C,5117,0.036019,0,0,0,,,,
C,5118,0.041939,0,0,0,,,,
C,5119,0.036528,0,0,0,,,,
C,5120,0.058490,0,0,0,,,,
C,5121,0.042367,0,0,0,,,,
C,5122,0.039652,0,0,0,,,,
C,5123,0.050243,0,0,0,,,,
C,5124,0.043900,0,0,0,,,,
C,5125,0.041416,0,0,0,,,,
C,5126,0.043833,0,0,0,,,,
C,5127,0.039874,0,0,0,,,,
C,5128,0.040629,0,0,0,,,,
C,5129,0.041498,0,0,0,,,,
C,5130,0.041437,0,0,0,,,,
C,5131,0.037529,0,0,0,,,,
C,5132,0.036793,0,0,0,,,,
C,5133,0.038492,0,0,0,,,,
C,5134,0.037870,0,0,0,,,,
C,5135,0.036747,0,0,0,,,,
C,5136,0.040084,0,0,0,,,,
C,5137,0.036034,0,0,0,,,,
C,5138,0.038749,0,0,0,,,,
C,5139,0.051620,0,0,0,,,,
C,5140,0.037896,0,0,0,,,,
C,5141,0.036501,0,0,0,,,,
C,5142,0.038123,0,0,0,,,,
C,5143,0.037369,0,0,0,,,,
C,5144,0.036574,0,0,0,,,,
C,5145,0.036807,0,0,0,,,,
C,5146,0.036867,0,0,0,,,,
C,5147,0.036269,0,0,0,,,,
C,5148,0.037364,0,0,0,,,,
C,5149,0.037605,0,0,0,,,,
C,5150,0.038199,0,0,0,,,,
C,5151,0.040498,0,0,0,,,,
C,5152,0.040333,0,0,0,,,,
C,5153,0.038788,0,0,0,,,,
C,5154,0.044378,0,0,0,,,,
C,5155,0.036979,0,0,0,,,,
C,5156,0.040525,0,0,0,,,,
C,5157,0.036730,0,0,0,,,,
C,5158,0.042004,0,0,0,,,,
C,5159,0.036676,0,0,0,,,,
C,5160,0.037283,0,0,0,,,,
C,5161,0.038069,0,0,0,,,,
C,5162,0.040557,0,0,0,,,,
C,5163,0.036273,0,0,0,,,,
C,5164,0.035784,0,0,0,,,,
C,5165,0.035681,0,0,0,,,,
C,5166,0.035237,0,0,0,,,,
C,5167,0.036560,0,0,0,,,,
C,5168,0.036100,0,0,0,,,,
C,5169,0.040121,0,0,0,,,,
C,5170,0.040369,0,0,0,,,,
C,5171,0.036251,0,0,0,,,,
C,5172,0.038166,0,0,0,,,,
C,5173,0.042156,0,0,0,,,,
C,5174,0.046129,0,0,0,,,,
C,5175,0.037524,0,0,0,,,,
C,5176,0.039556,0,0,0,,,,
C,5177,0.045994,0,0,0,,,,
C,5178,0.039606,0,0,0,,,,
C,5179,0.039818,0,0,0,,,,
C,5180,0.038660,0,0,0,,,,
C,5181,0.035721,0,0,0,,,,
C,5182,0.039676,0,0,0,,,,
C,5183,0.046190,0,0,0,,,,
C,5184,0.038932,0,0,0,,,,
C,5185,0.036493,0,0,0,,,,
C,5186,0.048653,0,0,0,,,,
C,5187,0.035836,0,0,0,,,,
C,5188,0.035779,0,0,0,,,,
C,5189,0.036673,0,0,0,,,,
C,5190,0.047195,0,0,0,,,,
C,5191,0.036541,0,0,0,,,,
C,5192,0.038138,0,0,0,,,,
C,5193,0.037828,0,0,0,,,,
C,5194,0.043875,0,0,0,,,,
C,5195,0.039438,0,0,0,,,,
C,5196,0.043322,0,0,0,,,,
C,5197,0.038985,0,0,0,,,,
C,5198,0.038609,0,0,0,,,,
C,5199,0.046354,0,0,0,,,,
C,5200,0.039645,0,0,0,,,,
C,5201,0.039295,0,0,0,,,,
C,5202,0.039538,0,0,0,,,,
C,5203,0.037093,0,0,0,,,,
C,5204,0.041524,0,0,0,,,,
C,5205,0.036730,0,0,0,,,,
C,5206,0.036048,0,0,0,,,,
C,5207,0.036275,0,0,0,,,,
C,5208,0.036057,0,0,0,,,,
C,5209,0.037089,0,0,0,,,,
C,5210,0.036166,0,0,0,,,,
C,5211,0.037046,0,0,0,,,,
C,5212,0.037069,0,0,0,,,,
C,5213,0.037163,0,0,0,,,,
C,5214,0.038140,0,0,0,,,,
C,5215,0.037174,0,0,0,,,,
C,5216,0.040532,0,0,0,,,,
C,5217,0.044801,0,0,0,,,,
C,5218,0.038318,0,0,0,,,,
C,5219,0.037080,0,0,0,,,,
C,5220,0.040489,0,0,0,,,,
C,5221,0.043122,0,0,0,,,,
C,5222,0.038264,0,0,0,,,,
C,5223,0.041813,0,0,0,,,,
C,5224,0.037103,0,0,0,,,,
C,5225,0.040659,0,0,0,,,,
C,5226,0.038017,0,0,0,,,,
C,5227,0.039012,0,0,0,,,,
C,5228,0.037429,0,0,0,,,,
C,5229,0.038310,0,0,0,,,,
C,5230,0.037026,0,0,0,,,,
C,5231,0.038482,0,0,0,,,,
C,5232,0.036568,0,0,0,,,,
C,5233,0.036552,0,0,0,,,,
C,5234,0.037670,0,0,0,,,,
C,5235,0.036215,0,0,0,,,,
C,5236,0.038316,0,0,0,,,,
C,5237,0.037680,0,0,0,,,,
C,5238,0.036745,0,0,0,,,,
C,5239,0.036248,0,0,0,,,,
C,5240,0.035677,0,0,0,,,,
C,5241,0.035878,0,0,0,,,,
C,5242,0.036780,0,0,0,,,,
C,5243,0.035855,0,0,0,,,,
C,5244,0.035438,0,0,0,,,,
C,5245,0.036077,0,0,0,,,,
C,5246,0.036543,0,0,0,,,,
C,5247,0.037447,0,0,0,,,,
C,5248,0.036835,0,0,0,,,,
C,5249,0.039224,0,0,0,,,,
C,5250,0.036426,0,0,0,,,,
C,5251,0.036430,0,0,0,,,,
C,5252,0.050906,0,0,0,,,,
C,5253,0.052154,0,0,0,,,,
C,5254,0.040720,0,0,0,,,,
C,5255,0.039124,0,0,0,,,,
C,5256,0.036928,0,0,0,,,,
C,5257,0.037355,0,0,0,,,,
C,5258,0.037185,0,0,0,,,,
C,5259,0.036847,0,0,0,,,,
C,5260,0.037446,0,0,0,,,,
C,5261,0.036906,0,0,0,,,,
C,5262,0.037224,0,0,0,,,,
C,5263,0.036732,0,0,0,,,,
C,5264,0.038137,0,0,0,,,,
C,5265,0.036885,0,0,0,,,,
C,5266,0.037341,0,0,0,,,,
C,5267,0.037065,0,0,0,,,,
C,5268,0.038001,0,0,0,,,,
C,5269,0.036111,0,0,0,,,,
C,5270,0.038068,0,0,0,,,,
C,5271,0.036951,0,0,0,,,,
C,5272,0.036470,0,0,0,,,,
C,5273,0.035422,0,0,0,,,,
C,5274,0.037964,0,0,0,,,,
C,5275,0.039026,0,0,0,,,,
C,5276,0.036561,0,0,0,,,,
C,5277,0.039107,0,0,0,,,,
C,5278,0.039768,0,0,0,,,,
C,5279,0.038437,0,0,0,,,,
C,5280,0.042013,0,0,0,,,,
C,5281,0.035884,0,0,0,,,,
C,5282,0.036646,0,0,0,,,,
C,5283,0.036104,0,0,0,,,,
C,5284,0.036874,0,0,0,,,,
C,5285,0.036315,0,0,0,,,,
C,5286,0.036607,0,0,0,,,,
C,5287,0.036718,0,0,0,,,,
C,5288,0.038261,0,0,0,,,,
C,5289,0.038000,0,0,0,,,,
C,5290,0.039471,0,0,0,,,,
C,5291,0.036281,0,0,0,,,,
C,5292,0.035881,0,0,0,,,,
C,5293,0.038328,0,0,0,,,,
C,5294,0.037321,0,0,0,,,,
C,5295,0.037536,0,0,0,,,,
C,5296,0.037455,0,0,0,,,,
C,5297,0.041220,0,0,0,,,,
C,5298,0.039476,0,0,0,,,,
C,5299,0.037124,0,0,0,,,,
C,5300,0.036352,0,0,0,,,,
C,5301,0.039372,0,0,0,,,,
C,5302,0.036757,0,0,0,,,,
C,5303,0.036261,0,0,0,,,,
C,5304,0.036530,0,0,0,,,,
C,5305,0.065562,0,0,0,,,,
C,5306,0.037260,0,0,0,,,,
C,5307,0.038881,0,0,0,,,,
C,5308,0.038576,0,0,0,,,,
C,5309,0.038921,0,0,0,,,,
C,5310,0.037628,0,0,0,,,,
C,5311,0.037470,0,0,0,,,,
C,5312,0.043731,0,0,0,,,,
C,5313,0.060611,0,0,0,,,,
C,5314,0.043196,0,0,0,,,,
C,5315,0.038643,0,0,0,,,,
C,5316,0.036968,0,0,0,,,,
C,5317,0.039673,0,0,0,,,,
C,5318,0.042399,0,0,0,,,,
C,5319,0.040568,0,0,0,,,,
C,5320,0.039592,0,0,0,,,,
C,5321,0.040538,0,0,0,,,,
C,5322,0.036489,0,0,0,,,,
C,5323,0.037814,0,0,0,,,,
C,5324,0.037046,0,0,0,,,,
C,5325,0.036655,0,0,0,,,,
C,5326,0.036515,0,0,0,,,,
C,5327,0.039885,0,0,0,,,,
C,5328,0.036540,0,0,0,,,,
C,5329,0.036226,0,0,0,,,,
C,5330,0.038989,0,0,0,,,,
C,5331,0.037212,0,0,0,,,,
C,5332,0.037173,0,0,0,,,,
C,5333,0.037970,0,0,0,,,,
C,5334,0.037774,0,0,0,,,,
C,5335,0.036717,0,0,0,,,,
C,5336,0.039865,0,0,0,,,,
C,5337,0.036529,0,0,0,,,,
C,5338,0.036491,0,0,0,,,,
C,5339,0.037001,0,0,0,,,,
C,5340,0.035891,0,0,0,,,,
C,5341,0.035857,0,0,0,,,,
C,5342,0.036817,0,0,0,,,,
C,5343,0.037855,0,0,0,,,,
C,5344,0.035962,0,0,0,,,,
C,5345,0.036536,0,0,0,,,,
C,5346,0.037985,0,0,0,,,,
C,5347,0.035984,0,0,0,,,,
C,5348,0.035596,0,0,0,,,,
C,5349,0.035966,0,0,0,,,,
C,5350,0.035696,0,0,0,,,,
C,5351,0.039508,0,0,0,,,,
C,5352,0.045068,0,0,0,,,,
C,5353,0.036744,0,0,0,,,,
C,5354,0.035984,0,0,0,,,,
C,5355,0.039336,0,0,0,,,,
C,5356,0.036412,0,0,0,,,,
C,5357,0.037116,0,0,0,,,,
C,5358,0.036050,0,0,0,,,,
C,5359,0.037409,0,0,0,,,,
C,5360,0.036352,0,0,0,,,,
C,5361,0.035491,0,0,0,,,,
C,5362,0.035881,0,0,0,,,,
C,5363,0.036614,0,0,0,,,,
C,5364,0.043427,0,0,0,,,,
C,5365,0.036531,0,0,0,,,,
C,5366,0.036465,0,0,0,,,,
C,5367,0.036387,0,0,0,,,,
C,5368,0.040468,0,0,0,,,,
C,5369,0.042291,0,0,0,,,,
C,5370,0.038206,0,0,0,,,,
C,5371,0.048618,0,0,0,,,,
C,5372,0.039067,0,0,0,,,,
C,5373,0.052512,0,0,0,,,,
C,5374,0.039562,0,0,0,,,,
C,5375,0.042075,0,0,0,,,,
C,5376,0.042049,0,0,0,,,,
C,5377,0.041722,0,0,0,,,,
C,5378,0.049297,0,0,0,,,,
C,5379,0.039087,0,0,0,,,,
C,5380,0.040081,0,0,0,,,,
C,5381,0.045756,0,0,0,,,,
C,5382,0.040618,0,0,0,,,,
C,5383,0.040871,0,0,0,,,,
C,5384,0.038796,0,0,0,,,,
C,5385,0.039606,0,0,0,,,,
C,5386,0.040574,0,0,0,,,,
C,5387,0.037941,0,0,0,,,,
C,5388,0.041990,0,0,0,,,,
C,5389,0.041349,0,0,0,,,,
C,5390,0.041172,0,0,0,,,,
C,5391,0.057341,0,0,0,,,,
C,5392,0.043658,0,0,0,,,,
C,5393,0.040546,0,0,0,,,,
C,5394,0.049960,0,0,0,,,,
C,5395,0.044002,0,0,0,,,,
C,5396,0.040211,0,0,0,,,,
C,5397,0.038028,0,0,0,,,,
C,5398,0.040723,0,0,0,,,,
C,5399,0.043168,0,0,0,,,,
C,5400,0.047844,0,0,0,,,,
C,5401,0.040674,0,0,0,,,,
C,5402,0.041260,0,0,0,,,,
C,5403,0.051571,0,0,0,,,,
C,5404,0.042611,0,0,0,,,,
C,5405,0.060483,0,0,0,,,,
C,5406,0.039106,0,0,0,,,,
C,5407,0.037486,0,0,0,,,,
C,5408,0.042301,0,0,0,,,,
C,5409,0.040158,0,0,0,,,,
C,5410,0.039816,0,0,0,,,,
C,5411,0.040814,0,0,0,,,,
C,5412,0.041284,0,0,0,,,,
C,5413,0.042656,0,0,0,,,,
C,5414,0.039517,0,0,0,,,,
C,5415,0.037303,0,0,0,,,,
C,5416,0.039145,0,0,0,,,,
C,5417,0.042796,0,0,0,,,,
C,5418,0.043449,0,0,0,,,,
C,5419,0.045411,0,0,0,,,,
C,5420,0.038675,0,0,0,,,,
C,5421,0.041602,0,0,0,,,,
C,5422,0.039008,0,0,0,,,,
C,5423,0.044792,0,0,0,,,,
C,5424,0.037917,0,0,0,,,,
C,5425,0.036003,0,0,0,,,,
C,5426,0.037168,0,0,0,,,,
C,5427,0.040131,0,0,0,,,,
C,5428,0.039545,0,0,0,,,,
C,5429,0.045208,0,0,0,,,,
C,5430,0.037408,0,0,0,,,,
C,5431,0.035980,0,0,0,,,,
C,5432,0.035526,0,0,0,,,,
C,5433,0.036998,0,0,0,,,,
C,5434,0.036960,0,0,0,,,,
C,5435,0.036081,0,0,0,,,,
C,5436,0.036227,0,0,0,,,,
C,5437,0.037316,0,0,0,,,,
C,5438,0.035805,0,0,0,,,,
C,5439,0.037090,0,0,0,,,,
C,5440,0.040086,0,0,0,,,,
C,5441,0.036290,0,0,0,,,,
C,5442,0.036940,0,0,0,,,,
C,5443,0.036149,0,0,0,,,,
C,5444,0.039765,0,0,0,,,,
C,5445,0.039574,0,0,0,,,,
C,5446,0.038047,0,0,0,,,,
C,5447,0.041257,0,0,0,,,,
C,5448,0.038674,0,0,0,,,,
C,5449,0.036043,0,0,0,,,,
C,5450,0.037093,0,0,0,,,,
C,5451,0.038457,0,0,0,,,,
C,5452,0.038372,0,0,0,,,,
C,5453,0.037308,0,0,0,,,,
C,5454,0.038064,0,0,0,,,,
C,5455,0.037092,0,0,0,,,,
C,5456,0.036955,0,0,0,,,,
C,5457,0.035577,0,0,0,,,,
C,5458,0.036491,0,0,0,,,,
C,5459,0.036676,0,0,0,,,,
C,5460,0.037454,0,0,0,,,,
C,5461,0.036631,0,0,0,,,,
C,5462,0.037967,0,0,0,,,,
C,5463,0.037930,0,0,0,,,,
C,5464,0.036089,0,0,0,,,,
C,5465,0.036823,0,0,0,,,,
C,5466,0.038078,0,0,0,,,,
C,5467,0.042035,0,0,0,,,,
C,5468,0.042413,0,0,0,,,,
C,5469,0.042894,0,0,0,,,,
C,5470,0.048467,0,0,0,,,,
C,5471,0.036158,0,0,0,,,,
C,5472,0.037061,0,0,0,,,,
C,5473,0.037389,0,0,0,,,,
C,5474,0.037436,0,0,0,,,,
C,5475,0.043837,0,0,0,,,,
C,5476,0.038813,0,0,0,,,,
C,5477,0.037028,0,0,0,,,,
C,5478,0.036512,0,0,0,,,,
C,5479,0.036731,0,0,0,,,,
C,5480,0.035715,0,0,0,,,,
C,5481,0.035535,0,0,0,,,,
C,5482,0.037356,0,0,0,,,,
C,5483,0.036724,0,0,0,,,,
C,5484,0.038711,0,0,0,,,,
C,5485,0.037365,0,0,0,,,,
C,5486,0.036538,0,0,0,,,,
C,5487,0.039189,0,0,0,,,,
C,5488,0.035835,0,0,0,,,,
C,5489,0.036636,0,0,0,,,,
C,5490,0.036810,0,0,0,,,,
C,5491,0.037279,0,0,0,,,,
C,5492,0.037721,0,0,0,,,,
C,5493,0.035543,0,0,0,,,,
C,5494,0.035856,0,0,0,,,,
C,5495,0.039932,0,0,0,,,,
C,5496,0.035880,0,0,0,,,,
C,5497,0.036006,0,0,0,,,,
C,5498,0.038754,0,0,0,,,,
C,5499,0.036945,0,0,0,,,,
C,5500,0.041196,0,0,0,,,,
C,5501,0.035789,0,0,0,,,,
C,5502,0.036558,0,0,0,,,,
C,5503,0.036686,0,0,0,,,,
C,5504,0.042609,0,0,0,,,,
C,5505,0.044987,0,0,0,,,,
C,5506,0.038977,0,0,0,,,,
C,5507,0.043972,0,0,0,,,,
C,5508,0.040778,0,0,0,,,,
C,5509,0.035862,0,0,0,,,,
C,5510,0.037094,0,0,0,,,,
C,5511,0.041889,0,0,0,,,,
C,5512,0.037655,0,0,0,,,,
C,5513,0.038049,0,0,0,,,,
C,5514,0.045187,0,0,0,,,,
C,5515,0.038578,0,0,0,,,,
C,5516,0.037805,0,0,0,,,,
C,5517,0.036518,0,0,0,,,,
C,5518,0.036671,0,0,0,,,,
C,5519,0.037537,0,0,0,,,,
C,5520,0.039336,0,0,0,,,,
C,5521,0.038388,0,0,0,,,,
C,5522,0.037184,0,0,0,,,,
C,5523,0.039854,0,0,0,,,,
C,5524,0.036876,0,0,0,,,,
C,5525,0.037672,0,0,0,,,,
C,5526,0.037342,0,0,0,,,,
C,5527,0.038210,0,0,0,,,,
C,5528,0.036828,0,0,0,,,,
C,5529,0.037373,0,0,0,,,,
C,5530,0.038191,0,0,0,,,,
C,5531,0.036487,0,0,0,,,,
C,5532,0.035747,0,0,0,,,,
C,5533,0.036374,0,0,0,,,,
C,5534,0.038654,0,0,0,,,,
C,5535,0.037885,0,0,0,,,,
C,5536,0.038282,0,0,0,,,,
C,5537,0.036776,0,0,0,,,,
C,5538,0.040830,0,0,0,,,,
C,5539,0.039255,0,0,0,,,,
C,5540,0.036417,0,0,0,,,,
C,5541,0.036217,0,0,0,,,,
C,5542,0.036145,0,0,0,,,,
C,5543,0.043702,0,0,0,,,,
C,5544,0.037810,0,0,0,,,,
C,5545,0.036100,0,0,0,,,,
C,5546,0.039439,0,0,0,,,,
C,5547,0.037584,0,0,0,,,,
C,5548,0.041451,0,0,0,,,,
C,5549,0.042871,0,0,0,,,,
C,5550,0.040463,0,0,0,,,,
C,5551,0.045003,0,0,0,,,,
C,5552,0.038582,0,0,0,,,,
C,5553,0.038772,0,0,0,,,,
C,5554,0.037208,0,0,0,,,,
C,5555,0.036522,0,0,0,,,,
C,5556,0.038291,0,0,0,,,,
C,5557,0.037197,0,0,0,,,,
C,5558,0.039871,0,0,0,,,,
C,5559,0.039042,0,0,0,,,,
C,5560,0.038818,0,0,0,,,,
C,5561,0.039606,0,0,0,,,,
C,5562,0.040018,0,0,0,,,,
C,5563,0.047210,0,0,0,,,,
C,5564,0.042040,0,0,0,,,,
C,5565,0.039469,0,0,0,,,,
C,5566,0.039852,0,0,0,,,,
C,5567,0.040899,0,0,0,,,,
C,5568,0.038622,0,0,0,,,,
C,5569,0.037584,0,0,0,,,,
C,5570,0.044770,0,0,0,,,,
C,5571,0.039400,0,0,0,,,,
C,5572,0.045055,0,0,0,,,,
C,5573,0.058777,0,0,0,,,,
C,5574,0.041301,0,0,0,,,,
C,5575,0.039688,0,0,0,,,,
C,5576,0.041244,0,0,0,,,,
C,5577,0.044526,0,0,0,,,,
C,5578,0.043885,0,0,0,,,,
C,5579,0.044161,0,0,0,,,,
C,5580,0.041280,0,0,0,,,,
C,5581,0.047625,0,0,0,,,,
C,5582,0.043607,0,0,0,,,,
C,5583,0.039490,0,0,0,,,,
C,5584,0.044437,0,0,0,,,,
C,5585,0.040188,0,0,0,,,,
C,5586,0.038477,0,0,0,,,,
C,5587,0.037007,0,0,0,,,,
C,5588,0.042500,0,0,0,,,,
C,5589,0.038464,0,0,0,,,,
C,5590,0.044211,0,0,0,,,,
C,5591,0.043254,0,0,0,,,,
C,5592,0.037117,0,0,0,,,,
C,5593,0.037393,0,0,0,,,,
C,5594,0.038328,0,0,0,,,,
C,5595,0.038068,0,0,0,,,,
C,5596,0.036729,0,0,0,,,,
C,5597,0.036518,0,0,0,,,,
C,5598,0.035715,0,0,0,,,,
C,5599,0.095880,0,0,0,,,,
C,5600,0.039767,0,0,0,,,,
C,5601,0.040367,0,0,0,,,,
C,5602,0.039346,0,0,0,,,,
C,5603,0.041106,0,0,0,,,,
C,5604,0.045631,0,0,0,,,,
C,5605,0.041251,0,0,0,,,,
C,5606,0.040973,0,0,0,,,,
C,5607,0.036615,0,0,0,,,,
C,5608,0.037611,0,0,0,,,,
C,5609,0.038286,0,0,0,,,,
C,5610,0.035981,0,0,0,,,,
C,5611,0.035991,0,0,0,,,,
C,5612,0.036302,0,0,0,,,,
C,5613,0.039238,0,0,0,,,,
C,5614,0.036384,0,0,0,,,,
C,5615,0.038234,0,0,0,,,,
C,5616,0.036931,0,0,0,,,,
C,5617,0.036738,0,0,0,,,,
C,5618,0.036328,0,0,0,,,,
C,5619,0.036849,0,0,0,,,,
C,5620,0.037742,0,0,0,,,,
C,5621,0.038238,0,0,0,,,,
C,5622,0.038408,0,0,0,,,,
C,5623,0.038070,0,0,0,,,,
C,5624,0.042573,0,0,0,,,,
C,5625,0.040106,0,0,0,,,,
C,5626,0.043045,0,0,0,,,,
C,5627,0.038014,0,0,0,,,,
C,5628,0.037570,0,0,0,,,,
C,5629,0.036525,0,0,0,,,,
C,5630,0.037178,0,0,0,,,,
C,5631,0.038802,0,0,0,,,,
C,5632,0.037952,0,0,0,,,,
C,5633,0.038986,0,0,0,,,,
C,5634,0.036417,0,0,0,,,,
C,5635,0.036795,0,0,0,,,,
C,5636,0.036504,0,0,0,,,,
C,5637,0.037460,0,0,0,,,,
C,5638,0.036558,0,0,0,,,,
C,5639,0.036375,0,0,0,,,,
C,5640,0.037079,0,0,0,,,,
C,5641,0.035684,0,0,0,,,,
C,5642,0.036567,0,0,0,,,,
C,5643,0.041599,0,0,0,,,,
C,5644,0.037929,0,0,0,,,,
C,5645,0.036894,0,0,0,,,,
C,5646,0.037061,0,0,0,,,,
C,5647,0.036455,0,0,0,,,,
C,5648,0.038301,0,0,0,,,,
C,5649,0.036733,0,0,0,,,,
C,5650,0.036317,0,0,0,,,,
C,5651,0.037859,0,0,0,,,,
C,5652,0.037561,0,0,0,,,,
C,5653,0.037080,0,0,0,,,,
C,5654,0.037096,0,0,0,,,,
C,5655,0.038954,0,0,0,,,,
C,5656,0.037715,0,0,0,,,,
C,5657,0.037039,0,0,0,,,,
C,5658,0.036299,0,0,0,,,,
C,5659,0.038063,0,0,0,,,,
C,5660,0.038230,0,0,0,,,,
C,5661,0.038562,0,0,0,,,,
C,5662,0.043748,0,0,0,,,,
C,5663,0.037462,0,0,0,,,,
C,5664,0.037924,0,0,0,,,,
C,5665,0.038134,0,0,0,,,,
C,5666,0.037659,0,0,0,,,,
C,5667,0.038162,0,0,0,,,,
C,5668,0.038156,0,0,0,,,,
C,5669,0.037364,0,0,0,,,,
C,5670,0.037182,0,0,0,,,,
C,5671,0.037599,0,0,0,,,,
C,5672,0.037174,0,0,0,,,,
C,5673,0.037944,0,0,0,,,,
C,5674,0.037692,0,0,0,,,,
C,5675,0.038492,0,0,0,,,,
C,5676,0.038148,0,0,0,,,,
C,5677,0.038345,0,0,0,,,,
C,5678,0.037099,0,0,0,,,,
C,5679,0.037694,0,0,0,,,,
C,5680,0.042428,0,0,0,,,,
C,5681,0.036841,0,0,0,,,,
C,5682,0.036775,0,0,0,,,,
C,5683,0.036528,0,0,0,,,,
C,5684,0.036575,0,0,0,,,,
C,5685,0.040909,0,0,0,,,,
C,5686,0.036102,0,0,0,,,,
C,5687,0.037772,0,0,0,,,,
C,5688,0.036872,0,0,0,,,,
C,5689,0.037786,0,0,0,,,,
C,5690,0.037510,0,0,0,,,,
C,5691,0.037370,0,0,0,,,,
C,5692,0.037357,0,0,0,,,,
C,5693,0.037510,0,0,0,,,,
C,5694,0.036014,0,0,0,,,,
C,5695,0.037158,0,0,0,,,,
C,5696,0.037439,0,0,0,,,,
C,5697,0.037744,0,0,0,,,,
C,5698,0.036106,0,0,0,,,,
C,5699,0.035942,0,0,0,,,,
C,5700,0.036010,0,0,0,,,,
C,5701,0.037183,0,0,0,,,,
C,5702,0.036424,0,0,0,,,,
C,5703,0.036666,0,0,0,,,,
C,5704,0.036326,0,0,0,,,,
C,5705,0.036351,0,0,0,,,,
C,5706,0.035862,0,0,0,,,,
C,5707,0.036538,0,0,0,,,,
C,5708,0.037091,0,0,0,,,,
C,5709,0.037171,0,0,0,,,,
C,5710,0.045495,0,0,0,,,,
C,5711,0.037623,0,0,0,,,,
C,5712,0.036750,0,0,0,,,,
C,5713,0.036929,0,0,0,,,,
C,5714,0.037399,0,0,0,,,,
C,5715,0.037806,0,0,0,,,,
C,5716,0.037289,0,0,0,,,,
C,5717,0.036233,0,0,0,,,,
C,5718,0.036784,0,0,0,,,,
C,5719,0.039763,0,0,0,,,,
C,5720,0.036588,0,0,0,,,,
C,5721,0.036194,0,0,0,,,,
C,5722,0.035970,0,0,0,,,,
C,5723,0.036438,0,0,0,,,,
C,5724,0.036027,0,0,0,,,,
C,5725,0.036363,0,0,0,,,,
C,5726,0.036574,0,0,0,,,,
C,5727,0.036843,0,0,0,,,,
C,5728,0.036241,0,0,0,,,,
C,5729,0.037398,0,0,0,,,,
C,5730,0.036642,0,0,0,,,,
C,5731,0.036469,0,0,0,,,,
C,5732,0.037000,0,0,0,,,,
C,5733,0.036458,0,0,0,,,,
C,5734,0.037549,0,0,0,,,,
C,5735,0.037153,0,0,0,,,,
C,5736,0.037899,0,0,0,,,,
C,5737,0.038040,0,0,0,,,,
C,5738,0.038050,0,0,0,,,,
C,5739,0.039586,0,0,0,,,,
C,5740,0.038966,0,0,0,,,,
C,5741,0.038182,0,0,0,,,,
C,5742,0.039324,0,0,0,,,,
C,5743,0.038841,0,0,0,,,,
C,5744,0.038244,0,0,0,,,,
C,5745,0.038197,0,0,0,,,,
C,5746,0.039103,0,0,0,,,,
C,5747,0.038279,0,0,0,,,,
C,5748,0.038960,0,0,0,,,,
C,5749,0.042907,0,0,0,,,,
C,5750,0.044010,0,0,0,,,,
C,5751,0.037681,0,0,0,,,,
C,5752,0.037056,0,0,0,,,,
C,5753,0.037915,0,0,0,,,,
C,5754,0.038000,0,0,0,,,,
C,5755,0.037506,0,0,0,,,,
C,5756,0.038055,0,0,0,,,,
C,5757,0.038898,0,0,0,,,,
C,5758,0.050626,0,0,0,,,,
C,5759,0.047879,0,0,0,,,,
C,5760,0.037960,0,0,0,,,,
C,5761,0.038043,0,0,0,,,,
C,5762,0.038800,0,0,0,,,,
C,5763,0.044917,0,0,0,,,,
C,5764,0.040309,0,0,0,,,,
C,5765,0.038369,0,0,0,,,,
C,5766,0.038888,0,0,0,,,,
C,5767,0.039573,0,0,0,,,,
C,5768,0.038705,0,0,0,,,,
C,5769,0.039406,0,0,0,,,,
C,5770,0.039131,0,0,0,,,,
C,5771,0.039157,0,0,0,,,,
C,5772,0.041028,0,0,0,,,,
C,5773,0.041430,0,0,0,,,,
C,5774,0.038102,0,0,0,,,,
C,5775,0.039695,0,0,0,,,,
C,5776,0.038677,0,0,0,,,,
C,5777,0.038834,0,0,0,,,,
C,5778,0.038614,0,0,0,,,,
C,5779,0.039227,0,0,0,,,,
C,5780,0.038944,0,0,0,,,,
C,5781,0.040620,0,0,0,,,,
C,5782,0.042043,0,0,0,,,,
C,5783,0.042439,0,0,0,,,,
C,5784,0.039412,0,0,0,,,,
C,5785,0.042986,0,0,0,,,,
C,5786,0.038850,0,0,0,,,,
C,5787,0.041723,0,0,0,,,,
C,5788,0.039483,0,0,0,,,,
C,5789,0.045474,0,0,0,,,,
C,5790,0.037350,0,0,0,,,,
C,5791,0.036364,0,0,0,,,,
C,5792,0.039604,0,0,0,,,,
C,5793,0.035938,0,0,0,,,,
C,5794,0.036821,0,0,0,,,,
C,5795,0.036092,0,0,0,,,,
C,5796,0.036794,0,0,0,,,,
C,5797,0.040014,0,0,0,,,,
C,5798,0.036888,0,0,0,,,,
C,5799,0.040975,0,0,0,,,,
C,5800,0.037201,0,0,0,,,,
C,5801,0.036483,0,0,0,,,,
C,5802,0.037343,0,0,0,,,,
C,5803,0.045914,0,0,0,,,,
C,5804,0.040639,0,0,0,,,,
C,5805,0.041230,0,0,0,,,,
C,5806,0.043461,0,0,0,,,,
C,5807,0.042392,0,0,0,,,,
C,5808,0.040801,0,0,0,,,,
C,5809,0.039333,0,0,0,,,,
C,5810,0.041534,0,0,0,,,,
C,5811,0.038314,0,0,0,,,,
C,5812,0.037577,0,0,0,,,,
C,5813,0.037909,0,0,0,,,,
C,5814,0.037578,0,0,0,,,,
C,5815,0.037877,0,0,0,,,,
C,5816,0.038521,0,0,0,,,,
C,5817,0.038141,0,0,0,,,,
C,5818,0.038972,0,0,0,,,,
C,5819,0.038334,0,0,0,,,,
C,5820,0.036816,0,0,0,,,,
C,5821,0.037232,0,0,0,,,,
C,5822,0.038393,0,0,0,,,,
C,5823,0.039367,0,0,0,,,,
C,5824,0.038456,0,0,0,,,,
C,5825,0.039644,0,0,0,,,,
C,5826,0.038168,0,0,0,,,,
C,5827,0.036969,0,0,0,,,,
C,5828,0.037814,0,0,0,,,,
C,5829,0.037325,0,0,0,,,,
C,5830,0.037877,0,0,0,,,,
C,5831,0.038082,0,0,0,,,,
C,5832,0.037597,0,0,0,,,,
C,5833,0.040995,0,0,0,,,,
C,5834,0.038148,0,0,0,,,,
C,5835,0.039193,0,0,0,,,,
C,5836,0.047282,0,0,0,,,,
C,5837,0.042155,0,0,0,,,,
C,5838,0.044755,0,0,0,,,,
C,5839,0.045380,0,0,0,,,,
C,5840,0.036218,0,0,0,,,,
C,5841,0.038341,0,0,0,,,,
C,5842,0.037504,0,0,0,,,,
C,5843,0.036695,0,0,0,,,,
C,5844,0.036631,0,0,0,,,,
C,5845,0.050713,0,0,0,,,,
C,5846,0.045859,0,0,0,,,,
C,5847,0.048982,0,0,0,,,,
C,5848,0.040053,0,0,0,,,,
C,5849,0.035964,0,0,0,,,,
C,5850,0.043514,0,0,0,,,,
C,5851,0.041026,0,0,0,,,,
C,5852,0.042403,0,0,0,,,,
C,5853,0.042059,0,0,0,,,,
C,5854,0.036636,0,0,0,,,,
C,5855,0.036788,0,0,0,,,,
C,5856,0.046879,0,0,0,,,,
C,5857,0.036741,0,0,0,,,,
C,5858,0.041879,0,0,0,,,,
C,5859,0.036126,0,0,0,,,,
C,5860,0.036038,0,0,0,,,,
C,5861,0.037078,0,0,0,,,,
C,5862,0.035176,0,0,0,,,,
C,5863,0.036102,0,0,0,,,,
C,5864,0.035617,0,0,0,,,,
C,5865,0.036616,0,0,0,,,,
C,5866,0.038135,0,0,0,,,,
C,5867,0.044116,0,0,0,,,,
C,5868,0.036895,0,0,0,,,,
C,5869,0.036491,0,0,0,,,,
C,5870,0.036067,0,0,0,,,,
C,5871,0.038394,0,0,0,,,,
C,5872,0.037937,0,0,0,,,,
C,5873,0.041637,0,0,0,,,,
C,5874,0.037089,0,0,0,,,,
C,5875,0.036919,0,0,0,,,,
C,5876,0.039056,0,0,0,,,,
C,5877,0.037761,0,0,0,,,,
C,5878,0.043896,0,0,0,,,,
C,5879,0.037520,0,0,0,,,,
C,5880,0.035863,0,0,0,,,,
C,5881,0.036548,0,0,0,,,,
C,5882,0.037119,0,0,0,,,,
C,5883,0.037483,0,0,0,,,,
C,5884,0.037781,0,0,0,,,,
C,5885,0.038959,0,0,0,,,,
C,5886,0.044630,0,0,0,,,,
C,5887,0.040535,0,0,0,,,,
C,5888,0.038038,0,0,0,,,,
C,5889,0.041133,0,0,0,,,,
C,5890,0.041191,0,0,0,,,,
C,5891,0.039061,0,0,0,,,,
C,5892,0.037291,0,0,0,,,,
C,5893,0.040101,0,0,0,,,,
C,5894,0.040775,0,0,0,,,,
C,5895,0.037356,0,0,0,,,,
C,5896,0.038425,0,0,0,,,,
C,5897,0.039484,0,0,0,,,,
C,5898,0.036675,0,0,0,,,,
C,5899,0.038730,0,0,0,,,,
C,5900,0.036875,0,0,0,,,,
C,5901,0.038616,0,0,0,,,,
C,5902,0.041337,0,0,0,,,,
C,5903,0.044969,0,0,0,,,,
C,5904,0.037308,0,0,0,,,,
C,5905,0.036307,0,0,0,,,,
C,5906,0.037585,0,0,0,,,,
C,5907,0.037004,0,0,0,,,,
C,5908,0.036436,0,0,0,,,,
C,5909,0.037205,0,0,0,,,,
C,5910,0.039139,0,0,0,,,,
C,5911,0.039842,0,0,0,,,,
C,5912,0.038377,0,0,0,,,,
C,5913,0.036902,0,0,0,,,,
C,5914,0.036544,0,0,0,,,,
C,5915,0.036156,0,0,0,,,,
C,5916,0.039412,0,0,0,,,,
C,5917,0.039251,0,0,0,,,,
C,5918,0.041554,0,0,0,,,,
C,5919,0.037698,0,0,0,,,,
C,5920,0.036641,0,0,0,,,,
C,5921,0.036384,0,0,0,,,,
C,5922,0.037363,0,0,0,,,,
C,5923,0.036295,0,0,0,,,,
C,5924,0.037948,0,0,0,,,,
C,5925,0.036964,0,0,0,,,,
C,5926,0.036958,0,0,0,,,,
C,5927,0.037762,0,0,0,,,,
C,5928,0.043193,0,0,0,,,,
C,5929,0.043419,0,0,0,,,,
C,5930,0.036495,0,0,0,,,,
C,5931,0.038637,0,0,0,,,,
C,5932,0.042144,0,0,0,,,,
C,5933,0.038675,0,0,0,,,,
C,5934,0.038521,0,0,0,,,,
C,5935,0.041599,0,0,0,,,,
C,5936,0.038218,0,0,0,,,,
C,5937,0.036423,0,0,0,,,,
C,5938,0.037622,0,0,0,,,,
C,5939,0.037821,0,0,0,,,,
C,5940,0.037662,0,0,0,,,,
C,5941,0.037632,0,0,0,,,,
C,5942,0.038793,0,0,0,,,,
C,5943,0.038140,0,0,0,,,,
C,5944,0.038643,0,0,0,,,,
C,5945,0.037950,0,0,0,,,,
C,5946,0.040307,0,0,0,,,,
C,5947,0.046657,0,0,0,,,,
C,5948,0.037849,0,0,0,,,,
C,5949,0.038374,0,0,0,,,,
C,5950,0.036109,0,0,0,,,,
C,5951,0.037242,0,0,0,,,,
C,5952,0.037800,0,0,0,,,,
C,5953,0.038124,0,0,0,,,,
C,5954,0.037300,0,0,0,,,,
C,5955,0.038002,0,0,0,,,,
C,5956,0.036858,0,0,0,,,,
C,5957,0.038139,0,0,0,,,,
C,5958,0.039005,0,0,0,,,,
C,5959,0.039080,0,0,0,,,,
C,5960,0.041327,0,0,0,,,,
C,5961,0.044476,0,0,0,,,,
C,5962,0.042653,0,0,0,,,,
C,5963,0.046628,0,0,0,,,,
C,5964,0.043215,0,0,0,,,,
C,5965,0.044248,0,0,0,,,,
C,5966,0.038256,0,0,0,,,,
C,5967,0.037919,0,0,0,,,,
C,5968,0.040762,0,0,0,,,,
C,5969,0.039638,0,0,0,,,,
C,5970,0.042947,0,0,0,,,,
C,5971,0.048142,0,0,0,,,,
C,5972,0.038736,0,0,0,,,,
C,5973,0.040039,0,0,0,,,,
C,5974,0.039115,0,0,0,,,,
C,5975,0.039027,0,0,0,,,,
C,5976,0.039449,0,0,0,,,,
C,5977,0.037054,0,0,0,,,,
C,5978,0.037464,0,0,0,,,,
C,5979,0.037385,0,0,0,,,,
C,5980,0.044347,0,0,0,,,,
C,5981,0.048347,0,0,0,,,,
C,5982,0.041318,0,0,0,,,,
C,5983,0.038745,0,0,0,,,,
C,5984,0.039079,0,0,0,,,,
C,5985,0.038215,0,0,0,,,,
C,5986,0.039400,0,0,0,,,,
C,5987,0.040573,0,0,0,,,,
C,5988,0.038089,0,0,0,,,,
C,5989,0.040204,0,0,0,,,,
C,5990,0.037785,0,0,0,,,,
C,5991,0.039568,0,0,0,,,,
C,5992,0.040379,0,0,0,,,,
C,5993,0.040103,0,0,0,,,,
C,5994,0.038493,0,0,0,,,,
C,5995,0.039407,0,0,0,,,,
C,5996,0.038642,0,0,0,,,,
C,5997,0.038414,0,0,0,,,,
C,5998,0.039686,0,0,0,,,,
C,5999,0.039722,0,0,0,,,,
C,6000,0.039455,0,0,0,209.5,3.640e-11,"{'checked': 26, 'zsx_rejected': 6, 'default_rejected': 0, 'closed_form_forced': 0, 'inexact': 9, 'exact_rebuilt': 0, 'best_effort': 0, 'best_effort_worst': 0.0, 'psf_rerouted': 0, 'psf_rerouted_worst_residual': 0.0}",360
C,6001,0.040360,0,0,0,,,,
C,6002,0.040213,0,0,0,,,,
C,6003,0.037219,0,0,0,,,,
C,6004,0.037811,0,0,0,,,,
C,6005,0.037806,0,0,0,,,,
C,6006,0.036845,0,0,0,,,,
C,6007,0.036490,0,0,0,,,,
C,6008,0.038912,0,0,0,,,,
C,6009,0.044370,0,0,0,,,,
C,6010,0.054007,0,0,0,,,,
C,6011,0.046794,0,0,0,,,,
C,6012,0.039137,0,0,0,,,,
C,6013,0.040139,0,0,0,,,,
C,6014,0.039390,0,0,0,,,,
C,6015,0.038424,0,0,0,,,,
C,6016,0.036834,0,0,0,,,,
C,6017,0.037813,0,0,0,,,,
C,6018,0.041243,0,0,0,,,,
C,6019,0.037758,0,0,0,,,,
C,6020,0.037580,0,0,0,,,,
C,6021,0.037410,0,0,0,,,,
C,6022,0.037915,0,0,0,,,,
C,6023,0.036213,0,0,0,,,,
C,6024,0.038201,0,0,0,,,,
C,6025,0.036920,0,0,0,,,,
C,6026,0.036543,0,0,0,,,,
C,6027,0.061736,0,0,0,,,,
C,6028,0.064120,0,0,0,,,,
C,6029,0.041069,0,0,0,,,,
C,6030,0.039831,0,0,0,,,,
C,6031,0.046155,0,0,0,,,,
C,6032,0.040693,0,0,0,,,,
C,6033,0.042647,0,0,0,,,,
C,6034,0.040754,0,0,0,,,,
C,6035,0.038166,0,0,0,,,,
C,6036,0.079187,0,0,0,,,,
C,6037,0.054693,0,0,0,,,,
C,6038,0.044123,0,0,0,,,,
C,6039,0.037538,0,0,0,,,,
C,6040,0.039298,0,0,0,,,,
C,6041,0.040075,0,0,0,,,,
C,6042,0.042428,0,0,0,,,,
C,6043,0.052328,0,0,0,,,,
C,6044,0.038707,0,0,0,,,,
C,6045,0.044287,0,0,0,,,,
C,6046,0.040524,0,0,0,,,,
C,6047,0.039249,0,0,0,,,,
C,6048,0.038306,0,0,0,,,,
C,6049,0.039698,0,0,0,,,,
C,6050,0.038705,0,0,0,,,,
C,6051,0.038395,0,0,0,,,,
C,6052,0.038023,0,0,0,,,,
C,6053,0.042408,0,0,0,,,,
C,6054,0.038404,0,0,0,,,,
C,6055,0.038151,0,0,0,,,,
C,6056,0.037803,0,0,0,,,,
C,6057,0.039328,0,0,0,,,,
C,6058,0.037144,0,0,0,,,,
C,6059,0.036875,0,0,0,,,,
C,6060,0.043555,0,0,0,,,,
C,6061,0.036474,0,0,0,,,,
C,6062,0.037059,0,0,0,,,,
C,6063,0.038855,0,0,0,,,,
C,6064,0.043079,0,0,0,,,,
C,6065,0.035766,0,0,0,,,,
C,6066,0.080844,0,0,0,,,,
C,6067,0.038146,0,0,0,,,,
C,6068,0.040899,0,0,0,,,,
C,6069,0.040398,0,0,0,,,,
C,6070,0.038831,0,0,0,,,,
C,6071,0.040861,0,0,0,,,,
C,6072,0.038185,0,0,0,,,,
C,6073,0.038883,0,0,0,,,,
C,6074,0.038966,0,0,0,,,,
C,6075,0.043504,0,0,0,,,,
C,6076,0.037238,0,0,0,,,,
C,6077,0.041873,0,0,0,,,,
C,6078,0.044829,0,0,0,,,,
C,6079,0.056669,0,0,0,,,,
C,6080,0.043849,0,0,0,,,,
C,6081,0.037939,0,0,0,,,,
C,6082,0.038815,0,0,0,,,,
C,6083,0.040045,0,0,0,,,,
C,6084,0.042214,0,0,0,,,,
C,6085,0.041793,0,0,0,,,,
C,6086,0.045408,0,0,0,,,,
C,6087,0.039906,0,0,0,,,,
C,6088,0.040624,0,0,0,,,,
C,6089,0.041595,0,0,0,,,,
C,6090,0.039027,0,0,0,,,,
C,6091,0.038912,0,0,0,,,,
C,6092,0.038362,0,0,0,,,,
C,6093,0.044177,0,0,0,,,,
C,6094,0.073959,0,0,0,,,,
C,6095,0.061908,0,0,0,,,,
C,6096,0.048539,0,0,0,,,,
C,6097,0.066989,0,0,0,,,,
C,6098,0.038601,0,0,0,,,,
C,6099,0.041340,0,0,0,,,,
C,6100,0.038135,0,0,0,,,,
C,6101,0.035702,0,0,0,,,,
C,6102,0.036373,0,0,0,,,,
C,6103,0.042052,0,0,0,,,,
C,6104,0.041261,0,0,0,,,,
C,6105,0.039870,0,0,0,,,,
C,6106,0.038479,0,0,0,,,,
C,6107,0.037897,0,0,0,,,,
C,6108,0.044078,0,0,0,,,,
C,6109,0.042610,0,0,0,,,,
C,6110,0.037898,0,0,0,,,,
C,6111,0.037310,0,0,0,,,,
C,6112,0.039061,0,0,0,,,,
C,6113,0.037624,0,0,0,,,,
C,6114,0.041086,0,0,0,,,,
C,6115,0.039274,0,0,0,,,,
C,6116,0.038786,0,0,0,,,,
C,6117,0.039629,0,0,0,,,,
C,6118,0.038390,0,0,0,,,,
C,6119,0.038320,0,0,0,,,,
C,6120,0.040633,0,0,0,,,,
C,6121,0.038523,0,0,0,,,,
C,6122,0.041101,0,0,0,,,,
C,6123,0.038027,0,0,0,,,,
C,6124,0.037383,0,0,0,,,,
C,6125,0.038585,0,0,0,,,,
C,6126,0.039316,0,0,0,,,,
C,6127,0.037873,0,0,0,,,,
C,6128,0.037994,0,0,0,,,,
C,6129,0.036851,0,0,0,,,,
C,6130,0.041279,0,0,0,,,,
C,6131,0.039005,0,0,0,,,,
C,6132,0.038846,0,0,0,,,,
C,6133,0.037035,0,0,0,,,,
C,6134,0.041404,0,0,0,,,,
C,6135,0.045923,0,0,0,,,,
C,6136,0.048025,0,0,0,,,,
C,6137,0.043014,0,0,0,,,,
C,6138,0.037704,0,0,0,,,,
C,6139,0.036920,0,0,0,,,,
C,6140,0.047499,0,0,0,,,,
C,6141,0.038706,0,0,0,,,,
C,6142,0.037719,0,0,0,,,,
C,6143,0.037731,0,0,0,,,,
C,6144,0.038442,0,0,0,,,,
C,6145,0.037361,0,0,0,,,,
C,6146,0.036946,0,0,0,,,,
C,6147,0.042529,0,0,0,,,,
C,6148,0.041947,0,0,0,,,,
C,6149,0.043575,0,0,0,,,,
C,6150,0.038434,0,0,0,,,,
C,6151,0.042304,0,0,0,,,,
C,6152,0.041806,0,0,0,,,,
C,6153,0.038023,0,0,0,,,,
C,6154,0.036854,0,0,0,,,,
C,6155,0.036975,0,0,0,,,,
C,6156,0.038018,0,0,0,,,,
C,6157,0.042258,0,0,0,,,,
C,6158,0.039183,0,0,0,,,,
C,6159,0.045935,0,0,0,,,,
C,6160,0.045039,0,0,0,,,,
C,6161,0.041314,0,0,0,,,,
C,6162,0.053386,0,0,0,,,,
C,6163,0.038693,0,0,0,,,,
C,6164,0.042317,0,0,0,,,,
C,6165,0.042362,0,0,0,,,,
C,6166,0.041466,0,0,0,,,,
C,6167,0.041116,0,0,0,,,,
C,6168,0.039324,0,0,0,,,,
C,6169,0.038560,0,0,0,,,,
C,6170,0.037664,0,0,0,,,,
C,6171,0.038285,0,0,0,,,,
C,6172,0.038574,0,0,0,,,,
C,6173,0.038677,0,0,0,,,,
C,6174,0.038540,0,0,0,,,,
C,6175,0.036980,0,0,0,,,,
C,6176,0.037028,0,0,0,,,,
C,6177,0.037874,0,0,0,,,,
C,6178,0.042236,0,0,0,,,,
C,6179,0.038457,0,0,0,,,,
C,6180,0.045467,0,0,0,,,,
C,6181,0.039535,0,0,0,,,,
C,6182,0.039862,0,0,0,,,,
C,6183,0.044883,0,0,0,,,,
C,6184,0.039279,0,0,0,,,,
C,6185,0.042476,0,0,0,,,,
C,6186,0.037930,0,0,0,,,,
C,6187,0.037428,0,0,0,,,,
C,6188,0.038607,0,0,0,,,,
C,6189,0.037818,0,0,0,,,,
C,6190,0.039150,0,0,0,,,,
C,6191,0.038900,0,0,0,,,,
C,6192,0.040974,0,0,0,,,,
C,6193,0.037587,0,0,0,,,,
C,6194,0.037831,0,0,0,,,,
C,6195,0.046213,0,0,0,,,,
C,6196,0.041940,0,0,0,,,,
C,6197,0.041829,0,0,0,,,,
C,6198,0.037800,0,0,0,,,,
C,6199,0.039454,0,0,0,,,,
C,6200,0.038239,0,0,0,,,,
C,6201,0.038301,0,0,0,,,,
C,6202,0.038000,0,0,0,,,,
C,6203,0.038191,0,0,0,,,,
C,6204,0.037696,0,0,0,,,,
C,6205,0.036505,0,0,0,,,,
C,6206,0.039223,0,0,0,,,,
C,6207,0.043077,0,0,0,,,,
C,6208,0.040810,0,0,0,,,,
C,6209,0.037203,0,0,0,,,,
C,6210,0.038741,0,0,0,,,,
C,6211,0.044335,0,0,0,,,,
C,6212,0.043007,0,0,0,,,,
C,6213,0.042391,0,0,0,,,,
C,6214,0.040637,0,0,0,,,,
C,6215,0.041063,0,0,0,,,,
C,6216,0.046899,0,0,0,,,,
C,6217,0.047270,0,0,0,,,,
C,6218,0.040470,0,0,0,,,,
C,6219,0.038778,0,0,0,,,,
C,6220,0.045683,0,0,0,,,,
C,6221,0.040243,0,0,0,,,,
C,6222,0.037912,0,0,0,,,,
C,6223,0.039673,0,0,0,,,,
C,6224,0.037801,0,0,0,,,,
C,6225,0.037689,0,0,0,,,,
C,6226,0.037748,0,0,0,,,,
C,6227,0.041659,0,0,0,,,,
C,6228,0.037199,0,0,0,,,,
C,6229,0.037575,0,0,0,,,,
C,6230,0.036983,0,0,0,,,,
C,6231,0.037964,0,0,0,,,,
C,6232,0.036944,0,0,0,,,,
C,6233,0.037881,0,0,0,,,,
C,6234,0.037478,0,0,0,,,,
C,6235,0.037412,0,0,0,,,,
C,6236,0.037919,0,0,0,,,,
C,6237,0.036864,0,0,0,,,,
C,6238,0.036629,0,0,0,,,,
C,6239,0.037036,0,0,0,,,,
C,6240,0.036342,0,0,0,,,,
C,6241,0.036876,0,0,0,,,,
C,6242,0.036826,0,0,0,,,,
C,6243,0.037713,0,0,0,,,,
C,6244,0.035646,0,0,0,,,,
C,6245,0.036292,0,0,0,,,,
C,6246,0.036897,0,0,0,,,,
C,6247,0.036935,0,0,0,,,,
C,6248,0.036493,0,0,0,,,,
C,6249,0.037369,0,0,0,,,,
C,6250,0.036377,0,0,0,,,,
C,6251,0.036758,0,0,0,,,,
C,6252,0.036866,0,0,0,,,,
C,6253,0.036365,0,0,0,,,,
C,6254,0.037623,0,0,0,,,,
C,6255,0.038910,0,0,0,,,,
C,6256,0.043609,0,0,0,,,,
C,6257,0.038441,0,0,0,,,,
C,6258,0.038692,0,0,0,,,,
C,6259,0.036453,0,0,0,,,,
C,6260,0.036090,0,0,0,,,,
C,6261,0.037407,0,0,0,,,,
C,6262,0.038952,0,0,0,,,,
C,6263,0.037131,0,0,0,,,,
C,6264,0.036969,0,0,0,,,,
C,6265,0.038310,0,0,0,,,,
C,6266,0.041622,0,0,0,,,,
C,6267,0.036689,0,0,0,,,,
C,6268,0.039246,0,0,0,,,,
C,6269,0.037730,0,0,0,,,,
C,6270,0.038024,0,0,0,,,,
C,6271,0.043777,0,0,0,,,,
C,6272,0.046844,0,0,0,,,,
C,6273,0.040626,0,0,0,,,,
C,6274,0.045133,0,0,0,,,,
C,6275,0.039144,0,0,0,,,,
C,6276,0.040327,0,0,0,,,,
C,6277,0.047592,0,0,0,,,,
C,6278,0.060539,0,0,0,,,,
C,6279,0.038241,0,0,0,,,,
C,6280,0.044989,0,0,0,,,,
C,6281,0.041362,0,0,0,,,,
C,6282,0.040852,0,0,0,,,,
C,6283,0.043264,0,0,0,,,,
C,6284,0.041333,0,0,0,,,,
C,6285,0.037834,0,0,0,,,,
C,6286,0.036357,0,0,0,,,,
C,6287,0.036944,0,0,0,,,,
C,6288,0.037590,0,0,0,,,,
C,6289,0.037152,0,0,0,,,,
C,6290,0.037038,0,0,0,,,,
C,6291,0.036453,0,0,0,,,,
C,6292,0.036851,0,0,0,,,,
C,6293,0.044571,0,0,0,,,,
C,6294,0.038083,0,0,0,,,,
C,6295,0.037421,0,0,0,,,,
C,6296,0.039165,0,0,0,,,,
C,6297,0.037306,0,0,0,,,,
C,6298,0.037310,0,0,0,,,,
C,6299,0.036668,0,0,0,,,,
C,6300,0.040391,0,0,0,,,,
C,6301,0.037946,0,0,0,,,,
C,6302,0.043270,0,0,0,,,,
C,6303,0.043802,0,0,0,,,,
C,6304,0.037078,0,0,0,,,,
C,6305,0.036185,0,0,0,,,,
C,6306,0.037561,0,0,0,,,,
C,6307,0.036393,0,0,0,,,,
C,6308,0.036510,0,0,0,,,,
C,6309,0.038039,0,0,0,,,,
C,6310,0.037105,0,0,0,,,,
C,6311,0.040418,0,0,0,,,,
C,6312,0.037270,0,0,0,,,,
C,6313,0.038599,0,0,0,,,,
C,6314,0.036660,0,0,0,,,,
C,6315,0.036956,0,0,0,,,,
C,6316,0.058497,0,0,0,,,,
C,6317,0.039971,0,0,0,,,,
C,6318,0.038988,0,0,0,,,,
C,6319,0.044850,0,0,0,,,,
C,6320,0.037269,0,0,0,,,,
C,6321,0.038497,0,0,0,,,,
C,6322,0.039179,0,0,0,,,,
C,6323,0.042407,0,0,0,,,,
C,6324,0.052122,0,0,0,,,,
C,6325,0.037086,0,0,0,,,,
C,6326,0.045885,0,0,0,,,,
C,6327,0.046396,0,0,0,,,,
C,6328,0.040268,0,0,0,,,,
C,6329,0.041376,0,0,0,,,,
C,6330,0.048227,0,0,0,,,,
C,6331,0.038187,0,0,0,,,,
C,6332,0.042549,0,0,0,,,,
C,6333,0.037541,0,0,0,,,,
C,6334,0.039078,0,0,0,,,,
C,6335,0.037277,0,0,0,,,,
C,6336,0.037021,0,0,0,,,,
C,6337,0.036906,0,0,0,,,,
C,6338,0.047194,0,0,0,,,,
C,6339,0.036328,0,0,0,,,,
C,6340,0.036951,0,0,0,,,,
C,6341,0.040607,0,0,0,,,,
C,6342,0.037459,0,0,0,,,,
C,6343,0.037561,0,0,0,,,,
C,6344,0.036691,0,0,0,,,,
C,6345,0.042817,0,0,0,,,,
C,6346,0.040670,0,0,0,,,,
C,6347,0.036648,0,0,0,,,,
C,6348,0.037742,0,0,0,,,,
C,6349,0.045475,0,0,0,,,,
C,6350,0.038227,0,0,0,,,,
C,6351,0.037489,0,0,0,,,,
C,6352,0.039228,0,0,0,,,,
C,6353,0.037879,0,0,0,,,,
C,6354,0.040525,0,0,0,,,,
C,6355,0.041422,0,0,0,,,,
C,6356,0.040714,0,0,0,,,,
C,6357,0.038032,0,0,0,,,,
C,6358,0.040342,0,0,0,,,,
C,6359,0.039744,0,0,0,,,,
C,6360,0.039373,0,0,0,,,,
C,6361,0.038383,0,0,0,,,,
C,6362,0.038906,0,0,0,,,,
C,6363,0.038677,0,0,0,,,,
C,6364,0.038136,0,0,0,,,,
C,6365,0.041710,0,0,0,,,,
C,6366,0.039747,0,0,0,,,,
C,6367,0.039084,0,0,0,,,,
C,6368,0.037887,0,0,0,,,,
C,6369,0.037434,0,0,0,,,,
C,6370,0.036963,0,0,0,,,,
C,6371,0.038414,0,0,0,,,,
C,6372,0.039025,0,0,0,,,,
C,6373,0.038302,0,0,0,,,,
C,6374,0.039559,0,0,0,,,,
C,6375,0.038532,0,0,0,,,,
C,6376,0.036705,0,0,0,,,,
C,6377,0.038947,0,0,0,,,,
C,6378,0.037505,0,0,0,,,,
C,6379,0.038543,0,0,0,,,,
C,6380,0.038075,0,0,0,,,,
C,6381,0.038064,0,0,0,,,,
C,6382,0.037707,0,0,0,,,,
C,6383,0.037605,0,0,0,,,,
C,6384,0.036175,0,0,0,,,,
C,6385,0.038938,0,0,0,,,,
C,6386,0.038177,0,0,0,,,,
C,6387,0.038518,0,0,0,,,,
C,6388,0.038071,0,0,0,,,,
C,6389,0.037357,0,0,0,,,,
C,6390,0.038441,0,0,0,,,,
C,6391,0.037737,0,0,0,,,,
C,6392,0.038113,0,0,0,,,,
C,6393,0.038300,0,0,0,,,,
C,6394,0.037954,0,0,0,,,,
C,6395,0.038256,0,0,0,,,,
C,6396,0.037852,0,0,0,,,,
C,6397,0.037060,0,0,0,,,,
C,6398,0.037216,0,0,0,,,,
C,6399,0.037794,0,0,0,,,,
C,6400,0.036523,0,0,0,,,,
C,6401,0.042243,0,0,0,,,,
C,6402,0.037267,0,0,0,,,,
C,6403,0.037198,0,0,0,,,,
C,6404,0.036804,0,0,0,,,,
C,6405,0.037990,0,0,0,,,,
C,6406,0.055264,0,0,0,,,,
C,6407,0.043167,0,0,0,,,,
C,6408,0.053165,0,0,0,,,,
C,6409,0.045207,0,0,0,,,,
C,6410,0.046099,0,0,0,,,,
C,6411,0.043894,0,0,0,,,,
C,6412,0.041183,0,0,0,,,,
C,6413,0.038613,0,0,0,,,,
C,6414,0.038968,0,0,0,,,,
C,6415,0.037643,0,0,0,,,,
C,6416,0.047275,0,0,0,,,,
C,6417,0.039305,0,0,0,,,,
C,6418,0.037959,0,0,0,,,,
C,6419,0.037775,0,0,0,,,,
C,6420,0.038344,0,0,0,,,,
C,6421,0.036895,0,0,0,,,,
C,6422,0.039503,0,0,0,,,,
C,6423,0.047504,0,0,0,,,,
C,6424,0.041244,0,0,0,,,,
C,6425,0.040211,0,0,0,,,,
C,6426,0.047091,0,0,0,,,,
C,6427,0.044981,0,0,0,,,,
C,6428,0.038912,0,0,0,,,,
C,6429,0.037745,0,0,0,,,,
C,6430,0.041952,0,0,0,,,,
C,6431,0.047428,0,0,0,,,,
C,6432,0.041941,0,0,0,,,,
C,6433,0.043182,0,0,0,,,,
C,6434,0.040182,0,0,0,,,,
C,6435,0.040120,0,0,0,,,,
C,6436,0.039600,0,0,0,,,,
C,6437,0.041298,0,0,0,,,,
C,6438,0.041869,0,0,0,,,,
C,6439,0.041105,0,0,0,,,,
C,6440,0.038132,0,0,0,,,,
C,6441,0.037588,0,0,0,,,,
C,6442,0.036918,0,0,0,,,,
C,6443,0.050411,0,0,0,,,,
C,6444,0.069565,0,0,0,,,,
C,6445,0.037690,0,0,0,,,,
C,6446,0.036505,0,0,0,,,,
C,6447,0.057974,0,0,0,,,,
C,6448,0.039668,0,0,0,,,,
C,6449,0.050208,0,0,0,,,,
C,6450,0.037855,0,0,0,,,,
C,6451,0.038407,0,0,0,,,,
C,6452,0.037105,0,0,0,,,,
C,6453,0.037786,0,0,0,,,,
C,6454,0.043773,0,0,0,,,,
C,6455,0.037390,0,0,0,,,,
C,6456,0.037522,0,0,0,,,,
C,6457,0.036341,0,0,0,,,,
C,6458,0.043561,0,0,0,,,,
C,6459,0.041056,0,0,0,,,,
C,6460,0.038656,0,0,0,,,,
C,6461,0.043147,0,0,0,,,,
C,6462,0.040976,0,0,0,,,,
C,6463,0.040718,0,0,0,,,,
C,6464,0.038338,0,0,0,,,,
C,6465,0.040019,0,0,0,,,,
C,6466,0.041714,0,0,0,,,,
C,6467,0.040669,0,0,0,,,,
C,6468,0.038189,0,0,0,,,,
C,6469,0.046280,0,0,0,,,,
C,6470,0.043347,0,0,0,,,,
C,6471,0.037390,0,0,0,,,,
C,6472,0.040818,0,0,0,,,,
C,6473,0.037823,0,0,0,,,,
C,6474,0.039785,0,0,0,,,,
C,6475,0.039931,0,0,0,,,,
C,6476,0.039236,0,0,0,,,,
C,6477,0.044662,0,0,0,,,,
C,6478,0.045864,0,0,0,,,,
C,6479,0.037164,0,0,0,,,,
C,6480,0.039941,0,0,0,,,,
C,6481,0.040545,0,0,0,,,,
C,6482,0.039869,0,0,0,,,,
C,6483,0.037609,0,0,0,,,,
C,6484,0.037207,0,0,0,,,,
C,6485,0.038698,0,0,0,,,,
C,6486,0.043211,0,0,0,,,,
C,6487,0.042198,0,0,0,,,,
C,6488,0.041026,0,0,0,,,,
C,6489,0.044601,0,0,0,,,,
C,6490,0.038607,0,0,0,,,,
C,6491,0.050687,0,0,0,,,,
C,6492,0.044179,0,0,0,,,,
C,6493,0.039153,0,0,0,,,,
C,6494,0.037485,0,0,0,,,,
C,6495,0.037365,0,0,0,,,,
C,6496,0.038917,0,0,0,,,,
C,6497,0.037382,0,0,0,,,,
C,6498,0.038435,0,0,0,,,,
C,6499,0.039413,0,0,0,,,,
C,6500,0.038151,0,0,0,,,,
C,6501,0.040589,0,0,0,,,,
C,6502,0.040114,0,0,0,,,,
C,6503,0.044065,0,0,0,,,,
C,6504,0.041855,0,0,0,,,,
C,6505,0.054878,0,0,0,,,,
C,6506,0.039959,0,0,0,,,,
C,6507,0.041010,0,0,0,,,,
C,6508,0.038188,0,0,0,,,,
C,6509,0.042988,0,0,0,,,,
C,6510,0.036585,0,0,0,,,,
C,6511,0.037435,0,0,0,,,,
C,6512,0.038193,0,0,0,,,,
C,6513,0.038413,0,0,0,,,,
C,6514,0.044120,0,0,0,,,,
C,6515,0.039591,0,0,0,,,,
C,6516,0.045834,0,0,0,,,,
C,6517,0.040953,0,0,0,,,,
C,6518,0.052555,0,0,0,,,,
C,6519,0.052655,0,0,0,,,,
C,6520,0.044556,0,0,0,,,,
C,6521,0.044392,0,0,0,,,,
C,6522,0.045262,0,0,0,,,,
C,6523,0.038378,0,0,0,,,,
C,6524,0.040976,0,0,0,,,,
C,6525,0.044776,0,0,0,,,,
C,6526,0.038759,0,0,0,,,,
C,6527,0.049942,0,0,0,,,,
C,6528,0.054049,0,0,0,,,,
C,6529,0.043506,0,0,0,,,,
C,6530,0.048959,0,0,0,,,,
C,6531,0.053955,0,0,0,,,,
C,6532,0.047879,0,0,0,,,,
C,6533,0.047686,0,0,0,,,,
C,6534,0.041936,0,0,0,,,,
C,6535,0.039303,0,0,0,,,,
C,6536,0.039029,0,0,0,,,,
C,6537,0.048196,0,0,0,,,,
C,6538,0.050505,0,0,0,,,,
C,6539,0.039913,0,0,0,,,,
C,6540,0.043925,0,0,0,,,,
C,6541,0.043660,0,0,0,,,,
C,6542,0.040867,0,0,0,,,,
C,6543,0.043856,0,0,0,,,,
C,6544,0.040108,0,0,0,,,,
C,6545,0.039558,0,0,0,,,,
C,6546,0.038517,0,0,0,,,,
C,6547,0.037644,0,0,0,,,,
C,6548,0.037299,0,0,0,,,,
C,6549,0.038132,0,0,0,,,,
C,6550,0.039762,0,0,0,,,,
C,6551,0.036939,0,0,0,,,,
C,6552,0.036323,0,0,0,,,,
C,6553,0.036215,0,0,0,,,,
C,6554,0.035222,0,0,0,,,,
C,6555,0.041152,0,0,0,,,,
C,6556,0.036495,0,0,0,,,,
C,6557,0.036451,0,0,0,,,,
C,6558,0.036927,0,0,0,,,,
C,6559,0.041428,0,0,0,,,,
C,6560,0.036972,0,0,0,,,,
C,6561,0.038429,0,0,0,,,,
C,6562,0.037624,0,0,0,,,,
C,6563,0.037497,0,0,0,,,,
C,6564,0.036861,0,0,0,,,,
C,6565,0.347950,0,0,0,,,,
C,6566,0.037181,0,0,0,,,,
C,6567,0.039372,0,0,0,,,,
C,6568,0.050264,0,0,0,,,,
C,6569,0.040584,0,0,0,,,,
C,6570,0.042235,0,0,0,,,,
C,6571,0.044334,0,0,0,,,,
C,6572,0.042020,0,0,0,,,,
C,6573,0.037704,0,0,0,,,,
C,6574,0.038965,0,0,0,,,,
C,6575,0.042080,0,0,0,,,,
C,6576,0.037842,0,0,0,,,,
C,6577,0.036711,0,0,0,,,,
C,6578,0.036790,0,0,0,,,,
C,6579,0.039027,0,0,0,,,,
C,6580,0.036375,0,0,0,,,,
C,6581,0.035910,0,0,0,,,,
C,6582,0.034880,0,0,0,,,,
C,6583,0.036057,0,0,0,,,,
C,6584,0.035753,0,0,0,,,,
C,6585,0.036211,0,0,0,,,,
C,6586,0.035816,0,0,0,,,,
C,6587,0.036740,0,0,0,,,,
C,6588,0.036953,0,0,0,,,,
C,6589,0.035849,0,0,0,,,,
C,6590,0.035845,0,0,0,,,,
C,6591,0.036373,0,0,0,,,,
C,6592,0.035367,0,0,0,,,,
C,6593,0.035895,0,0,0,,,,
C,6594,0.036884,0,0,0,,,,
C,6595,0.038031,0,0,0,,,,
C,6596,0.040741,0,0,0,,,,
C,6597,0.044664,0,0,0,,,,
C,6598,0.035398,0,0,0,,,,
C,6599,0.035975,0,0,0,,,,
C,6600,0.036835,0,0,0,,,,
C,6601,0.039432,0,0,0,,,,
C,6602,0.036688,0,0,0,,,,
C,6603,0.037419,0,0,0,,,,
C,6604,0.036322,0,0,0,,,,
C,6605,0.036025,0,0,0,,,,
C,6606,0.036254,0,0,0,,,,
C,6607,0.037162,0,0,0,,,,
C,6608,0.036487,0,0,0,,,,
C,6609,0.037100,0,0,0,,,,
C,6610,0.037184,0,0,0,,,,
C,6611,0.036599,0,0,0,,,,
C,6612,0.036690,0,0,0,,,,
C,6613,0.036332,0,0,0,,,,
C,6614,0.036521,0,0,0,,,,
C,6615,0.037430,0,0,0,,,,
C,6616,0.035367,0,0,0,,,,
C,6617,0.036087,0,0,0,,,,
C,6618,0.036803,0,0,0,,,,
C,6619,0.045714,0,0,0,,,,
C,6620,0.038220,0,0,0,,,,
C,6621,0.037413,0,0,0,,,,
C,6622,0.036669,0,0,0,,,,
C,6623,0.036358,0,0,0,,,,
C,6624,0.036301,0,0,0,,,,
C,6625,0.037287,0,0,0,,,,
C,6626,0.035218,0,0,0,,,,
C,6627,0.035973,0,0,0,,,,
C,6628,0.037322,0,0,0,,,,
C,6629,0.037149,0,0,0,,,,
C,6630,0.036807,0,0,0,,,,
C,6631,0.037269,0,0,0,,,,
C,6632,0.035764,0,0,0,,,,
C,6633,0.037540,0,0,0,,,,
C,6634,0.036447,0,0,0,,,,
C,6635,0.037035,0,0,0,,,,
C,6636,0.037173,0,0,0,,,,
C,6637,0.037439,0,0,0,,,,
C,6638,0.037429,0,0,0,,,,
C,6639,0.054453,0,0,0,,,,
C,6640,0.061749,0,0,0,,,,
C,6641,0.058856,0,0,0,,,,
C,6642,0.041157,0,0,0,,,,
C,6643,0.037491,0,0,0,,,,
C,6644,0.038900,0,0,0,,,,
C,6645,0.037834,0,0,0,,,,
C,6646,0.036596,0,0,0,,,,
C,6647,0.037665,0,0,0,,,,
C,6648,0.036654,0,0,0,,,,
C,6649,0.040663,0,0,0,,,,
C,6650,0.048837,0,0,0,,,,
C,6651,0.037759,0,0,0,,,,
C,6652,0.038631,0,0,0,,,,
C,6653,0.035911,0,0,0,,,,
C,6654,0.036706,0,0,0,,,,
C,6655,0.037813,0,0,0,,,,
C,6656,0.037630,0,0,0,,,,
C,6657,0.037584,0,0,0,,,,
C,6658,0.038205,0,0,0,,,,
C,6659,0.037242,0,0,0,,,,
C,6660,0.040077,0,0,0,,,,
C,6661,0.038527,0,0,0,,,,
C,6662,0.036938,0,0,0,,,,
C,6663,0.036535,0,0,0,,,,
C,6664,0.037302,0,0,0,,,,
C,6665,0.036562,0,0,0,,,,
C,6666,0.037123,0,0,0,,,,
C,6667,0.036458,0,0,0,,,,
C,6668,0.036155,0,0,0,,,,
C,6669,0.036078,0,0,0,,,,
C,6670,0.036371,0,0,0,,,,
C,6671,0.036277,0,0,0,,,,
C,6672,0.036254,0,0,0,,,,
C,6673,0.036387,0,0,0,,,,
C,6674,0.036962,0,0,0,,,,
C,6675,0.037411,0,0,0,,,,
C,6676,0.035919,0,0,0,,,,
C,6677,0.036000,0,0,0,,,,
C,6678,0.035663,0,0,0,,,,
C,6679,0.036387,0,0,0,,,,
C,6680,0.036021,0,0,0,,,,
C,6681,0.036431,0,0,0,,,,
C,6682,0.034963,0,0,0,,,,
C,6683,0.035888,0,0,0,,,,
C,6684,0.035052,0,0,0,,,,
C,6685,0.036197,0,0,0,,,,
C,6686,0.037936,0,0,0,,,,
C,6687,0.036710,0,0,0,,,,
C,6688,0.037208,0,0,0,,,,
C,6689,0.037339,0,0,0,,,,
C,6690,0.036589,0,0,0,,,,
C,6691,0.036017,0,0,0,,,,
C,6692,0.035985,0,0,0,,,,
C,6693,0.037339,0,0,0,,,,
C,6694,0.037180,0,0,0,,,,
C,6695,0.036487,0,0,0,,,,
C,6696,0.036221,0,0,0,,,,
C,6697,0.035928,0,0,0,,,,
C,6698,0.036864,0,0,0,,,,
C,6699,0.037717,0,0,0,,,,
C,6700,0.036663,0,0,0,,,,
C,6701,0.036592,0,0,0,,,,
C,6702,0.045945,0,0,0,,,,
C,6703,0.036813,0,0,0,,,,
C,6704,0.037866,0,0,0,,,,
C,6705,0.036625,0,0,0,,,,
C,6706,0.037423,0,0,0,,,,
C,6707,0.036682,0,0,0,,,,
C,6708,0.035543,0,0,0,,,,
C,6709,0.041564,0,0,0,,,,
C,6710,0.035858,0,0,0,,,,
C,6711,0.037372,0,0,0,,,,
C,6712,0.040353,0,0,0,,,,
C,6713,0.038037,0,0,0,,,,
C,6714,0.035620,0,0,0,,,,
C,6715,0.037822,0,0,0,,,,
C,6716,0.036521,0,0,0,,,,
C,6717,0.036050,0,0,0,,,,
C,6718,0.035684,0,0,0,,,,
C,6719,0.035518,0,0,0,,,,
C,6720,0.035963,0,0,0,,,,
C,6721,0.035738,0,0,0,,,,
C,6722,0.035579,0,0,0,,,,
C,6723,0.038510,0,0,0,,,,
C,6724,0.035522,0,0,0,,,,
C,6725,0.036421,0,0,0,,,,
C,6726,0.036053,0,0,0,,,,
C,6727,0.035840,0,0,0,,,,
C,6728,0.038347,0,0,0,,,,
C,6729,0.049745,0,0,0,,,,
C,6730,0.037152,0,0,0,,,,
C,6731,0.036187,0,0,0,,,,
C,6732,0.036682,0,0,0,,,,
C,6733,0.037644,0,0,0,,,,
C,6734,0.036410,0,0,0,,,,
C,6735,0.035630,0,0,0,,,,
C,6736,0.035739,0,0,0,,,,
C,6737,0.038182,0,0,0,,,,
C,6738,0.035273,0,0,0,,,,
C,6739,0.042195,0,0,0,,,,
C,6740,0.035462,0,0,0,,,,
C,6741,0.035552,0,0,0,,,,
C,6742,0.039307,0,0,0,,,,
C,6743,0.036075,0,0,0,,,,
C,6744,0.035748,0,0,0,,,,
C,6745,0.035410,0,0,0,,,,
C,6746,0.041562,0,0,0,,,,
C,6747,0.036421,0,0,0,,,,
C,6748,0.040315,0,0,0,,,,
C,6749,0.038106,0,0,0,,,,
C,6750,0.038204,0,0,0,,,,
C,6751,0.046184,0,0,0,,,,
C,6752,0.036338,0,0,0,,,,
C,6753,0.041980,0,0,0,,,,
C,6754,0.039671,0,0,0,,,,
C,6755,0.038016,0,0,0,,,,
C,6756,0.036986,0,0,0,,,,
C,6757,0.037020,0,0,0,,,,
C,6758,0.036487,0,0,0,,,,
C,6759,0.036580,0,0,0,,,,
C,6760,0.037133,0,0,0,,,,
C,6761,0.038697,0,0,0,,,,
C,6762,0.036337,0,0,0,,,,
C,6763,0.036617,0,0,0,,,,
C,6764,0.037533,0,0,0,,,,
C,6765,0.042143,0,0,0,,,,
C,6766,0.036913,0,0,0,,,,
C,6767,0.037109,0,0,0,,,,
C,6768,0.037441,0,0,0,,,,
C,6769,0.037027,0,0,0,,,,
C,6770,0.038105,0,0,0,,,,
C,6771,0.042067,0,0,0,,,,
C,6772,0.036350,0,0,0,,,,
C,6773,0.035873,0,0,0,,,,
C,6774,0.036143,0,0,0,,,,
C,6775,0.036225,0,0,0,,,,
C,6776,0.036696,0,0,0,,,,
C,6777,0.036695,0,0,0,,,,
C,6778,0.036053,0,0,0,,,,
C,6779,0.037405,0,0,0,,,,
C,6780,0.036155,0,0,0,,,,
C,6781,0.037045,0,0,0,,,,
C,6782,0.038443,0,0,0,,,,
C,6783,0.038571,0,0,0,,,,
C,6784,0.036719,0,0,0,,,,
C,6785,0.036996,0,0,0,,,,
C,6786,0.036849,0,0,0,,,,
C,6787,0.035798,0,0,0,,,,
C,6788,0.041881,0,0,0,,,,
C,6789,0.036064,0,0,0,,,,
C,6790,0.036573,0,0,0,,,,
C,6791,0.036379,0,0,0,,,,
C,6792,0.036100,0,0,0,,,,
C,6793,0.035755,0,0,0,,,,
C,6794,0.036228,0,0,0,,,,
C,6795,0.035859,0,0,0,,,,
C,6796,0.036299,0,0,0,,,,
C,6797,0.035587,0,0,0,,,,
C,6798,0.036673,0,0,0,,,,
C,6799,0.036989,0,0,0,,,,
C,6800,0.037434,0,0,0,,,,
C,6801,0.043193,0,0,0,,,,
C,6802,0.041216,0,0,0,,,,
C,6803,0.038871,0,0,0,,,,
C,6804,0.042242,0,0,0,,,,
C,6805,0.041677,0,0,0,,,,
C,6806,0.048091,0,0,0,,,,
C,6807,0.044533,0,0,0,,,,
C,6808,0.039258,0,0,0,,,,
C,6809,0.035544,0,0,0,,,,
C,6810,0.036548,0,0,0,,,,
C,6811,0.037609,0,0,0,,,,
C,6812,0.036478,0,0,0,,,,
C,6813,0.046322,0,0,0,,,,
C,6814,0.036912,0,0,0,,,,
C,6815,0.037812,0,0,0,,,,
C,6816,0.037463,0,0,0,,,,
C,6817,0.036270,0,0,0,,,,
C,6818,0.036014,0,0,0,,,,
C,6819,0.036247,0,0,0,,,,
C,6820,0.036733,0,0,0,,,,
C,6821,0.036027,0,0,0,,,,
C,6822,0.040492,0,0,0,,,,
C,6823,0.037395,0,0,0,,,,
C,6824,0.037129,0,0,0,,,,
C,6825,0.036429,0,0,0,,,,
C,6826,0.035497,0,0,0,,,,
C,6827,0.037311,0,0,0,,,,
C,6828,0.037544,0,0,0,,,,
C,6829,0.039084,0,0,0,,,,
C,6830,0.038276,0,0,0,,,,
C,6831,0.037542,0,0,0,,,,
C,6832,0.037347,0,0,0,,,,
C,6833,0.036802,0,0,0,,,,
C,6834,0.037755,0,0,0,,,,
C,6835,0.036989,0,0,0,,,,
C,6836,0.037702,0,0,0,,,,
C,6837,0.036989,0,0,0,,,,
C,6838,0.036235,0,0,0,,,,
C,6839,0.035815,0,0,0,,,,
C,6840,0.036773,0,0,0,,,,
C,6841,0.036879,0,0,0,,,,
C,6842,0.036915,0,0,0,,,,
C,6843,0.036513,0,0,0,,,,
C,6844,0.036186,0,0,0,,,,
C,6845,0.036230,0,0,0,,,,
C,6846,0.036758,0,0,0,,,,
C,6847,0.036775,0,0,0,,,,
C,6848,0.037093,0,0,0,,,,
C,6849,0.038218,0,0,0,,,,
C,6850,0.037766,0,0,0,,,,
C,6851,0.037033,0,0,0,,,,
C,6852,0.036784,0,0,0,,,,
C,6853,0.037063,0,0,0,,,,
C,6854,0.037303,0,0,0,,,,
C,6855,0.037547,0,0,0,,,,
C,6856,0.037464,0,0,0,,,,
C,6857,0.037543,0,0,0,,,,
C,6858,0.036195,0,0,0,,,,
C,6859,0.036025,0,0,0,,,,
C,6860,0.038032,0,0,0,,,,
C,6861,0.036939,0,0,0,,,,
C,6862,0.036967,0,0,0,,,,
C,6863,0.037759,0,0,0,,,,
C,6864,0.037222,0,0,0,,,,
C,6865,0.037045,0,0,0,,,,
C,6866,0.039603,0,0,0,,,,
C,6867,0.036951,0,0,0,,,,
C,6868,0.037684,0,0,0,,,,
C,6869,0.036726,0,0,0,,,,
C,6870,0.037510,0,0,0,,,,
C,6871,0.037681,0,0,0,,,,
C,6872,0.037102,0,0,0,,,,
C,6873,0.037602,0,0,0,,,,
C,6874,0.040576,0,0,0,,,,
C,6875,0.036343,0,0,0,,,,
C,6876,0.036851,0,0,0,,,,
C,6877,0.036407,0,0,0,,,,
C,6878,0.036493,0,0,0,,,,
C,6879,0.036498,0,0,0,,,,
C,6880,0.036733,0,0,0,,,,
C,6881,0.035952,0,0,0,,,,
C,6882,0.044800,0,0,0,,,,
C,6883,0.040179,0,0,0,,,,
C,6884,0.036602,0,0,0,,,,
C,6885,0.038350,0,0,0,,,,
C,6886,0.040121,0,0,0,,,,
C,6887,0.041472,0,0,0,,,,
C,6888,0.038583,0,0,0,,,,
C,6889,0.051902,0,0,0,,,,
C,6890,0.050126,0,0,0,,,,
C,6891,0.042970,0,0,0,,,,
C,6892,0.043658,0,0,0,,,,
C,6893,0.038951,0,0,0,,,,
C,6894,0.043525,0,0,0,,,,
C,6895,0.038802,0,0,0,,,,
C,6896,0.043035,0,0,0,,,,
C,6897,0.042159,0,0,0,,,,
C,6898,0.045533,0,0,0,,,,
C,6899,0.040809,0,0,0,,,,
C,6900,0.039160,0,0,0,,,,
C,6901,0.038780,0,0,0,,,,
C,6902,0.040815,0,0,0,,,,
C,6903,0.050217,0,0,0,,,,
C,6904,0.037413,0,0,0,,,,
C,6905,0.045405,0,0,0,,,,
C,6906,0.039702,0,0,0,,,,
C,6907,0.041455,0,0,0,,,,
C,6908,0.037381,0,0,0,,,,
C,6909,0.036948,0,0,0,,,,
C,6910,0.036783,0,0,0,,,,
C,6911,0.037791,0,0,0,,,,
C,6912,0.037524,0,0,0,,,,
C,6913,0.036844,0,0,0,,,,
C,6914,0.037747,0,0,0,,,,
C,6915,0.037930,0,0,0,,,,
C,6916,0.037005,0,0,0,,,,
C,6917,0.038094,0,0,0,,,,
C,6918,0.035909,0,0,0,,,,
C,6919,0.036879,0,0,0,,,,
C,6920,0.037328,0,0,0,,,,
C,6921,0.037024,0,0,0,,,,
C,6922,0.036785,0,0,0,,,,
C,6923,0.036596,0,0,0,,,,
C,6924,0.036055,0,0,0,,,,
C,6925,0.035011,0,0,0,,,,
C,6926,0.035264,0,0,0,,,,
C,6927,0.035552,0,0,0,,,,
C,6928,0.035720,0,0,0,,,,
C,6929,0.036359,0,0,0,,,,
C,6930,0.036255,0,0,0,,,,
C,6931,0.036148,0,0,0,,,,
C,6932,0.036480,0,0,0,,,,
C,6933,0.036823,0,0,0,,,,
C,6934,0.037009,0,0,0,,,,
C,6935,0.039673,0,0,0,,,,
C,6936,0.036607,0,0,0,,,,
C,6937,0.036101,0,0,0,,,,
C,6938,0.038649,0,0,0,,,,
C,6939,0.039397,0,0,0,,,,
C,6940,0.036473,0,0,0,,,,
C,6941,0.035751,0,0,0,,,,
C,6942,0.035911,0,0,0,,,,
C,6943,0.035978,0,0,0,,,,
C,6944,0.035734,0,0,0,,,,
C,6945,0.036432,0,0,0,,,,
C,6946,0.035803,0,0,0,,,,
C,6947,0.035752,0,0,0,,,,
C,6948,0.036929,0,0,0,,,,
C,6949,0.040274,0,0,0,,,,
C,6950,0.040263,0,0,0,,,,
C,6951,0.036350,0,0,0,,,,
C,6952,0.036110,0,0,0,,,,
C,6953,0.037497,0,0,0,,,,
C,6954,0.035994,0,0,0,,,,
C,6955,0.036952,0,0,0,,,,
C,6956,0.037871,0,0,0,,,,
C,6957,0.036113,0,0,0,,,,
C,6958,0.035863,0,0,0,,,,
C,6959,0.036002,0,0,0,,,,
C,6960,0.035570,0,0,0,,,,
C,6961,0.036092,0,0,0,,,,
C,6962,0.036624,0,0,0,,,,
C,6963,0.037350,0,0,0,,,,
C,6964,0.035776,0,0,0,,,,
C,6965,0.035255,0,0,0,,,,
C,6966,0.036032,0,0,0,,,,
C,6967,0.036940,0,0,0,,,,
C,6968,0.035567,0,0,0,,,,
C,6969,0.036310,0,0,0,,,,
C,6970,0.035950,0,0,0,,,,
C,6971,0.036149,0,0,0,,,,
C,6972,0.035603,0,0,0,,,,
C,6973,0.035627,0,0,0,,,,
C,6974,0.037296,0,0,0,,,,
C,6975,0.035954,0,0,0,,,,
C,6976,0.035981,0,0,0,,,,
C,6977,0.035193,0,0,0,,,,
C,6978,0.036027,0,0,0,,,,
C,6979,0.036121,0,0,0,,,,
C,6980,0.036293,0,0,0,,,,
C,6981,0.035972,0,0,0,,,,
C,6982,0.037528,0,0,0,,,,
C,6983,0.038690,0,0,0,,,,
C,6984,0.036086,0,0,0,,,,
C,6985,0.036676,0,0,0,,,,
C,6986,0.037065,0,0,0,,,,
C,6987,0.036927,0,0,0,,,,
C,6988,0.035884,0,0,0,,,,
C,6989,0.035556,0,0,0,,,,
C,6990,0.035245,0,0,0,,,,
C,6991,0.035587,0,0,0,,,,
C,6992,0.035370,0,0,0,,,,
C,6993,0.034825,0,0,0,,,,
C,6994,0.034704,0,0,0,,,,
C,6995,0.034987,0,0,0,,,,
C,6996,0.035277,0,0,0,,,,
C,6997,0.035260,0,0,0,,,,
C,6998,0.034788,0,0,0,,,,
C,6999,0.034782,0,0,0,,,,
C,7000,0.036002,0,0,0,210.7,4.247e-11,"{'checked': 26, 'zsx_rejected': 6, 'default_rejected': 0, 'closed_form_forced': 0, 'inexact': 9, 'exact_rebuilt': 0, 'best_effort': 0, 'best_effort_worst': 0.0, 'psf_rerouted': 0, 'psf_rerouted_worst_residual': 0.0}",422
C,7001,0.034402,0,0,0,,,,
C,7002,0.034705,0,0,0,,,,
C,7003,0.034779,0,0,0,,,,
C,7004,0.034980,0,0,0,,,,
C,7005,0.036672,0,0,0,,,,
C,7006,0.036401,0,0,0,,,,
C,7007,0.035407,0,0,0,,,,
C,7008,0.034812,0,0,0,,,,
C,7009,0.035499,0,0,0,,,,
C,7010,0.035191,0,0,0,,,,
C,7011,0.035257,0,0,0,,,,
C,7012,0.035161,0,0,0,,,,
C,7013,0.035041,0,0,0,,,,
C,7014,0.035114,0,0,0,,,,
C,7015,0.035670,0,0,0,,,,
C,7016,0.035528,0,0,0,,,,
C,7017,0.035960,0,0,0,,,,
C,7018,0.035494,0,0,0,,,,
C,7019,0.036061,0,0,0,,,,
C,7020,0.036512,0,0,0,,,,
C,7021,0.035108,0,0,0,,,,
C,7022,0.035796,0,0,0,,,,
C,7023,0.036320,0,0,0,,,,
C,7024,0.035812,0,0,0,,,,
C,7025,0.037000,0,0,0,,,,
C,7026,0.036352,0,0,0,,,,
C,7027,0.035629,0,0,0,,,,
C,7028,0.036967,0,0,0,,,,
C,7029,0.036524,0,0,0,,,,
C,7030,0.035743,0,0,0,,,,
C,7031,0.035823,0,0,0,,,,
C,7032,0.035582,0,0,0,,,,
C,7033,0.035942,0,0,0,,,,
C,7034,0.036413,0,0,0,,,,
C,7035,0.036435,0,0,0,,,,
C,7036,0.036170,0,0,0,,,,
C,7037,0.036171,0,0,0,,,,
C,7038,0.037031,0,0,0,,,,
C,7039,0.035409,0,0,0,,,,
C,7040,0.035923,0,0,0,,,,
C,7041,0.035826,0,0,0,,,,
C,7042,0.078382,0,0,0,,,,
C,7043,0.041283,0,0,0,,,,
C,7044,0.038001,0,0,0,,,,
C,7045,0.037913,0,0,0,,,,
C,7046,0.035900,0,0,0,,,,
C,7047,0.036854,0,0,0,,,,
C,7048,0.036620,0,0,0,,,,
C,7049,0.035655,0,0,0,,,,
C,7050,0.036023,0,0,0,,,,
C,7051,0.036665,0,0,0,,,,
C,7052,0.035951,0,0,0,,,,
C,7053,0.037102,0,0,0,,,,
C,7054,0.036182,0,0,0,,,,
C,7055,0.041191,0,0,0,,,,
C,7056,0.036397,0,0,0,,,,
C,7057,0.036021,0,0,0,,,,
C,7058,0.037149,0,0,0,,,,
C,7059,0.036652,0,0,0,,,,
C,7060,0.035299,0,0,0,,,,
C,7061,0.035751,0,0,0,,,,
C,7062,0.035737,0,0,0,,,,
C,7063,0.036136,0,0,0,,,,
C,7064,0.036420,0,0,0,,,,
C,7065,0.037315,0,0,0,,,,
C,7066,0.038480,0,0,0,,,,
C,7067,0.038223,0,0,0,,,,
C,7068,0.038074,0,0,0,,,,
C,7069,0.037842,0,0,0,,,,
C,7070,0.059934,0,0,0,,,,
C,7071,0.036501,0,0,0,,,,
C,7072,0.038323,0,0,0,,,,
C,7073,0.037004,0,0,0,,,,
C,7074,0.035928,0,0,0,,,,
C,7075,0.037006,0,0,0,,,,
C,7076,0.036139,0,0,0,,,,
C,7077,0.039398,0,0,0,,,,
C,7078,0.036573,0,0,0,,,,
C,7079,0.043532,0,0,0,,,,
C,7080,0.052914,0,0,0,,,,
C,7081,0.037458,0,0,0,,,,
C,7082,0.037512,0,0,0,,,,
C,7083,0.036542,0,0,0,,,,
C,7084,0.037922,0,0,0,,,,
C,7085,0.037362,0,0,0,,,,
C,7086,0.036843,0,0,0,,,,
C,7087,0.036467,0,0,0,,,,
C,7088,0.040389,0,0,0,,,,
C,7089,0.036520,0,0,0,,,,
C,7090,0.038267,0,0,0,,,,
C,7091,0.035816,0,0,0,,,,
C,7092,0.036566,0,0,0,,,,
C,7093,0.036619,0,0,0,,,,
C,7094,0.036086,0,0,0,,,,
C,7095,0.035599,0,0,0,,,,
C,7096,0.035895,0,0,0,,,,
C,7097,0.038386,0,0,0,,,,
C,7098,0.035949,0,0,0,,,,
C,7099,0.036946,0,0,0,,,,
C,7100,0.037463,0,0,0,,,,
C,7101,0.036694,0,0,0,,,,
C,7102,0.036367,0,0,0,,,,
C,7103,0.035892,0,0,0,,,,
C,7104,0.040071,0,0,0,,,,
C,7105,0.036753,0,0,0,,,,
C,7106,0.038204,0,0,0,,,,
C,7107,0.036855,0,0,0,,,,
C,7108,0.045532,0,0,0,,,,
C,7109,0.037160,0,0,0,,,,
C,7110,0.035765,0,0,0,,,,
C,7111,0.036610,0,0,0,,,,
C,7112,0.036173,0,0,0,,,,
C,7113,0.035332,0,0,0,,,,
C,7114,0.035157,0,0,0,,,,
C,7115,0.034866,0,0,0,,,,
C,7116,0.036137,0,0,0,,,,
C,7117,0.037060,0,0,0,,,,
C,7118,0.036152,0,0,0,,,,
C,7119,0.037448,0,0,0,,,,
C,7120,0.036102,0,0,0,,,,
C,7121,0.036164,0,0,0,,,,
C,7122,0.037157,0,0,0,,,,
C,7123,0.036294,0,0,0,,,,
C,7124,0.036890,0,0,0,,,,
C,7125,0.035748,0,0,0,,,,
C,7126,0.036290,0,0,0,,,,
C,7127,0.036248,0,0,0,,,,
C,7128,0.037244,0,0,0,,,,
C,7129,0.036416,0,0,0,,,,
C,7130,0.034810,0,0,0,,,,
C,7131,0.035266,0,0,0,,,,
C,7132,0.035537,0,0,0,,,,
C,7133,0.036583,0,0,0,,,,
C,7134,0.035501,0,0,0,,,,
C,7135,0.035923,0,0,0,,,,
C,7136,0.036131,0,0,0,,,,
C,7137,0.035961,0,0,0,,,,
C,7138,0.035557,0,0,0,,,,
C,7139,0.035654,0,0,0,,,,
C,7140,0.035659,0,0,0,,,,
C,7141,0.036935,0,0,0,,,,
C,7142,0.036604,0,0,0,,,,
C,7143,0.036886,0,0,0,,,,
C,7144,0.036276,0,0,0,,,,
C,7145,0.035617,0,0,0,,,,
C,7146,0.036692,0,0,0,,,,
C,7147,0.036029,0,0,0,,,,
C,7148,0.035835,0,0,0,,,,
C,7149,0.041175,0,0,0,,,,
C,7150,0.041955,0,0,0,,,,
C,7151,0.036730,0,0,0,,,,
C,7152,0.036197,0,0,0,,,,
C,7153,0.037247,0,0,0,,,,
C,7154,0.036661,0,0,0,,,,
C,7155,0.035941,0,0,0,,,,
C,7156,0.039403,0,0,0,,,,
C,7157,0.037341,0,0,0,,,,
C,7158,0.036272,0,0,0,,,,
C,7159,0.036129,0,0,0,,,,
C,7160,0.036310,0,0,0,,,,
C,7161,0.036389,0,0,0,,,,
C,7162,0.035631,0,0,0,,,,
C,7163,0.036126,0,0,0,,,,
C,7164,0.036671,0,0,0,,,,
C,7165,0.037219,0,0,0,,,,
C,7166,0.036276,0,0,0,,,,
C,7167,0.036640,0,0,0,,,,
C,7168,0.036242,0,0,0,,,,
C,7169,0.035513,0,0,0,,,,
C,7170,0.036386,0,0,0,,,,
C,7171,0.034978,0,0,0,,,,
C,7172,0.036496,0,0,0,,,,
C,7173,0.036266,0,0,0,,,,
C,7174,0.036069,0,0,0,,,,
C,7175,0.036184,0,0,0,,,,
C,7176,0.035334,0,0,0,,,,
C,7177,0.035522,0,0,0,,,,
C,7178,0.035870,0,0,0,,,,
C,7179,0.036416,0,0,0,,,,
C,7180,0.048059,0,0,0,,,,
C,7181,0.038031,0,0,0,,,,
C,7182,0.048106,0,0,0,,,,
C,7183,0.043340,0,0,0,,,,
C,7184,0.044471,0,0,0,,,,
C,7185,0.040177,0,0,0,,,,
C,7186,0.041371,0,0,0,,,,
C,7187,0.047140,0,0,0,,,,
C,7188,0.037016,0,0,0,,,,
C,7189,0.038923,0,0,0,,,,
C,7190,0.039444,0,0,0,,,,
C,7191,0.036299,0,0,0,,,,
C,7192,0.036679,0,0,0,,,,
C,7193,0.035279,0,0,0,,,,
C,7194,0.037326,0,0,0,,,,
C,7195,0.037209,0,0,0,,,,
C,7196,0.035739,0,0,0,,,,
C,7197,0.036746,0,0,0,,,,
C,7198,0.038898,0,0,0,,,,
C,7199,0.037005,0,0,0,,,,
C,7200,0.038831,0,0,0,,,,
C,7201,0.035734,0,0,0,,,,
C,7202,0.038376,0,0,0,,,,
C,7203,0.036810,0,0,0,,,,
C,7204,0.037406,0,0,0,,,,
C,7205,0.039801,0,0,0,,,,
C,7206,0.043147,0,0,0,,,,
C,7207,0.037485,0,0,0,,,,
C,7208,0.037356,0,0,0,,,,
C,7209,0.036409,0,0,0,,,,
C,7210,0.039845,0,0,0,,,,
C,7211,0.037200,0,0,0,,,,
C,7212,0.044246,0,0,0,,,,
C,7213,0.044763,0,0,0,,,,
C,7214,0.039349,0,0,0,,,,
C,7215,0.047911,0,0,0,,,,
C,7216,0.038171,0,0,0,,,,
C,7217,0.037584,0,0,0,,,,
C,7218,0.037327,0,0,0,,,,
C,7219,0.038145,0,0,0,,,,
C,7220,0.036401,0,0,0,,,,
C,7221,0.052800,0,0,0,,,,
C,7222,0.037509,0,0,0,,,,
C,7223,0.039480,0,0,0,,,,
C,7224,0.044264,0,0,0,,,,
C,7225,0.036919,0,0,0,,,,
C,7226,0.037815,0,0,0,,,,
C,7227,0.036070,0,0,0,,,,
C,7228,0.037151,0,0,0,,,,
C,7229,0.043189,0,0,0,,,,
C,7230,0.037409,0,0,0,,,,
C,7231,0.036311,0,0,0,,,,
C,7232,0.036816,0,0,0,,,,
C,7233,0.036466,0,0,0,,,,
C,7234,0.041489,0,0,0,,,,
C,7235,0.044773,0,0,0,,,,
C,7236,0.039550,0,0,0,,,,
C,7237,0.036147,0,0,0,,,,
C,7238,0.036308,0,0,0,,,,
C,7239,0.036731,0,0,0,,,,
C,7240,0.038778,0,0,0,,,,
C,7241,0.056304,0,0,0,,,,
C,7242,0.050965,0,0,0,,,,
C,7243,0.045472,0,0,0,,,,
C,7244,0.039502,0,0,0,,,,
C,7245,0.041908,0,0,0,,,,
C,7246,0.054700,0,0,0,,,,
C,7247,0.045899,0,0,0,,,,
C,7248,0.041801,0,0,0,,,,
C,7249,0.037786,0,0,0,,,,
C,7250,0.037079,0,0,0,,,,
C,7251,0.036521,0,0,0,,,,
C,7252,0.036421,0,0,0,,,,
C,7253,0.036416,0,0,0,,,,
C,7254,0.038051,0,0,0,,,,
C,7255,0.038159,0,0,0,,,,
C,7256,0.036913,0,0,0,,,,
C,7257,0.036137,0,0,0,,,,
C,7258,0.037121,0,0,0,,,,
C,7259,0.037391,0,0,0,,,,
C,7260,0.037071,0,0,0,,,,
C,7261,0.036304,0,0,0,,,,
C,7262,0.035989,0,0,0,,,,
C,7263,0.035702,0,0,0,,,,
C,7264,0.036372,0,0,0,,,,
C,7265,0.036082,0,0,0,,,,
C,7266,0.036442,0,0,0,,,,
C,7267,0.037574,0,0,0,,,,
C,7268,0.036845,0,0,0,,,,
C,7269,0.036195,0,0,0,,,,
C,7270,0.037059,0,0,0,,,,
C,7271,0.035981,0,0,0,,,,
C,7272,0.036340,0,0,0,,,,
C,7273,0.043956,0,0,0,,,,
C,7274,0.036945,0,0,0,,,,
C,7275,0.037376,0,0,0,,,,
C,7276,0.037890,0,0,0,,,,
C,7277,0.037078,0,0,0,,,,
C,7278,0.036638,0,0,0,,,,
C,7279,0.036757,0,0,0,,,,
C,7280,0.037443,0,0,0,,,,
C,7281,0.037016,0,0,0,,,,
C,7282,0.036345,0,0,0,,,,
C,7283,0.036644,0,0,0,,,,
C,7284,0.036830,0,0,0,,,,
C,7285,0.036635,0,0,0,,,,
C,7286,0.037065,0,0,0,,,,
C,7287,0.038271,0,0,0,,,,
C,7288,0.037762,0,0,0,,,,
C,7289,0.037025,0,0,0,,,,
C,7290,0.037344,0,0,0,,,,
C,7291,0.037346,0,0,0,,,,
C,7292,0.036534,0,0,0,,,,
C,7293,0.036908,0,0,0,,,,
C,7294,0.036815,0,0,0,,,,
C,7295,0.036973,0,0,0,,,,
C,7296,0.037473,0,0,0,,,,
C,7297,0.037217,0,0,0,,,,
C,7298,0.037578,0,0,0,,,,
C,7299,0.037104,0,0,0,,,,
C,7300,0.036880,0,0,0,,,,
C,7301,0.036833,0,0,0,,,,
C,7302,0.036853,0,0,0,,,,
C,7303,0.037541,0,0,0,,,,
C,7304,0.035959,0,0,0,,,,
C,7305,0.037115,0,0,0,,,,
C,7306,0.036854,0,0,0,,,,
C,7307,0.036338,0,0,0,,,,
C,7308,0.036673,0,0,0,,,,
C,7309,0.038348,0,0,0,,,,
C,7310,0.036479,0,0,0,,,,
C,7311,0.036749,0,0,0,,,,
C,7312,0.036262,0,0,0,,,,
C,7313,0.036453,0,0,0,,,,
C,7314,0.037519,0,0,0,,,,
C,7315,0.040968,0,0,0,,,,
C,7316,0.037705,0,0,0,,,,
C,7317,0.036686,0,0,0,,,,
C,7318,0.036078,0,0,0,,,,
C,7319,0.042046,0,0,0,,,,
C,7320,0.037149,0,0,0,,,,
C,7321,0.035654,0,0,0,,,,
C,7322,0.036059,0,0,0,,,,
C,7323,0.036522,0,0,0,,,,
C,7324,0.036310,0,0,0,,,,
C,7325,0.035620,0,0,0,,,,
C,7326,0.035538,0,0,0,,,,
C,7327,0.036660,0,0,0,,,,
C,7328,0.038122,0,0,0,,,,
C,7329,0.037409,0,0,0,,,,
C,7330,0.036342,0,0,0,,,,
C,7331,0.036476,0,0,0,,,,
C,7332,0.038943,0,0,0,,,,
C,7333,0.036547,0,0,0,,,,
C,7334,0.036558,0,0,0,,,,
C,7335,0.049656,0,0,0,,,,
C,7336,0.048268,0,0,0,,,,
C,7337,0.049435,0,0,0,,,,
C,7338,0.044994,0,0,0,,,,
C,7339,0.036290,0,0,0,,,,
C,7340,0.037130,0,0,0,,,,
C,7341,0.036019,0,0,0,,,,
C,7342,0.036795,0,0,0,,,,
C,7343,0.036415,0,0,0,,,,
C,7344,0.042145,0,0,0,,,,
C,7345,0.035743,0,0,0,,,,
C,7346,0.036877,0,0,0,,,,
C,7347,0.043205,0,0,0,,,,
C,7348,0.037883,0,0,0,,,,
C,7349,0.038575,0,0,0,,,,
C,7350,0.046462,0,0,0,,,,
C,7351,0.041076,0,0,0,,,,
C,7352,0.037606,0,0,0,,,,
C,7353,0.038044,0,0,0,,,,
C,7354,0.042247,0,0,0,,,,
C,7355,0.042955,0,0,0,,,,
C,7356,0.040476,0,0,0,,,,
C,7357,0.044863,0,0,0,,,,
C,7358,0.048506,0,0,0,,,,
C,7359,0.037111,0,0,0,,,,
C,7360,0.044989,0,0,0,,,,
C,7361,0.039450,0,0,0,,,,
C,7362,0.037123,0,0,0,,,,
C,7363,0.040989,0,0,0,,,,
C,7364,0.038737,0,0,0,,,,
C,7365,0.040295,0,0,0,,,,
C,7366,0.038094,0,0,0,,,,
C,7367,0.037862,0,0,0,,,,
C,7368,0.036475,0,0,0,,,,
C,7369,0.042754,0,0,0,,,,
C,7370,0.040571,0,0,0,,,,
C,7371,0.038212,0,0,0,,,,
C,7372,0.040826,0,0,0,,,,
C,7373,0.049162,0,0,0,,,,
C,7374,0.035948,0,0,0,,,,
C,7375,0.037735,0,0,0,,,,
C,7376,0.040547,0,0,0,,,,
C,7377,0.042393,0,0,0,,,,
C,7378,0.036612,0,0,0,,,,
C,7379,0.035958,0,0,0,,,,
C,7380,0.038748,0,0,0,,,,
C,7381,0.038981,0,0,0,,,,
C,7382,0.036514,0,0,0,,,,
C,7383,0.036172,0,0,0,,,,
C,7384,0.035727,0,0,0,,,,
C,7385,0.036231,0,0,0,,,,
C,7386,0.036451,0,0,0,,,,
C,7387,0.036840,0,0,0,,,,
C,7388,0.036312,0,0,0,,,,
C,7389,0.036849,0,0,0,,,,
C,7390,0.037979,0,0,0,,,,
C,7391,0.042174,0,0,0,,,,
C,7392,0.051835,0,0,0,,,,
C,7393,0.041882,0,0,0,,,,
C,7394,0.036667,0,0,0,,,,
C,7395,0.037021,0,0,0,,,,
C,7396,0.036901,0,0,0,,,,
C,7397,0.036969,0,0,0,,,,
C,7398,0.035683,0,0,0,,,,
C,7399,0.035918,0,0,0,,,,
C,7400,0.037876,0,0,0,,,,
C,7401,0.037028,0,0,0,,,,
C,7402,0.036818,0,0,0,,,,
C,7403,0.036044,0,0,0,,,,
C,7404,0.036486,0,0,0,,,,
C,7405,0.037705,0,0,0,,,,
C,7406,0.037159,0,0,0,,,,
C,7407,0.043649,0,0,0,,,,
C,7408,0.036946,0,0,0,,,,
C,7409,0.035865,0,0,0,,,,
C,7410,0.035914,0,0,0,,,,
C,7411,0.035880,0,0,0,,,,
C,7412,0.036299,0,0,0,,,,
C,7413,0.036659,0,0,0,,,,
C,7414,0.036777,0,0,0,,,,
C,7415,0.036782,0,0,0,,,,
C,7416,0.038724,0,0,0,,,,
C,7417,0.036231,0,0,0,,,,
C,7418,0.037711,0,0,0,,,,
C,7419,0.040103,0,0,0,,,,
C,7420,0.036241,0,0,0,,,,
C,7421,0.039585,0,0,0,,,,
C,7422,0.036081,0,0,0,,,,
C,7423,0.035969,0,0,0,,,,
C,7424,0.036017,0,0,0,,,,
C,7425,0.036814,0,0,0,,,,
C,7426,0.035875,0,0,0,,,,
C,7427,0.044738,0,0,0,,,,
C,7428,0.035588,0,0,0,,,,
C,7429,0.036032,0,0,0,,,,
C,7430,0.043903,0,0,0,,,,
C,7431,0.036516,0,0,0,,,,
C,7432,0.038793,0,0,0,,,,
C,7433,0.044576,0,0,0,,,,
C,7434,0.036067,0,0,0,,,,
C,7435,0.043163,0,0,0,,,,
C,7436,0.035978,0,0,0,,,,
C,7437,0.039711,0,0,0,,,,
C,7438,0.039853,0,0,0,,,,
C,7439,0.040532,0,0,0,,,,
C,7440,0.037234,0,0,0,,,,
C,7441,0.043298,0,0,0,,,,
C,7442,0.036478,0,0,0,,,,
C,7443,0.039651,0,0,0,,,,
C,7444,0.037151,0,0,0,,,,
C,7445,0.037335,0,0,0,,,,
C,7446,0.036841,0,0,0,,,,
C,7447,0.038956,0,0,0,,,,
C,7448,0.035667,0,0,0,,,,
C,7449,0.037738,0,0,0,,,,
C,7450,0.039597,0,0,0,,,,
C,7451,0.044460,0,0,0,,,,
C,7452,0.041567,0,0,0,,,,
C,7453,0.036399,0,0,0,,,,
C,7454,0.037291,0,0,0,,,,
C,7455,0.036859,0,0,0,,,,
C,7456,0.035948,0,0,0,,,,
C,7457,0.041230,0,0,0,,,,
C,7458,0.035597,0,0,0,,,,
C,7459,0.035414,0,0,0,,,,
C,7460,0.035361,0,0,0,,,,
C,7461,0.035908,0,0,0,,,,
C,7462,0.035561,0,0,0,,,,
C,7463,0.038819,0,0,0,,,,
C,7464,0.037385,0,0,0,,,,
C,7465,0.035476,0,0,0,,,,
C,7466,0.035166,0,0,0,,,,
C,7467,0.037425,0,0,0,,,,
C,7468,0.036101,0,0,0,,,,
C,7469,0.035992,0,0,0,,,,
C,7470,0.037369,0,0,0,,,,
C,7471,0.036522,0,0,0,,,,
C,7472,0.036528,0,0,0,,,,
C,7473,0.036545,0,0,0,,,,
C,7474,0.036073,0,0,0,,,,
C,7475,0.038834,0,0,0,,,,
C,7476,0.035142,0,0,0,,,,
C,7477,0.035484,0,0,0,,,,
C,7478,0.071794,0,0,0,,,,
C,7479,0.037842,0,0,0,,,,
C,7480,0.037690,0,0,0,,,,
C,7481,0.037259,0,0,0,,,,
C,7482,0.038021,0,0,0,,,,
C,7483,0.036238,0,0,0,,,,
C,7484,0.038727,0,0,0,,,,
C,7485,0.037185,0,0,0,,,,
C,7486,0.036685,0,0,0,,,,
C,7487,0.037057,0,0,0,,,,
C,7488,0.036177,0,0,0,,,,
C,7489,0.035506,0,0,0,,,,
C,7490,0.036819,0,0,0,,,,
C,7491,0.036417,0,0,0,,,,
C,7492,0.037002,0,0,0,,,,
C,7493,0.036126,0,0,0,,,,
C,7494,0.035898,0,0,0,,,,
C,7495,0.035991,0,0,0,,,,
C,7496,0.036838,0,0,0,,,,
C,7497,0.036208,0,0,0,,,,
C,7498,0.036147,0,0,0,,,,
C,7499,0.039184,0,0,0,,,,
C,7500,0.036591,0,0,0,,,,
C,7501,0.036697,0,0,0,,,,
C,7502,0.036586,0,0,0,,,,
C,7503,0.037096,0,0,0,,,,
C,7504,0.036394,0,0,0,,,,
C,7505,0.036395,0,0,0,,,,
C,7506,0.036091,0,0,0,,,,
C,7507,0.036196,0,0,0,,,,
C,7508,0.036588,0,0,0,,,,
C,7509,0.038269,0,0,0,,,,
C,7510,0.036870,0,0,0,,,,
C,7511,0.037258,0,0,0,,,,
C,7512,0.037475,0,0,0,,,,
C,7513,0.037603,0,0,0,,,,
C,7514,0.038604,0,0,0,,,,
C,7515,0.038772,0,0,0,,,,
C,7516,0.037572,0,0,0,,,,
C,7517,0.037165,0,0,0,,,,
C,7518,0.037961,0,0,0,,,,
C,7519,0.036566,0,0,0,,,,
C,7520,0.036861,0,0,0,,,,
C,7521,0.036436,0,0,0,,,,
C,7522,0.036546,0,0,0,,,,
C,7523,0.036306,0,0,0,,,,
C,7524,0.036731,0,0,0,,,,
C,7525,0.036504,0,0,0,,,,
C,7526,0.038606,0,0,0,,,,
C,7527,0.036308,0,0,0,,,,
C,7528,0.041274,0,0,0,,,,
C,7529,0.037079,0,0,0,,,,
C,7530,0.036117,0,0,0,,,,
C,7531,0.036673,0,0,0,,,,
C,7532,0.037991,0,0,0,,,,
C,7533,0.037780,0,0,0,,,,
C,7534,0.036660,0,0,0,,,,
C,7535,0.037076,0,0,0,,,,
C,7536,0.036248,0,0,0,,,,
C,7537,0.036126,0,0,0,,,,
C,7538,0.035914,0,0,0,,,,
C,7539,0.040213,0,0,0,,,,
C,7540,0.039897,0,0,0,,,,
C,7541,0.036756,0,0,0,,,,
C,7542,0.036927,0,0,0,,,,
C,7543,0.037263,0,0,0,,,,
C,7544,0.039728,0,0,0,,,,
C,7545,0.037151,0,0,0,,,,
C,7546,0.036992,0,0,0,,,,
C,7547,0.037087,0,0,0,,,,
C,7548,0.078264,0,0,0,,,,
C,7549,0.043518,0,0,0,,,,
C,7550,0.042087,0,0,0,,,,
C,7551,0.037435,0,0,0,,,,
C,7552,0.036942,0,0,0,,,,
C,7553,0.036220,0,0,0,,,,
C,7554,0.038917,0,0,0,,,,
C,7555,0.037313,0,0,0,,,,
C,7556,0.037104,0,0,0,,,,
C,7557,0.036850,0,0,0,,,,
C,7558,0.037586,0,0,0,,,,
C,7559,0.039397,0,0,0,,,,
C,7560,0.041349,0,0,0,,,,
C,7561,0.038743,0,0,0,,,,
C,7562,0.040114,0,0,0,,,,
C,7563,0.037776,0,0,0,,,,
C,7564,0.044156,0,0,0,,,,
C,7565,0.036258,0,0,0,,,,
C,7566,0.036466,0,0,0,,,,
C,7567,0.066449,0,0,0,,,,
C,7568,0.051706,0,0,0,,,,
C,7569,0.041345,0,0,0,,,,
C,7570,0.048019,0,0,0,,,,
C,7571,0.041641,0,0,0,,,,
C,7572,0.036446,0,0,0,,,,
C,7573,0.042364,0,0,0,,,,
C,7574,0.038282,0,0,0,,,,
C,7575,0.043633,0,0,0,,,,
C,7576,0.037342,0,0,0,,,,
C,7577,0.037596,0,0,0,,,,
C,7578,0.043488,0,0,0,,,,
C,7579,0.037402,0,0,0,,,,
C,7580,0.036121,0,0,0,,,,
C,7581,0.038191,0,0,0,,,,
C,7582,0.036904,0,0,0,,,,
C,7583,0.035872,0,0,0,,,,
C,7584,0.052535,0,0,0,,,,
C,7585,0.038199,0,0,0,,,,
C,7586,0.036164,0,0,0,,,,
C,7587,0.040696,0,0,0,,,,
C,7588,0.043539,0,0,0,,,,
C,7589,0.037065,0,0,0,,,,
C,7590,0.052497,0,0,0,,,,
C,7591,0.040390,0,0,0,,,,
C,7592,0.040379,0,0,0,,,,
C,7593,0.047414,0,0,0,,,,
C,7594,0.039824,0,0,0,,,,
C,7595,0.047405,0,0,0,,,,
C,7596,0.043491,0,0,0,,,,
C,7597,0.036008,0,0,0,,,,
C,7598,0.041071,0,0,0,,,,
C,7599,0.038243,0,0,0,,,,
C,7600,0.045394,0,0,0,,,,
C,7601,0.037757,0,0,0,,,,
C,7602,0.038265,0,0,0,,,,
C,7603,0.037119,0,0,0,,,,
C,7604,0.036857,0,0,0,,,,
C,7605,0.039251,0,0,0,,,,
C,7606,0.039171,0,0,0,,,,
C,7607,0.051025,0,0,0,,,,
C,7608,0.039827,0,0,0,,,,
C,7609,0.040984,0,0,0,,,,
C,7610,0.039911,0,0,0,,,,
C,7611,0.035293,0,0,0,,,,
C,7612,0.036968,0,0,0,,,,
C,7613,0.036991,0,0,0,,,,
C,7614,0.039080,0,0,0,,,,
C,7615,0.038807,0,0,0,,,,
C,7616,0.038159,0,0,0,,,,
C,7617,0.037323,0,0,0,,,,
C,7618,0.039497,0,0,0,,,,
C,7619,0.040149,0,0,0,,,,
C,7620,0.039011,0,0,0,,,,
C,7621,0.038337,0,0,0,,,,
C,7622,0.041380,0,0,0,,,,
C,7623,0.044409,0,0,0,,,,
C,7624,0.053743,0,0,0,,,,
C,7625,0.042772,0,0,0,,,,
C,7626,0.036876,0,0,0,,,,
C,7627,0.039326,0,0,0,,,,
C,7628,0.040747,0,0,0,,,,
C,7629,0.038783,0,0,0,,,,
C,7630,0.037656,0,0,0,,,,
C,7631,0.048419,0,0,0,,,,
C,7632,0.038232,0,0,0,,,,
C,7633,0.045468,0,0,0,,,,
C,7634,0.037609,0,0,0,,,,
C,7635,0.036604,0,0,0,,,,
C,7636,0.041809,0,0,0,,,,
C,7637,0.037041,0,0,0,,,,
C,7638,0.047790,0,0,0,,,,
C,7639,0.043908,0,0,0,,,,
C,7640,0.044288,0,0,0,,,,
C,7641,0.037891,0,0,0,,,,
C,7642,0.037425,0,0,0,,,,
C,7643,0.036103,0,0,0,,,,
C,7644,0.053851,0,0,0,,,,
C,7645,0.042015,0,0,0,,,,
C,7646,0.036213,0,0,0,,,,
C,7647,0.039884,0,0,0,,,,
C,7648,0.036059,0,0,0,,,,
C,7649,0.036549,0,0,0,,,,
C,7650,0.036478,0,0,0,,,,
C,7651,0.036855,0,0,0,,,,
C,7652,0.036027,0,0,0,,,,
C,7653,0.037522,0,0,0,,,,
C,7654,0.041505,0,0,0,,,,
C,7655,0.042184,0,0,0,,,,
C,7656,0.039645,0,0,0,,,,
C,7657,0.036607,0,0,0,,,,
C,7658,0.036643,0,0,0,,,,
C,7659,0.038408,0,0,0,,,,
C,7660,0.036613,0,0,0,,,,
C,7661,0.038898,0,0,0,,,,
C,7662,0.035780,0,0,0,,,,
C,7663,0.040992,0,0,0,,,,
C,7664,0.036356,0,0,0,,,,
C,7665,0.036166,0,0,0,,,,
C,7666,0.036519,0,0,0,,,,
C,7667,0.035539,0,0,0,,,,
C,7668,0.035750,0,0,0,,,,
C,7669,0.036309,0,0,0,,,,
C,7670,0.037458,0,0,0,,,,
C,7671,0.040685,0,0,0,,,,
C,7672,0.038488,0,0,0,,,,
C,7673,0.041117,0,0,0,,,,
C,7674,0.039950,0,0,0,,,,
C,7675,0.047715,0,0,0,,,,
C,7676,0.038432,0,0,0,,,,
C,7677,0.040181,0,0,0,,,,
C,7678,0.037955,0,0,0,,,,
C,7679,0.038237,0,0,0,,,,
C,7680,0.037591,0,0,0,,,,
C,7681,0.037304,0,0,0,,,,
C,7682,0.037871,0,0,0,,,,
C,7683,0.037007,0,0,0,,,,
C,7684,0.038510,0,0,0,,,,
C,7685,0.037883,0,0,0,,,,
C,7686,0.037865,0,0,0,,,,
C,7687,0.038663,0,0,0,,,,
C,7688,0.038918,0,0,0,,,,
C,7689,0.038600,0,0,0,,,,
C,7690,0.037692,0,0,0,,,,
C,7691,0.038744,0,0,0,,,,
C,7692,0.037342,0,0,0,,,,
C,7693,0.036653,0,0,0,,,,
C,7694,0.037851,0,0,0,,,,
C,7695,0.036012,0,0,0,,,,
C,7696,0.036125,0,0,0,,,,
C,7697,0.036726,0,0,0,,,,
C,7698,0.037893,0,0,0,,,,
C,7699,0.038011,0,0,0,,,,
C,7700,0.037607,0,0,0,,,,
C,7701,0.036703,0,0,0,,,,
C,7702,0.050076,0,0,0,,,,
C,7703,0.040000,0,0,0,,,,
C,7704,0.038187,0,0,0,,,,
C,7705,0.039233,0,0,0,,,,
C,7706,0.039660,0,0,0,,,,
C,7707,0.043322,0,0,0,,,,
C,7708,0.036345,0,0,0,,,,
C,7709,0.040821,0,0,0,,,,
C,7710,0.039176,0,0,0,,,,
C,7711,0.035744,0,0,0,,,,
C,7712,0.035608,0,0,0,,,,
C,7713,0.035547,0,0,0,,,,
C,7714,0.036054,0,0,0,,,,
C,7715,0.035847,0,0,0,,,,
C,7716,0.036305,0,0,0,,,,
C,7717,0.035953,0,0,0,,,,
C,7718,0.035549,0,0,0,,,,
C,7719,0.036317,0,0,0,,,,
C,7720,0.036012,0,0,0,,,,
C,7721,0.036817,0,0,0,,,,
C,7722,0.037849,0,0,0,,,,
C,7723,0.036788,0,0,0,,,,
C,7724,0.036821,0,0,0,,,,
C,7725,0.035826,0,0,0,,,,
C,7726,0.036226,0,0,0,,,,
C,7727,0.036113,0,0,0,,,,
C,7728,0.038093,0,0,0,,,,
C,7729,0.036183,0,0,0,,,,
C,7730,0.037554,0,0,0,,,,
C,7731,0.038047,0,0,0,,,,
C,7732,0.035877,0,0,0,,,,
C,7733,0.036116,0,0,0,,,,
C,7734,0.035749,0,0,0,,,,
C,7735,0.036197,0,0,0,,,,
C,7736,0.036414,0,0,0,,,,
C,7737,0.037199,0,0,0,,,,
C,7738,0.038282,0,0,0,,,,
C,7739,0.036874,0,0,0,,,,
C,7740,0.036339,0,0,0,,,,
C,7741,0.035532,0,0,0,,,,
C,7742,0.034808,0,0,0,,,,
C,7743,0.035833,0,0,0,,,,
C,7744,0.035427,0,0,0,,,,
C,7745,0.035375,0,0,0,,,,
C,7746,0.036140,0,0,0,,,,
C,7747,0.035947,0,0,0,,,,
C,7748,0.034765,0,0,0,,,,
C,7749,0.035402,0,0,0,,,,
C,7750,0.036075,0,0,0,,,,
C,7751,0.035300,0,0,0,,,,
C,7752,0.036428,0,0,0,,,,
C,7753,0.035649,0,0,0,,,,
C,7754,0.035287,0,0,0,,,,
C,7755,0.040196,0,0,0,,,,
C,7756,0.043246,0,0,0,,,,
C,7757,0.037665,0,0,0,,,,
C,7758,0.037781,0,0,0,,,,
C,7759,0.037743,0,0,0,,,,
C,7760,0.036406,0,0,0,,,,
C,7761,0.037215,0,0,0,,,,
C,7762,0.035839,0,0,0,,,,
C,7763,0.036322,0,0,0,,,,
C,7764,0.036147,0,0,0,,,,
C,7765,0.036640,0,0,0,,,,
C,7766,0.035599,0,0,0,,,,
C,7767,0.036614,0,0,0,,,,
C,7768,0.036943,0,0,0,,,,
C,7769,0.035910,0,0,0,,,,
C,7770,0.035769,0,0,0,,,,
C,7771,0.037075,0,0,0,,,,
C,7772,0.039015,0,0,0,,,,
C,7773,0.046271,0,0,0,,,,
C,7774,0.045222,0,0,0,,,,
C,7775,0.037191,0,0,0,,,,
C,7776,0.038471,0,0,0,,,,
C,7777,0.039859,0,0,0,,,,
C,7778,0.036240,0,0,0,,,,
C,7779,0.036940,0,0,0,,,,
C,7780,0.038126,0,0,0,,,,
C,7781,0.041556,0,0,0,,,,
C,7782,0.037523,0,0,0,,,,
C,7783,0.035738,0,0,0,,,,
C,7784,0.037219,0,0,0,,,,
C,7785,0.037828,0,0,0,,,,
C,7786,0.037541,0,0,0,,,,
C,7787,0.036739,0,0,0,,,,
C,7788,0.036721,0,0,0,,,,
C,7789,0.037159,0,0,0,,,,
C,7790,0.037769,0,0,0,,,,
C,7791,0.036990,0,0,0,,,,
C,7792,0.036230,0,0,0,,,,
C,7793,0.037219,0,0,0,,,,
C,7794,0.036887,0,0,0,,,,
C,7795,0.037719,0,0,0,,,,
C,7796,0.036325,0,0,0,,,,
C,7797,0.036842,0,0,0,,,,
C,7798,0.036533,0,0,0,,,,
C,7799,0.036466,0,0,0,,,,
C,7800,0.035894,0,0,0,,,,
C,7801,0.036679,0,0,0,,,,
C,7802,0.036499,0,0,0,,,,
C,7803,0.036867,0,0,0,,,,
C,7804,0.036007,0,0,0,,,,
C,7805,0.035913,0,0,0,,,,
C,7806,0.037106,0,0,0,,,,
C,7807,0.036661,0,0,0,,,,
C,7808,0.039160,0,0,0,,,,
C,7809,0.039666,0,0,0,,,,
C,7810,0.040051,0,0,0,,,,
C,7811,0.041370,0,0,0,,,,
C,7812,0.035958,0,0,0,,,,
C,7813,0.038349,0,0,0,,,,
C,7814,0.036786,0,0,0,,,,
C,7815,0.036730,0,0,0,,,,
C,7816,0.046436,0,0,0,,,,
C,7817,0.035225,0,0,0,,,,
C,7818,0.036235,0,0,0,,,,
C,7819,0.036455,0,0,0,,,,
C,7820,0.035401,0,0,0,,,,
C,7821,0.035949,0,0,0,,,,
C,7822,0.035472,0,0,0,,,,
C,7823,0.041796,0,0,0,,,,
C,7824,0.037732,0,0,0,,,,
C,7825,0.037640,0,0,0,,,,
C,7826,0.036392,0,0,0,,,,
C,7827,0.037750,0,0,0,,,,
C,7828,0.037732,0,0,0,,,,
C,7829,0.038746,0,0,0,,,,
C,7830,0.040526,0,0,0,,,,
C,7831,0.036574,0,0,0,,,,
C,7832,0.036292,0,0,0,,,,
C,7833,0.036807,0,0,0,,,,
C,7834,0.036474,0,0,0,,,,
C,7835,0.037963,0,0,0,,,,
C,7836,0.036543,0,0,0,,,,
C,7837,0.036242,0,0,0,,,,
C,7838,0.037172,0,0,0,,,,
C,7839,0.038817,0,0,0,,,,
C,7840,0.040162,0,0,0,,,,
C,7841,0.040812,0,0,0,,,,
C,7842,0.035138,0,0,0,,,,
C,7843,0.036452,0,0,0,,,,
C,7844,0.036048,0,0,0,,,,
C,7845,0.036226,0,0,0,,,,
C,7846,0.037763,0,0,0,,,,
C,7847,0.041583,0,0,0,,,,
C,7848,0.036541,0,0,0,,,,
C,7849,0.039157,0,0,0,,,,
C,7850,0.040345,0,0,0,,,,
C,7851,0.036958,0,0,0,,,,
C,7852,0.037372,0,0,0,,,,
C,7853,0.037743,0,0,0,,,,
C,7854,0.035974,0,0,0,,,,
C,7855,0.036379,0,0,0,,,,
C,7856,0.036485,0,0,0,,,,
C,7857,0.036364,0,0,0,,,,
C,7858,0.037243,0,0,0,,,,
C,7859,0.035644,0,0,0,,,,
C,7860,0.036604,0,0,0,,,,
C,7861,0.034965,0,0,0,,,,
C,7862,0.035172,0,0,0,,,,
C,7863,0.035514,0,0,0,,,,
C,7864,0.036048,0,0,0,,,,
C,7865,0.035389,0,0,0,,,,
C,7866,0.036521,0,0,0,,,,
C,7867,0.035037,0,0,0,,,,
C,7868,0.035556,0,0,0,,,,
C,7869,0.036201,0,0,0,,,,
C,7870,0.053958,0,0,0,,,,
C,7871,0.036884,0,0,0,,,,
C,7872,0.039129,0,0,0,,,,
C,7873,0.038474,0,0,0,,,,
C,7874,0.037556,0,0,0,,,,
C,7875,0.041923,0,0,0,,,,
C,7876,0.036510,0,0,0,,,,
C,7877,0.042551,0,0,0,,,,
C,7878,0.037044,0,0,0,,,,
C,7879,0.036578,0,0,0,,,,
C,7880,0.036843,0,0,0,,,,
C,7881,0.037672,0,0,0,,,,
C,7882,0.041678,0,0,0,,,,
C,7883,0.036114,0,0,0,,,,
C,7884,0.036778,0,0,0,,,,
C,7885,0.036118,0,0,0,,,,
C,7886,0.036667,0,0,0,,,,
C,7887,0.036091,0,0,0,,,,
C,7888,0.035522,0,0,0,,,,
C,7889,0.035992,0,0,0,,,,
C,7890,0.037269,0,0,0,,,,
C,7891,0.038011,0,0,0,,,,
C,7892,0.038211,0,0,0,,,,
C,7893,0.038295,0,0,0,,,,
C,7894,0.036568,0,0,0,,,,
C,7895,0.037060,0,0,0,,,,
C,7896,0.036442,0,0,0,,,,
C,7897,0.036988,0,0,0,,,,
C,7898,0.035975,0,0,0,,,,
C,7899,0.040166,0,0,0,,,,
C,7900,0.036084,0,0,0,,,,
C,7901,0.036061,0,0,0,,,,
C,7902,0.038632,0,0,0,,,,
C,7903,0.046755,0,0,0,,,,
C,7904,0.037393,0,0,0,,,,
C,7905,0.036706,0,0,0,,,,
C,7906,0.037303,0,0,0,,,,
C,7907,0.036598,0,0,0,,,,
C,7908,0.037157,0,0,0,,,,
C,7909,0.037284,0,0,0,,,,
C,7910,0.037219,0,0,0,,,,
C,7911,0.036226,0,0,0,,,,
C,7912,0.036991,0,0,0,,,,
C,7913,0.036265,0,0,0,,,,
C,7914,0.035884,0,0,0,,,,
C,7915,0.036045,0,0,0,,,,
C,7916,0.035776,0,0,0,,,,
C,7917,0.037746,0,0,0,,,,
C,7918,0.035975,0,0,0,,,,
C,7919,0.037452,0,0,0,,,,
C,7920,0.037750,0,0,0,,,,
C,7921,0.036854,0,0,0,,,,
C,7922,0.037261,0,0,0,,,,
C,7923,0.038407,0,0,0,,,,
C,7924,0.037014,0,0,0,,,,
C,7925,0.037818,0,0,0,,,,
C,7926,0.036890,0,0,0,,,,
C,7927,0.037344,0,0,0,,,,
C,7928,0.037475,0,0,0,,,,
C,7929,0.036689,0,0,0,,,,
C,7930,0.036839,0,0,0,,,,
C,7931,0.035805,0,0,0,,,,
C,7932,0.035844,0,0,0,,,,
C,7933,0.036599,0,0,0,,,,
C,7934,0.037474,0,0,0,,,,
C,7935,0.039175,0,0,0,,,,
C,7936,0.035700,0,0,0,,,,
C,7937,0.037148,0,0,0,,,,
C,7938,0.035608,0,0,0,,,,
C,7939,0.035939,0,0,0,,,,
C,7940,0.036215,0,0,0,,,,
C,7941,0.036377,0,0,0,,,,
C,7942,0.035699,0,0,0,,,,
C,7943,0.035684,0,0,0,,,,
C,7944,0.036132,0,0,0,,,,
C,7945,0.035772,0,0,0,,,,
C,7946,0.035972,0,0,0,,,,
C,7947,0.039329,0,0,0,,,,
C,7948,0.063994,0,0,0,,,,
C,7949,0.039154,0,0,0,,,,
C,7950,0.040544,0,0,0,,,,
C,7951,0.041277,0,0,0,,,,
C,7952,0.037998,0,0,0,,,,
C,7953,0.040427,0,0,0,,,,
C,7954,0.041047,0,0,0,,,,
C,7955,0.038268,0,0,0,,,,
C,7956,0.038205,0,0,0,,,,
C,7957,0.037954,0,0,0,,,,
C,7958,0.040719,0,0,0,,,,
C,7959,0.038117,0,0,0,,,,
C,7960,0.044621,0,0,0,,,,
C,7961,0.037480,0,0,0,,,,
C,7962,0.036920,0,0,0,,,,
C,7963,0.036722,0,0,0,,,,
C,7964,0.035973,0,0,0,,,,
C,7965,0.036136,0,0,0,,,,
C,7966,0.036292,0,0,0,,,,
C,7967,0.039528,0,0,0,,,,
C,7968,0.036791,0,0,0,,,,
C,7969,0.036388,0,0,0,,,,
C,7970,0.037576,0,0,0,,,,
C,7971,0.037153,0,0,0,,,,
C,7972,0.036966,0,0,0,,,,
C,7973,0.038658,0,0,0,,,,
C,7974,0.036996,0,0,0,,,,
C,7975,0.038345,0,0,0,,,,
C,7976,0.041102,0,0,0,,,,
C,7977,0.042987,0,0,0,,,,
C,7978,0.040235,0,0,0,,,,
C,7979,0.039209,0,0,0,,,,
C,7980,0.042992,0,0,0,,,,
C,7981,0.047207,0,0,0,,,,
C,7982,0.042280,0,0,0,,,,
C,7983,0.041896,0,0,0,,,,
C,7984,0.041709,0,0,0,,,,
C,7985,0.045296,0,0,0,,,,
C,7986,0.048297,0,0,0,,,,
C,7987,0.043185,0,0,0,,,,
C,7988,0.043490,0,0,0,,,,
C,7989,0.049627,0,0,0,,,,
C,7990,0.041175,0,0,0,,,,
C,7991,0.036446,0,0,0,,,,
C,7992,0.036491,0,0,0,,,,
C,7993,0.036614,0,0,0,,,,
C,7994,0.036246,0,0,0,,,,
C,7995,0.036289,0,0,0,,,,
C,7996,0.036198,0,0,0,,,,
C,7997,0.036565,0,0,0,,,,
C,7998,0.036330,0,0,0,,,,
C,7999,0.036799,0,0,0,,,,
C,8000,0.039089,0,0,0,204.8,4.856e-11,"{'checked': 26, 'zsx_rejected': 6, 'default_rejected': 0, 'closed_form_forced': 0, 'inexact': 9, 'exact_rebuilt': 0, 'best_effort': 0, 'best_effort_worst': 0.0, 'psf_rerouted': 0, 'psf_rerouted_worst_residual': 0.0}",481
C,8001,0.037406,0,0,0,,,,
C,8002,0.052833,0,0,0,,,,
C,8003,0.043049,0,0,0,,,,
C,8004,0.048136,0,0,0,,,,
C,8005,0.048048,0,0,0,,,,
C,8006,0.048520,0,0,0,,,,
C,8007,0.046537,0,0,0,,,,
C,8008,0.050300,0,0,0,,,,
C,8009,0.037152,0,0,0,,,,
C,8010,0.041577,0,0,0,,,,
C,8011,0.037635,0,0,0,,,,
C,8012,0.036565,0,0,0,,,,
C,8013,0.036636,0,0,0,,,,
C,8014,0.037120,0,0,0,,,,
C,8015,0.036023,0,0,0,,,,
C,8016,0.036802,0,0,0,,,,
C,8017,0.035818,0,0,0,,,,
C,8018,0.036201,0,0,0,,,,
C,8019,0.036447,0,0,0,,,,
C,8020,0.036724,0,0,0,,,,
C,8021,0.037169,0,0,0,,,,
C,8022,0.038045,0,0,0,,,,
C,8023,0.037957,0,0,0,,,,
C,8024,0.036849,0,0,0,,,,
C,8025,0.038153,0,0,0,,,,
C,8026,0.038430,0,0,0,,,,
C,8027,0.037665,0,0,0,,,,
C,8028,0.039526,0,0,0,,,,
C,8029,0.039817,0,0,0,,,,
C,8030,0.037803,0,0,0,,,,
C,8031,0.041649,0,0,0,,,,
C,8032,0.037246,0,0,0,,,,
C,8033,0.036945,0,0,0,,,,
C,8034,0.036598,0,0,0,,,,
C,8035,0.036742,0,0,0,,,,
C,8036,0.037982,0,0,0,,,,
C,8037,0.037368,0,0,0,,,,
C,8038,0.037921,0,0,0,,,,
C,8039,0.038968,0,0,0,,,,
C,8040,0.037610,0,0,0,,,,
C,8041,0.038672,0,0,0,,,,
C,8042,0.037887,0,0,0,,,,
C,8043,0.037683,0,0,0,,,,
C,8044,0.037199,0,0,0,,,,
C,8045,0.037935,0,0,0,,,,
C,8046,0.037969,0,0,0,,,,
C,8047,0.038540,0,0,0,,,,
C,8048,0.036753,0,0,0,,,,
C,8049,0.038361,0,0,0,,,,
C,8050,0.038233,0,0,0,,,,
C,8051,0.037631,0,0,0,,,,
C,8052,0.037595,0,0,0,,,,
C,8053,0.037303,0,0,0,,,,
C,8054,0.046658,0,0,0,,,,
C,8055,0.044076,0,0,0,,,,
C,8056,0.037577,0,0,0,,,,
C,8057,0.040810,0,0,0,,,,
C,8058,0.036024,0,0,0,,,,
C,8059,0.036621,0,0,0,,,,
C,8060,0.045059,0,0,0,,,,
C,8061,0.035937,0,0,0,,,,
C,8062,0.036749,0,0,0,,,,
C,8063,0.036531,0,0,0,,,,
C,8064,0.036535,0,0,0,,,,
C,8065,0.035872,0,0,0,,,,
C,8066,0.038276,0,0,0,,,,
C,8067,0.037348,0,0,0,,,,
C,8068,0.039079,0,0,0,,,,
C,8069,0.039769,0,0,0,,,,
C,8070,0.039804,0,0,0,,,,
C,8071,0.037249,0,0,0,,,,
C,8072,0.038492,0,0,0,,,,
C,8073,0.038856,0,0,0,,,,
C,8074,0.040014,0,0,0,,,,
C,8075,0.038175,0,0,0,,,,
C,8076,0.037655,0,0,0,,,,
C,8077,0.045867,0,0,0,,,,
C,8078,0.045355,0,0,0,,,,
C,8079,0.042824,0,0,0,,,,
C,8080,0.040898,0,0,0,,,,
C,8081,0.039260,0,0,0,,,,
C,8082,0.050568,0,0,0,,,,
C,8083,0.044095,0,0,0,,,,
C,8084,0.037695,0,0,0,,,,
C,8085,0.038130,0,0,0,,,,
C,8086,0.040838,0,0,0,,,,
C,8087,0.042383,0,0,0,,,,
C,8088,0.045168,0,0,0,,,,
C,8089,0.041141,0,0,0,,,,
C,8090,0.037669,0,0,0,,,,
C,8091,0.037137,0,0,0,,,,
C,8092,0.038584,0,0,0,,,,
C,8093,0.037488,0,0,0,,,,
C,8094,0.038202,0,0,0,,,,
C,8095,0.036655,0,0,0,,,,
C,8096,0.036816,0,0,0,,,,
C,8097,0.042719,0,0,0,,,,
C,8098,0.036818,0,0,0,,,,
C,8099,0.037318,0,0,0,,,,
C,8100,0.037056,0,0,0,,,,
C,8101,0.039028,0,0,0,,,,
C,8102,0.036643,0,0,0,,,,
C,8103,0.039169,0,0,0,,,,
C,8104,0.037738,0,0,0,,,,
C,8105,0.038241,0,0,0,,,,
C,8106,0.037899,0,0,0,,,,
C,8107,0.037243,0,0,0,,,,
C,8108,0.038157,0,0,0,,,,
C,8109,0.041654,0,0,0,,,,
C,8110,0.037871,0,0,0,,,,
C,8111,0.037878,0,0,0,,,,
C,8112,0.038289,0,0,0,,,,
C,8113,0.037970,0,0,0,,,,
C,8114,0.037905,0,0,0,,,,
C,8115,0.038773,0,0,0,,,,
C,8116,0.037437,0,0,0,,,,
C,8117,0.037975,0,0,0,,,,
C,8118,0.037537,0,0,0,,,,
C,8119,0.037520,0,0,0,,,,
C,8120,0.038596,0,0,0,,,,
C,8121,0.038276,0,0,0,,,,
C,8122,0.037533,0,0,0,,,,
C,8123,0.037804,0,0,0,,,,
C,8124,0.037719,0,0,0,,,,
C,8125,0.038379,0,0,0,,,,
C,8126,0.038273,0,0,0,,,,
C,8127,0.037426,0,0,0,,,,
C,8128,0.038246,0,0,0,,,,
C,8129,0.037887,0,0,0,,,,
C,8130,0.037885,0,0,0,,,,
C,8131,0.037788,0,0,0,,,,
C,8132,0.037923,0,0,0,,,,
C,8133,0.037670,0,0,0,,,,
C,8134,0.038230,0,0,0,,,,
C,8135,0.037332,0,0,0,,,,
C,8136,0.038008,0,0,0,,,,
C,8137,0.038360,0,0,0,,,,
C,8138,0.037843,0,0,0,,,,
C,8139,0.038786,0,0,0,,,,
C,8140,0.042606,0,0,0,,,,
C,8141,0.038072,0,0,0,,,,
C,8142,0.037115,0,0,0,,,,
C,8143,0.042702,0,0,0,,,,
C,8144,0.038482,0,0,0,,,,
C,8145,0.038354,0,0,0,,,,
C,8146,0.036742,0,0,0,,,,
C,8147,0.038709,0,0,0,,,,
C,8148,0.040265,0,0,0,,,,
C,8149,0.040653,0,0,0,,,,
C,8150,0.040850,0,0,0,,,,
C,8151,0.037238,0,0,0,,,,
C,8152,0.037354,0,0,0,,,,
C,8153,0.041920,0,0,0,,,,
C,8154,0.044455,0,0,0,,,,
C,8155,0.040354,0,0,0,,,,
C,8156,0.046971,0,0,0,,,,
C,8157,0.039984,0,0,0,,,,
C,8158,0.049006,0,0,0,,,,
C,8159,0.039777,0,0,0,,,,
C,8160,0.041532,0,0,0,,,,
C,8161,0.037174,0,0,0,,,,
C,8162,0.038394,0,0,0,,,,
C,8163,0.043424,0,0,0,,,,
C,8164,0.038589,0,0,0,,,,
C,8165,0.036679,0,0,0,,,,
C,8166,0.039352,0,0,0,,,,
C,8167,0.038667,0,0,0,,,,
C,8168,0.041568,0,0,0,,,,
C,8169,0.039184,0,0,0,,,,
C,8170,0.038400,0,0,0,,,,
C,8171,0.036876,0,0,0,,,,
C,8172,0.039625,0,0,0,,,,
C,8173,0.036759,0,0,0,,,,
C,8174,0.036960,0,0,0,,,,
C,8175,0.045096,0,0,0,,,,
C,8176,0.037654,0,0,0,,,,
C,8177,0.039517,0,0,0,,,,
C,8178,0.039480,0,0,0,,,,
C,8179,0.036033,0,0,0,,,,
C,8180,0.035598,0,0,0,,,,
C,8181,0.037073,0,0,0,,,,
C,8182,0.035448,0,0,0,,,,
C,8183,0.043128,0,0,0,,,,
C,8184,0.046583,0,0,0,,,,
C,8185,0.037122,0,0,0,,,,
C,8186,0.035918,0,0,0,,,,
C,8187,0.035626,0,0,0,,,,
C,8188,0.035728,0,0,0,,,,
C,8189,0.036339,0,0,0,,,,
C,8190,0.036972,0,0,0,,,,
C,8191,0.036529,0,0,0,,,,
C,8192,0.037394,0,0,0,,,,
C,8193,0.037796,0,0,0,,,,
C,8194,0.036273,0,0,0,,,,
C,8195,0.036757,0,0,0,,,,
C,8196,0.036206,0,0,0,,,,
C,8197,0.035824,0,0,0,,,,
C,8198,0.040431,0,0,0,,,,
C,8199,0.036712,0,0,0,,,,
C,8200,0.042207,0,0,0,,,,
C,8201,0.041054,0,0,0,,,,
C,8202,0.044943,0,0,0,,,,
C,8203,0.035405,0,0,0,,,,
C,8204,0.039665,0,0,0,,,,
C,8205,0.036272,0,0,0,,,,
C,8206,0.035098,0,0,0,,,,
C,8207,0.038391,0,0,0,,,,
C,8208,0.037106,0,0,0,,,,
C,8209,0.038602,0,0,0,,,,
C,8210,0.038575,0,0,0,,,,
C,8211,0.036230,0,0,0,,,,
C,8212,0.035858,0,0,0,,,,
C,8213,0.036386,0,0,0,,,,
C,8214,0.040014,0,0,0,,,,
C,8215,0.042384,0,0,0,,,,
C,8216,0.041473,0,0,0,,,,
C,8217,0.036316,0,0,0,,,,
C,8218,0.038541,0,0,0,,,,
C,8219,0.038631,0,0,0,,,,
C,8220,0.038160,0,0,0,,,,
C,8221,0.038309,0,0,0,,,,
C,8222,0.040554,0,0,0,,,,
C,8223,0.035851,0,0,0,,,,
C,8224,0.036142,0,0,0,,,,
C,8225,0.035308,0,0,0,,,,
C,8226,0.036009,0,0,0,,,,
C,8227,0.035142,0,0,0,,,,
C,8228,0.035318,0,0,0,,,,
C,8229,0.043268,0,0,0,,,,
C,8230,0.038085,0,0,0,,,,
C,8231,0.037916,0,0,0,,,,
C,8232,0.041146,0,0,0,,,,
C,8233,0.042977,0,0,0,,,,
C,8234,0.038767,0,0,0,,,,
C,8235,0.039972,0,0,0,,,,
C,8236,0.037040,0,0,0,,,,
C,8237,0.037670,0,0,0,,,,
C,8238,0.038084,0,0,0,,,,
C,8239,0.042621,0,0,0,,,,
C,8240,0.038976,0,0,0,,,,
C,8241,0.039414,0,0,0,,,,
C,8242,0.037071,0,0,0,,,,
C,8243,0.037210,0,0,0,,,,
C,8244,0.036514,0,0,0,,,,
C,8245,0.036636,0,0,0,,,,
C,8246,0.037029,0,0,0,,,,
C,8247,0.038219,0,0,0,,,,
C,8248,0.041748,0,0,0,,,,
C,8249,0.038002,0,0,0,,,,
C,8250,0.047760,0,0,0,,,,
C,8251,0.037545,0,0,0,,,,
C,8252,0.036122,0,0,0,,,,
C,8253,0.035130,0,0,0,,,,
C,8254,0.037883,0,0,0,,,,
C,8255,0.040622,0,0,0,,,,
C,8256,0.040714,0,0,0,,,,
C,8257,0.035802,0,0,0,,,,
C,8258,0.035720,0,0,0,,,,
C,8259,0.035513,0,0,0,,,,
C,8260,0.035457,0,0,0,,,,
C,8261,0.035242,0,0,0,,,,
C,8262,0.035043,0,0,0,,,,
C,8263,0.035627,0,0,0,,,,
C,8264,0.036113,0,0,0,,,,
C,8265,0.035600,0,0,0,,,,
C,8266,0.037341,0,0,0,,,,
C,8267,0.040662,0,0,0,,,,
C,8268,0.035858,0,0,0,,,,
C,8269,0.038984,0,0,0,,,,
C,8270,0.041270,0,0,0,,,,
C,8271,0.034653,0,0,0,,,,
C,8272,0.037954,0,0,0,,,,
C,8273,0.038009,0,0,0,,,,
C,8274,0.035406,0,0,0,,,,
C,8275,0.040412,0,0,0,,,,
C,8276,0.036130,0,0,0,,,,
C,8277,0.039394,0,0,0,,,,
C,8278,0.037514,0,0,0,,,,
C,8279,0.036067,0,0,0,,,,
C,8280,0.037635,0,0,0,,,,
C,8281,0.036114,0,0,0,,,,
C,8282,0.036870,0,0,0,,,,
C,8283,0.036656,0,0,0,,,,
C,8284,0.039134,0,0,0,,,,
C,8285,0.035539,0,0,0,,,,
C,8286,0.038579,0,0,0,,,,
C,8287,0.035937,0,0,0,,,,
C,8288,0.043634,0,0,0,,,,
C,8289,0.040800,0,0,0,,,,
C,8290,0.035186,0,0,0,,,,
C,8291,0.036482,0,0,0,,,,
C,8292,0.036007,0,0,0,,,,
C,8293,0.037580,0,0,0,,,,
C,8294,0.043258,0,0,0,,,,
C,8295,0.037498,0,0,0,,,,
C,8296,0.037097,0,0,0,,,,
C,8297,0.035176,0,0,0,,,,
C,8298,0.036325,0,0,0,,,,
C,8299,0.035855,0,0,0,,,,
C,8300,0.035243,0,0,0,,,,
C,8301,0.036632,0,0,0,,,,
C,8302,0.036494,0,0,0,,,,
C,8303,0.039137,0,0,0,,,,
C,8304,0.036329,0,0,0,,,,
C,8305,0.035667,0,0,0,,,,
C,8306,0.037188,0,0,0,,,,
C,8307,0.038758,0,0,0,,,,
C,8308,0.039019,0,0,0,,,,
C,8309,0.035787,0,0,0,,,,
C,8310,0.036242,0,0,0,,,,
C,8311,0.037720,0,0,0,,,,
C,8312,0.042496,0,0,0,,,,
C,8313,0.036097,0,0,0,,,,
C,8314,0.036063,0,0,0,,,,
C,8315,0.035692,0,0,0,,,,
C,8316,0.035438,0,0,0,,,,
C,8317,0.035957,0,0,0,,,,
C,8318,0.035188,0,0,0,,,,
C,8319,0.035030,0,0,0,,,,
C,8320,0.040572,0,0,0,,,,
C,8321,0.035210,0,0,0,,,,
C,8322,0.037425,0,0,0,,,,
C,8323,0.035096,0,0,0,,,,
C,8324,0.036068,0,0,0,,,,
C,8325,0.054290,0,0,0,,,,
C,8326,0.043222,0,0,0,,,,
C,8327,0.038071,0,0,0,,,,
C,8328,0.037554,0,0,0,,,,
C,8329,0.038275,0,0,0,,,,
C,8330,0.035993,0,0,0,,,,
C,8331,0.039432,0,0,0,,,,
C,8332,0.040449,0,0,0,,,,
C,8333,0.036219,0,0,0,,,,
C,8334,0.036110,0,0,0,,,,
C,8335,0.054641,0,0,0,,,,
C,8336,0.043756,0,0,0,,,,
C,8337,0.056581,0,0,0,,,,
C,8338,0.046878,0,0,0,,,,
C,8339,0.038258,0,0,0,,,,
C,8340,0.038009,0,0,0,,,,
C,8341,0.044904,0,0,0,,,,
C,8342,0.037432,0,0,0,,,,
C,8343,0.037069,0,0,0,,,,
C,8344,0.037009,0,0,0,,,,
C,8345,0.036958,0,0,0,,,,
C,8346,0.038701,0,0,0,,,,
C,8347,0.037256,0,0,0,,,,
C,8348,0.039347,0,0,0,,,,
C,8349,0.036828,0,0,0,,,,
C,8350,0.037552,0,0,0,,,,
C,8351,0.036983,0,0,0,,,,
C,8352,0.037234,0,0,0,,,,
C,8353,0.037065,0,0,0,,,,
C,8354,0.039286,0,0,0,,,,
C,8355,0.039021,0,0,0,,,,
C,8356,0.041730,0,0,0,,,,
C,8357,0.039459,0,0,0,,,,
C,8358,0.037061,0,0,0,,,,
C,8359,0.037602,0,0,0,,,,
C,8360,0.038767,0,0,0,,,,
C,8361,0.037244,0,0,0,,,,
C,8362,0.038177,0,0,0,,,,
C,8363,0.036876,0,0,0,,,,
C,8364,0.036823,0,0,0,,,,
C,8365,0.037344,0,0,0,,,,
C,8366,0.040369,0,0,0,,,,
C,8367,0.037463,0,0,0,,,,
C,8368,0.037722,0,0,0,,,,
C,8369,0.038657,0,0,0,,,,
C,8370,0.037283,0,0,0,,,,
C,8371,0.036390,0,0,0,,,,
C,8372,0.036800,0,0,0,,,,
C,8373,0.037509,0,0,0,,,,
C,8374,0.037245,0,0,0,,,,
C,8375,0.037566,0,0,0,,,,
C,8376,0.036672,0,0,0,,,,
C,8377,0.038352,0,0,0,,,,
C,8378,0.037302,0,0,0,,,,
C,8379,0.036639,0,0,0,,,,
C,8380,0.036080,0,0,0,,,,
C,8381,0.036889,0,0,0,,,,
C,8382,0.037965,0,0,0,,,,
C,8383,0.036500,0,0,0,,,,
C,8384,0.036789,0,0,0,,,,
C,8385,0.037457,0,0,0,,,,
C,8386,0.036482,0,0,0,,,,
C,8387,0.036859,0,0,0,,,,
C,8388,0.037360,0,0,0,,,,
C,8389,0.037028,0,0,0,,,,
C,8390,0.037777,0,0,0,,,,
C,8391,0.043492,0,0,0,,,,
C,8392,0.039308,0,0,0,,,,
C,8393,0.037863,0,0,0,,,,
C,8394,0.038192,0,0,0,,,,
C,8395,0.036345,0,0,0,,,,
C,8396,0.037764,0,0,0,,,,
C,8397,0.036683,0,0,0,,,,
C,8398,0.036177,0,0,0,,,,
C,8399,0.036866,0,0,0,,,,
C,8400,0.035735,0,0,0,,,,
C,8401,0.035492,0,0,0,,,,
C,8402,0.036829,0,0,0,,,,
C,8403,0.037039,0,0,0,,,,
C,8404,0.037638,0,0,0,,,,
C,8405,0.038991,0,0,0,,,,
C,8406,0.036479,0,0,0,,,,
C,8407,0.036663,0,0,0,,,,
C,8408,0.039661,0,0,0,,,,
C,8409,0.037784,0,0,0,,,,
C,8410,0.036663,0,0,0,,,,
C,8411,0.038800,0,0,0,,,,
C,8412,0.038355,0,0,0,,,,
C,8413,0.038580,0,0,0,,,,
C,8414,0.038410,0,0,0,,,,
C,8415,0.038541,0,0,0,,,,
C,8416,0.038582,0,0,0,,,,
C,8417,0.037220,0,0,0,,,,
C,8418,0.037184,0,0,0,,,,
C,8419,0.037361,0,0,0,,,,
C,8420,0.037388,0,0,0,,,,
C,8421,0.037363,0,0,0,,,,
C,8422,0.037662,0,0,0,,,,
C,8423,0.036986,0,0,0,,,,
C,8424,0.036770,0,0,0,,,,
C,8425,0.039556,0,0,0,,,,
C,8426,0.036901,0,0,0,,,,
C,8427,0.037767,0,0,0,,,,
C,8428,0.040368,0,0,0,,,,
C,8429,0.036685,0,0,0,,,,
C,8430,0.038128,0,0,0,,,,
C,8431,0.040661,0,0,0,,,,
C,8432,0.042469,0,0,0,,,,
C,8433,0.036077,0,0,0,,,,
C,8434,0.037053,0,0,0,,,,
C,8435,0.037599,0,0,0,,,,
C,8436,0.035932,0,0,0,,,,
C,8437,0.036487,0,0,0,,,,
C,8438,0.035993,0,0,0,,,,
C,8439,0.035648,0,0,0,,,,
C,8440,0.044230,0,0,0,,,,
C,8441,0.037160,0,0,0,,,,
C,8442,0.039900,0,0,0,,,,
C,8443,0.044423,0,0,0,,,,
C,8444,0.039995,0,0,0,,,,
C,8445,0.041246,0,0,0,,,,
C,8446,0.036406,0,0,0,,,,
C,8447,0.036198,0,0,0,,,,
C,8448,0.037963,0,0,0,,,,
C,8449,0.039291,0,0,0,,,,
C,8450,0.036414,0,0,0,,,,
C,8451,0.042879,0,0,0,,,,
C,8452,0.045763,0,0,0,,,,
C,8453,0.037539,0,0,0,,,,
C,8454,0.036089,0,0,0,,,,
C,8455,0.039003,0,0,0,,,,
C,8456,0.036594,0,0,0,,,,
C,8457,0.035805,0,0,0,,,,
C,8458,0.040988,0,0,0,,,,
C,8459,0.036435,0,0,0,,,,
C,8460,0.035898,0,0,0,,,,
C,8461,0.036248,0,0,0,,,,
C,8462,0.036274,0,0,0,,,,
C,8463,0.038219,0,0,0,,,,
C,8464,0.040370,0,0,0,,,,
C,8465,0.037555,0,0,0,,,,
C,8466,0.040876,0,0,0,,,,
C,8467,0.037446,0,0,0,,,,
C,8468,0.038079,0,0,0,,,,
C,8469,0.036113,0,0,0,,,,
C,8470,0.036640,0,0,0,,,,
C,8471,0.036925,0,0,0,,,,
C,8472,0.042976,0,0,0,,,,
C,8473,0.043019,0,0,0,,,,
C,8474,0.036972,0,0,0,,,,
C,8475,0.041228,0,0,0,,,,
C,8476,0.039698,0,0,0,,,,
C,8477,0.047216,0,0,0,,,,
C,8478,0.037666,0,0,0,,,,
C,8479,0.041917,0,0,0,,,,
C,8480,0.038992,0,0,0,,,,
C,8481,0.037052,0,0,0,,,,
C,8482,0.036768,0,0,0,,,,
C,8483,0.035753,0,0,0,,,,
C,8484,0.036003,0,0,0,,,,
C,8485,0.037247,0,0,0,,,,
C,8486,0.035528,0,0,0,,,,
C,8487,0.035903,0,0,0,,,,
C,8488,0.036458,0,0,0,,,,
C,8489,0.036977,0,0,0,,,,
C,8490,0.043331,0,0,0,,,,
C,8491,0.039288,0,0,0,,,,
C,8492,0.036810,0,0,0,,,,
C,8493,0.038893,0,0,0,,,,
C,8494,0.037472,0,0,0,,,,
C,8495,0.040242,0,0,0,,,,
C,8496,0.040946,0,0,0,,,,
C,8497,0.050092,0,0,0,,,,
C,8498,0.047315,0,0,0,,,,
C,8499,0.040252,0,0,0,,,,
C,8500,0.037730,0,0,0,,,,
C,8501,0.042198,0,0,0,,,,
C,8502,0.041564,0,0,0,,,,
C,8503,0.044506,0,0,0,,,,
C,8504,0.039890,0,0,0,,,,
C,8505,0.039208,0,0,0,,,,
C,8506,0.039834,0,0,0,,,,
C,8507,0.037130,0,0,0,,,,
C,8508,0.038683,0,0,0,,,,
C,8509,0.037811,0,0,0,,,,
C,8510,0.039222,0,0,0,,,,
C,8511,0.049509,0,0,0,,,,
C,8512,0.035912,0,0,0,,,,
C,8513,0.037556,0,0,0,,,,
C,8514,0.040135,0,0,0,,,,
C,8515,0.041625,0,0,0,,,,
C,8516,0.044932,0,0,0,,,,
C,8517,0.036348,0,0,0,,,,
C,8518,0.036362,0,0,0,,,,
C,8519,0.045150,0,0,0,,,,
C,8520,0.039092,0,0,0,,,,
C,8521,0.038362,0,0,0,,,,
C,8522,0.038941,0,0,0,,,,
C,8523,0.041998,0,0,0,,,,
C,8524,0.037434,0,0,0,,,,
C,8525,0.037583,0,0,0,,,,
C,8526,0.036430,0,0,0,,,,
C,8527,0.042434,0,0,0,,,,
C,8528,0.049076,0,0,0,,,,
C,8529,0.041537,0,0,0,,,,
C,8530,0.048374,0,0,0,,,,
C,8531,0.051926,0,0,0,,,,
C,8532,0.036348,0,0,0,,,,
C,8533,0.040703,0,0,0,,,,
C,8534,0.038687,0,0,0,,,,
C,8535,0.045337,0,0,0,,,,
C,8536,0.042062,0,0,0,,,,
C,8537,0.046348,0,0,0,,,,
C,8538,0.039133,0,0,0,,,,
C,8539,0.037036,0,0,0,,,,
C,8540,0.037650,0,0,0,,,,
C,8541,0.037103,0,0,0,,,,
C,8542,0.037847,0,0,0,,,,
C,8543,0.037460,0,0,0,,,,
C,8544,0.038515,0,0,0,,,,
C,8545,0.038245,0,0,0,,,,
C,8546,0.073073,0,0,0,,,,
C,8547,0.038437,0,0,0,,,,
C,8548,0.040794,0,0,0,,,,
C,8549,0.046569,0,0,0,,,,
C,8550,0.039327,0,0,0,,,,
C,8551,0.038626,0,0,0,,,,
C,8552,0.037572,0,0,0,,,,
C,8553,0.036725,0,0,0,,,,
C,8554,0.040844,0,0,0,,,,
C,8555,0.038614,0,0,0,,,,
C,8556,0.036422,0,0,0,,,,
C,8557,0.037642,0,0,0,,,,
C,8558,0.048416,0,0,0,,,,
C,8559,0.036283,0,0,0,,,,
C,8560,0.037591,0,0,0,,,,
C,8561,0.035474,0,0,0,,,,
C,8562,0.035764,0,0,0,,,,
C,8563,0.036655,0,0,0,,,,
C,8564,0.041999,0,0,0,,,,
C,8565,0.043694,0,0,0,,,,
C,8566,0.036989,0,0,0,,,,
C,8567,0.040421,0,0,0,,,,
C,8568,0.037021,0,0,0,,,,
C,8569,0.038202,0,0,0,,,,
C,8570,0.043754,0,0,0,,,,
C,8571,0.039567,0,0,0,,,,
C,8572,0.038033,0,0,0,,,,
C,8573,0.036022,0,0,0,,,,
C,8574,0.036383,0,0,0,,,,
C,8575,0.036594,0,0,0,,,,
C,8576,0.062339,0,0,0,,,,
C,8577,0.039150,0,0,0,,,,
C,8578,0.038535,0,0,0,,,,
C,8579,0.039799,0,0,0,,,,
C,8580,0.039881,0,0,0,,,,
C,8581,0.035674,0,0,0,,,,
C,8582,0.037996,0,0,0,,,,
C,8583,0.038414,0,0,0,,,,
C,8584,0.038858,0,0,0,,,,
C,8585,0.036115,0,0,0,,,,
C,8586,0.038323,0,0,0,,,,
C,8587,0.043620,0,0,0,,,,
C,8588,0.036457,0,0,0,,,,
C,8589,0.037979,0,0,0,,,,
C,8590,0.039195,0,0,0,,,,
C,8591,0.035906,0,0,0,,,,
C,8592,0.035609,0,0,0,,,,
C,8593,0.036441,0,0,0,,,,
C,8594,0.036694,0,0,0,,,,
C,8595,0.035631,0,0,0,,,,
C,8596,0.035423,0,0,0,,,,
C,8597,0.036683,0,0,0,,,,
C,8598,0.036892,0,0,0,,,,
C,8599,0.036286,0,0,0,,,,
C,8600,0.036873,0,0,0,,,,
C,8601,0.037348,0,0,0,,,,
C,8602,0.036014,0,0,0,,,,
C,8603,0.036442,0,0,0,,,,
C,8604,0.036914,0,0,0,,,,
C,8605,0.039996,0,0,0,,,,
C,8606,0.037229,0,0,0,,,,
C,8607,0.037538,0,0,0,,,,
C,8608,0.045633,0,0,0,,,,
C,8609,0.040291,0,0,0,,,,
C,8610,0.038168,0,0,0,,,,
C,8611,0.042665,0,0,0,,,,
C,8612,0.039779,0,0,0,,,,
C,8613,0.037180,0,0,0,,,,
C,8614,0.039837,0,0,0,,,,
C,8615,0.039792,0,0,0,,,,
C,8616,0.034747,0,0,0,,,,
C,8617,0.037508,0,0,0,,,,
C,8618,0.042381,0,0,0,,,,
C,8619,0.037243,0,0,0,,,,
C,8620,0.035696,0,0,0,,,,
C,8621,0.037621,0,0,0,,,,
C,8622,0.035678,0,0,0,,,,
C,8623,0.035267,0,0,0,,,,
C,8624,0.038197,0,0,0,,,,
C,8625,0.037912,0,0,0,,,,
C,8626,0.036276,0,0,0,,,,
C,8627,0.035718,0,0,0,,,,
C,8628,0.035910,0,0,0,,,,
C,8629,0.035836,0,0,0,,,,
C,8630,0.040018,0,0,0,,,,
C,8631,0.035518,0,0,0,,,,
C,8632,0.035737,0,0,0,,,,
C,8633,0.037518,0,0,0,,,,
C,8634,0.034990,0,0,0,,,,
C,8635,0.034514,0,0,0,,,,
C,8636,0.034628,0,0,0,,,,
C,8637,0.036952,0,0,0,,,,
C,8638,0.037972,0,0,0,,,,
C,8639,0.041809,0,0,0,,,,
C,8640,0.036301,0,0,0,,,,
C,8641,0.035971,0,0,0,,,,
C,8642,0.039234,0,0,0,,,,
C,8643,0.035330,0,0,0,,,,
C,8644,0.035136,0,0,0,,,,
C,8645,0.035951,0,0,0,,,,
C,8646,0.036023,0,0,0,,,,
C,8647,0.037446,0,0,0,,,,
C,8648,0.037311,0,0,0,,,,
C,8649,0.066088,0,0,0,,,,
C,8650,0.052479,0,0,0,,,,
C,8651,0.038051,0,0,0,,,,
C,8652,0.038825,0,0,0,,,,
C,8653,0.039554,0,0,0,,,,
C,8654,0.038414,0,0,0,,,,
C,8655,0.039691,0,0,0,,,,
C,8656,0.037076,0,0,0,,,,
C,8657,0.040030,0,0,0,,,,
C,8658,0.036868,0,0,0,,,,
C,8659,0.036425,0,0,0,,,,
C,8660,0.038406,0,0,0,,,,
C,8661,0.036763,0,0,0,,,,
C,8662,0.037449,0,0,0,,,,
C,8663,0.046849,0,0,0,,,,
C,8664,0.036408,0,0,0,,,,
C,8665,0.037329,0,0,0,,,,
C,8666,0.037372,0,0,0,,,,
C,8667,0.036142,0,0,0,,,,
C,8668,0.037756,0,0,0,,,,
C,8669,0.036554,0,0,0,,,,
C,8670,0.037029,0,0,0,,,,
C,8671,0.036553,0,0,0,,,,
C,8672,0.038949,0,0,0,,,,
C,8673,0.037543,0,0,0,,,,
C,8674,0.036943,0,0,0,,,,
C,8675,0.037017,0,0,0,,,,
C,8676,0.036963,0,0,0,,,,
C,8677,0.037507,0,0,0,,,,
C,8678,0.037336,0,0,0,,,,
C,8679,0.037232,0,0,0,,,,
C,8680,0.038221,0,0,0,,,,
C,8681,0.037755,0,0,0,,,,
C,8682,0.036626,0,0,0,,,,
C,8683,0.036073,0,0,0,,,,
C,8684,0.038099,0,0,0,,,,
C,8685,0.036949,0,0,0,,,,
C,8686,0.036681,0,0,0,,,,
C,8687,0.043450,0,0,0,,,,
C,8688,0.037664,0,0,0,,,,
C,8689,0.037944,0,0,0,,,,
C,8690,0.035990,0,0,0,,,,
C,8691,0.037335,0,0,0,,,,
C,8692,0.036162,0,0,0,,,,
C,8693,0.036022,0,0,0,,,,
C,8694,0.037329,0,0,0,,,,
C,8695,0.043438,0,0,0,,,,
C,8696,0.036514,0,0,0,,,,
C,8697,0.036049,0,0,0,,,,
C,8698,0.035711,0,0,0,,,,
C,8699,0.036928,0,0,0,,,,
C,8700,0.035616,0,0,0,,,,
C,8701,0.035530,0,0,0,,,,
C,8702,0.036964,0,0,0,,,,
C,8703,0.035803,0,0,0,,,,
C,8704,0.036594,0,0,0,,,,
C,8705,0.037598,0,0,0,,,,
C,8706,0.036282,0,0,0,,,,
C,8707,0.037550,0,0,0,,,,
C,8708,0.036119,0,0,0,,,,
C,8709,0.035816,0,0,0,,,,
C,8710,0.035525,0,0,0,,,,
C,8711,0.036596,0,0,0,,,,
C,8712,0.048390,0,0,0,,,,
C,8713,0.037199,0,0,0,,,,
C,8714,0.037535,0,0,0,,,,
C,8715,0.035832,0,0,0,,,,
C,8716,0.035531,0,0,0,,,,
C,8717,0.035841,0,0,0,,,,
C,8718,0.036083,0,0,0,,,,
C,8719,0.036070,0,0,0,,,,
C,8720,0.036448,0,0,0,,,,
C,8721,0.035977,0,0,0,,,,
C,8722,0.036581,0,0,0,,,,
C,8723,0.036590,0,0,0,,,,
C,8724,0.039702,0,0,0,,,,
C,8725,0.036420,0,0,0,,,,
C,8726,0.036534,0,0,0,,,,
C,8727,0.035965,0,0,0,,,,
C,8728,0.036303,0,0,0,,,,
C,8729,0.035953,0,0,0,,,,
C,8730,0.035464,0,0,0,,,,
C,8731,0.036702,0,0,0,,,,
C,8732,0.038122,0,0,0,,,,
C,8733,0.039050,0,0,0,,,,
C,8734,0.042375,0,0,0,,,,
C,8735,0.038690,0,0,0,,,,
C,8736,0.038907,0,0,0,,,,
C,8737,0.037371,0,0,0,,,,
C,8738,0.036422,0,0,0,,,,
C,8739,0.035727,0,0,0,,,,
C,8740,0.035500,0,0,0,,,,
C,8741,0.035364,0,0,0,,,,
C,8742,0.035190,0,0,0,,,,
C,8743,0.036767,0,0,0,,,,
C,8744,0.036242,0,0,0,,,,
C,8745,0.035825,0,0,0,,,,
C,8746,0.043322,0,0,0,,,,
C,8747,0.035966,0,0,0,,,,
C,8748,0.036728,0,0,0,,,,
C,8749,0.036845,0,0,0,,,,
C,8750,0.035635,0,0,0,,,,
C,8751,0.035237,0,0,0,,,,
C,8752,0.035367,0,0,0,,,,
C,8753,0.036535,0,0,0,,,,
C,8754,0.035730,0,0,0,,,,
C,8755,0.035514,0,0,0,,,,
C,8756,0.035227,0,0,0,,,,
C,8757,0.035599,0,0,0,,,,
C,8758,0.038967,0,0,0,,,,
C,8759,0.035879,0,0,0,,,,
C,8760,0.037017,0,0,0,,,,
C,8761,0.036634,0,0,0,,,,
C,8762,0.035910,0,0,0,,,,
C,8763,0.036029,0,0,0,,,,
C,8764,0.036336,0,0,0,,,,
C,8765,0.036580,0,0,0,,,,
C,8766,0.037583,0,0,0,,,,
C,8767,0.038492,0,0,0,,,,
C,8768,0.039346,0,0,0,,,,
C,8769,0.037962,0,0,0,,,,
C,8770,0.039023,0,0,0,,,,
C,8771,0.037935,0,0,0,,,,
C,8772,0.037784,0,0,0,,,,
C,8773,0.037727,0,0,0,,,,
C,8774,0.039419,0,0,0,,,,
C,8775,0.037229,0,0,0,,,,
C,8776,0.046244,0,0,0,,,,
C,8777,0.042969,0,0,0,,,,
C,8778,0.042406,0,0,0,,,,
C,8779,0.043876,0,0,0,,,,
C,8780,0.048564,0,0,0,,,,
C,8781,0.038596,0,0,0,,,,
C,8782,0.037375,0,0,0,,,,
C,8783,0.036179,0,0,0,,,,
C,8784,0.036460,0,0,0,,,,
C,8785,0.036887,0,0,0,,,,
C,8786,0.035170,0,0,0,,,,
C,8787,0.035217,0,0,0,,,,
C,8788,0.036542,0,0,0,,,,
C,8789,0.036995,0,0,0,,,,
C,8790,0.035952,0,0,0,,,,
C,8791,0.036570,0,0,0,,,,
C,8792,0.036145,0,0,0,,,,
C,8793,0.036824,0,0,0,,,,
C,8794,0.035972,0,0,0,,,,
C,8795,0.036491,0,0,0,,,,
C,8796,0.036105,0,0,0,,,,
C,8797,0.036576,0,0,0,,,,
C,8798,0.039729,0,0,0,,,,
C,8799,0.042029,0,0,0,,,,
C,8800,0.036239,0,0,0,,,,
C,8801,0.036579,0,0,0,,,,
C,8802,0.035382,0,0,0,,,,
C,8803,0.036057,0,0,0,,,,
C,8804,0.036138,0,0,0,,,,
C,8805,0.036097,0,0,0,,,,
C,8806,0.035726,0,0,0,,,,
C,8807,0.035655,0,0,0,,,,
C,8808,0.036488,0,0,0,,,,
C,8809,0.115897,0,0,0,,,,
C,8810,0.050487,0,0,0,,,,
C,8811,0.045050,0,0,0,,,,
C,8812,0.047337,0,0,0,,,,
C,8813,0.037519,0,0,0,,,,
C,8814,0.037315,0,0,0,,,,
C,8815,0.038201,0,0,0,,,,
C,8816,0.042980,0,0,0,,,,
C,8817,0.037495,0,0,0,,,,
C,8818,0.037278,0,0,0,,,,
C,8819,0.039542,0,0,0,,,,
C,8820,0.038427,0,0,0,,,,
C,8821,0.036959,0,0,0,,,,
C,8822,0.036570,0,0,0,,,,
C,8823,0.036861,0,0,0,,,,
C,8824,0.037986,0,0,0,,,,
C,8825,0.037034,0,0,0,,,,
C,8826,0.039779,0,0,0,,,,
C,8827,0.036746,0,0,0,,,,
C,8828,0.036778,0,0,0,,,,
C,8829,0.036605,0,0,0,,,,
C,8830,0.037231,0,0,0,,,,
C,8831,0.036938,0,0,0,,,,
C,8832,0.036356,0,0,0,,,,
C,8833,0.036512,0,0,0,,,,
C,8834,0.036022,0,0,0,,,,
C,8835,0.038030,0,0,0,,,,
C,8836,0.037288,0,0,0,,,,
C,8837,0.036625,0,0,0,,,,
C,8838,0.036647,0,0,0,,,,
C,8839,0.036064,0,0,0,,,,
C,8840,0.036976,0,0,0,,,,
C,8841,0.037636,0,0,0,,,,
C,8842,0.036676,0,0,0,,,,
C,8843,0.037621,0,0,0,,,,
C,8844,0.036335,0,0,0,,,,
C,8845,0.036205,0,0,0,,,,
C,8846,0.035836,0,0,0,,,,
C,8847,0.039880,0,0,0,,,,
C,8848,0.035965,0,0,0,,,,
C,8849,0.036422,0,0,0,,,,
C,8850,0.035996,0,0,0,,,,
C,8851,0.037759,0,0,0,,,,
C,8852,0.036541,0,0,0,,,,
C,8853,0.036410,0,0,0,,,,
C,8854,0.038967,0,0,0,,,,
C,8855,0.036540,0,0,0,,,,
C,8856,0.037255,0,0,0,,,,
C,8857,0.035956,0,0,0,,,,
C,8858,0.036529,0,0,0,,,,
C,8859,0.036188,0,0,0,,,,
C,8860,0.036619,0,0,0,,,,
C,8861,0.037037,0,0,0,,,,
C,8862,0.037866,0,0,0,,,,
C,8863,0.039238,0,0,0,,,,
C,8864,0.036110,0,0,0,,,,
C,8865,0.037859,0,0,0,,,,
C,8866,0.036989,0,0,0,,,,
C,8867,0.036851,0,0,0,,,,
C,8868,0.037249,0,0,0,,,,
C,8869,0.037190,0,0,0,,,,
C,8870,0.037191,0,0,0,,,,
C,8871,0.038198,0,0,0,,,,
C,8872,0.040273,0,0,0,,,,
C,8873,0.036003,0,0,0,,,,
C,8874,0.037189,0,0,0,,,,
C,8875,0.038865,0,0,0,,,,
C,8876,0.041874,0,0,0,,,,
C,8877,0.037195,0,0,0,,,,
C,8878,0.037779,0,0,0,,,,
C,8879,0.037071,0,0,0,,,,
C,8880,0.036695,0,0,0,,,,
C,8881,0.037129,0,0,0,,,,
C,8882,0.036586,0,0,0,,,,
C,8883,0.036584,0,0,0,,,,
C,8884,0.096518,0,0,0,,,,
C,8885,0.037941,0,0,0,,,,
C,8886,0.037920,0,0,0,,,,
C,8887,0.042622,0,0,0,,,,
C,8888,0.037586,0,0,0,,,,
C,8889,0.037848,0,0,0,,,,
C,8890,0.037557,0,0,0,,,,
C,8891,0.036739,0,0,0,,,,
C,8892,0.035254,0,0,0,,,,
C,8893,0.040099,0,0,0,,,,
C,8894,0.036360,0,0,0,,,,
C,8895,0.036860,0,0,0,,,,
C,8896,0.035306,0,0,0,,,,
C,8897,0.039078,0,0,0,,,,
C,8898,0.036665,0,0,0,,,,
C,8899,0.035824,0,0,0,,,,
C,8900,0.035765,0,0,0,,,,
C,8901,0.039954,0,0,0,,,,
C,8902,0.035312,0,0,0,,,,
C,8903,0.040055,0,0,0,,,,
C,8904,0.044941,0,0,0,,,,
C,8905,0.036639,0,0,0,,,,
C,8906,0.036552,0,0,0,,,,
C,8907,0.042954,0,0,0,,,,
C,8908,0.040967,0,0,0,,,,
C,8909,0.044806,0,0,0,,,,
C,8910,0.041837,0,0,0,,,,
C,8911,0.040081,0,0,0,,,,
C,8912,0.036492,0,0,0,,,,
C,8913,0.036407,0,0,0,,,,
C,8914,0.037822,0,0,0,,,,
C,8915,0.036854,0,0,0,,,,
C,8916,0.041417,0,0,0,,,,
C,8917,0.035192,0,0,0,,,,
C,8918,0.036691,0,0,0,,,,
C,8919,0.040166,0,0,0,,,,
C,8920,0.039707,0,0,0,,,,
C,8921,0.036802,0,0,0,,,,
C,8922,0.037771,0,0,0,,,,
C,8923,0.036922,0,0,0,,,,
C,8924,0.035944,0,0,0,,,,
C,8925,0.035901,0,0,0,,,,
C,8926,0.036269,0,0,0,,,,
C,8927,0.036539,0,0,0,,,,
C,8928,0.036060,0,0,0,,,,
C,8929,0.035744,0,0,0,,,,
C,8930,0.038692,0,0,0,,,,
C,8931,0.036844,0,0,0,,,,
C,8932,0.036496,0,0,0,,,,
C,8933,0.035703,0,0,0,,,,
C,8934,0.035821,0,0,0,,,,
C,8935,0.036023,0,0,0,,,,
C,8936,0.035918,0,0,0,,,,
C,8937,0.035979,0,0,0,,,,
C,8938,0.035862,0,0,0,,,,
C,8939,0.035482,0,0,0,,,,
C,8940,0.035296,0,0,0,,,,
C,8941,0.036396,0,0,0,,,,
C,8942,0.035912,0,0,0,,,,
C,8943,0.036818,0,0,0,,,,
C,8944,0.035950,0,0,0,,,,
C,8945,0.036313,0,0,0,,,,
C,8946,0.035953,0,0,0,,,,
C,8947,0.035656,0,0,0,,,,
C,8948,0.036012,0,0,0,,,,
C,8949,0.036501,0,0,0,,,,
C,8950,0.035819,0,0,0,,,,
C,8951,0.036317,0,0,0,,,,
C,8952,0.036938,0,0,0,,,,
C,8953,0.036438,0,0,0,,,,
C,8954,0.036924,0,0,0,,,,
C,8955,0.035686,0,0,0,,,,
C,8956,0.035934,0,0,0,,,,
C,8957,0.036213,0,0,0,,,,
C,8958,0.036482,0,0,0,,,,
C,8959,0.035905,0,0,0,,,,
C,8960,0.036514,0,0,0,,,,
C,8961,0.037239,0,0,0,,,,
C,8962,0.036776,0,0,0,,,,
C,8963,0.036968,0,0,0,,,,
C,8964,0.035919,0,0,0,,,,
C,8965,0.037427,0,0,0,,,,
C,8966,0.037546,0,0,0,,,,
C,8967,0.036644,0,0,0,,,,
C,8968,0.036455,0,0,0,,,,
C,8969,0.036970,0,0,0,,,,
C,8970,0.037885,0,0,0,,,,
C,8971,0.036506,0,0,0,,,,
C,8972,0.036179,0,0,0,,,,
C,8973,0.036185,0,0,0,,,,
C,8974,0.036156,0,0,0,,,,
C,8975,0.035705,0,0,0,,,,
C,8976,0.035590,0,0,0,,,,
C,8977,0.036116,0,0,0,,,,
C,8978,0.036707,0,0,0,,,,
C,8979,0.036707,0,0,0,,,,
C,8980,0.040232,0,0,0,,,,
C,8981,0.036433,0,0,0,,,,
C,8982,0.036772,0,0,0,,,,
C,8983,0.035758,0,0,0,,,,
C,8984,0.035866,0,0,0,,,,
C,8985,0.036182,0,0,0,,,,
C,8986,0.036342,0,0,0,,,,
C,8987,0.036013,0,0,0,,,,
C,8988,0.036704,0,0,0,,,,
C,8989,0.036314,0,0,0,,,,
C,8990,0.036438,0,0,0,,,,
C,8991,0.036511,0,0,0,,,,
C,8992,0.036800,0,0,0,,,,
C,8993,0.036660,0,0,0,,,,
C,8994,0.036177,0,0,0,,,,
C,8995,0.036126,0,0,0,,,,
C,8996,0.038360,0,0,0,,,,
C,8997,0.037200,0,0,0,,,,
C,8998,0.036633,0,0,0,,,,
C,8999,0.036160,0,0,0,,,,
C,9000,0.036360,0,0,0,208.1,5.470e-11,"{'checked': 26, 'zsx_rejected': 6, 'default_rejected': 0, 'closed_form_forced': 0, 'inexact': 9, 'exact_rebuilt': 0, 'best_effort': 0, 'best_effort_worst': 0.0, 'psf_rerouted': 0, 'psf_rerouted_worst_residual': 0.0}",541
C,9001,0.036089,0,0,0,,,,
C,9002,0.036220,0,0,0,,,,
C,9003,0.035950,0,0,0,,,,
C,9004,0.036145,0,0,0,,,,
C,9005,0.035795,0,0,0,,,,
C,9006,0.035834,0,0,0,,,,
C,9007,0.036251,0,0,0,,,,
C,9008,0.036106,0,0,0,,,,
C,9009,0.036228,0,0,0,,,,
C,9010,0.036576,0,0,0,,,,
C,9011,0.036589,0,0,0,,,,
C,9012,0.036540,0,0,0,,,,
C,9013,0.036670,0,0,0,,,,
C,9014,0.036585,0,0,0,,,,
C,9015,0.036212,0,0,0,,,,
C,9016,0.036833,0,0,0,,,,
C,9017,0.036666,0,0,0,,,,
C,9018,0.036359,0,0,0,,,,
C,9019,0.035921,0,0,0,,,,
C,9020,0.036871,0,0,0,,,,
C,9021,0.036077,0,0,0,,,,
C,9022,0.035729,0,0,0,,,,
C,9023,0.041569,0,0,0,,,,
C,9024,0.046939,0,0,0,,,,
C,9025,0.046782,0,0,0,,,,
C,9026,0.039306,0,0,0,,,,
C,9027,0.050046,0,0,0,,,,
C,9028,0.037624,0,0,0,,,,
C,9029,0.037957,0,0,0,,,,
C,9030,0.039886,0,0,0,,,,
C,9031,0.038110,0,0,0,,,,
C,9032,0.038728,0,0,0,,,,
C,9033,0.043440,0,0,0,,,,
C,9034,0.038218,0,0,0,,,,
C,9035,0.041733,0,0,0,,,,
C,9036,0.040326,0,0,0,,,,
C,9037,0.037121,0,0,0,,,,
C,9038,0.039508,0,0,0,,,,
C,9039,0.037809,0,0,0,,,,
C,9040,0.036673,0,0,0,,,,
C,9041,0.037142,0,0,0,,,,
C,9042,0.037999,0,0,0,,,,
C,9043,0.038557,0,0,0,,,,
C,9044,0.037715,0,0,0,,,,
C,9045,0.037999,0,0,0,,,,
C,9046,0.037480,0,0,0,,,,
C,9047,0.039807,0,0,0,,,,
C,9048,0.053641,0,0,0,,,,
C,9049,0.039043,0,0,0,,,,
C,9050,0.036931,0,0,0,,,,
C,9051,0.053697,0,0,0,,,,
C,9052,0.044642,0,0,0,,,,
C,9053,0.073576,0,0,0,,,,
C,9054,0.043265,0,0,0,,,,
C,9055,0.037385,0,0,0,,,,
C,9056,0.038091,0,0,0,,,,
C,9057,0.038160,0,0,0,,,,
C,9058,0.041890,0,0,0,,,,
C,9059,0.042690,0,0,0,,,,
C,9060,0.047688,0,0,0,,,,
C,9061,0.039853,0,0,0,,,,
C,9062,0.038587,0,0,0,,,,
C,9063,0.038670,0,0,0,,,,
C,9064,0.037008,0,0,0,,,,
C,9065,0.037205,0,0,0,,,,
C,9066,0.036943,0,0,0,,,,
C,9067,0.038048,0,0,0,,,,
C,9068,0.036900,0,0,0,,,,
C,9069,0.041070,0,0,0,,,,
C,9070,0.038715,0,0,0,,,,
C,9071,0.038553,0,0,0,,,,
C,9072,0.038631,0,0,0,,,,
C,9073,0.037347,0,0,0,,,,
C,9074,0.036392,0,0,0,,,,
C,9075,0.037384,0,0,0,,,,
C,9076,0.039078,0,0,0,,,,
C,9077,0.037722,0,0,0,,,,
C,9078,0.043761,0,0,0,,,,
C,9079,0.037646,0,0,0,,,,
C,9080,0.037602,0,0,0,,,,
C,9081,0.036322,0,0,0,,,,
C,9082,0.037604,0,0,0,,,,
C,9083,0.037059,0,0,0,,,,
C,9084,0.036780,0,0,0,,,,
C,9085,0.037020,0,0,0,,,,
C,9086,0.038225,0,0,0,,,,
C,9087,0.038673,0,0,0,,,,
C,9088,0.036588,0,0,0,,,,
C,9089,0.036523,0,0,0,,,,
C,9090,0.036656,0,0,0,,,,
C,9091,0.037852,0,0,0,,,,
C,9092,0.037365,0,0,0,,,,
C,9093,0.036558,0,0,0,,,,
C,9094,0.035889,0,0,0,,,,
C,9095,0.041012,0,0,0,,,,
C,9096,0.039874,0,0,0,,,,
C,9097,0.039646,0,0,0,,,,
C,9098,0.043404,0,0,0,,,,
C,9099,0.039965,0,0,0,,,,
C,9100,0.037051,0,0,0,,,,
C,9101,0.037502,0,0,0,,,,
C,9102,0.039519,0,0,0,,,,
C,9103,0.038319,0,0,0,,,,
C,9104,0.042346,0,0,0,,,,
C,9105,0.038442,0,0,0,,,,
C,9106,0.040901,0,0,0,,,,
C,9107,0.040234,0,0,0,,,,
C,9108,0.037141,0,0,0,,,,
C,9109,0.037451,0,0,0,,,,
C,9110,0.038031,0,0,0,,,,
C,9111,0.042047,0,0,0,,,,
C,9112,0.037586,0,0,0,,,,
C,9113,0.037045,0,0,0,,,,
C,9114,0.037751,0,0,0,,,,
C,9115,0.043210,0,0,0,,,,
C,9116,0.041140,0,0,0,,,,
C,9117,0.043304,0,0,0,,,,
C,9118,0.046038,0,0,0,,,,
C,9119,0.038535,0,0,0,,,,
C,9120,0.045475,0,0,0,,,,
C,9121,0.036938,0,0,0,,,,
C,9122,0.035988,0,0,0,,,,
C,9123,0.036255,0,0,0,,,,
C,9124,0.035817,0,0,0,,,,
C,9125,0.036944,0,0,0,,,,
C,9126,0.036267,0,0,0,,,,
C,9127,0.038527,0,0,0,,,,
C,9128,0.044204,0,0,0,,,,
C,9129,0.037472,0,0,0,,,,
C,9130,0.036537,0,0,0,,,,
C,9131,0.037173,0,0,0,,,,
C,9132,0.037425,0,0,0,,,,
C,9133,0.036951,0,0,0,,,,
C,9134,0.037955,0,0,0,,,,
C,9135,0.042860,0,0,0,,,,
C,9136,0.036947,0,0,0,,,,
C,9137,0.036017,0,0,0,,,,
C,9138,0.036740,0,0,0,,,,
C,9139,0.037928,0,0,0,,,,
C,9140,0.037346,0,0,0,,,,
C,9141,0.036653,0,0,0,,,,
C,9142,0.036933,0,0,0,,,,
C,9143,0.036649,0,0,0,,,,
C,9144,0.040388,0,0,0,,,,
C,9145,0.036288,0,0,0,,,,
C,9146,0.042241,0,0,0,,,,
C,9147,0.038767,0,0,0,,,,
C,9148,0.036237,0,0,0,,,,
C,9149,0.036219,0,0,0,,,,
C,9150,0.035661,0,0,0,,,,
C,9151,0.036861,0,0,0,,,,
C,9152,0.036498,0,0,0,,,,
C,9153,0.037329,0,0,0,,,,
C,9154,0.036930,0,0,0,,,,
C,9155,0.043463,0,0,0,,,,
C,9156,0.039313,0,0,0,,,,
C,9157,0.037592,0,0,0,,,,
C,9158,0.038617,0,0,0,,,,
C,9159,0.037486,0,0,0,,,,
C,9160,0.038230,0,0,0,,,,
C,9161,0.039707,0,0,0,,,,
C,9162,0.036755,0,0,0,,,,
C,9163,0.038107,0,0,0,,,,
C,9164,0.037684,0,0,0,,,,
C,9165,0.037538,0,0,0,,,,
C,9166,0.038193,0,0,0,,,,
C,9167,0.037065,0,0,0,,,,
C,9168,0.037695,0,0,0,,,,
C,9169,0.037474,0,0,0,,,,
C,9170,0.038618,0,0,0,,,,
C,9171,0.038564,0,0,0,,,,
C,9172,0.037372,0,0,0,,,,
C,9173,0.036828,0,0,0,,,,
C,9174,0.044566,0,0,0,,,,
C,9175,0.048725,0,0,0,,,,
C,9176,0.039193,0,0,0,,,,
C,9177,0.038691,0,0,0,,,,
C,9178,0.045018,0,0,0,,,,
C,9179,0.038377,0,0,0,,,,
C,9180,0.037737,0,0,0,,,,
C,9181,0.036593,0,0,0,,,,
C,9182,0.036784,0,0,0,,,,
C,9183,0.036326,0,0,0,,,,
C,9184,0.036559,0,0,0,,,,
C,9185,0.037042,0,0,0,,,,
C,9186,0.038445,0,0,0,,,,
C,9187,0.037081,0,0,0,,,,
C,9188,0.037674,0,0,0,,,,
C,9189,0.041220,0,0,0,,,,
C,9190,0.037591,0,0,0,,,,
C,9191,0.042081,0,0,0,,,,
C,9192,0.035815,0,0,0,,,,
C,9193,0.039400,0,0,0,,,,
C,9194,0.037973,0,0,0,,,,
C,9195,0.043014,0,0,0,,,,
C,9196,0.039663,0,0,0,,,,
C,9197,0.039493,0,0,0,,,,
C,9198,0.040135,0,0,0,,,,
C,9199,0.042262,0,0,0,,,,
C,9200,0.042361,0,0,0,,,,
C,9201,0.037565,0,0,0,,,,
C,9202,0.039294,0,0,0,,,,
C,9203,0.038379,0,0,0,,,,
C,9204,0.047818,0,0,0,,,,
C,9205,0.044612,0,0,0,,,,
C,9206,0.039026,0,0,0,,,,
C,9207,0.038846,0,0,0,,,,
C,9208,0.038358,0,0,0,,,,
C,9209,0.037881,0,0,0,,,,
C,9210,0.038022,0,0,0,,,,
C,9211,0.039647,0,0,0,,,,
C,9212,0.042280,0,0,0,,,,
C,9213,0.052422,0,0,0,,,,
C,9214,0.037491,0,0,0,,,,
C,9215,0.037699,0,0,0,,,,
C,9216,0.044202,0,0,0,,,,
C,9217,0.045345,0,0,0,,,,
C,9218,0.037279,0,0,0,,,,
C,9219,0.040502,0,0,0,,,,
C,9220,0.037330,0,0,0,,,,
C,9221,0.036468,0,0,0,,,,
C,9222,0.037570,0,0,0,,,,
C,9223,0.037127,0,0,0,,,,
C,9224,0.037687,0,0,0,,,,
C,9225,0.037028,0,0,0,,,,
C,9226,0.040973,0,0,0,,,,
C,9227,0.041538,0,0,0,,,,
C,9228,0.043476,0,0,0,,,,
C,9229,0.040160,0,0,0,,,,
C,9230,0.039173,0,0,0,,,,
C,9231,0.037517,0,0,0,,,,
C,9232,0.036265,0,0,0,,,,
C,9233,0.042014,0,0,0,,,,
C,9234,0.040849,0,0,0,,,,
C,9235,0.039984,0,0,0,,,,
C,9236,0.038137,0,0,0,,,,
C,9237,0.058152,0,0,0,,,,
C,9238,0.054085,0,0,0,,,,
C,9239,0.037280,0,0,0,,,,
C,9240,0.036660,0,0,0,,,,
C,9241,0.037163,0,0,0,,,,
C,9242,0.040049,0,0,0,,,,
C,9243,0.040994,0,0,0,,,,
C,9244,0.036666,0,0,0,,,,
C,9245,0.036376,0,0,0,,,,
C,9246,0.036542,0,0,0,,,,
C,9247,0.037038,0,0,0,,,,
C,9248,0.035838,0,0,0,,,,
C,9249,0.036201,0,0,0,,,,
C,9250,0.037041,0,0,0,,,,
C,9251,0.036401,0,0,0,,,,
C,9252,0.038779,0,0,0,,,,
C,9253,0.038212,0,0,0,,,,
C,9254,0.037132,0,0,0,,,,
C,9255,0.037092,0,0,0,,,,
C,9256,0.037369,0,0,0,,,,
C,9257,0.038087,0,0,0,,,,
C,9258,0.037611,0,0,0,,,,
C,9259,0.038786,0,0,0,,,,
C,9260,0.038648,0,0,0,,,,
C,9261,0.037089,0,0,0,,,,
C,9262,0.040363,0,0,0,,,,
C,9263,0.041928,0,0,0,,,,
C,9264,0.036063,0,0,0,,,,
C,9265,0.036111,0,0,0,,,,
C,9266,0.035555,0,0,0,,,,
C,9267,0.035017,0,0,0,,,,
C,9268,0.035668,0,0,0,,,,
C,9269,0.035891,0,0,0,,,,
C,9270,0.036879,0,0,0,,,,
C,9271,0.040105,0,0,0,,,,
C,9272,0.043507,0,0,0,,,,
C,9273,0.039244,0,0,0,,,,
C,9274,0.036291,0,0,0,,,,
C,9275,0.039146,0,0,0,,,,
C,9276,0.038113,0,0,0,,,,
C,9277,0.036629,0,0,0,,,,
C,9278,0.039428,0,0,0,,,,
C,9279,0.040173,0,0,0,,,,
C,9280,0.038661,0,0,0,,,,
C,9281,0.040294,0,0,0,,,,
C,9282,0.040648,0,0,0,,,,
C,9283,0.039481,0,0,0,,,,
C,9284,0.037249,0,0,0,,,,
C,9285,0.039468,0,0,0,,,,
C,9286,0.037864,0,0,0,,,,
C,9287,0.041349,0,0,0,,,,
C,9288,0.037547,0,0,0,,,,
C,9289,0.036469,0,0,0,,,,
C,9290,0.036043,0,0,0,,,,
C,9291,0.036428,0,0,0,,,,
C,9292,0.037498,0,0,0,,,,
C,9293,0.036882,0,0,0,,,,
C,9294,0.039859,0,0,0,,,,
C,9295,0.037610,0,0,0,,,,
C,9296,0.037181,0,0,0,,,,
C,9297,0.037019,0,0,0,,,,
C,9298,0.036663,0,0,0,,,,
C,9299,0.037743,0,0,0,,,,
C,9300,0.037979,0,0,0,,,,
C,9301,0.039061,0,0,0,,,,
C,9302,0.036847,0,0,0,,,,
C,9303,0.036521,0,0,0,,,,
C,9304,0.036303,0,0,0,,,,
C,9305,0.036036,0,0,0,,,,
C,9306,0.035487,0,0,0,,,,
C,9307,0.036106,0,0,0,,,,
C,9308,0.036264,0,0,0,,,,
C,9309,0.036507,0,0,0,,,,
C,9310,0.036781,0,0,0,,,,
C,9311,0.037218,0,0,0,,,,
C,9312,0.036494,0,0,0,,,,
C,9313,0.036308,0,0,0,,,,
C,9314,0.037348,0,0,0,,,,
C,9315,0.036560,0,0,0,,,,
C,9316,0.036308,0,0,0,,,,
C,9317,0.036829,0,0,0,,,,
C,9318,0.036076,0,0,0,,,,
C,9319,0.036542,0,0,0,,,,
C,9320,0.036437,0,0,0,,,,
C,9321,0.036168,0,0,0,,,,
C,9322,0.036181,0,0,0,,,,
C,9323,0.036468,0,0,0,,,,
C,9324,0.036635,0,0,0,,,,
C,9325,0.035847,0,0,0,,,,
C,9326,0.035572,0,0,0,,,,
C,9327,0.036039,0,0,0,,,,
C,9328,0.035771,0,0,0,,,,
C,9329,0.036475,0,0,0,,,,
C,9330,0.036285,0,0,0,,,,
C,9331,0.036583,0,0,0,,,,
C,9332,0.036415,0,0,0,,,,
C,9333,0.036597,0,0,0,,,,
C,9334,0.036602,0,0,0,,,,
C,9335,0.038024,0,0,0,,,,
C,9336,0.037393,0,0,0,,,,
C,9337,0.038445,0,0,0,,,,
C,9338,0.047462,0,0,0,,,,
C,9339,0.041980,0,0,0,,,,
C,9340,0.038116,0,0,0,,,,
C,9341,0.037878,0,0,0,,,,
C,9342,0.042480,0,0,0,,,,
C,9343,0.036064,0,0,0,,,,
C,9344,0.036665,0,0,0,,,,
C,9345,0.038549,0,0,0,,,,
C,9346,0.037367,0,0,0,,,,
C,9347,0.036988,0,0,0,,,,
C,9348,0.036349,0,0,0,,,,
C,9349,0.036554,0,0,0,,,,
C,9350,0.036956,0,0,0,,,,
C,9351,0.036437,0,0,0,,,,
C,9352,0.037230,0,0,0,,,,
C,9353,0.037956,0,0,0,,,,
C,9354,0.038891,0,0,0,,,,
C,9355,0.039631,0,0,0,,,,
C,9356,0.040275,0,0,0,,,,
C,9357,0.036597,0,0,0,,,,
C,9358,0.037150,0,0,0,,,,
C,9359,0.036876,0,0,0,,,,
C,9360,0.036857,0,0,0,,,,
C,9361,0.041958,0,0,0,,,,
C,9362,0.036814,0,0,0,,,,
C,9363,0.037065,0,0,0,,,,
C,9364,0.037259,0,0,0,,,,
C,9365,0.046914,0,0,0,,,,
C,9366,0.043036,0,0,0,,,,
C,9367,0.043130,0,0,0,,,,
C,9368,0.038571,0,0,0,,,,
C,9369,0.045211,0,0,0,,,,
C,9370,0.038041,0,0,0,,,,
C,9371,0.052402,0,0,0,,,,
C,9372,0.040550,0,0,0,,,,
C,9373,0.036576,0,0,0,,,,
C,9374,0.039259,0,0,0,,,,
C,9375,0.038157,0,0,0,,,,
C,9376,0.041624,0,0,0,,,,
C,9377,0.039898,0,0,0,,,,
C,9378,0.040270,0,0,0,,,,
C,9379,0.037128,0,0,0,,,,
C,9380,0.037422,0,0,0,,,,
C,9381,0.044897,0,0,0,,,,
C,9382,0.048268,0,0,0,,,,
C,9383,0.039795,0,0,0,,,,
C,9384,0.039227,0,0,0,,,,
C,9385,0.037733,0,0,0,,,,
C,9386,0.041138,0,0,0,,,,
C,9387,0.038303,0,0,0,,,,
C,9388,0.036864,0,0,0,,,,
C,9389,0.038001,0,0,0,,,,
C,9390,0.039626,0,0,0,,,,
C,9391,0.036752,0,0,0,,,,
C,9392,0.038175,0,0,0,,,,
C,9393,0.037587,0,0,0,,,,
C,9394,0.036245,0,0,0,,,,
C,9395,0.037204,0,0,0,,,,
C,9396,0.036299,0,0,0,,,,
C,9397,0.036806,0,0,0,,,,
C,9398,0.037903,0,0,0,,,,
C,9399,0.036546,0,0,0,,,,
C,9400,0.036108,0,0,0,,,,
C,9401,0.036277,0,0,0,,,,
C,9402,0.043146,0,0,0,,,,
C,9403,0.036393,0,0,0,,,,
C,9404,0.036684,0,0,0,,,,
C,9405,0.036767,0,0,0,,,,
C,9406,0.035907,0,0,0,,,,
C,9407,0.036559,0,0,0,,,,
C,9408,0.036421,0,0,0,,,,
C,9409,0.037150,0,0,0,,,,
C,9410,0.036618,0,0,0,,,,
C,9411,0.037994,0,0,0,,,,
C,9412,0.036109,0,0,0,,,,
C,9413,0.035489,0,0,0,,,,
C,9414,0.035667,0,0,0,,,,
C,9415,0.037450,0,0,0,,,,
C,9416,0.035524,0,0,0,,,,
C,9417,0.035627,0,0,0,,,,
C,9418,0.039090,0,0,0,,,,
C,9419,0.037081,0,0,0,,,,
C,9420,0.039403,0,0,0,,,,
C,9421,0.041754,0,0,0,,,,
C,9422,0.038727,0,0,0,,,,
C,9423,0.040509,0,0,0,,,,
C,9424,0.037080,0,0,0,,,,
C,9425,0.037579,0,0,0,,,,
C,9426,0.035646,0,0,0,,,,
C,9427,0.036682,0,0,0,,,,
C,9428,0.036929,0,0,0,,,,
C,9429,0.036471,0,0,0,,,,
C,9430,0.037476,0,0,0,,,,
C,9431,0.036516,0,0,0,,,,
C,9432,0.037736,0,0,0,,,,
C,9433,0.038395,0,0,0,,,,
C,9434,0.037604,0,0,0,,,,
C,9435,0.047690,0,0,0,,,,
C,9436,0.047802,0,0,0,,,,
C,9437,0.037228,0,0,0,,,,
C,9438,0.036947,0,0,0,,,,
C,9439,0.037993,0,0,0,,,,
C,9440,0.042259,0,0,0,,,,
C,9441,0.039847,0,0,0,,,,
C,9442,0.037643,0,0,0,,,,
C,9443,0.042204,0,0,0,,,,
C,9444,0.043368,0,0,0,,,,
C,9445,0.036173,0,0,0,,,,
C,9446,0.036525,0,0,0,,,,
C,9447,0.041847,0,0,0,,,,
C,9448,0.039375,0,0,0,,,,
C,9449,0.036716,0,0,0,,,,
C,9450,0.037765,0,0,0,,,,
C,9451,0.096645,0,0,0,,,,
C,9452,0.044532,0,0,0,,,,
C,9453,0.044062,0,0,0,,,,
C,9454,0.040581,0,0,0,,,,
C,9455,0.038735,0,0,0,,,,
C,9456,0.035876,0,0,0,,,,
C,9457,0.037487,0,0,0,,,,
C,9458,0.037190,0,0,0,,,,
C,9459,0.035701,0,0,0,,,,
C,9460,0.036046,0,0,0,,,,
C,9461,0.036437,0,0,0,,,,
C,9462,0.038078,0,0,0,,,,
C,9463,0.037120,0,0,0,,,,
C,9464,0.037037,0,0,0,,,,
C,9465,0.036966,0,0,0,,,,
C,9466,0.036970,0,0,0,,,,
C,9467,0.035868,0,0,0,,,,
C,9468,0.036472,0,0,0,,,,
C,9469,0.036782,0,0,0,,,,
C,9470,0.037034,0,0,0,,,,
C,9471,0.042210,0,0,0,,,,
C,9472,0.038242,0,0,0,,,,
C,9473,0.037061,0,0,0,,,,
C,9474,0.037234,0,0,0,,,,
C,9475,0.037470,0,0,0,,,,
C,9476,0.037680,0,0,0,,,,
C,9477,0.036940,0,0,0,,,,
C,9478,0.036124,0,0,0,,,,
C,9479,0.037057,0,0,0,,,,
C,9480,0.038180,0,0,0,,,,
C,9481,0.039404,0,0,0,,,,
C,9482,0.038503,0,0,0,,,,
C,9483,0.036436,0,0,0,,,,
C,9484,0.035705,0,0,0,,,,
C,9485,0.036826,0,0,0,,,,
C,9486,0.043029,0,0,0,,,,
C,9487,0.042683,0,0,0,,,,
C,9488,0.040631,0,0,0,,,,
C,9489,0.038778,0,0,0,,,,
C,9490,0.047378,0,0,0,,,,
C,9491,0.042672,0,0,0,,,,
C,9492,0.039738,0,0,0,,,,
C,9493,0.043058,0,0,0,,,,
C,9494,0.037157,0,0,0,,,,
C,9495,0.036475,0,0,0,,,,
C,9496,0.037477,0,0,0,,,,
C,9497,0.039326,0,0,0,,,,
C,9498,0.036248,0,0,0,,,,
C,9499,0.037340,0,0,0,,,,
C,9500,0.036863,0,0,0,,,,
C,9501,0.038810,0,0,0,,,,
C,9502,0.037149,0,0,0,,,,
C,9503,0.047736,0,0,0,,,,
C,9504,0.038991,0,0,0,,,,
C,9505,0.038941,0,0,0,,,,
C,9506,0.037058,0,0,0,,,,
C,9507,0.045656,0,0,0,,,,
C,9508,0.046856,0,0,0,,,,
C,9509,0.042451,0,0,0,,,,
C,9510,0.039086,0,0,0,,,,
C,9511,0.042604,0,0,0,,,,
C,9512,0.039892,0,0,0,,,,
C,9513,0.048963,0,0,0,,,,
C,9514,0.043558,0,0,0,,,,
C,9515,0.040797,0,0,0,,,,
C,9516,0.037366,0,0,0,,,,
C,9517,0.038577,0,0,0,,,,
C,9518,0.037028,0,0,0,,,,
C,9519,0.036811,0,0,0,,,,
C,9520,0.037897,0,0,0,,,,
C,9521,0.037449,0,0,0,,,,
C,9522,0.038355,0,0,0,,,,
C,9523,0.037287,0,0,0,,,,
C,9524,0.037888,0,0,0,,,,
C,9525,0.042067,0,0,0,,,,
C,9526,0.040543,0,0,0,,,,
C,9527,0.037954,0,0,0,,,,
C,9528,0.038616,0,0,0,,,,
C,9529,0.038099,0,0,0,,,,
C,9530,0.036630,0,0,0,,,,
C,9531,0.037427,0,0,0,,,,
C,9532,0.037271,0,0,0,,,,
C,9533,0.037177,0,0,0,,,,
C,9534,0.038178,0,0,0,,,,
C,9535,0.045757,0,0,0,,,,
C,9536,0.045716,0,0,0,,,,
C,9537,0.061298,0,0,0,,,,
C,9538,0.039407,0,0,0,,,,
C,9539,0.037692,0,0,0,,,,
C,9540,0.038747,0,0,0,,,,
C,9541,0.037443,0,0,0,,,,
C,9542,0.037875,0,0,0,,,,
C,9543,0.037000,0,0,0,,,,
C,9544,0.038027,0,0,0,,,,
C,9545,0.072587,0,0,0,,,,
C,9546,0.046452,0,0,0,,,,
C,9547,0.040065,0,0,0,,,,
C,9548,0.039634,0,0,0,,,,
C,9549,0.037735,0,0,0,,,,
C,9550,0.039741,0,0,0,,,,
C,9551,0.044943,0,0,0,,,,
C,9552,0.037674,0,0,0,,,,
C,9553,0.036383,0,0,0,,,,
C,9554,0.041251,0,0,0,,,,
C,9555,0.037581,0,0,0,,,,
C,9556,0.040340,0,0,0,,,,
C,9557,0.038184,0,0,0,,,,
C,9558,0.037950,0,0,0,,,,
C,9559,0.038928,0,0,0,,,,
C,9560,0.041707,0,0,0,,,,
C,9561,0.051530,0,0,0,,,,
C,9562,0.037353,0,0,0,,,,
C,9563,0.037989,0,0,0,,,,
C,9564,0.038425,0,0,0,,,,
C,9565,0.039303,0,0,0,,,,
C,9566,0.037398,0,0,0,,,,
C,9567,0.037451,0,0,0,,,,
C,9568,0.037347,0,0,0,,,,
C,9569,0.038367,0,0,0,,,,
C,9570,0.038417,0,0,0,,,,
C,9571,0.037968,0,0,0,,,,
C,9572,0.040188,0,0,0,,,,
C,9573,0.040925,0,0,0,,,,
C,9574,0.038064,0,0,0,,,,
C,9575,0.039347,0,0,0,,,,
C,9576,0.039213,0,0,0,,,,
C,9577,0.038493,0,0,0,,,,
C,9578,0.041831,0,0,0,,,,
C,9579,0.040430,0,0,0,,,,
C,9580,0.039367,0,0,0,,,,
C,9581,0.039288,0,0,0,,,,
C,9582,0.063984,0,0,0,,,,
C,9583,0.080595,0,0,0,,,,
C,9584,0.050619,0,0,0,,,,
C,9585,0.039589,0,0,0,,,,
C,9586,0.037378,0,0,0,,,,
C,9587,0.040339,0,0,0,,,,
C,9588,0.039346,0,0,0,,,,
C,9589,0.038775,0,0,0,,,,
C,9590,0.045028,0,0,0,,,,
C,9591,0.046042,0,0,0,,,,
C,9592,0.038596,0,0,0,,,,
C,9593,0.052113,0,0,0,,,,
C,9594,0.047583,0,0,0,,,,
C,9595,0.041864,0,0,0,,,,
C,9596,0.037126,0,0,0,,,,
C,9597,0.037511,0,0,0,,,,
C,9598,0.039094,0,0,0,,,,
C,9599,0.037215,0,0,0,,,,
C,9600,0.039024,0,0,0,,,,
C,9601,0.036496,0,0,0,,,,
C,9602,0.038619,0,0,0,,,,
C,9603,0.039398,0,0,0,,,,
C,9604,0.037536,0,0,0,,,,
C,9605,0.037146,0,0,0,,,,
C,9606,0.037190,0,0,0,,,,
C,9607,0.037154,0,0,0,,,,
C,9608,0.036956,0,0,0,,,,
C,9609,0.037570,0,0,0,,,,
C,9610,0.036467,0,0,0,,,,
C,9611,0.036172,0,0,0,,,,
C,9612,0.035700,0,0,0,,,,
C,9613,0.037832,0,0,0,,,,
C,9614,0.035910,0,0,0,,,,
C,9615,0.036341,0,0,0,,,,
C,9616,0.037265,0,0,0,,,,
C,9617,0.039220,0,0,0,,,,
C,9618,0.036951,0,0,0,,,,
C,9619,0.036214,0,0,0,,,,
C,9620,0.037400,0,0,0,,,,
C,9621,0.037168,0,0,0,,,,
C,9622,0.036005,0,0,0,,,,
C,9623,0.036336,0,0,0,,,,
C,9624,0.037361,0,0,0,,,,
C,9625,0.036956,0,0,0,,,,
C,9626,0.037706,0,0,0,,,,
C,9627,0.038328,0,0,0,,,,
C,9628,0.037689,0,0,0,,,,
C,9629,0.036687,0,0,0,,,,
C,9630,0.036268,0,0,0,,,,
C,9631,0.036450,0,0,0,,,,
C,9632,0.036627,0,0,0,,,,
C,9633,0.037677,0,0,0,,,,
C,9634,0.036343,0,0,0,,,,
C,9635,0.038326,0,0,0,,,,
C,9636,0.036370,0,0,0,,,,
C,9637,0.036146,0,0,0,,,,
C,9638,0.037557,0,0,0,,,,
C,9639,0.036864,0,0,0,,,,
C,9640,0.038852,0,0,0,,,,
C,9641,0.040617,0,0,0,,,,
C,9642,0.038493,0,0,0,,,,
C,9643,0.037916,0,0,0,,,,
C,9644,0.037919,0,0,0,,,,
C,9645,0.041549,0,0,0,,,,
C,9646,0.036261,0,0,0,,,,
C,9647,0.037427,0,0,0,,,,
C,9648,0.038020,0,0,0,,,,
C,9649,0.036732,0,0,0,,,,
C,9650,0.037633,0,0,0,,,,
C,9651,0.038700,0,0,0,,,,
C,9652,0.039551,0,0,0,,,,
C,9653,0.036300,0,0,0,,,,
C,9654,0.036499,0,0,0,,,,
C,9655,0.036731,0,0,0,,,,
C,9656,0.037608,0,0,0,,,,
C,9657,0.037332,0,0,0,,,,
C,9658,0.037404,0,0,0,,,,
C,9659,0.036573,0,0,0,,,,
C,9660,0.036347,0,0,0,,,,
C,9661,0.036326,0,0,0,,,,
C,9662,0.036230,0,0,0,,,,
C,9663,0.037908,0,0,0,,,,
C,9664,0.036601,0,0,0,,,,
C,9665,0.037142,0,0,0,,,,
C,9666,0.037096,0,0,0,,,,
C,9667,0.037514,0,0,0,,,,
C,9668,0.038182,0,0,0,,,,
C,9669,0.039996,0,0,0,,,,
C,9670,0.038515,0,0,0,,,,
C,9671,0.036712,0,0,0,,,,
C,9672,0.036670,0,0,0,,,,
C,9673,0.037298,0,0,0,,,,
C,9674,0.036583,0,0,0,,,,
C,9675,0.037103,0,0,0,,,,
C,9676,0.036633,0,0,0,,,,
C,9677,0.036583,0,0,0,,,,
C,9678,0.037483,0,0,0,,,,
C,9679,0.037500,0,0,0,,,,
C,9680,0.036690,0,0,0,,,,
C,9681,0.037591,0,0,0,,,,
C,9682,0.038112,0,0,0,,,,
C,9683,0.036756,0,0,0,,,,
C,9684,0.036125,0,0,0,,,,
C,9685,0.036791,0,0,0,,,,
C,9686,0.036173,0,0,0,,,,
C,9687,0.036719,0,0,0,,,,
C,9688,0.036692,0,0,0,,,,
C,9689,0.036711,0,0,0,,,,
C,9690,0.036563,0,0,0,,,,
C,9691,0.037161,0,0,0,,,,
C,9692,0.039170,0,0,0,,,,
C,9693,0.038909,0,0,0,,,,
C,9694,0.037335,0,0,0,,,,
C,9695,0.039446,0,0,0,,,,
C,9696,0.037814,0,0,0,,,,
C,9697,0.036586,0,0,0,,,,
C,9698,0.036660,0,0,0,,,,
C,9699,0.036588,0,0,0,,,,
C,9700,0.036900,0,0,0,,,,
C,9701,0.036827,0,0,0,,,,
C,9702,0.037198,0,0,0,,,,
C,9703,0.037938,0,0,0,,,,
C,9704,0.036374,0,0,0,,,,
C,9705,0.036864,0,0,0,,,,
C,9706,0.036717,0,0,0,,,,
C,9707,0.037213,0,0,0,,,,
C,9708,0.036740,0,0,0,,,,
C,9709,0.036801,0,0,0,,,,
C,9710,0.036639,0,0,0,,,,
C,9711,0.036884,0,0,0,,,,
C,9712,0.037288,0,0,0,,,,
C,9713,0.036362,0,0,0,,,,
C,9714,0.036282,0,0,0,,,,
C,9715,0.035873,0,0,0,,,,
C,9716,0.036445,0,0,0,,,,
C,9717,0.036785,0,0,0,,,,
C,9718,0.036031,0,0,0,,,,
C,9719,0.035745,0,0,0,,,,
C,9720,0.035573,0,0,0,,,,
C,9721,0.034992,0,0,0,,,,
C,9722,0.035365,0,0,0,,,,
C,9723,0.036280,0,0,0,,,,
C,9724,0.036578,0,0,0,,,,
C,9725,0.036465,0,0,0,,,,
C,9726,0.043091,0,0,0,,,,
C,9727,0.036669,0,0,0,,,,
C,9728,0.037095,0,0,0,,,,
C,9729,0.037240,0,0,0,,,,
C,9730,0.036971,0,0,0,,,,
C,9731,0.036451,0,0,0,,,,
C,9732,0.036040,0,0,0,,,,
C,9733,0.035594,0,0,0,,,,
C,9734,0.042161,0,0,0,,,,
C,9735,0.036377,0,0,0,,,,
C,9736,0.037779,0,0,0,,,,
C,9737,0.037090,0,0,0,,,,
C,9738,0.036154,0,0,0,,,,
C,9739,0.036765,0,0,0,,,,
C,9740,0.036526,0,0,0,,,,
C,9741,0.037740,0,0,0,,,,
C,9742,0.041892,0,0,0,,,,
C,9743,0.048393,0,0,0,,,,
C,9744,0.040068,0,0,0,,,,
C,9745,0.041121,0,0,0,,,,
C,9746,0.040678,0,0,0,,,,
C,9747,0.046126,0,0,0,,,,
C,9748,0.061974,0,0,0,,,,
C,9749,0.054738,0,0,0,,,,
C,9750,0.044237,0,0,0,,,,
C,9751,0.039311,0,0,0,,,,
C,9752,0.039102,0,0,0,,,,
C,9753,0.038115,0,0,0,,,,
C,9754,0.048322,0,0,0,,,,
C,9755,0.041236,0,0,0,,,,
C,9756,0.043093,0,0,0,,,,
C,9757,0.048471,0,0,0,,,,
C,9758,0.045108,0,0,0,,,,
C,9759,0.046665,0,0,0,,,,
C,9760,0.042306,0,0,0,,,,
C,9761,0.040720,0,0,0,,,,
C,9762,0.041261,0,0,0,,,,
C,9763,0.037261,0,0,0,,,,
C,9764,0.039204,0,0,0,,,,
C,9765,0.038147,0,0,0,,,,
C,9766,0.037422,0,0,0,,,,
C,9767,0.043283,0,0,0,,,,
C,9768,0.038089,0,0,0,,,,
C,9769,0.036096,0,0,0,,,,
C,9770,0.036826,0,0,0,,,,
C,9771,0.037449,0,0,0,,,,
C,9772,0.037954,0,0,0,,,,
C,9773,0.036837,0,0,0,,,,
C,9774,0.037282,0,0,0,,,,
C,9775,0.038916,0,0,0,,,,
C,9776,0.043331,0,0,0,,,,
C,9777,0.038615,0,0,0,,,,
C,9778,0.047029,0,0,0,,,,
C,9779,0.037590,0,0,0,,,,
C,9780,0.037988,0,0,0,,,,
C,9781,0.037442,0,0,0,,,,
C,9782,0.037510,0,0,0,,,,
C,9783,0.039526,0,0,0,,,,
C,9784,0.037314,0,0,0,,,,
C,9785,0.037438,0,0,0,,,,
C,9786,0.037515,0,0,0,,,,
C,9787,0.040821,0,0,0,,,,
C,9788,0.036644,0,0,0,,,,
C,9789,0.040525,0,0,0,,,,
C,9790,0.037694,0,0,0,,,,
C,9791,0.037344,0,0,0,,,,
C,9792,0.042566,0,0,0,,,,
C,9793,0.037687,0,0,0,,,,
C,9794,0.039904,0,0,0,,,,
C,9795,0.042601,0,0,0,,,,
C,9796,0.045269,0,0,0,,,,
C,9797,0.038755,0,0,0,,,,
C,9798,0.041506,0,0,0,,,,
C,9799,0.037729,0,0,0,,,,
C,9800,0.037416,0,0,0,,,,
C,9801,0.038283,0,0,0,,,,
C,9802,0.040509,0,0,0,,,,
C,9803,0.038379,0,0,0,,,,
C,9804,0.037643,0,0,0,,,,
C,9805,0.037595,0,0,0,,,,
C,9806,0.040708,0,0,0,,,,
C,9807,0.040559,0,0,0,,,,
C,9808,0.038438,0,0,0,,,,
C,9809,0.038013,0,0,0,,,,
C,9810,0.037337,0,0,0,,,,
C,9811,0.039591,0,0,0,,,,
C,9812,0.042739,0,0,0,,,,
C,9813,0.038634,0,0,0,,,,
C,9814,0.039960,0,0,0,,,,
C,9815,0.041424,0,0,0,,,,
C,9816,0.039937,0,0,0,,,,
C,9817,0.037922,0,0,0,,,,
C,9818,0.043439,0,0,0,,,,
C,9819,0.043089,0,0,0,,,,
C,9820,0.037831,0,0,0,,,,
C,9821,0.036922,0,0,0,,,,
C,9822,0.039948,0,0,0,,,,
C,9823,0.047724,0,0,0,,,,
C,9824,0.060221,0,0,0,,,,
C,9825,0.037576,0,0,0,,,,
C,9826,0.038261,0,0,0,,,,
C,9827,0.040918,0,0,0,,,,
C,9828,0.044179,0,0,0,,,,
C,9829,0.037769,0,0,0,,,,
C,9830,0.048564,0,0,0,,,,
C,9831,0.053186,0,0,0,,,,
C,9832,0.037076,0,0,0,,,,
C,9833,0.037656,0,0,0,,,,
C,9834,0.037756,0,0,0,,,,
C,9835,0.036133,0,0,0,,,,
C,9836,0.038687,0,0,0,,,,
C,9837,0.038174,0,0,0,,,,
C,9838,0.037732,0,0,0,,,,
C,9839,0.038766,0,0,0,,,,
C,9840,0.041998,0,0,0,,,,
C,9841,0.036840,0,0,0,,,,
C,9842,0.037456,0,0,0,,,,
C,9843,0.037381,0,0,0,,,,
C,9844,0.037067,0,0,0,,,,
C,9845,0.038025,0,0,0,,,,
C,9846,0.039196,0,0,0,,,,
C,9847,0.064169,0,0,0,,,,
C,9848,0.047116,0,0,0,,,,
C,9849,0.040364,0,0,0,,,,
C,9850,0.046304,0,0,0,,,,
C,9851,0.039942,0,0,0,,,,
C,9852,0.038634,0,0,0,,,,
C,9853,0.036811,0,0,0,,,,
C,9854,0.038691,0,0,0,,,,
C,9855,0.042399,0,0,0,,,,
C,9856,0.039164,0,0,0,,,,
C,9857,0.036878,0,0,0,,,,
C,9858,0.038626,0,0,0,,,,
C,9859,0.037161,0,0,0,,,,
C,9860,0.036238,0,0,0,,,,
C,9861,0.039163,0,0,0,,,,
C,9862,0.042221,0,0,0,,,,
C,9863,0.041652,0,0,0,,,,
C,9864,0.038000,0,0,0,,,,
C,9865,0.044176,0,0,0,,,,
C,9866,0.042836,0,0,0,,,,
C,9867,0.050190,0,0,0,,,,
C,9868,0.038770,0,0,0,,,,
C,9869,0.043322,0,0,0,,,,
C,9870,0.039897,0,0,0,,,,
C,9871,0.038196,0,0,0,,,,
C,9872,0.112603,0,0,0,,,,
C,9873,0.056153,0,0,0,,,,
C,9874,0.039859,0,0,0,,,,
C,9875,0.038617,0,0,0,,,,
C,9876,0.049075,0,0,0,,,,
C,9877,0.048447,0,0,0,,,,
C,9878,0.041836,0,0,0,,,,
C,9879,0.039801,0,0,0,,,,
C,9880,0.040606,0,0,0,,,,
C,9881,0.043775,0,0,0,,,,
C,9882,0.042695,0,0,0,,,,
C,9883,0.042375,0,0,0,,,,
C,9884,0.037399,0,0,0,,,,
C,9885,0.043864,0,0,0,,,,
C,9886,0.045167,0,0,0,,,,
C,9887,0.038635,0,0,0,,,,
C,9888,0.044811,0,0,0,,,,
C,9889,0.042059,0,0,0,,,,
C,9890,0.040666,0,0,0,,,,
C,9891,0.039336,0,0,0,,,,
C,9892,0.037897,0,0,0,,,,
C,9893,0.038335,0,0,0,,,,
C,9894,0.037019,0,0,0,,,,
C,9895,0.038557,0,0,0,,,,
C,9896,0.037894,0,0,0,,,,
C,9897,0.037227,0,0,0,,,,
C,9898,0.037174,0,0,0,,,,
C,9899,0.040609,0,0,0,,,,
C,9900,0.048107,0,0,0,,,,
C,9901,0.037035,0,0,0,,,,
C,9902,0.037266,0,0,0,,,,
C,9903,0.037113,0,0,0,,,,
C,9904,0.036417,0,0,0,,,,
C,9905,0.037205,0,0,0,,,,
C,9906,0.037514,0,0,0,,,,
C,9907,0.037707,0,0,0,,,,
C,9908,0.036531,0,0,0,,,,
C,9909,0.037085,0,0,0,,,,
C,9910,0.036850,0,0,0,,,,
C,9911,0.042348,0,0,0,,,,
C,9912,0.037066,0,0,0,,,,
C,9913,0.037029,0,0,0,,,,
C,9914,0.037342,0,0,0,,,,
C,9915,0.036601,0,0,0,,,,
C,9916,0.037045,0,0,0,,,,
C,9917,0.036169,0,0,0,,,,
C,9918,0.036338,0,0,0,,,,
C,9919,0.036844,0,0,0,,,,
C,9920,0.036561,0,0,0,,,,
C,9921,0.037030,0,0,0,,,,
C,9922,0.036554,0,0,0,,,,
C,9923,0.036328,0,0,0,,,,
C,9924,0.036624,0,0,0,,,,
C,9925,0.046102,0,0,0,,,,
C,9926,0.039187,0,0,0,,,,
C,9927,0.039946,0,0,0,,,,
C,9928,0.036897,0,0,0,,,,
C,9929,0.037827,0,0,0,,,,
C,9930,0.038346,0,0,0,,,,
C,9931,0.036579,0,0,0,,,,
C,9932,0.040696,0,0,0,,,,
C,9933,0.039626,0,0,0,,,,
C,9934,0.041653,0,0,0,,,,
C,9935,0.040123,0,0,0,,,,
C,9936,0.042011,0,0,0,,,,
C,9937,0.040609,0,0,0,,,,
C,9938,0.038391,0,0,0,,,,
C,9939,0.050036,0,0,0,,,,
C,9940,0.037572,0,0,0,,,,
C,9941,0.038819,0,0,0,,,,
C,9942,0.038194,0,0,0,,,,
C,9943,0.038178,0,0,0,,,,
C,9944,0.036596,0,0,0,,,,
C,9945,0.037693,0,0,0,,,,
C,9946,0.044360,0,0,0,,,,
C,9947,0.041216,0,0,0,,,,
C,9948,0.046718,0,0,0,,,,
C,9949,0.037968,0,0,0,,,,
C,9950,0.036874,0,0,0,,,,
C,9951,0.047818,0,0,0,,,,
C,9952,0.046033,0,0,0,,,,
C,9953,0.051074,0,0,0,,,,
C,9954,0.041987,0,0,0,,,,
C,9955,0.038481,0,0,0,,,,
C,9956,0.037376,0,0,0,,,,
C,9957,0.038610,0,0,0,,,,
C,9958,0.037306,0,0,0,,,,
C,9959,0.038342,0,0,0,,,,
C,9960,0.038083,0,0,0,,,,
C,9961,0.038219,0,0,0,,,,
C,9962,0.037676,0,0,0,,,,
C,9963,0.037432,0,0,0,,,,
C,9964,0.036750,0,0,0,,,,
C,9965,0.036931,0,0,0,,,,
C,9966,0.037513,0,0,0,,,,
C,9967,0.036108,0,0,0,,,,
C,9968,0.036398,0,0,0,,,,
C,9969,0.036895,0,0,0,,,,
C,9970,0.037661,0,0,0,,,,
C,9971,0.037027,0,0,0,,,,
C,9972,0.037188,0,0,0,,,,
C,9973,0.037203,0,0,0,,,,
C,9974,0.036848,0,0,0,,,,
C,9975,0.036883,0,0,0,,,,
C,9976,0.036929,0,0,0,,,,
C,9977,0.037892,0,0,0,,,,
C,9978,0.036629,0,0,0,,,,
C,9979,0.039474,0,0,0,,,,
C,9980,0.036232,0,0,0,,,,
C,9981,0.035902,0,0,0,,,,
C,9982,0.036829,0,0,0,,,,
C,9983,0.037021,0,0,0,,,,
C,9984,0.036721,0,0,0,,,,
C,9985,0.036792,0,0,0,,,,
C,9986,0.036439,0,0,0,,,,
C,9987,0.036641,0,0,0,,,,
C,9988,0.041005,0,0,0,,,,
C,9989,0.036881,0,0,0,,,,
C,9990,0.036434,0,0,0,,,,
C,9991,0.037099,0,0,0,,,,
C,9992,0.038598,0,0,0,,,,
C,9993,0.037387,0,0,0,,,,
C,9994,0.036820,0,0,0,,,,
C,9995,0.037378,0,0,0,,,,
C,9996,0.036413,0,0,0,,,,
C,9997,0.036857,0,0,0,,,,
C,9998,0.036854,0,0,0,,,,
C,9999,0.035846,0,0,0,,,,
C,10000,0.035462,0,0,0,211.4,6.081e-11,"{'checked': 26, 'zsx_rejected': 6, 'default_rejected': 0, 'closed_form_forced': 0, 'inexact': 9, 'exact_rebuilt': 0, 'best_effort': 0, 'best_effort_worst': 0.0, 'psf_rerouted': 0, 'psf_rerouted_worst_residual': 0.0}",602
C,10001,0.037281,0,0,0,,,,
C,10002,0.039655,0,0,0,,,,
C,10003,0.038423,0,0,0,,,,
C,10004,0.038277,0,0,0,,,,
C,10005,0.040068,0,0,0,,,,
C,10006,0.041558,0,0,0,,,,
C,10007,0.037514,0,0,0,,,,
C,10008,0.044400,0,0,0,,,,
C,10009,0.042882,0,0,0,,,,
C,10010,0.041338,0,0,0,,,,
C,10011,0.040787,0,0,0,,,,
C,10012,0.043269,0,0,0,,,,
C,10013,0.051528,0,0,0,,,,
C,10014,0.038981,0,0,0,,,,
C,10015,0.040224,0,0,0,,,,
C,10016,0.037716,0,0,0,,,,
C,10017,0.039973,0,0,0,,,,
C,10018,0.041341,0,0,0,,,,
C,10019,0.051192,0,0,0,,,,
C,10020,0.037194,0,0,0,,,,
C,10021,0.037147,0,0,0,,,,
C,10022,0.036657,0,0,0,,,,
C,10023,0.039780,0,0,0,,,,
C,10024,0.037549,0,0,0,,,,
C,10025,0.038623,0,0,0,,,,
C,10026,0.036588,0,0,0,,,,
C,10027,0.041772,0,0,0,,,,
C,10028,0.038121,0,0,0,,,,
C,10029,0.041053,0,0,0,,,,
C,10030,0.038039,0,0,0,,,,
C,10031,0.034787,0,0,0,,,,
C,10032,0.034935,0,0,0,,,,
C,10033,0.037236,0,0,0,,,,
C,10034,0.038308,0,0,0,,,,
C,10035,0.043770,0,0,0,,,,
C,10036,0.046451,0,0,0,,,,
C,10037,0.054668,0,0,0,,,,
C,10038,0.050225,0,0,0,,,,
C,10039,0.042021,0,0,0,,,,
C,10040,0.037824,0,0,0,,,,
C,10041,0.039875,0,0,0,,,,
C,10042,0.039209,0,0,0,,,,
C,10043,0.037929,0,0,0,,,,
C,10044,0.038389,0,0,0,,,,
C,10045,0.039650,0,0,0,,,,
C,10046,0.037185,0,0,0,,,,
C,10047,0.039352,0,0,0,,,,
C,10048,0.038521,0,0,0,,,,
C,10049,0.036508,0,0,0,,,,
C,10050,0.039774,0,0,0,,,,
C,10051,0.041224,0,0,0,,,,
C,10052,0.036316,0,0,0,,,,
C,10053,0.037000,0,0,0,,,,
C,10054,0.036589,0,0,0,,,,
C,10055,0.039151,0,0,0,,,,
C,10056,0.038449,0,0,0,,,,
C,10057,0.038616,0,0,0,,,,
C,10058,0.036137,0,0,0,,,,
C,10059,0.038715,0,0,0,,,,
C,10060,0.037058,0,0,0,,,,
C,10061,0.039227,0,0,0,,,,
C,10062,0.037716,0,0,0,,,,
C,10063,0.039081,0,0,0,,,,
C,10064,0.037678,0,0,0,,,,
C,10065,0.038206,0,0,0,,,,
C,10066,0.037500,0,0,0,,,,
C,10067,0.037223,0,0,0,,,,
C,10068,0.037884,0,0,0,,,,
C,10069,0.044925,0,0,0,,,,
C,10070,0.036892,0,0,0,,,,
C,10071,0.046209,0,0,0,,,,
C,10072,0.036446,0,0,0,,,,
C,10073,0.038974,0,0,0,,,,
C,10074,0.037634,0,0,0,,,,
C,10075,0.040257,0,0,0,,,,
C,10076,0.035874,0,0,0,,,,
C,10077,0.035843,0,0,0,,,,
C,10078,0.039292,0,0,0,,,,
C,10079,0.038653,0,0,0,,,,
C,10080,0.036654,0,0,0,,,,
C,10081,0.037428,0,0,0,,,,
C,10082,0.037866,0,0,0,,,,
C,10083,0.037110,0,0,0,,,,
C,10084,0.037057,0,0,0,,,,
C,10085,0.037032,0,0,0,,,,
C,10086,0.035395,0,0,0,,,,
C,10087,0.036305,0,0,0,,,,
C,10088,0.041071,0,0,0,,,,
C,10089,0.043860,0,0,0,,,,
C,10090,0.039892,0,0,0,,,,
C,10091,0.040546,0,0,0,,,,
C,10092,0.036992,0,0,0,,,,
C,10093,0.037332,0,0,0,,,,
C,10094,0.044243,0,0,0,,,,
C,10095,0.041401,0,0,0,,,,
C,10096,0.038250,0,0,0,,,,
C,10097,0.042947,0,0,0,,,,
C,10098,0.036770,0,0,0,,,,
C,10099,0.044463,0,0,0,,,,
C,10100,0.037492,0,0,0,,,,
C,10101,0.037869,0,0,0,,,,
C,10102,0.038449,0,0,0,,,,
C,10103,0.037311,0,0,0,,,,
C,10104,0.038128,0,0,0,,,,
C,10105,0.036286,0,0,0,,,,
C,10106,0.036500,0,0,0,,,,
C,10107,0.036523,0,0,0,,,,
C,10108,0.035884,0,0,0,,,,
C,10109,0.043087,0,0,0,,,,
C,10110,0.039673,0,0,0,,,,
C,10111,0.041339,0,0,0,,,,
C,10112,0.037251,0,0,0,,,,
C,10113,0.036413,0,0,0,,,,
C,10114,0.044561,0,0,0,,,,
C,10115,0.042580,0,0,0,,,,
C,10116,0.044593,0,0,0,,,,
C,10117,0.040625,0,0,0,,,,
C,10118,0.038842,0,0,0,,,,
C,10119,0.037144,0,0,0,,,,
C,10120,0.036816,0,0,0,,,,
C,10121,0.043115,0,0,0,,,,
C,10122,0.045993,0,0,0,,,,
C,10123,0.038001,0,0,0,,,,
C,10124,0.038433,0,0,0,,,,
C,10125,0.035884,0,0,0,,,,
C,10126,0.039567,0,0,0,,,,
C,10127,0.037343,0,0,0,,,,
C,10128,0.039663,0,0,0,,,,
C,10129,0.044854,0,0,0,,,,
C,10130,0.036527,0,0,0,,,,
C,10131,0.040817,0,0,0,,,,
C,10132,0.040916,0,0,0,,,,
C,10133,0.038254,0,0,0,,,,
C,10134,0.038345,0,0,0,,,,
C,10135,0.044513,0,0,0,,,,
C,10136,0.037068,0,0,0,,,,
C,10137,0.040476,0,0,0,,,,
C,10138,0.038948,0,0,0,,,,
C,10139,0.043640,0,0,0,,,,
C,10140,0.036990,0,0,0,,,,
C,10141,0.039596,0,0,0,,,,
C,10142,0.037340,0,0,0,,,,
C,10143,0.038833,0,0,0,,,,
C,10144,0.037413,0,0,0,,,,
C,10145,0.036751,0,0,0,,,,
C,10146,0.037146,0,0,0,,,,
C,10147,0.036532,0,0,0,,,,
C,10148,0.035922,0,0,0,,,,
C,10149,0.036782,0,0,0,,,,
C,10150,0.040919,0,0,0,,,,
C,10151,0.038054,0,0,0,,,,
C,10152,0.039246,0,0,0,,,,
C,10153,0.035671,0,0,0,,,,
C,10154,0.037070,0,0,0,,,,
C,10155,0.037575,0,0,0,,,,
C,10156,0.043810,0,0,0,,,,
C,10157,0.038719,0,0,0,,,,
C,10158,0.037423,0,0,0,,,,
C,10159,0.041217,0,0,0,,,,
C,10160,0.061226,0,0,0,,,,
C,10161,0.044075,0,0,0,,,,
C,10162,0.053331,0,0,0,,,,
C,10163,0.040389,0,0,0,,,,
C,10164,0.043177,0,0,0,,,,
C,10165,0.036854,0,0,0,,,,
C,10166,0.035595,0,0,0,,,,
C,10167,0.035828,0,0,0,,,,
C,10168,0.043837,0,0,0,,,,
C,10169,0.036446,0,0,0,,,,
C,10170,0.037511,0,0,0,,,,
C,10171,0.039023,0,0,0,,,,
C,10172,0.038076,0,0,0,,,,
C,10173,0.041756,0,0,0,,,,
C,10174,0.043782,0,0,0,,,,
C,10175,0.042819,0,0,0,,,,
C,10176,0.041865,0,0,0,,,,
C,10177,0.038285,0,0,0,,,,
C,10178,0.038477,0,0,0,,,,
C,10179,0.040639,0,0,0,,,,
C,10180,0.036830,0,0,0,,,,
C,10181,0.046737,0,0,0,,,,
C,10182,0.037388,0,0,0,,,,
C,10183,0.040126,0,0,0,,,,
C,10184,0.037985,0,0,0,,,,
C,10185,0.039735,0,0,0,,,,
C,10186,0.041060,0,0,0,,,,
C,10187,0.040613,0,0,0,,,,
C,10188,0.037324,0,0,0,,,,
C,10189,0.039144,0,0,0,,,,
C,10190,0.042033,0,0,0,,,,
C,10191,0.039375,0,0,0,,,,
C,10192,0.042713,0,0,0,,,,
C,10193,0.036646,0,0,0,,,,
C,10194,0.041844,0,0,0,,,,
C,10195,0.035991,0,0,0,,,,
C,10196,0.044583,0,0,0,,,,
C,10197,0.038485,0,0,0,,,,
C,10198,0.037991,0,0,0,,,,
C,10199,0.039973,0,0,0,,,,
C,10200,0.035905,0,0,0,,,,
C,10201,0.035889,0,0,0,,,,
C,10202,0.036083,0,0,0,,,,
C,10203,0.036650,0,0,0,,,,
C,10204,0.036552,0,0,0,,,,
C,10205,0.035672,0,0,0,,,,
C,10206,0.036270,0,0,0,,,,
C,10207,0.037163,0,0,0,,,,
C,10208,0.042250,0,0,0,,,,
C,10209,0.037482,0,0,0,,,,
C,10210,0.044925,0,0,0,,,,
C,10211,0.038983,0,0,0,,,,
C,10212,0.039593,0,0,0,,,,
C,10213,0.048983,0,0,0,,,,
C,10214,0.035552,0,0,0,,,,
C,10215,0.035872,0,0,0,,,,
C,10216,0.036292,0,0,0,,,,
C,10217,0.036329,0,0,0,,,,
C,10218,0.036149,0,0,0,,,,
C,10219,0.036044,0,0,0,,,,
C,10220,0.035787,0,0,0,,,,
C,10221,0.035979,0,0,0,,,,
C,10222,0.036132,0,0,0,,,,
C,10223,0.035953,0,0,0,,,,
C,10224,0.035970,0,0,0,,,,
C,10225,0.036136,0,0,0,,,,
C,10226,0.035941,0,0,0,,,,
C,10227,0.035847,0,0,0,,,,
C,10228,0.036469,0,0,0,,,,
C,10229,0.036733,0,0,0,,,,
C,10230,0.036708,0,0,0,,,,
C,10231,0.036604,0,0,0,,,,
C,10232,0.036465,0,0,0,,,,
C,10233,0.035948,0,0,0,,,,
C,10234,0.035608,0,0,0,,,,
C,10235,0.036228,0,0,0,,,,
C,10236,0.036359,0,0,0,,,,
C,10237,0.035915,0,0,0,,,,
C,10238,0.036648,0,0,0,,,,
C,10239,0.036533,0,0,0,,,,
C,10240,0.036107,0,0,0,,,,
C,10241,0.037120,0,0,0,,,,
C,10242,0.036142,0,0,0,,,,
C,10243,0.035863,0,0,0,,,,
C,10244,0.036659,0,0,0,,,,
C,10245,0.037323,0,0,0,,,,
C,10246,0.036617,0,0,0,,,,
C,10247,0.036237,0,0,0,,,,
C,10248,0.035929,0,0,0,,,,
C,10249,0.037420,0,0,0,,,,
C,10250,0.036737,0,0,0,,,,
C,10251,0.035368,0,0,0,,,,
C,10252,0.036660,0,0,0,,,,
C,10253,0.036155,0,0,0,,,,
C,10254,0.036263,0,0,0,,,,
C,10255,0.036489,0,0,0,,,,
C,10256,0.035222,0,0,0,,,,
C,10257,0.035123,0,0,0,,,,
C,10258,0.035115,0,0,0,,,,
C,10259,0.042170,0,0,0,,,,
C,10260,0.039167,0,0,0,,,,
C,10261,0.035534,0,0,0,,,,
C,10262,0.035480,0,0,0,,,,
C,10263,0.035844,0,0,0,,,,
C,10264,0.042867,0,0,0,,,,
C,10265,0.038280,0,0,0,,,,
C,10266,0.043614,0,0,0,,,,
C,10267,0.041454,0,0,0,,,,
C,10268,0.036480,0,0,0,,,,
C,10269,0.035651,0,0,0,,,,
C,10270,0.035459,0,0,0,,,,
C,10271,0.036291,0,0,0,,,,
C,10272,0.036813,0,0,0,,,,
C,10273,0.037933,0,0,0,,,,
C,10274,0.036149,0,0,0,,,,
C,10275,0.036648,0,0,0,,,,
C,10276,0.036379,0,0,0,,,,
C,10277,0.036660,0,0,0,,,,
C,10278,0.036917,0,0,0,,,,
C,10279,0.039148,0,0,0,,,,
C,10280,0.037667,0,0,0,,,,
C,10281,0.043381,0,0,0,,,,
C,10282,0.047141,0,0,0,,,,
C,10283,0.045182,0,0,0,,,,
C,10284,0.047235,0,0,0,,,,
C,10285,0.045304,0,0,0,,,,
C,10286,0.038807,0,0,0,,,,
C,10287,0.036779,0,0,0,,,,
C,10288,0.036263,0,0,0,,,,
C,10289,0.036203,0,0,0,,,,
C,10290,0.035983,0,0,0,,,,
C,10291,0.035861,0,0,0,,,,
C,10292,0.036692,0,0,0,,,,
C,10293,0.036516,0,0,0,,,,
C,10294,0.037448,0,0,0,,,,
C,10295,0.036631,0,0,0,,,,
C,10296,0.047228,0,0,0,,,,
C,10297,0.037766,0,0,0,,,,
C,10298,0.035947,0,0,0,,,,
C,10299,0.039280,0,0,0,,,,
C,10300,0.037841,0,0,0,,,,
C,10301,0.036468,0,0,0,,,,
C,10302,0.036045,0,0,0,,,,
C,10303,0.036401,0,0,0,,,,
C,10304,0.041433,0,0,0,,,,
C,10305,0.045322,0,0,0,,,,
C,10306,0.039098,0,0,0,,,,
C,10307,0.038395,0,0,0,,,,
C,10308,0.040218,0,0,0,,,,
C,10309,0.036410,0,0,0,,,,
C,10310,0.038458,0,0,0,,,,
C,10311,0.038289,0,0,0,,,,
C,10312,0.036912,0,0,0,,,,
C,10313,0.037364,0,0,0,,,,
C,10314,0.035815,0,0,0,,,,
C,10315,0.035711,0,0,0,,,,
C,10316,0.035967,0,0,0,,,,
C,10317,0.036926,0,0,0,,,,
C,10318,0.036608,0,0,0,,,,
C,10319,0.035445,0,0,0,,,,
C,10320,0.036266,0,0,0,,,,
C,10321,0.035366,0,0,0,,,,
C,10322,0.035961,0,0,0,,,,
C,10323,0.036621,0,0,0,,,,
C,10324,0.036427,0,0,0,,,,
C,10325,0.038197,0,0,0,,,,
C,10326,0.037149,0,0,0,,,,
C,10327,0.036521,0,0,0,,,,
C,10328,0.049791,0,0,0,,,,
C,10329,0.059237,0,0,0,,,,
C,10330,0.035628,0,0,0,,,,
C,10331,0.042473,0,0,0,,,,
C,10332,0.039019,0,0,0,,,,
C,10333,0.038583,0,0,0,,,,
C,10334,0.038295,0,0,0,,,,
C,10335,0.044379,0,0,0,,,,
C,10336,0.046257,0,0,0,,,,
C,10337,0.037895,0,0,0,,,,
C,10338,0.038684,0,0,0,,,,
C,10339,0.037482,0,0,0,,,,
C,10340,0.038248,0,0,0,,,,
C,10341,0.037144,0,0,0,,,,
C,10342,0.035854,0,0,0,,,,
C,10343,0.038049,0,0,0,,,,
C,10344,0.036209,0,0,0,,,,
C,10345,0.038032,0,0,0,,,,
C,10346,0.037077,0,0,0,,,,
C,10347,0.037401,0,0,0,,,,
C,10348,0.036869,0,0,0,,,,
C,10349,0.037708,0,0,0,,,,
C,10350,0.037146,0,0,0,,,,
C,10351,0.036999,0,0,0,,,,
C,10352,0.037017,0,0,0,,,,
C,10353,0.038268,0,0,0,,,,
C,10354,0.038234,0,0,0,,,,
C,10355,0.037126,0,0,0,,,,
C,10356,0.038472,0,0,0,,,,
C,10357,0.036353,0,0,0,,,,
C,10358,0.035611,0,0,0,,,,
C,10359,0.036000,0,0,0,,,,
C,10360,0.036233,0,0,0,,,,
C,10361,0.036278,0,0,0,,,,
C,10362,0.036217,0,0,0,,,,
C,10363,0.037635,0,0,0,,,,
C,10364,0.036881,0,0,0,,,,
C,10365,0.037086,0,0,0,,,,
C,10366,0.038377,0,0,0,,,,
C,10367,0.038943,0,0,0,,,,
C,10368,0.039991,0,0,0,,,,
C,10369,0.046040,0,0,0,,,,
C,10370,0.036869,0,0,0,,,,
C,10371,0.041238,0,0,0,,,,
C,10372,0.038279,0,0,0,,,,
C,10373,0.039892,0,0,0,,,,
C,10374,0.037944,0,0,0,,,,
C,10375,0.039268,0,0,0,,,,
C,10376,0.036148,0,0,0,,,,
C,10377,0.044157,0,0,0,,,,
C,10378,0.043084,0,0,0,,,,
C,10379,0.044834,0,0,0,,,,
C,10380,0.046817,0,0,0,,,,
C,10381,0.043970,0,0,0,,,,
C,10382,0.078983,0,0,0,,,,
C,10383,0.041280,0,0,0,,,,
C,10384,0.040198,0,0,0,,,,
C,10385,0.038939,0,0,0,,,,
C,10386,0.042674,0,0,0,,,,
C,10387,0.040132,0,0,0,,,,
C,10388,0.042916,0,0,0,,,,
C,10389,0.040795,0,0,0,,,,
C,10390,0.041635,0,0,0,,,,
C,10391,0.040007,0,0,0,,,,
C,10392,0.039697,0,0,0,,,,
C,10393,0.036394,0,0,0,,,,
C,10394,0.036130,0,0,0,,,,
C,10395,0.040536,0,0,0,,,,
C,10396,0.039890,0,0,0,,,,
C,10397,0.038569,0,0,0,,,,
C,10398,0.042167,0,0,0,,,,
C,10399,0.036536,0,0,0,,,,
C,10400,0.037625,0,0,0,,,,
C,10401,0.040057,0,0,0,,,,
C,10402,0.037319,0,0,0,,,,
C,10403,0.040825,0,0,0,,,,
C,10404,0.047907,0,0,0,,,,
C,10405,0.037551,0,0,0,,,,
C,10406,0.037955,0,0,0,,,,
C,10407,0.038039,0,0,0,,,,
C,10408,0.044797,0,0,0,,,,
C,10409,0.038348,0,0,0,,,,
C,10410,0.053210,0,0,0,,,,
C,10411,0.040567,0,0,0,,,,
C,10412,0.045804,0,0,0,,,,
C,10413,0.041520,0,0,0,,,,
C,10414,0.041982,0,0,0,,,,
C,10415,0.047430,0,0,0,,,,
C,10416,0.044323,0,0,0,,,,
C,10417,0.039205,0,0,0,,,,
C,10418,0.041383,0,0,0,,,,
C,10419,0.039244,0,0,0,,,,
C,10420,0.040967,0,0,0,,,,
C,10421,0.038712,0,0,0,,,,
C,10422,0.038586,0,0,0,,,,
C,10423,0.045730,0,0,0,,,,
C,10424,0.047636,0,0,0,,,,
C,10425,0.044640,0,0,0,,,,
C,10426,0.041301,0,0,0,,,,
C,10427,0.046038,0,0,0,,,,
C,10428,0.046394,0,0,0,,,,
C,10429,0.037630,0,0,0,,,,
C,10430,0.038252,0,0,0,,,,
C,10431,0.037489,0,0,0,,,,
C,10432,0.045598,0,0,0,,,,
C,10433,0.043443,0,0,0,,,,
C,10434,0.037304,0,0,0,,,,
C,10435,0.037804,0,0,0,,,,
C,10436,0.044172,0,0,0,,,,
C,10437,0.051600,0,0,0,,,,
C,10438,0.044945,0,0,0,,,,
C,10439,0.042677,0,0,0,,,,
C,10440,0.038589,0,0,0,,,,
C,10441,0.046219,0,0,0,,,,
C,10442,0.045968,0,0,0,,,,
C,10443,0.045059,0,0,0,,,,
C,10444,0.040317,0,0,0,,,,
C,10445,0.039289,0,0,0,,,,
C,10446,0.047674,0,0,0,,,,
C,10447,0.053483,0,0,0,,,,
C,10448,0.039808,0,0,0,,,,
C,10449,0.044075,0,0,0,,,,
C,10450,0.052078,0,0,0,,,,
C,10451,0.040053,0,0,0,,,,
C,10452,0.037748,0,0,0,,,,
C,10453,0.041054,0,0,0,,,,
C,10454,0.039202,0,0,0,,,,
C,10455,0.038861,0,0,0,,,,
C,10456,0.040234,0,0,0,,,,
C,10457,0.037802,0,0,0,,,,
C,10458,0.039457,0,0,0,,,,
C,10459,0.037107,0,0,0,,,,
C,10460,0.036801,0,0,0,,,,
C,10461,0.038026,0,0,0,,,,
C,10462,0.036981,0,0,0,,,,
C,10463,0.038003,0,0,0,,,,
C,10464,0.041567,0,0,0,,,,
C,10465,0.039273,0,0,0,,,,
C,10466,0.038025,0,0,0,,,,
C,10467,0.037284,0,0,0,,,,
C,10468,0.037939,0,0,0,,,,
C,10469,0.038169,0,0,0,,,,
C,10470,0.037312,0,0,0,,,,
C,10471,0.037392,0,0,0,,,,
C,10472,0.038858,0,0,0,,,,
C,10473,0.042220,0,0,0,,,,
C,10474,0.043298,0,0,0,,,,
C,10475,0.037968,0,0,0,,,,
C,10476,0.038192,0,0,0,,,,
C,10477,0.039212,0,0,0,,,,
C,10478,0.041655,0,0,0,,,,
C,10479,0.039123,0,0,0,,,,
C,10480,0.043541,0,0,0,,,,
C,10481,0.037564,0,0,0,,,,
C,10482,0.039936,0,0,0,,,,
C,10483,0.038006,0,0,0,,,,
C,10484,0.039292,0,0,0,,,,
C,10485,0.037397,0,0,0,,,,
C,10486,0.038850,0,0,0,,,,
C,10487,0.037541,0,0,0,,,,
C,10488,0.037715,0,0,0,,,,
C,10489,0.037450,0,0,0,,,,
C,10490,0.039574,0,0,0,,,,
C,10491,0.037247,0,0,0,,,,
C,10492,0.037196,0,0,0,,,,
C,10493,0.037758,0,0,0,,,,
C,10494,0.038146,0,0,0,,,,
C,10495,0.037083,0,0,0,,,,
C,10496,0.036220,0,0,0,,,,
C,10497,0.045201,0,0,0,,,,
C,10498,0.036863,0,0,0,,,,
C,10499,0.037961,0,0,0,,,,
C,10500,0.038143,0,0,0,,,,
C,10501,0.039241,0,0,0,,,,
C,10502,0.037284,0,0,0,,,,
C,10503,0.039628,0,0,0,,,,
C,10504,0.037678,0,0,0,,,,
C,10505,0.038748,0,0,0,,,,
C,10506,0.038656,0,0,0,,,,
C,10507,0.041779,0,0,0,,,,
C,10508,0.040015,0,0,0,,,,
C,10509,0.042694,0,0,0,,,,
C,10510,0.039571,0,0,0,,,,
C,10511,0.039232,0,0,0,,,,
C,10512,0.036182,0,0,0,,,,
C,10513,0.038661,0,0,0,,,,
C,10514,0.039495,0,0,0,,,,
C,10515,0.037780,0,0,0,,,,
C,10516,0.038035,0,0,0,,,,
C,10517,0.036777,0,0,0,,,,
C,10518,0.043635,0,0,0,,,,
C,10519,0.038578,0,0,0,,,,
C,10520,0.040195,0,0,0,,,,
C,10521,0.039403,0,0,0,,,,
C,10522,0.040403,0,0,0,,,,
C,10523,0.039225,0,0,0,,,,
C,10524,0.040864,0,0,0,,,,
C,10525,0.038904,0,0,0,,,,
C,10526,0.044327,0,0,0,,,,
C,10527,0.037704,0,0,0,,,,
C,10528,0.042348,0,0,0,,,,
C,10529,0.038892,0,0,0,,,,
C,10530,0.036664,0,0,0,,,,
C,10531,0.039850,0,0,0,,,,
C,10532,0.041984,0,0,0,,,,
C,10533,0.039061,0,0,0,,,,
C,10534,0.037959,0,0,0,,,,
C,10535,0.042077,0,0,0,,,,
C,10536,0.040021,0,0,0,,,,
C,10537,0.037049,0,0,0,,,,
C,10538,0.038522,0,0,0,,,,
C,10539,0.040152,0,0,0,,,,
C,10540,0.044229,0,0,0,,,,
C,10541,0.038181,0,0,0,,,,
C,10542,0.040112,0,0,0,,,,
C,10543,0.040379,0,0,0,,,,
C,10544,0.044113,0,0,0,,,,
C,10545,0.038639,0,0,0,,,,
C,10546,0.040926,0,0,0,,,,
C,10547,0.039116,0,0,0,,,,
C,10548,0.041908,0,0,0,,,,
C,10549,0.044133,0,0,0,,,,
C,10550,0.040758,0,0,0,,,,
C,10551,0.037839,0,0,0,,,,
C,10552,0.037837,0,0,0,,,,
C,10553,0.037976,0,0,0,,,,
C,10554,0.042711,0,0,0,,,,
C,10555,0.037655,0,0,0,,,,
C,10556,0.038935,0,0,0,,,,
C,10557,0.038049,0,0,0,,,,
C,10558,0.036764,0,0,0,,,,
C,10559,0.037593,0,0,0,,,,
C,10560,0.036684,0,0,0,,,,
C,10561,0.038215,0,0,0,,,,
C,10562,0.035963,0,0,0,,,,
C,10563,0.036203,0,0,0,,,,
C,10564,0.036880,0,0,0,,,,
C,10565,0.037840,0,0,0,,,,
C,10566,0.036871,0,0,0,,,,
C,10567,0.041118,0,0,0,,,,
C,10568,0.038629,0,0,0,,,,
C,10569,0.039841,0,0,0,,,,
C,10570,0.038863,0,0,0,,,,
C,10571,0.040394,0,0,0,,,,
C,10572,0.038553,0,0,0,,,,
C,10573,0.037973,0,0,0,,,,
C,10574,0.036931,0,0,0,,,,
C,10575,0.040664,0,0,0,,,,
C,10576,0.046171,0,0,0,,,,
C,10577,0.035832,0,0,0,,,,
C,10578,0.037049,0,0,0,,,,
C,10579,0.035840,0,0,0,,,,
C,10580,0.035967,0,0,0,,,,
C,10581,0.036349,0,0,0,,,,
C,10582,0.037073,0,0,0,,,,
C,10583,0.036886,0,0,0,,,,
C,10584,0.037575,0,0,0,,,,
C,10585,0.040538,0,0,0,,,,
C,10586,0.040143,0,0,0,,,,
C,10587,0.038543,0,0,0,,,,
C,10588,0.040404,0,0,0,,,,
C,10589,0.041377,0,0,0,,,,
C,10590,0.037050,0,0,0,,,,
C,10591,0.037264,0,0,0,,,,
C,10592,0.037649,0,0,0,,,,
C,10593,0.050452,0,0,0,,,,
C,10594,0.041631,0,0,0,,,,
C,10595,0.042448,0,0,0,,,,
C,10596,0.037454,0,0,0,,,,
C,10597,0.036423,0,0,0,,,,
C,10598,0.036970,0,0,0,,,,
C,10599,0.037347,0,0,0,,,,
C,10600,0.037812,0,0,0,,,,
C,10601,0.037538,0,0,0,,,,
C,10602,0.035983,0,0,0,,,,
C,10603,0.038530,0,0,0,,,,
C,10604,0.066751,0,0,0,,,,
C,10605,0.036937,0,0,0,,,,
C,10606,0.042866,0,0,0,,,,
C,10607,0.036806,0,0,0,,,,
C,10608,0.037432,0,0,0,,,,
C,10609,0.038222,0,0,0,,,,
C,10610,0.036351,0,0,0,,,,
C,10611,0.036162,0,0,0,,,,
C,10612,0.036409,0,0,0,,,,
C,10613,0.036585,0,0,0,,,,
C,10614,0.039373,0,0,0,,,,
C,10615,0.037018,0,0,0,,,,
C,10616,0.037661,0,0,0,,,,
C,10617,0.038767,0,0,0,,,,
C,10618,0.038347,0,0,0,,,,
C,10619,0.043084,0,0,0,,,,
C,10620,0.049030,0,0,0,,,,
C,10621,0.037733,0,0,0,,,,
C,10622,0.036651,0,0,0,,,,
C,10623,0.042015,0,0,0,,,,
C,10624,0.043190,0,0,0,,,,
C,10625,0.038755,0,0,0,,,,
C,10626,0.039067,0,0,0,,,,
C,10627,0.040334,0,0,0,,,,
C,10628,0.037019,0,0,0,,,,
C,10629,0.046140,0,0,0,,,,
C,10630,0.038117,0,0,0,,,,
C,10631,0.051158,0,0,0,,,,
C,10632,0.037638,0,0,0,,,,
C,10633,0.039271,0,0,0,,,,
C,10634,0.038485,0,0,0,,,,
C,10635,0.050330,0,0,0,,,,
C,10636,0.050478,0,0,0,,,,
C,10637,0.047213,0,0,0,,,,
C,10638,0.040327,0,0,0,,,,
C,10639,0.049172,0,0,0,,,,
C,10640,0.044091,0,0,0,,,,
C,10641,0.042318,0,0,0,,,,
C,10642,0.037864,0,0,0,,,,
C,10643,0.040414,0,0,0,,,,
C,10644,0.046481,0,0,0,,,,
C,10645,0.043115,0,0,0,,,,
C,10646,0.042079,0,0,0,,,,
C,10647,0.038335,0,0,0,,,,
C,10648,0.040328,0,0,0,,,,
C,10649,0.045087,0,0,0,,,,
C,10650,0.039606,0,0,0,,,,
C,10651,0.037315,0,0,0,,,,
C,10652,0.038047,0,0,0,,,,
C,10653,0.039776,0,0,0,,,,
C,10654,0.039161,0,0,0,,,,
C,10655,0.038386,0,0,0,,,,
C,10656,0.037908,0,0,0,,,,
C,10657,0.038623,0,0,0,,,,
C,10658,0.049017,0,0,0,,,,
C,10659,0.043285,0,0,0,,,,
C,10660,0.037225,0,0,0,,,,
C,10661,0.038361,0,0,0,,,,
C,10662,0.037587,0,0,0,,,,
C,10663,0.037763,0,0,0,,,,
C,10664,0.037476,0,0,0,,,,
C,10665,0.036497,0,0,0,,,,
C,10666,0.038500,0,0,0,,,,
C,10667,0.040200,0,0,0,,,,
C,10668,0.046473,0,0,0,,,,
C,10669,0.037721,0,0,0,,,,
C,10670,0.038431,0,0,0,,,,
C,10671,0.039844,0,0,0,,,,
C,10672,0.037810,0,0,0,,,,
C,10673,0.039212,0,0,0,,,,
C,10674,0.037017,0,0,0,,,,
C,10675,0.036780,0,0,0,,,,
C,10676,0.037184,0,0,0,,,,
C,10677,0.038372,0,0,0,,,,
C,10678,0.039183,0,0,0,,,,
C,10679,0.044070,0,0,0,,,,
C,10680,0.037104,0,0,0,,,,
C,10681,0.040533,0,0,0,,,,
C,10682,0.037036,0,0,0,,,,
C,10683,0.037232,0,0,0,,,,
C,10684,0.038122,0,0,0,,,,
C,10685,0.045300,0,0,0,,,,
C,10686,0.041571,0,0,0,,,,
C,10687,0.065924,0,0,0,,,,
C,10688,0.038465,0,0,0,,,,
C,10689,0.038145,0,0,0,,,,
C,10690,0.039495,0,0,0,,,,
C,10691,0.039695,0,0,0,,,,
C,10692,0.038000,0,0,0,,,,
C,10693,0.041928,0,0,0,,,,
C,10694,0.048296,0,0,0,,,,
C,10695,0.038146,0,0,0,,,,
C,10696,0.038461,0,0,0,,,,
C,10697,0.046739,0,0,0,,,,
C,10698,0.042822,0,0,0,,,,
C,10699,0.039671,0,0,0,,,,
C,10700,0.039738,0,0,0,,,,
C,10701,0.048927,0,0,0,,,,
C,10702,0.036907,0,0,0,,,,
C,10703,0.040455,0,0,0,,,,
C,10704,0.037153,0,0,0,,,,
C,10705,0.037969,0,0,0,,,,
C,10706,0.041820,0,0,0,,,,
C,10707,0.041105,0,0,0,,,,
C,10708,0.041136,0,0,0,,,,
C,10709,0.036663,0,0,0,,,,
C,10710,0.035125,0,0,0,,,,
C,10711,0.035995,0,0,0,,,,
C,10712,0.034895,0,0,0,,,,
C,10713,0.035862,0,0,0,,,,
C,10714,0.035372,0,0,0,,,,
C,10715,0.035799,0,0,0,,,,
C,10716,0.036851,0,0,0,,,,
C,10717,0.035516,0,0,0,,,,
C,10718,0.035867,0,0,0,,,,
C,10719,0.036110,0,0,0,,,,
C,10720,0.035109,0,0,0,,,,
C,10721,0.035460,0,0,0,,,,
C,10722,0.036488,0,0,0,,,,
C,10723,0.035964,0,0,0,,,,
C,10724,0.044461,0,0,0,,,,
C,10725,0.036768,0,0,0,,,,
C,10726,0.042329,0,0,0,,,,
C,10727,0.038673,0,0,0,,,,
C,10728,0.036224,0,0,0,,,,
C,10729,0.039022,0,0,0,,,,
C,10730,0.036641,0,0,0,,,,
C,10731,0.042439,0,0,0,,,,
C,10732,0.040344,0,0,0,,,,
C,10733,0.038426,0,0,0,,,,
C,10734,0.037152,0,0,0,,,,
C,10735,0.039958,0,0,0,,,,
C,10736,0.035768,0,0,0,,,,
C,10737,0.036701,0,0,0,,,,
C,10738,0.038386,0,0,0,,,,
C,10739,0.040568,0,0,0,,,,
C,10740,0.038019,0,0,0,,,,
C,10741,0.038003,0,0,0,,,,
C,10742,0.037127,0,0,0,,,,
C,10743,0.035737,0,0,0,,,,
C,10744,0.037612,0,0,0,,,,
C,10745,0.038325,0,0,0,,,,
C,10746,0.036344,0,0,0,,,,
C,10747,0.038958,0,0,0,,,,
C,10748,0.038739,0,0,0,,,,
C,10749,0.034180,0,0,0,,,,
C,10750,0.038795,0,0,0,,,,
C,10751,0.038201,0,0,0,,,,
C,10752,0.035443,0,0,0,,,,
C,10753,0.036313,0,0,0,,,,
C,10754,0.034788,0,0,0,,,,
C,10755,0.036061,0,0,0,,,,
C,10756,0.035467,0,0,0,,,,
C,10757,0.046381,0,0,0,,,,
C,10758,0.042143,0,0,0,,,,
C,10759,0.039746,0,0,0,,,,
C,10760,0.041409,0,0,0,,,,
C,10761,0.041653,0,0,0,,,,
C,10762,0.038512,0,0,0,,,,
C,10763,0.037473,0,0,0,,,,
C,10764,0.037209,0,0,0,,,,
C,10765,0.043791,0,0,0,,,,
C,10766,0.040574,0,0,0,,,,
C,10767,0.037846,0,0,0,,,,
C,10768,0.036428,0,0,0,,,,
C,10769,0.038091,0,0,0,,,,
C,10770,0.041121,0,0,0,,,,
C,10771,0.038966,0,0,0,,,,
C,10772,0.041591,0,0,0,,,,
C,10773,0.036083,0,0,0,,,,
C,10774,0.036127,0,0,0,,,,
C,10775,0.036839,0,0,0,,,,
C,10776,0.038267,0,0,0,,,,
C,10777,0.036380,0,0,0,,,,
C,10778,0.036645,0,0,0,,,,
C,10779,0.036295,0,0,0,,,,
C,10780,0.036117,0,0,0,,,,
C,10781,0.036349,0,0,0,,,,
C,10782,0.037402,0,0,0,,,,
C,10783,0.037375,0,0,0,,,,
C,10784,0.036523,0,0,0,,,,
C,10785,0.036283,0,0,0,,,,
C,10786,0.035559,0,0,0,,,,
C,10787,0.038421,0,0,0,,,,
C,10788,0.035662,0,0,0,,,,
C,10789,0.042759,0,0,0,,,,
C,10790,0.037420,0,0,0,,,,
C,10791,0.045662,0,0,0,,,,
C,10792,0.041170,0,0,0,,,,
C,10793,0.045535,0,0,0,,,,
C,10794,0.042947,0,0,0,,,,
C,10795,0.038315,0,0,0,,,,
C,10796,0.038296,0,0,0,,,,
C,10797,0.040003,0,0,0,,,,
C,10798,0.041808,0,0,0,,,,
C,10799,0.038485,0,0,0,,,,
C,10800,0.041292,0,0,0,,,,
C,10801,0.038523,0,0,0,,,,
C,10802,0.035653,0,0,0,,,,
C,10803,0.035426,0,0,0,,,,
C,10804,0.036058,0,0,0,,,,
C,10805,0.036132,0,0,0,,,,
C,10806,0.035674,0,0,0,,,,
C,10807,0.035427,0,0,0,,,,
C,10808,0.036270,0,0,0,,,,
C,10809,0.035864,0,0,0,,,,
C,10810,0.036172,0,0,0,,,,
C,10811,0.035982,0,0,0,,,,
C,10812,0.036646,0,0,0,,,,
C,10813,0.037526,0,0,0,,,,
C,10814,0.036545,0,0,0,,,,
C,10815,0.035796,0,0,0,,,,
C,10816,0.036203,0,0,0,,,,
C,10817,0.036335,0,0,0,,,,
C,10818,0.036543,0,0,0,,,,
C,10819,0.035997,0,0,0,,,,
C,10820,0.036699,0,0,0,,,,
C,10821,0.036502,0,0,0,,,,
C,10822,0.035611,0,0,0,,,,
C,10823,0.036011,0,0,0,,,,
C,10824,0.036466,0,0,0,,,,
C,10825,0.036560,0,0,0,,,,
C,10826,0.035954,0,0,0,,,,
C,10827,0.035869,0,0,0,,,,
C,10828,0.036401,0,0,0,,,,
C,10829,0.036474,0,0,0,,,,
C,10830,0.036400,0,0,0,,,,
C,10831,0.035756,0,0,0,,,,
C,10832,0.035935,0,0,0,,,,
C,10833,0.035500,0,0,0,,,,
C,10834,0.036192,0,0,0,,,,
C,10835,0.036697,0,0,0,,,,
C,10836,0.035944,0,0,0,,,,
C,10837,0.035584,0,0,0,,,,
C,10838,0.036127,0,0,0,,,,
C,10839,0.035533,0,0,0,,,,
C,10840,0.035690,0,0,0,,,,
C,10841,0.035828,0,0,0,,,,
C,10842,0.035916,0,0,0,,,,
C,10843,0.036016,0,0,0,,,,
C,10844,0.038756,0,0,0,,,,
C,10845,0.042633,0,0,0,,,,
C,10846,0.040887,0,0,0,,,,
C,10847,0.037997,0,0,0,,,,
C,10848,0.041718,0,0,0,,,,
C,10849,0.040031,0,0,0,,,,
C,10850,0.043849,0,0,0,,,,
C,10851,0.040761,0,0,0,,,,
C,10852,0.041658,0,0,0,,,,
C,10853,0.041058,0,0,0,,,,
C,10854,0.036044,0,0,0,,,,
C,10855,0.036577,0,0,0,,,,
C,10856,0.041870,0,0,0,,,,
C,10857,0.039113,0,0,0,,,,
C,10858,0.044548,0,0,0,,,,
C,10859,0.037788,0,0,0,,,,
C,10860,0.038356,0,0,0,,,,
C,10861,0.038667,0,0,0,,,,
C,10862,0.039266,0,0,0,,,,
C,10863,0.039344,0,0,0,,,,
C,10864,0.038713,0,0,0,,,,
C,10865,0.044967,0,0,0,,,,
C,10866,0.036719,0,0,0,,,,
C,10867,0.039358,0,0,0,,,,
C,10868,0.039126,0,0,0,,,,
C,10869,0.037656,0,0,0,,,,
C,10870,0.036524,0,0,0,,,,
C,10871,0.036303,0,0,0,,,,
C,10872,0.045075,0,0,0,,,,
C,10873,0.038786,0,0,0,,,,
C,10874,0.037145,0,0,0,,,,
C,10875,0.037591,0,0,0,,,,
C,10876,0.037128,0,0,0,,,,
C,10877,0.037142,0,0,0,,,,
C,10878,0.036499,0,0,0,,,,
C,10879,0.035986,0,0,0,,,,
C,10880,0.035900,0,0,0,,,,
C,10881,0.036757,0,0,0,,,,
C,10882,0.036082,0,0,0,,,,
C,10883,0.036489,0,0,0,,,,
C,10884,0.036596,0,0,0,,,,
C,10885,0.035584,0,0,0,,,,
C,10886,0.036007,0,0,0,,,,
C,10887,0.037257,0,0,0,,,,
C,10888,0.048089,0,0,0,,,,
C,10889,0.035880,0,0,0,,,,
C,10890,0.039956,0,0,0,,,,
C,10891,0.039142,0,0,0,,,,
C,10892,0.036082,0,0,0,,,,
C,10893,0.042109,0,0,0,,,,
C,10894,0.039995,0,0,0,,,,
C,10895,0.040777,0,0,0,,,,
C,10896,0.039219,0,0,0,,,,
C,10897,0.037608,0,0,0,,,,
C,10898,0.037010,0,0,0,,,,
C,10899,0.042256,0,0,0,,,,
C,10900,0.036194,0,0,0,,,,
C,10901,0.036190,0,0,0,,,,
C,10902,0.039015,0,0,0,,,,
C,10903,0.037157,0,0,0,,,,
C,10904,0.036905,0,0,0,,,,
C,10905,0.036946,0,0,0,,,,
C,10906,0.038072,0,0,0,,,,
C,10907,0.036007,0,0,0,,,,
C,10908,0.038563,0,0,0,,,,
C,10909,0.035487,0,0,0,,,,
C,10910,0.036129,0,0,0,,,,
C,10911,0.036129,0,0,0,,,,
C,10912,0.036219,0,0,0,,,,
C,10913,0.052765,0,0,0,,,,
C,10914,0.035415,0,0,0,,,,
C,10915,0.036091,0,0,0,,,,
C,10916,0.043320,0,0,0,,,,
C,10917,0.036633,0,0,0,,,,
C,10918,0.035820,0,0,0,,,,
C,10919,0.037502,0,0,0,,,,
C,10920,0.039428,0,0,0,,,,
C,10921,0.036638,0,0,0,,,,
C,10922,0.037446,0,0,0,,,,
C,10923,0.037056,0,0,0,,,,
C,10924,0.035679,0,0,0,,,,
C,10925,0.036549,0,0,0,,,,
C,10926,0.037145,0,0,0,,,,
C,10927,0.036418,0,0,0,,,,
C,10928,0.036473,0,0,0,,,,
C,10929,0.037158,0,0,0,,,,
C,10930,0.035188,0,0,0,,,,
C,10931,0.037304,0,0,0,,,,
C,10932,0.036892,0,0,0,,,,
C,10933,0.036857,0,0,0,,,,
C,10934,0.036690,0,0,0,,,,
C,10935,0.037143,0,0,0,,,,
C,10936,0.037125,0,0,0,,,,
C,10937,0.036027,0,0,0,,,,
C,10938,0.036269,0,0,0,,,,
C,10939,0.037623,0,0,0,,,,
C,10940,0.035835,0,0,0,,,,
C,10941,0.036462,0,0,0,,,,
C,10942,0.036399,0,0,0,,,,
C,10943,0.036658,0,0,0,,,,
C,10944,0.034802,0,0,0,,,,
C,10945,0.043384,0,0,0,,,,
C,10946,0.036428,0,0,0,,,,
C,10947,0.035156,0,0,0,,,,
C,10948,0.041386,0,0,0,,,,
C,10949,0.034959,0,0,0,,,,
C,10950,0.035777,0,0,0,,,,
C,10951,0.035929,0,0,0,,,,
C,10952,0.035953,0,0,0,,,,
C,10953,0.036669,0,0,0,,,,
C,10954,0.036144,0,0,0,,,,
C,10955,0.036830,0,0,0,,,,
C,10956,0.036163,0,0,0,,,,
C,10957,0.036645,0,0,0,,,,
C,10958,0.035862,0,0,0,,,,
C,10959,0.037159,0,0,0,,,,
C,10960,0.035749,0,0,0,,,,
C,10961,0.035922,0,0,0,,,,
C,10962,0.036459,0,0,0,,,,
C,10963,0.035566,0,0,0,,,,
C,10964,0.035447,0,0,0,,,,
C,10965,0.039950,0,0,0,,,,
C,10966,0.035770,0,0,0,,,,
C,10967,0.038046,0,0,0,,,,
C,10968,0.039750,0,0,0,,,,
C,10969,0.036291,0,0,0,,,,
C,10970,0.035955,0,0,0,,,,
C,10971,0.036774,0,0,0,,,,
C,10972,0.036736,0,0,0,,,,
C,10973,0.036017,0,0,0,,,,
C,10974,0.036025,0,0,0,,,,
C,10975,0.035951,0,0,0,,,,
C,10976,0.036585,0,0,0,,,,
C,10977,0.036394,0,0,0,,,,
C,10978,0.035879,0,0,0,,,,
C,10979,0.035476,0,0,0,,,,
C,10980,0.035484,0,0,0,,,,
C,10981,0.035508,0,0,0,,,,
C,10982,0.035625,0,0,0,,,,
C,10983,0.036637,0,0,0,,,,
C,10984,0.035685,0,0,0,,,,
C,10985,0.036537,0,0,0,,,,
C,10986,0.035582,0,0,0,,,,
C,10987,0.036350,0,0,0,,,,
C,10988,0.036603,0,0,0,,,,
C,10989,0.037246,0,0,0,,,,
C,10990,0.036666,0,0,0,,,,
C,10991,0.036730,0,0,0,,,,
C,10992,0.037333,0,0,0,,,,
C,10993,0.035696,0,0,0,,,,
C,10994,0.036583,0,0,0,,,,
C,10995,0.036284,0,0,0,,,,
C,10996,0.035689,0,0,0,,,,
C,10997,0.035614,0,0,0,,,,
C,10998,0.036200,0,0,0,,,,
C,10999,0.056096,0,0,0,,,,
C,11000,0.040935,0,0,0,205.1,6.691e-11,"{'checked': 26, 'zsx_rejected': 6, 'default_rejected': 0, 'closed_form_forced': 0, 'inexact': 9, 'exact_rebuilt': 0, 'best_effort': 0, 'best_effort_worst': 0.0, 'psf_rerouted': 0, 'psf_rerouted_worst_residual': 0.0}",663
C,11001,0.036638,0,0,0,,,,
C,11002,0.038276,0,0,0,,,,
C,11003,0.038804,0,0,0,,,,
C,11004,0.037937,0,0,0,,,,
C,11005,0.037542,0,0,0,,,,
C,11006,0.038060,0,0,0,,,,
C,11007,0.045702,0,0,0,,,,
C,11008,0.038569,0,0,0,,,,
C,11009,0.038175,0,0,0,,,,
C,11010,0.037855,0,0,0,,,,
C,11011,0.038530,0,0,0,,,,
C,11012,0.037599,0,0,0,,,,
C,11013,0.037504,0,0,0,,,,
C,11014,0.037211,0,0,0,,,,
C,11015,0.039183,0,0,0,,,,
C,11016,0.038440,0,0,0,,,,
C,11017,0.039915,0,0,0,,,,
C,11018,0.044823,0,0,0,,,,
C,11019,0.038393,0,0,0,,,,
C,11020,0.036808,0,0,0,,,,
C,11021,0.038706,0,0,0,,,,
C,11022,0.039925,0,0,0,,,,
C,11023,0.038321,0,0,0,,,,
C,11024,0.042709,0,0,0,,,,
C,11025,0.047174,0,0,0,,,,
C,11026,0.046355,0,0,0,,,,
C,11027,0.041161,0,0,0,,,,
C,11028,0.040881,0,0,0,,,,
C,11029,0.052663,0,0,0,,,,
C,11030,0.038937,0,0,0,,,,
C,11031,0.037651,0,0,0,,,,
C,11032,0.038787,0,0,0,,,,
C,11033,0.042662,0,0,0,,,,
C,11034,0.039172,0,0,0,,,,
C,11035,0.039820,0,0,0,,,,
C,11036,0.046165,0,0,0,,,,
C,11037,0.040471,0,0,0,,,,
C,11038,0.055362,0,0,0,,,,
C,11039,0.039289,0,0,0,,,,
C,11040,0.039882,0,0,0,,,,
C,11041,0.038123,0,0,0,,,,
C,11042,0.037176,0,0,0,,,,
C,11043,0.037704,0,0,0,,,,
C,11044,0.037927,0,0,0,,,,
C,11045,0.038999,0,0,0,,,,
C,11046,0.039009,0,0,0,,,,
C,11047,0.036987,0,0,0,,,,
C,11048,0.043543,0,0,0,,,,
C,11049,0.037413,0,0,0,,,,
C,11050,0.039145,0,0,0,,,,
C,11051,0.047515,0,0,0,,,,
C,11052,0.041985,0,0,0,,,,
C,11053,0.037053,0,0,0,,,,
C,11054,0.037358,0,0,0,,,,
C,11055,0.036765,0,0,0,,,,
C,11056,0.037812,0,0,0,,,,
C,11057,0.048030,0,0,0,,,,
C,11058,0.042234,0,0,0,,,,
C,11059,0.039572,0,0,0,,,,
C,11060,0.040749,0,0,0,,,,
C,11061,0.038047,0,0,0,,,,
C,11062,0.041060,0,0,0,,,,
C,11063,0.038510,0,0,0,,,,
C,11064,0.039219,0,0,0,,,,
C,11065,0.039233,0,0,0,,,,
C,11066,0.037264,0,0,0,,,,
C,11067,0.037493,0,0,0,,,,
C,11068,0.037488,0,0,0,,,,
C,11069,0.036826,0,0,0,,,,
C,11070,0.037094,0,0,0,,,,
C,11071,0.040425,0,0,0,,,,
C,11072,0.036620,0,0,0,,,,
C,11073,0.038178,0,0,0,,,,
C,11074,0.037544,0,0,0,,,,
C,11075,0.037970,0,0,0,,,,
C,11076,0.037219,0,0,0,,,,
C,11077,0.039050,0,0,0,,,,
C,11078,0.037171,0,0,0,,,,
C,11079,0.048459,0,0,0,,,,
C,11080,0.036043,0,0,0,,,,
C,11081,0.039446,0,0,0,,,,
C,11082,0.039146,0,0,0,,,,
C,11083,0.040319,0,0,0,,,,
C,11084,0.045649,0,0,0,,,,
C,11085,0.040659,0,0,0,,,,
C,11086,0.045464,0,0,0,,,,
C,11087,0.038799,0,0,0,,,,
C,11088,0.037497,0,0,0,,,,
C,11089,0.042612,0,0,0,,,,
C,11090,0.043024,0,0,0,,,,
C,11091,0.042996,0,0,0,,,,
C,11092,0.047303,0,0,0,,,,
C,11093,0.046387,0,0,0,,,,
C,11094,0.040499,0,0,0,,,,
C,11095,0.039715,0,0,0,,,,
C,11096,0.045746,0,0,0,,,,
C,11097,0.039497,0,0,0,,,,
C,11098,0.036894,0,0,0,,,,
C,11099,0.037636,0,0,0,,,,
C,11100,0.039174,0,0,0,,,,
C,11101,0.036585,0,0,0,,,,
C,11102,0.037351,0,0,0,,,,
C,11103,0.038372,0,0,0,,,,
C,11104,0.038610,0,0,0,,,,
C,11105,0.038007,0,0,0,,,,
C,11106,0.037164,0,0,0,,,,
C,11107,0.038686,0,0,0,,,,
C,11108,0.040970,0,0,0,,,,
C,11109,0.038021,0,0,0,,,,
C,11110,0.035671,0,0,0,,,,
C,11111,0.037444,0,0,0,,,,
C,11112,0.036979,0,0,0,,,,
C,11113,0.037666,0,0,0,,,,
C,11114,0.041137,0,0,0,,,,
C,11115,0.042780,0,0,0,,,,
C,11116,0.043774,0,0,0,,,,
C,11117,0.038007,0,0,0,,,,
C,11118,0.040183,0,0,0,,,,
C,11119,0.039092,0,0,0,,,,
C,11120,0.036647,0,0,0,,,,
C,11121,0.036345,0,0,0,,,,
C,11122,0.036974,0,0,0,,,,
C,11123,0.042636,0,0,0,,,,
C,11124,0.043989,0,0,0,,,,
C,11125,0.035436,0,0,0,,,,
C,11126,0.036049,0,0,0,,,,
C,11127,0.036570,0,0,0,,,,
C,11128,0.041248,0,0,0,,,,
C,11129,0.038866,0,0,0,,,,
C,11130,0.038451,0,0,0,,,,
C,11131,0.036806,0,0,0,,,,
C,11132,0.036825,0,0,0,,,,
C,11133,0.049050,0,0,0,,,,
C,11134,0.036458,0,0,0,,,,
C,11135,0.036525,0,0,0,,,,
C,11136,0.044036,0,0,0,,,,
C,11137,0.036285,0,0,0,,,,
C,11138,0.037126,0,0,0,,,,
C,11139,0.036434,0,0,0,,,,
C,11140,0.037585,0,0,0,,,,
C,11141,0.035805,0,0,0,,,,
C,11142,0.036654,0,0,0,,,,
C,11143,0.036984,0,0,0,,,,
C,11144,0.036430,0,0,0,,,,
C,11145,0.038905,0,0,0,,,,
C,11146,0.037025,0,0,0,,,,
C,11147,0.036351,0,0,0,,,,
C,11148,0.041429,0,0,0,,,,
C,11149,0.036879,0,0,0,,,,
C,11150,0.037047,0,0,0,,,,
C,11151,0.035784,0,0,0,,,,
C,11152,0.035889,0,0,0,,,,
C,11153,0.039190,0,0,0,,,,
C,11154,0.035440,0,0,0,,,,
C,11155,0.035894,0,0,0,,,,
C,11156,0.035997,0,0,0,,,,
C,11157,0.036600,0,0,0,,,,
C,11158,0.035797,0,0,0,,,,
C,11159,0.036761,0,0,0,,,,
C,11160,0.035553,0,0,0,,,,
C,11161,0.036276,0,0,0,,,,
C,11162,0.038682,0,0,0,,,,
C,11163,0.038166,0,0,0,,,,
C,11164,0.037459,0,0,0,,,,
C,11165,0.036745,0,0,0,,,,
C,11166,0.037313,0,0,0,,,,
C,11167,0.043092,0,0,0,,,,
C,11168,0.037719,0,0,0,,,,
C,11169,0.037316,0,0,0,,,,
C,11170,0.037243,0,0,0,,,,
C,11171,0.036777,0,0,0,,,,
C,11172,0.035366,0,0,0,,,,
C,11173,0.036331,0,0,0,,,,
C,11174,0.035875,0,0,0,,,,
C,11175,0.036404,0,0,0,,,,
C,11176,0.039241,0,0,0,,,,
C,11177,0.036863,0,0,0,,,,
C,11178,0.037107,0,0,0,,,,
C,11179,0.037537,0,0,0,,,,
C,11180,0.038507,0,0,0,,,,
C,11181,0.038430,0,0,0,,,,
C,11182,0.039788,0,0,0,,,,
C,11183,0.036668,0,0,0,,,,
C,11184,0.037792,0,0,0,,,,
C,11185,0.036947,0,0,0,,,,
C,11186,0.040185,0,0,0,,,,
C,11187,0.036562,0,0,0,,,,
C,11188,0.049330,0,0,0,,,,
C,11189,0.042865,0,0,0,,,,
C,11190,0.036848,0,0,0,,,,
C,11191,0.036115,0,0,0,,,,
C,11192,0.036065,0,0,0,,,,
C,11193,0.036864,0,0,0,,,,
C,11194,0.036200,0,0,0,,,,
C,11195,0.036307,0,0,0,,,,
C,11196,0.041302,0,0,0,,,,
C,11197,0.036269,0,0,0,,,,
C,11198,0.038470,0,0,0,,,,
C,11199,0.039350,0,0,0,,,,
C,11200,0.035826,0,0,0,,,,
C,11201,0.036873,0,0,0,,,,
C,11202,0.035733,0,0,0,,,,
C,11203,0.036425,0,0,0,,,,
C,11204,0.042615,0,0,0,,,,
C,11205,0.035940,0,0,0,,,,
C,11206,0.034940,0,0,0,,,,
C,11207,0.035798,0,0,0,,,,
C,11208,0.035958,0,0,0,,,,
C,11209,0.036784,0,0,0,,,,
C,11210,0.036488,0,0,0,,,,
C,11211,0.037279,0,0,0,,,,
C,11212,0.037635,0,0,0,,,,
C,11213,0.037477,0,0,0,,,,
C,11214,0.038133,0,0,0,,,,
C,11215,0.043312,0,0,0,,,,
C,11216,0.037573,0,0,0,,,,
C,11217,0.037724,0,0,0,,,,
C,11218,0.038032,0,0,0,,,,
C,11219,0.037408,0,0,0,,,,
C,11220,0.037142,0,0,0,,,,
C,11221,0.036520,0,0,0,,,,
C,11222,0.037199,0,0,0,,,,
C,11223,0.036077,0,0,0,,,,
C,11224,0.036153,0,0,0,,,,
C,11225,0.036322,0,0,0,,,,
C,11226,0.036197,0,0,0,,,,
C,11227,0.036100,0,0,0,,,,
C,11228,0.035838,0,0,0,,,,
C,11229,0.036247,0,0,0,,,,
C,11230,0.036775,0,0,0,,,,
C,11231,0.037494,0,0,0,,,,
C,11232,0.036653,0,0,0,,,,
C,11233,0.036500,0,0,0,,,,
C,11234,0.037739,0,0,0,,,,
C,11235,0.036544,0,0,0,,,,
C,11236,0.035852,0,0,0,,,,
C,11237,0.035931,0,0,0,,,,
C,11238,0.037089,0,0,0,,,,
C,11239,0.036450,0,0,0,,,,
C,11240,0.035725,0,0,0,,,,
C,11241,0.037612,0,0,0,,,,
C,11242,0.037244,0,0,0,,,,
C,11243,0.037099,0,0,0,,,,
C,11244,0.037827,0,0,0,,,,
C,11245,0.036938,0,0,0,,,,
C,11246,0.037157,0,0,0,,,,
C,11247,0.037293,0,0,0,,,,
C,11248,0.037264,0,0,0,,,,
C,11249,0.037710,0,0,0,,,,
C,11250,0.037779,0,0,0,,,,
C,11251,0.036534,0,0,0,,,,
C,11252,0.037956,0,0,0,,,,
C,11253,0.037642,0,0,0,,,,
C,11254,0.037178,0,0,0,,,,
C,11255,0.037132,0,0,0,,,,
C,11256,0.036529,0,0,0,,,,
C,11257,0.037553,0,0,0,,,,
C,11258,0.040045,0,0,0,,,,
C,11259,0.038743,0,0,0,,,,
C,11260,0.040905,0,0,0,,,,
C,11261,0.037562,0,0,0,,,,
C,11262,0.036651,0,0,0,,,,
C,11263,0.037017,0,0,0,,,,
C,11264,0.045855,0,0,0,,,,
C,11265,0.035554,0,0,0,,,,
C,11266,0.036274,0,0,0,,,,
C,11267,0.038424,0,0,0,,,,
C,11268,0.037943,0,0,0,,,,
C,11269,0.036379,0,0,0,,,,
C,11270,0.037521,0,0,0,,,,
C,11271,0.036224,0,0,0,,,,
C,11272,0.038528,0,0,0,,,,
C,11273,0.036170,0,0,0,,,,
C,11274,0.036658,0,0,0,,,,
C,11275,0.035675,0,0,0,,,,
C,11276,0.038963,0,0,0,,,,
C,11277,0.035992,0,0,0,,,,
C,11278,0.037311,0,0,0,,,,
C,11279,0.038045,0,0,0,,,,
C,11280,0.037226,0,0,0,,,,
C,11281,0.036602,0,0,0,,,,
C,11282,0.038410,0,0,0,,,,
C,11283,0.036913,0,0,0,,,,
C,11284,0.038355,0,0,0,,,,
C,11285,0.036712,0,0,0,,,,
C,11286,0.035740,0,0,0,,,,
C,11287,0.040493,0,0,0,,,,
C,11288,0.037010,0,0,0,,,,
C,11289,0.036643,0,0,0,,,,
C,11290,0.036813,0,0,0,,,,
C,11291,0.037585,0,0,0,,,,
C,11292,0.037288,0,0,0,,,,
C,11293,0.036809,0,0,0,,,,
C,11294,0.036570,0,0,0,,,,
C,11295,0.036556,0,0,0,,,,
C,11296,0.035938,0,0,0,,,,
C,11297,0.036038,0,0,0,,,,
C,11298,0.035598,0,0,0,,,,
C,11299,0.036487,0,0,0,,,,
C,11300,0.035710,0,0,0,,,,
C,11301,0.036233,0,0,0,,,,
C,11302,0.036467,0,0,0,,,,
C,11303,0.038284,0,0,0,,,,
C,11304,0.036587,0,0,0,,,,
C,11305,0.038352,0,0,0,,,,
C,11306,0.037924,0,0,0,,,,
C,11307,0.037052,0,0,0,,,,
C,11308,0.037095,0,0,0,,,,
C,11309,0.037124,0,0,0,,,,
C,11310,0.037515,0,0,0,,,,
C,11311,0.037080,0,0,0,,,,
C,11312,0.036660,0,0,0,,,,
C,11313,0.036467,0,0,0,,,,
C,11314,0.036481,0,0,0,,,,
C,11315,0.036138,0,0,0,,,,
C,11316,0.035572,0,0,0,,,,
C,11317,0.035697,0,0,0,,,,
C,11318,0.035572,0,0,0,,,,
C,11319,0.035653,0,0,0,,,,
C,11320,0.036259,0,0,0,,,,
C,11321,0.036740,0,0,0,,,,
C,11322,0.036016,0,0,0,,,,
C,11323,0.036543,0,0,0,,,,
C,11324,0.036422,0,0,0,,,,
C,11325,0.035633,0,0,0,,,,
C,11326,0.036881,0,0,0,,,,
C,11327,0.036400,0,0,0,,,,
C,11328,0.036115,0,0,0,,,,
C,11329,0.036192,0,0,0,,,,
C,11330,0.035983,0,0,0,,,,
C,11331,0.036449,0,0,0,,,,
C,11332,0.036168,0,0,0,,,,
C,11333,0.036475,0,0,0,,,,
C,11334,0.036464,0,0,0,,,,
C,11335,0.036188,0,0,0,,,,
C,11336,0.037630,0,0,0,,,,
C,11337,0.037027,0,0,0,,,,
C,11338,0.036368,0,0,0,,,,
C,11339,0.036794,0,0,0,,,,
C,11340,0.036836,0,0,0,,,,
C,11341,0.060940,0,0,0,,,,
C,11342,0.036856,0,0,0,,,,
C,11343,0.036653,0,0,0,,,,
C,11344,0.036694,0,0,0,,,,
C,11345,0.036620,0,0,0,,,,
C,11346,0.037871,0,0,0,,,,
C,11347,0.038003,0,0,0,,,,
C,11348,0.036708,0,0,0,,,,
C,11349,0.036450,0,0,0,,,,
C,11350,0.036580,0,0,0,,,,
C,11351,0.036689,0,0,0,,,,
C,11352,0.036388,0,0,0,,,,
C,11353,0.036601,0,0,0,,,,
C,11354,0.036888,0,0,0,,,,
C,11355,0.036564,0,0,0,,,,
C,11356,0.037141,0,0,0,,,,
C,11357,0.035981,0,0,0,,,,
C,11358,0.036031,0,0,0,,,,
C,11359,0.038074,0,0,0,,,,
C,11360,0.041681,0,0,0,,,,
C,11361,0.050599,0,0,0,,,,
C,11362,0.039305,0,0,0,,,,
C,11363,0.038174,0,0,0,,,,
C,11364,0.039724,0,0,0,,,,
C,11365,0.036120,0,0,0,,,,
C,11366,0.035704,0,0,0,,,,
C,11367,0.036012,0,0,0,,,,
C,11368,0.037577,0,0,0,,,,
C,11369,0.039600,0,0,0,,,,
C,11370,0.038400,0,0,0,,,,
C,11371,0.038423,0,0,0,,,,
C,11372,0.038309,0,0,0,,,,
C,11373,0.036902,0,0,0,,,,
C,11374,0.037437,0,0,0,,,,
C,11375,0.036557,0,0,0,,,,
C,11376,0.036491,0,0,0,,,,
C,11377,0.037209,0,0,0,,,,
C,11378,0.037615,0,0,0,,,,
C,11379,0.038343,0,0,0,,,,
C,11380,0.048990,0,0,0,,,,
C,11381,0.037916,0,0,0,,,,
C,11382,0.046523,0,0,0,,,,
C,11383,0.037536,0,0,0,,,,
C,11384,0.049963,0,0,0,,,,
C,11385,0.040665,0,0,0,,,,
C,11386,0.049348,0,0,0,,,,
C,11387,0.039242,0,0,0,,,,
C,11388,0.037544,0,0,0,,,,
C,11389,0.038329,0,0,0,,,,
C,11390,0.037385,0,0,0,,,,
C,11391,0.037036,0,0,0,,,,
C,11392,0.037729,0,0,0,,,,
C,11393,0.042965,0,0,0,,,,
C,11394,0.042042,0,0,0,,,,
C,11395,0.039038,0,0,0,,,,
C,11396,0.041353,0,0,0,,,,
C,11397,0.038998,0,0,0,,,,
C,11398,0.043456,0,0,0,,,,
C,11399,0.045045,0,0,0,,,,
C,11400,0.038121,0,0,0,,,,
C,11401,0.038878,0,0,0,,,,
C,11402,0.048750,0,0,0,,,,
C,11403,0.038089,0,0,0,,,,
C,11404,0.039169,0,0,0,,,,
C,11405,0.036458,0,0,0,,,,
C,11406,0.040959,0,0,0,,,,
C,11407,0.049191,0,0,0,,,,
C,11408,0.038857,0,0,0,,,,
C,11409,0.046465,0,0,0,,,,
C,11410,0.039181,0,0,0,,,,
C,11411,0.037223,0,0,0,,,,
C,11412,0.038653,0,0,0,,,,
C,11413,0.038676,0,0,0,,,,
C,11414,0.037546,0,0,0,,,,
C,11415,0.040618,0,0,0,,,,
C,11416,0.038993,0,0,0,,,,
C,11417,0.043910,0,0,0,,,,
C,11418,0.035837,0,0,0,,,,
C,11419,0.036969,0,0,0,,,,
C,11420,0.036898,0,0,0,,,,
C,11421,0.036540,0,0,0,,,,
C,11422,0.046169,0,0,0,,,,
C,11423,0.041803,0,0,0,,,,
C,11424,0.037430,0,0,0,,,,
C,11425,0.038076,0,0,0,,,,
C,11426,0.037739,0,0,0,,,,
C,11427,0.041627,0,0,0,,,,
C,11428,0.037567,0,0,0,,,,
C,11429,0.036769,0,0,0,,,,
C,11430,0.036679,0,0,0,,,,
C,11431,0.037251,0,0,0,,,,
C,11432,0.037358,0,0,0,,,,
C,11433,0.037039,0,0,0,,,,
C,11434,0.042916,0,0,0,,,,
C,11435,0.039032,0,0,0,,,,
C,11436,0.044198,0,0,0,,,,
C,11437,0.038276,0,0,0,,,,
C,11438,0.037344,0,0,0,,,,
C,11439,0.036583,0,0,0,,,,
C,11440,0.037488,0,0,0,,,,
C,11441,0.036718,0,0,0,,,,
C,11442,0.035927,0,0,0,,,,
C,11443,0.036557,0,0,0,,,,
C,11444,0.039517,0,0,0,,,,
C,11445,0.047100,0,0,0,,,,
C,11446,0.038001,0,0,0,,,,
C,11447,0.036372,0,0,0,,,,
C,11448,0.038550,0,0,0,,,,
C,11449,0.035729,0,0,0,,,,
C,11450,0.035731,0,0,0,,,,
C,11451,0.036934,0,0,0,,,,
C,11452,0.038016,0,0,0,,,,
C,11453,0.036363,0,0,0,,,,
C,11454,0.036484,0,0,0,,,,
C,11455,0.036676,0,0,0,,,,
C,11456,0.037311,0,0,0,,,,
C,11457,0.035609,0,0,0,,,,
C,11458,0.035441,0,0,0,,,,
C,11459,0.035189,0,0,0,,,,
C,11460,0.035158,0,0,0,,,,
C,11461,0.035046,0,0,0,,,,
C,11462,0.035050,0,0,0,,,,
C,11463,0.035073,0,0,0,,,,
C,11464,0.035662,0,0,0,,,,
C,11465,0.035650,0,0,0,,,,
C,11466,0.035598,0,0,0,,,,
C,11467,0.035689,0,0,0,,,,
C,11468,0.035191,0,0,0,,,,
C,11469,0.034693,0,0,0,,,,
C,11470,0.035779,0,0,0,,,,
C,11471,0.035156,0,0,0,,,,
C,11472,0.034768,0,0,0,,,,
C,11473,0.035768,0,0,0,,,,
C,11474,0.035839,0,0,0,,,,
C,11475,0.034783,0,0,0,,,,
C,11476,0.041803,0,0,0,,,,
C,11477,0.041055,0,0,0,,,,
C,11478,0.041046,0,0,0,,,,
C,11479,0.041050,0,0,0,,,,
C,11480,0.041164,0,0,0,,,,
C,11481,0.048991,0,0,0,,,,
C,11482,0.041738,0,0,0,,,,
C,11483,0.049502,0,0,0,,,,
C,11484,0.037614,0,0,0,,,,
C,11485,0.053101,0,0,0,,,,
C,11486,0.042269,0,0,0,,,,
C,11487,0.039051,0,0,0,,,,
C,11488,0.039812,0,0,0,,,,
C,11489,0.039299,0,0,0,,,,
C,11490,0.039673,0,0,0,,,,
C,11491,0.035777,0,0,0,,,,
C,11492,0.036936,0,0,0,,,,
C,11493,0.038329,0,0,0,,,,
C,11494,0.039362,0,0,0,,,,
C,11495,0.039593,0,0,0,,,,
C,11496,0.042821,0,0,0,,,,
C,11497,0.037274,0,0,0,,,,
C,11498,0.042512,0,0,0,,,,
C,11499,0.044340,0,0,0,,,,
C,11500,0.038292,0,0,0,,,,
C,11501,0.040617,0,0,0,,,,
C,11502,0.037002,0,0,0,,,,
C,11503,0.035693,0,0,0,,,,
C,11504,0.038859,0,0,0,,,,
C,11505,0.087775,0,0,0,,,,
C,11506,0.037984,0,0,0,,,,
C,11507,0.041692,0,0,0,,,,
C,11508,0.036793,0,0,0,,,,
C,11509,0.037281,0,0,0,,,,
C,11510,0.037841,0,0,0,,,,
C,11511,0.039075,0,0,0,,,,
C,11512,0.037049,0,0,0,,,,
C,11513,0.036951,0,0,0,,,,
C,11514,0.038356,0,0,0,,,,
C,11515,0.042350,0,0,0,,,,
C,11516,0.042268,0,0,0,,,,
C,11517,0.037059,0,0,0,,,,
C,11518,0.038436,0,0,0,,,,
C,11519,0.037383,0,0,0,,,,
C,11520,0.037424,0,0,0,,,,
C,11521,0.036523,0,0,0,,,,
C,11522,0.037246,0,0,0,,,,
C,11523,0.036531,0,0,0,,,,
C,11524,0.038056,0,0,0,,,,
C,11525,0.037202,0,0,0,,,,
C,11526,0.036447,0,0,0,,,,
C,11527,0.037127,0,0,0,,,,
C,11528,0.036828,0,0,0,,,,
C,11529,0.040114,0,0,0,,,,
C,11530,0.039033,0,0,0,,,,
C,11531,0.040188,0,0,0,,,,
C,11532,0.037206,0,0,0,,,,
C,11533,0.037205,0,0,0,,,,
C,11534,0.036877,0,0,0,,,,
C,11535,0.036223,0,0,0,,,,
C,11536,0.036948,0,0,0,,,,
C,11537,0.041551,0,0,0,,,,
C,11538,0.036894,0,0,0,,,,
C,11539,0.039203,0,0,0,,,,
C,11540,0.037062,0,0,0,,,,
C,11541,0.037518,0,0,0,,,,
C,11542,0.036949,0,0,0,,,,
C,11543,0.037251,0,0,0,,,,
C,11544,0.037406,0,0,0,,,,
C,11545,0.036875,0,0,0,,,,
C,11546,0.041471,0,0,0,,,,
C,11547,0.037667,0,0,0,,,,
C,11548,0.037354,0,0,0,,,,
C,11549,0.036425,0,0,0,,,,
C,11550,0.036360,0,0,0,,,,
C,11551,0.036688,0,0,0,,,,
C,11552,0.036573,0,0,0,,,,
C,11553,0.039092,0,0,0,,,,
C,11554,0.039205,0,0,0,,,,
C,11555,0.038469,0,0,0,,,,
C,11556,0.038579,0,0,0,,,,
C,11557,0.036794,0,0,0,,,,
C,11558,0.036483,0,0,0,,,,
C,11559,0.035815,0,0,0,,,,
C,11560,0.036350,0,0,0,,,,
C,11561,0.036278,0,0,0,,,,
C,11562,0.037171,0,0,0,,,,
C,11563,0.035561,0,0,0,,,,
C,11564,0.035541,0,0,0,,,,
C,11565,0.036003,0,0,0,,,,
C,11566,0.037268,0,0,0,,,,
C,11567,0.037530,0,0,0,,,,
C,11568,0.036177,0,0,0,,,,
C,11569,0.036798,0,0,0,,,,
C,11570,0.037438,0,0,0,,,,
C,11571,0.041268,0,0,0,,,,
C,11572,0.038068,0,0,0,,,,
C,11573,0.037067,0,0,0,,,,
C,11574,0.035820,0,0,0,,,,
C,11575,0.037239,0,0,0,,,,
C,11576,0.037582,0,0,0,,,,
C,11577,0.036815,0,0,0,,,,
C,11578,0.037365,0,0,0,,,,
C,11579,0.038479,0,0,0,,,,
C,11580,0.038212,0,0,0,,,,
C,11581,0.037619,0,0,0,,,,
C,11582,0.039749,0,0,0,,,,
C,11583,0.045060,0,0,0,,,,
C,11584,0.038773,0,0,0,,,,
C,11585,0.044002,0,0,0,,,,
C,11586,0.037292,0,0,0,,,,
C,11587,0.036457,0,0,0,,,,
C,11588,0.036884,0,0,0,,,,
C,11589,0.042812,0,0,0,,,,
C,11590,0.036224,0,0,0,,,,
C,11591,0.038706,0,0,0,,,,
C,11592,0.037250,0,0,0,,,,
C,11593,0.038336,0,0,0,,,,
C,11594,0.038713,0,0,0,,,,
C,11595,0.039649,0,0,0,,,,
C,11596,0.039488,0,0,0,,,,
C,11597,0.047202,0,0,0,,,,
C,11598,0.041643,0,0,0,,,,
C,11599,0.040488,0,0,0,,,,
C,11600,0.038612,0,0,0,,,,
C,11601,0.054116,0,0,0,,,,
C,11602,0.038366,0,0,0,,,,
C,11603,0.036807,0,0,0,,,,
C,11604,0.036852,0,0,0,,,,
C,11605,0.043514,0,0,0,,,,
C,11606,0.045500,0,0,0,,,,
C,11607,0.038244,0,0,0,,,,
C,11608,0.043431,0,0,0,,,,
C,11609,0.045165,0,0,0,,,,
C,11610,0.045635,0,0,0,,,,
C,11611,0.039201,0,0,0,,,,
C,11612,0.042496,0,0,0,,,,
C,11613,0.038566,0,0,0,,,,
C,11614,0.038404,0,0,0,,,,
C,11615,0.036678,0,0,0,,,,
C,11616,0.036875,0,0,0,,,,
C,11617,0.043326,0,0,0,,,,
C,11618,0.038192,0,0,0,,,,
C,11619,0.038879,0,0,0,,,,
C,11620,0.054578,0,0,0,,,,
C,11621,0.039924,0,0,0,,,,
C,11622,0.038351,0,0,0,,,,
C,11623,0.042627,0,0,0,,,,
C,11624,0.037379,0,0,0,,,,
C,11625,0.038633,0,0,0,,,,
C,11626,0.040413,0,0,0,,,,
C,11627,0.039013,0,0,0,,,,
C,11628,0.038535,0,0,0,,,,
C,11629,0.037091,0,0,0,,,,
C,11630,0.038512,0,0,0,,,,
C,11631,0.038684,0,0,0,,,,
C,11632,0.036393,0,0,0,,,,
C,11633,0.035695,0,0,0,,,,
C,11634,0.034708,0,0,0,,,,
C,11635,0.037198,0,0,0,,,,
C,11636,0.042298,0,0,0,,,,
C,11637,0.036630,0,0,0,,,,
C,11638,0.035262,0,0,0,,,,
C,11639,0.035563,0,0,0,,,,
C,11640,0.035337,0,0,0,,,,
C,11641,0.038913,0,0,0,,,,
C,11642,0.045405,0,0,0,,,,
C,11643,0.037942,0,0,0,,,,
C,11644,0.041577,0,0,0,,,,
C,11645,0.040111,0,0,0,,,,
C,11646,0.042693,0,0,0,,,,
C,11647,0.042320,0,0,0,,,,
C,11648,0.039457,0,0,0,,,,
C,11649,0.046692,0,0,0,,,,
C,11650,0.036180,0,0,0,,,,
C,11651,0.036524,0,0,0,,,,
C,11652,0.036320,0,0,0,,,,
C,11653,0.036313,0,0,0,,,,
C,11654,0.038171,0,0,0,,,,
C,11655,0.036428,0,0,0,,,,
C,11656,0.036272,0,0,0,,,,
C,11657,0.036226,0,0,0,,,,
C,11658,0.036139,0,0,0,,,,
C,11659,0.036260,0,0,0,,,,
C,11660,0.036633,0,0,0,,,,
C,11661,0.036130,0,0,0,,,,
C,11662,0.037075,0,0,0,,,,
C,11663,0.036402,0,0,0,,,,
C,11664,0.036389,0,0,0,,,,
C,11665,0.036064,0,0,0,,,,
C,11666,0.036181,0,0,0,,,,
C,11667,0.036020,0,0,0,,,,
C,11668,0.035554,0,0,0,,,,
C,11669,0.035441,0,0,0,,,,
C,11670,0.035818,0,0,0,,,,
C,11671,0.035667,0,0,0,,,,
C,11672,0.036584,0,0,0,,,,
C,11673,0.036212,0,0,0,,,,
C,11674,0.035446,0,0,0,,,,
C,11675,0.036451,0,0,0,,,,
C,11676,0.036120,0,0,0,,,,
C,11677,0.035615,0,0,0,,,,
C,11678,0.036013,0,0,0,,,,
C,11679,0.035927,0,0,0,,,,
C,11680,0.036067,0,0,0,,,,
C,11681,0.036336,0,0,0,,,,
C,11682,0.035708,0,0,0,,,,
C,11683,0.035987,0,0,0,,,,
C,11684,0.036016,0,0,0,,,,
C,11685,0.036097,0,0,0,,,,
C,11686,0.035920,0,0,0,,,,
C,11687,0.036705,0,0,0,,,,
C,11688,0.037133,0,0,0,,,,
C,11689,0.037653,0,0,0,,,,
C,11690,0.037713,0,0,0,,,,
C,11691,0.036510,0,0,0,,,,
C,11692,0.040965,0,0,0,,,,
C,11693,0.050562,0,0,0,,,,
C,11694,0.036974,0,0,0,,,,
C,11695,0.038811,0,0,0,,,,
C,11696,0.036324,0,0,0,,,,
C,11697,0.036048,0,0,0,,,,
C,11698,0.036322,0,0,0,,,,
C,11699,0.039757,0,0,0,,,,
C,11700,0.036105,0,0,0,,,,
C,11701,0.038050,0,0,0,,,,
C,11702,0.036121,0,0,0,,,,
C,11703,0.037364,0,0,0,,,,
C,11704,0.036660,0,0,0,,,,
C,11705,0.037150,0,0,0,,,,
C,11706,0.037413,0,0,0,,,,
C,11707,0.036411,0,0,0,,,,
C,11708,0.035911,0,0,0,,,,
C,11709,0.035635,0,0,0,,,,
C,11710,0.046593,0,0,0,,,,
C,11711,0.036485,0,0,0,,,,
C,11712,0.036765,0,0,0,,,,
C,11713,0.036492,0,0,0,,,,
C,11714,0.036855,0,0,0,,,,
C,11715,0.036592,0,0,0,,,,
C,11716,0.035563,0,0,0,,,,
C,11717,0.035141,0,0,0,,,,
C,11718,0.038511,0,0,0,,,,
C,11719,0.039186,0,0,0,,,,
C,11720,0.037982,0,0,0,,,,
C,11721,0.037545,0,0,0,,,,
C,11722,0.035993,0,0,0,,,,
C,11723,0.039463,0,0,0,,,,
C,11724,0.036821,0,0,0,,,,
C,11725,0.037389,0,0,0,,,,
C,11726,0.038210,0,0,0,,,,
C,11727,0.038099,0,0,0,,,,
C,11728,0.035902,0,0,0,,,,
C,11729,0.035611,0,0,0,,,,
C,11730,0.035566,0,0,0,,,,
C,11731,0.037136,0,0,0,,,,
C,11732,0.036676,0,0,0,,,,
C,11733,0.038125,0,0,0,,,,
C,11734,0.036212,0,0,0,,,,
C,11735,0.036688,0,0,0,,,,
C,11736,0.035693,0,0,0,,,,
C,11737,0.036845,0,0,0,,,,
C,11738,0.037208,0,0,0,,,,
C,11739,0.036463,0,0,0,,,,
C,11740,0.036274,0,0,0,,,,
C,11741,0.044773,0,0,0,,,,
C,11742,0.039313,0,0,0,,,,
C,11743,0.037012,0,0,0,,,,
C,11744,0.035543,0,0,0,,,,
C,11745,0.036628,0,0,0,,,,
C,11746,0.038991,0,0,0,,,,
C,11747,0.038590,0,0,0,,,,
C,11748,0.035575,0,0,0,,,,
C,11749,0.036865,0,0,0,,,,
C,11750,0.041813,0,0,0,,,,
C,11751,0.039068,0,0,0,,,,
C,11752,0.035906,0,0,0,,,,
C,11753,0.035581,0,0,0,,,,
C,11754,0.035572,0,0,0,,,,
C,11755,0.035276,0,0,0,,,,
C,11756,0.038713,0,0,0,,,,
C,11757,0.046264,0,0,0,,,,
C,11758,0.035985,0,0,0,,,,
C,11759,0.036527,0,0,0,,,,
C,11760,0.037038,0,0,0,,,,
C,11761,0.039431,0,0,0,,,,
C,11762,0.036475,0,0,0,,,,
C,11763,0.039187,0,0,0,,,,
C,11764,0.036680,0,0,0,,,,
C,11765,0.044831,0,0,0,,,,
C,11766,0.037299,0,0,0,,,,
C,11767,0.042681,0,0,0,,,,
C,11768,0.037006,0,0,0,,,,
C,11769,0.036436,0,0,0,,,,
C,11770,0.036701,0,0,0,,,,
C,11771,0.036697,0,0,0,,,,
C,11772,0.036375,0,0,0,,,,
C,11773,0.039940,0,0,0,,,,
C,11774,0.037059,0,0,0,,,,
C,11775,0.036443,0,0,0,,,,
C,11776,0.035957,0,0,0,,,,
C,11777,0.035902,0,0,0,,,,
C,11778,0.037038,0,0,0,,,,
C,11779,0.035987,0,0,0,,,,
C,11780,0.036380,0,0,0,,,,
C,11781,0.036391,0,0,0,,,,
C,11782,0.035840,0,0,0,,,,
C,11783,0.037503,0,0,0,,,,
C,11784,0.035761,0,0,0,,,,
C,11785,0.036385,0,0,0,,,,
C,11786,0.035903,0,0,0,,,,
C,11787,0.036254,0,0,0,,,,
C,11788,0.035858,0,0,0,,,,
C,11789,0.036126,0,0,0,,,,
C,11790,0.035609,0,0,0,,,,
C,11791,0.038560,0,0,0,,,,
C,11792,0.035506,0,0,0,,,,
C,11793,0.035717,0,0,0,,,,
C,11794,0.038406,0,0,0,,,,
C,11795,0.038245,0,0,0,,,,
C,11796,0.035603,0,0,0,,,,
C,11797,0.036308,0,0,0,,,,
C,11798,0.036430,0,0,0,,,,
C,11799,0.035918,0,0,0,,,,
C,11800,0.039015,0,0,0,,,,
C,11801,0.038656,0,0,0,,,,
C,11802,0.037685,0,0,0,,,,
C,11803,0.037423,0,0,0,,,,
C,11804,0.036836,0,0,0,,,,
C,11805,0.036079,0,0,0,,,,
C,11806,0.035432,0,0,0,,,,
C,11807,0.035920,0,0,0,,,,
C,11808,0.036185,0,0,0,,,,
C,11809,0.035861,0,0,0,,,,
C,11810,0.040796,0,0,0,,,,
C,11811,0.042267,0,0,0,,,,
C,11812,0.036946,0,0,0,,,,
C,11813,0.061938,0,0,0,,,,
C,11814,0.045099,0,0,0,,,,
C,11815,0.053237,0,0,0,,,,
C,11816,0.043595,0,0,0,,,,
C,11817,0.043507,0,0,0,,,,
C,11818,0.047599,0,0,0,,,,
C,11819,0.043354,0,0,0,,,,
C,11820,0.038424,0,0,0,,,,
C,11821,0.055606,0,0,0,,,,
C,11822,0.039543,0,0,0,,,,
C,11823,0.038154,0,0,0,,,,
C,11824,0.037512,0,0,0,,,,
C,11825,0.037940,0,0,0,,,,
C,11826,0.037547,0,0,0,,,,
C,11827,0.040816,0,0,0,,,,
C,11828,0.037928,0,0,0,,,,
C,11829,0.036944,0,0,0,,,,
C,11830,0.038468,0,0,0,,,,
C,11831,0.038119,0,0,0,,,,
C,11832,0.038346,0,0,0,,,,
C,11833,0.037367,0,0,0,,,,
C,11834,0.037499,0,0,0,,,,
C,11835,0.044941,0,0,0,,,,
C,11836,0.040729,0,0,0,,,,
C,11837,0.039492,0,0,0,,,,
C,11838,0.038449,0,0,0,,,,
C,11839,0.038774,0,0,0,,,,
C,11840,0.038782,0,0,0,,,,
C,11841,0.045491,0,0,0,,,,
C,11842,0.042037,0,0,0,,,,
C,11843,0.038677,0,0,0,,,,
C,11844,0.039614,0,0,0,,,,
C,11845,0.044421,0,0,0,,,,
C,11846,0.045259,0,0,0,,,,
C,11847,0.042851,0,0,0,,,,
C,11848,0.042440,0,0,0,,,,
C,11849,0.039864,0,0,0,,,,
C,11850,0.040189,0,0,0,,,,
C,11851,0.055159,0,0,0,,,,
C,11852,0.041837,0,0,0,,,,
C,11853,0.040205,0,0,0,,,,
C,11854,0.036902,0,0,0,,,,
C,11855,0.046015,0,0,0,,,,
C,11856,0.037661,0,0,0,,,,
C,11857,0.038713,0,0,0,,,,
C,11858,0.038622,0,0,0,,,,
C,11859,0.045906,0,0,0,,,,
C,11860,0.037437,0,0,0,,,,
C,11861,0.044037,0,0,0,,,,
C,11862,0.046187,0,0,0,,,,
C,11863,0.039333,0,0,0,,,,
C,11864,0.042057,0,0,0,,,,
C,11865,0.038548,0,0,0,,,,
C,11866,0.042756,0,0,0,,,,
C,11867,0.042219,0,0,0,,,,
C,11868,0.036734,0,0,0,,,,
C,11869,0.037044,0,0,0,,,,
C,11870,0.041602,0,0,0,,,,
C,11871,0.038630,0,0,0,,,,
C,11872,0.038524,0,0,0,,,,
C,11873,0.038310,0,0,0,,,,
C,11874,0.039637,0,0,0,,,,
C,11875,0.039999,0,0,0,,,,
C,11876,0.038615,0,0,0,,,,
C,11877,0.038650,0,0,0,,,,
C,11878,0.037382,0,0,0,,,,
C,11879,0.037373,0,0,0,,,,
C,11880,0.035451,0,0,0,,,,
C,11881,0.040741,0,0,0,,,,
C,11882,0.036253,0,0,0,,,,
C,11883,0.038327,0,0,0,,,,
C,11884,0.038309,0,0,0,,,,
C,11885,0.036675,0,0,0,,,,
C,11886,0.036745,0,0,0,,,,
C,11887,0.044625,0,0,0,,,,
C,11888,0.043098,0,0,0,,,,
C,11889,0.037587,0,0,0,,,,
C,11890,0.038983,0,0,0,,,,
C,11891,0.042381,0,0,0,,,,
C,11892,0.042422,0,0,0,,,,
C,11893,0.037465,0,0,0,,,,
C,11894,0.038812,0,0,0,,,,
C,11895,0.043700,0,0,0,,,,
C,11896,0.037013,0,0,0,,,,
C,11897,0.037099,0,0,0,,,,
C,11898,0.037704,0,0,0,,,,
C,11899,0.039231,0,0,0,,,,
C,11900,0.037229,0,0,0,,,,
C,11901,0.038810,0,0,0,,,,
C,11902,0.039423,0,0,0,,,,
C,11903,0.039337,0,0,0,,,,
C,11904,0.038741,0,0,0,,,,
C,11905,0.037138,0,0,0,,,,
C,11906,0.038847,0,0,0,,,,
C,11907,0.039020,0,0,0,,,,
C,11908,0.038812,0,0,0,,,,
C,11909,0.038584,0,0,0,,,,
C,11910,0.037963,0,0,0,,,,
C,11911,0.042385,0,0,0,,,,
C,11912,0.038197,0,0,0,,,,
C,11913,0.040713,0,0,0,,,,
C,11914,0.038945,0,0,0,,,,
C,11915,0.039464,0,0,0,,,,
C,11916,0.044878,0,0,0,,,,
C,11917,0.037995,0,0,0,,,,
C,11918,0.040610,0,0,0,,,,
C,11919,0.039782,0,0,0,,,,
C,11920,0.054598,0,0,0,,,,
C,11921,0.047726,0,0,0,,,,
C,11922,0.039491,0,0,0,,,,
C,11923,0.048728,0,0,0,,,,
C,11924,0.040751,0,0,0,,,,
C,11925,0.037471,0,0,0,,,,
C,11926,0.038999,0,0,0,,,,
C,11927,0.042547,0,0,0,,,,
C,11928,0.039171,0,0,0,,,,
C,11929,0.038629,0,0,0,,,,
C,11930,0.036846,0,0,0,,,,
C,11931,0.037372,0,0,0,,,,
C,11932,0.038454,0,0,0,,,,
C,11933,0.040651,0,0,0,,,,
C,11934,0.041406,0,0,0,,,,
C,11935,0.039357,0,0,0,,,,
C,11936,0.039386,0,0,0,,,,
C,11937,0.038655,0,0,0,,,,
C,11938,0.038329,0,0,0,,,,
C,11939,0.038399,0,0,0,,,,
C,11940,0.037663,0,0,0,,,,
C,11941,0.036587,0,0,0,,,,
C,11942,0.038428,0,0,0,,,,
C,11943,0.037451,0,0,0,,,,
C,11944,0.037592,0,0,0,,,,
C,11945,0.037574,0,0,0,,,,
C,11946,0.037253,0,0,0,,,,
C,11947,0.038049,0,0,0,,,,
C,11948,0.039007,0,0,0,,,,
C,11949,0.038890,0,0,0,,,,
C,11950,0.037143,0,0,0,,,,
C,11951,0.038305,0,0,0,,,,
C,11952,0.036428,0,0,0,,,,
C,11953,0.036019,0,0,0,,,,
C,11954,0.036147,0,0,0,,,,
C,11955,0.037686,0,0,0,,,,
C,11956,0.037733,0,0,0,,,,
C,11957,0.036990,0,0,0,,,,
C,11958,0.036796,0,0,0,,,,
C,11959,0.037554,0,0,0,,,,
C,11960,0.038024,0,0,0,,,,
C,11961,0.037849,0,0,0,,,,
C,11962,0.038417,0,0,0,,,,
C,11963,0.037673,0,0,0,,,,
C,11964,0.037422,0,0,0,,,,
C,11965,0.038315,0,0,0,,,,
C,11966,0.038686,0,0,0,,,,
C,11967,0.037377,0,0,0,,,,
C,11968,0.038818,0,0,0,,,,
C,11969,0.036696,0,0,0,,,,
C,11970,0.037245,0,0,0,,,,
C,11971,0.037150,0,0,0,,,,
C,11972,0.037640,0,0,0,,,,
C,11973,0.036089,0,0,0,,,,
C,11974,0.037056,0,0,0,,,,
C,11975,0.049785,0,0,0,,,,
C,11976,0.039395,0,0,0,,,,
C,11977,0.037576,0,0,0,,,,
C,11978,0.037738,0,0,0,,,,
C,11979,0.036790,0,0,0,,,,
C,11980,0.036948,0,0,0,,,,
C,11981,0.036457,0,0,0,,,,
C,11982,0.037832,0,0,0,,,,
C,11983,0.038232,0,0,0,,,,
C,11984,0.037900,0,0,0,,,,
C,11985,0.036268,0,0,0,,,,
C,11986,0.036843,0,0,0,,,,
C,11987,0.035926,0,0,0,,,,
C,11988,0.037551,0,0,0,,,,
C,11989,0.037174,0,0,0,,,,
C,11990,0.039905,0,0,0,,,,
C,11991,0.037849,0,0,0,,,,
C,11992,0.048833,0,0,0,,,,
C,11993,0.039619,0,0,0,,,,
C,11994,0.037982,0,0,0,,,,
C,11995,0.038867,0,0,0,,,,
C,11996,0.037149,0,0,0,,,,
C,11997,0.038282,0,0,0,,,,
C,11998,0.038020,0,0,0,,,,
C,11999,0.038789,0,0,0,,,,
C,12000,0.039542,0,0,0,206.6,7.299e-11,"{'checked': 26, 'zsx_rejected': 6, 'default_rejected': 0, 'closed_form_forced': 0, 'inexact': 9, 'exact_rebuilt': 0, 'best_effort': 0, 'best_effort_worst': 0.0, 'psf_rerouted': 0, 'psf_rerouted_worst_residual': 0.0}",723
C,12001,0.042090,0,0,0,,,,
C,12002,0.039809,0,0,0,,,,
C,12003,0.039400,0,0,0,,,,
C,12004,0.040904,0,0,0,,,,
C,12005,0.038102,0,0,0,,,,
C,12006,0.038320,0,0,0,,,,
C,12007,0.037717,0,0,0,,,,
C,12008,0.037752,0,0,0,,,,
C,12009,0.037234,0,0,0,,,,
C,12010,0.037114,0,0,0,,,,
C,12011,0.036828,0,0,0,,,,
C,12012,0.037364,0,0,0,,,,
C,12013,0.037404,0,0,0,,,,
C,12014,0.037174,0,0,0,,,,
C,12015,0.039244,0,0,0,,,,
C,12016,0.041440,0,0,0,,,,
C,12017,0.039159,0,0,0,,,,
C,12018,0.038795,0,0,0,,,,
C,12019,0.038981,0,0,0,,,,
C,12020,0.038157,0,0,0,,,,
C,12021,0.040123,0,0,0,,,,
C,12022,0.045464,0,0,0,,,,
C,12023,0.059751,0,0,0,,,,
C,12024,0.044336,0,0,0,,,,
C,12025,0.045243,0,0,0,,,,
C,12026,0.041264,0,0,0,,,,
C,12027,0.046394,0,0,0,,,,
C,12028,0.041593,0,0,0,,,,
C,12029,0.127511,0,0,0,,,,
C,12030,0.041484,0,0,0,,,,
C,12031,0.037871,0,0,0,,,,
C,12032,0.041158,0,0,0,,,,
C,12033,0.042914,0,0,0,,,,
C,12034,0.048786,0,0,0,,,,
C,12035,0.050274,0,0,0,,,,
C,12036,0.041587,0,0,0,,,,
C,12037,0.040918,0,0,0,,,,
C,12038,0.042720,0,0,0,,,,
C,12039,0.041094,0,0,0,,,,
C,12040,0.041017,0,0,0,,,,
C,12041,0.038553,0,0,0,,,,
C,12042,0.037726,0,0,0,,,,
C,12043,0.036856,0,0,0,,,,
C,12044,0.038438,0,0,0,,,,
C,12045,0.037482,0,0,0,,,,
C,12046,0.037332,0,0,0,,,,
C,12047,0.038260,0,0,0,,,,
C,12048,0.039241,0,0,0,,,,
C,12049,0.038254,0,0,0,,,,
C,12050,0.039906,0,0,0,,,,
C,12051,0.037581,0,0,0,,,,
C,12052,0.038292,0,0,0,,,,
C,12053,0.036633,0,0,0,,,,
C,12054,0.039115,0,0,0,,,,
C,12055,0.036284,0,0,0,,,,
C,12056,0.038967,0,0,0,,,,
C,12057,0.049970,0,0,0,,,,
C,12058,0.046359,0,0,0,,,,
C,12059,0.047115,0,0,0,,,,
C,12060,0.041707,0,0,0,,,,
C,12061,0.049667,0,0,0,,,,
C,12062,0.040617,0,0,0,,,,
C,12063,0.052948,0,0,0,,,,
C,12064,0.037980,0,0,0,,,,
C,12065,0.041984,0,0,0,,,,
C,12066,0.045172,0,0,0,,,,
C,12067,0.047513,0,0,0,,,,
C,12068,0.045895,0,0,0,,,,
C,12069,0.038384,0,0,0,,,,
C,12070,0.042710,0,0,0,,,,
C,12071,0.040471,0,0,0,,,,
C,12072,0.040002,0,0,0,,,,
C,12073,0.040291,0,0,0,,,,
C,12074,0.040641,0,0,0,,,,
C,12075,0.040794,0,0,0,,,,
C,12076,0.037640,0,0,0,,,,
C,12077,0.038049,0,0,0,,,,
C,12078,0.040279,0,0,0,,,,
C,12079,0.039421,0,0,0,,,,
C,12080,0.042195,0,0,0,,,,
C,12081,0.038183,0,0,0,,,,
C,12082,0.037313,0,0,0,,,,
C,12083,0.042859,0,0,0,,,,
C,12084,0.042070,0,0,0,,,,
C,12085,0.040614,0,0,0,,,,
C,12086,0.043087,0,0,0,,,,
C,12087,0.037692,0,0,0,,,,
C,12088,0.039013,0,0,0,,,,
C,12089,0.039309,0,0,0,,,,
C,12090,0.037984,0,0,0,,,,
C,12091,0.037974,0,0,0,,,,
C,12092,0.042112,0,0,0,,,,
C,12093,0.038390,0,0,0,,,,
C,12094,0.037134,0,0,0,,,,
C,12095,0.037268,0,0,0,,,,
C,12096,0.036813,0,0,0,,,,
C,12097,0.036834,0,0,0,,,,
C,12098,0.037217,0,0,0,,,,
C,12099,0.036133,0,0,0,,,,
C,12100,0.036353,0,0,0,,,,
C,12101,0.036012,0,0,0,,,,
C,12102,0.037628,0,0,0,,,,
C,12103,0.036833,0,0,0,,,,
C,12104,0.037646,0,0,0,,,,
C,12105,0.035858,0,0,0,,,,
C,12106,0.035805,0,0,0,,,,
C,12107,0.039832,0,0,0,,,,
C,12108,0.046408,0,0,0,,,,
C,12109,0.049451,0,0,0,,,,
C,12110,0.040157,0,0,0,,,,
C,12111,0.043203,0,0,0,,,,
C,12112,0.039326,0,0,0,,,,
C,12113,0.044695,0,0,0,,,,
C,12114,0.041112,0,0,0,,,,
C,12115,0.041185,0,0,0,,,,
C,12116,0.042667,0,0,0,,,,
C,12117,0.044864,0,0,0,,,,
C,12118,0.041440,0,0,0,,,,
C,12119,0.044233,0,0,0,,,,
C,12120,0.037439,0,0,0,,,,
C,12121,0.039923,0,0,0,,,,
C,12122,0.050065,0,0,0,,,,
C,12123,0.038843,0,0,0,,,,
C,12124,0.036327,0,0,0,,,,
C,12125,0.037728,0,0,0,,,,
C,12126,0.036671,0,0,0,,,,
C,12127,0.037550,0,0,0,,,,
C,12128,0.039726,0,0,0,,,,
C,12129,0.037503,0,0,0,,,,
C,12130,0.035880,0,0,0,,,,
C,12131,0.039776,0,0,0,,,,
C,12132,0.037084,0,0,0,,,,
C,12133,0.036375,0,0,0,,,,
C,12134,0.036437,0,0,0,,,,
C,12135,0.036031,0,0,0,,,,
C,12136,0.037533,0,0,0,,,,
C,12137,0.036909,0,0,0,,,,
C,12138,0.041127,0,0,0,,,,
C,12139,0.037444,0,0,0,,,,
C,12140,0.036922,0,0,0,,,,
C,12141,0.036954,0,0,0,,,,
C,12142,0.037770,0,0,0,,,,
C,12143,0.047326,0,0,0,,,,
C,12144,0.044048,0,0,0,,,,
C,12145,0.038539,0,0,0,,,,
C,12146,0.036251,0,0,0,,,,
C,12147,0.038829,0,0,0,,,,
C,12148,0.036162,0,0,0,,,,
C,12149,0.036070,0,0,0,,,,
C,12150,0.036339,0,0,0,,,,
C,12151,0.035689,0,0,0,,,,
C,12152,0.036892,0,0,0,,,,
C,12153,0.035869,0,0,0,,,,
C,12154,0.035963,0,0,0,,,,
C,12155,0.035888,0,0,0,,,,
C,12156,0.035816,0,0,0,,,,
C,12157,0.035902,0,0,0,,,,
C,12158,0.035035,0,0,0,,,,
C,12159,0.035415,0,0,0,,,,
C,12160,0.037311,0,0,0,,,,
C,12161,0.036161,0,0,0,,,,
C,12162,0.036465,0,0,0,,,,
C,12163,0.037291,0,0,0,,,,
C,12164,0.037236,0,0,0,,,,
C,12165,0.036184,0,0,0,,,,
C,12166,0.036553,0,0,0,,,,
C,12167,0.036684,0,0,0,,,,
C,12168,0.036119,0,0,0,,,,
C,12169,0.037297,0,0,0,,,,
C,12170,0.035823,0,0,0,,,,
C,12171,0.036187,0,0,0,,,,
C,12172,0.036587,0,0,0,,,,
C,12173,0.036975,0,0,0,,,,
C,12174,0.036186,0,0,0,,,,
C,12175,0.038569,0,0,0,,,,
C,12176,0.035281,0,0,0,,,,
C,12177,0.037597,0,0,0,,,,
C,12178,0.037127,0,0,0,,,,
C,12179,0.036344,0,0,0,,,,
C,12180,0.039564,0,0,0,,,,
C,12181,0.037993,0,0,0,,,,
C,12182,0.037434,0,0,0,,,,
C,12183,0.038846,0,0,0,,,,
C,12184,0.037761,0,0,0,,,,
C,12185,0.036439,0,0,0,,,,
C,12186,0.038495,0,0,0,,,,
C,12187,0.036518,0,0,0,,,,
C,12188,0.042523,0,0,0,,,,
C,12189,0.036999,0,0,0,,,,
C,12190,0.036414,0,0,0,,,,
C,12191,0.037391,0,0,0,,,,
C,12192,0.040670,0,0,0,,,,
C,12193,0.038075,0,0,0,,,,
C,12194,0.036476,0,0,0,,,,
C,12195,0.041953,0,0,0,,,,
C,12196,0.036985,0,0,0,,,,
C,12197,0.036317,0,0,0,,,,
C,12198,0.039954,0,0,0,,,,
C,12199,0.037659,0,0,0,,,,
C,12200,0.037383,0,0,0,,,,
C,12201,0.036451,0,0,0,,,,
C,12202,0.037256,0,0,0,,,,
C,12203,0.037341,0,0,0,,,,
C,12204,0.036503,0,0,0,,,,
C,12205,0.036655,0,0,0,,,,
C,12206,0.037127,0,0,0,,,,
C,12207,0.037473,0,0,0,,,,
C,12208,0.036022,0,0,0,,,,
C,12209,0.042570,0,0,0,,,,
C,12210,0.034873,0,0,0,,,,
C,12211,0.036128,0,0,0,,,,
C,12212,0.039807,0,0,0,,,,
C,12213,0.040744,0,0,0,,,,
C,12214,0.039731,0,0,0,,,,
C,12215,0.037080,0,0,0,,,,
C,12216,0.049164,0,0,0,,,,
C,12217,0.035412,0,0,0,,,,
C,12218,0.035394,0,0,0,,,,
C,12219,0.037027,0,0,0,,,,
C,12220,0.036036,0,0,0,,,,
C,12221,0.036693,0,0,0,,,,
C,12222,0.037095,0,0,0,,,,
C,12223,0.035964,0,0,0,,,,
C,12224,0.035679,0,0,0,,,,
C,12225,0.036168,0,0,0,,,,
C,12226,0.036791,0,0,0,,,,
C,12227,0.035922,0,0,0,,,,
C,12228,0.036512,0,0,0,,,,
C,12229,0.036373,0,0,0,,,,
C,12230,0.036143,0,0,0,,,,
C,12231,0.036962,0,0,0,,,,
C,12232,0.036311,0,0,0,,,,
C,12233,0.036391,0,0,0,,,,
C,12234,0.037175,0,0,0,,,,
C,12235,0.037492,0,0,0,,,,
C,12236,0.036910,0,0,0,,,,
C,12237,0.036367,0,0,0,,,,
C,12238,0.036180,0,0,0,,,,
C,12239,0.036810,0,0,0,,,,
C,12240,0.036365,0,0,0,,,,
C,12241,0.036457,0,0,0,,,,
C,12242,0.036528,0,0,0,,,,
C,12243,0.037735,0,0,0,,,,
C,12244,0.036307,0,0,0,,,,
C,12245,0.036112,0,0,0,,,,
C,12246,0.036957,0,0,0,,,,
C,12247,0.041865,0,0,0,,,,
C,12248,0.036794,0,0,0,,,,
C,12249,0.042393,0,0,0,,,,
C,12250,0.040170,0,0,0,,,,
C,12251,0.051641,0,0,0,,,,
C,12252,0.038447,0,0,0,,,,
C,12253,0.038049,0,0,0,,,,
C,12254,0.037166,0,0,0,,,,
C,12255,0.038271,0,0,0,,,,
C,12256,0.037684,0,0,0,,,,
C,12257,0.044528,0,0,0,,,,
C,12258,0.036361,0,0,0,,,,
C,12259,0.036116,0,0,0,,,,
C,12260,0.036199,0,0,0,,,,
C,12261,0.041628,0,0,0,,,,
C,12262,0.042816,0,0,0,,,,
C,12263,0.038990,0,0,0,,,,
C,12264,0.037591,0,0,0,,,,
C,12265,0.038087,0,0,0,,,,
C,12266,0.036313,0,0,0,,,,
C,12267,0.037437,0,0,0,,,,
C,12268,0.037657,0,0,0,,,,
C,12269,0.038558,0,0,0,,,,
C,12270,0.041191,0,0,0,,,,
C,12271,0.036184,0,0,0,,,,
C,12272,0.044902,0,0,0,,,,
C,12273,0.037393,0,0,0,,,,
C,12274,0.037575,0,0,0,,,,
C,12275,0.039359,0,0,0,,,,
C,12276,0.041939,0,0,0,,,,
C,12277,0.036755,0,0,0,,,,
C,12278,0.036558,0,0,0,,,,
C,12279,0.051366,0,0,0,,,,
C,12280,0.036545,0,0,0,,,,
C,12281,0.035257,0,0,0,,,,
C,12282,0.038596,0,0,0,,,,
C,12283,0.035712,0,0,0,,,,
C,12284,0.037554,0,0,0,,,,
C,12285,0.035939,0,0,0,,,,
C,12286,0.036263,0,0,0,,,,
C,12287,0.036590,0,0,0,,,,
C,12288,0.035862,0,0,0,,,,
C,12289,0.035927,0,0,0,,,,
C,12290,0.035488,0,0,0,,,,
C,12291,0.036770,0,0,0,,,,
C,12292,0.035514,0,0,0,,,,
C,12293,0.036800,0,0,0,,,,
C,12294,0.036066,0,0,0,,,,
C,12295,0.035525,0,0,0,,,,
C,12296,0.035457,0,0,0,,,,
C,12297,0.036034,0,0,0,,,,
C,12298,0.035940,0,0,0,,,,
C,12299,0.036301,0,0,0,,,,
C,12300,0.037007,0,0,0,,,,
C,12301,0.036490,0,0,0,,,,
C,12302,0.045909,0,0,0,,,,
C,12303,0.036513,0,0,0,,,,
C,12304,0.035181,0,0,0,,,,
C,12305,0.036303,0,0,0,,,,
C,12306,0.037283,0,0,0,,,,
C,12307,0.036060,0,0,0,,,,
C,12308,0.035918,0,0,0,,,,
C,12309,0.036324,0,0,0,,,,
C,12310,0.037368,0,0,0,,,,
C,12311,0.036116,0,0,0,,,,
C,12312,0.035895,0,0,0,,,,
C,12313,0.038970,0,0,0,,,,
C,12314,0.035950,0,0,0,,,,
C,12315,0.036470,0,0,0,,,,
C,12316,0.035646,0,0,0,,,,
C,12317,0.035910,0,0,0,,,,
C,12318,0.035641,0,0,0,,,,
C,12319,0.036253,0,0,0,,,,
C,12320,0.036477,0,0,0,,,,
C,12321,0.037897,0,0,0,,,,
C,12322,0.037741,0,0,0,,,,
C,12323,0.036061,0,0,0,,,,
C,12324,0.037101,0,0,0,,,,
C,12325,0.036391,0,0,0,,,,
C,12326,0.036399,0,0,0,,,,
C,12327,0.035938,0,0,0,,,,
C,12328,0.036329,0,0,0,,,,
C,12329,0.035684,0,0,0,,,,
C,12330,0.036243,0,0,0,,,,
C,12331,0.035581,0,0,0,,,,
C,12332,0.036482,0,0,0,,,,
C,12333,0.036261,0,0,0,,,,
C,12334,0.035763,0,0,0,,,,
C,12335,0.036151,0,0,0,,,,
C,12336,0.036383,0,0,0,,,,
C,12337,0.036747,0,0,0,,,,
C,12338,0.036545,0,0,0,,,,
C,12339,0.036523,0,0,0,,,,
C,12340,0.036402,0,0,0,,,,
C,12341,0.035787,0,0,0,,,,
C,12342,0.035583,0,0,0,,,,
C,12343,0.035165,0,0,0,,,,
C,12344,0.035516,0,0,0,,,,
C,12345,0.036352,0,0,0,,,,
C,12346,0.036428,0,0,0,,,,
C,12347,0.035499,0,0,0,,,,
C,12348,0.035334,0,0,0,,,,
C,12349,0.035711,0,0,0,,,,
C,12350,0.036401,0,0,0,,,,
C,12351,0.036062,0,0,0,,,,
C,12352,0.035603,0,0,0,,,,
C,12353,0.035281,0,0,0,,,,
C,12354,0.046248,0,0,0,,,,
C,12355,0.037362,0,0,0,,,,
C,12356,0.036819,0,0,0,,,,
C,12357,0.036470,0,0,0,,,,
C,12358,0.035149,0,0,0,,,,
C,12359,0.036813,0,0,0,,,,
C,12360,0.035742,0,0,0,,,,
C,12361,0.036330,0,0,0,,,,
C,12362,0.036197,0,0,0,,,,
C,12363,0.041328,0,0,0,,,,
C,12364,0.036590,0,0,0,,,,
C,12365,0.036818,0,0,0,,,,
C,12366,0.035818,0,0,0,,,,
C,12367,0.036604,0,0,0,,,,
C,12368,0.035687,0,0,0,,,,
C,12369,0.037638,0,0,0,,,,
C,12370,0.035213,0,0,0,,,,
C,12371,0.035951,0,0,0,,,,
C,12372,0.036439,0,0,0,,,,
C,12373,0.039755,0,0,0,,,,
C,12374,0.039545,0,0,0,,,,
C,12375,0.036545,0,0,0,,,,
C,12376,0.037470,0,0,0,,,,
C,12377,0.034831,0,0,0,,,,
C,12378,0.036959,0,0,0,,,,
C,12379,0.035249,0,0,0,,,,
C,12380,0.036947,0,0,0,,,,
C,12381,0.038769,0,0,0,,,,
C,12382,0.043680,0,0,0,,,,
C,12383,0.036865,0,0,0,,,,
C,12384,0.039158,0,0,0,,,,
C,12385,0.043574,0,0,0,,,,
C,12386,0.042275,0,0,0,,,,
C,12387,0.047707,0,0,0,,,,
C,12388,0.036787,0,0,0,,,,
C,12389,0.040812,0,0,0,,,,
C,12390,0.037551,0,0,0,,,,
C,12391,0.038460,0,0,0,,,,
C,12392,0.037706,0,0,0,,,,
C,12393,0.038519,0,0,0,,,,
C,12394,0.038223,0,0,0,,,,
C,12395,0.039848,0,0,0,,,,
C,12396,0.036858,0,0,0,,,,
C,12397,0.036528,0,0,0,,,,
C,12398,0.036912,0,0,0,,,,
C,12399,0.036815,0,0,0,,,,
C,12400,0.037767,0,0,0,,,,
C,12401,0.037495,0,0,0,,,,
C,12402,0.036217,0,0,0,,,,
C,12403,0.036206,0,0,0,,,,
C,12404,0.036186,0,0,0,,,,
C,12405,0.035939,0,0,0,,,,
C,12406,0.036801,0,0,0,,,,
C,12407,0.036588,0,0,0,,,,
C,12408,0.036581,0,0,0,,,,
C,12409,0.038605,0,0,0,,,,
C,12410,0.037099,0,0,0,,,,
C,12411,0.043318,0,0,0,,,,
C,12412,0.035335,0,0,0,,,,
C,12413,0.035469,0,0,0,,,,
C,12414,0.035606,0,0,0,,,,
C,12415,0.036056,0,0,0,,,,
C,12416,0.035533,0,0,0,,,,
C,12417,0.043652,0,0,0,,,,
C,12418,0.037964,0,0,0,,,,
C,12419,0.050082,0,0,0,,,,
C,12420,0.038593,0,0,0,,,,
C,12421,0.039364,0,0,0,,,,
C,12422,0.036374,0,0,0,,,,
C,12423,0.041222,0,0,0,,,,
C,12424,0.038219,0,0,0,,,,
C,12425,0.037037,0,0,0,,,,
C,12426,0.035663,0,0,0,,,,
C,12427,0.036523,0,0,0,,,,
C,12428,0.036799,0,0,0,,,,
C,12429,0.037345,0,0,0,,,,
C,12430,0.038515,0,0,0,,,,
C,12431,0.039336,0,0,0,,,,
C,12432,0.037544,0,0,0,,,,
C,12433,0.037688,0,0,0,,,,
C,12434,0.047705,0,0,0,,,,
C,12435,0.038828,0,0,0,,,,
C,12436,0.036718,0,0,0,,,,
C,12437,0.036983,0,0,0,,,,
C,12438,0.036533,0,0,0,,,,
C,12439,0.036172,0,0,0,,,,
C,12440,0.038301,0,0,0,,,,
C,12441,0.038952,0,0,0,,,,
C,12442,0.040356,0,0,0,,,,
C,12443,0.036812,0,0,0,,,,
C,12444,0.037547,0,0,0,,,,
C,12445,0.037648,0,0,0,,,,
C,12446,0.036952,0,0,0,,,,
C,12447,0.038880,0,0,0,,,,
C,12448,0.035995,0,0,0,,,,
C,12449,0.036089,0,0,0,,,,
C,12450,0.036483,0,0,0,,,,
C,12451,0.052201,0,0,0,,,,
C,12452,0.037824,0,0,0,,,,
C,12453,0.037130,0,0,0,,,,
C,12454,0.040821,0,0,0,,,,
C,12455,0.039263,0,0,0,,,,
C,12456,0.036042,0,0,0,,,,
C,12457,0.037998,0,0,0,,,,
C,12458,0.038684,0,0,0,,,,
C,12459,0.036169,0,0,0,,,,
C,12460,0.038248,0,0,0,,,,
C,12461,0.035791,0,0,0,,,,
C,12462,0.036453,0,0,0,,,,
C,12463,0.036861,0,0,0,,,,
C,12464,0.037023,0,0,0,,,,
C,12465,0.035753,0,0,0,,,,
C,12466,0.035903,0,0,0,,,,
C,12467,0.035422,0,0,0,,,,
C,12468,0.036887,0,0,0,,,,
C,12469,0.036639,0,0,0,,,,
C,12470,0.035346,0,0,0,,,,
C,12471,0.035572,0,0,0,,,,
C,12472,0.036090,0,0,0,,,,
C,12473,0.040133,0,0,0,,,,
C,12474,0.036637,0,0,0,,,,
C,12475,0.036898,0,0,0,,,,
C,12476,0.035229,0,0,0,,,,
C,12477,0.035790,0,0,0,,,,
C,12478,0.038557,0,0,0,,,,
C,12479,0.037249,0,0,0,,,,
C,12480,0.036401,0,0,0,,,,
C,12481,0.037815,0,0,0,,,,
C,12482,0.039198,0,0,0,,,,
C,12483,0.047601,0,0,0,,,,
C,12484,0.045185,0,0,0,,,,
C,12485,0.052497,0,0,0,,,,
C,12486,0.039493,0,0,0,,,,
C,12487,0.037651,0,0,0,,,,
C,12488,0.038461,0,0,0,,,,
C,12489,0.035253,0,0,0,,,,
C,12490,0.037110,0,0,0,,,,
C,12491,0.041967,0,0,0,,,,
C,12492,0.037237,0,0,0,,,,
C,12493,0.039756,0,0,0,,,,
C,12494,0.039334,0,0,0,,,,
C,12495,0.038638,0,0,0,,,,
C,12496,0.038207,0,0,0,,,,
C,12497,0.038070,0,0,0,,,,
C,12498,0.037941,0,0,0,,,,
C,12499,0.039339,0,0,0,,,,
C,12500,0.052629,0,0,0,,,,
C,12501,0.040697,0,0,0,,,,
C,12502,0.038183,0,0,0,,,,
C,12503,0.037823,0,0,0,,,,
C,12504,0.035879,0,0,0,,,,
C,12505,0.038185,0,0,0,,,,
C,12506,0.042625,0,0,0,,,,
C,12507,0.037327,0,0,0,,,,
C,12508,0.036605,0,0,0,,,,
C,12509,0.074551,0,0,0,,,,
C,12510,0.041292,0,0,0,,,,
C,12511,0.058853,0,0,0,,,,
C,12512,0.041647,0,0,0,,,,
C,12513,0.037997,0,0,0,,,,
C,12514,0.074932,0,0,0,,,,
C,12515,0.043927,0,0,0,,,,
C,12516,0.042943,0,0,0,,,,
C,12517,0.038388,0,0,0,,,,
C,12518,0.038661,0,0,0,,,,
C,12519,0.038528,0,0,0,,,,
C,12520,0.042131,0,0,0,,,,
C,12521,0.047609,0,0,0,,,,
C,12522,0.049009,0,0,0,,,,
C,12523,0.037057,0,0,0,,,,
C,12524,0.039205,0,0,0,,,,
C,12525,0.040932,0,0,0,,,,
C,12526,0.036684,0,0,0,,,,
C,12527,0.042320,0,0,0,,,,
C,12528,0.036931,0,0,0,,,,
C,12529,0.039117,0,0,0,,,,
C,12530,0.038914,0,0,0,,,,
C,12531,0.037731,0,0,0,,,,
C,12532,0.037551,0,0,0,,,,
C,12533,0.038899,0,0,0,,,,
C,12534,0.038577,0,0,0,,,,
C,12535,0.038641,0,0,0,,,,
C,12536,0.039202,0,0,0,,,,
C,12537,0.040317,0,0,0,,,,
C,12538,0.037712,0,0,0,,,,
C,12539,0.040423,0,0,0,,,,
C,12540,0.036712,0,0,0,,,,
C,12541,0.037337,0,0,0,,,,
C,12542,0.043813,0,0,0,,,,
C,12543,0.036901,0,0,0,,,,
C,12544,0.039660,0,0,0,,,,
C,12545,0.036842,0,0,0,,,,
C,12546,0.037268,0,0,0,,,,
C,12547,0.036838,0,0,0,,,,
C,12548,0.037769,0,0,0,,,,
C,12549,0.037804,0,0,0,,,,
C,12550,0.038140,0,0,0,,,,
C,12551,0.037214,0,0,0,,,,
C,12552,0.036774,0,0,0,,,,
C,12553,0.037124,0,0,0,,,,
C,12554,0.036372,0,0,0,,,,
C,12555,0.036881,0,0,0,,,,
C,12556,0.037314,0,0,0,,,,
C,12557,0.037394,0,0,0,,,,
C,12558,0.037127,0,0,0,,,,
C,12559,0.037017,0,0,0,,,,
C,12560,0.036969,0,0,0,,,,
C,12561,0.036433,0,0,0,,,,
C,12562,0.037698,0,0,0,,,,
C,12563,0.036497,0,0,0,,,,
C,12564,0.037147,0,0,0,,,,
C,12565,0.036783,0,0,0,,,,
C,12566,0.036339,0,0,0,,,,
C,12567,0.036581,0,0,0,,,,
C,12568,0.036430,0,0,0,,,,
C,12569,0.036071,0,0,0,,,,
C,12570,0.036400,0,0,0,,,,
C,12571,0.036284,0,0,0,,,,
C,12572,0.036956,0,0,0,,,,
C,12573,0.038882,0,0,0,,,,
C,12574,0.037239,0,0,0,,,,
C,12575,0.037300,0,0,0,,,,
C,12576,0.037260,0,0,0,,,,
C,12577,0.036900,0,0,0,,,,
C,12578,0.036532,0,0,0,,,,
C,12579,0.038353,0,0,0,,,,
C,12580,0.037694,0,0,0,,,,
C,12581,0.038614,0,0,0,,,,
C,12582,0.036703,0,0,0,,,,
C,12583,0.049742,0,0,0,,,,
C,12584,0.037181,0,0,0,,,,
C,12585,0.037728,0,0,0,,,,
C,12586,0.038675,0,0,0,,,,
C,12587,0.045541,0,0,0,,,,
C,12588,0.037310,0,0,0,,,,
C,12589,0.041903,0,0,0,,,,
C,12590,0.042716,0,0,0,,,,
C,12591,0.041836,0,0,0,,,,
C,12592,0.038628,0,0,0,,,,
C,12593,0.036205,0,0,0,,,,
C,12594,0.036960,0,0,0,,,,
C,12595,0.038106,0,0,0,,,,
C,12596,0.036284,0,0,0,,,,
C,12597,0.036379,0,0,0,,,,
C,12598,0.037981,0,0,0,,,,
C,12599,0.039523,0,0,0,,,,
C,12600,0.039255,0,0,0,,,,
C,12601,0.036389,0,0,0,,,,
C,12602,0.036933,0,0,0,,,,
C,12603,0.035755,0,0,0,,,,
C,12604,0.035983,0,0,0,,,,
C,12605,0.035886,0,0,0,,,,
C,12606,0.036000,0,0,0,,,,
C,12607,0.036143,0,0,0,,,,
C,12608,0.035371,0,0,0,,,,
C,12609,0.035783,0,0,0,,,,
C,12610,0.035202,0,0,0,,,,
C,12611,0.039216,0,0,0,,,,
C,12612,0.038713,0,0,0,,,,
C,12613,0.037496,0,0,0,,,,
C,12614,0.037163,0,0,0,,,,
C,12615,0.036619,0,0,0,,,,
C,12616,0.036713,0,0,0,,,,
C,12617,0.036457,0,0,0,,,,
C,12618,0.037661,0,0,0,,,,
C,12619,0.037898,0,0,0,,,,
C,12620,0.039525,0,0,0,,,,
C,12621,0.036487,0,0,0,,,,
C,12622,0.035755,0,0,0,,,,
C,12623,0.085669,0,0,0,,,,
C,12624,0.038161,0,0,0,,,,
C,12625,0.036456,0,0,0,,,,
C,12626,0.036898,0,0,0,,,,
C,12627,0.036695,0,0,0,,,,
C,12628,0.037876,0,0,0,,,,
C,12629,0.036610,0,0,0,,,,
C,12630,0.036573,0,0,0,,,,
C,12631,0.036600,0,0,0,,,,
C,12632,0.036067,0,0,0,,,,
C,12633,0.036611,0,0,0,,,,
C,12634,0.036629,0,0,0,,,,
C,12635,0.036166,0,0,0,,,,
C,12636,0.038524,0,0,0,,,,
C,12637,0.036528,0,0,0,,,,
C,12638,0.036448,0,0,0,,,,
C,12639,0.051916,0,0,0,,,,
C,12640,0.037248,0,0,0,,,,
C,12641,0.036544,0,0,0,,,,
C,12642,0.037876,0,0,0,,,,
C,12643,0.036182,0,0,0,,,,
C,12644,0.036324,0,0,0,,,,
C,12645,0.035671,0,0,0,,,,
C,12646,0.037785,0,0,0,,,,
C,12647,0.035590,0,0,0,,,,
C,12648,0.035902,0,0,0,,,,
C,12649,0.036246,0,0,0,,,,
C,12650,0.035504,0,0,0,,,,
C,12651,0.036165,0,0,0,,,,
C,12652,0.036340,0,0,0,,,,
C,12653,0.037052,0,0,0,,,,
C,12654,0.036589,0,0,0,,,,
C,12655,0.036087,0,0,0,,,,
C,12656,0.035622,0,0,0,,,,
C,12657,0.036206,0,0,0,,,,
C,12658,0.035606,0,0,0,,,,
C,12659,0.035473,0,0,0,,,,
C,12660,0.036119,0,0,0,,,,
C,12661,0.036371,0,0,0,,,,
C,12662,0.035905,0,0,0,,,,
C,12663,0.036056,0,0,0,,,,
C,12664,0.036404,0,0,0,,,,
C,12665,0.036256,0,0,0,,,,
C,12666,0.035359,0,0,0,,,,
C,12667,0.035522,0,0,0,,,,
C,12668,0.036142,0,0,0,,,,
C,12669,0.036603,0,0,0,,,,
C,12670,0.036092,0,0,0,,,,
C,12671,0.035998,0,0,0,,,,
C,12672,0.035557,0,0,0,,,,
C,12673,0.036748,0,0,0,,,,
C,12674,0.036235,0,0,0,,,,
C,12675,0.036388,0,0,0,,,,
C,12676,0.035431,0,0,0,,,,
C,12677,0.035941,0,0,0,,,,
C,12678,0.035830,0,0,0,,,,
C,12679,0.041961,0,0,0,,,,
C,12680,0.036828,0,0,0,,,,
C,12681,0.039216,0,0,0,,,,
C,12682,0.045947,0,0,0,,,,
C,12683,0.037744,0,0,0,,,,
C,12684,0.039961,0,0,0,,,,
C,12685,0.035586,0,0,0,,,,
C,12686,0.036088,0,0,0,,,,
C,12687,0.034812,0,0,0,,,,
C,12688,0.058504,0,0,0,,,,
C,12689,0.035798,0,0,0,,,,
C,12690,0.039736,0,0,0,,,,
C,12691,0.035294,0,0,0,,,,
C,12692,0.036632,0,0,0,,,,
C,12693,0.035751,0,0,0,,,,
C,12694,0.037146,0,0,0,,,,
C,12695,0.039357,0,0,0,,,,
C,12696,0.043718,0,0,0,,,,
C,12697,0.036101,0,0,0,,,,
C,12698,0.038524,0,0,0,,,,
C,12699,0.036462,0,0,0,,,,
C,12700,0.036687,0,0,0,,,,
C,12701,0.036611,0,0,0,,,,
C,12702,0.035409,0,0,0,,,,
C,12703,0.035798,0,0,0,,,,
C,12704,0.035912,0,0,0,,,,
C,12705,0.035853,0,0,0,,,,
C,12706,0.041894,0,0,0,,,,
C,12707,0.040152,0,0,0,,,,
C,12708,0.035910,0,0,0,,,,
C,12709,0.035568,0,0,0,,,,
C,12710,0.036811,0,0,0,,,,
C,12711,0.037416,0,0,0,,,,
C,12712,0.038922,0,0,0,,,,
C,12713,0.042144,0,0,0,,,,
C,12714,0.042197,0,0,0,,,,
C,12715,0.037666,0,0,0,,,,
C,12716,0.038832,0,0,0,,,,
C,12717,0.039583,0,0,0,,,,
C,12718,0.036519,0,0,0,,,,
C,12719,0.036377,0,0,0,,,,
C,12720,0.035749,0,0,0,,,,
C,12721,0.036322,0,0,0,,,,
C,12722,0.035558,0,0,0,,,,
C,12723,0.036365,0,0,0,,,,
C,12724,0.044589,0,0,0,,,,
C,12725,0.038028,0,0,0,,,,
C,12726,0.036350,0,0,0,,,,
C,12727,0.036993,0,0,0,,,,
C,12728,0.036666,0,0,0,,,,
C,12729,0.036914,0,0,0,,,,
C,12730,0.036008,0,0,0,,,,
C,12731,0.038808,0,0,0,,,,
C,12732,0.037024,0,0,0,,,,
C,12733,0.036403,0,0,0,,,,
C,12734,0.035962,0,0,0,,,,
C,12735,0.036019,0,0,0,,,,
C,12736,0.035194,0,0,0,,,,
C,12737,0.036442,0,0,0,,,,
C,12738,0.036342,0,0,0,,,,
C,12739,0.036044,0,0,0,,,,
C,12740,0.042974,0,0,0,,,,
C,12741,0.036035,0,0,0,,,,
C,12742,0.036785,0,0,0,,,,
C,12743,0.035882,0,0,0,,,,
C,12744,0.038237,0,0,0,,,,
C,12745,0.036353,0,0,0,,,,
C,12746,0.036344,0,0,0,,,,
C,12747,0.037236,0,0,0,,,,
C,12748,0.036462,0,0,0,,,,
C,12749,0.038512,0,0,0,,,,
C,12750,0.036435,0,0,0,,,,
C,12751,0.035307,0,0,0,,,,
C,12752,0.044414,0,0,0,,,,
C,12753,0.046917,0,0,0,,,,
C,12754,0.037357,0,0,0,,,,
C,12755,0.038197,0,0,0,,,,
C,12756,0.036814,0,0,0,,,,
C,12757,0.037522,0,0,0,,,,
C,12758,0.037027,0,0,0,,,,
C,12759,0.038001,0,0,0,,,,
C,12760,0.048197,0,0,0,,,,
C,12761,0.037528,0,0,0,,,,
C,12762,0.038665,0,0,0,,,,
C,12763,0.039055,0,0,0,,,,
C,12764,0.038967,0,0,0,,,,
C,12765,0.036972,0,0,0,,,,
C,12766,0.039136,0,0,0,,,,
C,12767,0.042930,0,0,0,,,,
C,12768,0.035909,0,0,0,,,,
C,12769,0.037380,0,0,0,,,,
C,12770,0.043295,0,0,0,,,,
C,12771,0.040240,0,0,0,,,,
C,12772,0.036409,0,0,0,,,,
C,12773,0.037722,0,0,0,,,,
C,12774,0.037174,0,0,0,,,,
C,12775,0.039295,0,0,0,,,,
C,12776,0.046245,0,0,0,,,,
C,12777,0.039832,0,0,0,,,,
C,12778,0.040715,0,0,0,,,,
C,12779,0.038076,0,0,0,,,,
C,12780,0.036350,0,0,0,,,,
C,12781,0.037163,0,0,0,,,,
C,12782,0.037646,0,0,0,,,,
C,12783,0.037043,0,0,0,,,,
C,12784,0.038847,0,0,0,,,,
C,12785,0.036702,0,0,0,,,,
C,12786,0.035929,0,0,0,,,,
C,12787,0.045818,0,0,0,,,,
C,12788,0.036156,0,0,0,,,,
C,12789,0.037661,0,0,0,,,,
C,12790,0.037287,0,0,0,,,,
C,12791,0.035998,0,0,0,,,,
C,12792,0.036930,0,0,0,,,,
C,12793,0.052303,0,0,0,,,,
C,12794,0.049161,0,0,0,,,,
C,12795,0.042039,0,0,0,,,,
C,12796,0.037758,0,0,0,,,,
C,12797,0.036837,0,0,0,,,,
C,12798,0.036836,0,0,0,,,,
C,12799,0.037946,0,0,0,,,,
C,12800,0.040684,0,0,0,,,,
C,12801,0.037325,0,0,0,,,,
C,12802,0.036329,0,0,0,,,,
C,12803,0.036881,0,0,0,,,,
C,12804,0.036850,0,0,0,,,,
C,12805,0.042386,0,0,0,,,,
C,12806,0.044997,0,0,0,,,,
C,12807,0.054183,0,0,0,,,,
C,12808,0.040825,0,0,0,,,,
C,12809,0.054383,0,0,0,,,,
C,12810,0.037444,0,0,0,,,,
C,12811,0.036044,0,0,0,,,,
C,12812,0.040285,0,0,0,,,,
C,12813,0.036824,0,0,0,,,,
C,12814,0.040157,0,0,0,,,,
C,12815,0.037353,0,0,0,,,,
C,12816,0.038273,0,0,0,,,,
C,12817,0.036228,0,0,0,,,,
C,12818,0.040040,0,0,0,,,,
C,12819,0.037460,0,0,0,,,,
C,12820,0.043155,0,0,0,,,,
C,12821,0.044781,0,0,0,,,,
C,12822,0.038455,0,0,0,,,,
C,12823,0.038727,0,0,0,,,,
C,12824,0.038720,0,0,0,,,,
C,12825,0.039818,0,0,0,,,,
C,12826,0.041439,0,0,0,,,,
C,12827,0.041156,0,0,0,,,,
C,12828,0.037450,0,0,0,,,,
C,12829,0.043253,0,0,0,,,,
C,12830,0.036543,0,0,0,,,,
C,12831,0.036311,0,0,0,,,,
C,12832,0.036615,0,0,0,,,,
C,12833,0.038730,0,0,0,,,,
C,12834,0.056459,0,0,0,,,,
C,12835,0.039662,0,0,0,,,,
C,12836,0.045784,0,0,0,,,,
C,12837,0.040023,0,0,0,,,,
C,12838,0.037075,0,0,0,,,,
C,12839,0.036746,0,0,0,,,,
C,12840,0.037552,0,0,0,,,,
C,12841,0.042509,0,0,0,,,,
C,12842,0.038045,0,0,0,,,,
C,12843,0.038944,0,0,0,,,,
C,12844,0.041290,0,0,0,,,,
C,12845,0.045291,0,0,0,,,,
C,12846,0.036801,0,0,0,,,,
C,12847,0.038196,0,0,0,,,,
C,12848,0.037989,0,0,0,,,,
C,12849,0.036061,0,0,0,,,,
C,12850,0.037965,0,0,0,,,,
C,12851,0.046770,0,0,0,,,,
C,12852,0.038471,0,0,0,,,,
C,12853,0.041338,0,0,0,,,,
C,12854,0.037061,0,0,0,,,,
C,12855,0.039177,0,0,0,,,,
C,12856,0.039062,0,0,0,,,,
C,12857,0.035851,0,0,0,,,,
C,12858,0.035972,0,0,0,,,,
C,12859,0.036894,0,0,0,,,,
C,12860,0.035528,0,0,0,,,,
C,12861,0.036088,0,0,0,,,,
C,12862,0.035924,0,0,0,,,,
C,12863,0.036405,0,0,0,,,,
C,12864,0.041309,0,0,0,,,,
C,12865,0.042328,0,0,0,,,,
C,12866,0.045510,0,0,0,,,,
C,12867,0.038023,0,0,0,,,,
C,12868,0.038943,0,0,0,,,,
C,12869,0.039429,0,0,0,,,,
C,12870,0.038556,0,0,0,,,,
C,12871,0.040181,0,0,0,,,,
C,12872,0.040011,0,0,0,,,,
C,12873,0.037960,0,0,0,,,,
C,12874,0.041015,0,0,0,,,,
C,12875,0.042483,0,0,0,,,,
C,12876,0.037235,0,0,0,,,,
C,12877,0.036780,0,0,0,,,,
C,12878,0.041626,0,0,0,,,,
C,12879,0.037654,0,0,0,,,,
C,12880,0.040998,0,0,0,,,,
C,12881,0.036207,0,0,0,,,,
C,12882,0.036678,0,0,0,,,,
C,12883,0.037259,0,0,0,,,,
C,12884,0.036005,0,0,0,,,,
C,12885,0.035243,0,0,0,,,,
C,12886,0.037741,0,0,0,,,,
C,12887,0.038449,0,0,0,,,,
C,12888,0.036114,0,0,0,,,,
C,12889,0.035892,0,0,0,,,,
C,12890,0.036185,0,0,0,,,,
C,12891,0.035804,0,0,0,,,,
C,12892,0.036933,0,0,0,,,,
C,12893,0.036610,0,0,0,,,,
C,12894,0.038240,0,0,0,,,,
C,12895,0.035782,0,0,0,,,,
C,12896,0.035747,0,0,0,,,,
C,12897,0.035352,0,0,0,,,,
C,12898,0.035917,0,0,0,,,,
C,12899,0.035714,0,0,0,,,,
C,12900,0.036868,0,0,0,,,,
C,12901,0.036914,0,0,0,,,,
C,12902,0.036497,0,0,0,,,,
C,12903,0.038082,0,0,0,,,,
C,12904,0.035435,0,0,0,,,,
C,12905,0.036247,0,0,0,,,,
C,12906,0.036165,0,0,0,,,,
C,12907,0.035653,0,0,0,,,,
C,12908,0.035851,0,0,0,,,,
C,12909,0.037779,0,0,0,,,,
C,12910,0.037235,0,0,0,,,,
C,12911,0.038109,0,0,0,,,,
C,12912,0.035856,0,0,0,,,,
C,12913,0.037066,0,0,0,,,,
C,12914,0.035735,0,0,0,,,,
C,12915,0.035748,0,0,0,,,,
C,12916,0.039103,0,0,0,,,,
C,12917,0.035816,0,0,0,,,,
C,12918,0.035643,0,0,0,,,,
C,12919,0.037838,0,0,0,,,,
C,12920,0.040876,0,0,0,,,,
C,12921,0.037082,0,0,0,,,,
C,12922,0.036029,0,0,0,,,,
C,12923,0.036131,0,0,0,,,,
C,12924,0.035958,0,0,0,,,,
C,12925,0.036256,0,0,0,,,,
C,12926,0.035992,0,0,0,,,,
C,12927,0.036376,0,0,0,,,,
C,12928,0.037197,0,0,0,,,,
C,12929,0.036018,0,0,0,,,,
C,12930,0.036437,0,0,0,,,,
C,12931,0.037387,0,0,0,,,,
C,12932,0.037630,0,0,0,,,,
C,12933,0.036815,0,0,0,,,,
C,12934,0.035639,0,0,0,,,,
C,12935,0.035571,0,0,0,,,,
C,12936,0.035303,0,0,0,,,,
C,12937,0.036193,0,0,0,,,,
C,12938,0.036672,0,0,0,,,,
C,12939,0.035814,0,0,0,,,,
C,12940,0.037478,0,0,0,,,,
C,12941,0.036984,0,0,0,,,,
C,12942,0.035550,0,0,0,,,,
C,12943,0.036486,0,0,0,,,,
C,12944,0.036148,0,0,0,,,,
C,12945,0.036459,0,0,0,,,,
C,12946,0.036550,0,0,0,,,,
C,12947,0.035826,0,0,0,,,,
C,12948,0.035409,0,0,0,,,,
C,12949,0.036342,0,0,0,,,,
C,12950,0.036401,0,0,0,,,,
C,12951,0.036306,0,0,0,,,,
C,12952,0.035740,0,0,0,,,,
C,12953,0.035931,0,0,0,,,,
C,12954,0.036036,0,0,0,,,,
C,12955,0.036541,0,0,0,,,,
C,12956,0.036280,0,0,0,,,,
C,12957,0.037359,0,0,0,,,,
C,12958,0.036830,0,0,0,,,,
C,12959,0.037447,0,0,0,,,,
C,12960,0.037078,0,0,0,,,,
C,12961,0.036905,0,0,0,,,,
C,12962,0.041477,0,0,0,,,,
C,12963,0.037122,0,0,0,,,,
C,12964,0.036698,0,0,0,,,,
C,12965,0.036490,0,0,0,,,,
C,12966,0.039787,0,0,0,,,,
C,12967,0.037079,0,0,0,,,,
C,12968,0.037629,0,0,0,,,,
C,12969,0.037376,0,0,0,,,,
C,12970,0.036234,0,0,0,,,,
C,12971,0.037455,0,0,0,,,,
C,12972,0.038148,0,0,0,,,,
C,12973,0.040764,0,0,0,,,,
C,12974,0.037997,0,0,0,,,,
C,12975,0.038681,0,0,0,,,,
C,12976,0.037000,0,0,0,,,,
C,12977,0.036604,0,0,0,,,,
C,12978,0.036513,0,0,0,,,,
C,12979,0.036455,0,0,0,,,,
C,12980,0.036845,0,0,0,,,,
C,12981,0.036856,0,0,0,,,,
C,12982,0.036255,0,0,0,,,,
C,12983,0.036368,0,0,0,,,,
C,12984,0.039538,0,0,0,,,,
C,12985,0.037461,0,0,0,,,,
C,12986,0.038058,0,0,0,,,,
C,12987,0.040032,0,0,0,,,,
C,12988,0.036797,0,0,0,,,,
C,12989,0.040181,0,0,0,,,,
C,12990,0.046067,0,0,0,,,,
C,12991,0.044084,0,0,0,,,,
C,12992,0.040021,0,0,0,,,,
C,12993,0.039407,0,0,0,,,,
C,12994,0.039146,0,0,0,,,,
C,12995,0.045940,0,0,0,,,,
C,12996,0.062973,0,0,0,,,,
C,12997,0.038786,0,0,0,,,,
C,12998,0.040412,0,0,0,,,,
C,12999,0.037557,0,0,0,,,,
C,13000,0.041613,0,0,0,209.8,7.909e-11,"{'checked': 26, 'zsx_rejected': 6, 'default_rejected': 0, 'closed_form_forced': 0, 'inexact': 9, 'exact_rebuilt': 0, 'best_effort': 0, 'best_effort_worst': 0.0, 'psf_rerouted': 0, 'psf_rerouted_worst_residual': 0.0}",783
C,13001,0.037067,0,0,0,,,,
C,13002,0.036282,0,0,0,,,,
C,13003,0.036330,0,0,0,,,,
C,13004,0.036396,0,0,0,,,,
C,13005,0.037148,0,0,0,,,,
C,13006,0.036503,0,0,0,,,,
C,13007,0.036176,0,0,0,,,,
C,13008,0.036476,0,0,0,,,,
C,13009,0.036438,0,0,0,,,,
C,13010,0.036495,0,0,0,,,,
C,13011,0.036262,0,0,0,,,,
C,13012,0.036646,0,0,0,,,,
C,13013,0.036617,0,0,0,,,,
C,13014,0.035943,0,0,0,,,,
C,13015,0.037478,0,0,0,,,,
C,13016,0.036775,0,0,0,,,,
C,13017,0.037860,0,0,0,,,,
C,13018,0.037467,0,0,0,,,,
C,13019,0.037134,0,0,0,,,,
C,13020,0.036078,0,0,0,,,,
C,13021,0.035724,0,0,0,,,,
C,13022,0.036020,0,0,0,,,,
C,13023,0.035811,0,0,0,,,,
C,13024,0.045861,0,0,0,,,,
C,13025,0.037038,0,0,0,,,,
C,13026,0.037406,0,0,0,,,,
C,13027,0.038478,0,0,0,,,,
C,13028,0.037967,0,0,0,,,,
C,13029,0.038987,0,0,0,,,,
C,13030,0.037123,0,0,0,,,,
C,13031,0.035492,0,0,0,,,,
C,13032,0.038129,0,0,0,,,,
C,13033,0.038479,0,0,0,,,,
C,13034,0.036920,0,0,0,,,,
C,13035,0.037997,0,0,0,,,,
C,13036,0.038106,0,0,0,,,,
C,13037,0.038973,0,0,0,,,,
C,13038,0.036906,0,0,0,,,,
C,13039,0.040683,0,0,0,,,,
C,13040,0.037828,0,0,0,,,,
C,13041,0.036912,0,0,0,,,,
C,13042,0.036921,0,0,0,,,,
C,13043,0.036430,0,0,0,,,,
C,13044,0.036223,0,0,0,,,,
C,13045,0.036919,0,0,0,,,,
C,13046,0.037088,0,0,0,,,,
C,13047,0.036841,0,0,0,,,,
C,13048,0.051993,0,0,0,,,,
C,13049,0.047896,0,0,0,,,,
C,13050,0.037665,0,0,0,,,,
C,13051,0.043601,0,0,0,,,,
C,13052,0.037845,0,0,0,,,,
C,13053,0.040362,0,0,0,,,,
C,13054,0.041061,0,0,0,,,,
C,13055,0.036370,0,0,0,,,,
C,13056,0.036741,0,0,0,,,,
C,13057,0.038104,0,0,0,,,,
C,13058,0.037762,0,0,0,,,,
C,13059,0.038755,0,0,0,,,,
C,13060,0.043251,0,0,0,,,,
C,13061,0.036597,0,0,0,,,,
C,13062,0.037358,0,0,0,,,,
C,13063,0.036221,0,0,0,,,,
C,13064,0.036347,0,0,0,,,,
C,13065,0.036108,0,0,0,,,,
C,13066,0.036111,0,0,0,,,,
C,13067,0.035645,0,0,0,,,,
C,13068,0.035693,0,0,0,,,,
C,13069,0.037495,0,0,0,,,,
C,13070,0.038485,0,0,0,,,,
C,13071,0.036775,0,0,0,,,,
C,13072,0.036343,0,0,0,,,,
C,13073,0.036326,0,0,0,,,,
C,13074,0.038932,0,0,0,,,,
C,13075,0.035831,0,0,0,,,,
C,13076,0.038512,0,0,0,,,,
C,13077,0.036554,0,0,0,,,,
C,13078,0.036486,0,0,0,,,,
C,13079,0.036910,0,0,0,,,,
C,13080,0.036132,0,0,0,,,,
C,13081,0.036934,0,0,0,,,,
C,13082,0.036594,0,0,0,,,,
C,13083,0.036143,0,0,0,,,,
C,13084,0.035802,0,0,0,,,,
C,13085,0.036725,0,0,0,,,,
C,13086,0.037038,0,0,0,,,,
C,13087,0.037657,0,0,0,,,,
C,13088,0.036983,0,0,0,,,,
C,13089,0.035997,0,0,0,,,,
C,13090,0.035902,0,0,0,,,,
C,13091,0.036458,0,0,0,,,,
C,13092,0.036598,0,0,0,,,,
C,13093,0.035681,0,0,0,,,,
C,13094,0.035520,0,0,0,,,,
C,13095,0.035240,0,0,0,,,,
C,13096,0.035311,0,0,0,,,,
C,13097,0.035287,0,0,0,,,,
C,13098,0.035434,0,0,0,,,,
C,13099,0.036000,0,0,0,,,,
C,13100,0.034792,0,0,0,,,,
C,13101,0.036212,0,0,0,,,,
C,13102,0.036036,0,0,0,,,,
C,13103,0.036264,0,0,0,,,,
C,13104,0.036055,0,0,0,,,,
C,13105,0.036514,0,0,0,,,,
C,13106,0.037674,0,0,0,,,,
C,13107,0.035881,0,0,0,,,,
C,13108,0.036150,0,0,0,,,,
C,13109,0.035447,0,0,0,,,,
C,13110,0.035420,0,0,0,,,,
C,13111,0.035957,0,0,0,,,,
C,13112,0.035583,0,0,0,,,,
C,13113,0.035425,0,0,0,,,,
C,13114,0.035690,0,0,0,,,,
C,13115,0.036212,0,0,0,,,,
C,13116,0.035383,0,0,0,,,,
C,13117,0.035850,0,0,0,,,,
C,13118,0.037334,0,0,0,,,,
C,13119,0.036904,0,0,0,,,,
C,13120,0.037927,0,0,0,,,,
C,13121,0.035790,0,0,0,,,,
C,13122,0.037160,0,0,0,,,,
C,13123,0.036059,0,0,0,,,,
C,13124,0.035959,0,0,0,,,,
C,13125,0.035643,0,0,0,,,,
C,13126,0.035833,0,0,0,,,,
C,13127,0.035554,0,0,0,,,,
C,13128,0.049891,0,0,0,,,,
C,13129,0.043723,0,0,0,,,,
C,13130,0.038440,0,0,0,,,,
C,13131,0.036819,0,0,0,,,,
C,13132,0.039958,0,0,0,,,,
C,13133,0.037909,0,0,0,,,,
C,13134,0.046105,0,0,0,,,,
C,13135,0.046984,0,0,0,,,,
C,13136,0.037813,0,0,0,,,,
C,13137,0.037771,0,0,0,,,,
C,13138,0.039888,0,0,0,,,,
C,13139,0.036041,0,0,0,,,,
C,13140,0.034970,0,0,0,,,,
C,13141,0.048487,0,0,0,,,,
C,13142,0.038536,0,0,0,,,,
C,13143,0.045503,0,0,0,,,,
C,13144,0.046225,0,0,0,,,,
C,13145,0.038632,0,0,0,,,,
C,13146,0.037565,0,0,0,,,,
C,13147,0.046103,0,0,0,,,,
C,13148,0.039631,0,0,0,,,,
C,13149,0.037545,0,0,0,,,,
C,13150,0.036159,0,0,0,,,,
C,13151,0.035419,0,0,0,,,,
C,13152,0.035465,0,0,0,,,,
C,13153,0.035456,0,0,0,,,,
C,13154,0.046117,0,0,0,,,,
C,13155,0.042968,0,0,0,,,,
C,13156,0.038691,0,0,0,,,,
C,13157,0.047692,0,0,0,,,,
C,13158,0.039412,0,0,0,,,,
C,13159,0.037305,0,0,0,,,,
C,13160,0.036448,0,0,0,,,,
C,13161,0.038351,0,0,0,,,,
C,13162,0.036578,0,0,0,,,,
C,13163,0.039296,0,0,0,,,,
C,13164,0.035938,0,0,0,,,,
C,13165,0.037874,0,0,0,,,,
C,13166,0.036721,0,0,0,,,,
C,13167,0.035850,0,0,0,,,,
C,13168,0.046845,0,0,0,,,,
C,13169,0.036140,0,0,0,,,,
C,13170,0.036422,0,0,0,,,,
C,13171,0.036375,0,0,0,,,,
C,13172,0.036341,0,0,0,,,,
C,13173,0.036425,0,0,0,,,,
C,13174,0.035711,0,0,0,,,,
C,13175,0.035695,0,0,0,,,,
C,13176,0.040449,0,0,0,,,,
C,13177,0.036488,0,0,0,,,,
C,13178,0.036095,0,0,0,,,,
C,13179,0.036526,0,0,0,,,,
C,13180,0.041539,0,0,0,,,,
C,13181,0.045360,0,0,0,,,,
C,13182,0.036977,0,0,0,,,,
C,13183,0.046341,0,0,0,,,,
C,13184,0.041979,0,0,0,,,,
C,13185,0.038801,0,0,0,,,,
C,13186,0.036085,0,0,0,,,,
C,13187,0.036197,0,0,0,,,,
C,13188,0.036155,0,0,0,,,,
C,13189,0.037406,0,0,0,,,,
C,13190,0.038390,0,0,0,,,,
C,13191,0.037190,0,0,0,,,,
C,13192,0.038082,0,0,0,,,,
C,13193,0.041555,0,0,0,,,,
C,13194,0.041068,0,0,0,,,,
C,13195,0.049275,0,0,0,,,,
C,13196,0.047006,0,0,0,,,,
C,13197,0.040133,0,0,0,,,,
C,13198,0.040952,0,0,0,,,,
C,13199,0.037623,0,0,0,,,,
C,13200,0.038616,0,0,0,,,,
C,13201,0.035193,0,0,0,,,,
C,13202,0.035490,0,0,0,,,,
C,13203,0.035309,0,0,0,,,,
C,13204,0.036019,0,0,0,,,,
C,13205,0.035779,0,0,0,,,,
C,13206,0.036101,0,0,0,,,,
C,13207,0.035646,0,0,0,,,,
C,13208,0.035917,0,0,0,,,,
C,13209,0.036185,0,0,0,,,,
C,13210,0.036464,0,0,0,,,,
C,13211,0.035562,0,0,0,,,,
C,13212,0.035695,0,0,0,,,,
C,13213,0.036024,0,0,0,,,,
C,13214,0.038259,0,0,0,,,,
C,13215,0.035775,0,0,0,,,,
C,13216,0.035722,0,0,0,,,,
C,13217,0.036222,0,0,0,,,,
C,13218,0.039449,0,0,0,,,,
C,13219,0.036715,0,0,0,,,,
C,13220,0.035248,0,0,0,,,,
C,13221,0.035674,0,0,0,,,,
C,13222,0.035916,0,0,0,,,,
C,13223,0.035712,0,0,0,,,,
C,13224,0.035431,0,0,0,,,,
C,13225,0.035671,0,0,0,,,,
C,13226,0.036041,0,0,0,,,,
C,13227,0.035514,0,0,0,,,,
C,13228,0.036110,0,0,0,,,,
C,13229,0.035985,0,0,0,,,,
C,13230,0.035762,0,0,0,,,,
C,13231,0.035645,0,0,0,,,,
C,13232,0.035517,0,0,0,,,,
C,13233,0.035573,0,0,0,,,,
C,13234,0.035767,0,0,0,,,,
C,13235,0.036476,0,0,0,,,,
C,13236,0.036160,0,0,0,,,,
C,13237,0.035791,0,0,0,,,,
C,13238,0.035543,0,0,0,,,,
C,13239,0.035317,0,0,0,,,,
C,13240,0.036619,0,0,0,,,,
C,13241,0.035075,0,0,0,,,,
C,13242,0.034962,0,0,0,,,,
C,13243,0.034492,0,0,0,,,,
C,13244,0.039172,0,0,0,,,,
C,13245,0.038156,0,0,0,,,,
C,13246,0.036060,0,0,0,,,,
C,13247,0.035585,0,0,0,,,,
C,13248,0.036496,0,0,0,,,,
C,13249,0.037507,0,0,0,,,,
C,13250,0.035789,0,0,0,,,,
C,13251,0.035396,0,0,0,,,,
C,13252,0.035025,0,0,0,,,,
C,13253,0.035773,0,0,0,,,,
C,13254,0.037390,0,0,0,,,,
C,13255,0.034959,0,0,0,,,,
C,13256,0.035253,0,0,0,,,,
C,13257,0.038877,0,0,0,,,,
C,13258,0.068158,0,0,0,,,,
C,13259,0.066972,0,0,0,,,,
C,13260,0.039894,0,0,0,,,,
C,13261,0.038207,0,0,0,,,,
C,13262,0.038276,0,0,0,,,,
C,13263,0.066313,0,0,0,,,,
C,13264,0.042624,0,0,0,,,,
C,13265,0.038003,0,0,0,,,,
C,13266,0.036710,0,0,0,,,,
C,13267,0.040985,0,0,0,,,,
C,13268,0.036858,0,0,0,,,,
C,13269,0.040622,0,0,0,,,,
C,13270,0.037384,0,0,0,,,,
C,13271,0.037909,0,0,0,,,,
C,13272,0.036518,0,0,0,,,,
C,13273,0.037573,0,0,0,,,,
C,13274,0.040002,0,0,0,,,,
C,13275,0.039455,0,0,0,,,,
C,13276,0.039667,0,0,0,,,,
C,13277,0.037231,0,0,0,,,,
C,13278,0.036376,0,0,0,,,,
C,13279,0.048474,0,0,0,,,,
C,13280,0.055989,0,0,0,,,,
C,13281,0.036265,0,0,0,,,,
C,13282,0.036839,0,0,0,,,,
C,13283,0.036336,0,0,0,,,,
C,13284,0.035698,0,0,0,,,,
C,13285,0.038740,0,0,0,,,,
C,13286,0.037064,0,0,0,,,,
C,13287,0.037640,0,0,0,,,,
C,13288,0.047687,0,0,0,,,,
C,13289,0.045450,0,0,0,,,,
C,13290,0.038160,0,0,0,,,,
C,13291,0.037239,0,0,0,,,,
C,13292,0.039761,0,0,0,,,,
C,13293,0.037537,0,0,0,,,,
C,13294,0.037167,0,0,0,,,,
C,13295,0.057257,0,0,0,,,,
C,13296,0.046748,0,0,0,,,,
C,13297,0.043108,0,0,0,,,,
C,13298,0.040811,0,0,0,,,,
C,13299,0.038439,0,0,0,,,,
C,13300,0.037991,0,0,0,,,,
C,13301,0.044094,0,0,0,,,,
C,13302,0.044783,0,0,0,,,,
C,13303,0.036267,0,0,0,,,,
C,13304,0.036266,0,0,0,,,,
C,13305,0.035687,0,0,0,,,,
C,13306,0.036061,0,0,0,,,,
C,13307,0.035581,0,0,0,,,,
C,13308,0.035807,0,0,0,,,,
C,13309,0.041041,0,0,0,,,,
C,13310,0.039050,0,0,0,,,,
C,13311,0.040792,0,0,0,,,,
C,13312,0.044906,0,0,0,,,,
C,13313,0.041779,0,0,0,,,,
C,13314,0.035910,0,0,0,,,,
C,13315,0.036794,0,0,0,,,,
C,13316,0.035788,0,0,0,,,,
C,13317,0.037747,0,0,0,,,,
C,13318,0.035619,0,0,0,,,,
C,13319,0.036267,0,0,0,,,,
C,13320,0.046843,0,0,0,,,,
C,13321,0.040229,0,0,0,,,,
C,13322,0.036440,0,0,0,,,,
C,13323,0.037975,0,0,0,,,,
C,13324,0.036945,0,0,0,,,,
C,13325,0.038199,0,0,0,,,,
C,13326,0.038081,0,0,0,,,,
C,13327,0.037757,0,0,0,,,,
C,13328,0.036757,0,0,0,,,,
C,13329,0.036658,0,0,0,,,,
C,13330,0.036214,0,0,0,,,,
C,13331,0.038300,0,0,0,,,,
C,13332,0.036604,0,0,0,,,,
C,13333,0.038074,0,0,0,,,,
C,13334,0.036927,0,0,0,,,,
C,13335,0.037146,0,0,0,,,,
C,13336,0.045452,0,0,0,,,,
C,13337,0.036489,0,0,0,,,,
C,13338,0.040428,0,0,0,,,,
C,13339,0.037727,0,0,0,,,,
C,13340,0.037897,0,0,0,,,,
C,13341,0.036660,0,0,0,,,,
C,13342,0.042029,0,0,0,,,,
C,13343,0.038574,0,0,0,,,,
C,13344,0.041442,0,0,0,,,,
C,13345,0.037004,0,0,0,,,,
C,13346,0.048905,0,0,0,,,,
C,13347,0.036275,0,0,0,,,,
C,13348,0.036977,0,0,0,,,,
C,13349,0.036730,0,0,0,,,,
C,13350,0.037339,0,0,0,,,,
C,13351,0.036539,0,0,0,,,,
C,13352,0.036099,0,0,0,,,,
C,13353,0.035428,0,0,0,,,,
C,13354,0.036453,0,0,0,,,,
C,13355,0.036509,0,0,0,,,,
C,13356,0.035368,0,0,0,,,,
C,13357,0.036731,0,0,0,,,,
C,13358,0.042846,0,0,0,,,,
C,13359,0.036453,0,0,0,,,,
C,13360,0.036243,0,0,0,,,,
C,13361,0.036804,0,0,0,,,,
C,13362,0.036963,0,0,0,,,,
C,13363,0.036531,0,0,0,,,,
C,13364,0.036671,0,0,0,,,,
C,13365,0.037663,0,0,0,,,,
C,13366,0.040438,0,0,0,,,,
C,13367,0.042160,0,0,0,,,,
C,13368,0.038724,0,0,0,,,,
C,13369,0.036854,0,0,0,,,,
C,13370,0.042339,0,0,0,,,,
C,13371,0.039075,0,0,0,,,,
C,13372,0.039302,0,0,0,,,,
C,13373,0.042950,0,0,0,,,,
C,13374,0.037178,0,0,0,,,,
C,13375,0.036863,0,0,0,,,,
C,13376,0.035997,0,0,0,,,,
C,13377,0.035335,0,0,0,,,,
C,13378,0.038925,0,0,0,,,,
C,13379,0.034743,0,0,0,,,,
C,13380,0.036013,0,0,0,,,,
C,13381,0.035301,0,0,0,,,,
C,13382,0.036089,0,0,0,,,,
C,13383,0.035918,0,0,0,,,,
C,13384,0.038589,0,0,0,,,,
C,13385,0.036150,0,0,0,,,,
C,13386,0.035774,0,0,0,,,,
C,13387,0.036535,0,0,0,,,,
C,13388,0.037428,0,0,0,,,,
C,13389,0.035421,0,0,0,,,,
C,13390,0.037494,0,0,0,,,,
C,13391,0.035479,0,0,0,,,,
C,13392,0.035470,0,0,0,,,,
C,13393,0.037078,0,0,0,,,,
C,13394,0.035392,0,0,0,,,,
C,13395,0.035088,0,0,0,,,,
C,13396,0.036107,0,0,0,,,,
C,13397,0.035983,0,0,0,,,,
C,13398,0.035633,0,0,0,,,,
C,13399,0.035494,0,0,0,,,,
C,13400,0.036403,0,0,0,,,,
C,13401,0.035346,0,0,0,,,,
C,13402,0.036018,0,0,0,,,,
C,13403,0.036197,0,0,0,,,,
C,13404,0.035168,0,0,0,,,,
C,13405,0.035262,0,0,0,,,,
C,13406,0.035734,0,0,0,,,,
C,13407,0.037839,0,0,0,,,,
C,13408,0.036580,0,0,0,,,,
C,13409,0.038099,0,0,0,,,,
C,13410,0.036219,0,0,0,,,,
C,13411,0.036114,0,0,0,,,,
C,13412,0.036825,0,0,0,,,,
C,13413,0.036365,0,0,0,,,,
C,13414,0.036095,0,0,0,,,,
C,13415,0.036701,0,0,0,,,,
C,13416,0.036915,0,0,0,,,,
C,13417,0.035831,0,0,0,,,,
C,13418,0.035709,0,0,0,,,,
C,13419,0.038895,0,0,0,,,,
C,13420,0.037827,0,0,0,,,,
C,13421,0.036723,0,0,0,,,,
C,13422,0.036457,0,0,0,,,,
C,13423,0.043624,0,0,0,,,,
C,13424,0.040755,0,0,0,,,,
C,13425,0.037946,0,0,0,,,,
C,13426,0.035668,0,0,0,,,,
C,13427,0.040480,0,0,0,,,,
C,13428,0.038162,0,0,0,,,,
C,13429,0.037929,0,0,0,,,,
C,13430,0.036764,0,0,0,,,,
C,13431,0.036556,0,0,0,,,,
C,13432,0.036496,0,0,0,,,,
C,13433,0.035730,0,0,0,,,,
C,13434,0.036483,0,0,0,,,,
C,13435,0.035426,0,0,0,,,,
C,13436,0.035956,0,0,0,,,,
C,13437,0.036294,0,0,0,,,,
C,13438,0.037299,0,0,0,,,,
C,13439,0.036300,0,0,0,,,,
C,13440,0.036396,0,0,0,,,,
C,13441,0.036148,0,0,0,,,,
C,13442,0.037255,0,0,0,,,,
C,13443,0.037226,0,0,0,,,,
C,13444,0.036767,0,0,0,,,,
C,13445,0.035844,0,0,0,,,,
C,13446,0.036127,0,0,0,,,,
C,13447,0.034874,0,0,0,,,,
C,13448,0.036073,0,0,0,,,,
C,13449,0.035489,0,0,0,,,,
C,13450,0.036523,0,0,0,,,,
C,13451,0.036791,0,0,0,,,,
C,13452,0.036969,0,0,0,,,,
C,13453,0.036357,0,0,0,,,,
C,13454,0.036332,0,0,0,,,,
C,13455,0.037816,0,0,0,,,,
C,13456,0.035457,0,0,0,,,,
C,13457,0.036218,0,0,0,,,,
C,13458,0.036570,0,0,0,,,,
C,13459,0.036036,0,0,0,,,,
C,13460,0.035221,0,0,0,,,,
C,13461,0.036071,0,0,0,,,,
C,13462,0.036588,0,0,0,,,,
C,13463,0.037420,0,0,0,,,,
C,13464,0.037636,0,0,0,,,,
C,13465,0.037095,0,0,0,,,,
C,13466,0.036841,0,0,0,,,,
C,13467,0.036455,0,0,0,,,,
C,13468,0.035842,0,0,0,,,,
C,13469,0.036172,0,0,0,,,,
C,13470,0.035711,0,0,0,,,,
C,13471,0.036596,0,0,0,,,,
C,13472,0.037316,0,0,0,,,,
C,13473,0.036753,0,0,0,,,,
C,13474,0.036095,0,0,0,,,,
C,13475,0.036580,0,0,0,,,,
C,13476,0.035829,0,0,0,,,,
C,13477,0.036464,0,0,0,,,,
C,13478,0.036342,0,0,0,,,,
C,13479,0.035977,0,0,0,,,,
C,13480,0.043584,0,0,0,,,,
C,13481,0.035775,0,0,0,,,,
C,13482,0.036259,0,0,0,,,,
C,13483,0.036521,0,0,0,,,,
C,13484,0.035946,0,0,0,,,,
C,13485,0.037721,0,0,0,,,,
C,13486,0.035995,0,0,0,,,,
C,13487,0.035770,0,0,0,,,,
C,13488,0.035493,0,0,0,,,,
C,13489,0.036133,0,0,0,,,,
C,13490,0.035938,0,0,0,,,,
C,13491,0.042732,0,0,0,,,,
C,13492,0.037159,0,0,0,,,,
C,13493,0.039400,0,0,0,,,,
C,13494,0.037590,0,0,0,,,,
C,13495,0.035632,0,0,0,,,,
C,13496,0.036024,0,0,0,,,,
C,13497,0.037764,0,0,0,,,,
C,13498,0.036021,0,0,0,,,,
C,13499,0.037497,0,0,0,,,,
C,13500,0.038719,0,0,0,,,,
C,13501,0.037384,0,0,0,,,,
C,13502,0.036501,0,0,0,,,,
C,13503,0.037911,0,0,0,,,,
C,13504,0.036952,0,0,0,,,,
C,13505,0.037054,0,0,0,,,,
C,13506,0.036691,0,0,0,,,,
C,13507,0.037902,0,0,0,,,,
C,13508,0.036565,0,0,0,,,,
C,13509,0.036773,0,0,0,,,,
C,13510,0.036589,0,0,0,,,,
C,13511,0.037112,0,0,0,,,,
C,13512,0.036665,0,0,0,,,,
C,13513,0.036328,0,0,0,,,,
C,13514,0.036570,0,0,0,,,,
C,13515,0.035404,0,0,0,,,,
C,13516,0.035780,0,0,0,,,,
C,13517,0.042469,0,0,0,,,,
C,13518,0.045740,0,0,0,,,,
C,13519,0.044251,0,0,0,,,,
C,13520,0.063551,0,0,0,,,,
C,13521,0.041173,0,0,0,,,,
C,13522,0.043129,0,0,0,,,,
C,13523,0.035879,0,0,0,,,,
C,13524,0.036942,0,0,0,,,,
C,13525,0.036295,0,0,0,,,,
C,13526,0.036656,0,0,0,,,,
C,13527,0.038122,0,0,0,,,,
C,13528,0.035910,0,0,0,,,,
C,13529,0.035831,0,0,0,,,,
C,13530,0.060152,0,0,0,,,,
C,13531,0.042322,0,0,0,,,,
C,13532,0.040040,0,0,0,,,,
C,13533,0.039711,0,0,0,,,,
C,13534,0.040782,0,0,0,,,,
C,13535,0.038210,0,0,0,,,,
C,13536,0.036452,0,0,0,,,,
C,13537,0.037979,0,0,0,,,,
C,13538,0.042485,0,0,0,,,,
C,13539,0.045068,0,0,0,,,,
C,13540,0.043999,0,0,0,,,,
C,13541,0.043033,0,0,0,,,,
C,13542,0.044054,0,0,0,,,,
C,13543,0.039778,0,0,0,,,,
C,13544,0.039631,0,0,0,,,,
C,13545,0.043882,0,0,0,,,,
C,13546,0.039798,0,0,0,,,,
C,13547,0.043477,0,0,0,,,,
C,13548,0.043244,0,0,0,,,,
C,13549,0.040844,0,0,0,,,,
C,13550,0.049610,0,0,0,,,,
C,13551,0.043668,0,0,0,,,,
C,13552,0.047157,0,0,0,,,,
C,13553,0.039201,0,0,0,,,,
C,13554,0.038759,0,0,0,,,,
C,13555,0.036959,0,0,0,,,,
C,13556,0.038134,0,0,0,,,,
C,13557,0.036869,0,0,0,,,,
C,13558,0.037936,0,0,0,,,,
C,13559,0.036453,0,0,0,,,,
C,13560,0.036252,0,0,0,,,,
C,13561,0.035208,0,0,0,,,,
C,13562,0.039752,0,0,0,,,,
C,13563,0.039787,0,0,0,,,,
C,13564,0.037771,0,0,0,,,,
C,13565,0.037094,0,0,0,,,,
C,13566,0.036633,0,0,0,,,,
C,13567,0.036525,0,0,0,,,,
C,13568,0.035518,0,0,0,,,,
C,13569,0.038214,0,0,0,,,,
C,13570,0.035714,0,0,0,,,,
C,13571,0.036646,0,0,0,,,,
C,13572,0.036450,0,0,0,,,,
C,13573,0.036919,0,0,0,,,,
C,13574,0.036468,0,0,0,,,,
C,13575,0.035389,0,0,0,,,,
C,13576,0.037833,0,0,0,,,,
C,13577,0.035612,0,0,0,,,,
C,13578,0.036155,0,0,0,,,,
C,13579,0.035422,0,0,0,,,,
C,13580,0.035538,0,0,0,,,,
C,13581,0.035695,0,0,0,,,,
C,13582,0.038470,0,0,0,,,,
C,13583,0.036225,0,0,0,,,,
C,13584,0.035660,0,0,0,,,,
C,13585,0.035214,0,0,0,,,,
C,13586,0.035642,0,0,0,,,,
C,13587,0.042637,0,0,0,,,,
C,13588,0.036334,0,0,0,,,,
C,13589,0.036104,0,0,0,,,,
C,13590,0.039308,0,0,0,,,,
C,13591,0.036408,0,0,0,,,,
C,13592,0.036204,0,0,0,,,,
C,13593,0.044112,0,0,0,,,,
C,13594,0.035513,0,0,0,,,,
C,13595,0.036890,0,0,0,,,,
C,13596,0.035649,0,0,0,,,,
C,13597,0.040264,0,0,0,,,,
C,13598,0.037031,0,0,0,,,,
C,13599,0.035782,0,0,0,,,,
C,13600,0.035637,0,0,0,,,,
C,13601,0.035424,0,0,0,,,,
C,13602,0.035874,0,0,0,,,,
C,13603,0.036526,0,0,0,,,,
C,13604,0.035787,0,0,0,,,,
C,13605,0.036838,0,0,0,,,,
C,13606,0.035621,0,0,0,,,,
C,13607,0.035964,0,0,0,,,,
C,13608,0.035956,0,0,0,,,,
C,13609,0.035897,0,0,0,,,,
C,13610,0.036021,0,0,0,,,,
C,13611,0.035121,0,0,0,,,,
C,13612,0.035777,0,0,0,,,,
C,13613,0.036251,0,0,0,,,,
C,13614,0.035972,0,0,0,,,,
C,13615,0.036785,0,0,0,,,,
C,13616,0.035227,0,0,0,,,,
C,13617,0.035297,0,0,0,,,,
C,13618,0.036700,0,0,0,,,,
C,13619,0.035173,0,0,0,,,,
C,13620,0.035118,0,0,0,,,,
C,13621,0.036403,0,0,0,,,,
C,13622,0.036664,0,0,0,,,,
C,13623,0.039000,0,0,0,,,,
C,13624,0.051827,0,0,0,,,,
C,13625,0.048271,0,0,0,,,,
C,13626,0.043003,0,0,0,,,,
C,13627,0.038759,0,0,0,,,,
C,13628,0.035008,0,0,0,,,,
C,13629,0.043034,0,0,0,,,,
C,13630,0.042828,0,0,0,,,,
C,13631,0.044744,0,0,0,,,,
C,13632,0.040576,0,0,0,,,,
C,13633,0.041419,0,0,0,,,,
C,13634,0.036193,0,0,0,,,,
C,13635,0.037578,0,0,0,,,,
C,13636,0.036149,0,0,0,,,,
C,13637,0.038461,0,0,0,,,,
C,13638,0.037661,0,0,0,,,,
C,13639,0.035240,0,0,0,,,,
C,13640,0.035917,0,0,0,,,,
C,13641,0.037047,0,0,0,,,,
C,13642,0.041178,0,0,0,,,,
C,13643,0.041532,0,0,0,,,,
C,13644,0.041145,0,0,0,,,,
C,13645,0.037315,0,0,0,,,,
C,13646,0.040870,0,0,0,,,,
C,13647,0.037013,0,0,0,,,,
C,13648,0.037256,0,0,0,,,,
C,13649,0.040009,0,0,0,,,,
C,13650,0.038113,0,0,0,,,,
C,13651,0.036654,0,0,0,,,,
C,13652,0.037828,0,0,0,,,,
C,13653,0.036691,0,0,0,,,,
C,13654,0.049945,0,0,0,,,,
C,13655,0.035920,0,0,0,,,,
C,13656,0.036892,0,0,0,,,,
C,13657,0.037680,0,0,0,,,,
C,13658,0.035339,0,0,0,,,,
C,13659,0.035604,0,0,0,,,,
C,13660,0.035827,0,0,0,,,,
C,13661,0.035707,0,0,0,,,,
C,13662,0.036319,0,0,0,,,,
C,13663,0.036093,0,0,0,,,,
C,13664,0.036279,0,0,0,,,,
C,13665,0.036431,0,0,0,,,,
C,13666,0.035339,0,0,0,,,,
C,13667,0.034797,0,0,0,,,,
C,13668,0.036313,0,0,0,,,,
C,13669,0.036202,0,0,0,,,,
C,13670,0.036546,0,0,0,,,,
C,13671,0.038286,0,0,0,,,,
C,13672,0.036900,0,0,0,,,,
C,13673,0.036009,0,0,0,,,,
C,13674,0.036109,0,0,0,,,,
C,13675,0.036427,0,0,0,,,,
C,13676,0.035985,0,0,0,,,,
C,13677,0.036415,0,0,0,,,,
C,13678,0.036158,0,0,0,,,,
C,13679,0.036370,0,0,0,,,,
C,13680,0.035820,0,0,0,,,,
C,13681,0.035845,0,0,0,,,,
C,13682,0.036469,0,0,0,,,,
C,13683,0.035623,0,0,0,,,,
C,13684,0.034920,0,0,0,,,,
C,13685,0.035732,0,0,0,,,,
C,13686,0.036756,0,0,0,,,,
C,13687,0.036013,0,0,0,,,,
C,13688,0.036244,0,0,0,,,,
C,13689,0.039832,0,0,0,,,,
C,13690,0.036544,0,0,0,,,,
C,13691,0.035839,0,0,0,,,,
C,13692,0.036114,0,0,0,,,,
C,13693,0.035599,0,0,0,,,,
C,13694,0.035951,0,0,0,,,,
C,13695,0.035358,0,0,0,,,,
C,13696,0.035643,0,0,0,,,,
C,13697,0.036460,0,0,0,,,,
C,13698,0.036629,0,0,0,,,,
C,13699,0.035818,0,0,0,,,,
C,13700,0.036657,0,0,0,,,,
C,13701,0.041435,0,0,0,,,,
C,13702,0.035810,0,0,0,,,,
C,13703,0.036222,0,0,0,,,,
C,13704,0.036481,0,0,0,,,,
C,13705,0.036431,0,0,0,,,,
C,13706,0.036943,0,0,0,,,,
C,13707,0.037835,0,0,0,,,,
C,13708,0.035829,0,0,0,,,,
C,13709,0.036852,0,0,0,,,,
C,13710,0.035541,0,0,0,,,,
C,13711,0.036363,0,0,0,,,,
C,13712,0.037103,0,0,0,,,,
C,13713,0.035596,0,0,0,,,,
C,13714,0.035400,0,0,0,,,,
C,13715,0.038044,0,0,0,,,,
C,13716,0.039877,0,0,0,,,,
C,13717,0.036223,0,0,0,,,,
C,13718,0.036226,0,0,0,,,,
C,13719,0.041913,0,0,0,,,,
C,13720,0.035979,0,0,0,,,,
C,13721,0.043492,0,0,0,,,,
C,13722,0.035713,0,0,0,,,,
C,13723,0.037371,0,0,0,,,,
C,13724,0.036072,0,0,0,,,,
C,13725,0.040605,0,0,0,,,,
C,13726,0.037265,0,0,0,,,,
C,13727,0.036920,0,0,0,,,,
C,13728,0.035631,0,0,0,,,,
C,13729,0.035761,0,0,0,,,,
C,13730,0.035768,0,0,0,,,,
C,13731,0.041621,0,0,0,,,,
C,13732,0.040454,0,0,0,,,,
C,13733,0.038034,0,0,0,,,,
C,13734,0.039647,0,0,0,,,,
C,13735,0.041130,0,0,0,,,,
C,13736,0.045284,0,0,0,,,,
C,13737,0.046963,0,0,0,,,,
C,13738,0.040313,0,0,0,,,,
C,13739,0.036753,0,0,0,,,,
C,13740,0.039129,0,0,0,,,,
C,13741,0.039131,0,0,0,,,,
C,13742,0.042133,0,0,0,,,,
C,13743,0.038103,0,0,0,,,,
C,13744,0.036011,0,0,0,,,,
C,13745,0.036623,0,0,0,,,,
C,13746,0.036418,0,0,0,,,,
C,13747,0.036327,0,0,0,,,,
C,13748,0.037422,0,0,0,,,,
C,13749,0.036783,0,0,0,,,,
C,13750,0.037402,0,0,0,,,,
C,13751,0.036165,0,0,0,,,,
C,13752,0.037351,0,0,0,,,,
C,13753,0.038907,0,0,0,,,,
C,13754,0.039412,0,0,0,,,,
C,13755,0.038193,0,0,0,,,,
C,13756,0.036366,0,0,0,,,,
C,13757,0.036245,0,0,0,,,,
C,13758,0.036267,0,0,0,,,,
C,13759,0.035315,0,0,0,,,,
C,13760,0.039745,0,0,0,,,,
C,13761,0.036502,0,0,0,,,,
C,13762,0.037966,0,0,0,,,,
C,13763,0.036783,0,0,0,,,,
C,13764,0.038577,0,0,0,,,,
C,13765,0.041263,0,0,0,,,,
C,13766,0.040573,0,0,0,,,,
C,13767,0.036598,0,0,0,,,,
C,13768,0.039069,0,0,0,,,,
C,13769,0.041884,0,0,0,,,,
C,13770,0.040365,0,0,0,,,,
C,13771,0.038138,0,0,0,,,,
C,13772,0.036726,0,0,0,,,,
C,13773,0.037878,0,0,0,,,,
C,13774,0.037548,0,0,0,,,,
C,13775,0.036436,0,0,0,,,,
C,13776,0.036233,0,0,0,,,,
C,13777,0.037470,0,0,0,,,,
C,13778,0.036184,0,0,0,,,,
C,13779,0.037684,0,0,0,,,,
C,13780,0.036538,0,0,0,,,,
C,13781,0.036746,0,0,0,,,,
C,13782,0.037109,0,0,0,,,,
C,13783,0.038202,0,0,0,,,,
C,13784,0.037127,0,0,0,,,,
C,13785,0.037020,0,0,0,,,,
C,13786,0.036514,0,0,0,,,,
C,13787,0.037615,0,0,0,,,,
C,13788,0.036968,0,0,0,,,,
C,13789,0.037615,0,0,0,,,,
C,13790,0.038154,0,0,0,,,,
C,13791,0.036714,0,0,0,,,,
C,13792,0.036909,0,0,0,,,,
C,13793,0.037396,0,0,0,,,,
C,13794,0.037072,0,0,0,,,,
C,13795,0.036560,0,0,0,,,,
C,13796,0.035879,0,0,0,,,,
C,13797,0.036429,0,0,0,,,,
C,13798,0.036069,0,0,0,,,,
C,13799,0.036818,0,0,0,,,,
C,13800,0.037471,0,0,0,,,,
C,13801,0.037169,0,0,0,,,,
C,13802,0.039629,0,0,0,,,,
C,13803,0.035822,0,0,0,,,,
C,13804,0.035695,0,0,0,,,,
C,13805,0.035618,0,0,0,,,,
C,13806,0.034969,0,0,0,,,,
C,13807,0.035575,0,0,0,,,,
C,13808,0.035344,0,0,0,,,,
C,13809,0.035191,0,0,0,,,,
C,13810,0.035918,0,0,0,,,,
C,13811,0.035514,0,0,0,,,,
C,13812,0.035350,0,0,0,,,,
C,13813,0.036225,0,0,0,,,,
C,13814,0.035938,0,0,0,,,,
C,13815,0.036475,0,0,0,,,,
C,13816,0.035620,0,0,0,,,,
C,13817,0.038326,0,0,0,,,,
C,13818,0.039209,0,0,0,,,,
C,13819,0.036058,0,0,0,,,,
C,13820,0.035527,0,0,0,,,,
C,13821,0.034339,0,0,0,,,,
C,13822,0.035230,0,0,0,,,,
C,13823,0.034979,0,0,0,,,,
C,13824,0.034676,0,0,0,,,,
C,13825,0.035267,0,0,0,,,,
C,13826,0.035622,0,0,0,,,,
C,13827,0.038174,0,0,0,,,,
C,13828,0.035836,0,0,0,,,,
C,13829,0.036217,0,0,0,,,,
C,13830,0.036610,0,0,0,,,,
C,13831,0.036348,0,0,0,,,,
C,13832,0.036188,0,0,0,,,,
C,13833,0.036647,0,0,0,,,,
C,13834,0.036128,0,0,0,,,,
C,13835,0.036162,0,0,0,,,,
C,13836,0.035885,0,0,0,,,,
C,13837,0.037552,0,0,0,,,,
C,13838,0.037111,0,0,0,,,,
C,13839,0.036773,0,0,0,,,,
C,13840,0.035905,0,0,0,,,,
C,13841,0.035728,0,0,0,,,,
C,13842,0.036403,0,0,0,,,,
C,13843,0.035811,0,0,0,,,,
C,13844,0.035649,0,0,0,,,,
C,13845,0.036053,0,0,0,,,,
C,13846,0.035962,0,0,0,,,,
C,13847,0.036758,0,0,0,,,,
C,13848,0.035928,0,0,0,,,,
C,13849,0.035468,0,0,0,,,,
C,13850,0.035953,0,0,0,,,,
C,13851,0.036580,0,0,0,,,,
C,13852,0.036428,0,0,0,,,,
C,13853,0.035484,0,0,0,,,,
C,13854,0.037205,0,0,0,,,,
C,13855,0.037313,0,0,0,,,,
C,13856,0.037030,0,0,0,,,,
C,13857,0.035688,0,0,0,,,,
C,13858,0.035322,0,0,0,,,,
C,13859,0.038253,0,0,0,,,,
C,13860,0.037151,0,0,0,,,,
C,13861,0.036476,0,0,0,,,,
C,13862,0.036960,0,0,0,,,,
C,13863,0.036306,0,0,0,,,,
C,13864,0.036201,0,0,0,,,,
C,13865,0.036390,0,0,0,,,,
C,13866,0.036154,0,0,0,,,,
C,13867,0.036681,0,0,0,,,,
C,13868,0.036791,0,0,0,,,,
C,13869,0.037555,0,0,0,,,,
C,13870,0.037032,0,0,0,,,,
C,13871,0.036436,0,0,0,,,,
C,13872,0.036252,0,0,0,,,,
C,13873,0.037313,0,0,0,,,,
C,13874,0.036147,0,0,0,,,,
C,13875,0.036100,0,0,0,,,,
C,13876,0.038573,0,0,0,,,,
C,13877,0.035866,0,0,0,,,,
C,13878,0.037168,0,0,0,,,,
C,13879,0.045756,0,0,0,,,,
C,13880,0.039746,0,0,0,,,,
C,13881,0.047884,0,0,0,,,,
C,13882,0.036751,0,0,0,,,,
C,13883,0.036339,0,0,0,,,,
C,13884,0.035488,0,0,0,,,,
C,13885,0.035191,0,0,0,,,,
C,13886,0.035367,0,0,0,,,,
C,13887,0.036819,0,0,0,,,,
C,13888,0.043028,0,0,0,,,,
C,13889,0.037450,0,0,0,,,,
C,13890,0.036374,0,0,0,,,,
C,13891,0.036375,0,0,0,,,,
C,13892,0.034956,0,0,0,,,,
C,13893,0.035286,0,0,0,,,,
C,13894,0.035953,0,0,0,,,,
C,13895,0.036345,0,0,0,,,,
C,13896,0.036387,0,0,0,,,,
C,13897,0.035851,0,0,0,,,,
C,13898,0.035900,0,0,0,,,,
C,13899,0.035859,0,0,0,,,,
C,13900,0.035674,0,0,0,,,,
C,13901,0.036217,0,0,0,,,,
C,13902,0.035669,0,0,0,,,,
C,13903,0.035142,0,0,0,,,,
C,13904,0.037544,0,0,0,,,,
C,13905,0.037050,0,0,0,,,,
C,13906,0.037239,0,0,0,,,,
C,13907,0.036964,0,0,0,,,,
C,13908,0.038713,0,0,0,,,,
C,13909,0.037068,0,0,0,,,,
C,13910,0.037417,0,0,0,,,,
C,13911,0.038459,0,0,0,,,,
C,13912,0.037560,0,0,0,,,,
C,13913,0.036769,0,0,0,,,,
C,13914,0.042936,0,0,0,,,,
C,13915,0.037241,0,0,0,,,,
C,13916,0.036850,0,0,0,,,,
C,13917,0.036790,0,0,0,,,,
C,13918,0.036748,0,0,0,,,,
C,13919,0.036520,0,0,0,,,,
C,13920,0.035910,0,0,0,,,,
C,13921,0.035736,0,0,0,,,,
C,13922,0.036515,0,0,0,,,,
C,13923,0.035955,0,0,0,,,,
C,13924,0.039926,0,0,0,,,,
C,13925,0.036639,0,0,0,,,,
C,13926,0.035185,0,0,0,,,,
C,13927,0.035089,0,0,0,,,,
C,13928,0.036126,0,0,0,,,,
C,13929,0.035179,0,0,0,,,,
C,13930,0.035906,0,0,0,,,,
C,13931,0.036274,0,0,0,,,,
C,13932,0.041168,0,0,0,,,,
C,13933,0.037047,0,0,0,,,,
C,13934,0.038285,0,0,0,,,,
C,13935,0.050588,0,0,0,,,,
C,13936,0.038867,0,0,0,,,,
C,13937,0.037099,0,0,0,,,,
C,13938,0.039505,0,0,0,,,,
C,13939,0.037504,0,0,0,,,,
C,13940,0.036223,0,0,0,,,,
C,13941,0.036920,0,0,0,,,,
C,13942,0.035656,0,0,0,,,,
C,13943,0.041697,0,0,0,,,,
C,13944,0.035943,0,0,0,,,,
C,13945,0.035410,0,0,0,,,,
C,13946,0.038553,0,0,0,,,,
C,13947,0.035661,0,0,0,,,,
C,13948,0.035871,0,0,0,,,,
C,13949,0.035536,0,0,0,,,,
C,13950,0.035969,0,0,0,,,,
C,13951,0.038037,0,0,0,,,,
C,13952,0.036495,0,0,0,,,,
C,13953,0.036720,0,0,0,,,,
C,13954,0.038116,0,0,0,,,,
C,13955,0.036649,0,0,0,,,,
C,13956,0.036879,0,0,0,,,,
C,13957,0.036971,0,0,0,,,,
C,13958,0.036584,0,0,0,,,,
C,13959,0.036728,0,0,0,,,,
C,13960,0.035568,0,0,0,,,,
C,13961,0.035701,0,0,0,,,,
C,13962,0.035872,0,0,0,,,,
C,13963,0.036296,0,0,0,,,,
C,13964,0.038504,0,0,0,,,,
C,13965,0.040653,0,0,0,,,,
C,13966,0.035963,0,0,0,,,,
C,13967,0.037475,0,0,0,,,,
C,13968,0.039756,0,0,0,,,,
C,13969,0.038035,0,0,0,,,,
C,13970,0.035685,0,0,0,,,,
C,13971,0.035304,0,0,0,,,,
C,13972,0.035752,0,0,0,,,,
C,13973,0.038569,0,0,0,,,,
C,13974,0.037269,0,0,0,,,,
C,13975,0.035462,0,0,0,,,,
C,13976,0.035714,0,0,0,,,,
C,13977,0.037273,0,0,0,,,,
C,13978,0.036117,0,0,0,,,,
C,13979,0.036220,0,0,0,,,,
C,13980,0.037220,0,0,0,,,,
C,13981,0.038961,0,0,0,,,,
C,13982,0.036124,0,0,0,,,,
C,13983,0.039111,0,0,0,,,,
C,13984,0.038050,0,0,0,,,,
C,13985,0.036707,0,0,0,,,,
C,13986,0.039705,0,0,0,,,,
C,13987,0.037426,0,0,0,,,,
C,13988,0.037543,0,0,0,,,,
C,13989,0.036563,0,0,0,,,,
C,13990,0.036962,0,0,0,,,,
C,13991,0.037199,0,0,0,,,,
C,13992,0.039383,0,0,0,,,,
C,13993,0.036748,0,0,0,,,,
C,13994,0.038432,0,0,0,,,,
C,13995,0.038445,0,0,0,,,,
C,13996,0.037022,0,0,0,,,,
C,13997,0.035727,0,0,0,,,,
C,13998,0.036613,0,0,0,,,,
C,13999,0.035725,0,0,0,,,,
C,14000,0.035571,0,0,0,206.2,8.522e-11,"{'checked': 26, 'zsx_rejected': 6, 'default_rejected': 0, 'closed_form_forced': 0, 'inexact': 9, 'exact_rebuilt': 0, 'best_effort': 0, 'best_effort_worst': 0.0, 'psf_rerouted': 0, 'psf_rerouted_worst_residual': 0.0}",842
C,14001,0.034722,0,0,0,,,,
C,14002,0.035555,0,0,0,,,,
C,14003,0.035340,0,0,0,,,,
C,14004,0.035786,0,0,0,,,,
C,14005,0.035052,0,0,0,,,,
C,14006,0.035366,0,0,0,,,,
C,14007,0.037797,0,0,0,,,,
C,14008,0.037603,0,0,0,,,,
C,14009,0.036717,0,0,0,,,,
C,14010,0.036840,0,0,0,,,,
C,14011,0.038316,0,0,0,,,,
C,14012,0.035895,0,0,0,,,,
C,14013,0.035892,0,0,0,,,,
C,14014,0.036072,0,0,0,,,,
C,14015,0.040968,0,0,0,,,,
C,14016,0.036050,0,0,0,,,,
C,14017,0.040077,0,0,0,,,,
C,14018,0.036792,0,0,0,,,,
C,14019,0.040801,0,0,0,,,,
C,14020,0.040536,0,0,0,,,,
C,14021,0.040133,0,0,0,,,,
C,14022,0.036976,0,0,0,,,,
C,14023,0.039367,0,0,0,,,,
C,14024,0.038536,0,0,0,,,,
C,14025,0.040992,0,0,0,,,,
C,14026,0.039350,0,0,0,,,,
C,14027,0.035674,0,0,0,,,,
C,14028,0.037243,0,0,0,,,,
C,14029,0.036609,0,0,0,,,,
C,14030,0.038905,0,0,0,,,,
C,14031,0.037918,0,0,0,,,,
C,14032,0.036531,0,0,0,,,,
C,14033,0.035971,0,0,0,,,,
C,14034,0.036860,0,0,0,,,,
C,14035,0.039993,0,0,0,,,,
C,14036,0.038959,0,0,0,,,,
C,14037,0.036758,0,0,0,,,,
C,14038,0.037067,0,0,0,,,,
C,14039,0.036766,0,0,0,,,,
C,14040,0.037625,0,0,0,,,,
C,14041,0.036512,0,0,0,,,,
C,14042,0.037829,0,0,0,,,,
C,14043,0.068891,0,0,0,,,,
C,14044,0.051254,0,0,0,,,,
C,14045,0.042943,0,0,0,,,,
C,14046,0.043681,0,0,0,,,,
C,14047,0.039766,0,0,0,,,,
C,14048,0.037886,0,0,0,,,,
C,14049,0.037953,0,0,0,,,,
C,14050,0.038038,0,0,0,,,,
C,14051,0.036309,0,0,0,,,,
C,14052,0.037266,0,0,0,,,,
C,14053,0.037313,0,0,0,,,,
C,14054,0.038595,0,0,0,,,,
C,14055,0.036416,0,0,0,,,,
C,14056,0.036488,0,0,0,,,,
C,14057,0.035825,0,0,0,,,,
C,14058,0.038416,0,0,0,,,,
C,14059,0.036106,0,0,0,,,,
C,14060,0.035882,0,0,0,,,,
C,14061,0.035704,0,0,0,,,,
C,14062,0.036411,0,0,0,,,,
C,14063,0.036046,0,0,0,,,,
C,14064,0.036200,0,0,0,,,,
C,14065,0.035569,0,0,0,,,,
C,14066,0.035135,0,0,0,,,,
C,14067,0.035419,0,0,0,,,,
C,14068,0.035268,0,0,0,,,,
C,14069,0.036431,0,0,0,,,,
C,14070,0.035637,0,0,0,,,,
C,14071,0.035050,0,0,0,,,,
C,14072,0.035435,0,0,0,,,,
C,14073,0.040367,0,0,0,,,,
C,14074,0.036103,0,0,0,,,,
C,14075,0.035317,0,0,0,,,,
C,14076,0.035733,0,0,0,,,,
C,14077,0.035561,0,0,0,,,,
C,14078,0.035763,0,0,0,,,,
C,14079,0.036372,0,0,0,,,,
C,14080,0.036658,0,0,0,,,,
C,14081,0.036063,0,0,0,,,,
C,14082,0.038735,0,0,0,,,,
C,14083,0.036185,0,0,0,,,,
C,14084,0.036156,0,0,0,,,,
C,14085,0.037714,0,0,0,,,,
C,14086,0.036315,0,0,0,,,,
C,14087,0.036780,0,0,0,,,,
C,14088,0.036059,0,0,0,,,,
C,14089,0.035880,0,0,0,,,,
C,14090,0.038487,0,0,0,,,,
C,14091,0.036637,0,0,0,,,,
C,14092,0.039784,0,0,0,,,,
C,14093,0.038189,0,0,0,,,,
C,14094,0.036430,0,0,0,,,,
C,14095,0.036244,0,0,0,,,,
C,14096,0.036131,0,0,0,,,,
C,14097,0.036557,0,0,0,,,,
C,14098,0.036422,0,0,0,,,,
C,14099,0.036292,0,0,0,,,,
C,14100,0.036493,0,0,0,,,,
C,14101,0.036808,0,0,0,,,,
C,14102,0.038490,0,0,0,,,,
C,14103,0.037425,0,0,0,,,,
C,14104,0.040587,0,0,0,,,,
C,14105,0.035809,0,0,0,,,,
C,14106,0.035283,0,0,0,,,,
C,14107,0.036201,0,0,0,,,,
C,14108,0.036062,0,0,0,,,,
C,14109,0.035964,0,0,0,,,,
C,14110,0.035677,0,0,0,,,,
C,14111,0.035618,0,0,0,,,,
C,14112,0.036468,0,0,0,,,,
C,14113,0.036682,0,0,0,,,,
C,14114,0.036673,0,0,0,,,,
C,14115,0.037422,0,0,0,,,,
C,14116,0.039571,0,0,0,,,,
C,14117,0.036753,0,0,0,,,,
C,14118,0.036605,0,0,0,,,,
C,14119,0.036441,0,0,0,,,,
C,14120,0.035794,0,0,0,,,,
C,14121,0.036283,0,0,0,,,,
C,14122,0.036378,0,0,0,,,,
C,14123,0.035898,0,0,0,,,,
C,14124,0.035706,0,0,0,,,,
C,14125,0.036016,0,0,0,,,,
C,14126,0.036731,0,0,0,,,,
C,14127,0.036679,0,0,0,,,,
C,14128,0.037419,0,0,0,,,,
C,14129,0.037085,0,0,0,,,,
C,14130,0.037010,0,0,0,,,,
C,14131,0.037048,0,0,0,,,,
C,14132,0.036543,0,0,0,,,,
C,14133,0.037006,0,0,0,,,,
C,14134,0.039673,0,0,0,,,,
C,14135,0.035849,0,0,0,,,,
C,14136,0.035582,0,0,0,,,,
C,14137,0.037846,0,0,0,,,,
C,14138,0.037210,0,0,0,,,,
C,14139,0.036225,0,0,0,,,,
C,14140,0.035636,0,0,0,,,,
C,14141,0.036716,0,0,0,,,,
C,14142,0.034225,0,0,0,,,,
C,14143,0.035100,0,0,0,,,,
C,14144,0.035028,0,0,0,,,,
C,14145,0.043098,0,0,0,,,,
C,14146,0.035507,0,0,0,,,,
C,14147,0.035551,0,0,0,,,,
C,14148,0.036722,0,0,0,,,,
C,14149,0.035575,0,0,0,,,,
C,14150,0.035615,0,0,0,,,,
C,14151,0.036051,0,0,0,,,,
C,14152,0.035687,0,0,0,,,,
C,14153,0.035750,0,0,0,,,,
C,14154,0.035648,0,0,0,,,,
C,14155,0.035107,0,0,0,,,,
C,14156,0.035702,0,0,0,,,,
C,14157,0.036521,0,0,0,,,,
C,14158,0.037801,0,0,0,,,,
C,14159,0.035507,0,0,0,,,,
C,14160,0.035619,0,0,0,,,,
C,14161,0.034638,0,0,0,,,,
C,14162,0.034955,0,0,0,,,,
C,14163,0.034948,0,0,0,,,,
C,14164,0.035277,0,0,0,,,,
C,14165,0.035128,0,0,0,,,,
C,14166,0.035627,0,0,0,,,,
C,14167,0.035375,0,0,0,,,,
C,14168,0.037114,0,0,0,,,,
C,14169,0.036710,0,0,0,,,,
C,14170,0.035727,0,0,0,,,,
C,14171,0.035842,0,0,0,,,,
C,14172,0.036583,0,0,0,,,,
C,14173,0.035911,0,0,0,,,,
C,14174,0.035043,0,0,0,,,,
C,14175,0.035707,0,0,0,,,,
C,14176,0.035920,0,0,0,,,,
C,14177,0.035752,0,0,0,,,,
C,14178,0.036039,0,0,0,,,,
C,14179,0.035478,0,0,0,,,,
C,14180,0.035458,0,0,0,,,,
C,14181,0.037581,0,0,0,,,,
C,14182,0.037481,0,0,0,,,,
C,14183,0.035900,0,0,0,,,,
C,14184,0.035259,0,0,0,,,,
C,14185,0.035555,0,0,0,,,,
C,14186,0.035739,0,0,0,,,,
C,14187,0.036622,0,0,0,,,,
C,14188,0.035013,0,0,0,,,,
C,14189,0.035165,0,0,0,,,,
C,14190,0.034649,0,0,0,,,,
C,14191,0.035962,0,0,0,,,,
C,14192,0.035680,0,0,0,,,,
C,14193,0.036558,0,0,0,,,,
C,14194,0.036136,0,0,0,,,,
C,14195,0.036137,0,0,0,,,,
C,14196,0.035791,0,0,0,,,,
C,14197,0.039483,0,0,0,,,,
C,14198,0.037278,0,0,0,,,,
C,14199,0.038555,0,0,0,,,,
C,14200,0.038789,0,0,0,,,,
C,14201,0.037912,0,0,0,,,,
C,14202,0.036963,0,0,0,,,,
C,14203,0.037373,0,0,0,,,,
C,14204,0.036507,0,0,0,,,,
C,14205,0.037500,0,0,0,,,,
C,14206,0.039334,0,0,0,,,,
C,14207,0.036580,0,0,0,,,,
C,14208,0.037923,0,0,0,,,,
C,14209,0.037868,0,0,0,,,,
C,14210,0.037810,0,0,0,,,,
C,14211,0.036721,0,0,0,,,,
C,14212,0.036619,0,0,0,,,,
C,14213,0.036459,0,0,0,,,,
C,14214,0.037461,0,0,0,,,,
C,14215,0.039049,0,0,0,,,,
C,14216,0.042785,0,0,0,,,,
C,14217,0.035954,0,0,0,,,,
C,14218,0.035575,0,0,0,,,,
C,14219,0.037296,0,0,0,,,,
C,14220,0.043393,0,0,0,,,,
C,14221,0.036248,0,0,0,,,,
C,14222,0.039821,0,0,0,,,,
C,14223,0.039466,0,0,0,,,,
C,14224,0.048221,0,0,0,,,,
C,14225,0.037880,0,0,0,,,,
C,14226,0.036662,0,0,0,,,,
C,14227,0.037585,0,0,0,,,,
C,14228,0.035656,0,0,0,,,,
C,14229,0.036867,0,0,0,,,,
C,14230,0.037404,0,0,0,,,,
C,14231,0.036621,0,0,0,,,,
C,14232,0.036264,0,0,0,,,,
C,14233,0.038437,0,0,0,,,,
C,14234,0.038170,0,0,0,,,,
C,14235,0.037037,0,0,0,,,,
C,14236,0.036670,0,0,0,,,,
C,14237,0.037841,0,0,0,,,,
C,14238,0.037402,0,0,0,,,,
C,14239,0.036540,0,0,0,,,,
C,14240,0.035843,0,0,0,,,,
C,14241,0.035830,0,0,0,,,,
C,14242,0.038710,0,0,0,,,,
C,14243,0.041831,0,0,0,,,,
C,14244,0.037483,0,0,0,,,,
C,14245,0.036614,0,0,0,,,,
C,14246,0.042644,0,0,0,,,,
C,14247,0.036368,0,0,0,,,,
C,14248,0.035781,0,0,0,,,,
C,14249,0.035932,0,0,0,,,,
C,14250,0.037330,0,0,0,,,,
C,14251,0.036350,0,0,0,,,,
C,14252,0.037253,0,0,0,,,,
C,14253,0.035784,0,0,0,,,,
C,14254,0.036416,0,0,0,,,,
C,14255,0.035691,0,0,0,,,,
C,14256,0.037741,0,0,0,,,,
C,14257,0.038229,0,0,0,,,,
C,14258,0.038823,0,0,0,,,,
C,14259,0.037758,0,0,0,,,,
C,14260,0.040307,0,0,0,,,,
C,14261,0.037882,0,0,0,,,,
C,14262,0.037055,0,0,0,,,,
C,14263,0.037984,0,0,0,,,,
C,14264,0.036946,0,0,0,,,,
C,14265,0.038721,0,0,0,,,,
C,14266,0.038303,0,0,0,,,,
C,14267,0.037536,0,0,0,,,,
C,14268,0.044239,0,0,0,,,,
C,14269,0.036529,0,0,0,,,,
C,14270,0.036911,0,0,0,,,,
C,14271,0.037120,0,0,0,,,,
C,14272,0.041726,0,0,0,,,,
C,14273,0.037239,0,0,0,,,,
C,14274,0.036454,0,0,0,,,,
C,14275,0.039102,0,0,0,,,,
C,14276,0.045291,0,0,0,,,,
C,14277,0.040733,0,0,0,,,,
C,14278,0.037039,0,0,0,,,,
C,14279,0.037596,0,0,0,,,,
C,14280,0.040522,0,0,0,,,,
C,14281,0.037573,0,0,0,,,,
C,14282,0.038254,0,0,0,,,,
C,14283,0.036451,0,0,0,,,,
C,14284,0.036819,0,0,0,,,,
C,14285,0.036588,0,0,0,,,,
C,14286,0.036941,0,0,0,,,,
C,14287,0.040369,0,0,0,,,,
C,14288,0.037929,0,0,0,,,,
C,14289,0.037620,0,0,0,,,,
C,14290,0.042848,0,0,0,,,,
C,14291,0.036482,0,0,0,,,,
C,14292,0.036560,0,0,0,,,,
C,14293,0.037850,0,0,0,,,,
C,14294,0.041290,0,0,0,,,,
C,14295,0.036429,0,0,0,,,,
C,14296,0.036450,0,0,0,,,,
C,14297,0.035961,0,0,0,,,,
C,14298,0.037655,0,0,0,,,,
C,14299,0.037251,0,0,0,,,,
C,14300,0.036679,0,0,0,,,,
C,14301,0.037028,0,0,0,,,,
C,14302,0.037426,0,0,0,,,,
C,14303,0.035822,0,0,0,,,,
C,14304,0.035949,0,0,0,,,,
C,14305,0.039445,0,0,0,,,,
C,14306,0.040039,0,0,0,,,,
C,14307,0.043429,0,0,0,,,,
C,14308,0.038483,0,0,0,,,,
C,14309,0.035912,0,0,0,,,,
C,14310,0.037258,0,0,0,,,,
C,14311,0.036266,0,0,0,,,,
C,14312,0.044436,0,0,0,,,,
C,14313,0.038010,0,0,0,,,,
C,14314,0.035398,0,0,0,,,,
C,14315,0.036004,0,0,0,,,,
C,14316,0.037457,0,0,0,,,,
C,14317,0.039074,0,0,0,,,,
C,14318,0.036601,0,0,0,,,,
C,14319,0.037251,0,0,0,,,,
C,14320,0.039536,0,0,0,,,,
C,14321,0.036993,0,0,0,,,,
C,14322,0.039489,0,0,0,,,,
C,14323,0.039985,0,0,0,,,,
C,14324,0.038105,0,0,0,,,,
C,14325,0.040654,0,0,0,,,,
C,14326,0.036763,0,0,0,,,,
C,14327,0.037095,0,0,0,,,,
C,14328,0.036593,0,0,0,,,,
C,14329,0.037650,0,0,0,,,,
C,14330,0.037198,0,0,0,,,,
C,14331,0.038349,0,0,0,,,,
C,14332,0.037133,0,0,0,,,,
C,14333,0.038518,0,0,0,,,,
C,14334,0.038394,0,0,0,,,,
C,14335,0.042645,0,0,0,,,,
C,14336,0.037110,0,0,0,,,,
C,14337,0.036949,0,0,0,,,,
C,14338,0.038048,0,0,0,,,,
C,14339,0.036209,0,0,0,,,,
C,14340,0.035909,0,0,0,,,,
C,14341,0.036679,0,0,0,,,,
C,14342,0.035580,0,0,0,,,,
C,14343,0.036180,0,0,0,,,,
C,14344,0.035355,0,0,0,,,,
C,14345,0.036443,0,0,0,,,,
C,14346,0.035911,0,0,0,,,,
C,14347,0.036957,0,0,0,,,,
C,14348,0.036534,0,0,0,,,,
C,14349,0.036020,0,0,0,,,,
C,14350,0.036226,0,0,0,,,,
C,14351,0.035880,0,0,0,,,,
C,14352,0.036171,0,0,0,,,,
C,14353,0.035750,0,0,0,,,,
C,14354,0.036993,0,0,0,,,,
C,14355,0.035658,0,0,0,,,,
C,14356,0.035936,0,0,0,,,,
C,14357,0.036756,0,0,0,,,,
C,14358,0.037421,0,0,0,,,,
C,14359,0.038525,0,0,0,,,,
C,14360,0.036263,0,0,0,,,,
C,14361,0.035871,0,0,0,,,,
C,14362,0.036004,0,0,0,,,,
C,14363,0.036824,0,0,0,,,,
C,14364,0.035670,0,0,0,,,,
C,14365,0.035835,0,0,0,,,,
C,14366,0.037149,0,0,0,,,,
C,14367,0.036733,0,0,0,,,,
C,14368,0.036444,0,0,0,,,,
C,14369,0.037564,0,0,0,,,,
C,14370,0.038389,0,0,0,,,,
C,14371,0.037142,0,0,0,,,,
C,14372,0.036609,0,0,0,,,,
C,14373,0.104818,0,0,0,,,,
C,14374,0.039350,0,0,0,,,,
C,14375,0.042539,0,0,0,,,,
C,14376,0.036336,0,0,0,,,,
C,14377,0.038571,0,0,0,,,,
C,14378,0.038135,0,0,0,,,,
C,14379,0.037004,0,0,0,,,,
C,14380,0.047014,0,0,0,,,,
C,14381,0.036312,0,0,0,,,,
C,14382,0.036915,0,0,0,,,,
C,14383,0.037390,0,0,0,,,,
C,14384,0.036143,0,0,0,,,,
C,14385,0.037291,0,0,0,,,,
C,14386,0.038432,0,0,0,,,,
C,14387,0.038737,0,0,0,,,,
C,14388,0.037998,0,0,0,,,,
C,14389,0.037148,0,0,0,,,,
C,14390,0.035508,0,0,0,,,,
C,14391,0.036630,0,0,0,,,,
C,14392,0.042964,0,0,0,,,,
C,14393,0.038562,0,0,0,,,,
C,14394,0.037867,0,0,0,,,,
C,14395,0.037310,0,0,0,,,,
C,14396,0.036944,0,0,0,,,,
C,14397,0.035252,0,0,0,,,,
C,14398,0.036575,0,0,0,,,,
C,14399,0.036723,0,0,0,,,,
C,14400,0.035942,0,0,0,,,,
C,14401,0.036646,0,0,0,,,,
C,14402,0.037166,0,0,0,,,,
C,14403,0.036659,0,0,0,,,,
C,14404,0.035746,0,0,0,,,,
C,14405,0.035779,0,0,0,,,,
C,14406,0.039187,0,0,0,,,,
C,14407,0.037365,0,0,0,,,,
C,14408,0.038976,0,0,0,,,,
C,14409,0.040885,0,0,0,,,,
C,14410,0.039718,0,0,0,,,,
C,14411,0.038632,0,0,0,,,,
C,14412,0.039499,0,0,0,,,,
C,14413,0.037695,0,0,0,,,,
C,14414,0.036444,0,0,0,,,,
C,14415,0.036339,0,0,0,,,,
C,14416,0.035892,0,0,0,,,,
C,14417,0.035842,0,0,0,,,,
C,14418,0.036212,0,0,0,,,,
C,14419,0.036238,0,0,0,,,,
C,14420,0.036978,0,0,0,,,,
C,14421,0.037001,0,0,0,,,,
C,14422,0.036394,0,0,0,,,,
C,14423,0.035389,0,0,0,,,,
C,14424,0.036886,0,0,0,,,,
C,14425,0.037095,0,0,0,,,,
C,14426,0.035850,0,0,0,,,,
C,14427,0.037080,0,0,0,,,,
C,14428,0.035814,0,0,0,,,,
C,14429,0.038320,0,0,0,,,,
C,14430,0.035606,0,0,0,,,,
C,14431,0.036257,0,0,0,,,,
C,14432,0.037109,0,0,0,,,,
C,14433,0.036532,0,0,0,,,,
C,14434,0.037571,0,0,0,,,,
C,14435,0.035431,0,0,0,,,,
C,14436,0.036291,0,0,0,,,,
C,14437,0.036625,0,0,0,,,,
C,14438,0.036801,0,0,0,,,,
C,14439,0.036425,0,0,0,,,,
C,14440,0.036750,0,0,0,,,,
C,14441,0.036333,0,0,0,,,,
C,14442,0.036493,0,0,0,,,,
C,14443,0.036980,0,0,0,,,,
C,14444,0.035686,0,0,0,,,,
C,14445,0.035956,0,0,0,,,,
C,14446,0.039628,0,0,0,,,,
C,14447,0.036895,0,0,0,,,,
C,14448,0.035777,0,0,0,,,,
C,14449,0.036224,0,0,0,,,,
C,14450,0.036524,0,0,0,,,,
C,14451,0.037275,0,0,0,,,,
C,14452,0.038201,0,0,0,,,,
C,14453,0.037711,0,0,0,,,,
C,14454,0.038172,0,0,0,,,,
C,14455,0.037192,0,0,0,,,,
C,14456,0.036795,0,0,0,,,,
C,14457,0.037679,0,0,0,,,,
C,14458,0.037719,0,0,0,,,,
C,14459,0.037946,0,0,0,,,,
C,14460,0.037094,0,0,0,,,,
C,14461,0.035817,0,0,0,,,,
C,14462,0.036386,0,0,0,,,,
C,14463,0.037989,0,0,0,,,,
C,14464,0.036541,0,0,0,,,,
C,14465,0.036896,0,0,0,,,,
C,14466,0.036710,0,0,0,,,,
C,14467,0.039929,0,0,0,,,,
C,14468,0.036449,0,0,0,,,,
C,14469,0.038767,0,0,0,,,,
C,14470,0.047766,0,0,0,,,,
C,14471,0.039290,0,0,0,,,,
C,14472,0.042874,0,0,0,,,,
C,14473,0.038000,0,0,0,,,,
C,14474,0.036619,0,0,0,,,,
C,14475,0.037721,0,0,0,,,,
C,14476,0.037492,0,0,0,,,,
C,14477,0.043494,0,0,0,,,,
C,14478,0.039707,0,0,0,,,,
C,14479,0.044521,0,0,0,,,,
C,14480,0.036552,0,0,0,,,,
C,14481,0.036482,0,0,0,,,,
C,14482,0.036613,0,0,0,,,,
C,14483,0.037012,0,0,0,,,,
C,14484,0.036539,0,0,0,,,,
C,14485,0.036216,0,0,0,,,,
C,14486,0.037737,0,0,0,,,,
C,14487,0.040178,0,0,0,,,,
C,14488,0.037586,0,0,0,,,,
C,14489,0.040094,0,0,0,,,,
C,14490,0.035927,0,0,0,,,,
C,14491,0.039116,0,0,0,,,,
C,14492,0.040214,0,0,0,,,,
C,14493,0.037574,0,0,0,,,,
C,14494,0.037640,0,0,0,,,,
C,14495,0.037266,0,0,0,,,,
C,14496,0.040537,0,0,0,,,,
C,14497,0.042007,0,0,0,,,,
C,14498,0.036966,0,0,0,,,,
C,14499,0.040056,0,0,0,,,,
C,14500,0.036016,0,0,0,,,,
C,14501,0.035902,0,0,0,,,,
C,14502,0.035618,0,0,0,,,,
C,14503,0.036684,0,0,0,,,,
C,14504,0.038735,0,0,0,,,,
C,14505,0.038103,0,0,0,,,,
C,14506,0.037515,0,0,0,,,,
C,14507,0.036121,0,0,0,,,,
C,14508,0.039925,0,0,0,,,,
C,14509,0.037172,0,0,0,,,,
C,14510,0.039940,0,0,0,,,,
C,14511,0.055898,0,0,0,,,,
C,14512,0.038980,0,0,0,,,,
C,14513,0.037109,0,0,0,,,,
C,14514,0.037958,0,0,0,,,,
C,14515,0.036588,0,0,0,,,,
C,14516,0.041681,0,0,0,,,,
C,14517,0.036203,0,0,0,,,,
C,14518,0.037439,0,0,0,,,,
C,14519,0.037474,0,0,0,,,,
C,14520,0.036183,0,0,0,,,,
C,14521,0.036123,0,0,0,,,,
C,14522,0.036175,0,0,0,,,,
C,14523,0.036002,0,0,0,,,,
C,14524,0.037222,0,0,0,,,,
C,14525,0.036556,0,0,0,,,,
C,14526,0.036521,0,0,0,,,,
C,14527,0.036812,0,0,0,,,,
C,14528,0.037146,0,0,0,,,,
C,14529,0.036266,0,0,0,,,,
C,14530,0.037100,0,0,0,,,,
C,14531,0.036218,0,0,0,,,,
C,14532,0.036488,0,0,0,,,,
C,14533,0.035659,0,0,0,,,,
C,14534,0.035642,0,0,0,,,,
C,14535,0.035637,0,0,0,,,,
C,14536,0.035594,0,0,0,,,,
C,14537,0.035320,0,0,0,,,,
C,14538,0.039388,0,0,0,,,,
C,14539,0.036924,0,0,0,,,,
C,14540,0.036052,0,0,0,,,,
C,14541,0.035592,0,0,0,,,,
C,14542,0.035808,0,0,0,,,,
C,14543,0.046513,0,0,0,,,,
C,14544,0.036273,0,0,0,,,,
C,14545,0.039801,0,0,0,,,,
C,14546,0.042484,0,0,0,,,,
C,14547,0.039101,0,0,0,,,,
C,14548,0.037487,0,0,0,,,,
C,14549,0.037419,0,0,0,,,,
C,14550,0.041025,0,0,0,,,,
C,14551,0.041690,0,0,0,,,,
C,14552,0.042786,0,0,0,,,,
C,14553,0.039845,0,0,0,,,,
C,14554,0.041875,0,0,0,,,,
C,14555,0.038761,0,0,0,,,,
C,14556,0.041897,0,0,0,,,,
C,14557,0.037301,0,0,0,,,,
C,14558,0.043656,0,0,0,,,,
C,14559,0.048644,0,0,0,,,,
C,14560,0.047197,0,0,0,,,,
C,14561,0.038874,0,0,0,,,,
C,14562,0.043532,0,0,0,,,,
C,14563,0.040921,0,0,0,,,,
C,14564,0.040193,0,0,0,,,,
C,14565,0.038711,0,0,0,,,,
C,14566,0.039819,0,0,0,,,,
C,14567,0.045322,0,0,0,,,,
C,14568,0.060061,0,0,0,,,,
C,14569,0.041852,0,0,0,,,,
C,14570,0.039992,0,0,0,,,,
C,14571,0.039291,0,0,0,,,,
C,14572,0.037513,0,0,0,,,,
C,14573,0.043158,0,0,0,,,,
C,14574,0.049363,0,0,0,,,,
C,14575,0.045414,0,0,0,,,,
C,14576,0.040268,0,0,0,,,,
C,14577,0.043743,0,0,0,,,,
C,14578,0.038871,0,0,0,,,,
C,14579,0.036149,0,0,0,,,,
C,14580,0.035653,0,0,0,,,,
C,14581,0.037009,0,0,0,,,,
C,14582,0.037749,0,0,0,,,,
C,14583,0.038037,0,0,0,,,,
C,14584,0.039760,0,0,0,,,,
C,14585,0.036726,0,0,0,,,,
C,14586,0.036268,0,0,0,,,,
C,14587,0.037172,0,0,0,,,,
C,14588,0.036069,0,0,0,,,,
C,14589,0.036314,0,0,0,,,,
C,14590,0.036174,0,0,0,,,,
C,14591,0.036451,0,0,0,,,,
C,14592,0.036913,0,0,0,,,,
C,14593,0.039309,0,0,0,,,,
C,14594,0.037224,0,0,0,,,,
C,14595,0.036033,0,0,0,,,,
C,14596,0.036245,0,0,0,,,,
C,14597,0.036226,0,0,0,,,,
C,14598,0.037574,0,0,0,,,,
C,14599,0.036199,0,0,0,,,,
C,14600,0.036908,0,0,0,,,,
C,14601,0.036258,0,0,0,,,,
C,14602,0.035578,0,0,0,,,,
C,14603,0.035986,0,0,0,,,,
C,14604,0.036134,0,0,0,,,,
C,14605,0.035599,0,0,0,,,,
C,14606,0.037460,0,0,0,,,,
C,14607,0.035359,0,0,0,,,,
C,14608,0.037004,0,0,0,,,,
C,14609,0.035989,0,0,0,,,,
C,14610,0.037008,0,0,0,,,,
C,14611,0.038956,0,0,0,,,,
C,14612,0.038769,0,0,0,,,,
C,14613,0.035854,0,0,0,,,,
C,14614,0.035457,0,0,0,,,,
C,14615,0.036146,0,0,0,,,,
C,14616,0.034936,0,0,0,,,,
C,14617,0.035848,0,0,0,,,,
C,14618,0.036199,0,0,0,,,,
C,14619,0.036620,0,0,0,,,,
C,14620,0.035451,0,0,0,,,,
C,14621,0.035847,0,0,0,,,,
C,14622,0.035936,0,0,0,,,,
C,14623,0.037109,0,0,0,,,,
C,14624,0.036208,0,0,0,,,,
C,14625,0.035673,0,0,0,,,,
C,14626,0.036836,0,0,0,,,,
C,14627,0.036110,0,0,0,,,,
C,14628,0.036174,0,0,0,,,,
C,14629,0.035159,0,0,0,,,,
C,14630,0.036499,0,0,0,,,,
C,14631,0.036142,0,0,0,,,,
C,14632,0.036257,0,0,0,,,,
C,14633,0.035917,0,0,0,,,,
C,14634,0.038309,0,0,0,,,,
C,14635,0.037895,0,0,0,,,,
C,14636,0.034599,0,0,0,,,,
C,14637,0.036158,0,0,0,,,,
C,14638,0.037026,0,0,0,,,,
C,14639,0.037805,0,0,0,,,,
C,14640,0.036793,0,0,0,,,,
C,14641,0.035101,0,0,0,,,,
C,14642,0.035883,0,0,0,,,,
C,14643,0.035948,0,0,0,,,,
C,14644,0.038659,0,0,0,,,,
C,14645,0.047349,0,0,0,,,,
C,14646,0.039006,0,0,0,,,,
C,14647,0.042026,0,0,0,,,,
C,14648,0.037095,0,0,0,,,,
C,14649,0.038102,0,0,0,,,,
C,14650,0.036274,0,0,0,,,,
C,14651,0.039738,0,0,0,,,,
C,14652,0.037567,0,0,0,,,,
C,14653,0.041981,0,0,0,,,,
C,14654,0.040047,0,0,0,,,,
C,14655,0.037750,0,0,0,,,,
C,14656,0.038494,0,0,0,,,,
C,14657,0.036444,0,0,0,,,,
C,14658,0.036105,0,0,0,,,,
C,14659,0.036131,0,0,0,,,,
C,14660,0.036450,0,0,0,,,,
C,14661,0.037891,0,0,0,,,,
C,14662,0.037176,0,0,0,,,,
C,14663,0.037383,0,0,0,,,,
C,14664,0.036717,0,0,0,,,,
C,14665,0.036173,0,0,0,,,,
C,14666,0.036237,0,0,0,,,,
C,14667,0.043833,0,0,0,,,,
C,14668,0.036290,0,0,0,,,,
C,14669,0.036534,0,0,0,,,,
C,14670,0.040279,0,0,0,,,,
C,14671,0.036191,0,0,0,,,,
C,14672,0.037630,0,0,0,,,,
C,14673,0.036657,0,0,0,,,,
C,14674,0.034810,0,0,0,,,,
C,14675,0.034938,0,0,0,,,,
C,14676,0.035666,0,0,0,,,,
C,14677,0.036392,0,0,0,,,,
C,14678,0.036493,0,0,0,,,,
C,14679,0.036122,0,0,0,,,,
C,14680,0.035732,0,0,0,,,,
C,14681,0.035852,0,0,0,,,,
C,14682,0.036600,0,0,0,,,,
C,14683,0.035431,0,0,0,,,,
C,14684,0.038222,0,0,0,,,,
C,14685,0.036955,0,0,0,,,,
C,14686,0.040917,0,0,0,,,,
C,14687,0.035782,0,0,0,,,,
C,14688,0.035864,0,0,0,,,,
C,14689,0.036468,0,0,0,,,,
C,14690,0.035938,0,0,0,,,,
C,14691,0.037088,0,0,0,,,,
C,14692,0.035814,0,0,0,,,,
C,14693,0.040675,0,0,0,,,,
C,14694,0.039299,0,0,0,,,,
C,14695,0.037805,0,0,0,,,,
C,14696,0.041129,0,0,0,,,,
C,14697,0.040542,0,0,0,,,,
C,14698,0.036766,0,0,0,,,,
C,14699,0.037337,0,0,0,,,,
C,14700,0.038244,0,0,0,,,,
C,14701,0.035034,0,0,0,,,,
C,14702,0.034229,0,0,0,,,,
C,14703,0.036317,0,0,0,,,,
C,14704,0.036166,0,0,0,,,,
C,14705,0.035266,0,0,0,,,,
C,14706,0.036836,0,0,0,,,,
C,14707,0.036441,0,0,0,,,,
C,14708,0.035459,0,0,0,,,,
C,14709,0.035174,0,0,0,,,,
C,14710,0.035576,0,0,0,,,,
C,14711,0.036179,0,0,0,,,,
C,14712,0.036260,0,0,0,,,,
C,14713,0.036007,0,0,0,,,,
C,14714,0.036161,0,0,0,,,,
C,14715,0.036742,0,0,0,,,,
C,14716,0.035673,0,0,0,,,,
C,14717,0.036707,0,0,0,,,,
C,14718,0.036872,0,0,0,,,,
C,14719,0.040248,0,0,0,,,,
C,14720,0.036351,0,0,0,,,,
C,14721,0.040597,0,0,0,,,,
C,14722,0.042109,0,0,0,,,,
C,14723,0.038428,0,0,0,,,,
C,14724,0.039793,0,0,0,,,,
C,14725,0.037247,0,0,0,,,,
C,14726,0.038115,0,0,0,,,,
C,14727,0.040147,0,0,0,,,,
C,14728,0.039239,0,0,0,,,,
C,14729,0.041992,0,0,0,,,,
C,14730,0.039739,0,0,0,,,,
C,14731,0.043438,0,0,0,,,,
C,14732,0.041796,0,0,0,,,,
C,14733,0.040865,0,0,0,,,,
C,14734,0.037950,0,0,0,,,,
C,14735,0.038154,0,0,0,,,,
C,14736,0.039919,0,0,0,,,,
C,14737,0.039120,0,0,0,,,,
C,14738,0.038966,0,0,0,,,,
C,14739,0.039510,0,0,0,,,,
C,14740,0.038757,0,0,0,,,,
C,14741,0.036859,0,0,0,,,,
C,14742,0.041939,0,0,0,,,,
C,14743,0.038674,0,0,0,,,,
C,14744,0.038980,0,0,0,,,,
C,14745,0.038221,0,0,0,,,,
C,14746,0.037852,0,0,0,,,,
C,14747,0.038491,0,0,0,,,,
C,14748,0.038851,0,0,0,,,,
C,14749,0.037609,0,0,0,,,,
C,14750,0.038364,0,0,0,,,,
C,14751,0.037088,0,0,0,,,,
C,14752,0.037448,0,0,0,,,,
C,14753,0.039011,0,0,0,,,,
C,14754,0.039528,0,0,0,,,,
C,14755,0.038911,0,0,0,,,,
C,14756,0.038762,0,0,0,,,,
C,14757,0.046996,0,0,0,,,,
C,14758,0.068643,0,0,0,,,,
C,14759,0.043040,0,0,0,,,,
C,14760,0.039774,0,0,0,,,,
C,14761,0.038583,0,0,0,,,,
C,14762,0.041235,0,0,0,,,,
C,14763,0.037459,0,0,0,,,,
C,14764,0.037561,0,0,0,,,,
C,14765,0.037753,0,0,0,,,,
C,14766,0.037067,0,0,0,,,,
C,14767,0.037015,0,0,0,,,,
C,14768,0.036409,0,0,0,,,,
C,14769,0.036136,0,0,0,,,,
C,14770,0.037610,0,0,0,,,,
C,14771,0.036537,0,0,0,,,,
C,14772,0.037687,0,0,0,,,,
C,14773,0.037363,0,0,0,,,,
C,14774,0.036862,0,0,0,,,,
C,14775,0.036993,0,0,0,,,,
C,14776,0.038682,0,0,0,,,,
C,14777,0.039223,0,0,0,,,,
C,14778,0.038846,0,0,0,,,,
C,14779,0.037345,0,0,0,,,,
C,14780,0.037106,0,0,0,,,,
C,14781,0.041787,0,0,0,,,,
C,14782,0.041909,0,0,0,,,,
C,14783,0.041653,0,0,0,,,,
C,14784,0.043109,0,0,0,,,,
C,14785,0.039413,0,0,0,,,,
C,14786,0.042756,0,0,0,,,,
C,14787,0.042148,0,0,0,,,,
C,14788,0.039588,0,0,0,,,,
C,14789,0.037753,0,0,0,,,,
C,14790,0.040100,0,0,0,,,,
C,14791,0.039487,0,0,0,,,,
C,14792,0.039638,0,0,0,,,,
C,14793,0.042323,0,0,0,,,,
C,14794,0.044804,0,0,0,,,,
C,14795,0.038742,0,0,0,,,,
C,14796,0.039005,0,0,0,,,,
C,14797,0.040831,0,0,0,,,,
C,14798,0.041193,0,0,0,,,,
C,14799,0.044828,0,0,0,,,,
C,14800,0.039003,0,0,0,,,,
C,14801,0.038942,0,0,0,,,,
C,14802,0.042439,0,0,0,,,,
C,14803,0.037843,0,0,0,,,,
C,14804,0.040194,0,0,0,,,,
C,14805,0.037623,0,0,0,,,,
C,14806,0.037691,0,0,0,,,,
C,14807,0.037875,0,0,0,,,,
C,14808,0.038598,0,0,0,,,,
C,14809,0.038594,0,0,0,,,,
C,14810,0.037720,0,0,0,,,,
C,14811,0.038379,0,0,0,,,,
C,14812,0.036985,0,0,0,,,,
C,14813,0.036947,0,0,0,,,,
C,14814,0.037614,0,0,0,,,,
C,14815,0.037612,0,0,0,,,,
C,14816,0.037730,0,0,0,,,,
C,14817,0.037066,0,0,0,,,,
C,14818,0.037000,0,0,0,,,,
C,14819,0.037676,0,0,0,,,,
C,14820,0.037210,0,0,0,,,,
C,14821,0.036836,0,0,0,,,,
C,14822,0.036597,0,0,0,,,,
C,14823,0.036530,0,0,0,,,,
C,14824,0.037649,0,0,0,,,,
C,14825,0.036324,0,0,0,,,,
C,14826,0.043499,0,0,0,,,,
C,14827,0.037760,0,0,0,,,,
C,14828,0.036157,0,0,0,,,,
C,14829,0.036223,0,0,0,,,,
C,14830,0.038391,0,0,0,,,,
C,14831,0.041610,0,0,0,,,,
C,14832,0.037084,0,0,0,,,,
C,14833,0.037993,0,0,0,,,,
C,14834,0.037344,0,0,0,,,,
C,14835,0.037284,0,0,0,,,,
C,14836,0.037695,0,0,0,,,,
C,14837,0.037650,0,0,0,,,,
C,14838,0.037168,0,0,0,,,,
C,14839,0.037592,0,0,0,,,,
C,14840,0.037284,0,0,0,,,,
C,14841,0.037156,0,0,0,,,,
C,14842,0.036474,0,0,0,,,,
C,14843,0.036712,0,0,0,,,,
C,14844,0.037977,0,0,0,,,,
C,14845,0.037462,0,0,0,,,,
C,14846,0.035776,0,0,0,,,,
C,14847,0.036568,0,0,0,,,,
C,14848,0.036957,0,0,0,,,,
C,14849,0.036582,0,0,0,,,,
C,14850,0.037089,0,0,0,,,,
C,14851,0.039509,0,0,0,,,,
C,14852,0.036885,0,0,0,,,,
C,14853,0.036021,0,0,0,,,,
C,14854,0.036269,0,0,0,,,,
C,14855,0.038394,0,0,0,,,,
C,14856,0.036614,0,0,0,,,,
C,14857,0.037199,0,0,0,,,,
C,14858,0.036595,0,0,0,,,,
C,14859,0.036651,0,0,0,,,,
C,14860,0.036553,0,0,0,,,,
C,14861,0.036744,0,0,0,,,,
C,14862,0.037236,0,0,0,,,,
C,14863,0.039226,0,0,0,,,,
C,14864,0.036582,0,0,0,,,,
C,14865,0.037029,0,0,0,,,,
C,14866,0.037673,0,0,0,,,,
C,14867,0.038576,0,0,0,,,,
C,14868,0.036064,0,0,0,,,,
C,14869,0.037388,0,0,0,,,,
C,14870,0.038591,0,0,0,,,,
C,14871,0.038461,0,0,0,,,,
C,14872,0.036922,0,0,0,,,,
C,14873,0.037064,0,0,0,,,,
C,14874,0.036721,0,0,0,,,,
C,14875,0.036354,0,0,0,,,,
C,14876,0.036344,0,0,0,,,,
C,14877,0.037566,0,0,0,,,,
C,14878,0.041832,0,0,0,,,,
C,14879,0.053454,0,0,0,,,,
C,14880,0.044359,0,0,0,,,,
C,14881,0.043980,0,0,0,,,,
C,14882,0.052085,0,0,0,,,,
C,14883,0.041878,0,0,0,,,,
C,14884,0.042181,0,0,0,,,,
C,14885,0.038537,0,0,0,,,,
C,14886,0.037667,0,0,0,,,,
C,14887,0.039810,0,0,0,,,,
C,14888,0.037537,0,0,0,,,,
C,14889,0.037064,0,0,0,,,,
C,14890,0.036005,0,0,0,,,,
C,14891,0.041366,0,0,0,,,,
C,14892,0.037368,0,0,0,,,,
C,14893,0.038870,0,0,0,,,,
C,14894,0.038354,0,0,0,,,,
C,14895,0.038187,0,0,0,,,,
C,14896,0.038819,0,0,0,,,,
C,14897,0.038712,0,0,0,,,,
C,14898,0.037844,0,0,0,,,,
C,14899,0.036801,0,0,0,,,,
C,14900,0.037559,0,0,0,,,,
C,14901,0.037830,0,0,0,,,,
C,14902,0.041204,0,0,0,,,,
C,14903,0.036726,0,0,0,,,,
C,14904,0.039610,0,0,0,,,,
C,14905,0.037505,0,0,0,,,,
C,14906,0.038266,0,0,0,,,,
C,14907,0.037127,0,0,0,,,,
C,14908,0.037630,0,0,0,,,,
C,14909,0.036679,0,0,0,,,,
C,14910,0.038022,0,0,0,,,,
C,14911,0.035984,0,0,0,,,,
C,14912,0.048762,0,0,0,,,,
C,14913,0.036560,0,0,0,,,,
C,14914,0.036930,0,0,0,,,,
C,14915,0.037377,0,0,0,,,,
C,14916,0.036971,0,0,0,,,,
C,14917,0.036653,0,0,0,,,,
C,14918,0.039407,0,0,0,,,,
C,14919,0.036708,0,0,0,,,,
C,14920,0.037829,0,0,0,,,,
C,14921,0.038076,0,0,0,,,,
C,14922,0.036970,0,0,0,,,,
C,14923,0.037148,0,0,0,,,,
C,14924,0.038159,0,0,0,,,,
C,14925,0.035838,0,0,0,,,,
C,14926,0.040938,0,0,0,,,,
C,14927,0.044749,0,0,0,,,,
C,14928,0.037226,0,0,0,,,,
C,14929,0.038001,0,0,0,,,,
C,14930,0.037286,0,0,0,,,,
C,14931,0.036832,0,0,0,,,,
C,14932,0.037422,0,0,0,,,,
C,14933,0.038236,0,0,0,,,,
C,14934,0.036920,0,0,0,,,,
C,14935,0.041578,0,0,0,,,,
C,14936,0.043009,0,0,0,,,,
C,14937,0.045505,0,0,0,,,,
C,14938,0.048706,0,0,0,,,,
C,14939,0.036837,0,0,0,,,,
C,14940,0.036276,0,0,0,,,,
C,14941,0.036449,0,0,0,,,,
C,14942,0.038227,0,0,0,,,,
C,14943,0.038739,0,0,0,,,,
C,14944,0.044245,0,0,0,,,,
C,14945,0.041308,0,0,0,,,,
C,14946,0.044990,0,0,0,,,,
C,14947,0.037623,0,0,0,,,,
C,14948,0.041266,0,0,0,,,,
C,14949,0.038188,0,0,0,,,,
C,14950,0.038429,0,0,0,,,,
C,14951,0.036531,0,0,0,,,,
C,14952,0.037828,0,0,0,,,,
C,14953,0.036918,0,0,0,,,,
C,14954,0.035693,0,0,0,,,,
C,14955,0.037677,0,0,0,,,,
C,14956,0.037113,0,0,0,,,,
C,14957,0.038480,0,0,0,,,,
C,14958,0.038023,0,0,0,,,,
C,14959,0.037435,0,0,0,,,,
C,14960,0.038630,0,0,0,,,,
C,14961,0.037736,0,0,0,,,,
C,14962,0.037581,0,0,0,,,,
C,14963,0.037453,0,0,0,,,,
C,14964,0.037129,0,0,0,,,,
C,14965,0.038408,0,0,0,,,,
C,14966,0.036379,0,0,0,,,,
C,14967,0.036349,0,0,0,,,,
C,14968,0.036219,0,0,0,,,,
C,14969,0.036360,0,0,0,,,,
C,14970,0.036663,0,0,0,,,,
C,14971,0.038443,0,0,0,,,,
C,14972,0.046691,0,0,0,,,,
C,14973,0.037398,0,0,0,,,,
C,14974,0.037103,0,0,0,,,,
C,14975,0.037537,0,0,0,,,,
C,14976,0.035238,0,0,0,,,,
C,14977,0.037880,0,0,0,,,,
C,14978,0.035601,0,0,0,,,,
C,14979,0.035471,0,0,0,,,,
C,14980,0.038516,0,0,0,,,,
C,14981,0.074128,0,0,0,,,,
C,14982,0.042504,0,0,0,,,,
C,14983,0.040312,0,0,0,,,,
C,14984,0.041467,0,0,0,,,,
C,14985,0.041083,0,0,0,,,,
C,14986,0.037598,0,0,0,,,,
C,14987,0.055767,0,0,0,,,,
C,14988,0.139986,0,0,0,,,,
C,14989,0.038681,0,0,0,,,,
C,14990,0.037806,0,0,0,,,,
C,14991,0.037599,0,0,0,,,,
C,14992,0.047796,0,0,0,,,,
C,14993,0.041109,0,0,0,,,,
C,14994,0.037367,0,0,0,,,,
C,14995,0.036794,0,0,0,,,,
C,14996,0.039374,0,0,0,,,,
C,14997,0.042711,0,0,0,,,,
C,14998,0.039473,0,0,0,,,,
C,14999,0.038453,0,0,0,,,,
C,15000,0.038040,0,0,0,205.1,9.136e-11,"{'checked': 26, 'zsx_rejected': 6, 'default_rejected': 0, 'closed_form_forced': 0, 'inexact': 9, 'exact_rebuilt': 0, 'best_effort': 0, 'best_effort_worst': 0.0, 'psf_rerouted': 0, 'psf_rerouted_worst_residual': 0.0}",901
C,15001,0.037099,0,0,0,,,,
C,15002,0.038702,0,0,0,,,,
C,15003,0.037877,0,0,0,,,,
C,15004,0.038208,0,0,0,,,,
C,15005,0.039298,0,0,0,,,,
C,15006,0.036844,0,0,0,,,,
C,15007,0.037441,0,0,0,,,,
C,15008,0.039505,0,0,0,,,,
C,15009,0.044737,0,0,0,,,,
C,15010,0.039585,0,0,0,,,,
C,15011,0.038594,0,0,0,,,,
C,15012,0.038030,0,0,0,,,,
C,15013,0.053686,0,0,0,,,,
C,15014,0.061466,0,0,0,,,,
C,15015,0.047811,0,0,0,,,,
C,15016,0.039721,0,0,0,,,,
C,15017,0.041277,0,0,0,,,,
C,15018,0.037771,0,0,0,,,,
C,15019,0.039570,0,0,0,,,,
C,15020,0.036858,0,0,0,,,,
C,15021,0.036920,0,0,0,,,,
C,15022,0.038134,0,0,0,,,,
C,15023,0.049664,0,0,0,,,,
C,15024,0.040764,0,0,0,,,,
C,15025,0.041902,0,0,0,,,,
C,15026,0.037984,0,0,0,,,,
C,15027,0.040801,0,0,0,,,,
C,15028,0.043201,0,0,0,,,,
C,15029,0.043984,0,0,0,,,,
C,15030,0.052071,0,0,0,,,,
C,15031,0.051201,0,0,0,,,,
C,15032,0.044050,0,0,0,,,,
C,15033,0.045080,0,0,0,,,,
C,15034,0.044542,0,0,0,,,,
C,15035,0.039844,0,0,0,,,,
C,15036,0.043422,0,0,0,,,,
C,15037,0.040128,0,0,0,,,,
C,15038,0.051502,0,0,0,,,,
C,15039,0.042556,0,0,0,,,,
C,15040,0.038227,0,0,0,,,,
C,15041,0.039236,0,0,0,,,,
C,15042,0.040190,0,0,0,,,,
C,15043,0.036335,0,0,0,,,,
C,15044,0.061523,0,0,0,,,,
C,15045,0.039949,0,0,0,,,,
C,15046,0.049912,0,0,0,,,,
C,15047,0.039562,0,0,0,,,,
C,15048,0.045384,0,0,0,,,,
C,15049,0.039345,0,0,0,,,,
C,15050,0.044407,0,0,0,,,,
C,15051,0.038143,0,0,0,,,,
C,15052,0.040081,0,0,0,,,,
C,15053,0.048624,0,0,0,,,,
C,15054,0.039959,0,0,0,,,,
C,15055,0.039589,0,0,0,,,,
C,15056,0.048828,0,0,0,,,,
C,15057,0.039323,0,0,0,,,,
C,15058,0.040044,0,0,0,,,,
C,15059,0.036748,0,0,0,,,,
C,15060,0.035921,0,0,0,,,,
C,15061,0.036380,0,0,0,,,,
C,15062,0.035966,0,0,0,,,,
C,15063,0.035914,0,0,0,,,,
C,15064,0.043950,0,0,0,,,,
C,15065,0.037092,0,0,0,,,,
C,15066,0.040462,0,0,0,,,,
C,15067,0.038906,0,0,0,,,,
C,15068,0.037569,0,0,0,,,,
C,15069,0.036496,0,0,0,,,,
C,15070,0.037043,0,0,0,,,,
C,15071,0.037914,0,0,0,,,,
C,15072,0.047934,0,0,0,,,,
C,15073,0.036177,0,0,0,,,,
C,15074,0.036369,0,0,0,,,,
C,15075,0.036856,0,0,0,,,,
C,15076,0.037026,0,0,0,,,,
C,15077,0.038955,0,0,0,,,,
C,15078,0.037583,0,0,0,,,,
C,15079,0.038139,0,0,0,,,,
C,15080,0.036650,0,0,0,,,,
C,15081,0.039026,0,0,0,,,,
C,15082,0.038973,0,0,0,,,,
C,15083,0.044043,0,0,0,,,,
C,15084,0.038492,0,0,0,,,,
C,15085,0.037809,0,0,0,,,,
C,15086,0.038507,0,0,0,,,,
C,15087,0.038724,0,0,0,,,,
C,15088,0.037880,0,0,0,,,,
C,15089,0.038586,0,0,0,,,,
C,15090,0.039251,0,0,0,,,,
C,15091,0.040336,0,0,0,,,,
C,15092,0.039388,0,0,0,,,,
C,15093,0.041342,0,0,0,,,,
C,15094,0.039807,0,0,0,,,,
C,15095,0.041121,0,0,0,,,,
C,15096,0.042145,0,0,0,,,,
C,15097,0.039503,0,0,0,,,,
C,15098,0.039408,0,0,0,,,,
C,15099,0.038784,0,0,0,,,,
C,15100,0.040932,0,0,0,,,,
C,15101,0.037465,0,0,0,,,,
C,15102,0.038048,0,0,0,,,,
C,15103,0.038111,0,0,0,,,,
C,15104,0.039079,0,0,0,,,,
C,15105,0.037487,0,0,0,,,,
C,15106,0.037810,0,0,0,,,,
C,15107,0.038203,0,0,0,,,,
C,15108,0.037714,0,0,0,,,,
C,15109,0.036314,0,0,0,,,,
C,15110,0.042652,0,0,0,,,,
C,15111,0.040457,0,0,0,,,,
C,15112,0.037438,0,0,0,,,,
C,15113,0.039318,0,0,0,,,,
C,15114,0.039141,0,0,0,,,,
C,15115,0.036775,0,0,0,,,,
C,15116,0.037829,0,0,0,,,,
C,15117,0.041643,0,0,0,,,,
C,15118,0.038620,0,0,0,,,,
C,15119,0.042094,0,0,0,,,,
C,15120,0.042604,0,0,0,,,,
C,15121,0.041860,0,0,0,,,,
C,15122,0.041323,0,0,0,,,,
C,15123,0.038188,0,0,0,,,,
C,15124,0.044769,0,0,0,,,,
C,15125,0.042027,0,0,0,,,,
C,15126,0.045299,0,0,0,,,,
C,15127,0.047191,0,0,0,,,,
C,15128,0.037212,0,0,0,,,,
C,15129,0.042734,0,0,0,,,,
C,15130,0.036180,0,0,0,,,,
C,15131,0.035937,0,0,0,,,,
C,15132,0.038077,0,0,0,,,,
C,15133,0.038290,0,0,0,,,,
C,15134,0.036532,0,0,0,,,,
C,15135,0.038710,0,0,0,,,,
C,15136,0.038871,0,0,0,,,,
C,15137,0.038554,0,0,0,,,,
C,15138,0.038226,0,0,0,,,,
C,15139,0.040013,0,0,0,,,,
C,15140,0.037292,0,0,0,,,,
C,15141,0.039964,0,0,0,,,,
C,15142,0.047809,0,0,0,,,,
C,15143,0.037678,0,0,0,,,,
C,15144,0.038264,0,0,0,,,,
C,15145,0.041116,0,0,0,,,,
C,15146,0.043972,0,0,0,,,,
C,15147,0.043609,0,0,0,,,,
C,15148,0.038071,0,0,0,,,,
C,15149,0.037178,0,0,0,,,,
C,15150,0.036596,0,0,0,,,,
C,15151,0.037039,0,0,0,,,,
C,15152,0.040709,0,0,0,,,,
C,15153,0.045237,0,0,0,,,,
C,15154,0.043464,0,0,0,,,,
C,15155,0.052733,0,0,0,,,,
C,15156,0.039291,0,0,0,,,,
C,15157,0.037505,0,0,0,,,,
C,15158,0.037863,0,0,0,,,,
C,15159,0.038177,0,0,0,,,,
C,15160,0.038623,0,0,0,,,,
C,15161,0.036788,0,0,0,,,,
C,15162,0.050091,0,0,0,,,,
C,15163,0.039829,0,0,0,,,,
C,15164,0.037778,0,0,0,,,,
C,15165,0.038217,0,0,0,,,,
C,15166,0.038958,0,0,0,,,,
C,15167,0.038424,0,0,0,,,,
C,15168,0.037333,0,0,0,,,,
C,15169,0.036581,0,0,0,,,,
C,15170,0.036337,0,0,0,,,,
C,15171,0.038910,0,0,0,,,,
C,15172,0.036931,0,0,0,,,,
C,15173,0.037391,0,0,0,,,,
C,15174,0.038380,0,0,0,,,,
C,15175,0.037427,0,0,0,,,,
C,15176,0.043705,0,0,0,,,,
C,15177,0.043014,0,0,0,,,,
C,15178,0.049366,0,0,0,,,,
C,15179,0.037167,0,0,0,,,,
C,15180,0.038799,0,0,0,,,,
C,15181,0.048085,0,0,0,,,,
C,15182,0.041741,0,0,0,,,,
C,15183,0.044815,0,0,0,,,,
C,15184,0.038177,0,0,0,,,,
C,15185,0.038391,0,0,0,,,,
C,15186,0.038039,0,0,0,,,,
C,15187,0.037033,0,0,0,,,,
C,15188,0.038361,0,0,0,,,,
C,15189,0.038711,0,0,0,,,,
C,15190,0.036909,0,0,0,,,,
C,15191,0.037787,0,0,0,,,,
C,15192,0.057317,0,0,0,,,,
C,15193,0.039087,0,0,0,,,,
C,15194,0.039014,0,0,0,,,,
C,15195,0.040179,0,0,0,,,,
C,15196,0.037397,0,0,0,,,,
C,15197,0.036515,0,0,0,,,,
C,15198,0.036044,0,0,0,,,,
C,15199,0.037171,0,0,0,,,,
C,15200,0.037240,0,0,0,,,,
C,15201,0.037887,0,0,0,,,,
C,15202,0.036509,0,0,0,,,,
C,15203,0.043199,0,0,0,,,,
C,15204,0.042021,0,0,0,,,,
C,15205,0.039969,0,0,0,,,,
C,15206,0.038007,0,0,0,,,,
C,15207,0.042914,0,0,0,,,,
C,15208,0.039745,0,0,0,,,,
C,15209,0.044334,0,0,0,,,,
C,15210,0.037698,0,0,0,,,,
C,15211,0.041221,0,0,0,,,,
C,15212,0.039701,0,0,0,,,,
C,15213,0.038367,0,0,0,,,,
C,15214,0.038945,0,0,0,,,,
C,15215,0.036885,0,0,0,,,,
C,15216,0.037607,0,0,0,,,,
C,15217,0.037496,0,0,0,,,,
C,15218,0.037311,0,0,0,,,,
C,15219,0.038558,0,0,0,,,,
C,15220,0.037690,0,0,0,,,,
C,15221,0.042334,0,0,0,,,,
C,15222,0.037428,0,0,0,,,,
C,15223,0.055426,0,0,0,,,,
C,15224,0.039495,0,0,0,,,,
C,15225,0.039064,0,0,0,,,,
C,15226,0.037636,0,0,0,,,,
C,15227,0.038863,0,0,0,,,,
C,15228,0.042329,0,0,0,,,,
C,15229,0.038962,0,0,0,,,,
C,15230,0.043000,0,0,0,,,,
C,15231,0.038982,0,0,0,,,,
C,15232,0.042122,0,0,0,,,,
C,15233,0.037652,0,0,0,,,,
C,15234,0.037587,0,0,0,,,,
C,15235,0.038096,0,0,0,,,,
C,15236,0.039953,0,0,0,,,,
C,15237,0.039963,0,0,0,,,,
C,15238,0.052938,0,0,0,,,,
C,15239,0.039046,0,0,0,,,,
C,15240,0.038272,0,0,0,,,,
C,15241,0.037575,0,0,0,,,,
C,15242,0.038073,0,0,0,,,,
C,15243,0.037915,0,0,0,,,,
C,15244,0.037935,0,0,0,,,,
C,15245,0.037698,0,0,0,,,,
C,15246,0.038744,0,0,0,,,,
C,15247,0.052725,0,0,0,,,,
C,15248,0.038136,0,0,0,,,,
C,15249,0.040670,0,0,0,,,,
C,15250,0.040529,0,0,0,,,,
C,15251,0.041126,0,0,0,,,,
C,15252,0.043032,0,0,0,,,,
C,15253,0.040055,0,0,0,,,,
C,15254,0.037801,0,0,0,,,,
C,15255,0.040595,0,0,0,,,,
C,15256,0.041461,0,0,0,,,,
C,15257,0.037913,0,0,0,,,,
C,15258,0.037480,0,0,0,,,,
C,15259,0.037572,0,0,0,,,,
C,15260,0.038666,0,0,0,,,,
C,15261,0.038234,0,0,0,,,,
C,15262,0.042718,0,0,0,,,,
C,15263,0.037804,0,0,0,,,,
C,15264,0.036250,0,0,0,,,,
C,15265,0.037282,0,0,0,,,,
C,15266,0.041488,0,0,0,,,,
C,15267,0.042242,0,0,0,,,,
C,15268,0.037699,0,0,0,,,,
C,15269,0.040777,0,0,0,,,,
C,15270,0.038383,0,0,0,,,,
C,15271,0.038861,0,0,0,,,,
C,15272,0.041162,0,0,0,,,,
C,15273,0.044352,0,0,0,,,,
C,15274,0.041044,0,0,0,,,,
C,15275,0.038708,0,0,0,,,,
C,15276,0.039336,0,0,0,,,,
C,15277,0.039860,0,0,0,,,,
C,15278,0.036630,0,0,0,,,,
C,15279,0.037931,0,0,0,,,,
C,15280,0.038617,0,0,0,,,,
C,15281,0.040024,0,0,0,,,,
C,15282,0.040707,0,0,0,,,,
C,15283,0.037453,0,0,0,,,,
C,15284,0.040308,0,0,0,,,,
C,15285,0.038729,0,0,0,,,,
C,15286,0.038399,0,0,0,,,,
C,15287,0.039160,0,0,0,,,,
C,15288,0.036424,0,0,0,,,,
C,15289,0.046188,0,0,0,,,,
C,15290,0.035940,0,0,0,,,,
C,15291,0.037278,0,0,0,,,,
C,15292,0.035536,0,0,0,,,,
C,15293,0.036747,0,0,0,,,,
C,15294,0.036449,0,0,0,,,,
C,15295,0.038890,0,0,0,,,,
C,15296,0.037463,0,0,0,,,,
C,15297,0.037042,0,0,0,,,,
C,15298,0.039950,0,0,0,,,,
C,15299,0.047374,0,0,0,,,,
C,15300,0.037347,0,0,0,,,,
C,15301,0.043209,0,0,0,,,,
C,15302,0.038531,0,0,0,,,,
C,15303,0.036665,0,0,0,,,,
C,15304,0.039838,0,0,0,,,,
C,15305,0.037187,0,0,0,,,,
C,15306,0.040560,0,0,0,,,,
C,15307,0.037669,0,0,0,,,,
C,15308,0.039038,0,0,0,,,,
C,15309,0.053705,0,0,0,,,,
C,15310,0.040602,0,0,0,,,,
C,15311,0.040755,0,0,0,,,,
C,15312,0.048399,0,0,0,,,,
C,15313,0.045264,0,0,0,,,,
C,15314,0.038270,0,0,0,,,,
C,15315,0.037517,0,0,0,,,,
C,15316,0.036554,0,0,0,,,,
C,15317,0.038403,0,0,0,,,,
C,15318,0.037057,0,0,0,,,,
C,15319,0.038239,0,0,0,,,,
C,15320,0.037997,0,0,0,,,,
C,15321,0.036845,0,0,0,,,,
C,15322,0.037107,0,0,0,,,,
C,15323,0.037523,0,0,0,,,,
C,15324,0.038407,0,0,0,,,,
C,15325,0.037419,0,0,0,,,,
C,15326,0.037396,0,0,0,,,,
C,15327,0.036168,0,0,0,,,,
C,15328,0.038477,0,0,0,,,,
C,15329,0.040836,0,0,0,,,,
C,15330,0.037708,0,0,0,,,,
C,15331,0.036702,0,0,0,,,,
C,15332,0.036948,0,0,0,,,,
C,15333,0.038299,0,0,0,,,,
C,15334,0.036133,0,0,0,,,,
C,15335,0.036286,0,0,0,,,,
C,15336,0.036349,0,0,0,,,,
C,15337,0.037088,0,0,0,,,,
C,15338,0.038242,0,0,0,,,,
C,15339,0.037281,0,0,0,,,,
C,15340,0.040470,0,0,0,,,,
C,15341,0.041018,0,0,0,,,,
C,15342,0.039342,0,0,0,,,,
C,15343,0.036760,0,0,0,,,,
C,15344,0.036703,0,0,0,,,,
C,15345,0.035533,0,0,0,,,,
C,15346,0.039503,0,0,0,,,,
C,15347,0.037399,0,0,0,,,,
C,15348,0.036816,0,0,0,,,,
C,15349,0.037223,0,0,0,,,,
C,15350,0.036045,0,0,0,,,,
C,15351,0.036843,0,0,0,,,,
C,15352,0.036857,0,0,0,,,,
C,15353,0.037085,0,0,0,,,,
C,15354,0.036093,0,0,0,,,,
C,15355,0.036517,0,0,0,,,,
C,15356,0.035734,0,0,0,,,,
C,15357,0.037006,0,0,0,,,,
C,15358,0.037169,0,0,0,,,,
C,15359,0.043075,0,0,0,,,,
C,15360,0.043984,0,0,0,,,,
C,15361,0.042295,0,0,0,,,,
C,15362,0.041190,0,0,0,,,,
C,15363,0.037842,0,0,0,,,,
C,15364,0.038073,0,0,0,,,,
C,15365,0.037694,0,0,0,,,,
C,15366,0.037048,0,0,0,,,,
C,15367,0.038283,0,0,0,,,,
C,15368,0.047538,0,0,0,,,,
C,15369,0.045467,0,0,0,,,,
C,15370,0.041880,0,0,0,,,,
C,15371,0.047423,0,0,0,,,,
C,15372,0.049146,0,0,0,,,,
C,15373,0.044449,0,0,0,,,,
C,15374,0.040885,0,0,0,,,,
C,15375,0.040462,0,0,0,,,,
C,15376,0.046045,0,0,0,,,,
C,15377,0.041374,0,0,0,,,,
C,15378,0.042537,0,0,0,,,,
C,15379,0.038120,0,0,0,,,,
C,15380,0.037810,0,0,0,,,,
C,15381,0.038295,0,0,0,,,,
C,15382,0.042583,0,0,0,,,,
C,15383,0.039454,0,0,0,,,,
C,15384,0.039582,0,0,0,,,,
C,15385,0.047206,0,0,0,,,,
C,15386,0.048676,0,0,0,,,,
C,15387,0.044974,0,0,0,,,,
C,15388,0.038226,0,0,0,,,,
C,15389,0.036754,0,0,0,,,,
C,15390,0.037209,0,0,0,,,,
C,15391,0.059351,0,0,0,,,,
C,15392,0.045300,0,0,0,,,,
C,15393,0.054587,0,0,0,,,,
C,15394,0.047617,0,0,0,,,,
C,15395,0.043187,0,0,0,,,,
C,15396,0.043233,0,0,0,,,,
C,15397,0.037126,0,0,0,,,,
C,15398,0.035771,0,0,0,,,,
C,15399,0.035625,0,0,0,,,,
C,15400,0.034791,0,0,0,,,,
C,15401,0.036586,0,0,0,,,,
C,15402,0.036553,0,0,0,,,,
C,15403,0.037668,0,0,0,,,,
C,15404,0.036002,0,0,0,,,,
C,15405,0.035514,0,0,0,,,,
C,15406,0.037254,0,0,0,,,,
C,15407,0.036179,0,0,0,,,,
C,15408,0.036339,0,0,0,,,,
C,15409,0.040368,0,0,0,,,,
C,15410,0.037632,0,0,0,,,,
C,15411,0.040532,0,0,0,,,,
C,15412,0.035579,0,0,0,,,,
C,15413,0.036230,0,0,0,,,,
C,15414,0.048663,0,0,0,,,,
C,15415,0.037006,0,0,0,,,,
C,15416,0.036869,0,0,0,,,,
C,15417,0.039550,0,0,0,,,,
C,15418,0.042590,0,0,0,,,,
C,15419,0.038851,0,0,0,,,,
C,15420,0.037636,0,0,0,,,,
C,15421,0.037686,0,0,0,,,,
C,15422,0.036388,0,0,0,,,,
C,15423,0.039514,0,0,0,,,,
C,15424,0.044691,0,0,0,,,,
C,15425,0.039073,0,0,0,,,,
C,15426,0.040161,0,0,0,,,,
C,15427,0.041538,0,0,0,,,,
C,15428,0.043027,0,0,0,,,,
C,15429,0.042406,0,0,0,,,,
C,15430,0.039458,0,0,0,,,,
C,15431,0.038230,0,0,0,,,,
C,15432,0.044729,0,0,0,,,,
C,15433,0.041169,0,0,0,,,,
C,15434,0.041457,0,0,0,,,,
C,15435,0.039788,0,0,0,,,,
C,15436,0.049056,0,0,0,,,,
C,15437,0.038392,0,0,0,,,,
C,15438,0.038879,0,0,0,,,,
C,15439,0.037341,0,0,0,,,,
C,15440,0.042382,0,0,0,,,,
C,15441,0.039109,0,0,0,,,,
C,15442,0.039137,0,0,0,,,,
C,15443,0.041019,0,0,0,,,,
C,15444,0.039484,0,0,0,,,,
C,15445,0.039960,0,0,0,,,,
C,15446,0.041097,0,0,0,,,,
C,15447,0.038562,0,0,0,,,,
C,15448,0.039609,0,0,0,,,,
C,15449,0.040189,0,0,0,,,,
C,15450,0.039764,0,0,0,,,,
C,15451,0.038316,0,0,0,,,,
C,15452,0.038359,0,0,0,,,,
C,15453,0.038624,0,0,0,,,,
C,15454,0.039531,0,0,0,,,,
C,15455,0.037852,0,0,0,,,,
C,15456,0.037691,0,0,0,,,,
C,15457,0.038945,0,0,0,,,,
C,15458,0.037553,0,0,0,,,,
C,15459,0.038342,0,0,0,,,,
C,15460,0.038412,0,0,0,,,,
C,15461,0.039210,0,0,0,,,,
C,15462,0.039102,0,0,0,,,,
C,15463,0.037838,0,0,0,,,,
C,15464,0.040731,0,0,0,,,,
C,15465,0.038822,0,0,0,,,,
C,15466,0.038657,0,0,0,,,,
C,15467,0.038536,0,0,0,,,,
C,15468,0.037836,0,0,0,,,,
C,15469,0.057123,0,0,0,,,,
C,15470,0.042936,0,0,0,,,,
C,15471,0.040476,0,0,0,,,,
C,15472,0.038953,0,0,0,,,,
C,15473,0.041472,0,0,0,,,,
C,15474,0.043465,0,0,0,,,,
C,15475,0.039173,0,0,0,,,,
C,15476,0.038514,0,0,0,,,,
C,15477,0.038393,0,0,0,,,,
C,15478,0.038116,0,0,0,,,,
C,15479,0.037535,0,0,0,,,,
C,15480,0.037610,0,0,0,,,,
C,15481,0.037715,0,0,0,,,,
C,15482,0.037381,0,0,0,,,,
C,15483,0.039206,0,0,0,,,,
C,15484,0.039011,0,0,0,,,,
C,15485,0.041152,0,0,0,,,,
C,15486,0.043905,0,0,0,,,,
C,15487,0.042064,0,0,0,,,,
C,15488,0.050018,0,0,0,,,,
C,15489,0.038765,0,0,0,,,,
C,15490,0.040209,0,0,0,,,,
C,15491,0.036081,0,0,0,,,,
C,15492,0.036924,0,0,0,,,,
C,15493,0.038416,0,0,0,,,,
C,15494,0.037474,0,0,0,,,,
C,15495,0.041723,0,0,0,,,,
C,15496,0.037290,0,0,0,,,,
C,15497,0.041091,0,0,0,,,,
C,15498,0.036859,0,0,0,,,,
C,15499,0.042406,0,0,0,,,,
C,15500,0.037086,0,0,0,,,,
C,15501,0.037958,0,0,0,,,,
C,15502,0.038338,0,0,0,,,,
C,15503,0.037714,0,0,0,,,,
C,15504,0.037828,0,0,0,,,,
C,15505,0.038144,0,0,0,,,,
C,15506,0.038641,0,0,0,,,,
C,15507,0.038221,0,0,0,,,,
C,15508,0.040187,0,0,0,,,,
C,15509,0.038626,0,0,0,,,,
C,15510,0.037369,0,0,0,,,,
C,15511,0.037773,0,0,0,,,,
C,15512,0.040799,0,0,0,,,,
C,15513,0.037926,0,0,0,,,,
C,15514,0.037838,0,0,0,,,,
C,15515,0.037591,0,0,0,,,,
C,15516,0.037234,0,0,0,,,,
C,15517,0.037551,0,0,0,,,,
C,15518,0.038852,0,0,0,,,,
C,15519,0.037952,0,0,0,,,,
C,15520,0.043228,0,0,0,,,,
C,15521,0.039941,0,0,0,,,,
C,15522,0.038234,0,0,0,,,,
C,15523,0.041886,0,0,0,,,,
C,15524,0.038504,0,0,0,,,,
C,15525,0.044256,0,0,0,,,,
C,15526,0.039027,0,0,0,,,,
C,15527,0.037770,0,0,0,,,,
C,15528,0.036860,0,0,0,,,,
C,15529,0.041896,0,0,0,,,,
C,15530,0.044225,0,0,0,,,,
C,15531,0.048910,0,0,0,,,,
C,15532,0.041044,0,0,0,,,,
C,15533,0.070999,0,0,0,,,,
C,15534,0.036829,0,0,0,,,,
C,15535,0.040771,0,0,0,,,,
C,15536,0.037873,0,0,0,,,,
C,15537,0.038793,0,0,0,,,,
C,15538,0.039821,0,0,0,,,,
C,15539,0.037910,0,0,0,,,,
C,15540,0.038267,0,0,0,,,,
C,15541,0.044705,0,0,0,,,,
C,15542,0.041652,0,0,0,,,,
C,15543,0.042042,0,0,0,,,,
C,15544,0.037241,0,0,0,,,,
C,15545,0.037886,0,0,0,,,,
C,15546,0.037056,0,0,0,,,,
C,15547,0.036308,0,0,0,,,,
C,15548,0.043528,0,0,0,,,,
C,15549,0.036301,0,0,0,,,,
C,15550,0.036586,0,0,0,,,,
C,15551,0.040396,0,0,0,,,,
C,15552,0.047869,0,0,0,,,,
C,15553,0.036803,0,0,0,,,,
C,15554,0.036715,0,0,0,,,,
C,15555,0.036892,0,0,0,,,,
C,15556,0.036583,0,0,0,,,,
C,15557,0.040023,0,0,0,,,,
C,15558,0.047732,0,0,0,,,,
C,15559,0.036711,0,0,0,,,,
C,15560,0.038092,0,0,0,,,,
C,15561,0.036483,0,0,0,,,,
C,15562,0.036404,0,0,0,,,,
C,15563,0.036972,0,0,0,,,,
C,15564,0.039251,0,0,0,,,,
C,15565,0.037579,0,0,0,,,,
C,15566,0.038232,0,0,0,,,,
C,15567,0.037220,0,0,0,,,,
C,15568,0.036142,0,0,0,,,,
C,15569,0.036380,0,0,0,,,,
C,15570,0.037291,0,0,0,,,,
C,15571,0.036607,0,0,0,,,,
C,15572,0.036691,0,0,0,,,,
C,15573,0.036555,0,0,0,,,,
C,15574,0.036638,0,0,0,,,,
C,15575,0.038382,0,0,0,,,,
C,15576,0.040473,0,0,0,,,,
C,15577,0.043814,0,0,0,,,,
C,15578,0.043683,0,0,0,,,,
C,15579,0.044017,0,0,0,,,,
C,15580,0.040280,0,0,0,,,,
C,15581,0.043158,0,0,0,,,,
C,15582,0.040845,0,0,0,,,,
C,15583,0.040720,0,0,0,,,,
C,15584,0.044634,0,0,0,,,,
C,15585,0.036850,0,0,0,,,,
C,15586,0.036658,0,0,0,,,,
C,15587,0.037093,0,0,0,,,,
C,15588,0.037606,0,0,0,,,,
C,15589,0.038372,0,0,0,,,,
C,15590,0.041042,0,0,0,,,,
C,15591,0.037372,0,0,0,,,,
C,15592,0.037368,0,0,0,,,,
C,15593,0.039712,0,0,0,,,,
C,15594,0.039431,0,0,0,,,,
C,15595,0.037561,0,0,0,,,,
C,15596,0.037711,0,0,0,,,,
C,15597,0.051250,0,0,0,,,,
C,15598,0.040751,0,0,0,,,,
C,15599,0.037312,0,0,0,,,,
C,15600,0.036777,0,0,0,,,,
C,15601,0.037978,0,0,0,,,,
C,15602,0.037611,0,0,0,,,,
C,15603,0.037580,0,0,0,,,,
C,15604,0.036465,0,0,0,,,,
C,15605,0.038176,0,0,0,,,,
C,15606,0.036505,0,0,0,,,,
C,15607,0.040091,0,0,0,,,,
C,15608,0.036663,0,0,0,,,,
C,15609,0.038512,0,0,0,,,,
C,15610,0.038181,0,0,0,,,,
C,15611,0.038608,0,0,0,,,,
C,15612,0.036893,0,0,0,,,,
C,15613,0.037768,0,0,0,,,,
C,15614,0.037089,0,0,0,,,,
C,15615,0.038191,0,0,0,,,,
C,15616,0.037348,0,0,0,,,,
C,15617,0.041155,0,0,0,,,,
C,15618,0.039687,0,0,0,,,,
C,15619,0.039264,0,0,0,,,,
C,15620,0.049788,0,0,0,,,,
C,15621,0.038524,0,0,0,,,,
C,15622,0.046754,0,0,0,,,,
C,15623,0.039331,0,0,0,,,,
C,15624,0.037167,0,0,0,,,,
C,15625,0.037385,0,0,0,,,,
C,15626,0.037124,0,0,0,,,,
C,15627,0.036975,0,0,0,,,,
C,15628,0.038543,0,0,0,,,,
C,15629,0.038722,0,0,0,,,,
C,15630,0.038847,0,0,0,,,,
C,15631,0.037418,0,0,0,,,,
C,15632,0.038176,0,0,0,,,,
C,15633,0.038191,0,0,0,,,,
C,15634,0.037546,0,0,0,,,,
C,15635,0.041594,0,0,0,,,,
C,15636,0.039320,0,0,0,,,,
C,15637,0.037981,0,0,0,,,,
C,15638,0.045615,0,0,0,,,,
C,15639,0.038169,0,0,0,,,,
C,15640,0.041188,0,0,0,,,,
C,15641,0.038526,0,0,0,,,,
C,15642,0.038476,0,0,0,,,,
C,15643,0.038450,0,0,0,,,,
C,15644,0.041551,0,0,0,,,,
C,15645,0.039242,0,0,0,,,,
C,15646,0.038706,0,0,0,,,,
C,15647,0.038210,0,0,0,,,,
C,15648,0.038996,0,0,0,,,,
C,15649,0.041635,0,0,0,,,,
C,15650,0.038031,0,0,0,,,,
C,15651,0.038710,0,0,0,,,,
C,15652,0.040233,0,0,0,,,,
C,15653,0.039534,0,0,0,,,,
C,15654,0.036787,0,0,0,,,,
C,15655,0.037247,0,0,0,,,,
C,15656,0.039625,0,0,0,,,,
C,15657,0.037509,0,0,0,,,,
C,15658,0.037197,0,0,0,,,,
C,15659,0.038163,0,0,0,,,,
C,15660,0.036462,0,0,0,,,,
C,15661,0.037798,0,0,0,,,,
C,15662,0.038188,0,0,0,,,,
C,15663,0.037334,0,0,0,,,,
C,15664,0.040950,0,0,0,,,,
C,15665,0.039515,0,0,0,,,,
C,15666,0.041883,0,0,0,,,,
C,15667,0.038854,0,0,0,,,,
C,15668,0.038214,0,0,0,,,,
C,15669,0.039690,0,0,0,,,,
C,15670,0.042255,0,0,0,,,,
C,15671,0.038268,0,0,0,,,,
C,15672,0.038103,0,0,0,,,,
C,15673,0.036550,0,0,0,,,,
C,15674,0.036302,0,0,0,,,,
C,15675,0.036640,0,0,0,,,,
C,15676,0.036177,0,0,0,,,,
C,15677,0.039342,0,0,0,,,,
C,15678,0.036561,0,0,0,,,,
C,15679,0.037619,0,0,0,,,,
C,15680,0.037356,0,0,0,,,,
C,15681,0.037473,0,0,0,,,,
C,15682,0.035901,0,0,0,,,,
C,15683,0.036272,0,0,0,,,,
C,15684,0.036751,0,0,0,,,,
C,15685,0.037124,0,0,0,,,,
C,15686,0.038247,0,0,0,,,,
C,15687,0.037210,0,0,0,,,,
C,15688,0.037244,0,0,0,,,,
C,15689,0.035936,0,0,0,,,,
C,15690,0.035790,0,0,0,,,,
C,15691,0.036579,0,0,0,,,,
C,15692,0.035869,0,0,0,,,,
C,15693,0.035784,0,0,0,,,,
C,15694,0.041684,0,0,0,,,,
C,15695,0.040194,0,0,0,,,,
C,15696,0.035646,0,0,0,,,,
C,15697,0.035284,0,0,0,,,,
C,15698,0.038595,0,0,0,,,,
C,15699,0.037393,0,0,0,,,,
C,15700,0.037057,0,0,0,,,,
C,15701,0.037308,0,0,0,,,,
C,15702,0.037094,0,0,0,,,,
C,15703,0.037821,0,0,0,,,,
C,15704,0.039008,0,0,0,,,,
C,15705,0.037419,0,0,0,,,,
C,15706,0.037973,0,0,0,,,,
C,15707,0.038703,0,0,0,,,,
C,15708,0.038610,0,0,0,,,,
C,15709,0.039835,0,0,0,,,,
C,15710,0.040248,0,0,0,,,,
C,15711,0.038172,0,0,0,,,,
C,15712,0.038236,0,0,0,,,,
C,15713,0.038530,0,0,0,,,,
C,15714,0.038406,0,0,0,,,,
C,15715,0.038199,0,0,0,,,,
C,15716,0.038955,0,0,0,,,,
C,15717,0.039159,0,0,0,,,,
C,15718,0.035627,0,0,0,,,,
C,15719,0.037181,0,0,0,,,,
C,15720,0.036694,0,0,0,,,,
C,15721,0.036992,0,0,0,,,,
C,15722,0.036883,0,0,0,,,,
C,15723,0.036404,0,0,0,,,,
C,15724,0.037371,0,0,0,,,,
C,15725,0.037087,0,0,0,,,,
C,15726,0.036907,0,0,0,,,,
C,15727,0.037604,0,0,0,,,,
C,15728,0.038003,0,0,0,,,,
C,15729,0.037349,0,0,0,,,,
C,15730,0.038405,0,0,0,,,,
C,15731,0.038331,0,0,0,,,,
C,15732,0.038344,0,0,0,,,,
C,15733,0.043035,0,0,0,,,,
C,15734,0.041815,0,0,0,,,,
C,15735,0.042296,0,0,0,,,,
C,15736,0.041443,0,0,0,,,,
C,15737,0.042881,0,0,0,,,,
C,15738,0.038924,0,0,0,,,,
C,15739,0.036754,0,0,0,,,,
C,15740,0.038363,0,0,0,,,,
C,15741,0.036870,0,0,0,,,,
C,15742,0.038116,0,0,0,,,,
C,15743,0.035699,0,0,0,,,,
C,15744,0.046372,0,0,0,,,,
C,15745,0.037582,0,0,0,,,,
C,15746,0.040333,0,0,0,,,,
C,15747,0.039259,0,0,0,,,,
C,15748,0.037183,0,0,0,,,,
C,15749,0.036111,0,0,0,,,,
C,15750,0.038330,0,0,0,,,,
C,15751,0.039982,0,0,0,,,,
C,15752,0.037996,0,0,0,,,,
C,15753,0.042117,0,0,0,,,,
C,15754,0.037994,0,0,0,,,,
C,15755,0.037502,0,0,0,,,,
C,15756,0.036873,0,0,0,,,,
C,15757,0.043643,0,0,0,,,,
C,15758,0.041850,0,0,0,,,,
C,15759,0.042888,0,0,0,,,,
C,15760,0.042188,0,0,0,,,,
C,15761,0.040490,0,0,0,,,,
C,15762,0.038750,0,0,0,,,,
C,15763,0.038221,0,0,0,,,,
C,15764,0.037458,0,0,0,,,,
C,15765,0.038897,0,0,0,,,,
C,15766,0.036903,0,0,0,,,,
C,15767,0.037893,0,0,0,,,,
C,15768,0.041199,0,0,0,,,,
C,15769,0.039784,0,0,0,,,,
C,15770,0.039742,0,0,0,,,,
C,15771,0.037832,0,0,0,,,,
C,15772,0.039363,0,0,0,,,,
C,15773,0.042427,0,0,0,,,,
C,15774,0.040940,0,0,0,,,,
C,15775,0.063783,0,0,0,,,,
C,15776,0.037161,0,0,0,,,,
C,15777,0.037714,0,0,0,,,,
C,15778,0.039804,0,0,0,,,,
C,15779,0.036468,0,0,0,,,,
C,15780,0.035505,0,0,0,,,,
C,15781,0.037446,0,0,0,,,,
C,15782,0.036202,0,0,0,,,,
C,15783,0.042525,0,0,0,,,,
C,15784,0.035087,0,0,0,,,,
C,15785,0.037121,0,0,0,,,,
C,15786,0.037963,0,0,0,,,,
C,15787,0.036570,0,0,0,,,,
C,15788,0.039342,0,0,0,,,,
C,15789,0.038236,0,0,0,,,,
C,15790,0.037436,0,0,0,,,,
C,15791,0.036320,0,0,0,,,,
C,15792,0.037700,0,0,0,,,,
C,15793,0.035622,0,0,0,,,,
C,15794,0.037066,0,0,0,,,,
C,15795,0.037079,0,0,0,,,,
C,15796,0.035301,0,0,0,,,,
C,15797,0.037719,0,0,0,,,,
C,15798,0.037041,0,0,0,,,,
C,15799,0.044013,0,0,0,,,,
C,15800,0.036833,0,0,0,,,,
C,15801,0.035876,0,0,0,,,,
C,15802,0.035178,0,0,0,,,,
C,15803,0.037481,0,0,0,,,,
C,15804,0.036420,0,0,0,,,,
C,15805,0.036738,0,0,0,,,,
C,15806,0.035891,0,0,0,,,,
C,15807,0.036419,0,0,0,,,,
C,15808,0.035842,0,0,0,,,,
C,15809,0.035180,0,0,0,,,,
C,15810,0.036995,0,0,0,,,,
C,15811,0.036216,0,0,0,,,,
C,15812,0.036808,0,0,0,,,,
C,15813,0.041759,0,0,0,,,,
C,15814,0.037605,0,0,0,,,,
C,15815,0.040817,0,0,0,,,,
C,15816,0.036059,0,0,0,,,,
C,15817,0.036422,0,0,0,,,,
C,15818,0.036580,0,0,0,,,,
C,15819,0.036969,0,0,0,,,,
C,15820,0.035936,0,0,0,,,,
C,15821,0.038571,0,0,0,,,,
C,15822,0.036675,0,0,0,,,,
C,15823,0.037218,0,0,0,,,,
C,15824,0.040730,0,0,0,,,,
C,15825,0.037354,0,0,0,,,,
C,15826,0.038338,0,0,0,,,,
C,15827,0.036435,0,0,0,,,,
C,15828,0.037275,0,0,0,,,,
C,15829,0.042436,0,0,0,,,,
C,15830,0.037322,0,0,0,,,,
C,15831,0.043420,0,0,0,,,,
C,15832,0.043125,0,0,0,,,,
C,15833,0.039339,0,0,0,,,,
C,15834,0.040516,0,0,0,,,,
C,15835,0.037313,0,0,0,,,,
C,15836,0.037806,0,0,0,,,,
C,15837,0.037181,0,0,0,,,,
C,15838,0.044781,0,0,0,,,,
C,15839,0.041931,0,0,0,,,,
C,15840,0.039318,0,0,0,,,,
C,15841,0.041564,0,0,0,,,,
C,15842,0.036613,0,0,0,,,,
C,15843,0.036920,0,0,0,,,,
C,15844,0.042975,0,0,0,,,,
C,15845,0.036989,0,0,0,,,,
C,15846,0.036194,0,0,0,,,,
C,15847,0.039730,0,0,0,,,,
C,15848,0.037964,0,0,0,,,,
C,15849,0.045343,0,0,0,,,,
C,15850,0.036076,0,0,0,,,,
C,15851,0.036758,0,0,0,,,,
C,15852,0.038650,0,0,0,,,,
C,15853,0.039314,0,0,0,,,,
C,15854,0.041849,0,0,0,,,,
C,15855,0.039768,0,0,0,,,,
C,15856,0.038074,0,0,0,,,,
C,15857,0.037343,0,0,0,,,,
C,15858,0.036193,0,0,0,,,,
C,15859,0.041066,0,0,0,,,,
C,15860,0.040472,0,0,0,,,,
C,15861,0.038657,0,0,0,,,,
C,15862,0.039864,0,0,0,,,,
C,15863,0.039233,0,0,0,,,,
C,15864,0.037006,0,0,0,,,,
C,15865,0.043576,0,0,0,,,,
C,15866,0.037119,0,0,0,,,,
C,15867,0.039062,0,0,0,,,,
C,15868,0.047008,0,0,0,,,,
C,15869,0.048240,0,0,0,,,,
C,15870,0.039713,0,0,0,,,,
C,15871,0.038288,0,0,0,,,,
C,15872,0.041647,0,0,0,,,,
C,15873,0.037681,0,0,0,,,,
C,15874,0.037347,0,0,0,,,,
C,15875,0.038215,0,0,0,,,,
C,15876,0.036398,0,0,0,,,,
C,15877,0.036145,0,0,0,,,,
C,15878,0.036564,0,0,0,,,,
C,15879,0.043830,0,0,0,,,,
C,15880,0.037873,0,0,0,,,,
C,15881,0.037943,0,0,0,,,,
C,15882,0.036195,0,0,0,,,,
C,15883,0.036156,0,0,0,,,,
C,15884,0.035554,0,0,0,,,,
C,15885,0.039153,0,0,0,,,,
C,15886,0.039263,0,0,0,,,,
C,15887,0.036332,0,0,0,,,,
C,15888,0.037242,0,0,0,,,,
C,15889,0.037197,0,0,0,,,,
C,15890,0.035729,0,0,0,,,,
C,15891,0.036446,0,0,0,,,,
C,15892,0.041784,0,0,0,,,,
C,15893,0.041933,0,0,0,,,,
C,15894,0.041844,0,0,0,,,,
C,15895,0.041473,0,0,0,,,,
C,15896,0.042230,0,0,0,,,,
C,15897,0.040773,0,0,0,,,,
C,15898,0.042394,0,0,0,,,,
C,15899,0.052793,0,0,0,,,,
C,15900,0.043110,0,0,0,,,,
C,15901,0.038912,0,0,0,,,,
C,15902,0.039335,0,0,0,,,,
C,15903,0.037557,0,0,0,,,,
C,15904,0.040268,0,0,0,,,,
C,15905,0.038926,0,0,0,,,,
C,15906,0.037479,0,0,0,,,,
C,15907,0.044133,0,0,0,,,,
C,15908,0.039099,0,0,0,,,,
C,15909,0.040850,0,0,0,,,,
C,15910,0.036683,0,0,0,,,,
C,15911,0.038847,0,0,0,,,,
C,15912,0.038840,0,0,0,,,,
C,15913,0.037298,0,0,0,,,,
C,15914,0.037256,0,0,0,,,,
C,15915,0.036780,0,0,0,,,,
C,15916,0.036692,0,0,0,,,,
C,15917,0.041771,0,0,0,,,,
C,15918,0.038565,0,0,0,,,,
C,15919,0.038220,0,0,0,,,,
C,15920,0.037092,0,0,0,,,,
C,15921,0.039181,0,0,0,,,,
C,15922,0.056161,0,0,0,,,,
C,15923,0.042783,0,0,0,,,,
C,15924,0.037192,0,0,0,,,,
C,15925,0.037222,0,0,0,,,,
C,15926,0.036933,0,0,0,,,,
C,15927,0.036842,0,0,0,,,,
C,15928,0.037133,0,0,0,,,,
C,15929,0.037638,0,0,0,,,,
C,15930,0.042110,0,0,0,,,,
C,15931,0.039799,0,0,0,,,,
C,15932,0.040169,0,0,0,,,,
C,15933,0.036625,0,0,0,,,,
C,15934,0.036491,0,0,0,,,,
C,15935,0.037246,0,0,0,,,,
C,15936,0.038800,0,0,0,,,,
C,15937,0.038434,0,0,0,,,,
C,15938,0.036540,0,0,0,,,,
C,15939,0.036683,0,0,0,,,,
C,15940,0.036774,0,0,0,,,,
C,15941,0.038069,0,0,0,,,,
C,15942,0.037613,0,0,0,,,,
C,15943,0.037916,0,0,0,,,,
C,15944,0.036725,0,0,0,,,,
C,15945,0.038160,0,0,0,,,,
C,15946,0.037294,0,0,0,,,,
C,15947,0.037034,0,0,0,,,,
C,15948,0.038175,0,0,0,,,,
C,15949,0.040315,0,0,0,,,,
C,15950,0.038323,0,0,0,,,,
C,15951,0.039737,0,0,0,,,,
C,15952,0.042118,0,0,0,,,,
C,15953,0.039703,0,0,0,,,,
C,15954,0.040077,0,0,0,,,,
C,15955,0.037942,0,0,0,,,,
C,15956,0.049183,0,0,0,,,,
C,15957,0.037948,0,0,0,,,,
C,15958,0.040352,0,0,0,,,,
C,15959,0.039354,0,0,0,,,,
C,15960,0.039625,0,0,0,,,,
C,15961,0.042854,0,0,0,,,,
C,15962,0.050524,0,0,0,,,,
C,15963,0.037406,0,0,0,,,,
C,15964,0.038317,0,0,0,,,,
C,15965,0.037740,0,0,0,,,,
C,15966,0.036710,0,0,0,,,,
C,15967,0.036669,0,0,0,,,,
C,15968,0.036910,0,0,0,,,,
C,15969,0.037043,0,0,0,,,,
C,15970,0.037187,0,0,0,,,,
C,15971,0.036473,0,0,0,,,,
C,15972,0.036655,0,0,0,,,,
C,15973,0.041630,0,0,0,,,,
C,15974,0.037220,0,0,0,,,,
C,15975,0.038256,0,0,0,,,,
C,15976,0.038771,0,0,0,,,,
C,15977,0.036201,0,0,0,,,,
C,15978,0.037747,0,0,0,,,,
C,15979,0.036398,0,0,0,,,,
C,15980,0.036651,0,0,0,,,,
C,15981,0.036124,0,0,0,,,,
C,15982,0.036080,0,0,0,,,,
C,15983,0.036736,0,0,0,,,,
C,15984,0.036352,0,0,0,,,,
C,15985,0.036324,0,0,0,,,,
C,15986,0.036986,0,0,0,,,,
C,15987,0.036819,0,0,0,,,,
C,15988,0.038048,0,0,0,,,,
C,15989,0.044604,0,0,0,,,,
C,15990,0.037556,0,0,0,,,,
C,15991,0.037533,0,0,0,,,,
C,15992,0.036969,0,0,0,,,,
C,15993,0.037631,0,0,0,,,,
C,15994,0.038417,0,0,0,,,,
C,15995,0.038012,0,0,0,,,,
C,15996,0.037948,0,0,0,,,,
C,15997,0.039396,0,0,0,,,,
C,15998,0.058846,0,0,0,,,,
C,15999,0.057556,0,0,0,,,,
C,16000,0.043774,0,0,0,212.2,9.745e-11,"{'checked': 26, 'zsx_rejected': 6, 'default_rejected': 0, 'closed_form_forced': 0, 'inexact': 9, 'exact_rebuilt': 0, 'best_effort': 0, 'best_effort_worst': 0.0, 'psf_rerouted': 0, 'psf_rerouted_worst_residual': 0.0}",963
C,16001,0.052056,0,0,0,,,,
C,16002,0.044825,0,0,0,,,,
C,16003,0.043403,0,0,0,,,,
C,16004,0.039915,0,0,0,,,,
C,16005,0.037520,0,0,0,,,,
C,16006,0.041696,0,0,0,,,,
C,16007,0.046492,0,0,0,,,,
C,16008,0.038872,0,0,0,,,,
C,16009,0.039454,0,0,0,,,,
C,16010,0.038726,0,0,0,,,,
C,16011,0.041459,0,0,0,,,,
C,16012,0.040950,0,0,0,,,,
C,16013,0.038769,0,0,0,,,,
C,16014,0.058492,0,0,0,,,,
C,16015,0.039164,0,0,0,,,,
C,16016,0.044865,0,0,0,,,,
C,16017,0.038747,0,0,0,,,,
C,16018,0.041532,0,0,0,,,,
C,16019,0.037526,0,0,0,,,,
C,16020,0.038444,0,0,0,,,,
C,16021,0.059353,0,0,0,,,,
C,16022,0.039962,0,0,0,,,,
C,16023,0.040144,0,0,0,,,,
C,16024,0.038811,0,0,0,,,,
C,16025,0.041008,0,0,0,,,,
C,16026,0.047762,0,0,0,,,,
C,16027,0.041229,0,0,0,,,,
C,16028,0.044457,0,0,0,,,,
C,16029,0.039743,0,0,0,,,,
C,16030,0.038059,0,0,0,,,,
C,16031,0.040487,0,0,0,,,,
C,16032,0.044497,0,0,0,,,,
C,16033,0.047710,0,0,0,,,,
C,16034,0.036680,0,0,0,,,,
C,16035,0.044013,0,0,0,,,,
C,16036,0.038241,0,0,0,,,,
C,16037,0.040582,0,0,0,,,,
C,16038,0.036885,0,0,0,,,,
C,16039,0.035980,0,0,0,,,,
C,16040,0.038445,0,0,0,,,,
C,16041,0.037936,0,0,0,,,,
C,16042,0.038057,0,0,0,,,,
C,16043,0.037512,0,0,0,,,,
C,16044,0.037598,0,0,0,,,,
C,16045,0.038097,0,0,0,,,,
C,16046,0.037614,0,0,0,,,,
C,16047,0.036724,0,0,0,,,,
C,16048,0.038144,0,0,0,,,,
C,16049,0.039312,0,0,0,,,,
C,16050,0.036686,0,0,0,,,,
C,16051,0.037867,0,0,0,,,,
C,16052,0.039548,0,0,0,,,,
C,16053,0.043063,0,0,0,,,,
C,16054,0.038600,0,0,0,,,,
C,16055,0.039999,0,0,0,,,,
C,16056,0.041690,0,0,0,,,,
C,16057,0.039225,0,0,0,,,,
C,16058,0.041589,0,0,0,,,,
C,16059,0.045128,0,0,0,,,,
C,16060,0.039080,0,0,0,,,,
C,16061,0.040223,0,0,0,,,,
C,16062,0.037171,0,0,0,,,,
C,16063,0.037659,0,0,0,,,,
C,16064,0.039789,0,0,0,,,,
C,16065,0.038756,0,0,0,,,,
C,16066,0.038071,0,0,0,,,,
C,16067,0.038124,0,0,0,,,,
C,16068,0.038204,0,0,0,,,,
C,16069,0.040956,0,0,0,,,,
C,16070,0.043225,0,0,0,,,,
C,16071,0.043557,0,0,0,,,,
C,16072,0.040656,0,0,0,,,,
C,16073,0.041925,0,0,0,,,,
C,16074,0.037863,0,0,0,,,,
C,16075,0.036974,0,0,0,,,,
C,16076,0.036839,0,0,0,,,,
C,16077,0.053245,0,0,0,,,,
C,16078,0.043046,0,0,0,,,,
C,16079,0.037259,0,0,0,,,,
C,16080,0.044153,0,0,0,,,,
C,16081,0.041614,0,0,0,,,,
C,16082,0.042701,0,0,0,,,,
C,16083,0.037625,0,0,0,,,,
C,16084,0.036658,0,0,0,,,,
C,16085,0.037700,0,0,0,,,,
C,16086,0.036851,0,0,0,,,,
C,16087,0.036354,0,0,0,,,,
C,16088,0.037443,0,0,0,,,,
C,16089,0.038195,0,0,0,,,,
C,16090,0.037205,0,0,0,,,,
C,16091,0.037045,0,0,0,,,,
C,16092,0.036067,0,0,0,,,,
C,16093,0.037719,0,0,0,,,,
C,16094,0.042927,0,0,0,,,,
C,16095,0.036644,0,0,0,,,,
C,16096,0.040617,0,0,0,,,,
C,16097,0.039390,0,0,0,,,,
C,16098,0.039394,0,0,0,,,,
C,16099,0.036179,0,0,0,,,,
C,16100,0.041546,0,0,0,,,,
C,16101,0.044493,0,0,0,,,,
C,16102,0.039395,0,0,0,,,,
C,16103,0.038346,0,0,0,,,,
C,16104,0.039185,0,0,0,,,,
C,16105,0.045445,0,0,0,,,,
C,16106,0.036038,0,0,0,,,,
C,16107,0.039810,0,0,0,,,,
C,16108,0.036121,0,0,0,,,,
C,16109,0.037854,0,0,0,,,,
C,16110,0.038001,0,0,0,,,,
C,16111,0.059043,0,0,0,,,,
C,16112,0.042036,0,0,0,,,,
C,16113,0.041121,0,0,0,,,,
C,16114,0.037429,0,0,0,,,,
C,16115,0.037057,0,0,0,,,,
C,16116,0.036601,0,0,0,,,,
C,16117,0.036958,0,0,0,,,,
C,16118,0.037349,0,0,0,,,,
C,16119,0.037536,0,0,0,,,,
C,16120,0.038553,0,0,0,,,,
C,16121,0.041496,0,0,0,,,,
C,16122,0.036291,0,0,0,,,,
C,16123,0.037018,0,0,0,,,,
C,16124,0.037599,0,0,0,,,,
C,16125,0.039364,0,0,0,,,,
C,16126,0.038443,0,0,0,,,,
C,16127,0.037684,0,0,0,,,,
C,16128,0.038722,0,0,0,,,,
C,16129,0.044661,0,0,0,,,,
C,16130,0.037538,0,0,0,,,,
C,16131,0.037687,0,0,0,,,,
C,16132,0.039249,0,0,0,,,,
C,16133,0.037495,0,0,0,,,,
C,16134,0.037128,0,0,0,,,,
C,16135,0.036870,0,0,0,,,,
C,16136,0.038007,0,0,0,,,,
C,16137,0.036872,0,0,0,,,,
C,16138,0.036947,0,0,0,,,,
C,16139,0.037172,0,0,0,,,,
C,16140,0.037348,0,0,0,,,,
C,16141,0.037352,0,0,0,,,,
C,16142,0.036332,0,0,0,,,,
C,16143,0.039381,0,0,0,,,,
C,16144,0.037360,0,0,0,,,,
C,16145,0.036957,0,0,0,,,,
C,16146,0.036314,0,0,0,,,,
C,16147,0.036186,0,0,0,,,,
C,16148,0.036993,0,0,0,,,,
C,16149,0.036333,0,0,0,,,,
C,16150,0.036239,0,0,0,,,,
C,16151,0.036822,0,0,0,,,,
C,16152,0.037148,0,0,0,,,,
C,16153,0.037784,0,0,0,,,,
C,16154,0.037952,0,0,0,,,,
C,16155,0.039238,0,0,0,,,,
C,16156,0.036641,0,0,0,,,,
C,16157,0.036859,0,0,0,,,,
C,16158,0.036089,0,0,0,,,,
C,16159,0.036331,0,0,0,,,,
C,16160,0.036548,0,0,0,,,,
C,16161,0.036938,0,0,0,,,,
C,16162,0.036219,0,0,0,,,,
C,16163,0.035792,0,0,0,,,,
C,16164,0.036201,0,0,0,,,,
C,16165,0.039078,0,0,0,,,,
C,16166,0.042385,0,0,0,,,,
C,16167,0.038914,0,0,0,,,,
C,16168,0.039363,0,0,0,,,,
C,16169,0.037208,0,0,0,,,,
C,16170,0.037581,0,0,0,,,,
C,16171,0.049529,0,0,0,,,,
C,16172,0.045584,0,0,0,,,,
C,16173,0.036657,0,0,0,,,,
C,16174,0.035917,0,0,0,,,,
C,16175,0.036374,0,0,0,,,,
C,16176,0.036401,0,0,0,,,,
C,16177,0.037288,0,0,0,,,,
C,16178,0.037050,0,0,0,,,,
C,16179,0.038676,0,0,0,,,,
C,16180,0.037287,0,0,0,,,,
C,16181,0.036532,0,0,0,,,,
C,16182,0.036641,0,0,0,,,,
C,16183,0.037175,0,0,0,,,,
C,16184,0.037234,0,0,0,,,,
C,16185,0.037132,0,0,0,,,,
C,16186,0.037630,0,0,0,,,,
C,16187,0.041903,0,0,0,,,,
C,16188,0.039466,0,0,0,,,,
C,16189,0.040845,0,0,0,,,,
C,16190,0.045885,0,0,0,,,,
C,16191,0.037356,0,0,0,,,,
C,16192,0.036248,0,0,0,,,,
C,16193,0.036595,0,0,0,,,,
C,16194,0.038098,0,0,0,,,,
C,16195,0.036687,0,0,0,,,,
C,16196,0.036123,0,0,0,,,,
C,16197,0.036370,0,0,0,,,,
C,16198,0.038286,0,0,0,,,,
C,16199,0.036688,0,0,0,,,,
C,16200,0.036458,0,0,0,,,,
C,16201,0.037520,0,0,0,,,,
C,16202,0.036629,0,0,0,,,,
C,16203,0.036194,0,0,0,,,,
C,16204,0.036118,0,0,0,,,,
C,16205,0.037157,0,0,0,,,,
C,16206,0.036737,0,0,0,,,,
C,16207,0.036783,0,0,0,,,,
C,16208,0.036149,0,0,0,,,,
C,16209,0.035363,0,0,0,,,,
C,16210,0.038858,0,0,0,,,,
C,16211,0.036489,0,0,0,,,,
C,16212,0.036818,0,0,0,,,,
C,16213,0.039555,0,0,0,,,,
C,16214,0.037596,0,0,0,,,,
C,16215,0.034744,0,0,0,,,,
C,16216,0.035271,0,0,0,,,,
C,16217,0.036031,0,0,0,,,,
C,16218,0.035739,0,0,0,,,,
C,16219,0.036103,0,0,0,,,,
C,16220,0.036484,0,0,0,,,,
C,16221,0.036060,0,0,0,,,,
C,16222,0.037145,0,0,0,,,,
C,16223,0.036756,0,0,0,,,,
C,16224,0.037732,0,0,0,,,,
C,16225,0.036517,0,0,0,,,,
C,16226,0.037889,0,0,0,,,,
C,16227,0.037526,0,0,0,,,,
C,16228,0.037052,0,0,0,,,,
C,16229,0.037485,0,0,0,,,,
C,16230,0.036231,0,0,0,,,,
C,16231,0.037123,0,0,0,,,,
C,16232,0.037304,0,0,0,,,,
C,16233,0.037515,0,0,0,,,,
C,16234,0.038510,0,0,0,,,,
C,16235,0.040719,0,0,0,,,,
C,16236,0.037123,0,0,0,,,,
C,16237,0.036040,0,0,0,,,,
C,16238,0.038733,0,0,0,,,,
C,16239,0.036885,0,0,0,,,,
C,16240,0.036793,0,0,0,,,,
C,16241,0.036590,0,0,0,,,,
C,16242,0.037612,0,0,0,,,,
C,16243,0.036719,0,0,0,,,,
C,16244,0.036871,0,0,0,,,,
C,16245,0.036335,0,0,0,,,,
C,16246,0.036754,0,0,0,,,,
C,16247,0.036341,0,0,0,,,,
C,16248,0.035398,0,0,0,,,,
C,16249,0.036638,0,0,0,,,,
C,16250,0.037647,0,0,0,,,,
C,16251,0.036668,0,0,0,,,,
C,16252,0.037874,0,0,0,,,,
C,16253,0.036507,0,0,0,,,,
C,16254,0.035885,0,0,0,,,,
C,16255,0.036303,0,0,0,,,,
C,16256,0.036763,0,0,0,,,,
C,16257,0.035365,0,0,0,,,,
C,16258,0.036294,0,0,0,,,,
C,16259,0.036126,0,0,0,,,,
C,16260,0.035663,0,0,0,,,,
C,16261,0.035694,0,0,0,,,,
C,16262,0.036146,0,0,0,,,,
C,16263,0.036107,0,0,0,,,,
C,16264,0.036461,0,0,0,,,,
C,16265,0.035502,0,0,0,,,,
C,16266,0.036477,0,0,0,,,,
C,16267,0.035659,0,0,0,,,,
C,16268,0.035708,0,0,0,,,,
C,16269,0.036747,0,0,0,,,,
C,16270,0.038556,0,0,0,,,,
C,16271,0.035837,0,0,0,,,,
C,16272,0.035240,0,0,0,,,,
C,16273,0.036159,0,0,0,,,,
C,16274,0.035176,0,0,0,,,,
C,16275,0.035077,0,0,0,,,,
C,16276,0.035476,0,0,0,,,,
C,16277,0.035742,0,0,0,,,,
C,16278,0.036570,0,0,0,,,,
C,16279,0.036775,0,0,0,,,,
C,16280,0.036514,0,0,0,,,,
C,16281,0.037663,0,0,0,,,,
C,16282,0.037317,0,0,0,,,,
C,16283,0.037353,0,0,0,,,,
C,16284,0.036771,0,0,0,,,,
C,16285,0.036949,0,0,0,,,,
C,16286,0.037244,0,0,0,,,,
C,16287,0.037177,0,0,0,,,,
C,16288,0.037154,0,0,0,,,,
C,16289,0.036280,0,0,0,,,,
C,16290,0.036946,0,0,0,,,,
C,16291,0.037807,0,0,0,,,,
C,16292,0.037775,0,0,0,,,,
C,16293,0.037401,0,0,0,,,,
C,16294,0.037397,0,0,0,,,,
C,16295,0.037266,0,0,0,,,,
C,16296,0.036483,0,0,0,,,,
C,16297,0.037248,0,0,0,,,,
C,16298,0.036957,0,0,0,,,,
C,16299,0.036901,0,0,0,,,,
C,16300,0.041721,0,0,0,,,,
C,16301,0.037075,0,0,0,,,,
C,16302,0.036964,0,0,0,,,,
C,16303,0.037205,0,0,0,,,,
C,16304,0.036926,0,0,0,,,,
C,16305,0.038927,0,0,0,,,,
C,16306,0.037585,0,0,0,,,,
C,16307,0.037880,0,0,0,,,,
C,16308,0.037705,0,0,0,,,,
C,16309,0.037702,0,0,0,,,,
C,16310,0.037180,0,0,0,,,,
C,16311,0.037707,0,0,0,,,,
C,16312,0.040067,0,0,0,,,,
C,16313,0.040683,0,0,0,,,,
C,16314,0.044606,0,0,0,,,,
C,16315,0.040422,0,0,0,,,,
C,16316,0.037985,0,0,0,,,,
C,16317,0.036636,0,0,0,,,,
C,16318,0.037660,0,0,0,,,,
C,16319,0.037731,0,0,0,,,,
C,16320,0.037349,0,0,0,,,,
C,16321,0.038290,0,0,0,,,,
C,16322,0.038967,0,0,0,,,,
C,16323,0.044983,0,0,0,,,,
C,16324,0.042161,0,0,0,,,,
C,16325,0.038260,0,0,0,,,,
C,16326,0.042694,0,0,0,,,,
C,16327,0.038314,0,0,0,,,,
C,16328,0.038314,0,0,0,,,,
C,16329,0.038534,0,0,0,,,,
C,16330,0.037897,0,0,0,,,,
C,16331,0.045861,0,0,0,,,,
C,16332,0.041958,0,0,0,,,,
C,16333,0.036903,0,0,0,,,,
C,16334,0.038192,0,0,0,,,,
C,16335,0.038921,0,0,0,,,,
C,16336,0.040228,0,0,0,,,,
C,16337,0.039350,0,0,0,,,,
C,16338,0.036285,0,0,0,,,,
C,16339,0.036031,0,0,0,,,,
C,16340,0.035894,0,0,0,,,,
C,16341,0.036118,0,0,0,,,,
C,16342,0.039517,0,0,0,,,,
C,16343,0.036624,0,0,0,,,,
C,16344,0.037499,0,0,0,,,,
C,16345,0.037028,0,0,0,,,,
C,16346,0.036256,0,0,0,,,,
C,16347,0.036339,0,0,0,,,,
C,16348,0.037287,0,0,0,,,,
C,16349,0.036641,0,0,0,,,,
C,16350,0.039913,0,0,0,,,,
C,16351,0.040131,0,0,0,,,,
C,16352,0.037294,0,0,0,,,,
C,16353,0.038597,0,0,0,,,,
C,16354,0.038240,0,0,0,,,,
C,16355,0.037669,0,0,0,,,,
C,16356,0.038703,0,0,0,,,,
C,16357,0.039103,0,0,0,,,,
C,16358,0.036905,0,0,0,,,,
C,16359,0.037442,0,0,0,,,,
C,16360,0.036953,0,0,0,,,,
C,16361,0.037318,0,0,0,,,,
C,16362,0.038284,0,0,0,,,,
C,16363,0.038770,0,0,0,,,,
C,16364,0.037157,0,0,0,,,,
C,16365,0.040719,0,0,0,,,,
C,16366,0.040054,0,0,0,,,,
C,16367,0.037479,0,0,0,,,,
C,16368,0.053890,0,0,0,,,,
C,16369,0.041963,0,0,0,,,,
C,16370,0.035328,0,0,0,,,,
C,16371,0.035343,0,0,0,,,,
C,16372,0.036461,0,0,0,,,,
C,16373,0.036401,0,0,0,,,,
C,16374,0.035661,0,0,0,,,,
C,16375,0.036321,0,0,0,,,,
C,16376,0.037883,0,0,0,,,,
C,16377,0.037504,0,0,0,,,,
C,16378,0.037758,0,0,0,,,,
C,16379,0.036808,0,0,0,,,,
C,16380,0.036941,0,0,0,,,,
C,16381,0.040507,0,0,0,,,,
C,16382,0.039095,0,0,0,,,,
C,16383,0.039224,0,0,0,,,,
C,16384,0.037153,0,0,0,,,,
C,16385,0.036355,0,0,0,,,,
C,16386,0.036466,0,0,0,,,,
C,16387,0.036252,0,0,0,,,,
C,16388,0.037191,0,0,0,,,,
C,16389,0.038496,0,0,0,,,,
C,16390,0.038602,0,0,0,,,,
C,16391,0.036536,0,0,0,,,,
C,16392,0.036890,0,0,0,,,,
C,16393,0.036226,0,0,0,,,,
C,16394,0.037379,0,0,0,,,,
C,16395,0.038769,0,0,0,,,,
C,16396,0.036250,0,0,0,,,,
C,16397,0.036969,0,0,0,,,,
C,16398,0.036777,0,0,0,,,,
C,16399,0.036612,0,0,0,,,,
C,16400,0.037152,0,0,0,,,,
C,16401,0.036331,0,0,0,,,,
C,16402,0.036597,0,0,0,,,,
C,16403,0.035773,0,0,0,,,,
C,16404,0.036726,0,0,0,,,,
C,16405,0.036716,0,0,0,,,,
C,16406,0.037623,0,0,0,,,,
C,16407,0.036880,0,0,0,,,,
C,16408,0.035665,0,0,0,,,,
C,16409,0.036504,0,0,0,,,,
C,16410,0.036560,0,0,0,,,,
C,16411,0.036487,0,0,0,,,,
C,16412,0.036564,0,0,0,,,,
C,16413,0.037285,0,0,0,,,,
C,16414,0.036904,0,0,0,,,,
C,16415,0.036299,0,0,0,,,,
C,16416,0.036670,0,0,0,,,,
C,16417,0.037047,0,0,0,,,,
C,16418,0.036571,0,0,0,,,,
C,16419,0.036081,0,0,0,,,,
C,16420,0.036658,0,0,0,,,,
C,16421,0.037051,0,0,0,,,,
C,16422,0.036176,0,0,0,,,,
C,16423,0.037742,0,0,0,,,,
C,16424,0.037371,0,0,0,,,,
C,16425,0.036501,0,0,0,,,,
C,16426,0.037566,0,0,0,,,,
C,16427,0.036600,0,0,0,,,,
C,16428,0.036194,0,0,0,,,,
C,16429,0.036515,0,0,0,,,,
C,16430,0.036424,0,0,0,,,,
C,16431,0.037230,0,0,0,,,,
C,16432,0.037407,0,0,0,,,,
C,16433,0.041443,0,0,0,,,,
C,16434,0.037177,0,0,0,,,,
C,16435,0.036890,0,0,0,,,,
C,16436,0.037410,0,0,0,,,,
C,16437,0.037064,0,0,0,,,,
C,16438,0.036209,0,0,0,,,,
C,16439,0.036675,0,0,0,,,,
C,16440,0.036066,0,0,0,,,,
C,16441,0.037671,0,0,0,,,,
C,16442,0.037248,0,0,0,,,,
C,16443,0.037659,0,0,0,,,,
C,16444,0.036791,0,0,0,,,,
C,16445,0.036753,0,0,0,,,,
C,16446,0.037091,0,0,0,,,,
C,16447,0.037275,0,0,0,,,,
C,16448,0.037414,0,0,0,,,,
C,16449,0.036762,0,0,0,,,,
C,16450,0.036789,0,0,0,,,,
C,16451,0.037147,0,0,0,,,,
C,16452,0.038703,0,0,0,,,,
C,16453,0.037620,0,0,0,,,,
C,16454,0.047092,0,0,0,,,,
C,16455,0.036757,0,0,0,,,,
C,16456,0.037521,0,0,0,,,,
C,16457,0.037210,0,0,0,,,,
C,16458,0.036935,0,0,0,,,,
C,16459,0.037701,0,0,0,,,,
C,16460,0.036497,0,0,0,,,,
C,16461,0.036634,0,0,0,,,,
C,16462,0.037029,0,0,0,,,,
C,16463,0.037330,0,0,0,,,,
C,16464,0.037273,0,0,0,,,,
C,16465,0.037078,0,0,0,,,,
C,16466,0.036387,0,0,0,,,,
C,16467,0.037820,0,0,0,,,,
C,16468,0.036817,0,0,0,,,,
C,16469,0.037270,0,0,0,,,,
C,16470,0.036473,0,0,0,,,,
C,16471,0.036128,0,0,0,,,,
C,16472,0.038160,0,0,0,,,,
C,16473,0.039776,0,0,0,,,,
C,16474,0.039905,0,0,0,,,,
C,16475,0.037092,0,0,0,,,,
C,16476,0.036708,0,0,0,,,,
C,16477,0.036533,0,0,0,,,,
C,16478,0.037155,0,0,0,,,,
C,16479,0.041592,0,0,0,,,,
C,16480,0.035708,0,0,0,,,,
C,16481,0.040957,0,0,0,,,,
C,16482,0.038102,0,0,0,,,,
C,16483,0.038423,0,0,0,,,,
C,16484,0.038621,0,0,0,,,,
C,16485,0.037818,0,0,0,,,,
C,16486,0.041355,0,0,0,,,,
C,16487,0.037796,0,0,0,,,,
C,16488,0.037740,0,0,0,,,,
C,16489,0.037253,0,0,0,,,,
C,16490,0.040268,0,0,0,,,,
C,16491,0.039551,0,0,0,,,,
C,16492,0.038850,0,0,0,,,,
C,16493,0.038298,0,0,0,,,,
C,16494,0.040616,0,0,0,,,,
C,16495,0.038529,0,0,0,,,,
C,16496,0.039316,0,0,0,,,,
C,16497,0.039832,0,0,0,,,,
C,16498,0.037430,0,0,0,,,,
C,16499,0.036769,0,0,0,,,,
C,16500,0.035983,0,0,0,,,,
C,16501,0.038429,0,0,0,,,,
C,16502,0.035952,0,0,0,,,,
C,16503,0.036924,0,0,0,,,,
C,16504,0.037095,0,0,0,,,,
C,16505,0.037677,0,0,0,,,,
C,16506,0.037569,0,0,0,,,,
C,16507,0.037556,0,0,0,,,,
C,16508,0.037113,0,0,0,,,,
C,16509,0.038343,0,0,0,,,,
C,16510,0.037519,0,0,0,,,,
C,16511,0.039696,0,0,0,,,,
C,16512,0.040510,0,0,0,,,,
C,16513,0.039274,0,0,0,,,,
C,16514,0.039197,0,0,0,,,,
C,16515,0.037208,0,0,0,,,,
C,16516,0.037203,0,0,0,,,,
C,16517,0.037321,0,0,0,,,,
C,16518,0.037456,0,0,0,,,,
C,16519,0.038530,0,0,0,,,,
C,16520,0.044448,0,0,0,,,,
C,16521,0.037189,0,0,0,,,,
C,16522,0.040578,0,0,0,,,,
C,16523,0.042066,0,0,0,,,,
C,16524,0.039399,0,0,0,,,,
C,16525,0.044650,0,0,0,,,,
C,16526,0.045729,0,0,0,,,,
C,16527,0.066156,0,0,0,,,,
C,16528,0.045216,0,0,0,,,,
C,16529,0.043944,0,0,0,,,,
C,16530,0.038074,0,0,0,,,,
C,16531,0.037281,0,0,0,,,,
C,16532,0.040515,0,0,0,,,,
C,16533,0.037450,0,0,0,,,,
C,16534,0.036643,0,0,0,,,,
C,16535,0.040277,0,0,0,,,,
C,16536,0.041295,0,0,0,,,,
C,16537,0.041958,0,0,0,,,,
C,16538,0.040912,0,0,0,,,,
C,16539,0.040000,0,0,0,,,,
C,16540,0.038525,0,0,0,,,,
C,16541,0.038061,0,0,0,,,,
C,16542,0.042425,0,0,0,,,,
C,16543,0.040577,0,0,0,,,,
C,16544,0.036898,0,0,0,,,,
C,16545,0.036425,0,0,0,,,,
C,16546,0.036966,0,0,0,,,,
C,16547,0.036373,0,0,0,,,,
C,16548,0.036625,0,0,0,,,,
C,16549,0.038143,0,0,0,,,,
C,16550,0.038182,0,0,0,,,,
C,16551,0.037922,0,0,0,,,,
C,16552,0.036942,0,0,0,,,,
C,16553,0.037250,0,0,0,,,,
C,16554,0.036420,0,0,0,,,,
C,16555,0.037496,0,0,0,,,,
C,16556,0.039474,0,0,0,,,,
C,16557,0.038408,0,0,0,,,,
C,16558,0.038775,0,0,0,,,,
C,16559,0.039935,0,0,0,,,,
C,16560,0.037212,0,0,0,,,,
C,16561,0.038241,0,0,0,,,,
C,16562,0.038106,0,0,0,,,,
C,16563,0.037060,0,0,0,,,,
C,16564,0.035400,0,0,0,,,,
C,16565,0.036820,0,0,0,,,,
C,16566,0.038002,0,0,0,,,,
C,16567,0.036399,0,0,0,,,,
C,16568,0.036767,0,0,0,,,,
C,16569,0.037121,0,0,0,,,,
C,16570,0.037847,0,0,0,,,,
C,16571,0.036834,0,0,0,,,,
C,16572,0.036819,0,0,0,,,,
C,16573,0.037622,0,0,0,,,,
C,16574,0.035674,0,0,0,,,,
C,16575,0.036159,0,0,0,,,,
C,16576,0.036704,0,0,0,,,,
C,16577,0.038102,0,0,0,,,,
C,16578,0.036302,0,0,0,,,,
C,16579,0.037496,0,0,0,,,,
C,16580,0.040614,0,0,0,,,,
C,16581,0.043615,0,0,0,,,,
C,16582,0.045219,0,0,0,,,,
C,16583,0.043190,0,0,0,,,,
C,16584,0.038922,0,0,0,,,,
C,16585,0.046787,0,0,0,,,,
C,16586,0.039127,0,0,0,,,,
C,16587,0.039647,0,0,0,,,,
C,16588,0.038733,0,0,0,,,,
C,16589,0.055603,0,0,0,,,,
C,16590,0.039749,0,0,0,,,,
C,16591,0.037115,0,0,0,,,,
C,16592,0.036650,0,0,0,,,,
C,16593,0.036755,0,0,0,,,,
C,16594,0.036671,0,0,0,,,,
C,16595,0.036900,0,0,0,,,,
C,16596,0.036326,0,0,0,,,,
C,16597,0.038559,0,0,0,,,,
C,16598,0.037911,0,0,0,,,,
C,16599,0.037788,0,0,0,,,,
C,16600,0.036822,0,0,0,,,,
C,16601,0.038337,0,0,0,,,,
C,16602,0.036437,0,0,0,,,,
C,16603,0.037929,0,0,0,,,,
C,16604,0.037467,0,0,0,,,,
C,16605,0.036852,0,0,0,,,,
C,16606,0.037111,0,0,0,,,,
C,16607,0.038004,0,0,0,,,,
C,16608,0.036919,0,0,0,,,,
C,16609,0.036587,0,0,0,,,,
C,16610,0.036936,0,0,0,,,,
C,16611,0.036127,0,0,0,,,,
C,16612,0.037296,0,0,0,,,,
C,16613,0.035413,0,0,0,,,,
C,16614,0.036052,0,0,0,,,,
C,16615,0.039363,0,0,0,,,,
C,16616,0.036726,0,0,0,,,,
C,16617,0.036998,0,0,0,,,,
C,16618,0.037935,0,0,0,,,,
C,16619,0.037738,0,0,0,,,,
C,16620,0.037380,0,0,0,,,,
C,16621,0.056458,0,0,0,,,,
C,16622,0.035415,0,0,0,,,,
C,16623,0.036161,0,0,0,,,,
C,16624,0.035674,0,0,0,,,,
C,16625,0.041562,0,0,0,,,,
C,16626,0.041863,0,0,0,,,,
C,16627,0.050347,0,0,0,,,,
C,16628,0.040050,0,0,0,,,,
C,16629,0.038917,0,0,0,,,,
C,16630,0.039637,0,0,0,,,,
C,16631,0.039402,0,0,0,,,,
C,16632,0.038764,0,0,0,,,,
C,16633,0.038409,0,0,0,,,,
C,16634,0.038627,0,0,0,,,,
C,16635,0.038597,0,0,0,,,,
C,16636,0.040247,0,0,0,,,,
C,16637,0.038835,0,0,0,,,,
C,16638,0.038884,0,0,0,,,,
C,16639,0.039140,0,0,0,,,,
C,16640,0.039624,0,0,0,,,,
C,16641,0.038786,0,0,0,,,,
C,16642,0.038690,0,0,0,,,,
C,16643,0.037267,0,0,0,,,,
C,16644,0.036954,0,0,0,,,,
C,16645,0.039877,0,0,0,,,,
C,16646,0.040461,0,0,0,,,,
C,16647,0.039764,0,0,0,,,,
C,16648,0.038587,0,0,0,,,,
C,16649,0.038649,0,0,0,,,,
C,16650,0.038639,0,0,0,,,,
C,16651,0.039131,0,0,0,,,,
C,16652,0.038474,0,0,0,,,,
C,16653,0.039120,0,0,0,,,,
C,16654,0.044469,0,0,0,,,,
C,16655,0.037158,0,0,0,,,,
C,16656,0.038515,0,0,0,,,,
C,16657,0.038158,0,0,0,,,,
C,16658,0.037779,0,0,0,,,,
C,16659,0.040193,0,0,0,,,,
C,16660,0.038369,0,0,0,,,,
C,16661,0.038091,0,0,0,,,,
C,16662,0.042897,0,0,0,,,,
C,16663,0.039456,0,0,0,,,,
C,16664,0.041929,0,0,0,,,,
C,16665,0.037810,0,0,0,,,,
C,16666,0.042232,0,0,0,,,,
C,16667,0.038407,0,0,0,,,,
C,16668,0.038845,0,0,0,,,,
C,16669,0.038611,0,0,0,,,,
C,16670,0.037113,0,0,0,,,,
C,16671,0.038171,0,0,0,,,,
C,16672,0.038096,0,0,0,,,,
C,16673,0.039056,0,0,0,,,,
C,16674,0.037843,0,0,0,,,,
C,16675,0.039088,0,0,0,,,,
C,16676,0.036416,0,0,0,,,,
C,16677,0.035850,0,0,0,,,,
C,16678,0.040595,0,0,0,,,,
C,16679,0.043696,0,0,0,,,,
C,16680,0.040058,0,0,0,,,,
C,16681,0.036890,0,0,0,,,,
C,16682,0.037498,0,0,0,,,,
C,16683,0.046562,0,0,0,,,,
C,16684,0.039799,0,0,0,,,,
C,16685,0.035734,0,0,0,,,,
C,16686,0.035260,0,0,0,,,,
C,16687,0.036200,0,0,0,,,,
C,16688,0.035581,0,0,0,,,,
C,16689,0.035154,0,0,0,,,,
C,16690,0.034901,0,0,0,,,,
C,16691,0.035588,0,0,0,,,,
C,16692,0.036513,0,0,0,,,,
C,16693,0.037248,0,0,0,,,,
C,16694,0.035820,0,0,0,,,,
C,16695,0.036449,0,0,0,,,,
C,16696,0.037094,0,0,0,,,,
C,16697,0.039748,0,0,0,,,,
C,16698,0.037585,0,0,0,,,,
C,16699,0.036762,0,0,0,,,,
C,16700,0.036368,0,0,0,,,,
C,16701,0.040125,0,0,0,,,,
C,16702,0.036781,0,0,0,,,,
C,16703,0.038584,0,0,0,,,,
C,16704,0.040411,0,0,0,,,,
C,16705,0.040042,0,0,0,,,,
C,16706,0.045051,0,0,0,,,,
C,16707,0.037817,0,0,0,,,,
C,16708,0.037625,0,0,0,,,,
C,16709,0.042976,0,0,0,,,,
C,16710,0.037605,0,0,0,,,,
C,16711,0.039950,0,0,0,,,,
C,16712,0.037191,0,0,0,,,,
C,16713,0.036438,0,0,0,,,,
C,16714,0.043386,0,0,0,,,,
C,16715,0.037669,0,0,0,,,,
C,16716,0.037761,0,0,0,,,,
C,16717,0.050770,0,0,0,,,,
C,16718,0.040280,0,0,0,,,,
C,16719,0.037618,0,0,0,,,,
C,16720,0.038782,0,0,0,,,,
C,16721,0.037502,0,0,0,,,,
C,16722,0.036950,0,0,0,,,,
C,16723,0.037737,0,0,0,,,,
C,16724,0.036746,0,0,0,,,,
C,16725,0.037685,0,0,0,,,,
C,16726,0.037583,0,0,0,,,,
C,16727,0.037472,0,0,0,,,,
C,16728,0.036947,0,0,0,,,,
C,16729,0.037788,0,0,0,,,,
C,16730,0.037386,0,0,0,,,,
C,16731,0.036307,0,0,0,,,,
C,16732,0.035790,0,0,0,,,,
C,16733,0.036143,0,0,0,,,,
C,16734,0.036173,0,0,0,,,,
C,16735,0.039677,0,0,0,,,,
C,16736,0.040730,0,0,0,,,,
C,16737,0.038158,0,0,0,,,,
C,16738,0.038958,0,0,0,,,,
C,16739,0.037366,0,0,0,,,,
C,16740,0.036896,0,0,0,,,,
C,16741,0.036126,0,0,0,,,,
C,16742,0.036364,0,0,0,,,,
C,16743,0.037772,0,0,0,,,,
C,16744,0.036301,0,0,0,,,,
C,16745,0.037380,0,0,0,,,,
C,16746,0.039214,0,0,0,,,,
C,16747,0.035817,0,0,0,,,,
C,16748,0.035074,0,0,0,,,,
C,16749,0.041593,0,0,0,,,,
C,16750,0.035900,0,0,0,,,,
C,16751,0.037617,0,0,0,,,,
C,16752,0.036686,0,0,0,,,,
C,16753,0.035650,0,0,0,,,,
C,16754,0.035565,0,0,0,,,,
C,16755,0.036550,0,0,0,,,,
C,16756,0.038924,0,0,0,,,,
C,16757,0.050184,0,0,0,,,,
C,16758,0.038172,0,0,0,,,,
C,16759,0.037055,0,0,0,,,,
C,16760,0.037478,0,0,0,,,,
C,16761,0.036947,0,0,0,,,,
C,16762,0.036643,0,0,0,,,,
C,16763,0.036343,0,0,0,,,,
C,16764,0.036898,0,0,0,,,,
C,16765,0.037070,0,0,0,,,,
C,16766,0.039273,0,0,0,,,,
C,16767,0.036800,0,0,0,,,,
C,16768,0.040664,0,0,0,,,,
C,16769,0.040419,0,0,0,,,,
C,16770,0.036448,0,0,0,,,,
C,16771,0.035937,0,0,0,,,,
C,16772,0.036334,0,0,0,,,,
C,16773,0.037344,0,0,0,,,,
C,16774,0.037536,0,0,0,,,,
C,16775,0.036394,0,0,0,,,,
C,16776,0.038289,0,0,0,,,,
C,16777,0.037964,0,0,0,,,,
C,16778,0.047013,0,0,0,,,,
C,16779,0.036952,0,0,0,,,,
C,16780,0.039525,0,0,0,,,,
C,16781,0.043293,0,0,0,,,,
C,16782,0.039290,0,0,0,,,,
C,16783,0.038768,0,0,0,,,,
C,16784,0.048737,0,0,0,,,,
C,16785,0.036953,0,0,0,,,,
C,16786,0.040087,0,0,0,,,,
C,16787,0.038688,0,0,0,,,,
C,16788,0.036999,0,0,0,,,,
C,16789,0.040331,0,0,0,,,,
C,16790,0.038805,0,0,0,,,,
C,16791,0.039844,0,0,0,,,,
C,16792,0.037990,0,0,0,,,,
C,16793,0.037566,0,0,0,,,,
C,16794,0.037614,0,0,0,,,,
C,16795,0.038230,0,0,0,,,,
C,16796,0.036551,0,0,0,,,,
C,16797,0.039205,0,0,0,,,,
C,16798,0.037710,0,0,0,,,,
C,16799,0.040460,0,0,0,,,,
C,16800,0.036891,0,0,0,,,,
C,16801,0.039677,0,0,0,,,,
C,16802,0.037607,0,0,0,,,,
C,16803,0.037150,0,0,0,,,,
C,16804,0.034908,0,0,0,,,,
C,16805,0.035230,0,0,0,,,,
C,16806,0.039017,0,0,0,,,,
C,16807,0.043228,0,0,0,,,,
C,16808,0.039040,0,0,0,,,,
C,16809,0.045136,0,0,0,,,,
C,16810,0.039286,0,0,0,,,,
C,16811,0.037470,0,0,0,,,,
C,16812,0.038563,0,0,0,,,,
C,16813,0.039299,0,0,0,,,,
C,16814,0.035791,0,0,0,,,,
C,16815,0.036582,0,0,0,,,,
C,16816,0.038215,0,0,0,,,,
C,16817,0.036883,0,0,0,,,,
C,16818,0.035976,0,0,0,,,,
C,16819,0.038218,0,0,0,,,,
C,16820,0.037228,0,0,0,,,,
C,16821,0.035847,0,0,0,,,,
C,16822,0.037228,0,0,0,,,,
C,16823,0.037710,0,0,0,,,,
C,16824,0.036488,0,0,0,,,,
C,16825,0.037729,0,0,0,,,,
C,16826,0.036362,0,0,0,,,,
C,16827,0.037387,0,0,0,,,,
C,16828,0.035981,0,0,0,,,,
C,16829,0.036617,0,0,0,,,,
C,16830,0.037123,0,0,0,,,,
C,16831,0.059730,0,0,0,,,,
C,16832,0.038894,0,0,0,,,,
C,16833,0.040077,0,0,0,,,,
C,16834,0.037133,0,0,0,,,,
C,16835,0.036431,0,0,0,,,,
C,16836,0.036735,0,0,0,,,,
C,16837,0.037012,0,0,0,,,,
C,16838,0.041483,0,0,0,,,,
C,16839,0.042548,0,0,0,,,,
C,16840,0.040372,0,0,0,,,,
C,16841,0.034881,0,0,0,,,,
C,16842,0.035254,0,0,0,,,,
C,16843,0.039805,0,0,0,,,,
C,16844,0.035760,0,0,0,,,,
C,16845,0.038008,0,0,0,,,,
C,16846,0.038987,0,0,0,,,,
C,16847,0.041386,0,0,0,,,,
C,16848,0.036759,0,0,0,,,,
C,16849,0.037610,0,0,0,,,,
C,16850,0.037324,0,0,0,,,,
C,16851,0.037349,0,0,0,,,,
C,16852,0.038795,0,0,0,,,,
C,16853,0.048984,0,0,0,,,,
C,16854,0.038799,0,0,0,,,,
C,16855,0.039003,0,0,0,,,,
C,16856,0.038243,0,0,0,,,,
C,16857,0.039888,0,0,0,,,,
C,16858,0.036462,0,0,0,,,,
C,16859,0.038056,0,0,0,,,,
C,16860,0.040192,0,0,0,,,,
C,16861,0.037154,0,0,0,,,,
C,16862,0.037685,0,0,0,,,,
C,16863,0.036807,0,0,0,,,,
C,16864,0.038597,0,0,0,,,,
C,16865,0.035911,0,0,0,,,,
C,16866,0.037589,0,0,0,,,,
C,16867,0.039811,0,0,0,,,,
C,16868,0.039713,0,0,0,,,,
C,16869,0.045032,0,0,0,,,,
C,16870,0.036217,0,0,0,,,,
C,16871,0.035626,0,0,0,,,,
C,16872,0.036614,0,0,0,,,,
C,16873,0.037068,0,0,0,,,,
C,16874,0.035832,0,0,0,,,,
C,16875,0.036587,0,0,0,,,,
C,16876,0.035383,0,0,0,,,,
C,16877,0.037552,0,0,0,,,,
C,16878,0.037259,0,0,0,,,,
C,16879,0.039805,0,0,0,,,,
C,16880,0.040353,0,0,0,,,,
C,16881,0.036437,0,0,0,,,,
C,16882,0.036831,0,0,0,,,,
C,16883,0.038569,0,0,0,,,,
C,16884,0.036074,0,0,0,,,,
C,16885,0.035435,0,0,0,,,,
C,16886,0.038518,0,0,0,,,,
C,16887,0.037907,0,0,0,,,,
C,16888,0.036888,0,0,0,,,,
C,16889,0.038713,0,0,0,,,,
C,16890,0.037465,0,0,0,,,,
C,16891,0.037704,0,0,0,,,,
C,16892,0.036837,0,0,0,,,,
C,16893,0.036456,0,0,0,,,,
C,16894,0.038862,0,0,0,,,,
C,16895,0.037309,0,0,0,,,,
C,16896,0.042054,0,0,0,,,,
C,16897,0.037762,0,0,0,,,,
C,16898,0.036455,0,0,0,,,,
C,16899,0.036504,0,0,0,,,,
C,16900,0.039782,0,0,0,,,,
C,16901,0.036374,0,0,0,,,,
C,16902,0.035809,0,0,0,,,,
C,16903,0.036528,0,0,0,,,,
C,16904,0.036386,0,0,0,,,,
C,16905,0.037346,0,0,0,,,,
C,16906,0.036270,0,0,0,,,,
C,16907,0.036570,0,0,0,,,,
C,16908,0.036227,0,0,0,,,,
C,16909,0.053967,0,0,0,,,,
C,16910,0.036060,0,0,0,,,,
C,16911,0.035450,0,0,0,,,,
C,16912,0.035359,0,0,0,,,,
C,16913,0.036929,0,0,0,,,,
C,16914,0.040759,0,0,0,,,,
C,16915,0.041404,0,0,0,,,,
C,16916,0.041258,0,0,0,,,,
C,16917,0.038050,0,0,0,,,,
C,16918,0.037397,0,0,0,,,,
C,16919,0.036108,0,0,0,,,,
C,16920,0.038720,0,0,0,,,,
C,16921,0.036334,0,0,0,,,,
C,16922,0.042310,0,0,0,,,,
C,16923,0.041352,0,0,0,,,,
C,16924,0.042466,0,0,0,,,,
C,16925,0.037513,0,0,0,,,,
C,16926,0.037670,0,0,0,,,,
C,16927,0.041037,0,0,0,,,,
C,16928,0.039234,0,0,0,,,,
C,16929,0.037461,0,0,0,,,,
C,16930,0.038236,0,0,0,,,,
C,16931,0.035570,0,0,0,,,,
C,16932,0.037332,0,0,0,,,,
C,16933,0.040017,0,0,0,,,,
C,16934,0.039588,0,0,0,,,,
C,16935,0.042031,0,0,0,,,,
C,16936,0.040876,0,0,0,,,,
C,16937,0.036657,0,0,0,,,,
C,16938,0.040018,0,0,0,,,,
C,16939,0.037923,0,0,0,,,,
C,16940,0.040898,0,0,0,,,,
C,16941,0.037148,0,0,0,,,,
C,16942,0.052576,0,0,0,,,,
C,16943,0.036416,0,0,0,,,,
C,16944,0.038299,0,0,0,,,,
C,16945,0.037601,0,0,0,,,,
C,16946,0.037494,0,0,0,,,,
C,16947,0.041264,0,0,0,,,,
C,16948,0.038913,0,0,0,,,,
C,16949,0.036679,0,0,0,,,,
C,16950,0.037495,0,0,0,,,,
C,16951,0.039875,0,0,0,,,,
C,16952,0.041923,0,0,0,,,,
C,16953,0.042492,0,0,0,,,,
C,16954,0.039620,0,0,0,,,,
C,16955,0.036130,0,0,0,,,,
C,16956,0.035848,0,0,0,,,,
C,16957,0.035710,0,0,0,,,,
C,16958,0.035358,0,0,0,,,,
C,16959,0.034488,0,0,0,,,,
C,16960,0.033940,0,0,0,,,,
C,16961,0.037131,0,0,0,,,,
C,16962,0.035584,0,0,0,,,,
C,16963,0.035244,0,0,0,,,,
C,16964,0.036116,0,0,0,,,,
C,16965,0.036385,0,0,0,,,,
C,16966,0.035678,0,0,0,,,,
C,16967,0.042587,0,0,0,,,,
C,16968,0.036143,0,0,0,,,,
C,16969,0.038251,0,0,0,,,,
C,16970,0.035064,0,0,0,,,,
C,16971,0.034953,0,0,0,,,,
C,16972,0.034305,0,0,0,,,,
C,16973,0.034870,0,0,0,,,,
C,16974,0.034973,0,0,0,,,,
C,16975,0.035413,0,0,0,,,,
C,16976,0.044653,0,0,0,,,,
C,16977,0.036439,0,0,0,,,,
C,16978,0.042882,0,0,0,,,,
C,16979,0.037815,0,0,0,,,,
C,16980,0.039518,0,0,0,,,,
C,16981,0.040725,0,0,0,,,,
C,16982,0.041290,0,0,0,,,,
C,16983,0.040500,0,0,0,,,,
C,16984,0.049126,0,0,0,,,,
C,16985,0.037002,0,0,0,,,,
C,16986,0.040617,0,0,0,,,,
C,16987,0.038430,0,0,0,,,,
C,16988,0.040467,0,0,0,,,,
C,16989,0.046533,0,0,0,,,,
C,16990,0.036882,0,0,0,,,,
C,16991,0.038035,0,0,0,,,,
C,16992,0.038059,0,0,0,,,,
C,16993,0.044112,0,0,0,,,,
C,16994,0.037618,0,0,0,,,,
C,16995,0.036943,0,0,0,,,,
C,16996,0.036802,0,0,0,,,,
C,16997,0.037903,0,0,0,,,,
C,16998,0.038841,0,0,0,,,,
C,16999,0.048319,0,0,0,,,,
C,17000,0.039300,0,0,0,208.0,1.036e-10,"{'checked': 26, 'zsx_rejected': 6, 'default_rejected': 0, 'closed_form_forced': 0, 'inexact': 9, 'exact_rebuilt': 0, 'best_effort': 0, 'best_effort_worst': 0.0, 'psf_rerouted': 0, 'psf_rerouted_worst_residual': 0.0}",1023
C,17001,0.036918,0,0,0,,,,
C,17002,0.040204,0,0,0,,,,
C,17003,0.036273,0,0,0,,,,
C,17004,0.035811,0,0,0,,,,
C,17005,0.036011,0,0,0,,,,
C,17006,0.035051,0,0,0,,,,
C,17007,0.035765,0,0,0,,,,
C,17008,0.039148,0,0,0,,,,
C,17009,0.045404,0,0,0,,,,
C,17010,0.037803,0,0,0,,,,
C,17011,0.039024,0,0,0,,,,
C,17012,0.038206,0,0,0,,,,
C,17013,0.036385,0,0,0,,,,
C,17014,0.036895,0,0,0,,,,
C,17015,0.040212,0,0,0,,,,
C,17016,0.039629,0,0,0,,,,
C,17017,0.037699,0,0,0,,,,
C,17018,0.037574,0,0,0,,,,
C,17019,0.037475,0,0,0,,,,
C,17020,0.037957,0,0,0,,,,
C,17021,0.037509,0,0,0,,,,
C,17022,0.037761,0,0,0,,,,
C,17023,0.040580,0,0,0,,,,
C,17024,0.038343,0,0,0,,,,
C,17025,0.041507,0,0,0,,,,
C,17026,0.039857,0,0,0,,,,
C,17027,0.038428,0,0,0,,,,
C,17028,0.040986,0,0,0,,,,
C,17029,0.042359,0,0,0,,,,
C,17030,0.042448,0,0,0,,,,
C,17031,0.045802,0,0,0,,,,
C,17032,0.036519,0,0,0,,,,
C,17033,0.038411,0,0,0,,,,
C,17034,0.038513,0,0,0,,,,
C,17035,0.037388,0,0,0,,,,
C,17036,0.036960,0,0,0,,,,
C,17037,0.037665,0,0,0,,,,
C,17038,0.041110,0,0,0,,,,
C,17039,0.038171,0,0,0,,,,
C,17040,0.042400,0,0,0,,,,
C,17041,0.041077,0,0,0,,,,
C,17042,0.038142,0,0,0,,,,
C,17043,0.037637,0,0,0,,,,
C,17044,0.048691,0,0,0,,,,
C,17045,0.038528,0,0,0,,,,
C,17046,0.039177,0,0,0,,,,
C,17047,0.037877,0,0,0,,,,
C,17048,0.035983,0,0,0,,,,
C,17049,0.036014,0,0,0,,,,
C,17050,0.036327,0,0,0,,,,
C,17051,0.036338,0,0,0,,,,
C,17052,0.035895,0,0,0,,,,
C,17053,0.035903,0,0,0,,,,
C,17054,0.039394,0,0,0,,,,
C,17055,0.038297,0,0,0,,,,
C,17056,0.038894,0,0,0,,,,
C,17057,0.045823,0,0,0,,,,
C,17058,0.038136,0,0,0,,,,
C,17059,0.037546,0,0,0,,,,
C,17060,0.043932,0,0,0,,,,
C,17061,0.038356,0,0,0,,,,
C,17062,0.040451,0,0,0,,,,
C,17063,0.040062,0,0,0,,,,
C,17064,0.036313,0,0,0,,,,
C,17065,0.036392,0,0,0,,,,
C,17066,0.039458,0,0,0,,,,
C,17067,0.038982,0,0,0,,,,
C,17068,0.047555,0,0,0,,,,
C,17069,0.037751,0,0,0,,,,
C,17070,0.038459,0,0,0,,,,
C,17071,0.044270,0,0,0,,,,
C,17072,0.036326,0,0,0,,,,
C,17073,0.036258,0,0,0,,,,
C,17074,0.036781,0,0,0,,,,
C,17075,0.036573,0,0,0,,,,
C,17076,0.036718,0,0,0,,,,
C,17077,0.039033,0,0,0,,,,
C,17078,0.037051,0,0,0,,,,
C,17079,0.036948,0,0,0,,,,
C,17080,0.036794,0,0,0,,,,
C,17081,0.036434,0,0,0,,,,
C,17082,0.036245,0,0,0,,,,
C,17083,0.037808,0,0,0,,,,
C,17084,0.040246,0,0,0,,,,
C,17085,0.067262,0,0,0,,,,
C,17086,0.035979,0,0,0,,,,
C,17087,0.036041,0,0,0,,,,
C,17088,0.040971,0,0,0,,,,
C,17089,0.036702,0,0,0,,,,
C,17090,0.039921,0,0,0,,,,
C,17091,0.036268,0,0,0,,,,
C,17092,0.036778,0,0,0,,,,
C,17093,0.035883,0,0,0,,,,
C,17094,0.036297,0,0,0,,,,
C,17095,0.036203,0,0,0,,,,
C,17096,0.035483,0,0,0,,,,
C,17097,0.048027,0,0,0,,,,
C,17098,0.044227,0,0,0,,,,
C,17099,0.044254,0,0,0,,,,
C,17100,0.039062,0,0,0,,,,
C,17101,0.038733,0,0,0,,,,
C,17102,0.037673,0,0,0,,,,
C,17103,0.039634,0,0,0,,,,
C,17104,0.039962,0,0,0,,,,
C,17105,0.036570,0,0,0,,,,
C,17106,0.036727,0,0,0,,,,
C,17107,0.035588,0,0,0,,,,
C,17108,0.040564,0,0,0,,,,
C,17109,0.038680,0,0,0,,,,
C,17110,0.039433,0,0,0,,,,
C,17111,0.036551,0,0,0,,,,
C,17112,0.038596,0,0,0,,,,
C,17113,0.037398,0,0,0,,,,
C,17114,0.047130,0,0,0,,,,
C,17115,0.043013,0,0,0,,,,
C,17116,0.038490,0,0,0,,,,
C,17117,0.036297,0,0,0,,,,
C,17118,0.036112,0,0,0,,,,
C,17119,0.038488,0,0,0,,,,
C,17120,0.038994,0,0,0,,,,
C,17121,0.038600,0,0,0,,,,
C,17122,0.045851,0,0,0,,,,
C,17123,0.041292,0,0,0,,,,
C,17124,0.039847,0,0,0,,,,
C,17125,0.043351,0,0,0,,,,
C,17126,0.038461,0,0,0,,,,
C,17127,0.037301,0,0,0,,,,
C,17128,0.036700,0,0,0,,,,
C,17129,0.037801,0,0,0,,,,
C,17130,0.039748,0,0,0,,,,
C,17131,0.037967,0,0,0,,,,
C,17132,0.049394,0,0,0,,,,
C,17133,0.038845,0,0,0,,,,
C,17134,0.051067,0,0,0,,,,
C,17135,0.038859,0,0,0,,,,
C,17136,0.052160,0,0,0,,,,
C,17137,0.037563,0,0,0,,,,
C,17138,0.038418,0,0,0,,,,
C,17139,0.038676,0,0,0,,,,
C,17140,0.038234,0,0,0,,,,
C,17141,0.036462,0,0,0,,,,
C,17142,0.036863,0,0,0,,,,
C,17143,0.039603,0,0,0,,,,
C,17144,0.041549,0,0,0,,,,
C,17145,0.037954,0,0,0,,,,
C,17146,0.046692,0,0,0,,,,
C,17147,0.040003,0,0,0,,,,
C,17148,0.036835,0,0,0,,,,
C,17149,0.044126,0,0,0,,,,
C,17150,0.038108,0,0,0,,,,
C,17151,0.039918,0,0,0,,,,
C,17152,0.038190,0,0,0,,,,
C,17153,0.039078,0,0,0,,,,
C,17154,0.041110,0,0,0,,,,
C,17155,0.039131,0,0,0,,,,
C,17156,0.038520,0,0,0,,,,
C,17157,0.041473,0,0,0,,,,
C,17158,0.041973,0,0,0,,,,
C,17159,0.040056,0,0,0,,,,
C,17160,0.050951,0,0,0,,,,
C,17161,0.040544,0,0,0,,,,
C,17162,0.042478,0,0,0,,,,
C,17163,0.038625,0,0,0,,,,
C,17164,0.037639,0,0,0,,,,
C,17165,0.041273,0,0,0,,,,
C,17166,0.054758,0,0,0,,,,
C,17167,0.045731,0,0,0,,,,
C,17168,0.043124,0,0,0,,,,
C,17169,0.040402,0,0,0,,,,
C,17170,0.037732,0,0,0,,,,
C,17171,0.039204,0,0,0,,,,
C,17172,0.037978,0,0,0,,,,
C,17173,0.038378,0,0,0,,,,
C,17174,0.037514,0,0,0,,,,
C,17175,0.039598,0,0,0,,,,
C,17176,0.041265,0,0,0,,,,
C,17177,0.045631,0,0,0,,,,
C,17178,0.041962,0,0,0,,,,
C,17179,0.051879,0,0,0,,,,
C,17180,0.042976,0,0,0,,,,
C,17181,0.038088,0,0,0,,,,
C,17182,0.070585,0,0,0,,,,
C,17183,0.047724,0,0,0,,,,
C,17184,0.050358,0,0,0,,,,
C,17185,0.039343,0,0,0,,,,
C,17186,0.040027,0,0,0,,,,
C,17187,0.037653,0,0,0,,,,
C,17188,0.039023,0,0,0,,,,
C,17189,0.038549,0,0,0,,,,
C,17190,0.042622,0,0,0,,,,
C,17191,0.038367,0,0,0,,,,
C,17192,0.048112,0,0,0,,,,
C,17193,0.038585,0,0,0,,,,
C,17194,0.037311,0,0,0,,,,
C,17195,0.045315,0,0,0,,,,
C,17196,0.036611,0,0,0,,,,
C,17197,0.037109,0,0,0,,,,
C,17198,0.043990,0,0,0,,,,
C,17199,0.040868,0,0,0,,,,
C,17200,0.037883,0,0,0,,,,
C,17201,0.038471,0,0,0,,,,
C,17202,0.039276,0,0,0,,,,
C,17203,0.036786,0,0,0,,,,
C,17204,0.037115,0,0,0,,,,
C,17205,0.038214,0,0,0,,,,
C,17206,0.037232,0,0,0,,,,
C,17207,0.036148,0,0,0,,,,
C,17208,0.036736,0,0,0,,,,
C,17209,0.036293,0,0,0,,,,
C,17210,0.038957,0,0,0,,,,
C,17211,0.036455,0,0,0,,,,
C,17212,0.038226,0,0,0,,,,
C,17213,0.041321,0,0,0,,,,
C,17214,0.035500,0,0,0,,,,
C,17215,0.035240,0,0,0,,,,
C,17216,0.036054,0,0,0,,,,
C,17217,0.035294,0,0,0,,,,
C,17218,0.035660,0,0,0,,,,
C,17219,0.035689,0,0,0,,,,
C,17220,0.036102,0,0,0,,,,
C,17221,0.035393,0,0,0,,,,
C,17222,0.035288,0,0,0,,,,
C,17223,0.037346,0,0,0,,,,
C,17224,0.038596,0,0,0,,,,
C,17225,0.037379,0,0,0,,,,
C,17226,0.036865,0,0,0,,,,
C,17227,0.036911,0,0,0,,,,
C,17228,0.038663,0,0,0,,,,
C,17229,0.038090,0,0,0,,,,
C,17230,0.045576,0,0,0,,,,
C,17231,0.036378,0,0,0,,,,
C,17232,0.036010,0,0,0,,,,
C,17233,0.036102,0,0,0,,,,
C,17234,0.036902,0,0,0,,,,
C,17235,0.036097,0,0,0,,,,
C,17236,0.036136,0,0,0,,,,
C,17237,0.035706,0,0,0,,,,
C,17238,0.036630,0,0,0,,,,
C,17239,0.035193,0,0,0,,,,
C,17240,0.035222,0,0,0,,,,
C,17241,0.036765,0,0,0,,,,
C,17242,0.035634,0,0,0,,,,
C,17243,0.035754,0,0,0,,,,
C,17244,0.035713,0,0,0,,,,
C,17245,0.036094,0,0,0,,,,
C,17246,0.036516,0,0,0,,,,
C,17247,0.044774,0,0,0,,,,
C,17248,0.047081,0,0,0,,,,
C,17249,0.041225,0,0,0,,,,
C,17250,0.037077,0,0,0,,,,
C,17251,0.037574,0,0,0,,,,
C,17252,0.036460,0,0,0,,,,
C,17253,0.036233,0,0,0,,,,
C,17254,0.037726,0,0,0,,,,
C,17255,0.036608,0,0,0,,,,
C,17256,0.036720,0,0,0,,,,
C,17257,0.037286,0,0,0,,,,
C,17258,0.037937,0,0,0,,,,
C,17259,0.037958,0,0,0,,,,
C,17260,0.036509,0,0,0,,,,
C,17261,0.036831,0,0,0,,,,
C,17262,0.036559,0,0,0,,,,
C,17263,0.038469,0,0,0,,,,
C,17264,0.041932,0,0,0,,,,
C,17265,0.036741,0,0,0,,,,
C,17266,0.035044,0,0,0,,,,
C,17267,0.035723,0,0,0,,,,
C,17268,0.035582,0,0,0,,,,
C,17269,0.036361,0,0,0,,,,
C,17270,0.035593,0,0,0,,,,
C,17271,0.040847,0,0,0,,,,
C,17272,0.035492,0,0,0,,,,
C,17273,0.034832,0,0,0,,,,
C,17274,0.035399,0,0,0,,,,
C,17275,0.036013,0,0,0,,,,
C,17276,0.035693,0,0,0,,,,
C,17277,0.035764,0,0,0,,,,
C,17278,0.036122,0,0,0,,,,
C,17279,0.035982,0,0,0,,,,
C,17280,0.036387,0,0,0,,,,
C,17281,0.072003,0,0,0,,,,
C,17282,0.035787,0,0,0,,,,
C,17283,0.036370,0,0,0,,,,
C,17284,0.037188,0,0,0,,,,
C,17285,0.043160,0,0,0,,,,
C,17286,0.044459,0,0,0,,,,
C,17287,0.037279,0,0,0,,,,
C,17288,0.038004,0,0,0,,,,
C,17289,0.039905,0,0,0,,,,
C,17290,0.035715,0,0,0,,,,
C,17291,0.041031,0,0,0,,,,
C,17292,0.037348,0,0,0,,,,
C,17293,0.040754,0,0,0,,,,
C,17294,0.038294,0,0,0,,,,
C,17295,0.035427,0,0,0,,,,
C,17296,0.036063,0,0,0,,,,
C,17297,0.035923,0,0,0,,,,
C,17298,0.041239,0,0,0,,,,
C,17299,0.037774,0,0,0,,,,
C,17300,0.034879,0,0,0,,,,
C,17301,0.038034,0,0,0,,,,
C,17302,0.035507,0,0,0,,,,
C,17303,0.036408,0,0,0,,,,
C,17304,0.036927,0,0,0,,,,
C,17305,0.036725,0,0,0,,,,
C,17306,0.035599,0,0,0,,,,
C,17307,0.035412,0,0,0,,,,
C,17308,0.035068,0,0,0,,,,
C,17309,0.036571,0,0,0,,,,
C,17310,0.034944,0,0,0,,,,
C,17311,0.035228,0,0,0,,,,
C,17312,0.035425,0,0,0,,,,
C,17313,0.035101,0,0,0,,,,
C,17314,0.035497,0,0,0,,,,
C,17315,0.036339,0,0,0,,,,
C,17316,0.036482,0,0,0,,,,
C,17317,0.034734,0,0,0,,,,
C,17318,0.035331,0,0,0,,,,
C,17319,0.035007,0,0,0,,,,
C,17320,0.035443,0,0,0,,,,
C,17321,0.036127,0,0,0,,,,
C,17322,0.035958,0,0,0,,,,
C,17323,0.037392,0,0,0,,,,
C,17324,0.035950,0,0,0,,,,
C,17325,0.036036,0,0,0,,,,
C,17326,0.036440,0,0,0,,,,
C,17327,0.038735,0,0,0,,,,
C,17328,0.039071,0,0,0,,,,
C,17329,0.039754,0,0,0,,,,
C,17330,0.037244,0,0,0,,,,
C,17331,0.037869,0,0,0,,,,
C,17332,0.037466,0,0,0,,,,
C,17333,0.037717,0,0,0,,,,
C,17334,0.036657,0,0,0,,,,
C,17335,0.037590,0,0,0,,,,
C,17336,0.036675,0,0,0,,,,
C,17337,0.035931,0,0,0,,,,
C,17338,0.036911,0,0,0,,,,
C,17339,0.037231,0,0,0,,,,
C,17340,0.038738,0,0,0,,,,
C,17341,0.041175,0,0,0,,,,
C,17342,0.037874,0,0,0,,,,
C,17343,0.039190,0,0,0,,,,
C,17344,0.046167,0,0,0,,,,
C,17345,0.037339,0,0,0,,,,
C,17346,0.037218,0,0,0,,,,
C,17347,0.036846,0,0,0,,,,
C,17348,0.037482,0,0,0,,,,
C,17349,0.042105,0,0,0,,,,
C,17350,0.037501,0,0,0,,,,
C,17351,0.036788,0,0,0,,,,
C,17352,0.036943,0,0,0,,,,
C,17353,0.037077,0,0,0,,,,
C,17354,0.037450,0,0,0,,,,
C,17355,0.036151,0,0,0,,,,
C,17356,0.036180,0,0,0,,,,
C,17357,0.036163,0,0,0,,,,
C,17358,0.037213,0,0,0,,,,
C,17359,0.036295,0,0,0,,,,
C,17360,0.036317,0,0,0,,,,
C,17361,0.035495,0,0,0,,,,
C,17362,0.036311,0,0,0,,,,
C,17363,0.035443,0,0,0,,,,
C,17364,0.036538,0,0,0,,,,
C,17365,0.035801,0,0,0,,,,
C,17366,0.035535,0,0,0,,,,
C,17367,0.037078,0,0,0,,,,
C,17368,0.035891,0,0,0,,,,
C,17369,0.035449,0,0,0,,,,
C,17370,0.034760,0,0,0,,,,
C,17371,0.034986,0,0,0,,,,
C,17372,0.036538,0,0,0,,,,
C,17373,0.035247,0,0,0,,,,
C,17374,0.036022,0,0,0,,,,
C,17375,0.035235,0,0,0,,,,
C,17376,0.035813,0,0,0,,,,
C,17377,0.035228,0,0,0,,,,
C,17378,0.036249,0,0,0,,,,
C,17379,0.035420,0,0,0,,,,
C,17380,0.035365,0,0,0,,,,
C,17381,0.034685,0,0,0,,,,
C,17382,0.036122,0,0,0,,,,
C,17383,0.035080,0,0,0,,,,
C,17384,0.034339,0,0,0,,,,
C,17385,0.035772,0,0,0,,,,
C,17386,0.035462,0,0,0,,,,
C,17387,0.035696,0,0,0,,,,
C,17388,0.035321,0,0,0,,,,
C,17389,0.035247,0,0,0,,,,
C,17390,0.039817,0,0,0,,,,
C,17391,0.034410,0,0,0,,,,
C,17392,0.035431,0,0,0,,,,
C,17393,0.035570,0,0,0,,,,
C,17394,0.035246,0,0,0,,,,
C,17395,0.036739,0,0,0,,,,
C,17396,0.035352,0,0,0,,,,
C,17397,0.035143,0,0,0,,,,
C,17398,0.035470,0,0,0,,,,
C,17399,0.034678,0,0,0,,,,
C,17400,0.034936,0,0,0,,,,
C,17401,0.035425,0,0,0,,,,
C,17402,0.035003,0,0,0,,,,
C,17403,0.034677,0,0,0,,,,
C,17404,0.035441,0,0,0,,,,
C,17405,0.035275,0,0,0,,,,
C,17406,0.035458,0,0,0,,,,
C,17407,0.035199,0,0,0,,,,
C,17408,0.034885,0,0,0,,,,
C,17409,0.034714,0,0,0,,,,
C,17410,0.037339,0,0,0,,,,
C,17411,0.035224,0,0,0,,,,
C,17412,0.035440,0,0,0,,,,
C,17413,0.035543,0,0,0,,,,
C,17414,0.035407,0,0,0,,,,
C,17415,0.035489,0,0,0,,,,
C,17416,0.035805,0,0,0,,,,
C,17417,0.037410,0,0,0,,,,
C,17418,0.036344,0,0,0,,,,
C,17419,0.037904,0,0,0,,,,
C,17420,0.038440,0,0,0,,,,
C,17421,0.035653,0,0,0,,,,
C,17422,0.036301,0,0,0,,,,
C,17423,0.035756,0,0,0,,,,
C,17424,0.036087,0,0,0,,,,
C,17425,0.036320,0,0,0,,,,
C,17426,0.037949,0,0,0,,,,
C,17427,0.035752,0,0,0,,,,
C,17428,0.035917,0,0,0,,,,
C,17429,0.036456,0,0,0,,,,
C,17430,0.036090,0,0,0,,,,
C,17431,0.039015,0,0,0,,,,
C,17432,0.036044,0,0,0,,,,
C,17433,0.037562,0,0,0,,,,
C,17434,0.038680,0,0,0,,,,
C,17435,0.037894,0,0,0,,,,
C,17436,0.036839,0,0,0,,,,
C,17437,0.038626,0,0,0,,,,
C,17438,0.037025,0,0,0,,,,
C,17439,0.037112,0,0,0,,,,
C,17440,0.036607,0,0,0,,,,
C,17441,0.036519,0,0,0,,,,
C,17442,0.037464,0,0,0,,,,
C,17443,0.036550,0,0,0,,,,
C,17444,0.035530,0,0,0,,,,
C,17445,0.035713,0,0,0,,,,
C,17446,0.037588,0,0,0,,,,
C,17447,0.036206,0,0,0,,,,
C,17448,0.036402,0,0,0,,,,
C,17449,0.036129,0,0,0,,,,
C,17450,0.034902,0,0,0,,,,
C,17451,0.035671,0,0,0,,,,
C,17452,0.035568,0,0,0,,,,
C,17453,0.037716,0,0,0,,,,
C,17454,0.037416,0,0,0,,,,
C,17455,0.035565,0,0,0,,,,
C,17456,0.039908,0,0,0,,,,
C,17457,0.038291,0,0,0,,,,
C,17458,0.035616,0,0,0,,,,
C,17459,0.036752,0,0,0,,,,
C,17460,0.035012,0,0,0,,,,
C,17461,0.210203,0,0,0,,,,
C,17462,0.039847,0,0,0,,,,
C,17463,0.037059,0,0,0,,,,
C,17464,0.042859,0,0,0,,,,
C,17465,0.038646,0,0,0,,,,
C,17466,0.041481,0,0,0,,,,
C,17467,0.036940,0,0,0,,,,
C,17468,0.038017,0,0,0,,,,
C,17469,0.038132,0,0,0,,,,
C,17470,0.041587,0,0,0,,,,
C,17471,0.043857,0,0,0,,,,
C,17472,0.035516,0,0,0,,,,
C,17473,0.035700,0,0,0,,,,
C,17474,0.035963,0,0,0,,,,
C,17475,0.036370,0,0,0,,,,
C,17476,0.036059,0,0,0,,,,
C,17477,0.036202,0,0,0,,,,
C,17478,0.039897,0,0,0,,,,
C,17479,0.036304,0,0,0,,,,
C,17480,0.036455,0,0,0,,,,
C,17481,0.035435,0,0,0,,,,
C,17482,0.036606,0,0,0,,,,
C,17483,0.035255,0,0,0,,,,
C,17484,0.035689,0,0,0,,,,
C,17485,0.035230,0,0,0,,,,
C,17486,0.039825,0,0,0,,,,
C,17487,0.036935,0,0,0,,,,
C,17488,0.041523,0,0,0,,,,
C,17489,0.041945,0,0,0,,,,
C,17490,0.053562,0,0,0,,,,
C,17491,0.040852,0,0,0,,,,
C,17492,0.037108,0,0,0,,,,
C,17493,0.036717,0,0,0,,,,
C,17494,0.038580,0,0,0,,,,
C,17495,0.037240,0,0,0,,,,
C,17496,0.037774,0,0,0,,,,
C,17497,0.036681,0,0,0,,,,
C,17498,0.036865,0,0,0,,,,
C,17499,0.037128,0,0,0,,,,
C,17500,0.038546,0,0,0,,,,
C,17501,0.039148,0,0,0,,,,
C,17502,0.036878,0,0,0,,,,
C,17503,0.037702,0,0,0,,,,
C,17504,0.037809,0,0,0,,,,
C,17505,0.040042,0,0,0,,,,
C,17506,0.037992,0,0,0,,,,
C,17507,0.036892,0,0,0,,,,
C,17508,0.042493,0,0,0,,,,
C,17509,0.040720,0,0,0,,,,
C,17510,0.039685,0,0,0,,,,
C,17511,0.045786,0,0,0,,,,
C,17512,0.039881,0,0,0,,,,
C,17513,0.044271,0,0,0,,,,
C,17514,0.040809,0,0,0,,,,
C,17515,0.038104,0,0,0,,,,
C,17516,0.041329,0,0,0,,,,
C,17517,0.037155,0,0,0,,,,
C,17518,0.037037,0,0,0,,,,
C,17519,0.038293,0,0,0,,,,
C,17520,0.035570,0,0,0,,,,
C,17521,0.037103,0,0,0,,,,
C,17522,0.037085,0,0,0,,,,
C,17523,0.037373,0,0,0,,,,
C,17524,0.038848,0,0,0,,,,
C,17525,0.039997,0,0,0,,,,
C,17526,0.036484,0,0,0,,,,
C,17527,0.041759,0,0,0,,,,
C,17528,0.037836,0,0,0,,,,
C,17529,0.040397,0,0,0,,,,
C,17530,0.040254,0,0,0,,,,
C,17531,0.043748,0,0,0,,,,
C,17532,0.036853,0,0,0,,,,
C,17533,0.036832,0,0,0,,,,
C,17534,0.042926,0,0,0,,,,
C,17535,0.036617,0,0,0,,,,
C,17536,0.036433,0,0,0,,,,
C,17537,0.036173,0,0,0,,,,
C,17538,0.035977,0,0,0,,,,
C,17539,0.036388,0,0,0,,,,
C,17540,0.036426,0,0,0,,,,
C,17541,0.036667,0,0,0,,,,
C,17542,0.036491,0,0,0,,,,
C,17543,0.036737,0,0,0,,,,
C,17544,0.037184,0,0,0,,,,
C,17545,0.037905,0,0,0,,,,
C,17546,0.037246,0,0,0,,,,
C,17547,0.036466,0,0,0,,,,
C,17548,0.036613,0,0,0,,,,
C,17549,0.037123,0,0,0,,,,
C,17550,0.036952,0,0,0,,,,
C,17551,0.037326,0,0,0,,,,
C,17552,0.037516,0,0,0,,,,
C,17553,0.036292,0,0,0,,,,
C,17554,0.039298,0,0,0,,,,
C,17555,0.040692,0,0,0,,,,
C,17556,0.036335,0,0,0,,,,
C,17557,0.036545,0,0,0,,,,
C,17558,0.035486,0,0,0,,,,
C,17559,0.036170,0,0,0,,,,
C,17560,0.035532,0,0,0,,,,
C,17561,0.036010,0,0,0,,,,
C,17562,0.036104,0,0,0,,,,
C,17563,0.041518,0,0,0,,,,
C,17564,0.045512,0,0,0,,,,
C,17565,0.035678,0,0,0,,,,
C,17566,0.037153,0,0,0,,,,
C,17567,0.037314,0,0,0,,,,
C,17568,0.039340,0,0,0,,,,
C,17569,0.038116,0,0,0,,,,
C,17570,0.037609,0,0,0,,,,
C,17571,0.038229,0,0,0,,,,
C,17572,0.039696,0,0,0,,,,
C,17573,0.035913,0,0,0,,,,
C,17574,0.038605,0,0,0,,,,
C,17575,0.038640,0,0,0,,,,
C,17576,0.038153,0,0,0,,,,
C,17577,0.038462,0,0,0,,,,
C,17578,0.039392,0,0,0,,,,
C,17579,0.037754,0,0,0,,,,
C,17580,0.037258,0,0,0,,,,
C,17581,0.037660,0,0,0,,,,
C,17582,0.036508,0,0,0,,,,
C,17583,0.036285,0,0,0,,,,
C,17584,0.045363,0,0,0,,,,
C,17585,0.039977,0,0,0,,,,
C,17586,0.062947,0,0,0,,,,
C,17587,0.038362,0,0,0,,,,
C,17588,0.035603,0,0,0,,,,
C,17589,0.037183,0,0,0,,,,
C,17590,0.036576,0,0,0,,,,
C,17591,0.036972,0,0,0,,,,
C,17592,0.042523,0,0,0,,,,
C,17593,0.036746,0,0,0,,,,
C,17594,0.035656,0,0,0,,,,
C,17595,0.036777,0,0,0,,,,
C,17596,0.036293,0,0,0,,,,
C,17597,0.037307,0,0,0,,,,
C,17598,0.035959,0,0,0,,,,
C,17599,0.037479,0,0,0,,,,
C,17600,0.036433,0,0,0,,,,
C,17601,0.036350,0,0,0,,,,
C,17602,0.037112,0,0,0,,,,
C,17603,0.037489,0,0,0,,,,
C,17604,0.036304,0,0,0,,,,
C,17605,0.035332,0,0,0,,,,
C,17606,0.035881,0,0,0,,,,
C,17607,0.035769,0,0,0,,,,
C,17608,0.046905,0,0,0,,,,
C,17609,0.038654,0,0,0,,,,
C,17610,0.037802,0,0,0,,,,
C,17611,0.038733,0,0,0,,,,
C,17612,0.040704,0,0,0,,,,
C,17613,0.038732,0,0,0,,,,
C,17614,0.038675,0,0,0,,,,
C,17615,0.037940,0,0,0,,,,
C,17616,0.039245,0,0,0,,,,
C,17617,0.038908,0,0,0,,,,
C,17618,0.034870,0,0,0,,,,
C,17619,0.035490,0,0,0,,,,
C,17620,0.035313,0,0,0,,,,
C,17621,0.037362,0,0,0,,,,
C,17622,0.036699,0,0,0,,,,
C,17623,0.036147,0,0,0,,,,
C,17624,0.036349,0,0,0,,,,
C,17625,0.034816,0,0,0,,,,
C,17626,0.034612,0,0,0,,,,
C,17627,0.035759,0,0,0,,,,
C,17628,0.035862,0,0,0,,,,
C,17629,0.036016,0,0,0,,,,
C,17630,0.036040,0,0,0,,,,
C,17631,0.035281,0,0,0,,,,
C,17632,0.034947,0,0,0,,,,
C,17633,0.035291,0,0,0,,,,
C,17634,0.035555,0,0,0,,,,
C,17635,0.037247,0,0,0,,,,
C,17636,0.037910,0,0,0,,,,
C,17637,0.036596,0,0,0,,,,
C,17638,0.039385,0,0,0,,,,
C,17639,0.035500,0,0,0,,,,
C,17640,0.036777,0,0,0,,,,
C,17641,0.036631,0,0,0,,,,
C,17642,0.038263,0,0,0,,,,
C,17643,0.037369,0,0,0,,,,
C,17644,0.036557,0,0,0,,,,
C,17645,0.036316,0,0,0,,,,
C,17646,0.035489,0,0,0,,,,
C,17647,0.036644,0,0,0,,,,
C,17648,0.038329,0,0,0,,,,
C,17649,0.035884,0,0,0,,,,
C,17650,0.035687,0,0,0,,,,
C,17651,0.035423,0,0,0,,,,
C,17652,0.035467,0,0,0,,,,
C,17653,0.036059,0,0,0,,,,
C,17654,0.036377,0,0,0,,,,
C,17655,0.036245,0,0,0,,,,
C,17656,0.036027,0,0,0,,,,
C,17657,0.035972,0,0,0,,,,
C,17658,0.035660,0,0,0,,,,
C,17659,0.036909,0,0,0,,,,
C,17660,0.037312,0,0,0,,,,
C,17661,0.036066,0,0,0,,,,
C,17662,0.036003,0,0,0,,,,
C,17663,0.036593,0,0,0,,,,
C,17664,0.040731,0,0,0,,,,
C,17665,0.036167,0,0,0,,,,
C,17666,0.039778,0,0,0,,,,
C,17667,0.038332,0,0,0,,,,
C,17668,0.046834,0,0,0,,,,
C,17669,0.040458,0,0,0,,,,
C,17670,0.040121,0,0,0,,,,
C,17671,0.048159,0,0,0,,,,
C,17672,0.043841,0,0,0,,,,
C,17673,0.037585,0,0,0,,,,
C,17674,0.035918,0,0,0,,,,
C,17675,0.036176,0,0,0,,,,
C,17676,0.036216,0,0,0,,,,
C,17677,0.036722,0,0,0,,,,
C,17678,0.036856,0,0,0,,,,
C,17679,0.036860,0,0,0,,,,
C,17680,0.036931,0,0,0,,,,
C,17681,0.037723,0,0,0,,,,
C,17682,0.037366,0,0,0,,,,
C,17683,0.037315,0,0,0,,,,
C,17684,0.037574,0,0,0,,,,
C,17685,0.036628,0,0,0,,,,
C,17686,0.036277,0,0,0,,,,
C,17687,0.036320,0,0,0,,,,
C,17688,0.037740,0,0,0,,,,
C,17689,0.037485,0,0,0,,,,
C,17690,0.041065,0,0,0,,,,
C,17691,0.043566,0,0,0,,,,
C,17692,0.035467,0,0,0,,,,
C,17693,0.036275,0,0,0,,,,
C,17694,0.037173,0,0,0,,,,
C,17695,0.037438,0,0,0,,,,
C,17696,0.036871,0,0,0,,,,
C,17697,0.036872,0,0,0,,,,
C,17698,0.038058,0,0,0,,,,
C,17699,0.037445,0,0,0,,,,
C,17700,0.036372,0,0,0,,,,
C,17701,0.036564,0,0,0,,,,
C,17702,0.037277,0,0,0,,,,
C,17703,0.036111,0,0,0,,,,
C,17704,0.036076,0,0,0,,,,
C,17705,0.036039,0,0,0,,,,
C,17706,0.036923,0,0,0,,,,
C,17707,0.036772,0,0,0,,,,
C,17708,0.036682,0,0,0,,,,
C,17709,0.036431,0,0,0,,,,
C,17710,0.037314,0,0,0,,,,
C,17711,0.036918,0,0,0,,,,
C,17712,0.037092,0,0,0,,,,
C,17713,0.036235,0,0,0,,,,
C,17714,0.035775,0,0,0,,,,
C,17715,0.037121,0,0,0,,,,
C,17716,0.036553,0,0,0,,,,
C,17717,0.036889,0,0,0,,,,
C,17718,0.037439,0,0,0,,,,
C,17719,0.036909,0,0,0,,,,
C,17720,0.036580,0,0,0,,,,
C,17721,0.036653,0,0,0,,,,
C,17722,0.036319,0,0,0,,,,
C,17723,0.036728,0,0,0,,,,
C,17724,0.035476,0,0,0,,,,
C,17725,0.035239,0,0,0,,,,
C,17726,0.035591,0,0,0,,,,
C,17727,0.035688,0,0,0,,,,
C,17728,0.035679,0,0,0,,,,
C,17729,0.035226,0,0,0,,,,
C,17730,0.035568,0,0,0,,,,
C,17731,0.035504,0,0,0,,,,
C,17732,0.034764,0,0,0,,,,
C,17733,0.035809,0,0,0,,,,
C,17734,0.034465,0,0,0,,,,
C,17735,0.034369,0,0,0,,,,
C,17736,0.034359,0,0,0,,,,
C,17737,0.034643,0,0,0,,,,
C,17738,0.035979,0,0,0,,,,
C,17739,0.034650,0,0,0,,,,
C,17740,0.034906,0,0,0,,,,
C,17741,0.034264,0,0,0,,,,
C,17742,0.034037,0,0,0,,,,
C,17743,0.033871,0,0,0,,,,
C,17744,0.035045,0,0,0,,,,
C,17745,0.034663,0,0,0,,,,
C,17746,0.034073,0,0,0,,,,
C,17747,0.037077,0,0,0,,,,
C,17748,0.036561,0,0,0,,,,
C,17749,0.035807,0,0,0,,,,
C,17750,0.040582,0,0,0,,,,
C,17751,0.043462,0,0,0,,,,
C,17752,0.037323,0,0,0,,,,
C,17753,0.037222,0,0,0,,,,
C,17754,0.040861,0,0,0,,,,
C,17755,0.047477,0,0,0,,,,
C,17756,0.038630,0,0,0,,,,
C,17757,0.035696,0,0,0,,,,
C,17758,0.035739,0,0,0,,,,
C,17759,0.036019,0,0,0,,,,
C,17760,0.040066,0,0,0,,,,
C,17761,0.042166,0,0,0,,,,
C,17762,0.042574,0,0,0,,,,
C,17763,0.042793,0,0,0,,,,
C,17764,0.037320,0,0,0,,,,
C,17765,0.039319,0,0,0,,,,
C,17766,0.037668,0,0,0,,,,
C,17767,0.040635,0,0,0,,,,
C,17768,0.044397,0,0,0,,,,
C,17769,0.041535,0,0,0,,,,
C,17770,0.037753,0,0,0,,,,
C,17771,0.038849,0,0,0,,,,
C,17772,0.035170,0,0,0,,,,
C,17773,0.037162,0,0,0,,,,
C,17774,0.035435,0,0,0,,,,
C,17775,0.037526,0,0,0,,,,
C,17776,0.035368,0,0,0,,,,
C,17777,0.034864,0,0,0,,,,
C,17778,0.035031,0,0,0,,,,
C,17779,0.036025,0,0,0,,,,
C,17780,0.035667,0,0,0,,,,
C,17781,0.035444,0,0,0,,,,
C,17782,0.035373,0,0,0,,,,
C,17783,0.039240,0,0,0,,,,
C,17784,0.036088,0,0,0,,,,
C,17785,0.039571,0,0,0,,,,
C,17786,0.039177,0,0,0,,,,
C,17787,0.037386,0,0,0,,,,
C,17788,0.037550,0,0,0,,,,
C,17789,0.038591,0,0,0,,,,
C,17790,0.037181,0,0,0,,,,
C,17791,0.035784,0,0,0,,,,
C,17792,0.036627,0,0,0,,,,
C,17793,0.041639,0,0,0,,,,
C,17794,0.037557,0,0,0,,,,
C,17795,0.037279,0,0,0,,,,
C,17796,0.036317,0,0,0,,,,
C,17797,0.046436,0,0,0,,,,
C,17798,0.034895,0,0,0,,,,
C,17799,0.035605,0,0,0,,,,
C,17800,0.036275,0,0,0,,,,
C,17801,0.037497,0,0,0,,,,
C,17802,0.036348,0,0,0,,,,
C,17803,0.035924,0,0,0,,,,
C,17804,0.036504,0,0,0,,,,
C,17805,0.036712,0,0,0,,,,
C,17806,0.036555,0,0,0,,,,
C,17807,0.036617,0,0,0,,,,
C,17808,0.043439,0,0,0,,,,
C,17809,0.042063,0,0,0,,,,
C,17810,0.036046,0,0,0,,,,
C,17811,0.036210,0,0,0,,,,
C,17812,0.036299,0,0,0,,,,
C,17813,0.041658,0,0,0,,,,
C,17814,0.035965,0,0,0,,,,
C,17815,0.036227,0,0,0,,,,
C,17816,0.036132,0,0,0,,,,
C,17817,0.056113,0,0,0,,,,
C,17818,0.041192,0,0,0,,,,
C,17819,0.036107,0,0,0,,,,
C,17820,0.036689,0,0,0,,,,
C,17821,0.043553,0,0,0,,,,
C,17822,0.049516,0,0,0,,,,
C,17823,0.038473,0,0,0,,,,
C,17824,0.035637,0,0,0,,,,
C,17825,0.036005,0,0,0,,,,
C,17826,0.038382,0,0,0,,,,
C,17827,0.038458,0,0,0,,,,
C,17828,0.035980,0,0,0,,,,
C,17829,0.039353,0,0,0,,,,
C,17830,0.040268,0,0,0,,,,
C,17831,0.037641,0,0,0,,,,
C,17832,0.035189,0,0,0,,,,
C,17833,0.037010,0,0,0,,,,
C,17834,0.036163,0,0,0,,,,
C,17835,0.035873,0,0,0,,,,
C,17836,0.037346,0,0,0,,,,
C,17837,0.038081,0,0,0,,,,
C,17838,0.037792,0,0,0,,,,
C,17839,0.035108,0,0,0,,,,
C,17840,0.036433,0,0,0,,,,
C,17841,0.034841,0,0,0,,,,
C,17842,0.034088,0,0,0,,,,
C,17843,0.035634,0,0,0,,,,
C,17844,0.035288,0,0,0,,,,
C,17845,0.038353,0,0,0,,,,
C,17846,0.038465,0,0,0,,,,
C,17847,0.035186,0,0,0,,,,
C,17848,0.035614,0,0,0,,,,
C,17849,0.035295,0,0,0,,,,
C,17850,0.035460,0,0,0,,,,
C,17851,0.041509,0,0,0,,,,
C,17852,0.035353,0,0,0,,,,
C,17853,0.034478,0,0,0,,,,
C,17854,0.034611,0,0,0,,,,
C,17855,0.034802,0,0,0,,,,
C,17856,0.035014,0,0,0,,,,
C,17857,0.035614,0,0,0,,,,
C,17858,0.034748,0,0,0,,,,
C,17859,0.034940,0,0,0,,,,
C,17860,0.034617,0,0,0,,,,
C,17861,0.035601,0,0,0,,,,
C,17862,0.036073,0,0,0,,,,
C,17863,0.037117,0,0,0,,,,
C,17864,0.034894,0,0,0,,,,
C,17865,0.034693,0,0,0,,,,
C,17866,0.034837,0,0,0,,,,
C,17867,0.034893,0,0,0,,,,
C,17868,0.036022,0,0,0,,,,
C,17869,0.036752,0,0,0,,,,
C,17870,0.036494,0,0,0,,,,
C,17871,0.036241,0,0,0,,,,
C,17872,0.036908,0,0,0,,,,
C,17873,0.034890,0,0,0,,,,
C,17874,0.034725,0,0,0,,,,
C,17875,0.035412,0,0,0,,,,
C,17876,0.035176,0,0,0,,,,
C,17877,0.035449,0,0,0,,,,
C,17878,0.034727,0,0,0,,,,
C,17879,0.036239,0,0,0,,,,
C,17880,0.035918,0,0,0,,,,
C,17881,0.036639,0,0,0,,,,
C,17882,0.038737,0,0,0,,,,
C,17883,0.035852,0,0,0,,,,
C,17884,0.035205,0,0,0,,,,
C,17885,0.034976,0,0,0,,,,
C,17886,0.036601,0,0,0,,,,
C,17887,0.036327,0,0,0,,,,
C,17888,0.035730,0,0,0,,,,
C,17889,0.038269,0,0,0,,,,
C,17890,0.035890,0,0,0,,,,
C,17891,0.034658,0,0,0,,,,
C,17892,0.034655,0,0,0,,,,
C,17893,0.035667,0,0,0,,,,
C,17894,0.036569,0,0,0,,,,
C,17895,0.035327,0,0,0,,,,
C,17896,0.035235,0,0,0,,,,
C,17897,0.035329,0,0,0,,,,
C,17898,0.036006,0,0,0,,,,
C,17899,0.036325,0,0,0,,,,
C,17900,0.036072,0,0,0,,,,
C,17901,0.036307,0,0,0,,,,
C,17902,0.035882,0,0,0,,,,
C,17903,0.036038,0,0,0,,,,
C,17904,0.036585,0,0,0,,,,
C,17905,0.036398,0,0,0,,,,
C,17906,0.036609,0,0,0,,,,
C,17907,0.035937,0,0,0,,,,
C,17908,0.035873,0,0,0,,,,
C,17909,0.035844,0,0,0,,,,
C,17910,0.035638,0,0,0,,,,
C,17911,0.036271,0,0,0,,,,
C,17912,0.035942,0,0,0,,,,
C,17913,0.036031,0,0,0,,,,
C,17914,0.035792,0,0,0,,,,
C,17915,0.035524,0,0,0,,,,
C,17916,0.035893,0,0,0,,,,
C,17917,0.036218,0,0,0,,,,
C,17918,0.035616,0,0,0,,,,
C,17919,0.035997,0,0,0,,,,
C,17920,0.036009,0,0,0,,,,
C,17921,0.037029,0,0,0,,,,
C,17922,0.036325,0,0,0,,,,
C,17923,0.043789,0,0,0,,,,
C,17924,0.035941,0,0,0,,,,
C,17925,0.036727,0,0,0,,,,
C,17926,0.036027,0,0,0,,,,
C,17927,0.037102,0,0,0,,,,
C,17928,0.035571,0,0,0,,,,
C,17929,0.036950,0,0,0,,,,
C,17930,0.036638,0,0,0,,,,
C,17931,0.034760,0,0,0,,,,
C,17932,0.035651,0,0,0,,,,
C,17933,0.035286,0,0,0,,,,
C,17934,0.035886,0,0,0,,,,
C,17935,0.035968,0,0,0,,,,
C,17936,0.035550,0,0,0,,,,
C,17937,0.035534,0,0,0,,,,
C,17938,0.036223,0,0,0,,,,
C,17939,0.038111,0,0,0,,,,
C,17940,0.037602,0,0,0,,,,
C,17941,0.036864,0,0,0,,,,
C,17942,0.036983,0,0,0,,,,
C,17943,0.038018,0,0,0,,,,
C,17944,0.036701,0,0,0,,,,
C,17945,0.036367,0,0,0,,,,
C,17946,0.036680,0,0,0,,,,
C,17947,0.035658,0,0,0,,,,
C,17948,0.035861,0,0,0,,,,
C,17949,0.036976,0,0,0,,,,
C,17950,0.037120,0,0,0,,,,
C,17951,0.036749,0,0,0,,,,
C,17952,0.036809,0,0,0,,,,
C,17953,0.036495,0,0,0,,,,
C,17954,0.036360,0,0,0,,,,
C,17955,0.035844,0,0,0,,,,
C,17956,0.038226,0,0,0,,,,
C,17957,0.037360,0,0,0,,,,
C,17958,0.037255,0,0,0,,,,
C,17959,0.036273,0,0,0,,,,
C,17960,0.039387,0,0,0,,,,
C,17961,0.037306,0,0,0,,,,
C,17962,0.037841,0,0,0,,,,
C,17963,0.036967,0,0,0,,,,
C,17964,0.036244,0,0,0,,,,
C,17965,0.036847,0,0,0,,,,
C,17966,0.036458,0,0,0,,,,
C,17967,0.037137,0,0,0,,,,
C,17968,0.036653,0,0,0,,,,
C,17969,0.039509,0,0,0,,,,
C,17970,0.035355,0,0,0,,,,
C,17971,0.035800,0,0,0,,,,
C,17972,0.036149,0,0,0,,,,
C,17973,0.036240,0,0,0,,,,
C,17974,0.035885,0,0,0,,,,
C,17975,0.035214,0,0,0,,,,
C,17976,0.035441,0,0,0,,,,
C,17977,0.035765,0,0,0,,,,
C,17978,0.036274,0,0,0,,,,
C,17979,0.035059,0,0,0,,,,
C,17980,0.035349,0,0,0,,,,
C,17981,0.034505,0,0,0,,,,
C,17982,0.037169,0,0,0,,,,
C,17983,0.036189,0,0,0,,,,
C,17984,0.036570,0,0,0,,,,
C,17985,0.035944,0,0,0,,,,
C,17986,0.034981,0,0,0,,,,
C,17987,0.037936,0,0,0,,,,
C,17988,0.035075,0,0,0,,,,
C,17989,0.035129,0,0,0,,,,
C,17990,0.035608,0,0,0,,,,
C,17991,0.035290,0,0,0,,,,
C,17992,0.034856,0,0,0,,,,
C,17993,0.035994,0,0,0,,,,
C,17994,0.035724,0,0,0,,,,
C,17995,0.035505,0,0,0,,,,
C,17996,0.036150,0,0,0,,,,
C,17997,0.036353,0,0,0,,,,
C,17998,0.036076,0,0,0,,,,
C,17999,0.035402,0,0,0,,,,
C,18000,0.035167,0,0,0,206.5,1.097e-10,"{'checked': 26, 'zsx_rejected': 6, 'default_rejected': 0, 'closed_form_forced': 0, 'inexact': 9, 'exact_rebuilt': 0, 'best_effort': 0, 'best_effort_worst': 0.0, 'psf_rerouted': 0, 'psf_rerouted_worst_residual': 0.0}",1082
C,18001,0.036643,0,0,0,,,,
C,18002,0.039564,0,0,0,,,,
C,18003,0.041146,0,0,0,,,,
C,18004,0.037892,0,0,0,,,,
C,18005,0.062721,0,0,0,,,,
C,18006,0.046235,0,0,0,,,,
C,18007,0.043348,0,0,0,,,,
C,18008,0.037949,0,0,0,,,,
C,18009,0.037312,0,0,0,,,,
C,18010,0.038197,0,0,0,,,,
C,18011,0.037829,0,0,0,,,,
C,18012,0.051717,0,0,0,,,,
C,18013,0.056413,0,0,0,,,,
C,18014,0.036146,0,0,0,,,,
C,18015,0.038284,0,0,0,,,,
C,18016,0.038046,0,0,0,,,,
C,18017,0.039117,0,0,0,,,,
C,18018,0.039561,0,0,0,,,,
C,18019,0.037490,0,0,0,,,,
C,18020,0.036341,0,0,0,,,,
C,18021,0.036663,0,0,0,,,,
C,18022,0.042747,0,0,0,,,,
C,18023,0.036417,0,0,0,,,,
C,18024,0.037701,0,0,0,,,,
C,18025,0.039236,0,0,0,,,,
C,18026,0.038500,0,0,0,,,,
C,18027,0.040862,0,0,0,,,,
C,18028,0.055779,0,0,0,,,,
C,18029,0.039084,0,0,0,,,,
C,18030,0.043894,0,0,0,,,,
C,18031,0.063066,0,0,0,,,,
C,18032,0.037530,0,0,0,,,,
C,18033,0.055124,0,0,0,,,,
C,18034,0.038252,0,0,0,,,,
C,18035,0.037279,0,0,0,,,,
C,18036,0.037352,0,0,0,,,,
C,18037,0.041018,0,0,0,,,,
C,18038,0.037327,0,0,0,,,,
C,18039,0.039380,0,0,0,,,,
C,18040,0.036133,0,0,0,,,,
C,18041,0.038221,0,0,0,,,,
C,18042,0.037242,0,0,0,,,,
C,18043,0.038375,0,0,0,,,,
C,18044,0.035908,0,0,0,,,,
C,18045,0.035989,0,0,0,,,,
C,18046,0.036670,0,0,0,,,,
C,18047,0.036044,0,0,0,,,,
C,18048,0.036216,0,0,0,,,,
C,18049,0.037422,0,0,0,,,,
C,18050,0.037526,0,0,0,,,,
C,18051,0.036517,0,0,0,,,,
C,18052,0.039579,0,0,0,,,,
C,18053,0.035349,0,0,0,,,,
C,18054,0.035784,0,0,0,,,,
C,18055,0.034774,0,0,0,,,,
C,18056,0.042331,0,0,0,,,,
C,18057,0.035537,0,0,0,,,,
C,18058,0.036110,0,0,0,,,,
C,18059,0.038218,0,0,0,,,,
C,18060,0.036336,0,0,0,,,,
C,18061,0.038583,0,0,0,,,,
C,18062,0.037152,0,0,0,,,,
C,18063,0.035712,0,0,0,,,,
C,18064,0.035648,0,0,0,,,,
C,18065,0.035457,0,0,0,,,,
C,18066,0.037623,0,0,0,,,,
C,18067,0.036781,0,0,0,,,,
C,18068,0.038061,0,0,0,,,,
C,18069,0.041053,0,0,0,,,,
C,18070,0.036322,0,0,0,,,,
C,18071,0.035003,0,0,0,,,,
C,18072,0.035064,0,0,0,,,,
C,18073,0.035150,0,0,0,,,,
C,18074,0.037173,0,0,0,,,,
C,18075,0.035771,0,0,0,,,,
C,18076,0.035890,0,0,0,,,,
C,18077,0.036062,0,0,0,,,,
C,18078,0.035772,0,0,0,,,,
C,18079,0.034868,0,0,0,,,,
C,18080,0.035349,0,0,0,,,,
C,18081,0.035261,0,0,0,,,,
C,18082,0.036029,0,0,0,,,,
C,18083,0.035778,0,0,0,,,,
C,18084,0.036940,0,0,0,,,,
C,18085,0.037440,0,0,0,,,,
C,18086,0.036587,0,0,0,,,,
C,18087,0.035680,0,0,0,,,,
C,18088,0.034893,0,0,0,,,,
C,18089,0.036656,0,0,0,,,,
C,18090,0.038033,0,0,0,,,,
C,18091,0.039171,0,0,0,,,,
C,18092,0.037070,0,0,0,,,,
C,18093,0.035673,0,0,0,,,,
C,18094,0.036852,0,0,0,,,,
C,18095,0.043980,0,0,0,,,,
C,18096,0.034943,0,0,0,,,,
C,18097,0.034517,0,0,0,,,,
C,18098,0.034552,0,0,0,,,,
C,18099,0.034244,0,0,0,,,,
C,18100,0.034568,0,0,0,,,,
C,18101,0.035030,0,0,0,,,,
C,18102,0.035034,0,0,0,,,,
C,18103,0.034903,0,0,0,,,,
C,18104,0.035770,0,0,0,,,,
C,18105,0.035902,0,0,0,,,,
C,18106,0.035845,0,0,0,,,,
C,18107,0.035922,0,0,0,,,,
C,18108,0.036775,0,0,0,,,,
C,18109,0.037080,0,0,0,,,,
C,18110,0.036473,0,0,0,,,,
C,18111,0.035244,0,0,0,,,,
C,18112,0.036318,0,0,0,,,,
C,18113,0.035464,0,0,0,,,,
C,18114,0.035120,0,0,0,,,,
C,18115,0.035501,0,0,0,,,,
C,18116,0.035253,0,0,0,,,,
C,18117,0.036010,0,0,0,,,,
C,18118,0.034358,0,0,0,,,,
C,18119,0.035445,0,0,0,,,,
C,18120,0.036486,0,0,0,,,,
C,18121,0.035012,0,0,0,,,,
C,18122,0.034810,0,0,0,,,,
C,18123,0.035308,0,0,0,,,,
C,18124,0.034757,0,0,0,,,,
C,18125,0.034338,0,0,0,,,,
C,18126,0.035961,0,0,0,,,,
C,18127,0.036226,0,0,0,,,,
C,18128,0.035453,0,0,0,,,,
C,18129,0.035346,0,0,0,,,,
C,18130,0.035508,0,0,0,,,,
C,18131,0.035527,0,0,0,,,,
C,18132,0.035234,0,0,0,,,,
C,18133,0.034813,0,0,0,,,,
C,18134,0.035130,0,0,0,,,,
C,18135,0.035264,0,0,0,,,,
C,18136,0.034417,0,0,0,,,,
C,18137,0.034480,0,0,0,,,,
C,18138,0.043905,0,0,0,,,,
C,18139,0.035461,0,0,0,,,,
C,18140,0.034789,0,0,0,,,,
C,18141,0.033827,0,0,0,,,,
C,18142,0.034510,0,0,0,,,,
C,18143,0.036403,0,0,0,,,,
C,18144,0.039929,0,0,0,,,,
C,18145,0.040630,0,0,0,,,,
C,18146,0.035959,0,0,0,,,,
C,18147,0.034752,0,0,0,,,,
C,18148,0.035167,0,0,0,,,,
C,18149,0.034344,0,0,0,,,,
C,18150,0.035998,0,0,0,,,,
C,18151,0.036014,0,0,0,,,,
C,18152,0.036679,0,0,0,,,,
C,18153,0.042272,0,0,0,,,,
C,18154,0.033768,0,0,0,,,,
C,18155,0.034202,0,0,0,,,,
C,18156,0.034544,0,0,0,,,,
C,18157,0.034169,0,0,0,,,,
C,18158,0.034189,0,0,0,,,,
C,18159,0.034153,0,0,0,,,,
C,18160,0.035752,0,0,0,,,,
C,18161,0.035317,0,0,0,,,,
C,18162,0.037070,0,0,0,,,,
C,18163,0.035314,0,0,0,,,,
C,18164,0.035848,0,0,0,,,,
C,18165,0.038258,0,0,0,,,,
C,18166,0.037985,0,0,0,,,,
C,18167,0.037798,0,0,0,,,,
C,18168,0.036863,0,0,0,,,,
C,18169,0.035816,0,0,0,,,,
C,18170,0.035237,0,0,0,,,,
C,18171,0.035720,0,0,0,,,,
C,18172,0.035643,0,0,0,,,,
C,18173,0.036044,0,0,0,,,,
C,18174,0.035309,0,0,0,,,,
C,18175,0.035845,0,0,0,,,,
C,18176,0.035671,0,0,0,,,,
C,18177,0.036108,0,0,0,,,,
C,18178,0.035358,0,0,0,,,,
C,18179,0.035563,0,0,0,,,,
C,18180,0.037021,0,0,0,,,,
C,18181,0.036128,0,0,0,,,,
C,18182,0.039435,0,0,0,,,,
C,18183,0.043880,0,0,0,,,,
C,18184,0.042587,0,0,0,,,,
C,18185,0.038677,0,0,0,,,,
C,18186,0.040978,0,0,0,,,,
C,18187,0.043055,0,0,0,,,,
C,18188,0.038152,0,0,0,,,,
C,18189,0.043524,0,0,0,,,,
C,18190,0.037460,0,0,0,,,,
C,18191,0.040059,0,0,0,,,,
C,18192,0.036585,0,0,0,,,,
C,18193,0.036745,0,0,0,,,,
C,18194,0.041172,0,0,0,,,,
C,18195,0.036265,0,0,0,,,,
C,18196,0.038123,0,0,0,,,,
C,18197,0.035478,0,0,0,,,,
C,18198,0.037924,0,0,0,,,,
C,18199,0.041014,0,0,0,,,,
C,18200,0.036986,0,0,0,,,,
C,18201,0.035325,0,0,0,,,,
C,18202,0.035992,0,0,0,,,,
C,18203,0.036092,0,0,0,,,,
C,18204,0.041595,0,0,0,,,,
C,18205,0.035867,0,0,0,,,,
C,18206,0.034710,0,0,0,,,,
C,18207,0.034994,0,0,0,,,,
C,18208,0.035900,0,0,0,,,,
C,18209,0.036601,0,0,0,,,,
C,18210,0.036658,0,0,0,,,,
C,18211,0.041029,0,0,0,,,,
C,18212,0.035587,0,0,0,,,,
C,18213,0.036980,0,0,0,,,,
C,18214,0.035256,0,0,0,,,,
C,18215,0.037342,0,0,0,,,,
C,18216,0.036718,0,0,0,,,,
C,18217,0.036223,0,0,0,,,,
C,18218,0.035996,0,0,0,,,,
C,18219,0.035019,0,0,0,,,,
C,18220,0.035749,0,0,0,,,,
C,18221,0.035338,0,0,0,,,,
C,18222,0.038604,0,0,0,,,,
C,18223,0.035237,0,0,0,,,,
C,18224,0.034988,0,0,0,,,,
C,18225,0.035147,0,0,0,,,,
C,18226,0.036091,0,0,0,,,,
C,18227,0.035991,0,0,0,,,,
C,18228,0.035882,0,0,0,,,,
C,18229,0.036036,0,0,0,,,,
C,18230,0.035555,0,0,0,,,,
C,18231,0.036286,0,0,0,,,,
C,18232,0.036648,0,0,0,,,,
C,18233,0.035302,0,0,0,,,,
C,18234,0.035258,0,0,0,,,,
C,18235,0.037822,0,0,0,,,,
C,18236,0.037207,0,0,0,,,,
C,18237,0.038756,0,0,0,,,,
C,18238,0.036656,0,0,0,,,,
C,18239,0.038779,0,0,0,,,,
C,18240,0.036948,0,0,0,,,,
C,18241,0.038039,0,0,0,,,,
C,18242,0.037717,0,0,0,,,,
C,18243,0.036845,0,0,0,,,,
C,18244,0.037651,0,0,0,,,,
C,18245,0.037214,0,0,0,,,,
C,18246,0.037017,0,0,0,,,,
C,18247,0.036921,0,0,0,,,,
C,18248,0.037525,0,0,0,,,,
C,18249,0.037461,0,0,0,,,,
C,18250,0.036104,0,0,0,,,,
C,18251,0.037185,0,0,0,,,,
C,18252,0.037272,0,0,0,,,,
C,18253,0.041900,0,0,0,,,,
C,18254,0.035902,0,0,0,,,,
C,18255,0.035051,0,0,0,,,,
C,18256,0.036726,0,0,0,,,,
C,18257,0.035834,0,0,0,,,,
C,18258,0.035398,0,0,0,,,,
C,18259,0.036620,0,0,0,,,,
C,18260,0.035213,0,0,0,,,,
C,18261,0.036782,0,0,0,,,,
C,18262,0.035754,0,0,0,,,,
C,18263,0.036573,0,0,0,,,,
C,18264,0.040720,0,0,0,,,,
C,18265,0.039259,0,0,0,,,,
C,18266,0.035462,0,0,0,,,,
C,18267,0.035878,0,0,0,,,,
C,18268,0.036220,0,0,0,,,,
C,18269,0.039039,0,0,0,,,,
C,18270,0.040446,0,0,0,,,,
C,18271,0.035684,0,0,0,,,,
C,18272,0.035701,0,0,0,,,,
C,18273,0.036006,0,0,0,,,,
C,18274,0.036008,0,0,0,,,,
C,18275,0.035918,0,0,0,,,,
C,18276,0.037369,0,0,0,,,,
C,18277,0.035308,0,0,0,,,,
C,18278,0.036192,0,0,0,,,,
C,18279,0.035221,0,0,0,,,,
C,18280,0.038082,0,0,0,,,,
C,18281,0.041770,0,0,0,,,,
C,18282,0.037739,0,0,0,,,,
C,18283,0.036840,0,0,0,,,,
C,18284,0.036594,0,0,0,,,,
C,18285,0.035758,0,0,0,,,,
C,18286,0.036093,0,0,0,,,,
C,18287,0.038595,0,0,0,,,,
C,18288,0.035791,0,0,0,,,,
C,18289,0.035656,0,0,0,,,,
C,18290,0.035886,0,0,0,,,,
C,18291,0.035385,0,0,0,,,,
C,18292,0.036067,0,0,0,,,,
C,18293,0.035588,0,0,0,,,,
C,18294,0.034984,0,0,0,,,,
C,18295,0.035619,0,0,0,,,,
C,18296,0.035326,0,0,0,,,,
C,18297,0.035076,0,0,0,,,,
C,18298,0.035122,0,0,0,,,,
C,18299,0.035061,0,0,0,,,,
C,18300,0.036632,0,0,0,,,,
C,18301,0.035386,0,0,0,,,,
C,18302,0.035445,0,0,0,,,,
C,18303,0.037268,0,0,0,,,,
C,18304,0.035940,0,0,0,,,,
C,18305,0.036579,0,0,0,,,,
C,18306,0.035515,0,0,0,,,,
C,18307,0.035641,0,0,0,,,,
C,18308,0.035214,0,0,0,,,,
C,18309,0.035678,0,0,0,,,,
C,18310,0.035984,0,0,0,,,,
C,18311,0.035777,0,0,0,,,,
C,18312,0.035517,0,0,0,,,,
C,18313,0.035861,0,0,0,,,,
C,18314,0.035401,0,0,0,,,,
C,18315,0.037696,0,0,0,,,,
C,18316,0.037405,0,0,0,,,,
C,18317,0.036182,0,0,0,,,,
C,18318,0.037064,0,0,0,,,,
C,18319,0.037203,0,0,0,,,,
C,18320,0.035261,0,0,0,,,,
C,18321,0.035210,0,0,0,,,,
C,18322,0.035813,0,0,0,,,,
C,18323,0.036806,0,0,0,,,,
C,18324,0.035301,0,0,0,,,,
C,18325,0.035095,0,0,0,,,,
C,18326,0.035163,0,0,0,,,,
C,18327,0.034872,0,0,0,,,,
C,18328,0.035306,0,0,0,,,,
C,18329,0.034749,0,0,0,,,,
C,18330,0.035127,0,0,0,,,,
C,18331,0.036135,0,0,0,,,,
C,18332,0.034821,0,0,0,,,,
C,18333,0.035831,0,0,0,,,,
C,18334,0.035559,0,0,0,,,,
C,18335,0.040667,0,0,0,,,,
C,18336,0.039262,0,0,0,,,,
C,18337,0.037967,0,0,0,,,,
C,18338,0.039105,0,0,0,,,,
C,18339,0.066203,0,0,0,,,,
C,18340,0.037421,0,0,0,,,,
C,18341,0.036648,0,0,0,,,,
C,18342,0.035009,0,0,0,,,,
C,18343,0.037011,0,0,0,,,,
C,18344,0.035971,0,0,0,,,,
C,18345,0.038138,0,0,0,,,,
C,18346,0.037709,0,0,0,,,,
C,18347,0.042582,0,0,0,,,,
C,18348,0.036391,0,0,0,,,,
C,18349,0.035703,0,0,0,,,,
C,18350,0.038932,0,0,0,,,,
C,18351,0.039550,0,0,0,,,,
C,18352,0.035748,0,0,0,,,,
C,18353,0.036060,0,0,0,,,,
C,18354,0.035983,0,0,0,,,,
C,18355,0.035010,0,0,0,,,,
C,18356,0.038856,0,0,0,,,,
C,18357,0.036345,0,0,0,,,,
C,18358,0.035720,0,0,0,,,,
C,18359,0.036683,0,0,0,,,,
C,18360,0.035155,0,0,0,,,,
C,18361,0.038408,0,0,0,,,,
C,18362,0.036503,0,0,0,,,,
C,18363,0.040688,0,0,0,,,,
C,18364,0.038837,0,0,0,,,,
C,18365,0.038200,0,0,0,,,,
C,18366,0.035976,0,0,0,,,,
C,18367,0.035885,0,0,0,,,,
C,18368,0.038198,0,0,0,,,,
C,18369,0.036141,0,0,0,,,,
C,18370,0.036383,0,0,0,,,,
C,18371,0.035953,0,0,0,,,,
C,18372,0.035819,0,0,0,,,,
C,18373,0.036081,0,0,0,,,,
C,18374,0.037790,0,0,0,,,,
C,18375,0.036350,0,0,0,,,,
C,18376,0.036797,0,0,0,,,,
C,18377,0.039812,0,0,0,,,,
C,18378,0.037076,0,0,0,,,,
C,18379,0.035950,0,0,0,,,,
C,18380,0.037365,0,0,0,,,,
C,18381,0.036212,0,0,0,,,,
C,18382,0.035308,0,0,0,,,,
C,18383,0.036091,0,0,0,,,,
C,18384,0.039569,0,0,0,,,,
C,18385,0.042362,0,0,0,,,,
C,18386,0.044352,0,0,0,,,,
C,18387,0.035317,0,0,0,,,,
C,18388,0.040069,0,0,0,,,,
C,18389,0.042701,0,0,0,,,,
C,18390,0.040554,0,0,0,,,,
C,18391,0.038441,0,0,0,,,,
C,18392,0.037704,0,0,0,,,,
C,18393,0.037448,0,0,0,,,,
C,18394,0.038722,0,0,0,,,,
C,18395,0.038623,0,0,0,,,,
C,18396,0.038054,0,0,0,,,,
C,18397,0.037043,0,0,0,,,,
C,18398,0.037673,0,0,0,,,,
C,18399,0.036043,0,0,0,,,,
C,18400,0.035915,0,0,0,,,,
C,18401,0.036593,0,0,0,,,,
C,18402,0.042274,0,0,0,,,,
C,18403,0.037562,0,0,0,,,,
C,18404,0.035592,0,0,0,,,,
C,18405,0.036260,0,0,0,,,,
C,18406,0.037159,0,0,0,,,,
C,18407,0.037832,0,0,0,,,,
C,18408,0.035372,0,0,0,,,,
C,18409,0.035316,0,0,0,,,,
C,18410,0.035085,0,0,0,,,,
C,18411,0.034986,0,0,0,,,,
C,18412,0.035690,0,0,0,,,,
C,18413,0.036856,0,0,0,,,,
C,18414,0.035987,0,0,0,,,,
C,18415,0.036349,0,0,0,,,,
C,18416,0.035074,0,0,0,,,,
C,18417,0.038821,0,0,0,,,,
C,18418,0.035657,0,0,0,,,,
C,18419,0.035698,0,0,0,,,,
C,18420,0.037742,0,0,0,,,,
C,18421,0.035593,0,0,0,,,,
C,18422,0.034681,0,0,0,,,,
C,18423,0.034426,0,0,0,,,,
C,18424,0.035572,0,0,0,,,,
C,18425,0.035261,0,0,0,,,,
C,18426,0.035291,0,0,0,,,,
C,18427,0.036320,0,0,0,,,,
C,18428,0.035394,0,0,0,,,,
C,18429,0.035928,0,0,0,,,,
C,18430,0.037398,0,0,0,,,,
C,18431,0.036201,0,0,0,,,,
C,18432,0.041391,0,0,0,,,,
C,18433,0.039802,0,0,0,,,,
C,18434,0.037001,0,0,0,,,,
C,18435,0.038230,0,0,0,,,,
C,18436,0.036287,0,0,0,,,,
C,18437,0.036427,0,0,0,,,,
C,18438,0.039868,0,0,0,,,,
C,18439,0.043311,0,0,0,,,,
C,18440,0.037140,0,0,0,,,,
C,18441,0.038297,0,0,0,,,,
C,18442,0.036355,0,0,0,,,,
C,18443,0.034908,0,0,0,,,,
C,18444,0.038229,0,0,0,,,,
C,18445,0.038552,0,0,0,,,,
C,18446,0.042733,0,0,0,,,,
C,18447,0.039123,0,0,0,,,,
C,18448,0.044325,0,0,0,,,,
C,18449,0.042867,0,0,0,,,,
C,18450,0.036270,0,0,0,,,,
C,18451,0.035363,0,0,0,,,,
C,18452,0.036598,0,0,0,,,,
C,18453,0.035680,0,0,0,,,,
C,18454,0.036131,0,0,0,,,,
C,18455,0.039332,0,0,0,,,,
C,18456,0.036014,0,0,0,,,,
C,18457,0.035622,0,0,0,,,,
C,18458,0.034966,0,0,0,,,,
C,18459,0.036532,0,0,0,,,,
C,18460,0.035173,0,0,0,,,,
C,18461,0.035170,0,0,0,,,,
C,18462,0.035561,0,0,0,,,,
C,18463,0.034620,0,0,0,,,,
C,18464,0.034283,0,0,0,,,,
C,18465,0.034372,0,0,0,,,,
C,18466,0.034834,0,0,0,,,,
C,18467,0.035324,0,0,0,,,,
C,18468,0.034951,0,0,0,,,,
C,18469,0.034688,0,0,0,,,,
C,18470,0.036279,0,0,0,,,,
C,18471,0.035970,0,0,0,,,,
C,18472,0.035186,0,0,0,,,,
C,18473,0.034828,0,0,0,,,,
C,18474,0.039570,0,0,0,,,,
C,18475,0.034941,0,0,0,,,,
C,18476,0.037472,0,0,0,,,,
C,18477,0.035906,0,0,0,,,,
C,18478,0.034528,0,0,0,,,,
C,18479,0.036294,0,0,0,,,,
C,18480,0.034829,0,0,0,,,,
C,18481,0.035490,0,0,0,,,,
C,18482,0.035783,0,0,0,,,,
C,18483,0.036343,0,0,0,,,,
C,18484,0.037004,0,0,0,,,,
C,18485,0.036134,0,0,0,,,,
C,18486,0.035634,0,0,0,,,,
C,18487,0.035360,0,0,0,,,,
C,18488,0.037898,0,0,0,,,,
C,18489,0.039363,0,0,0,,,,
C,18490,0.035743,0,0,0,,,,
C,18491,0.035483,0,0,0,,,,
C,18492,0.035385,0,0,0,,,,
C,18493,0.035995,0,0,0,,,,
C,18494,0.036032,0,0,0,,,,
C,18495,0.037097,0,0,0,,,,
C,18496,0.036793,0,0,0,,,,
C,18497,0.043207,0,0,0,,,,
C,18498,0.036365,0,0,0,,,,
C,18499,0.035564,0,0,0,,,,
C,18500,0.035002,0,0,0,,,,
C,18501,0.036658,0,0,0,,,,
C,18502,0.036328,0,0,0,,,,
C,18503,0.036774,0,0,0,,,,
C,18504,0.035579,0,0,0,,,,
C,18505,0.036055,0,0,0,,,,
C,18506,0.038196,0,0,0,,,,
C,18507,0.037136,0,0,0,,,,
C,18508,0.036007,0,0,0,,,,
C,18509,0.035816,0,0,0,,,,
C,18510,0.034727,0,0,0,,,,
C,18511,0.035063,0,0,0,,,,
C,18512,0.035894,0,0,0,,,,
C,18513,0.035397,0,0,0,,,,
C,18514,0.034937,0,0,0,,,,
C,18515,0.039101,0,0,0,,,,
C,18516,0.037254,0,0,0,,,,
C,18517,0.038297,0,0,0,,,,
C,18518,0.036052,0,0,0,,,,
C,18519,0.036215,0,0,0,,,,
C,18520,0.036796,0,0,0,,,,
C,18521,0.036590,0,0,0,,,,
C,18522,0.036977,0,0,0,,,,
C,18523,0.035823,0,0,0,,,,
C,18524,0.038134,0,0,0,,,,
C,18525,0.037853,0,0,0,,,,
C,18526,0.037478,0,0,0,,,,
C,18527,0.037562,0,0,0,,,,
C,18528,0.039289,0,0,0,,,,
C,18529,0.036523,0,0,0,,,,
C,18530,0.038151,0,0,0,,,,
C,18531,0.036779,0,0,0,,,,
C,18532,0.036692,0,0,0,,,,
C,18533,0.035575,0,0,0,,,,
C,18534,0.041203,0,0,0,,,,
C,18535,0.041557,0,0,0,,,,
C,18536,0.035752,0,0,0,,,,
C,18537,0.042073,0,0,0,,,,
C,18538,0.038398,0,0,0,,,,
C,18539,0.038192,0,0,0,,,,
C,18540,0.041371,0,0,0,,,,
C,18541,0.038242,0,0,0,,,,
C,18542,0.036000,0,0,0,,,,
C,18543,0.034989,0,0,0,,,,
C,18544,0.037259,0,0,0,,,,
C,18545,0.041896,0,0,0,,,,
C,18546,0.036911,0,0,0,,,,
C,18547,0.039999,0,0,0,,,,
C,18548,0.042692,0,0,0,,,,
C,18549,0.035693,0,0,0,,,,
C,18550,0.056139,0,0,0,,,,
C,18551,0.039210,0,0,0,,,,
C,18552,0.035881,0,0,0,,,,
C,18553,0.036380,0,0,0,,,,
C,18554,0.038318,0,0,0,,,,
C,18555,0.055469,0,0,0,,,,
C,18556,0.035974,0,0,0,,,,
C,18557,0.036438,0,0,0,,,,
C,18558,0.036329,0,0,0,,,,
C,18559,0.039626,0,0,0,,,,
C,18560,0.038878,0,0,0,,,,
C,18561,0.036563,0,0,0,,,,
C,18562,0.036068,0,0,0,,,,
C,18563,0.043687,0,0,0,,,,
C,18564,0.040976,0,0,0,,,,
C,18565,0.037105,0,0,0,,,,
C,18566,0.041441,0,0,0,,,,
C,18567,0.038784,0,0,0,,,,
C,18568,0.036017,0,0,0,,,,
C,18569,0.035829,0,0,0,,,,
C,18570,0.036051,0,0,0,,,,
C,18571,0.041127,0,0,0,,,,
C,18572,0.042703,0,0,0,,,,
C,18573,0.036897,0,0,0,,,,
C,18574,0.039379,0,0,0,,,,
C,18575,0.039695,0,0,0,,,,
C,18576,0.037576,0,0,0,,,,
C,18577,0.039222,0,0,0,,,,
C,18578,0.041512,0,0,0,,,,
C,18579,0.035584,0,0,0,,,,
C,18580,0.037036,0,0,0,,,,
C,18581,0.038492,0,0,0,,,,
C,18582,0.039987,0,0,0,,,,
C,18583,0.040171,0,0,0,,,,
C,18584,0.035944,0,0,0,,,,
C,18585,0.035390,0,0,0,,,,
C,18586,0.035817,0,0,0,,,,
C,18587,0.035423,0,0,0,,,,
C,18588,0.036032,0,0,0,,,,
C,18589,0.035103,0,0,0,,,,
C,18590,0.038163,0,0,0,,,,
C,18591,0.036820,0,0,0,,,,
C,18592,0.035260,0,0,0,,,,
C,18593,0.034573,0,0,0,,,,
C,18594,0.034576,0,0,0,,,,
C,18595,0.035196,0,0,0,,,,
C,18596,0.035733,0,0,0,,,,
C,18597,0.042156,0,0,0,,,,
C,18598,0.035192,0,0,0,,,,
C,18599,0.035540,0,0,0,,,,
C,18600,0.035869,0,0,0,,,,
C,18601,0.035815,0,0,0,,,,
C,18602,0.035895,0,0,0,,,,
C,18603,0.035556,0,0,0,,,,
C,18604,0.035872,0,0,0,,,,
C,18605,0.034890,0,0,0,,,,
C,18606,0.036309,0,0,0,,,,
C,18607,0.035627,0,0,0,,,,
C,18608,0.042908,0,0,0,,,,
C,18609,0.041835,0,0,0,,,,
C,18610,0.037740,0,0,0,,,,
C,18611,0.039520,0,0,0,,,,
C,18612,0.041794,0,0,0,,,,
C,18613,0.042942,0,0,0,,,,
C,18614,0.035780,0,0,0,,,,
C,18615,0.035355,0,0,0,,,,
C,18616,0.036073,0,0,0,,,,
C,18617,0.035692,0,0,0,,,,
C,18618,0.035853,0,0,0,,,,
C,18619,0.036746,0,0,0,,,,
C,18620,0.036685,0,0,0,,,,
C,18621,0.035731,0,0,0,,,,
C,18622,0.034737,0,0,0,,,,
C,18623,0.036027,0,0,0,,,,
C,18624,0.036417,0,0,0,,,,
C,18625,0.042099,0,0,0,,,,
C,18626,0.037503,0,0,0,,,,
C,18627,0.035446,0,0,0,,,,
C,18628,0.035653,0,0,0,,,,
C,18629,0.035884,0,0,0,,,,
C,18630,0.038645,0,0,0,,,,
C,18631,0.035386,0,0,0,,,,
C,18632,0.036763,0,0,0,,,,
C,18633,0.035871,0,0,0,,,,
C,18634,0.036265,0,0,0,,,,
C,18635,0.036967,0,0,0,,,,
C,18636,0.036233,0,0,0,,,,
C,18637,0.034287,0,0,0,,,,
C,18638,0.034404,0,0,0,,,,
C,18639,0.035525,0,0,0,,,,
C,18640,0.035859,0,0,0,,,,
C,18641,0.035880,0,0,0,,,,
C,18642,0.044906,0,0,0,,,,
C,18643,0.035625,0,0,0,,,,
C,18644,0.038078,0,0,0,,,,
C,18645,0.037649,0,0,0,,,,
C,18646,0.038311,0,0,0,,,,
C,18647,0.036828,0,0,0,,,,
C,18648,0.043288,0,0,0,,,,
C,18649,0.038254,0,0,0,,,,
C,18650,0.038395,0,0,0,,,,
C,18651,0.041104,0,0,0,,,,
C,18652,0.043588,0,0,0,,,,
C,18653,0.036980,0,0,0,,,,
C,18654,0.036693,0,0,0,,,,
C,18655,0.035859,0,0,0,,,,
C,18656,0.035798,0,0,0,,,,
C,18657,0.035757,0,0,0,,,,
C,18658,0.035119,0,0,0,,,,
C,18659,0.040412,0,0,0,,,,
C,18660,0.035829,0,0,0,,,,
C,18661,0.035668,0,0,0,,,,
C,18662,0.036464,0,0,0,,,,
C,18663,0.035959,0,0,0,,,,
C,18664,0.035562,0,0,0,,,,
C,18665,0.035339,0,0,0,,,,
C,18666,0.037358,0,0,0,,,,
C,18667,0.036100,0,0,0,,,,
C,18668,0.035001,0,0,0,,,,
C,18669,0.034982,0,0,0,,,,
C,18670,0.035185,0,0,0,,,,
C,18671,0.035041,0,0,0,,,,
C,18672,0.037708,0,0,0,,,,
C,18673,0.039015,0,0,0,,,,
C,18674,0.036997,0,0,0,,,,
C,18675,0.038117,0,0,0,,,,
C,18676,0.052274,0,0,0,,,,
C,18677,0.037775,0,0,0,,,,
C,18678,0.047002,0,0,0,,,,
C,18679,0.041269,0,0,0,,,,
C,18680,0.037735,0,0,0,,,,
C,18681,0.045520,0,0,0,,,,
C,18682,0.041882,0,0,0,,,,
C,18683,0.038271,0,0,0,,,,
C,18684,0.038166,0,0,0,,,,
C,18685,0.063749,0,0,0,,,,
C,18686,0.041563,0,0,0,,,,
C,18687,0.037773,0,0,0,,,,
C,18688,0.037442,0,0,0,,,,
C,18689,0.038499,0,0,0,,,,
C,18690,0.039325,0,0,0,,,,
C,18691,0.045735,0,0,0,,,,
C,18692,0.037206,0,0,0,,,,
C,18693,0.036834,0,0,0,,,,
C,18694,0.036558,0,0,0,,,,
C,18695,0.037906,0,0,0,,,,
C,18696,0.040151,0,0,0,,,,
C,18697,0.037025,0,0,0,,,,
C,18698,0.041048,0,0,0,,,,
C,18699,0.037435,0,0,0,,,,
C,18700,0.037458,0,0,0,,,,
C,18701,0.036739,0,0,0,,,,
C,18702,0.036222,0,0,0,,,,
C,18703,0.035969,0,0,0,,,,
C,18704,0.035498,0,0,0,,,,
C,18705,0.035603,0,0,0,,,,
C,18706,0.037463,0,0,0,,,,
C,18707,0.035803,0,0,0,,,,
C,18708,0.038191,0,0,0,,,,
C,18709,0.038898,0,0,0,,,,
C,18710,0.037420,0,0,0,,,,
C,18711,0.038077,0,0,0,,,,
C,18712,0.036439,0,0,0,,,,
C,18713,0.036985,0,0,0,,,,
C,18714,0.035620,0,0,0,,,,
C,18715,0.039132,0,0,0,,,,
C,18716,0.035370,0,0,0,,,,
C,18717,0.035628,0,0,0,,,,
C,18718,0.035747,0,0,0,,,,
C,18719,0.036551,0,0,0,,,,
C,18720,0.035149,0,0,0,,,,
C,18721,0.036273,0,0,0,,,,
C,18722,0.036071,0,0,0,,,,
C,18723,0.036752,0,0,0,,,,
C,18724,0.037457,0,0,0,,,,
C,18725,0.036759,0,0,0,,,,
C,18726,0.036776,0,0,0,,,,
C,18727,0.036696,0,0,0,,,,
C,18728,0.037528,0,0,0,,,,
C,18729,0.035961,0,0,0,,,,
C,18730,0.035814,0,0,0,,,,
C,18731,0.036373,0,0,0,,,,
C,18732,0.036170,0,0,0,,,,
C,18733,0.036609,0,0,0,,,,
C,18734,0.036867,0,0,0,,,,
C,18735,0.036606,0,0,0,,,,
C,18736,0.036827,0,0,0,,,,
C,18737,0.036042,0,0,0,,,,
C,18738,0.036200,0,0,0,,,,
C,18739,0.035526,0,0,0,,,,
C,18740,0.035703,0,0,0,,,,
C,18741,0.036494,0,0,0,,,,
C,18742,0.036080,0,0,0,,,,
C,18743,0.043989,0,0,0,,,,
C,18744,0.039408,0,0,0,,,,
C,18745,0.038435,0,0,0,,,,
C,18746,0.042624,0,0,0,,,,
C,18747,0.041197,0,0,0,,,,
C,18748,0.039192,0,0,0,,,,
C,18749,0.039762,0,0,0,,,,
C,18750,0.036014,0,0,0,,,,
C,18751,0.035778,0,0,0,,,,
C,18752,0.035445,0,0,0,,,,
C,18753,0.036533,0,0,0,,,,
C,18754,0.035279,0,0,0,,,,
C,18755,0.040101,0,0,0,,,,
C,18756,0.035424,0,0,0,,,,
C,18757,0.036013,0,0,0,,,,
C,18758,0.041892,0,0,0,,,,
C,18759,0.036431,0,0,0,,,,
C,18760,0.036772,0,0,0,,,,
C,18761,0.036259,0,0,0,,,,
C,18762,0.046089,0,0,0,,,,
C,18763,0.037656,0,0,0,,,,
C,18764,0.036311,0,0,0,,,,
C,18765,0.035953,0,0,0,,,,
C,18766,0.037444,0,0,0,,,,
C,18767,0.036292,0,0,0,,,,
C,18768,0.035977,0,0,0,,,,
C,18769,0.037003,0,0,0,,,,
C,18770,0.036608,0,0,0,,,,
C,18771,0.035776,0,0,0,,,,
C,18772,0.035908,0,0,0,,,,
C,18773,0.036003,0,0,0,,,,
C,18774,0.035775,0,0,0,,,,
C,18775,0.036079,0,0,0,,,,
C,18776,0.035799,0,0,0,,,,
C,18777,0.035161,0,0,0,,,,
C,18778,0.036588,0,0,0,,,,
C,18779,0.036366,0,0,0,,,,
C,18780,0.036291,0,0,0,,,,
C,18781,0.036979,0,0,0,,,,
C,18782,0.037727,0,0,0,,,,
C,18783,0.036478,0,0,0,,,,
C,18784,0.036663,0,0,0,,,,
C,18785,0.037720,0,0,0,,,,
C,18786,0.035843,0,0,0,,,,
C,18787,0.036150,0,0,0,,,,
C,18788,0.036027,0,0,0,,,,
C,18789,0.036057,0,0,0,,,,
C,18790,0.036041,0,0,0,,,,
C,18791,0.036632,0,0,0,,,,
C,18792,0.037377,0,0,0,,,,
C,18793,0.036270,0,0,0,,,,
C,18794,0.037062,0,0,0,,,,
C,18795,0.037097,0,0,0,,,,
C,18796,0.036273,0,0,0,,,,
C,18797,0.035477,0,0,0,,,,
C,18798,0.036622,0,0,0,,,,
C,18799,0.036869,0,0,0,,,,
C,18800,0.036911,0,0,0,,,,
C,18801,0.035900,0,0,0,,,,
C,18802,0.036519,0,0,0,,,,
C,18803,0.037251,0,0,0,,,,
C,18804,0.035592,0,0,0,,,,
C,18805,0.035907,0,0,0,,,,
C,18806,0.036412,0,0,0,,,,
C,18807,0.035673,0,0,0,,,,
C,18808,0.035336,0,0,0,,,,
C,18809,0.036329,0,0,0,,,,
C,18810,0.035679,0,0,0,,,,
C,18811,0.035971,0,0,0,,,,
C,18812,0.036173,0,0,0,,,,
C,18813,0.035694,0,0,0,,,,
C,18814,0.036060,0,0,0,,,,
C,18815,0.038247,0,0,0,,,,
C,18816,0.040829,0,0,0,,,,
C,18817,0.042168,0,0,0,,,,
C,18818,0.042214,0,0,0,,,,
C,18819,0.035153,0,0,0,,,,
C,18820,0.036173,0,0,0,,,,
C,18821,0.036706,0,0,0,,,,
C,18822,0.035929,0,0,0,,,,
C,18823,0.036078,0,0,0,,,,
C,18824,0.036247,0,0,0,,,,
C,18825,0.035601,0,0,0,,,,
C,18826,0.035667,0,0,0,,,,
C,18827,0.037888,0,0,0,,,,
C,18828,0.037766,0,0,0,,,,
C,18829,0.037869,0,0,0,,,,
C,18830,0.040053,0,0,0,,,,
C,18831,0.036905,0,0,0,,,,
C,18832,0.043056,0,0,0,,,,
C,18833,0.037039,0,0,0,,,,
C,18834,0.036848,0,0,0,,,,
C,18835,0.050328,0,0,0,,,,
C,18836,0.038108,0,0,0,,,,
C,18837,0.050509,0,0,0,,,,
C,18838,0.066791,0,0,0,,,,
C,18839,0.036042,0,0,0,,,,
C,18840,0.035800,0,0,0,,,,
C,18841,0.036557,0,0,0,,,,
C,18842,0.051185,0,0,0,,,,
C,18843,0.036359,0,0,0,,,,
C,18844,0.036337,0,0,0,,,,
C,18845,0.036284,0,0,0,,,,
C,18846,0.039139,0,0,0,,,,
C,18847,0.036707,0,0,0,,,,
C,18848,0.035866,0,0,0,,,,
C,18849,0.035657,0,0,0,,,,
C,18850,0.066472,0,0,0,,,,
C,18851,0.037449,0,0,0,,,,
C,18852,0.040903,0,0,0,,,,
C,18853,0.042133,0,0,0,,,,
C,18854,0.037056,0,0,0,,,,
C,18855,0.038716,0,0,0,,,,
C,18856,0.050999,0,0,0,,,,
C,18857,0.039101,0,0,0,,,,
C,18858,0.036627,0,0,0,,,,
C,18859,0.036402,0,0,0,,,,
C,18860,0.036313,0,0,0,,,,
C,18861,0.041294,0,0,0,,,,
C,18862,0.035788,0,0,0,,,,
C,18863,0.035526,0,0,0,,,,
C,18864,0.036974,0,0,0,,,,
C,18865,0.041262,0,0,0,,,,
C,18866,0.036600,0,0,0,,,,
C,18867,0.037657,0,0,0,,,,
C,18868,0.036215,0,0,0,,,,
C,18869,0.038105,0,0,0,,,,
C,18870,0.036706,0,0,0,,,,
C,18871,0.036629,0,0,0,,,,
C,18872,0.047644,0,0,0,,,,
C,18873,0.037556,0,0,0,,,,
C,18874,0.042597,0,0,0,,,,
C,18875,0.044039,0,0,0,,,,
C,18876,0.037657,0,0,0,,,,
C,18877,0.038401,0,0,0,,,,
C,18878,0.038509,0,0,0,,,,
C,18879,0.044352,0,0,0,,,,
C,18880,0.037682,0,0,0,,,,
C,18881,0.036859,0,0,0,,,,
C,18882,0.037862,0,0,0,,,,
C,18883,0.057548,0,0,0,,,,
C,18884,0.040875,0,0,0,,,,
C,18885,0.042617,0,0,0,,,,
C,18886,0.036236,0,0,0,,,,
C,18887,0.037312,0,0,0,,,,
C,18888,0.041934,0,0,0,,,,
C,18889,0.043186,0,0,0,,,,
C,18890,0.037674,0,0,0,,,,
C,18891,0.038513,0,0,0,,,,
C,18892,0.041364,0,0,0,,,,
C,18893,0.038387,0,0,0,,,,
C,18894,0.046390,0,0,0,,,,
C,18895,0.038192,0,0,0,,,,
C,18896,0.037742,0,0,0,,,,
C,18897,0.036534,0,0,0,,,,
C,18898,0.038611,0,0,0,,,,
C,18899,0.036740,0,0,0,,,,
C,18900,0.036303,0,0,0,,,,
C,18901,0.036464,0,0,0,,,,
C,18902,0.037168,0,0,0,,,,
C,18903,0.036882,0,0,0,,,,
C,18904,0.041511,0,0,0,,,,
C,18905,0.039704,0,0,0,,,,
C,18906,0.037391,0,0,0,,,,
C,18907,0.036744,0,0,0,,,,
C,18908,0.036891,0,0,0,,,,
C,18909,0.038081,0,0,0,,,,
C,18910,0.037725,0,0,0,,,,
C,18911,0.035860,0,0,0,,,,
C,18912,0.036539,0,0,0,,,,
C,18913,0.037775,0,0,0,,,,
C,18914,0.036519,0,0,0,,,,
C,18915,0.036789,0,0,0,,,,
C,18916,0.037244,0,0,0,,,,
C,18917,0.037835,0,0,0,,,,
C,18918,0.035980,0,0,0,,,,
C,18919,0.037223,0,0,0,,,,
C,18920,0.036045,0,0,0,,,,
C,18921,0.039499,0,0,0,,,,
C,18922,0.042810,0,0,0,,,,
C,18923,0.039826,0,0,0,,,,
C,18924,0.037202,0,0,0,,,,
C,18925,0.036545,0,0,0,,,,
C,18926,0.038121,0,0,0,,,,
C,18927,0.040493,0,0,0,,,,
C,18928,0.050725,0,0,0,,,,
C,18929,0.037376,0,0,0,,,,
C,18930,0.035781,0,0,0,,,,
C,18931,0.036172,0,0,0,,,,
C,18932,0.035859,0,0,0,,,,
C,18933,0.035562,0,0,0,,,,
C,18934,0.035598,0,0,0,,,,
C,18935,0.035031,0,0,0,,,,
C,18936,0.036019,0,0,0,,,,
C,18937,0.035806,0,0,0,,,,
C,18938,0.035494,0,0,0,,,,
C,18939,0.035181,0,0,0,,,,
C,18940,0.035887,0,0,0,,,,
C,18941,0.038136,0,0,0,,,,
C,18942,0.041847,0,0,0,,,,
C,18943,0.035525,0,0,0,,,,
C,18944,0.036465,0,0,0,,,,
C,18945,0.035168,0,0,0,,,,
C,18946,0.036295,0,0,0,,,,
C,18947,0.035681,0,0,0,,,,
C,18948,0.036099,0,0,0,,,,
C,18949,0.043688,0,0,0,,,,
C,18950,0.043295,0,0,0,,,,
C,18951,0.037254,0,0,0,,,,
C,18952,0.040172,0,0,0,,,,
C,18953,0.036813,0,0,0,,,,
C,18954,0.041930,0,0,0,,,,
C,18955,0.037451,0,0,0,,,,
C,18956,0.037529,0,0,0,,,,
C,18957,0.037923,0,0,0,,,,
C,18958,0.036367,0,0,0,,,,
C,18959,0.063290,0,0,0,,,,
C,18960,0.038720,0,0,0,,,,
C,18961,0.042719,0,0,0,,,,
C,18962,0.041520,0,0,0,,,,
C,18963,0.038570,0,0,0,,,,
C,18964,0.041698,0,0,0,,,,
C,18965,0.042600,0,0,0,,,,
C,18966,0.036828,0,0,0,,,,
C,18967,0.037266,0,0,0,,,,
C,18968,0.040728,0,0,0,,,,
C,18969,0.038447,0,0,0,,,,
C,18970,0.037928,0,0,0,,,,
C,18971,0.041090,0,0,0,,,,
C,18972,0.036382,0,0,0,,,,
C,18973,0.036389,0,0,0,,,,
C,18974,0.036698,0,0,0,,,,
C,18975,0.037071,0,0,0,,,,
C,18976,0.036859,0,0,0,,,,
C,18977,0.044912,0,0,0,,,,
C,18978,0.035250,0,0,0,,,,
C,18979,0.037259,0,0,0,,,,
C,18980,0.050065,0,0,0,,,,
C,18981,0.036495,0,0,0,,,,
C,18982,0.037158,0,0,0,,,,
C,18983,0.035002,0,0,0,,,,
C,18984,0.036966,0,0,0,,,,
C,18985,0.046131,0,0,0,,,,
C,18986,0.036028,0,0,0,,,,
C,18987,0.035984,0,0,0,,,,
C,18988,0.036299,0,0,0,,,,
C,18989,0.040887,0,0,0,,,,
C,18990,0.035846,0,0,0,,,,
C,18991,0.038175,0,0,0,,,,
C,18992,0.036609,0,0,0,,,,
C,18993,0.036062,0,0,0,,,,
C,18994,0.036394,0,0,0,,,,
C,18995,0.036444,0,0,0,,,,
C,18996,0.035761,0,0,0,,,,
C,18997,0.038961,0,0,0,,,,
C,18998,0.036243,0,0,0,,,,
C,18999,0.036570,0,0,0,,,,
C,19000,0.037392,0,0,0,211.0,1.158e-10,"{'checked': 26, 'zsx_rejected': 6, 'default_rejected': 0, 'closed_form_forced': 0, 'inexact': 9, 'exact_rebuilt': 0, 'best_effort': 0, 'best_effort_worst': 0.0, 'psf_rerouted': 0, 'psf_rerouted_worst_residual': 0.0}",1141
C,19001,0.037485,0,0,0,,,,
C,19002,0.036566,0,0,0,,,,
C,19003,0.036662,0,0,0,,,,
C,19004,0.036479,0,0,0,,,,
C,19005,0.036435,0,0,0,,,,
C,19006,0.036732,0,0,0,,,,
C,19007,0.036593,0,0,0,,,,
C,19008,0.036426,0,0,0,,,,
C,19009,0.037512,0,0,0,,,,
C,19010,0.036031,0,0,0,,,,
C,19011,0.040044,0,0,0,,,,
C,19012,0.037335,0,0,0,,,,
C,19013,0.037370,0,0,0,,,,
C,19014,0.036182,0,0,0,,,,
C,19015,0.036562,0,0,0,,,,
C,19016,0.035712,0,0,0,,,,
C,19017,0.036071,0,0,0,,,,
C,19018,0.036229,0,0,0,,,,
C,19019,0.041519,0,0,0,,,,
C,19020,0.038121,0,0,0,,,,
C,19021,0.035833,0,0,0,,,,
C,19022,0.035949,0,0,0,,,,
C,19023,0.037338,0,0,0,,,,
C,19024,0.035499,0,0,0,,,,
C,19025,0.035366,0,0,0,,,,
C,19026,0.035868,0,0,0,,,,
C,19027,0.035817,0,0,0,,,,
C,19028,0.035047,0,0,0,,,,
C,19029,0.037027,0,0,0,,,,
C,19030,0.039112,0,0,0,,,,
C,19031,0.037422,0,0,0,,,,
C,19032,0.037246,0,0,0,,,,
C,19033,0.035919,0,0,0,,,,
C,19034,0.038081,0,0,0,,,,
C,19035,0.035328,0,0,0,,,,
C,19036,0.036261,0,0,0,,,,
C,19037,0.036907,0,0,0,,,,
C,19038,0.042513,0,0,0,,,,
C,19039,0.040268,0,0,0,,,,
C,19040,0.038433,0,0,0,,,,
C,19041,0.039735,0,0,0,,,,
C,19042,0.039533,0,0,0,,,,
C,19043,0.037629,0,0,0,,,,
C,19044,0.037233,0,0,0,,,,
C,19045,0.040057,0,0,0,,,,
C,19046,0.036925,0,0,0,,,,
C,19047,0.037222,0,0,0,,,,
C,19048,0.036855,0,0,0,,,,
C,19049,0.036514,0,0,0,,,,
C,19050,0.038509,0,0,0,,,,
C,19051,0.037339,0,0,0,,,,
C,19052,0.036230,0,0,0,,,,
C,19053,0.037253,0,0,0,,,,
C,19054,0.036649,0,0,0,,,,
C,19055,0.037951,0,0,0,,,,
C,19056,0.037883,0,0,0,,,,
C,19057,0.036464,0,0,0,,,,
C,19058,0.036295,0,0,0,,,,
C,19059,0.041654,0,0,0,,,,
C,19060,0.039309,0,0,0,,,,
C,19061,0.037499,0,0,0,,,,
C,19062,0.039454,0,0,0,,,,
C,19063,0.054514,0,0,0,,,,
C,19064,0.037461,0,0,0,,,,
C,19065,0.036574,0,0,0,,,,
C,19066,0.036741,0,0,0,,,,
C,19067,0.039630,0,0,0,,,,
C,19068,0.035724,0,0,0,,,,
C,19069,0.036891,0,0,0,,,,
C,19070,0.040986,0,0,0,,,,
C,19071,0.036492,0,0,0,,,,
C,19072,0.035588,0,0,0,,,,
C,19073,0.035541,0,0,0,,,,
C,19074,0.036343,0,0,0,,,,
C,19075,0.035899,0,0,0,,,,
C,19076,0.036383,0,0,0,,,,
C,19077,0.036239,0,0,0,,,,
C,19078,0.035576,0,0,0,,,,
C,19079,0.035920,0,0,0,,,,
C,19080,0.035404,0,0,0,,,,
C,19081,0.037196,0,0,0,,,,
C,19082,0.035751,0,0,0,,,,
C,19083,0.036066,0,0,0,,,,
C,19084,0.034912,0,0,0,,,,
C,19085,0.034500,0,0,0,,,,
C,19086,0.037070,0,0,0,,,,
C,19087,0.037879,0,0,0,,,,
C,19088,0.035885,0,0,0,,,,
C,19089,0.036204,0,0,0,,,,
C,19090,0.036446,0,0,0,,,,
C,19091,0.036354,0,0,0,,,,
C,19092,0.035529,0,0,0,,,,
C,19093,0.035693,0,0,0,,,,
C,19094,0.036117,0,0,0,,,,
C,19095,0.038584,0,0,0,,,,
C,19096,0.037250,0,0,0,,,,
C,19097,0.038256,0,0,0,,,,
C,19098,0.038433,0,0,0,,,,
C,19099,0.038757,0,0,0,,,,
C,19100,0.036348,0,0,0,,,,
C,19101,0.035839,0,0,0,,,,
C,19102,0.036354,0,0,0,,,,
C,19103,0.035621,0,0,0,,,,
C,19104,0.036531,0,0,0,,,,
C,19105,0.036805,0,0,0,,,,
C,19106,0.036735,0,0,0,,,,
C,19107,0.036763,0,0,0,,,,
C,19108,0.035702,0,0,0,,,,
C,19109,0.034568,0,0,0,,,,
C,19110,0.036580,0,0,0,,,,
C,19111,0.035847,0,0,0,,,,
C,19112,0.036392,0,0,0,,,,
C,19113,0.037053,0,0,0,,,,
C,19114,0.037384,0,0,0,,,,
C,19115,0.035553,0,0,0,,,,
C,19116,0.040404,0,0,0,,,,
C,19117,0.042512,0,0,0,,,,
C,19118,0.037311,0,0,0,,,,
C,19119,0.034737,0,0,0,,,,
C,19120,0.036030,0,0,0,,,,
C,19121,0.035565,0,0,0,,,,
C,19122,0.035169,0,0,0,,,,
C,19123,0.037056,0,0,0,,,,
C,19124,0.035882,0,0,0,,,,
C,19125,0.036943,0,0,0,,,,
C,19126,0.038112,0,0,0,,,,
C,19127,0.039207,0,0,0,,,,
C,19128,0.034797,0,0,0,,,,
C,19129,0.043123,0,0,0,,,,
C,19130,0.038171,0,0,0,,,,
C,19131,0.038034,0,0,0,,,,
C,19132,0.037201,0,0,0,,,,
C,19133,0.037023,0,0,0,,,,
C,19134,0.037189,0,0,0,,,,
C,19135,0.036710,0,0,0,,,,
C,19136,0.037718,0,0,0,,,,
C,19137,0.037027,0,0,0,,,,
C,19138,0.036908,0,0,0,,,,
C,19139,0.038246,0,0,0,,,,
C,19140,0.036750,0,0,0,,,,
C,19141,0.037222,0,0,0,,,,
C,19142,0.039872,0,0,0,,,,
C,19143,0.038088,0,0,0,,,,
C,19144,0.036559,0,0,0,,,,
C,19145,0.037608,0,0,0,,,,
C,19146,0.038234,0,0,0,,,,
C,19147,0.036077,0,0,0,,,,
C,19148,0.039009,0,0,0,,,,
C,19149,0.042250,0,0,0,,,,
C,19150,0.038517,0,0,0,,,,
C,19151,0.037912,0,0,0,,,,
C,19152,0.037894,0,0,0,,,,
C,19153,0.039310,0,0,0,,,,
C,19154,0.036291,0,0,0,,,,
C,19155,0.036934,0,0,0,,,,
C,19156,0.096644,0,0,0,,,,
C,19157,0.035816,0,0,0,,,,
C,19158,0.040197,0,0,0,,,,
C,19159,0.036401,0,0,0,,,,
C,19160,0.056457,0,0,0,,,,
C,19161,0.035588,0,0,0,,,,
C,19162,0.036891,0,0,0,,,,
C,19163,0.036982,0,0,0,,,,
C,19164,0.037305,0,0,0,,,,
C,19165,0.036491,0,0,0,,,,
C,19166,0.056353,0,0,0,,,,
C,19167,0.041282,0,0,0,,,,
C,19168,0.038421,0,0,0,,,,
C,19169,0.036918,0,0,0,,,,
C,19170,0.038367,0,0,0,,,,
C,19171,0.039426,0,0,0,,,,
C,19172,0.040239,0,0,0,,,,
C,19173,0.037422,0,0,0,,,,
C,19174,0.039064,0,0,0,,,,
C,19175,0.036466,0,0,0,,,,
C,19176,0.040903,0,0,0,,,,
C,19177,0.038189,0,0,0,,,,
C,19178,0.039375,0,0,0,,,,
C,19179,0.045535,0,0,0,,,,
C,19180,0.038359,0,0,0,,,,
C,19181,0.039137,0,0,0,,,,
C,19182,0.040652,0,0,0,,,,
C,19183,0.046060,0,0,0,,,,
C,19184,0.042799,0,0,0,,,,
C,19185,0.042857,0,0,0,,,,
C,19186,0.039233,0,0,0,,,,
C,19187,0.040361,0,0,0,,,,
C,19188,0.051808,0,0,0,,,,
C,19189,0.039533,0,0,0,,,,
C,19190,0.039781,0,0,0,,,,
C,19191,0.036935,0,0,0,,,,
C,19192,0.040988,0,0,0,,,,
C,19193,0.043167,0,0,0,,,,
C,19194,0.041631,0,0,0,,,,
C,19195,0.039926,0,0,0,,,,
C,19196,0.036404,0,0,0,,,,
C,19197,0.038267,0,0,0,,,,
C,19198,0.036178,0,0,0,,,,
C,19199,0.038961,0,0,0,,,,
C,19200,0.037953,0,0,0,,,,
C,19201,0.039997,0,0,0,,,,
C,19202,0.039197,0,0,0,,,,
C,19203,0.037662,0,0,0,,,,
C,19204,0.039163,0,0,0,,,,
C,19205,0.037015,0,0,0,,,,
C,19206,0.037015,0,0,0,,,,
C,19207,0.038852,0,0,0,,,,
C,19208,0.039978,0,0,0,,,,
C,19209,0.038697,0,0,0,,,,
C,19210,0.038115,0,0,0,,,,
C,19211,0.041323,0,0,0,,,,
C,19212,0.036582,0,0,0,,,,
C,19213,0.036174,0,0,0,,,,
C,19214,0.037080,0,0,0,,,,
C,19215,0.036026,0,0,0,,,,
C,19216,0.035565,0,0,0,,,,
C,19217,0.035784,0,0,0,,,,
C,19218,0.034935,0,0,0,,,,
C,19219,0.037524,0,0,0,,,,
C,19220,0.036617,0,0,0,,,,
C,19221,0.036610,0,0,0,,,,
C,19222,0.035879,0,0,0,,,,
C,19223,0.037017,0,0,0,,,,
C,19224,0.037732,0,0,0,,,,
C,19225,0.034940,0,0,0,,,,
C,19226,0.037467,0,0,0,,,,
C,19227,0.037668,0,0,0,,,,
C,19228,0.034827,0,0,0,,,,
C,19229,0.036765,0,0,0,,,,
C,19230,0.050327,0,0,0,,,,
C,19231,0.040863,0,0,0,,,,
C,19232,0.043416,0,0,0,,,,
C,19233,0.037383,0,0,0,,,,
C,19234,0.036019,0,0,0,,,,
C,19235,0.036551,0,0,0,,,,
C,19236,0.036982,0,0,0,,,,
C,19237,0.036592,0,0,0,,,,
C,19238,0.038566,0,0,0,,,,
C,19239,0.035587,0,0,0,,,,
C,19240,0.036970,0,0,0,,,,
C,19241,0.036873,0,0,0,,,,
C,19242,0.036598,0,0,0,,,,
C,19243,0.036912,0,0,0,,,,
C,19244,0.036674,0,0,0,,,,
C,19245,0.037220,0,0,0,,,,
C,19246,0.037771,0,0,0,,,,
C,19247,0.037335,0,0,0,,,,
C,19248,0.036140,0,0,0,,,,
C,19249,0.036653,0,0,0,,,,
C,19250,0.035554,0,0,0,,,,
C,19251,0.035371,0,0,0,,,,
C,19252,0.035005,0,0,0,,,,
C,19253,0.035407,0,0,0,,,,
C,19254,0.035554,0,0,0,,,,
C,19255,0.035508,0,0,0,,,,
C,19256,0.036114,0,0,0,,,,
C,19257,0.034878,0,0,0,,,,
C,19258,0.035114,0,0,0,,,,
C,19259,0.034912,0,0,0,,,,
C,19260,0.035219,0,0,0,,,,
C,19261,0.035945,0,0,0,,,,
C,19262,0.036056,0,0,0,,,,
C,19263,0.035719,0,0,0,,,,
C,19264,0.035245,0,0,0,,,,
C,19265,0.039526,0,0,0,,,,
C,19266,0.046453,0,0,0,,,,
C,19267,0.036121,0,0,0,,,,
C,19268,0.036351,0,0,0,,,,
C,19269,0.037080,0,0,0,,,,
C,19270,0.036589,0,0,0,,,,
C,19271,0.035602,0,0,0,,,,
C,19272,0.035597,0,0,0,,,,
C,19273,0.036189,0,0,0,,,,
C,19274,0.035754,0,0,0,,,,
C,19275,0.035700,0,0,0,,,,
C,19276,0.035376,0,0,0,,,,
C,19277,0.035835,0,0,0,,,,
C,19278,0.036063,0,0,0,,,,
C,19279,0.036319,0,0,0,,,,
C,19280,0.036304,0,0,0,,,,
C,19281,0.036616,0,0,0,,,,
C,19282,0.037020,0,0,0,,,,
C,19283,0.036099,0,0,0,,,,
C,19284,0.036264,0,0,0,,,,
C,19285,0.035860,0,0,0,,,,
C,19286,0.036248,0,0,0,,,,
C,19287,0.036935,0,0,0,,,,
C,19288,0.041598,0,0,0,,,,
C,19289,0.036190,0,0,0,,,,
C,19290,0.036021,0,0,0,,,,
C,19291,0.035954,0,0,0,,,,
C,19292,0.035791,0,0,0,,,,
C,19293,0.035612,0,0,0,,,,
C,19294,0.035760,0,0,0,,,,
C,19295,0.036228,0,0,0,,,,
C,19296,0.044740,0,0,0,,,,
C,19297,0.036815,0,0,0,,,,
C,19298,0.036511,0,0,0,,,,
C,19299,0.036042,0,0,0,,,,
C,19300,0.036629,0,0,0,,,,
C,19301,0.036060,0,0,0,,,,
C,19302,0.035598,0,0,0,,,,
C,19303,0.035056,0,0,0,,,,
C,19304,0.035064,0,0,0,,,,
C,19305,0.035148,0,0,0,,,,
C,19306,0.043037,0,0,0,,,,
C,19307,0.035600,0,0,0,,,,
C,19308,0.037049,0,0,0,,,,
C,19309,0.036854,0,0,0,,,,
C,19310,0.037668,0,0,0,,,,
C,19311,0.037819,0,0,0,,,,
C,19312,0.038330,0,0,0,,,,
C,19313,0.039178,0,0,0,,,,
C,19314,0.047465,0,0,0,,,,
C,19315,0.037147,0,0,0,,,,
C,19316,0.035415,0,0,0,,,,
C,19317,0.037911,0,0,0,,,,
C,19318,0.036662,0,0,0,,,,
C,19319,0.037845,0,0,0,,,,
C,19320,0.036290,0,0,0,,,,
C,19321,0.040465,0,0,0,,,,
C,19322,0.039330,0,0,0,,,,
C,19323,0.035941,0,0,0,,,,
C,19324,0.039872,0,0,0,,,,
C,19325,0.037016,0,0,0,,,,
C,19326,0.043778,0,0,0,,,,
C,19327,0.039496,0,0,0,,,,
C,19328,0.042282,0,0,0,,,,
C,19329,0.036723,0,0,0,,,,
C,19330,0.040324,0,0,0,,,,
C,19331,0.037877,0,0,0,,,,
C,19332,0.042906,0,0,0,,,,
C,19333,0.042673,0,0,0,,,,
C,19334,0.044122,0,0,0,,,,
C,19335,0.037751,0,0,0,,,,
C,19336,0.035994,0,0,0,,,,
C,19337,0.035587,0,0,0,,,,
C,19338,0.035899,0,0,0,,,,
C,19339,0.037944,0,0,0,,,,
C,19340,0.036495,0,0,0,,,,
C,19341,0.036088,0,0,0,,,,
C,19342,0.036917,0,0,0,,,,
C,19343,0.036933,0,0,0,,,,
C,19344,0.044901,0,0,0,,,,
C,19345,0.042808,0,0,0,,,,
C,19346,0.039552,0,0,0,,,,
C,19347,0.046168,0,0,0,,,,
C,19348,0.036120,0,0,0,,,,
C,19349,0.035738,0,0,0,,,,
C,19350,0.036936,0,0,0,,,,
C,19351,0.038422,0,0,0,,,,
C,19352,0.038044,0,0,0,,,,
C,19353,0.037565,0,0,0,,,,
C,19354,0.037181,0,0,0,,,,
C,19355,0.039365,0,0,0,,,,
C,19356,0.038789,0,0,0,,,,
C,19357,0.040274,0,0,0,,,,
C,19358,0.034687,0,0,0,,,,
C,19359,0.035940,0,0,0,,,,
C,19360,0.035961,0,0,0,,,,
C,19361,0.035466,0,0,0,,,,
C,19362,0.037292,0,0,0,,,,
C,19363,0.036769,0,0,0,,,,
C,19364,0.035026,0,0,0,,,,
C,19365,0.034935,0,0,0,,,,
C,19366,0.037253,0,0,0,,,,
C,19367,0.035891,0,0,0,,,,
C,19368,0.038597,0,0,0,,,,
C,19369,0.036549,0,0,0,,,,
C,19370,0.038202,0,0,0,,,,
C,19371,0.038407,0,0,0,,,,
C,19372,0.036478,0,0,0,,,,
C,19373,0.037949,0,0,0,,,,
C,19374,0.036970,0,0,0,,,,
C,19375,0.037521,0,0,0,,,,
C,19376,0.039838,0,0,0,,,,
C,19377,0.036784,0,0,0,,,,
C,19378,0.034853,0,0,0,,,,
C,19379,0.036089,0,0,0,,,,
C,19380,0.036433,0,0,0,,,,
C,19381,0.037305,0,0,0,,,,
C,19382,0.035680,0,0,0,,,,
C,19383,0.036802,0,0,0,,,,
C,19384,0.037281,0,0,0,,,,
C,19385,0.043887,0,0,0,,,,
C,19386,0.042058,0,0,0,,,,
C,19387,0.036274,0,0,0,,,,
C,19388,0.042013,0,0,0,,,,
C,19389,0.038853,0,0,0,,,,
C,19390,0.037042,0,0,0,,,,
C,19391,0.045771,0,0,0,,,,
C,19392,0.039338,0,0,0,,,,
C,19393,0.043070,0,0,0,,,,
C,19394,0.038692,0,0,0,,,,
C,19395,0.036045,0,0,0,,,,
C,19396,0.040267,0,0,0,,,,
C,19397,0.038343,0,0,0,,,,
C,19398,0.035700,0,0,0,,,,
C,19399,0.035770,0,0,0,,,,
C,19400,0.041247,0,0,0,,,,
C,19401,0.035018,0,0,0,,,,
C,19402,0.035380,0,0,0,,,,
C,19403,0.037418,0,0,0,,,,
C,19404,0.034608,0,0,0,,,,
C,19405,0.035052,0,0,0,,,,
C,19406,0.051701,0,0,0,,,,
C,19407,0.039598,0,0,0,,,,
C,19408,0.035904,0,0,0,,,,
C,19409,0.037196,0,0,0,,,,
C,19410,0.036509,0,0,0,,,,
C,19411,0.036990,0,0,0,,,,
C,19412,0.036713,0,0,0,,,,
C,19413,0.036982,0,0,0,,,,
C,19414,0.039521,0,0,0,,,,
C,19415,0.036689,0,0,0,,,,
C,19416,0.035206,0,0,0,,,,
C,19417,0.050886,0,0,0,,,,
C,19418,0.040390,0,0,0,,,,
C,19419,0.036713,0,0,0,,,,
C,19420,0.036667,0,0,0,,,,
C,19421,0.036558,0,0,0,,,,
C,19422,0.043820,0,0,0,,,,
C,19423,0.037503,0,0,0,,,,
C,19424,0.036100,0,0,0,,,,
C,19425,0.037454,0,0,0,,,,
C,19426,0.047056,0,0,0,,,,
C,19427,0.047239,0,0,0,,,,
C,19428,0.041549,0,0,0,,,,
C,19429,0.038123,0,0,0,,,,
C,19430,0.040771,0,0,0,,,,
C,19431,0.035318,0,0,0,,,,
C,19432,0.036259,0,0,0,,,,
C,19433,0.035146,0,0,0,,,,
C,19434,0.034879,0,0,0,,,,
C,19435,0.048325,0,0,0,,,,
C,19436,0.034999,0,0,0,,,,
C,19437,0.035426,0,0,0,,,,
C,19438,0.035891,0,0,0,,,,
C,19439,0.035972,0,0,0,,,,
C,19440,0.041141,0,0,0,,,,
C,19441,0.037762,0,0,0,,,,
C,19442,0.037390,0,0,0,,,,
C,19443,0.038233,0,0,0,,,,
C,19444,0.039291,0,0,0,,,,
C,19445,0.039700,0,0,0,,,,
C,19446,0.037967,0,0,0,,,,
C,19447,0.042302,0,0,0,,,,
C,19448,0.057617,0,0,0,,,,
C,19449,0.039132,0,0,0,,,,
C,19450,0.036024,0,0,0,,,,
C,19451,0.039408,0,0,0,,,,
C,19452,0.036017,0,0,0,,,,
C,19453,0.036162,0,0,0,,,,
C,19454,0.036355,0,0,0,,,,
C,19455,0.036456,0,0,0,,,,
C,19456,0.035891,0,0,0,,,,
C,19457,0.035618,0,0,0,,,,
C,19458,0.035119,0,0,0,,,,
C,19459,0.035682,0,0,0,,,,
C,19460,0.035344,0,0,0,,,,
C,19461,0.034935,0,0,0,,,,
C,19462,0.034529,0,0,0,,,,
C,19463,0.034131,0,0,0,,,,
C,19464,0.034366,0,0,0,,,,
C,19465,0.034774,0,0,0,,,,
C,19466,0.038629,0,0,0,,,,
C,19467,0.035951,0,0,0,,,,
C,19468,0.036086,0,0,0,,,,
C,19469,0.037375,0,0,0,,,,
C,19470,0.035815,0,0,0,,,,
C,19471,0.036198,0,0,0,,,,
C,19472,0.035816,0,0,0,,,,
C,19473,0.035377,0,0,0,,,,
C,19474,0.035686,0,0,0,,,,
C,19475,0.036096,0,0,0,,,,
C,19476,0.037008,0,0,0,,,,
C,19477,0.039594,0,0,0,,,,
C,19478,0.036001,0,0,0,,,,
C,19479,0.035736,0,0,0,,,,
C,19480,0.036471,0,0,0,,,,
C,19481,0.041211,0,0,0,,,,
C,19482,0.036847,0,0,0,,,,
C,19483,0.037740,0,0,0,,,,
C,19484,0.038932,0,0,0,,,,
C,19485,0.039693,0,0,0,,,,
C,19486,0.042056,0,0,0,,,,
C,19487,0.046545,0,0,0,,,,
C,19488,0.034932,0,0,0,,,,
C,19489,0.035880,0,0,0,,,,
C,19490,0.042475,0,0,0,,,,
C,19491,0.037466,0,0,0,,,,
C,19492,0.036824,0,0,0,,,,
C,19493,0.037350,0,0,0,,,,
C,19494,0.036322,0,0,0,,,,
C,19495,0.036131,0,0,0,,,,
C,19496,0.042893,0,0,0,,,,
C,19497,0.040224,0,0,0,,,,
C,19498,0.041696,0,0,0,,,,
C,19499,0.036315,0,0,0,,,,
C,19500,0.037388,0,0,0,,,,
C,19501,0.037911,0,0,0,,,,
C,19502,0.038561,0,0,0,,,,
C,19503,0.036945,0,0,0,,,,
C,19504,0.042531,0,0,0,,,,
C,19505,0.034591,0,0,0,,,,
C,19506,0.035236,0,0,0,,,,
C,19507,0.036857,0,0,0,,,,
C,19508,0.036161,0,0,0,,,,
C,19509,0.038316,0,0,0,,,,
C,19510,0.035591,0,0,0,,,,
C,19511,0.036316,0,0,0,,,,
C,19512,0.034974,0,0,0,,,,
C,19513,0.036300,0,0,0,,,,
C,19514,0.035424,0,0,0,,,,
C,19515,0.038458,0,0,0,,,,
C,19516,0.038541,0,0,0,,,,
C,19517,0.035134,0,0,0,,,,
C,19518,0.036131,0,0,0,,,,
C,19519,0.036011,0,0,0,,,,
C,19520,0.035848,0,0,0,,,,
C,19521,0.035330,0,0,0,,,,
C,19522,0.037815,0,0,0,,,,
C,19523,0.037123,0,0,0,,,,
C,19524,0.039461,0,0,0,,,,
C,19525,0.037377,0,0,0,,,,
C,19526,0.040248,0,0,0,,,,
C,19527,0.036651,0,0,0,,,,
C,19528,0.037510,0,0,0,,,,
C,19529,0.037038,0,0,0,,,,
C,19530,0.036924,0,0,0,,,,
C,19531,0.036480,0,0,0,,,,
C,19532,0.036745,0,0,0,,,,
C,19533,0.036815,0,0,0,,,,
C,19534,0.038551,0,0,0,,,,
C,19535,0.037870,0,0,0,,,,
C,19536,0.036022,0,0,0,,,,
C,19537,0.036917,0,0,0,,,,
C,19538,0.035309,0,0,0,,,,
C,19539,0.036194,0,0,0,,,,
C,19540,0.036132,0,0,0,,,,
C,19541,0.036398,0,0,0,,,,
C,19542,0.035745,0,0,0,,,,
C,19543,0.041657,0,0,0,,,,
C,19544,0.037555,0,0,0,,,,
C,19545,0.036354,0,0,0,,,,
C,19546,0.035861,0,0,0,,,,
C,19547,0.040586,0,0,0,,,,
C,19548,0.039305,0,0,0,,,,
C,19549,0.036644,0,0,0,,,,
C,19550,0.043782,0,0,0,,,,
C,19551,0.037713,0,0,0,,,,
C,19552,0.040262,0,0,0,,,,
C,19553,0.040884,0,0,0,,,,
C,19554,0.036943,0,0,0,,,,
C,19555,0.045361,0,0,0,,,,
C,19556,0.036957,0,0,0,,,,
C,19557,0.038077,0,0,0,,,,
C,19558,0.064633,0,0,0,,,,
C,19559,0.039681,0,0,0,,,,
C,19560,0.036834,0,0,0,,,,
C,19561,0.039038,0,0,0,,,,
C,19562,0.038578,0,0,0,,,,
C,19563,0.037845,0,0,0,,,,
C,19564,0.041206,0,0,0,,,,
C,19565,0.037841,0,0,0,,,,
C,19566,0.038499,0,0,0,,,,
C,19567,0.038970,0,0,0,,,,
C,19568,0.039184,0,0,0,,,,
C,19569,0.042237,0,0,0,,,,
C,19570,0.036934,0,0,0,,,,
C,19571,0.037170,0,0,0,,,,
C,19572,0.036226,0,0,0,,,,
C,19573,0.036517,0,0,0,,,,
C,19574,0.037418,0,0,0,,,,
C,19575,0.038636,0,0,0,,,,
C,19576,0.037457,0,0,0,,,,
C,19577,0.036629,0,0,0,,,,
C,19578,0.036490,0,0,0,,,,
C,19579,0.038111,0,0,0,,,,
C,19580,0.035052,0,0,0,,,,
C,19581,0.036773,0,0,0,,,,
C,19582,0.035403,0,0,0,,,,
C,19583,0.035809,0,0,0,,,,
C,19584,0.036814,0,0,0,,,,
C,19585,0.037095,0,0,0,,,,
C,19586,0.036775,0,0,0,,,,
C,19587,0.035687,0,0,0,,,,
C,19588,0.036814,0,0,0,,,,
C,19589,0.035278,0,0,0,,,,
C,19590,0.043020,0,0,0,,,,
C,19591,0.037644,0,0,0,,,,
C,19592,0.035256,0,0,0,,,,
C,19593,0.035555,0,0,0,,,,
C,19594,0.035412,0,0,0,,,,
C,19595,0.035863,0,0,0,,,,
C,19596,0.037292,0,0,0,,,,
C,19597,0.041839,0,0,0,,,,
C,19598,0.035904,0,0,0,,,,
C,19599,0.035975,0,0,0,,,,
C,19600,0.036250,0,0,0,,,,
C,19601,0.037746,0,0,0,,,,
C,19602,0.036435,0,0,0,,,,
C,19603,0.043976,0,0,0,,,,
C,19604,0.041266,0,0,0,,,,
C,19605,0.039667,0,0,0,,,,
C,19606,0.037606,0,0,0,,,,
C,19607,0.034884,0,0,0,,,,
C,19608,0.035764,0,0,0,,,,
C,19609,0.036593,0,0,0,,,,
C,19610,0.036758,0,0,0,,,,
C,19611,0.036759,0,0,0,,,,
C,19612,0.035562,0,0,0,,,,
C,19613,0.036084,0,0,0,,,,
C,19614,0.035109,0,0,0,,,,
C,19615,0.036662,0,0,0,,,,
C,19616,0.035212,0,0,0,,,,
C,19617,0.035575,0,0,0,,,,
C,19618,0.035419,0,0,0,,,,
C,19619,0.034539,0,0,0,,,,
C,19620,0.034962,0,0,0,,,,
C,19621,0.034979,0,0,0,,,,
C,19622,0.035089,0,0,0,,,,
C,19623,0.034929,0,0,0,,,,
C,19624,0.034720,0,0,0,,,,
C,19625,0.034933,0,0,0,,,,
C,19626,0.034602,0,0,0,,,,
C,19627,0.035038,0,0,0,,,,
C,19628,0.034190,0,0,0,,,,
C,19629,0.034619,0,0,0,,,,
C,19630,0.034702,0,0,0,,,,
C,19631,0.036491,0,0,0,,,,
C,19632,0.034673,0,0,0,,,,
C,19633,0.035987,0,0,0,,,,
C,19634,0.035058,0,0,0,,,,
C,19635,0.035422,0,0,0,,,,
C,19636,0.034924,0,0,0,,,,
C,19637,0.036113,0,0,0,,,,
C,19638,0.035683,0,0,0,,,,
C,19639,0.037065,0,0,0,,,,
C,19640,0.035608,0,0,0,,,,
C,19641,0.036244,0,0,0,,,,
C,19642,0.035813,0,0,0,,,,
C,19643,0.036160,0,0,0,,,,
C,19644,0.036500,0,0,0,,,,
C,19645,0.035909,0,0,0,,,,
C,19646,0.036129,0,0,0,,,,
C,19647,0.035440,0,0,0,,,,
C,19648,0.034697,0,0,0,,,,
C,19649,0.034466,0,0,0,,,,
C,19650,0.034965,0,0,0,,,,
C,19651,0.034828,0,0,0,,,,
C,19652,0.035590,0,0,0,,,,
C,19653,0.037598,0,0,0,,,,
C,19654,0.038281,0,0,0,,,,
C,19655,0.035179,0,0,0,,,,
C,19656,0.034343,0,0,0,,,,
C,19657,0.034294,0,0,0,,,,
C,19658,0.034343,0,0,0,,,,
C,19659,0.034709,0,0,0,,,,
C,19660,0.035021,0,0,0,,,,
C,19661,0.036227,0,0,0,,,,
C,19662,0.034907,0,0,0,,,,
C,19663,0.035408,0,0,0,,,,
C,19664,0.036144,0,0,0,,,,
C,19665,0.036734,0,0,0,,,,
C,19666,0.033973,0,0,0,,,,
C,19667,0.034249,0,0,0,,,,
C,19668,0.035883,0,0,0,,,,
C,19669,0.040344,0,0,0,,,,
C,19670,0.037727,0,0,0,,,,
C,19671,0.034938,0,0,0,,,,
C,19672,0.035392,0,0,0,,,,
C,19673,0.037791,0,0,0,,,,
C,19674,0.035100,0,0,0,,,,
C,19675,0.035883,0,0,0,,,,
C,19676,0.036153,0,0,0,,,,
C,19677,0.038438,0,0,0,,,,
C,19678,0.037034,0,0,0,,,,
C,19679,0.037650,0,0,0,,,,
C,19680,0.036628,0,0,0,,,,
C,19681,0.037422,0,0,0,,,,
C,19682,0.036300,0,0,0,,,,
C,19683,0.039036,0,0,0,,,,
C,19684,0.039133,0,0,0,,,,
C,19685,0.037112,0,0,0,,,,
C,19686,0.035928,0,0,0,,,,
C,19687,0.035927,0,0,0,,,,
C,19688,0.036602,0,0,0,,,,
C,19689,0.036002,0,0,0,,,,
C,19690,0.035415,0,0,0,,,,
C,19691,0.036552,0,0,0,,,,
C,19692,0.036003,0,0,0,,,,
C,19693,0.035452,0,0,0,,,,
C,19694,0.035698,0,0,0,,,,
C,19695,0.035374,0,0,0,,,,
C,19696,0.035293,0,0,0,,,,
C,19697,0.035570,0,0,0,,,,
C,19698,0.035027,0,0,0,,,,
C,19699,0.034591,0,0,0,,,,
C,19700,0.035772,0,0,0,,,,
C,19701,0.034977,0,0,0,,,,
C,19702,0.036133,0,0,0,,,,
C,19703,0.036847,0,0,0,,,,
C,19704,0.035173,0,0,0,,,,
C,19705,0.035359,0,0,0,,,,
C,19706,0.035955,0,0,0,,,,
C,19707,0.036284,0,0,0,,,,
C,19708,0.035667,0,0,0,,,,
C,19709,0.035409,0,0,0,,,,
C,19710,0.035571,0,0,0,,,,
C,19711,0.035359,0,0,0,,,,
C,19712,0.035597,0,0,0,,,,
C,19713,0.035165,0,0,0,,,,
C,19714,0.035201,0,0,0,,,,
C,19715,0.035660,0,0,0,,,,
C,19716,0.035396,0,0,0,,,,
C,19717,0.035735,0,0,0,,,,
C,19718,0.035185,0,0,0,,,,
C,19719,0.035888,0,0,0,,,,
C,19720,0.035358,0,0,0,,,,
C,19721,0.037695,0,0,0,,,,
C,19722,0.035703,0,0,0,,,,
C,19723,0.036785,0,0,0,,,,
C,19724,0.035387,0,0,0,,,,
C,19725,0.035782,0,0,0,,,,
C,19726,0.035382,0,0,0,,,,
C,19727,0.036065,0,0,0,,,,
C,19728,0.035773,0,0,0,,,,
C,19729,0.035151,0,0,0,,,,
C,19730,0.036729,0,0,0,,,,
C,19731,0.038056,0,0,0,,,,
C,19732,0.035659,0,0,0,,,,
C,19733,0.035535,0,0,0,,,,
C,19734,0.035141,0,0,0,,,,
C,19735,0.034957,0,0,0,,,,
C,19736,0.034838,0,0,0,,,,
C,19737,0.034061,0,0,0,,,,
C,19738,0.035385,0,0,0,,,,
C,19739,0.036824,0,0,0,,,,
C,19740,0.035801,0,0,0,,,,
C,19741,0.036040,0,0,0,,,,
C,19742,0.035782,0,0,0,,,,
C,19743,0.035753,0,0,0,,,,
C,19744,0.035526,0,0,0,,,,
C,19745,0.044082,0,0,0,,,,
C,19746,0.035586,0,0,0,,,,
C,19747,0.036830,0,0,0,,,,
C,19748,0.036588,0,0,0,,,,
C,19749,0.038167,0,0,0,,,,
C,19750,0.035236,0,0,0,,,,
C,19751,0.036679,0,0,0,,,,
C,19752,0.040044,0,0,0,,,,
C,19753,0.035557,0,0,0,,,,
C,19754,0.035751,0,0,0,,,,
C,19755,0.035047,0,0,0,,,,
C,19756,0.039109,0,0,0,,,,
C,19757,0.037670,0,0,0,,,,
C,19758,0.038379,0,0,0,,,,
C,19759,0.036032,0,0,0,,,,
C,19760,0.037800,0,0,0,,,,
C,19761,0.035567,0,0,0,,,,
C,19762,0.035335,0,0,0,,,,
C,19763,0.035886,0,0,0,,,,
C,19764,0.036632,0,0,0,,,,
C,19765,0.035816,0,0,0,,,,
C,19766,0.035767,0,0,0,,,,
C,19767,0.036006,0,0,0,,,,
C,19768,0.035866,0,0,0,,,,
C,19769,0.036974,0,0,0,,,,
C,19770,0.035621,0,0,0,,,,
C,19771,0.035977,0,0,0,,,,
C,19772,0.035304,0,0,0,,,,
C,19773,0.041508,0,0,0,,,,
C,19774,0.036642,0,0,0,,,,
C,19775,0.039281,0,0,0,,,,
C,19776,0.041536,0,0,0,,,,
C,19777,0.055234,0,0,0,,,,
C,19778,0.038715,0,0,0,,,,
C,19779,0.038972,0,0,0,,,,
C,19780,0.039644,0,0,0,,,,
C,19781,0.038462,0,0,0,,,,
C,19782,0.036657,0,0,0,,,,
C,19783,0.036764,0,0,0,,,,
C,19784,0.041066,0,0,0,,,,
C,19785,0.039496,0,0,0,,,,
C,19786,0.037466,0,0,0,,,,
C,19787,0.038762,0,0,0,,,,
C,19788,0.041728,0,0,0,,,,
C,19789,0.049521,0,0,0,,,,
C,19790,0.037358,0,0,0,,,,
C,19791,0.038309,0,0,0,,,,
C,19792,0.036305,0,0,0,,,,
C,19793,0.036143,0,0,0,,,,
C,19794,0.041905,0,0,0,,,,
C,19795,0.038771,0,0,0,,,,
C,19796,0.035668,0,0,0,,,,
C,19797,0.035243,0,0,0,,,,
C,19798,0.035973,0,0,0,,,,
C,19799,0.040973,0,0,0,,,,
C,19800,0.037391,0,0,0,,,,
C,19801,0.038341,0,0,0,,,,
C,19802,0.037206,0,0,0,,,,
C,19803,0.035922,0,0,0,,,,
C,19804,0.035166,0,0,0,,,,
C,19805,0.035008,0,0,0,,,,
C,19806,0.066975,0,0,0,,,,
C,19807,0.035673,0,0,0,,,,
C,19808,0.036513,0,0,0,,,,
C,19809,0.035987,0,0,0,,,,
C,19810,0.040916,0,0,0,,,,
C,19811,0.036117,0,0,0,,,,
C,19812,0.039783,0,0,0,,,,
C,19813,0.036495,0,0,0,,,,
C,19814,0.038264,0,0,0,,,,
C,19815,0.041326,0,0,0,,,,
C,19816,0.037386,0,0,0,,,,
C,19817,0.040255,0,0,0,,,,
C,19818,0.036792,0,0,0,,,,
C,19819,0.048244,0,0,0,,,,
C,19820,0.036326,0,0,0,,,,
C,19821,0.035782,0,0,0,,,,
C,19822,0.036268,0,0,0,,,,
C,19823,0.041579,0,0,0,,,,
C,19824,0.043179,0,0,0,,,,
C,19825,0.037845,0,0,0,,,,
C,19826,0.038686,0,0,0,,,,
C,19827,0.035641,0,0,0,,,,
C,19828,0.035277,0,0,0,,,,
C,19829,0.036255,0,0,0,,,,
C,19830,0.039918,0,0,0,,,,
C,19831,0.035933,0,0,0,,,,
C,19832,0.035914,0,0,0,,,,
C,19833,0.036316,0,0,0,,,,
C,19834,0.037018,0,0,0,,,,
C,19835,0.036125,0,0,0,,,,
C,19836,0.045599,0,0,0,,,,
C,19837,0.035603,0,0,0,,,,
C,19838,0.036029,0,0,0,,,,
C,19839,0.040602,0,0,0,,,,
C,19840,0.051466,0,0,0,,,,
C,19841,0.040543,0,0,0,,,,
C,19842,0.042722,0,0,0,,,,
C,19843,0.039500,0,0,0,,,,
C,19844,0.036765,0,0,0,,,,
C,19845,0.036678,0,0,0,,,,
C,19846,0.036019,0,0,0,,,,
C,19847,0.036166,0,0,0,,,,
C,19848,0.037721,0,0,0,,,,
C,19849,0.036246,0,0,0,,,,
C,19850,0.034842,0,0,0,,,,
C,19851,0.035711,0,0,0,,,,
C,19852,0.034847,0,0,0,,,,
C,19853,0.039755,0,0,0,,,,
C,19854,0.035815,0,0,0,,,,
C,19855,0.035221,0,0,0,,,,
C,19856,0.037086,0,0,0,,,,
C,19857,0.037612,0,0,0,,,,
C,19858,0.036179,0,0,0,,,,
C,19859,0.035794,0,0,0,,,,
C,19860,0.036018,0,0,0,,,,
C,19861,0.036818,0,0,0,,,,
C,19862,0.035985,0,0,0,,,,
C,19863,0.036813,0,0,0,,,,
C,19864,0.036223,0,0,0,,,,
C,19865,0.035736,0,0,0,,,,
C,19866,0.035984,0,0,0,,,,
C,19867,0.036629,0,0,0,,,,
C,19868,0.036566,0,0,0,,,,
C,19869,0.035427,0,0,0,,,,
C,19870,0.036300,0,0,0,,,,
C,19871,0.036525,0,0,0,,,,
C,19872,0.040275,0,0,0,,,,
C,19873,0.036221,0,0,0,,,,
C,19874,0.037039,0,0,0,,,,
C,19875,0.036060,0,0,0,,,,
C,19876,0.035516,0,0,0,,,,
C,19877,0.035850,0,0,0,,,,
C,19878,0.035805,0,0,0,,,,
C,19879,0.038666,0,0,0,,,,
C,19880,0.036711,0,0,0,,,,
C,19881,0.037471,0,0,0,,,,
C,19882,0.037877,0,0,0,,,,
C,19883,0.036738,0,0,0,,,,
C,19884,0.037361,0,0,0,,,,
C,19885,0.035720,0,0,0,,,,
C,19886,0.040680,0,0,0,,,,
C,19887,0.037061,0,0,0,,,,
C,19888,0.036181,0,0,0,,,,
C,19889,0.037033,0,0,0,,,,
C,19890,0.035157,0,0,0,,,,
C,19891,0.045258,0,0,0,,,,
C,19892,0.036583,0,0,0,,,,
C,19893,0.037326,0,0,0,,,,
C,19894,0.036740,0,0,0,,,,
C,19895,0.035931,0,0,0,,,,
C,19896,0.035975,0,0,0,,,,
C,19897,0.036306,0,0,0,,,,
C,19898,0.036035,0,0,0,,,,
C,19899,0.036015,0,0,0,,,,
C,19900,0.035740,0,0,0,,,,
C,19901,0.036752,0,0,0,,,,
C,19902,0.036262,0,0,0,,,,
C,19903,0.037042,0,0,0,,,,
C,19904,0.035737,0,0,0,,,,
C,19905,0.036786,0,0,0,,,,
C,19906,0.036126,0,0,0,,,,
C,19907,0.036471,0,0,0,,,,
C,19908,0.036296,0,0,0,,,,
C,19909,0.036094,0,0,0,,,,
C,19910,0.036145,0,0,0,,,,
C,19911,0.036321,0,0,0,,,,
C,19912,0.036801,0,0,0,,,,
C,19913,0.035581,0,0,0,,,,
C,19914,0.037640,0,0,0,,,,
C,19915,0.036162,0,0,0,,,,
C,19916,0.036279,0,0,0,,,,
C,19917,0.036458,0,0,0,,,,
C,19918,0.036250,0,0,0,,,,
C,19919,0.038672,0,0,0,,,,
C,19920,0.035976,0,0,0,,,,
C,19921,0.045374,0,0,0,,,,
C,19922,0.037197,0,0,0,,,,
C,19923,0.043788,0,0,0,,,,
C,19924,0.036158,0,0,0,,,,
C,19925,0.036096,0,0,0,,,,
C,19926,0.036153,0,0,0,,,,
C,19927,0.035944,0,0,0,,,,
C,19928,0.051291,0,0,0,,,,
C,19929,0.035960,0,0,0,,,,
C,19930,0.035071,0,0,0,,,,
C,19931,0.036960,0,0,0,,,,
C,19932,0.037865,0,0,0,,,,
C,19933,0.035421,0,0,0,,,,
C,19934,0.035363,0,0,0,,,,
C,19935,0.035073,0,0,0,,,,
C,19936,0.035663,0,0,0,,,,
C,19937,0.035502,0,0,0,,,,
C,19938,0.035519,0,0,0,,,,
C,19939,0.035563,0,0,0,,,,
C,19940,0.034816,0,0,0,,,,
C,19941,0.035058,0,0,0,,,,
C,19942,0.036111,0,0,0,,,,
C,19943,0.036108,0,0,0,,,,
C,19944,0.036623,0,0,0,,,,
C,19945,0.035020,0,0,0,,,,
C,19946,0.035740,0,0,0,,,,
C,19947,0.035923,0,0,0,,,,
C,19948,0.034841,0,0,0,,,,
C,19949,0.034440,0,0,0,,,,
C,19950,0.034874,0,0,0,,,,
C,19951,0.034943,0,0,0,,,,
C,19952,0.036975,0,0,0,,,,
C,19953,0.035204,0,0,0,,,,
C,19954,0.035310,0,0,0,,,,
C,19955,0.039075,0,0,0,,,,
C,19956,0.039510,0,0,0,,,,
C,19957,0.039223,0,0,0,,,,
C,19958,0.041686,0,0,0,,,,
C,19959,0.039880,0,0,0,,,,
C,19960,0.046855,0,0,0,,,,
C,19961,0.036173,0,0,0,,,,
C,19962,0.035648,0,0,0,,,,
C,19963,0.035347,0,0,0,,,,
C,19964,0.038611,0,0,0,,,,
C,19965,0.035888,0,0,0,,,,
C,19966,0.037267,0,0,0,,,,
C,19967,0.036536,0,0,0,,,,
C,19968,0.036609,0,0,0,,,,
C,19969,0.037141,0,0,0,,,,
C,19970,0.036245,0,0,0,,,,
C,19971,0.036906,0,0,0,,,,
C,19972,0.036248,0,0,0,,,,
C,19973,0.036398,0,0,0,,,,
C,19974,0.037106,0,0,0,,,,
C,19975,0.038242,0,0,0,,,,
C,19976,0.035711,0,0,0,,,,
C,19977,0.037095,0,0,0,,,,
C,19978,0.035694,0,0,0,,,,
C,19979,0.036364,0,0,0,,,,
C,19980,0.040577,0,0,0,,,,
C,19981,0.037666,0,0,0,,,,
C,19982,0.037468,0,0,0,,,,
C,19983,0.039272,0,0,0,,,,
C,19984,0.038063,0,0,0,,,,
C,19985,0.035973,0,0,0,,,,
C,19986,0.036018,0,0,0,,,,
C,19987,0.036106,0,0,0,,,,
C,19988,0.036174,0,0,0,,,,
C,19989,0.035940,0,0,0,,,,
C,19990,0.035754,0,0,0,,,,
C,19991,0.036455,0,0,0,,,,
C,19992,0.035863,0,0,0,,,,
C,19993,0.036089,0,0,0,,,,
C,19994,0.035419,0,0,0,,,,
C,19995,0.036100,0,0,0,,,,
C,19996,0.035935,0,0,0,,,,
C,19997,0.035262,0,0,0,,,,
C,19998,0.036246,0,0,0,,,,
C,19999,0.035809,0,0,0,,,,
C,20000,0.036608,0,0,0,208.0,1.219e-10,"{'checked': 26, 'zsx_rejected': 6, 'default_rejected': 0, 'closed_form_forced': 0, 'inexact': 9, 'exact_rebuilt': 0, 'best_effort': 0, 'best_effort_worst': 0.0, 'psf_rerouted': 0, 'psf_rerouted_worst_residual': 0.0}",1200
