qiskit,psf_true,psf_false
0.007614000,0.001328000,0.000997900
0.007050900,0.000918400,0.000758600
0.006040000,0.000891600,0.000759400
0.007536500,0.001878600,0.001004500
0.006973300,0.001426300,0.001297200
0.007302000,0.001513500,0.000879000
0.006173000,0.000904700,0.000751500
0.006393700,0.001457800,0.001232100
0.006275500,0.001456800,0.000893800
0.007892200,0.000902500,0.000720600
0.006888300,0.001399400,0.001239300
0.007656100,0.000898900,0.000852800
0.006981200,0.000959500,0.000774700
0.008146000,0.001449400,0.001212300
0.007957300,0.001397300,0.001127600
0.009069400,0.000964500,0.000771500
0.007289200,0.001401600,0.001231700
0.007149700,0.000879000,0.000728200
0.007009200,0.001484600,0.001090500
0.007064000,0.000912700,0.000797400
0.006818000,0.000872700,0.000802600
0.007300600,0.001478800,0.001225600
0.007840200,0.001585700,0.000789800
0.007431700,0.001513100,0.000802400
0.007502500,0.000948400,0.000724400
0.008335200,0.000923400,0.001173400
0.007746500,0.001621100,0.000844300
0.006469300,0.000917900,0.000739700
0.007407000,0.001496500,0.000819400
0.006386800,0.001595600,0.000899800
0.007102500,0.000947400,0.001608300
0.007243000,0.000997300,0.000736400
0.007054200,0.001108500,0.000802800
0.007137600,0.001678100,0.000890400
0.007172000,0.000956400,0.000758400
0.006466000,0.000939300,0.000760400
0.006580100,0.001107200,0.000736500
0.006632200,0.001517500,0.001259800
0.006940500,0.001465100,0.001289700
0.006934100,0.000969400,0.000756400
0.006462200,0.000953000,0.000766800
0.007647000,0.001533100,0.001171700
0.006541600,0.001596100,0.001287100
0.008950000,0.000888600,0.000745100
0.006073900,0.001432900,0.001230700
0.006013300,0.001056900,0.000713400
0.007659200,0.000997800,0.000799000
0.007358900,0.001469800,0.001237500
0.007602800,0.001122300,0.000772800
0.007375200,0.001516200,0.000834400
0.007676300,0.001209600,0.000788700
0.006912900,0.001455100,0.001224800
0.009187400,0.000905700,0.000827400
0.007263100,0.001537700,0.001280300
0.007697200,0.000981700,0.000758900
0.006837700,0.001473300,0.001291400
0.006498400,0.000930700,0.000730700
0.006878400,0.000927400,0.000820100
0.007006000,0.001160400,0.000944400
0.006863500,0.000953400,0.000760300
0.006281100,0.000953500,0.000902600
0.007126000,0.001025300,0.000891800
0.007275900,0.001592600,0.001277300
0.006862600,0.000917200,0.000819300
0.005968100,0.000971700,0.001124000
0.006393400,0.001915000,0.000868600
0.007216200,0.001433300,0.001244000
0.007156500,0.001499800,0.001240500
0.006900400,0.001648100,0.001239200
0.006830100,0.001055600,0.000767900
0.006937000,0.001532200,0.001227000
0.007231800,0.000956100,0.000755400
0.007076800,0.000898900,0.000741200
0.007424300,0.001567000,0.001255300
0.006147200,0.001054300,0.000901300
0.007990800,0.001511000,0.001227400
0.007204600,0.000899500,0.000733700
0.007244600,0.001387700,0.001202700
0.007468900,0.001443200,0.001228400
0.007071900,0.000883000,0.000734000
0.006402700,0.001410300,0.001237900
0.007158300,0.001395800,0.001219600
0.008037700,0.000892800,0.000758700
0.008828200,0.000924900,0.000739500
0.006973200,0.000922300,0.000760100
0.008863600,0.001500500,0.000744600
0.007328800,0.001854200,0.001242800
0.007537400,0.000955800,0.000780300
0.006457900,0.001009100,0.001217300
0.007348000,0.000927900,0.000744000
0.007015600,0.001078200,0.000913800
0.006477700,0.001103100,0.000789300
0.006292700,0.001477100,0.001228300
0.006451200,0.000920200,0.000914200
0.006466400,0.001758900,0.000883300
0.006925700,0.000951800,0.000763500
0.006637700,0.001300100,0.000887200
0.008440800,0.000962500,0.000774300
0.006591500,0.001473900,0.001258300
0.006831300,0.001499900,0.001275700
0.006419800,0.001341700,0.000791100
0.006207700,0.001584100,0.001270000
0.008021400,0.000923100,0.000733300
0.006960200,0.001609700,0.000900500
0.007681600,0.000974600,0.000767400
0.008210200,0.000975100,0.000767000
0.006947700,0.001493600,0.000901000
0.006502400,0.000964200,0.000740700
0.005991900,0.001531100,0.001337800
0.006331000,0.001612500,0.001277500
0.007078800,0.001439100,0.001215500
0.008055800,0.000931200,0.000786600
0.007132400,0.001913800,0.001011300
0.007934800,0.000960900,0.000750000
0.006951000,0.000939600,0.000761200
0.007308900,0.001509100,0.001252600
0.008455600,0.000978100,0.000737900
0.008062100,0.001763800,0.001574300
0.006666400,0.000916500,0.000724300
0.007092100,0.001532600,0.001240200
0.006501400,0.000862200,0.000737800
0.006004300,0.000932000,0.000774700
0.006784300,0.000936900,0.000771700
0.007333500,0.001748500,0.001318300
0.006870700,0.000981100,0.000782900
0.008140800,0.000903200,0.000744100
0.008550500,0.001393800,0.001242400
0.007417200,0.000899600,0.000725600
0.007315400,0.001511700,0.001242800
0.010129400,0.000957000,0.000726800
0.008215700,0.000884600,0.000762200
0.007362800,0.001515200,0.001215100
0.007574800,0.000878600,0.000714100
0.007613500,0.001371200,0.001202700
0.006960800,0.000909100,0.000712100
0.007676900,0.000951500,0.000781200
0.007428300,0.000963900,0.000785400
0.006932700,0.001567900,0.001258400
0.006787800,0.000903000,0.000760900
0.006557700,0.000967300,0.000751300
0.008859000,0.001618600,0.001231500
0.008172300,0.001555700,0.001271200
0.008326900,0.001236100,0.000821000
0.006710300,0.001288800,0.000805300
0.006868100,0.000868000,0.000742000
0.006606300,0.000877500,0.000750600
0.006651200,0.001542700,0.000784700
0.007512300,0.000895800,0.000761500
0.006633200,0.001771800,0.000968700
0.005727900,0.001405600,0.001209400
0.006733700,0.001051000,0.000798800
0.006060200,0.001434900,0.001270700
0.006497800,0.001257400,0.000874500
0.006546500,0.001563200,0.001295200
0.006189900,0.000901900,0.000770500
0.006389100,0.000929600,0.000749300
0.005503000,0.000885200,0.000768300
0.006239800,0.001254400,0.000885100
0.006839900,0.000977800,0.000771500
0.006176100,0.001433400,0.001241300
0.005942600,0.001751400,0.001217000
0.006386600,0.001081100,0.000821500
0.006912600,0.000897800,0.000733400
0.006871000,0.001680300,0.000970000
0.006313600,0.000943200,0.000976500
0.006164100,0.001705100,0.000814600
0.006889300,0.001445400,0.001216100
0.006212700,0.001553700,0.001200700
0.007146800,0.001565200,0.001526000
0.006137300,0.000956300,0.000759800
0.006929000,0.001498200,0.001222500
0.006057200,0.000912000,0.000826100
0.005656400,0.001399400,0.000958900
0.006944800,0.000907800,0.000778000
0.005908900,0.000871300,0.000745000
0.007177100,0.000884000,0.000751800
0.006008300,0.000893800,0.000746400
0.006053100,0.000875500,0.000745900
0.007238800,0.000888400,0.000740600
0.006286300,0.000967000,0.000776600
0.008739400,0.000905200,0.000795200
0.006522000,0.000889000,0.000741100
0.007909000,0.000993900,0.000771500
0.007382000,0.000930600,0.000757000
0.006340200,0.000932400,0.000757000
0.008072600,0.000926900,0.000760200
0.006793200,0.000932000,0.000755500
0.007236900,0.000888400,0.000767600
0.005828000,0.000923400,0.000762900
0.007251400,0.000906600,0.000749000
0.007786300,0.000981400,0.000756500
0.007068200,0.000875200,0.000749700
0.007074200,0.000990100,0.000762600
0.006466100,0.000964900,0.000761700
0.006599100,0.000960400,0.000754000
0.008361800,0.000898100,0.000744900
0.006977200,0.000921500,0.000768000
0.006852000,0.000960900,0.000768700
0.006619700,0.000919100,0.000745500
0.006957000,0.000905700,0.000759100
0.006530900,0.000929600,0.000745000
0.007269900,0.000957600,0.000854500
0.007261000,0.000904400,0.000742600
0.007290600,0.000920500,0.000736300
0.010595400,0.000909600,0.000844900
0.006809600,0.000923800,0.000746700
0.006558000,0.000900700,0.000779100
0.006871200,0.000937200,0.000766500
0.007187100,0.000919800,0.000785000
0.006665900,0.000925300,0.000759600
0.006733000,0.000911100,0.000740100
0.007242700,0.000887300,0.000753100
0.006972800,0.000909300,0.000772100
0.007293300,0.001579500,0.000786400
0.007325800,0.000878100,0.000791700
0.005970500,0.000896900,0.000746900
0.006957500,0.000941700,0.000781900
0.008776600,0.000900600,0.000743700
0.006826100,0.000944400,0.000804000
0.006482200,0.001683000,0.001301500
0.006110600,0.000913700,0.000747800
0.007409600,0.000922400,0.000752200
0.006871500,0.000910200,0.000750400
0.007620800,0.000935000,0.000749000
0.006764300,0.000930200,0.000753900
0.006824300,0.000897200,0.000803000
0.006586900,0.000884200,0.000749100
0.006279000,0.000961800,0.000755300
0.006680300,0.000904500,0.000751500
0.006849700,0.000912100,0.000755900
0.006717600,0.000917200,0.000748500
0.008684200,0.001101300,0.000780900
0.006721000,0.000933000,0.000746300
0.006824300,0.000904400,0.000752900
0.007323000,0.000916100,0.000758900
0.008379600,0.001073300,0.000746900
0.007518200,0.000939900,0.000754000
0.006814600,0.000962900,0.000753700
0.006759200,0.000943000,0.000761300
0.008206800,0.000982900,0.000773000
0.006372000,0.000907000,0.000789900
0.006744600,0.001764200,0.001222500
0.007785900,0.000885400,0.000732900
0.007533300,0.000966900,0.000752600
0.007258200,0.000913200,0.000756200
0.007117600,0.000922100,0.000745800
0.006585200,0.000902000,0.000769400
0.006872400,0.000965200,0.000735800
0.006885700,0.000866300,0.000744600
0.006760500,0.000892100,0.000754300
0.006044700,0.001523200,0.000754100
0.005702400,0.000885800,0.000760300
0.006525200,0.000889400,0.000750400
0.007008100,0.000917900,0.000747500
0.007867300,0.000901500,0.000747000
0.008983400,0.003953200,0.004034000
0.021868900,0.004204400,0.003884800
0.023108900,0.004170100,0.003837800
0.023211300,0.004252100,0.003832600
0.021368200,0.003627000,0.003454000
0.018574800,0.003595300,0.003314500
0.021532900,0.004254800,0.003823600
0.021214400,0.004277300,0.003928200
0.019605800,0.004285900,0.003865800
0.020547200,0.004201800,0.003797100
0.019816700,0.004161800,0.003827900
0.023356500,0.004219800,0.004340500
0.021522900,0.004277300,0.003955000
0.023060900,0.004397300,0.004802900
0.022662200,0.003678000,0.003268300
0.021183300,0.003632700,0.003300600
0.019507100,0.003568200,0.003280300
0.014930300,0.002440500,0.002125700
0.022314800,0.003754500,0.003507600
0.022583500,0.003706400,0.003723200
0.020836100,0.003396400,0.003888100
0.021689500,0.004170800,0.003610400
0.022162600,0.004422900,0.003908300
0.022521500,0.004239500,0.003460300
0.019523300,0.004258200,0.004071900
0.019051600,0.003932000,0.003423200
0.017518500,0.002559000,0.003335300
0.020492700,0.004211100,0.004339300
0.019280300,0.003703000,0.003330800
0.022034600,0.004204400,0.004409400
0.018754200,0.003736200,0.003329300
0.023878000,0.003798000,0.003505200
0.020943200,0.004199000,0.003824200
0.022158800,0.003613900,0.003294300
0.015815900,0.003467800,0.003812700
0.022221200,0.004381900,0.003861000
0.025003100,0.004280400,0.004398200
0.022896700,0.004202600,0.003871100
0.021469100,0.004272600,0.003900100
0.018059100,0.003788900,0.003306500
0.023223200,0.004133100,0.003351000
0.021025300,0.004198900,0.003635400
0.021787700,0.001718400,0.003819400
0.023742400,0.004079700,0.003999500
0.022359800,0.001598200,0.003879600
0.020217400,0.003630900,0.003337500
0.023744200,0.004477700,0.003833800
0.021571400,0.003640600,0.003308200
0.021500300,0.004210800,0.003759500
0.023348900,0.004217900,0.003864700
0.022424600,0.003734100,0.003318700
0.021455000,0.002436200,0.003695300
0.021213200,0.004220200,0.003845800
0.020825800,0.001692000,0.003863800
0.024130000,0.004249000,0.003304000
0.019086800,0.002209100,0.004338400
0.022427100,0.004188600,0.004341000
0.018372000,0.004515500,0.004223300
0.020696800,0.004181400,0.003810100
0.020156600,0.002968200,0.003859900
0.024057000,0.004178100,0.003857000
0.022250200,0.003587700,0.003805900
0.023738600,0.004278100,0.003913300
0.024605600,0.004268800,0.004382800
0.019329500,0.004313000,0.003825200
0.016747200,0.004183800,0.004105100
0.021864200,0.004431200,0.003890900
0.013489000,0.004178000,0.004053000
0.022469100,0.004529200,0.004027800
0.018305000,0.004235700,0.003919600
0.014534000,0.004386900,0.003896900
0.023485900,0.005127900,0.004463300
0.022270400,0.003797800,0.003454900
0.024283500,0.003859700,0.003433800
0.021200000,0.005259100,0.004228200
0.022758900,0.003747200,0.001374500
0.017560800,0.003836900,0.003311300
0.021813300,0.003849600,0.003975000
0.022372100,0.003581900,0.003426300
0.016170800,0.004518300,0.004139300
0.021800000,0.004109800,0.003873300
0.021704600,0.004020200,0.003258100
0.024077300,0.004326500,0.003348100
0.021807100,0.003836000,0.003312900
0.023744200,0.001921700,0.004002100
0.020277200,0.003951000,0.003336200
0.022590000,0.004281700,0.003655500
0.022528200,0.003693100,0.003317900
0.020892700,0.003712700,0.003447500
0.016371100,0.004412800,0.003928700
0.020308300,0.001737800,0.003731700
0.014793900,0.002622400,0.002368800
0.013187700,0.004850500,0.003928900
0.016905900,0.001656000,0.003398500
0.016724500,0.001534800,0.003380600
0.015075600,0.001639700,0.001323700
0.018492000,0.003882200,0.001597700
0.009858700,0.002831100,0.002985800
0.018591700,0.001975300,0.002982800
0.019144600,0.002695300,0.004301700
0.017922000,0.004817300,0.004263700
0.015417300,0.003437300,0.003086200
0.015302800,0.003052100,0.003760400
0.015871300,0.001558800,0.003265800
0.014193800,0.003624800,0.003338400
0.017786500,0.004308800,0.003383800
0.016305400,0.004010800,0.003285000
0.018623400,0.004451700,0.003646700
0.019971400,0.002630000,0.004237300
0.012934400,0.003331400,0.001703100
0.014115900,0.004564700,0.002883400
0.017643900,0.002876700,0.003638900
0.017305300,0.001627700,0.002161700
0.016001200,0.001588100,0.002878100
0.012658400,0.003921600,0.003388100
0.016248100,0.003001500,0.001473800
0.014145900,0.003348800,0.003861500
0.013973500,0.003862200,0.003318700
0.013756300,0.003694400,0.002433300
0.018433800,0.001828000,0.001773800
0.016188600,0.004446700,0.003740800
0.013719000,0.003978500,0.003522100
0.016373200,0.003750800,0.003282000
0.015114700,0.004083500,0.003402100
0.016860300,0.004071500,0.004388600
0.020019700,0.004742000,0.001350800
0.014804100,0.003808800,0.002854800
0.016826800,0.002987100,0.002451400
0.017075700,0.004321900,0.003900200
0.017629900,0.003702500,0.003200500
0.017505100,0.002983700,0.003400800
0.017063800,0.004319700,0.003014000
0.014619100,0.004236500,0.003919400
0.017120700,0.004077900,0.002830800
0.020088000,0.004711900,0.004057200
0.009826800,0.004602700,0.003675100
0.016853300,0.004252100,0.003926900
0.013483000,0.002141600,0.003432600
0.015509800,0.001496600,0.002874500
0.018701900,0.001840000,0.003643800
0.016529700,0.004410300,0.003968200
0.014299100,0.002376800,0.002522400
0.017209700,0.002080800,0.001791800
0.016364700,0.001675600,0.001356300
0.016223200,0.004399900,0.002827400
0.020829700,0.001502700,0.003001900
0.019034400,0.002524100,0.003293400
0.013026100,0.004267200,0.003789100
0.013684300,0.003531600,0.003437100
0.015955700,0.001646100,0.004505000
0.021237200,0.002324300,0.004318600
0.017646600,0.003800700,0.003363900
0.017954400,0.001630300,0.001358100
0.014920500,0.004796600,0.003551700
0.018065500,0.004055900,0.003399100
0.020046200,0.004126800,0.003554000
0.017386800,0.003186300,0.004014600
0.017303100,0.003282100,0.002260000
0.018490000,0.004107900,0.002636400
0.012688100,0.001507900,0.002671600
0.015578200,0.003500700,0.003822800
0.011945800,0.005303600,0.003971900
0.015581100,0.003878300,0.003888900
0.018193000,0.002106900,0.002948700
0.017969500,0.001764000,0.003822700
0.018094400,0.004264800,0.003941100
0.018330400,0.001855000,0.002833400
0.016502700,0.001654900,0.002872800
0.017918400,0.004305400,0.003852700
0.022884400,0.003829100,0.003979200
0.022278900,0.004232300,0.003898700
0.025128600,0.003658800,0.003298200
0.021996400,0.004600500,0.004005300
0.020965000,0.004221800,0.003822400
0.020745800,0.004279000,0.003488200
0.013901900,0.002760300,0.003591100
0.019948600,0.003760800,0.003644000
0.020088400,0.002644800,0.003935100
0.021186200,0.003613500,0.003308800
0.016799900,0.002407600,0.004055900
0.018171800,0.003322000,0.003281700
0.012291800,0.002222000,0.002087800
0.011973600,0.002258900,0.002300200
0.012865300,0.004209600,0.003360600
0.020255500,0.004220100,0.003803500
0.011416400,0.003170700,0.002729200
0.014614200,0.002553000,0.002475800
0.017664400,0.004110700,0.004216400
0.020641200,0.003186500,0.003683500
0.015054100,0.001638400,0.002911200
0.014865300,0.001479500,0.002753100
0.020240400,0.004363800,0.003875900
0.013332700,0.003717500,0.002131300
0.020406300,0.004853800,0.004041800
0.022305000,0.004604300,0.004326100
0.019395600,0.002136500,0.003067600
0.018308800,0.003924600,0.003548500
0.017463400,0.004589400,0.003916400
0.021816900,0.004744900,0.004109000
0.022672500,0.004224900,0.003883200
0.022471400,0.004504900,0.003690500
0.018644000,0.003535100,0.003750100
0.018729900,0.004232800,0.003685600
0.015777200,0.003677800,0.003443900
0.018990100,0.003727800,0.001403700
0.012002000,0.003114500,0.003855500
0.011319700,0.004512600,0.003958800
0.010932800,0.001908100,0.002013800
0.013396900,0.004504100,0.003725700
0.018109200,0.004233400,0.003336100
0.021770300,0.004196900,0.004771100
0.016744300,0.004097000,0.003847500
0.021526400,0.003721700,0.003362700
0.016173000,0.002589000,0.002258800
0.016427900,0.003691000,0.003280200
0.022801900,0.004200200,0.003820700
0.021730400,0.003293900,0.002813700
0.022491000,0.004474200,0.003490300
0.020852000,0.003214400,0.003414700
0.022173300,0.004331700,0.003914300
0.021152700,0.001507400,0.003670400
0.021369000,0.004301700,0.003963000
0.018132200,0.003761200,0.003412200
0.019128000,0.003084800,0.003013800
0.013270200,0.004187200,0.003784200
0.018533900,0.004258500,0.003876700
0.022502200,0.004644700,0.004016900
0.020805800,0.004169200,0.003952800
0.021990100,0.004289800,0.003958100
0.022434600,0.004199200,0.004016200
0.022209900,0.004234700,0.003976400
0.022232800,0.003612100,0.003385500
0.018723200,0.004118700,0.003989800
0.016991700,0.002706500,0.003845600
0.015183700,0.003003900,0.003184300
0.015486600,0.001651700,0.003475600
0.016763600,0.004453800,0.004023300
0.016806500,0.003827600,0.002722900
0.019530600,0.003502600,0.001341400
0.012923400,0.001626100,0.002242300
0.014342800,0.003642500,0.004266500
0.023937100,0.004563400,0.003948100
0.018012200,0.003664100,0.003332500
0.022258200,0.003979300,0.003429500
0.014057200,0.003807100,0.004196800
0.019290200,0.004331000,0.003972100
0.022426000,0.004580600,0.003939200
0.021864100,0.004225400,0.004285300
0.022362700,0.003831800,0.003630700
0.021493300,0.004203000,0.003854200
0.021760900,0.001563300,0.002770800
0.024808000,0.004956200,0.004205000
0.023467500,0.004683800,0.003393000
0.020578800,0.004335100,0.003826900
0.024309600,0.002379600,0.002829900
0.011759100,0.004224400,0.003912000
0.017034800,0.004247000,0.004049500
0.020515100,0.001488400,0.002352200
0.020193600,0.004284200,0.004332500
0.022914300,0.004611300,0.003907400
0.021028600,0.004108700,0.003388900
0.022230600,0.004223700,0.003876700
0.023227700,0.004666900,0.003866300
0.022050300,0.004260100,0.003891600
0.018157700,0.004271000,0.003857900
0.021681900,0.004146800,0.003517700
0.024621000,0.004332300,0.003846900
0.022539100,0.004275600,0.003890600
0.022482800,0.004480400,0.003854000
0.020633600,0.004255400,0.004092100
0.020903400,0.004246200,0.003896700
0.021117100,0.004389500,0.002622200
0.021961800,0.004244100,0.003877100
0.019292300,0.004256900,0.003883700
0.023781300,0.004425100,0.004018400
0.021450700,0.004270200,0.003856600
0.019733700,0.004594200,0.003956800
0.017797800,0.004259100,0.003976000
0.021730600,0.004239600,0.003838300
0.021240900,0.004304500,0.003876800
0.017106600,0.004629300,0.003992000
0.022030400,0.002973500,0.003893600
0.020433700,0.004248500,0.003861700
0.015622000,0.001617700,0.001503600
0.020820000,0.003859300,0.003374000
0.019606200,0.004265200,0.004280300
0.015292000,0.004187400,0.003438800
0.023234100,0.003755600,0.003609700
0.022991200,0.004303300,0.004116500
0.018348600,0.005033200,0.003383600
0.020576200,0.004676800,0.003674300
0.022473100,0.004313400,0.003704000
0.023515700,0.004865800,0.002571000
0.021194300,0.004057400,0.003448800
0.019405600,0.004344200,0.004784800
0.018912900,0.004706900,0.004390300
0.020386800,0.003963200,0.003586800
0.016649500,0.004331600,0.003996800
0.017530800,0.004663800,0.004174600
0.021014600,0.004370000,0.004302600
0.022628700,0.004372500,0.004228300
0.021923900,0.004533500,0.004206200
0.022462800,0.004624700,0.004100500
0.021810300,0.004399800,0.003466400
0.022756700,0.004659400,0.004075000
0.019063900,0.003893900,0.003663300
0.021767700,0.004315900,0.003886500
0.020084500,0.001686200,0.001339600
0.022504500,0.004663800,0.004760800
0.021000500,0.004521200,0.004661800
0.020840500,0.004364300,0.003981300
0.018794000,0.003142200,0.003574500
0.019594200,0.004400800,0.004078400
0.015734800,0.003752000,0.002286800
0.024166300,0.004638500,0.004036100
0.021459100,0.003866100,0.003520600
0.021732500,0.003316200,0.003445900
0.022798600,0.004255500,0.004428100
0.022359900,0.004305600,0.003860400
0.023378300,0.004278200,0.003865900
0.022065300,0.004192400,0.003818500
0.017836100,0.004126400,0.003380900
0.020191200,0.004330100,0.004756600
0.021795300,0.004257700,0.004083700
0.024546000,0.004448000,0.003941900
0.022470600,0.003651600,0.003410500
0.017203500,0.001473100,0.002920500
0.022471200,0.004246000,0.003861100
0.016160200,0.004336900,0.003872300
0.017667500,0.004337400,0.003921200
0.022246500,0.004860600,0.003732400
0.020271900,0.001747000,0.003562800
0.016789700,0.003798000,0.003547300
0.022485700,0.004235200,0.003490800
0.020602700,0.004305400,0.004105400
0.022529600,0.004087400,0.003505900
0.019931700,0.003756600,0.003402100
0.022897600,0.003806400,0.003494200
0.021704400,0.004614700,0.003968700
0.019067000,0.003742900,0.001425800
0.018357700,0.001866400,0.002423600
0.015161700,0.003490400,0.003055600
0.017499200,0.004029500,0.003348000
0.019481500,0.001716700,0.003427500
0.017432600,0.004288000,0.003144500
0.024438100,0.004295100,0.004798900
0.014346300,0.003832500,0.003952500
0.022222600,0.004494500,0.003908700
0.022515000,0.004206100,0.004075500
0.022258500,0.004239900,0.004045200
0.021056800,0.001529400,0.003345100
0.023115500,0.004739300,0.001787500
0.019928200,0.004223900,0.003881800
0.020991800,0.004238900,0.003845900
0.025026200,0.004498800,0.004086900
0.021894100,0.004286500,0.004115300
0.022935700,0.004226900,0.004239200
0.021884100,0.004268100,0.003842100
0.019625200,0.004234400,0.004001900
0.022728700,0.004476500,0.004432000
0.020924000,0.004208900,0.003837600
0.020802000,0.004316900,0.004219600
0.018383000,0.004132000,0.001900100
0.021266900,0.003590300,0.003336500
0.020489400,0.003627100,0.001442400
0.018938800,0.004259300,0.003850500
0.021837800,0.004271800,0.004119400
0.023077000,0.004281600,0.004487600
0.023021400,0.002520800,0.003853800
0.022202300,0.004392400,0.004080300
0.021792100,0.005061000,0.003951800
0.023458200,0.004282000,0.003901900
0.022907900,0.004323500,0.003903600
0.018611100,0.004171300,0.003836700
0.023034700,0.004190100,0.003990300
0.022529300,0.004515500,0.003561700
0.021692600,0.001606900,0.003496800
0.021591500,0.001583600,0.003861600
0.019502000,0.004348200,0.003858200
0.018415400,0.003819300,0.003294700
0.024593400,0.004495400,0.004196900
0.021793500,0.004102600,0.003662900
0.022475800,0.004515000,0.004024600
0.022127200,0.004413500,0.003875200
0.022399100,0.003773800,0.003533500
0.025359700,0.004241700,0.003840300
0.020906400,0.004304200,0.004006300
0.020819100,0.004303000,0.003843900
0.019072300,0.003675800,0.003464200
0.021108100,0.003669300,0.004144700
0.023888200,0.004304800,0.004115600
0.023574000,0.004308800,0.004060000
0.022979700,0.004426000,0.003834400
0.025033400,0.004327500,0.003873600
0.021279100,0.003986500,0.003459900
0.018264100,0.004305400,0.004418500
0.021451600,0.004204200,0.003847600
0.021965800,0.004301400,0.003928500
0.022832300,0.003661200,0.003264700
0.024314600,0.004229100,0.003921100
0.023157700,0.004204200,0.003845700
0.024128000,0.004251100,0.003397600
0.020997200,0.004626000,0.003935900
0.022308700,0.004188700,0.004041700
0.021724200,0.004097700,0.003923800
0.018554800,0.004271000,0.004332300
0.017828700,0.001485200,0.003503400
0.019134200,0.004264900,0.004115100
0.015803500,0.002220900,0.001881900
0.011715600,0.004309400,0.003874100
0.023731500,0.004251000,0.003795800
0.021399800,0.004344300,0.003883200
0.021273900,0.004289100,0.004380000
0.021593000,0.003850300,0.003320700
0.020557000,0.004365000,0.004487100
0.016507900,0.004172600,0.003825700
0.017098100,0.004161200,0.004105000
0.022601400,0.004315300,0.004023400
0.022391500,0.004897900,0.003986200
0.022398800,0.004209300,0.003909600
0.015169400,0.004580100,0.002263600
0.014634200,0.003014500,0.003811000
0.014732500,0.002841200,0.003844100
0.015718500,0.004232900,0.002059400
0.015794700,0.003944300,0.004004800
0.014631200,0.001508800,0.002776400
0.021327400,0.004202300,0.003339200
0.013865700,0.001771000,0.001501700
0.021937700,0.004503700,0.003883400
0.023244600,0.003691800,0.003888200
0.017866800,0.001639400,0.001393600
0.014992200,0.004888900,0.003251300
0.015283400,0.003070500,0.003083300
0.010899800,0.004778100,0.003980000
0.018383900,0.003139200,0.001549900
0.018398000,0.001666100,0.004196500
0.019840700,0.003825900,0.003748200
0.021750400,0.004859400,0.004101900
0.015506300,0.003272300,0.002203000
0.018187500,0.002656900,0.003838000
0.016283400,0.002909400,0.002698800
0.015506000,0.003100300,0.003473500
0.018168700,0.001857800,0.003144300
0.015909900,0.003841800,0.003354400
0.016229900,0.001549700,0.003682700
0.022625400,0.004362300,0.004710000
0.019166000,0.004638900,0.002086700
0.019729400,0.004063100,0.003382400
0.022568900,0.004234100,0.004155500
0.021632000,0.004001900,0.003372800
0.017371600,0.001529800,0.002081300
0.018110200,0.001662600,0.001419100
0.012637500,0.004296400,0.003835500
0.019548600,0.005045200,0.001470400
0.018317600,0.003165300,0.003878800
0.022275900,0.004373400,0.003884600
0.019737100,0.002791700,0.004369100
0.020521900,0.001736300,0.003848200
0.013452500,0.002571100,0.001559200
0.020085500,0.003932200,0.003520900
0.024470000,0.003632500,0.003293800
0.020541000,0.001850500,0.003359400
0.020237200,0.002181600,0.002484400
0.017289000,0.002741100,0.003869800
0.012833100,0.001989800,0.001312000
0.016420300,0.002660700,0.004064100
0.018305900,0.004391300,0.004613200
0.022558600,0.005120600,0.003814700
0.018167900,0.001650100,0.001515000
0.016386000,0.003570700,0.003976900
0.016121500,0.001493100,0.003098600
0.020281200,0.004125500,0.004367700
0.020027200,0.004266900,0.003880900
0.011000600,0.001525000,0.004310300
0.017507700,0.003829300,0.003911700
0.015011200,0.002026500,0.003682200
0.016884300,0.003727100,0.003878900
0.020767800,0.004496200,0.004223600
0.020428700,0.005025100,0.004213500
0.020204900,0.003654700,0.003448500
0.020502300,0.003575200,0.003331200
0.019127600,0.002206800,0.004237100
0.017423500,0.001702400,0.003894300
0.017551900,0.001647900,0.001508300
0.015561100,0.001704800,0.003302300
0.014550600,0.002025200,0.001752500
0.010779600,0.003044100,0.003843100
0.016692700,0.004921300,0.004228100
0.021488700,0.002741400,0.003383600
0.024255700,0.004434600,0.003861100
0.014798300,0.003734900,0.003359000
0.018272000,0.002089400,0.003928300
0.018452700,0.002193000,0.001845400
0.020793500,0.002252300,0.003860800
0.022028900,0.004538500,0.003913700
0.023562300,0.004346900,0.003625000
0.021597400,0.004306900,0.003903500
0.019990300,0.004307800,0.001435400
0.018255600,0.001525800,0.001316400
0.015464000,0.002042300,0.001412600
0.018657300,0.002086200,0.002417300
0.016554100,0.001521600,0.003132900
0.016995200,0.001762000,0.002224500
0.011653200,0.003631400,0.003996100
0.016569600,0.004371200,0.003209700
0.015005000,0.003494500,0.003070400
0.012766400,0.001525800,0.002271600
0.011143700,0.001539400,0.002766200
0.016328500,0.004525300,0.004222600
0.013111700,0.003641500,0.002996600
0.016897400,0.003838100,0.004200900
0.014833400,0.002649000,0.003356600
0.019936100,0.004273600,0.003360800
0.016199800,0.004531500,0.003767900
0.013055000,0.003364500,0.001635100
0.024081100,0.001746100,0.002275100
0.019707900,0.004520200,0.003761300
0.017950300,0.003787700,0.003386400
0.017972200,0.004268500,0.003967600
0.018425400,0.004358700,0.003826600
0.022824100,0.004346600,0.003382400
0.016144800,0.004505100,0.004303600
0.013818800,0.002186300,0.004223600
0.012866900,0.005721300,0.001637400
0.017093300,0.001783400,0.004262200
0.015220500,0.005411800,0.004437800
0.014683400,0.004053500,0.002143800
0.016305900,0.001779300,0.002621000
0.017759500,0.004313900,0.003870100
0.020591300,0.004267000,0.003809400
0.022885800,0.004267000,0.003949900
0.018472400,0.004303600,0.003818600
0.021371400,0.004677700,0.004030400
0.018399400,0.004251700,0.003706800
0.018233300,0.001882600,0.003227600
0.015470400,0.004376100,0.004230200
0.017740800,0.004385100,0.003900400
0.017988500,0.004382900,0.003846300
0.023416400,0.004377600,0.003888900
0.020333700,0.004059500,0.004503500
0.019917200,0.004247100,0.003783500
0.014026900,0.004456700,0.002371700
0.013688900,0.002442500,0.001882900
0.015640400,0.001788300,0.003153900
0.016403300,0.002603000,0.004354700
0.017774700,0.004511100,0.003972500
0.016867700,0.001805600,0.003709000
0.018374500,0.003088500,0.003354000
0.015352000,0.003701100,0.003798400
0.023600800,0.004260200,0.003830600
0.023889200,0.002173700,0.003889600
0.017238000,0.002212900,0.002485600
0.017194800,0.004506800,0.001410400
0.018199400,0.002690000,0.002612500
0.017004200,0.001805400,0.002278200
0.019019800,0.004398900,0.003711400
0.016426600,0.003976100,0.003730500
0.015689900,0.004379100,0.004055600
0.017044400,0.002280700,0.003604400
0.022304800,0.004932800,0.003386100
0.020661500,0.004337000,0.004193000
0.021407800,0.004228900,0.004373400
0.023460400,0.004344600,0.003862900
0.020978600,0.004300200,0.003882100
0.024564500,0.004209600,0.004701000
0.022764000,0.004517700,0.004283400
0.021878600,0.004367900,0.003592100
0.019718200,0.004162300,0.004331400
0.020635000,0.004281700,0.003862900
0.021473500,0.001609800,0.003205300
0.018747900,0.003798300,0.003327000
0.021911100,0.003701700,0.003443200
0.018834300,0.003704400,0.003325600
0.021814900,0.003973700,0.003534100
0.020353500,0.004674700,0.004202100
0.020579500,0.004426500,0.004302900
0.021482400,0.004362800,0.003710200
0.022833300,0.004211100,0.003826600
0.021028500,0.004214400,0.003908500
0.022302800,0.004172600,0.003974700
0.017801400,0.004267800,0.003849400
0.023689700,0.003669200,0.003331000
0.020621600,0.004373600,0.003988600
0.019646300,0.004453500,0.003879200
0.022967700,0.004257200,0.003780300
0.022753100,0.004282500,0.003949800
0.020731600,0.004016700,0.003595900
0.021060600,0.003829200,0.003360800
0.018697900,0.004133200,0.003822600
0.021955700,0.003500500,0.003858200
0.022684900,0.004213900,0.003853800
0.021366300,0.004380500,0.003895400
0.021404700,0.004238200,0.003833300
0.020704800,0.004251100,0.003965600
0.018874100,0.004258800,0.003895800
0.024497600,0.003921800,0.003888900
0.020273500,0.004247200,0.003798600
0.020863500,0.004218600,0.004034800
0.022659900,0.004217800,0.003810700
0.022323900,0.003738900,0.003367900
0.018874400,0.003622700,0.003334200
0.022587100,0.003879200,0.003492900
0.021828600,0.004443900,0.003712000
0.017484700,0.004253900,0.003806900
0.017105900,0.001467000,0.003009300
0.012413700,0.003979900,0.001595700
0.015713300,0.001580400,0.004385500
0.015335700,0.002457700,0.003134700
0.017457300,0.004202900,0.003822300
0.016961100,0.001642100,0.004032500
0.016355500,0.004876000,0.004386400
0.014672200,0.001612700,0.001472100
0.020161500,0.002230100,0.004278800
0.021196500,0.004500200,0.003559700
0.015594700,0.003769900,0.003426900
0.018356000,0.004445700,0.003996500
0.020311400,0.004435200,0.003940500
0.014869700,0.003136700,0.002531700
0.012803400,0.001962800,0.004090400
0.022812800,0.002621200,0.003580300
0.014708600,0.001793100,0.003391300
0.015690800,0.001518600,0.003901500
0.010649800,0.003461100,0.003318500
0.016127100,0.004481400,0.003907700
0.011587400,0.001659500,0.003352600
0.019476300,0.004269900,0.004302100
0.020141400,0.002636700,0.004011300
0.019738000,0.001714900,0.001395500
0.015326500,0.001551200,0.002393600
0.014432600,0.002015500,0.003651600
0.016180300,0.003300500,0.004013200
0.012546000,0.004271000,0.003907200
0.017837100,0.004240800,0.003921800
0.014094100,0.004223300,0.003855800
0.016146000,0.004099600,0.003668200
0.023963300,0.004642200,0.003931800
0.021902700,0.004306600,0.004338500
0.013787400,0.002592400,0.001835600
0.016400500,0.002853800,0.003951600
0.018384700,0.001966600,0.004140400
0.017565400,0.002752500,0.003340400
0.024520900,0.004481700,0.003871900
0.015270200,0.002135200,0.003611200
0.018833100,0.003355300,0.001337500
0.019784200,0.001686100,0.001554200
0.015524000,0.003946400,0.003862300
0.018933400,0.001732000,0.003317600
0.022018500,0.004284500,0.002334100
0.018706700,0.001669600,0.002795400
0.024018100,0.004309000,0.003835900
0.018834900,0.003593100,0.004501300
0.022052300,0.004310900,0.003886400
0.018245100,0.003038100,0.003905500
0.018501400,0.003775700,0.003566300
0.020981400,0.004344400,0.003401300
0.024892700,0.004242000,0.004282200
0.017463800,0.002372400,0.003999800
0.024130400,0.004254100,0.004031800
0.021128300,0.004228800,0.003896700
0.022213000,0.004188800,0.003818700
0.021154800,0.004269900,0.003814500
0.018053300,0.001573700,0.001380500
0.021723800,0.004349400,0.004271000
0.022946300,0.004256300,0.003945900
0.017071300,0.004164800,0.004241400
0.017540500,0.004343400,0.003919000
0.015428200,0.001535400,0.002452500
0.014257300,0.002742400,0.004169000
0.022193900,0.004640100,0.003910800
0.022302900,0.004239400,0.003903300
0.017450000,0.004176900,0.004129900
0.017574000,0.004210700,0.003967200
0.016844700,0.004173000,0.004237500
0.018009800,0.002374700,0.003834100
0.017158200,0.001614500,0.002088700
0.009849700,0.004319700,0.003721100
0.010697600,0.001952200,0.003511400
0.016274300,0.003934100,0.003736100
0.014083800,0.002720800,0.001990800
0.013381200,0.001629100,0.004138200
0.014298800,0.004957300,0.002312400
0.017639800,0.004905900,0.004283000
0.017746800,0.004859600,0.004367600
0.022196000,0.004993700,0.004084100
0.023264500,0.003691100,0.003488500
0.021002100,0.004621700,0.003899400
0.017529000,0.003724600,0.003360200
0.017054500,0.004918000,0.003090400
0.014547300,0.002505800,0.001758500
0.009789800,0.001990700,0.001462700
0.010188900,0.001816700,0.002518700
0.011774500,0.002784400,0.001843200
0.010159400,0.002024100,0.001830700
0.012573700,0.003710000,0.003177300
0.012290300,0.001777600,0.001407800
0.018932500,0.005500200,0.004711600
0.020216000,0.003467900,0.004569500
0.016548700,0.003774300,0.003468900
0.012122000,0.002313800,0.001809700
0.011149300,0.001753700,0.001489200
0.014424700,0.001576500,0.002275900
0.010728800,0.001603000,0.003131900
0.013785500,0.004702300,0.004196100
0.021740000,0.004015200,0.003389800
0.018004000,0.004706200,0.004815100
0.026222300,0.003245200,0.004234900
0.020920600,0.004348100,0.003971100
0.019338600,0.004401000,0.004408000
0.020381800,0.004294400,0.004515400
0.023204300,0.004306900,0.003388500
0.020555100,0.004746000,0.003882900
0.020755700,0.004620700,0.003907600
0.022682900,0.003105600,0.003979000
0.018615900,0.003830400,0.003371300
0.024152500,0.003691400,0.003914400
0.022462200,0.002025800,0.003081000
0.022163300,0.004481600,0.003970400
0.019758200,0.004361300,0.004248000
0.021954800,0.004297300,0.004123000
0.021693300,0.004457700,0.003796300
0.014372700,0.004934600,0.003933600
0.022273400,0.004289000,0.003890700
0.022084300,0.004253100,0.003848800
0.019213300,0.004211900,0.003220800
0.014051800,0.004551500,0.004394600
0.018960300,0.004240700,0.004523000
0.014383400,0.002386200,0.003585800
0.014644700,0.001637300,0.003585900
0.017368800,0.003690800,0.001373900
0.016452300,0.004398800,0.004409800
0.018085500,0.001784800,0.003422500
0.023134000,0.001712300,0.003683200
0.019752700,0.003059800,0.003319200
0.021665300,0.003232500,0.004262900
0.021561500,0.004709100,0.003984500
0.022125000,0.005088100,0.004017500
0.016479600,0.003948900,0.004036600
0.019353100,0.001728600,0.003981300
0.019199100,0.001869300,0.002481100
0.012388700,0.002059800,0.003320800
0.023046500,0.002819800,0.001613100
0.023886500,0.002295300,0.004049000
0.019118200,0.003813300,0.003451300
0.021585500,0.004371000,0.004499000
0.021427100,0.002676400,0.003873700
0.020066500,0.001517400,0.003452900
0.019858100,0.004407900,0.003372500
0.011535700,0.001579300,0.002887800
0.019230100,0.004404800,0.003948900
0.016851100,0.004283800,0.001841800
0.018016400,0.003733600,0.003619500
0.019108200,0.001495700,0.003246800
0.024996300,0.003705300,0.003480700
0.015546700,0.002306500,0.003842200
0.016489700,0.001527700,0.003796700
0.022011300,0.002702500,0.001695200
0.016585800,0.001535500,0.002318800
0.019661800,0.003601800,0.003981200
0.014163200,0.003662600,0.002127000
0.020070000,0.003255600,0.003374200
0.013551600,0.001812300,0.002655200
0.012316300,0.003069000,0.004022000
0.015196900,0.004046700,0.003340400
0.022930600,0.003593200,0.003323000
0.020453000,0.003499000,0.003931700
0.019157500,0.001765500,0.003760300
0.021520100,0.003131300,0.003268400
0.021589300,0.003641500,0.004060600
0.016265700,0.002058900,0.001471100
0.023618900,0.002755200,0.002569700
0.018274000,0.002144800,0.003406700
0.020939800,0.003915500,0.003609200
0.017006300,0.004337400,0.004333000
0.023894500,0.004576400,0.003445200
0.022184300,0.004364400,0.004116800
0.023200300,0.003457200,0.003828400
0.022696700,0.004338300,0.004006800
0.021035000,0.004270800,0.003489700
0.018525100,0.004106400,0.004217800
0.022417100,0.003176300,0.003864400
0.023300000,0.003669400,0.004129400
0.017604700,0.003158100,0.001656500
0.015639400,0.001614500,0.001420900
0.015406900,0.004079400,0.003314100
0.019429900,0.004288200,0.002343800
0.018055400,0.002208700,0.002579300
0.011994600,0.003201200,0.003448700
0.014721100,0.001834100,0.002931700
0.014151800,0.001873000,0.003819200
0.016403700,0.004511600,0.003734100
0.012623800,0.002257700,0.001852200
0.011411800,0.002622300,0.001707000
0.014205800,0.003566600,0.003371300
0.014521700,0.002850600,0.003279800
0.017654100,0.003650700,0.004025200
0.014298600,0.001633400,0.003815400
0.016397700,0.001872500,0.004115500
0.019361600,0.001798000,0.003375600
0.013518600,0.001836600,0.002026500
0.012636500,0.001756600,0.002588300
0.013056800,0.001681000,0.001403100
0.009980800,0.004505900,0.001790400
0.012370300,0.002577200,0.002289500
0.014294500,0.003773000,0.003033500
0.014560300,0.001553000,0.002483500
0.017999500,0.001589700,0.003311700
0.014228200,0.002293900,0.002516700
0.016126300,0.003868700,0.002774800
0.022553800,0.004808400,0.004220900
0.017879600,0.002020500,0.001900000
0.010663100,0.002333700,0.001947400
0.011025300,0.001680800,0.001809300
0.014220300,0.001483300,0.002144200
0.011024000,0.002483400,0.001729500
0.012079500,0.004175500,0.003927500
0.019764200,0.003801600,0.003281800
0.023618200,0.004226100,0.003858300
0.011464900,0.001693500,0.002968900
0.015369200,0.002245500,0.003144300
0.011391700,0.003753900,0.002264200
0.021563900,0.004501400,0.001671200
0.019702400,0.001872400,0.002499800
0.021067700,0.002975800,0.003873300
0.021312200,0.004203000,0.004069100
0.018871400,0.004482400,0.003689500
0.016798300,0.003698400,0.004058400
0.017505200,0.004599300,0.004226300
0.014040800,0.003012300,0.002141100
0.012118500,0.002064700,0.003813000
0.015189700,0.001973700,0.004021300
0.017008800,0.001748200,0.002623800
0.015447500,0.001520300,0.003142500
0.014889400,0.003973400,0.003907400
0.012260700,0.003141400,0.003567600
0.018422800,0.004753800,0.004435200
0.018678000,0.003729700,0.003127500
0.011400700,0.001599700,0.001746400
0.017714800,0.004433200,0.003941000
0.013696600,0.002057800,0.002126000
0.012904600,0.002994600,0.003541000
0.015539500,0.003844500,0.003424300
0.022384300,0.004311500,0.004114200
0.016160000,0.001926000,0.003792100
0.021093400,0.004362100,0.001296600
0.023072800,0.003592100,0.003951300
0.015658400,0.003967700,0.004278400
0.018504800,0.003018900,0.002724500
0.021031100,0.003724000,0.003761800
0.017051900,0.004490800,0.003864400
0.019178800,0.004492500,0.003873900
0.019373400,0.004484700,0.003848300
0.022883500,0.004598400,0.004132400
0.022580500,0.003614600,0.003141500
0.021533400,0.004443100,0.004070700
0.010858000,0.004510200,0.003898600
0.025573100,0.004468100,0.003848100
0.010915500,0.004144800,0.003618600
0.014497600,0.003020600,0.003621200
0.021961800,0.004224100,0.003960300
0.020670000,0.005127400,0.004128300
0.016485200,0.004227700,0.003779600
0.021429200,0.004335100,0.003861400
0.017744600,0.004219300,0.004016000
0.020420700,0.003765800,0.003869700
0.020591900,0.004569000,0.003637700
0.012178300,0.003468600,0.002491500
0.011254800,0.004164300,0.004035400
0.012103200,0.002853500,0.002361100
0.018908000,0.003678300,0.003370400
0.023653800,0.004881800,0.004064600
0.015303800,0.002831400,0.003701600
0.018288100,0.004097200,0.003888500
0.021429700,0.001488900,0.001398500
0.023387100,0.003679200,0.003322200
0.020737200,0.004361700,0.003384500
0.021189300,0.003979300,0.003345700
0.020753900,0.004197900,0.003886500
0.020477300,0.001637500,0.003347400
0.020434400,0.004712800,0.004453500
0.023565800,0.004328900,0.003875200
0.019787900,0.005004400,0.004225600
0.014609700,0.002988800,0.003094400
0.015466700,0.004490700,0.003600700
0.016888800,0.004195400,0.004489500
0.020341300,0.004520400,0.004121000
0.016482600,0.003490600,0.002005900
0.013953900,0.002695700,0.004296900
0.016519500,0.003172300,0.002642900
0.015531500,0.003345400,0.004164600
0.012156000,0.001882600,0.002994000
0.016490700,0.003039500,0.003430700
0.019919000,0.004205300,0.004063300
0.012895800,0.003830100,0.003297000
0.020879900,0.004275500,0.003885200
0.018640200,0.003414800,0.003295800
0.021010900,0.004214700,0.003877600
0.013060900,0.004325000,0.003963300
0.014190100,0.004347000,0.003673300
0.020658800,0.004377600,0.003481600
0.021446200,0.003926400,0.003867800
0.021347100,0.004021400,0.003660300
0.013778800,0.002597700,0.002301500
0.019439200,0.001518700,0.001356900
0.020298500,0.004139500,0.002909100
0.014547200,0.004265100,0.001557700
0.021142600,0.004644600,0.004153000
0.021932200,0.004300800,0.003433000
0.022945700,0.003757500,0.003941500
0.023191200,0.003926200,0.003335400
0.020917900,0.004390000,0.003855900
0.022734100,0.004458200,0.003821200
0.014588800,0.003683800,0.003210800
0.017398700,0.003656200,0.003965500
0.021931400,0.003621900,0.003425600
0.022655200,0.004226600,0.003851800
0.022252600,0.004447100,0.003413700
0.020218600,0.004233100,0.003840100
0.013679900,0.003709300,0.001434500
0.022687900,0.004347300,0.003918900
0.019687800,0.004298000,0.003834200
0.020091500,0.004020300,0.003676300
0.021966000,0.001605000,0.002974500
0.019886000,0.002261800,0.004150400
0.023338700,0.004254500,0.003876600
0.022606000,0.003671600,0.003260600
0.024772000,0.003706200,0.003357300
0.021012600,0.001699600,0.003123400
0.012349800,0.001458400,0.002137100
0.022917700,0.004324500,0.003923500
0.019648900,0.004319200,0.003878800
0.018320800,0.003684500,0.003411600
0.021022900,0.004792500,0.004438000
0.022736100,0.004639600,0.001990500
0.014545300,0.004231500,0.002754700
0.018482700,0.001527100,0.003764500
0.021835700,0.004410500,0.004014200
0.021371300,0.002223100,0.004370500
0.019863000,0.003151300,0.003871600
0.022233300,0.003892000,0.003372100
0.016286300,0.003722500,0.003898500
0.011893100,0.003706800,0.003290100
0.021473300,0.003659900,0.003361300
0.021102700,0.002093100,0.003541900
0.014276900,0.003436400,0.003366000
0.021515900,0.004312100,0.003838900
0.021748900,0.004778200,0.004130000
0.015252000,0.003825000,0.003326600
0.015601200,0.001668100,0.002341300
0.015001200,0.003107800,0.002605600
0.011313300,0.002980600,0.001979300
0.010336400,0.004754300,0.003623700
0.014663400,0.001830200,0.002219700
0.016634900,0.004332500,0.003978300
0.014495500,0.001594400,0.002562300
0.013363300,0.001686200,0.003540700
0.019573600,0.001627200,0.002946200
0.011057000,0.001842100,0.002120400
0.018301800,0.002452200,0.004266600
0.020073000,0.004428300,0.004097200
0.013792300,0.004792300,0.004501500
0.017668400,0.004505500,0.004166600
0.022839000,0.004108000,0.003841700
0.022100500,0.003187000,0.001512300
0.023546400,0.003614400,0.003300500
0.009558100,0.002349000,0.001656600
0.018496600,0.001538300,0.001646800
0.011454100,0.001600700,0.001419400
0.012189300,0.001953000,0.002446400
0.011214800,0.001577700,0.001451800
0.012703700,0.003093600,0.003361500
0.015474100,0.003995500,0.003594000
0.016463200,0.002142900,0.004044200
0.023059700,0.004837000,0.004149000
0.013041300,0.003605400,0.003872400
0.018677700,0.003791800,0.003750100
0.021651800,0.003622800,0.004131100
0.016943700,0.003263700,0.003286200
0.020020900,0.004261500,0.003321700
0.012457200,0.003696500,0.002976400
0.014078600,0.003348100,0.003394000
0.013430300,0.002914800,0.004111300
0.013093800,0.003240000,0.003372500
0.015571000,0.003155100,0.001712800
0.015173600,0.002711100,0.002009000
0.013602200,0.004154100,0.002197200
0.017310500,0.005238600,0.002943700
0.017218000,0.003147300,0.003308300
0.014815400,0.004099000,0.003348500
0.016527500,0.004891900,0.003667400
0.017380900,0.004298100,0.002041300
0.018485400,0.002900600,0.001663700
0.016079000,0.003000600,0.001440500
0.011720400,0.003928600,0.003927800
0.016269500,0.002138500,0.004252900
0.014094400,0.002728000,0.003036200
0.011600100,0.001656100,0.003372400
0.016864800,0.003251200,0.001694800
0.015354100,0.001695700,0.003705100
0.012293300,0.003948300,0.003459200
0.014762300,0.001567500,0.001297400
0.014361000,0.001511700,0.003984200
0.013683300,0.004349400,0.002236500
0.017546900,0.001578800,0.003121600
0.009800900,0.005135000,0.003819300
0.014780200,0.001550400,0.001631800
0.019156500,0.003838800,0.003460600
0.014429800,0.003969000,0.002333300
0.014821000,0.003966100,0.003449700
0.015060600,0.003068200,0.002698700
0.014427500,0.003499100,0.003607900
0.010596400,0.001753700,0.001470600
0.016813300,0.001754400,0.004346100
0.015904400,0.001653100,0.001310600
0.014617700,0.003178900,0.003362600
0.018263600,0.001713700,0.002720500
0.015438100,0.003880700,0.003376900
0.016434300,0.003705600,0.003317600
0.021333000,0.004610300,0.004638900
0.022970300,0.004438800,0.003862300
0.012415300,0.001855500,0.002443400
0.015337300,0.003249700,0.002552000
0.014074600,0.003547700,0.003133900
0.014076700,0.003708800,0.002183400
0.020032000,0.001830200,0.003441000
0.022956300,0.004354800,0.003894300
0.020872100,0.002279000,0.003477600
0.015174400,0.003396600,0.001988800
0.015965000,0.004296200,0.003829800
0.016184200,0.004405700,0.004366900
0.023235900,0.004251400,0.003915800
0.014489300,0.001618800,0.001467800
0.012940800,0.001832400,0.003811200
0.010491800,0.003252200,0.003138900
0.013978200,0.003654200,0.002278700
0.014930600,0.001864900,0.001784200
0.022597500,0.003655900,0.003327300
0.021651600,0.003586300,0.003579700
0.017030400,0.001654000,0.001845300
0.016926300,0.002610100,0.003840000
0.015234200,0.004568000,0.001572700
0.017308700,0.004339700,0.003908500
0.022131500,0.003650400,0.003321700
0.023117500,0.003650600,0.003392200
0.020838700,0.004459800,0.003869400
0.016193400,0.004365800,0.003817200
0.018554400,0.002929600,0.003856900
0.012758400,0.004192000,0.003772300
0.012860700,0.002250600,0.003885100
0.021858700,0.003602500,0.004147500
0.021401200,0.004444800,0.003932200
0.014792700,0.001566000,0.002748800
0.015663000,0.001895100,0.001431800
0.014926700,0.001650200,0.003771400
0.013838500,0.003675400,0.003523500
0.016183600,0.001548600,0.003303500
0.022275800,0.004226000,0.003802400
0.021953700,0.004279400,0.003813300
0.022546900,0.003212000,0.003244900
0.020367200,0.001711300,0.003492900
0.016409700,0.001755700,0.003710900
0.015570800,0.003533700,0.003644600
0.013373300,0.001707000,0.002551200
0.014104000,0.004277600,0.003465500
0.020177400,0.003654000,0.003352300
0.017193100,0.004615700,0.003364000
0.022314000,0.004021500,0.003555800
0.020502900,0.003117000,0.002872200
0.022398400,0.004106700,0.003822000
0.015287300,0.001784700,0.001304200
0.020618100,0.004220800,0.003812200
0.022384600,0.002679900,0.003346900
0.020253100,0.003692200,0.003849100
0.021286600,0.004453300,0.003793000
0.022638900,0.004216700,0.003934700
0.022272300,0.004261500,0.003858200
0.022239200,0.004225300,0.003833800
0.021014000,0.003757000,0.003481100
0.022590000,0.003615200,0.003310000
0.022606300,0.004551100,0.003894600
0.021810500,0.004049900,0.003454700
0.023502700,0.004398200,0.003937500
0.020868200,0.004318500,0.004135400
0.022065900,0.004678300,0.002709800
0.023320200,0.004596600,0.003549400
0.023589700,0.004361700,0.003468100
0.021847300,0.004432300,0.003833100
0.022371600,0.004318600,0.003840400
0.017950200,0.004242500,0.003868100
0.021783700,0.003984400,0.003973600
0.022748100,0.004010000,0.003940900
0.023351700,0.004247600,0.004079600
0.022595900,0.003673000,0.003311400
0.022892000,0.004328700,0.003936100
0.016651300,0.002444400,0.002733700
0.018275400,0.001588300,0.001944100
0.016435800,0.001608400,0.003177200
0.013174900,0.003300200,0.003515900
0.015380300,0.001593600,0.003235500
0.016927000,0.001474600,0.003219400
0.012464400,0.003457000,0.004208300
0.017429100,0.002175900,0.003887100
0.017279500,0.001981300,0.002777800
0.017805700,0.002322600,0.003480200
0.019504400,0.003795800,0.004117900
0.024672200,0.004515000,0.003758000
0.021888500,0.001524800,0.003358400
0.024017500,0.003990100,0.003343400
0.017802800,0.003523700,0.003876800
0.018601500,0.002525700,0.003974600
0.012346800,0.002378500,0.001493100
0.015473200,0.001724400,0.002695700
0.012655600,0.003089500,0.003390600
0.014977800,0.002386300,0.003538600
0.014536400,0.004259300,0.003284900
0.016428800,0.001529400,0.003252400
0.014579900,0.004464500,0.003379000
0.016350700,0.002510000,0.003216900
0.015701200,0.003660000,0.002212500
0.015790100,0.004049100,0.003559900
0.019281700,0.004743000,0.003594100
0.019751900,0.004356000,0.003336600
0.018905500,0.001511700,0.003392100
0.017336800,0.001779000,0.003926300
0.018383100,0.004170700,0.003383900
0.020008800,0.001525800,0.003653600
0.015003000,0.003742500,0.001483100
0.021475300,0.004842400,0.004095200
0.017005500,0.004005600,0.003415900
0.017108900,0.003800200,0.003476600
0.020784300,0.004169900,0.003289500
0.014185100,0.004068300,0.004358600
0.011851500,0.003794400,0.003414700
0.017690800,0.003571300,0.003245500
0.017262000,0.003866400,0.003446100
0.018367000,0.004558900,0.003882700
0.016729100,0.003718000,0.003299400
0.019858700,0.004160100,0.004028700
0.016661700,0.004177100,0.004365800
0.013951400,0.003930200,0.004342700
0.020630200,0.004752100,0.001751200
0.019783900,0.003777400,0.003326400
0.016334400,0.003967600,0.003646300
0.019872700,0.004709300,0.003561000
0.018136600,0.004711700,0.004012300
0.022129300,0.004590200,0.003968400
0.020917400,0.004986900,0.004471300
0.022068000,0.004674100,0.004601900
0.020178300,0.001670700,0.001740000
0.015617700,0.003812500,0.003196500
0.019656200,0.002167500,0.003854300
0.019602500,0.004005200,0.003543100
0.014695600,0.004201700,0.002723700
0.020838200,0.004445200,0.003362900
0.015780800,0.003041200,0.003892800
0.023799600,0.004211500,0.003525500
0.018655600,0.003055700,0.001458700
0.020023200,0.003785100,0.002890000
0.014056700,0.002420400,0.001683300
0.013491800,0.001877100,0.001291300
0.019283400,0.004307500,0.003418100
0.019811600,0.003688300,0.004031700
0.015488200,0.003862500,0.003779600
0.015047200,0.002853800,0.003802400
0.019879100,0.003716500,0.003258800
0.014211200,0.001554400,0.001955000
0.016719200,0.004504300,0.003671200
0.015627500,0.001980400,0.001493000
0.012621500,0.001636800,0.002112700
0.016251100,0.001611500,0.001431900
0.019275300,0.001968600,0.001558300
0.012785700,0.002966200,0.003436700
0.015294500,0.004713200,0.004234900
0.021226900,0.003665500,0.004218600
0.018780400,0.004171600,0.002952000
0.018915100,0.004523000,0.004492100
0.019688000,0.004218500,0.003888900
0.012566400,0.002098700,0.003846200
0.012319700,0.003288800,0.003952100
0.013556700,0.003581400,0.003757800
0.015616000,0.002957700,0.003321000
0.010854700,0.001632900,0.003565400
0.017185700,0.003413400,0.002990500
0.016954600,0.003762900,0.003081300
0.010830100,0.003153300,0.003689600
0.009651300,0.001840500,0.002238100
0.017369100,0.003433700,0.003367300
0.015976200,0.001526000,0.002830100
0.012924300,0.004140100,0.001954000
0.015543100,0.003851600,0.003500600
0.014739600,0.003982000,0.002283000
0.015813900,0.002244300,0.002872300
0.010604900,0.004590300,0.003153900
0.013488900,0.003586500,0.003415500
0.019452300,0.002923600,0.002419100
0.019654900,0.002522500,0.002975100
0.018645700,0.003005900,0.001597900
0.016139900,0.001748200,0.003942700
0.019110700,0.003258700,0.003913800
0.020752200,0.001508500,0.003234700
0.015891200,0.004229200,0.003671800
0.013363100,0.003542000,0.003294300
0.016324500,0.004825400,0.004198800
0.011430900,0.002469000,0.001868600
0.015611800,0.004774600,0.004056200
0.010598800,0.004630200,0.002990900
0.013023200,0.001691800,0.001730100
0.010908300,0.004368100,0.002023500
0.011707000,0.003963200,0.002416300
0.011971100,0.003630900,0.003451400
0.017550600,0.002025400,0.004185200
0.018599000,0.004768100,0.003618600
0.018903100,0.004300500,0.003852500
0.015561200,0.002156400,0.003512000
0.019669800,0.004416200,0.003989500
0.020051100,0.003344700,0.002684800
0.013267800,0.004120000,0.002728300
0.017353300,0.004429900,0.003872200
0.013028200,0.001515800,0.003535300
0.014340100,0.003968400,0.003427400
0.012274000,0.002498600,0.003968300
0.019995300,0.004196100,0.004403200
0.019458100,0.003963300,0.003331600
0.017592300,0.002181800,0.003826800
0.023152200,0.002675700,0.003904900
0.021134600,0.004640800,0.003607400
0.019830600,0.004225400,0.003846500
0.021760900,0.004529600,0.003870900
0.022794400,0.004799600,0.003940600
0.020723800,0.004279400,0.003907300
0.017528500,0.002275600,0.003973300
0.016075500,0.003756100,0.003423700
0.021259300,0.003628300,0.003959200
0.016858500,0.004218200,0.003832000
0.020445700,0.003381200,0.001900900
0.021289500,0.004097100,0.003528900
0.016376000,0.001521500,0.002956200
0.021814900,0.004679600,0.004267900
0.020398500,0.004657500,0.004015800
0.020915200,0.004461600,0.004310300
0.020641400,0.003850400,0.001556500
0.024955300,0.004586400,0.003520200
0.013184300,0.004075700,0.003562900
0.020641000,0.004723700,0.004568300
0.023288200,0.004496600,0.004110400
0.021424700,0.004286500,0.004170000
0.022974000,0.004638900,0.003942800
0.017804100,0.002095700,0.003425300
0.021279300,0.004274300,0.003830700
0.023058600,0.004277000,0.003903200
0.016678300,0.004272700,0.003878300
0.020491100,0.004180300,0.003889000
0.020177800,0.004566200,0.004084600
0.018339400,0.004263500,0.003938700
0.022680400,0.003637900,0.003410500
0.019355000,0.001507600,0.003118400
0.013074700,0.004209200,0.004477700
0.022737700,0.004181000,0.004063900
0.022963900,0.003968600,0.003344800
0.020709500,0.003492100,0.003868800
0.017939900,0.002595200,0.003887800
0.023723400,0.004160600,0.003972400
0.022500100,0.004239500,0.003874000
0.017123600,0.004206300,0.003833800
0.020909600,0.004082800,0.003937200
0.021055500,0.004193700,0.003846100
0.013458300,0.003030400,0.003764600
0.021409500,0.004689500,0.003979800
0.023128500,0.003892200,0.001521500
0.019669600,0.003872900,0.003283100
0.021095200,0.003284100,0.003882900
0.021799300,0.004271300,0.003640600
0.021587700,0.004273200,0.003818400
0.021908900,0.004234600,0.003826500
0.019538900,0.004043700,0.003752100
0.023385200,0.004331000,0.003781800
0.019610200,0.001587900,0.001388700
0.014573500,0.003441500,0.001342900
0.021259400,0.004552400,0.004141000
0.016082600,0.002177500,0.003856000
0.023229000,0.004248200,0.004206600
0.021316500,0.004254300,0.004028000
0.022163700,0.003650900,0.003281300
0.018363000,0.003558500,0.003427100
0.021296000,0.003592900,0.003932600
0.022785200,0.004166600,0.003626400
0.015197800,0.002745500,0.002795400
0.020234900,0.003718900,0.003321800
0.022427200,0.004350700,0.004373100
0.021946500,0.004791500,0.003932500
0.021442800,0.004305800,0.004441200
0.023114100,0.004588400,0.003942700
0.022196200,0.004355400,0.003870600
0.011718700,0.002257500,0.001607700
0.018152800,0.003788300,0.001473800
0.015346600,0.004086300,0.002312400
0.021651800,0.004278800,0.002624300
0.015016000,0.003855300,0.004029500
0.017436800,0.001512600,0.002568700
0.022121900,0.003750700,0.003595700
0.022654600,0.004704300,0.004107800
0.022335400,0.005321200,0.003894300
0.019222000,0.004479600,0.003696900
0.022094400,0.003990400,0.003877600
0.019013800,0.004438600,0.003902600
0.017818200,0.004620700,0.003916200
0.022117200,0.004275900,0.003870000
0.009846700,0.001986300,0.003630400
0.016106800,0.001488600,0.003117900
0.017673600,0.002020200,0.001490500
0.012621300,0.002212500,0.002263100
0.011037500,0.002434000,0.001559200
0.013633800,0.002272300,0.003436100
0.017844300,0.002383100,0.003325000
0.020372300,0.002857700,0.004403900
0.010137100,0.003858400,0.003419000
0.013100000,0.001684200,0.001399800
0.010581300,0.001433700,0.001708100
0.016144600,0.003805800,0.002981500
0.014051300,0.005036300,0.003564200
0.014919900,0.001655800,0.002581600
0.017736300,0.004508300,0.003373300
0.017222700,0.001865600,0.004265900
0.013841900,0.001722200,0.003946900
0.017070800,0.002924200,0.003460700
0.018983500,0.001896800,0.001322100
0.019700900,0.003905400,0.003538100
0.015515200,0.003978300,0.004243000
0.015209100,0.003751000,0.003286300
0.021395900,0.004366200,0.004415200
0.019536900,0.001540200,0.004053000
0.021828100,0.004438400,0.004020800
0.012133200,0.002900400,0.002794900
0.010883100,0.001629100,0.002451000
0.011738100,0.002374000,0.002162700
0.013996500,0.001632100,0.003303300
0.012036600,0.002107400,0.002419800
0.015367800,0.002534600,0.003169900
0.011173700,0.001757300,0.003218200
0.013256100,0.003473800,0.003295400
0.015303500,0.003704700,0.002992600
0.013049300,0.002244000,0.004168000
0.009739300,0.001833800,0.001502000
0.016325500,0.002400200,0.001437300
0.014414600,0.002253100,0.003375700
0.014833000,0.001675300,0.001383400
0.009750300,0.001576900,0.003229200
0.010807200,0.001484000,0.004170900
0.015595000,0.002043500,0.003484100
0.018338600,0.001651600,0.003505700
0.022689600,0.004937200,0.002414100
0.019829300,0.004558700,0.003727700
0.013325300,0.003718800,0.001446500
0.014007800,0.001689300,0.003601500
0.011211100,0.001535400,0.003091400
0.016370700,0.003230700,0.003498300
0.014287500,0.004899300,0.004235200
0.015848300,0.002173800,0.003647300
0.015635700,0.002992800,0.003014100
0.015669400,0.003021800,0.003574600
0.009802700,0.003527300,0.001573900
0.016396600,0.004504200,0.003266900
0.023326200,0.004151600,0.003358100
0.016911000,0.002829600,0.003887500
0.018937000,0.004135900,0.004083600
0.018679400,0.002326200,0.003436400
0.020882700,0.003913400,0.003906900
0.018431400,0.003745600,0.003914900
0.018915900,0.004431100,0.003820200
0.017523400,0.004612300,0.003896400
0.021397800,0.004296500,0.003800600
0.023099200,0.003856600,0.003611200
0.018823300,0.004257800,0.003879400
0.022183900,0.004185200,0.004395900
0.023426000,0.004264100,0.003827900
0.020605100,0.004454000,0.003924300
0.022040700,0.002053400,0.002337700
0.021441600,0.003908900,0.003505800
0.015192100,0.003613800,0.003310500
0.015809800,0.003669500,0.003162000
0.016534700,0.002638100,0.002234900
0.014262700,0.002801900,0.001414600
0.016328500,0.003159400,0.003714700
0.018597400,0.004355700,0.004112700
0.021363000,0.004586400,0.004299400
0.023793700,0.004324900,0.003873400
0.019289900,0.004458200,0.003902900
0.021760000,0.004237600,0.004016000
0.013688100,0.002978800,0.001795000
0.019319100,0.001721600,0.004496000
0.017214600,0.001829400,0.003885600
0.013564700,0.002809900,0.003392700
0.021425100,0.004424400,0.003918800
0.020460600,0.004581800,0.003947200
0.022408300,0.004226900,0.004206100
0.010273300,0.001617400,0.003923600
0.017626300,0.002348300,0.003906700
0.016134800,0.004125000,0.003692300
0.023682100,0.004421700,0.003622400
0.021732100,0.004220200,0.003894500
0.021579500,0.003906900,0.003745200
0.023174500,0.001466300,0.003267300
0.022420900,0.004090100,0.004248900
0.022246400,0.003710500,0.003333800
0.016013400,0.004246800,0.003904600
0.021498400,0.003676300,0.003693000
0.018420600,0.003639900,0.003885200
0.021972600,0.004877900,0.004165500
0.022271400,0.004369100,0.003844900
0.022359800,0.003640000,0.003314000
0.021981400,0.004191100,0.003908400
0.023203800,0.003640400,0.003382200
0.021278900,0.003612000,0.003318100
0.022669400,0.004239700,0.003924200
0.020340500,0.004220600,0.003899400
0.020361600,0.004184800,0.003794500
0.019801700,0.003726800,0.003659800
0.024330300,0.004324900,0.003836400
0.021259200,0.003579700,0.004212100
0.023923100,0.004732400,0.003933900
0.023141300,0.004269500,0.003833000
0.017484400,0.004461100,0.003899900
0.022142300,0.004331300,0.003961200
0.021166700,0.004380900,0.004143200
0.022309100,0.004463500,0.004004000
0.021518700,0.001722800,0.003913900
0.024108200,0.004168400,0.004115100
0.022168600,0.004207700,0.003867200
0.024099800,0.003721000,0.003862400
0.020271000,0.004791600,0.004037700
0.018411200,0.004591200,0.003903200
0.021817300,0.004415700,0.004433600
0.018291000,0.004412800,0.004218100
0.021825300,0.003642900,0.003421700
0.023976200,0.004250400,0.003230300
0.024309300,0.004314000,0.003866800
0.021787900,0.004240900,0.003912900
0.021842600,0.004240300,0.004081700
0.022498400,0.004454700,0.003399200
0.023081600,0.004322500,0.004115500
0.023395700,0.003831200,0.003277700
0.017187400,0.001502000,0.001334600
0.013391600,0.002315200,0.002044900
0.009597900,0.001760800,0.003096300
0.010966600,0.002024500,0.002225900
0.016746300,0.001550300,0.002760300
0.017253000,0.002388100,0.001772000
0.017250800,0.003063800,0.002625100
0.015478400,0.003963400,0.002357400
0.018847400,0.004640000,0.004652500
0.017125600,0.001820600,0.004343600
0.017230500,0.004674300,0.002022000
0.014996600,0.005352700,0.002203700
0.016022100,0.004616500,0.004483100
0.016303700,0.003380600,0.003401900
0.016883500,0.001606600,0.002424800
0.016153800,0.001565800,0.001419100
0.013746300,0.003431500,0.003116500
0.013553100,0.001689500,0.001466600
0.015160800,0.001557700,0.002817700
0.016101800,0.001692800,0.001524500
0.010566800,0.001530000,0.001640800
0.023357400,0.004209600,0.003361000
0.014947200,0.004553000,0.004720700
0.023818400,0.004658100,0.004202900
0.021383800,0.003771700,0.003375500
0.022041600,0.005403500,0.004803100
0.016276200,0.001573700,0.002139800
0.014434600,0.006313700,0.005141000
0.021851700,0.005426000,0.004738700
0.021223400,0.004339700,0.004166400
0.023356300,0.005403900,0.004448700
0.022358900,0.004167600,0.003558500
0.021583600,0.004544200,0.003981600
0.022390500,0.004384600,0.003808300
0.014865600,0.003900600,0.002024800
0.016127200,0.004269200,0.003411400
0.015572200,0.003494200,0.004114400
0.013931700,0.001788400,0.003265800
0.013666000,0.004416000,0.003210200
0.013855300,0.001584300,0.002562200
0.021121300,0.004220700,0.003887900
0.015376700,0.002433700,0.002558500
0.016782200,0.003672700,0.002526800
0.016231500,0.004374600,0.003902600
0.011579300,0.001941700,0.003422600
0.016389100,0.004447800,0.003636400
0.015401000,0.001962700,0.001834200
0.012765000,0.002482400,0.001893000
0.012766900,0.004075700,0.004005600
0.015489300,0.003506500,0.003372700
0.015883900,0.004352600,0.003551400
0.012925400,0.004510600,0.002652600
0.014416500,0.003284700,0.003416000
0.015254700,0.004251500,0.003905800
0.016355700,0.003667600,0.003884800
0.012836900,0.003685500,0.003900100
0.015297400,0.003944800,0.003966600
0.020451000,0.003284100,0.001451300
0.019760500,0.004423900,0.004093000
0.021820600,0.001595600,0.003855800
0.022004000,0.004489400,0.003961700
0.019587200,0.003593400,0.003381200
0.018736900,0.004326500,0.003708900
0.015715100,0.004966400,0.003927900
0.024190400,0.004304200,0.003906400
0.016918300,0.003715200,0.002071900
0.016871500,0.001807100,0.004303800
0.023818900,0.004064400,0.002353800
0.013815200,0.004501600,0.004027300
0.014868500,0.001926800,0.001414200
0.016413600,0.003783300,0.004019900
0.013926100,0.004687800,0.002501700
0.012747700,0.004307100,0.003948500
0.012983400,0.001946900,0.001736700
0.013285500,0.003728900,0.003467100
0.019319100,0.003842100,0.003295400
0.021947900,0.003577900,0.003305900
0.019102200,0.004470700,0.003362500
0.013541100,0.002717100,0.002161000
0.022361000,0.004225800,0.003875800
0.011780500,0.003261000,0.001574400
0.015863900,0.003776800,0.003081400
0.014791400,0.003610900,0.002061200
0.014582800,0.001974800,0.003004700
0.017215900,0.004659600,0.004407500
0.016248100,0.004820200,0.004268900
0.018602900,0.003074400,0.003942700
0.015057200,0.002795500,0.003390000
0.014586600,0.003976900,0.003076300
0.014227200,0.003045700,0.004302100
0.015186100,0.004712800,0.003811300
0.016684600,0.002859300,0.004042600
0.022331200,0.004882900,0.003992400
0.018913000,0.001494200,0.001738900
0.018745900,0.004341100,0.003249400
0.013050800,0.003341800,0.003425900
0.021151400,0.004844800,0.003997600
0.019225000,0.003307800,0.003821400
0.020254600,0.004228900,0.003885100
0.015954300,0.004366400,0.004023600
0.016545400,0.002068200,0.003298500
0.023614100,0.004167000,0.003899600
0.015508300,0.001736600,0.003371400
0.015693500,0.004317100,0.004435800
0.017822700,0.001741200,0.001378600
0.016655000,0.004321700,0.003326300
0.017945000,0.001809400,0.002101500
0.014683900,0.001995600,0.001608400
0.013160000,0.002029500,0.003582500
0.018533700,0.003854200,0.002801500
0.014558100,0.001798500,0.002883600
0.011912700,0.002516100,0.001373900
0.017665300,0.003781000,0.004576200
0.015306800,0.001729600,0.003496900
0.013887300,0.003651000,0.001454000
0.015580000,0.002851000,0.003536100
0.015023100,0.003798900,0.001677000
0.013458900,0.005210300,0.004138600
0.012185300,0.004274600,0.003938300
0.015316000,0.001582100,0.002309100
0.017148700,0.005121300,0.003343800
0.019623500,0.002837300,0.003937000
0.017317200,0.003441000,0.002614600
0.017542900,0.001866900,0.001828600
0.014802500,0.004276800,0.003602000
0.018587500,0.001722400,0.002615800
0.023108000,0.004319000,0.003358700
0.019219400,0.004301000,0.003871500
0.015127400,0.003322000,0.004432100
0.019101900,0.003360800,0.001386000
0.019317400,0.003367300,0.002042900
0.019881300,0.004816500,0.004644600
0.024462000,0.001853200,0.003864000
0.019749800,0.004709700,0.004270200
0.014863300,0.004262300,0.003437100
0.016155900,0.003129500,0.003696700
0.018951200,0.003625000,0.003836300
0.013695000,0.002471300,0.001799200
0.014583300,0.003590900,0.003337600
0.012086800,0.002748600,0.002656500
0.012189900,0.003970000,0.003185900
0.018283100,0.003674000,0.003825800
0.015614000,0.004172300,0.002477200
0.019116300,0.004133600,0.003777300
0.017407900,0.003284700,0.002662000
0.017394100,0.004061300,0.004172500
0.011237700,0.003657400,0.002987000
0.017271900,0.004643200,0.003975200
0.018074000,0.001982200,0.002496000
0.017787200,0.003676400,0.003777900
0.017524700,0.004558400,0.003590500
0.014769800,0.003268100,0.002554500
0.013091200,0.002582600,0.002293000
0.021345600,0.001718800,0.001623100
0.020367500,0.003234100,0.003620600
0.024993200,0.005293600,0.004650400
0.021789900,0.004570800,0.003963200
0.023694300,0.004522500,0.003872000
0.019804000,0.003834700,0.001471100
0.023122300,0.004422600,0.003980900
0.015084400,0.004264600,0.003503800
0.014577500,0.003930700,0.001899400
0.015437300,0.004913300,0.004107600
0.021080300,0.001818800,0.001956100
0.019107900,0.003730000,0.001255400
0.019323100,0.003823500,0.003402200
0.018688400,0.001738100,0.003367800
0.022116100,0.004163000,0.003705700
0.014965400,0.004460100,0.003728900
0.012887700,0.004168100,0.003355000
0.017616900,0.004322800,0.004039200
0.020254000,0.004399200,0.003797300
0.021445400,0.003234300,0.003166000
0.021466000,0.004243900,0.004491800
0.022723900,0.004123700,0.003913400
0.019669100,0.004317600,0.002712400
0.020580600,0.004269800,0.003848100
0.022010600,0.004449400,0.004265800
0.018010100,0.004396800,0.003922500
0.021154400,0.004351900,0.003888900
0.023102000,0.004888200,0.004005400
0.023609400,0.003491700,0.003519100
0.023135000,0.003467000,0.004399300
0.023444200,0.003805100,0.003655900
0.011423800,0.004264400,0.003854300
0.021969800,0.004274600,0.003891200
0.020007900,0.001684600,0.002561200
0.020392000,0.004285500,0.001997200
0.017634600,0.001543500,0.001407600
0.018116000,0.004278900,0.003375700
0.021912400,0.004406000,0.003929800
0.016671600,0.004137100,0.003889500
0.013830600,0.004495000,0.004077200
0.013269100,0.003776500,0.004716200
0.024573100,0.004283500,0.004091800
0.019934000,0.002778900,0.001604300
0.010313300,0.001898300,0.002986100
0.020768300,0.003318800,0.003647300
0.017849100,0.003338400,0.003439700
0.016079400,0.001657100,0.003368500
0.015476000,0.004171200,0.001541300
0.012536600,0.003581900,0.003239800
0.017990200,0.004839100,0.004036100
0.018790500,0.004589200,0.002797600
0.016315700,0.004292900,0.004242700
0.018986200,0.003789500,0.003520400
0.022338500,0.004825400,0.004262900
0.023357000,0.004107800,0.003733100
0.020555100,0.004741800,0.004314700
0.021867900,0.003726300,0.002673100
0.017588700,0.002526800,0.004197400
0.015632000,0.003165300,0.001671600
0.012361100,0.001618600,0.001934500
0.011948600,0.001761700,0.002113200
0.015442400,0.001612100,0.002975500
0.013967000,0.002880800,0.003711000
0.011346000,0.001884400,0.002578300
0.010338600,0.001825900,0.002024500
0.012400300,0.003290300,0.003382100
0.018887900,0.004818600,0.004766300
0.014895400,0.003370500,0.003276500
0.019816200,0.004255300,0.004310000
0.009891300,0.004551600,0.002468800
0.010169800,0.002684300,0.002255000
0.010716000,0.001952000,0.001472700
0.014475600,0.001748200,0.001526400
0.009630900,0.002418500,0.001940700
0.013790900,0.001915200,0.001557200
0.013696700,0.001467000,0.002910600
0.016168300,0.003005700,0.003621700
0.017831600,0.004690200,0.004402700
0.017832200,0.004419700,0.004119100
0.017492100,0.001626900,0.002445700
0.019859000,0.003801000,0.003227300
0.017287000,0.002251200,0.002995400
0.023846300,0.004586900,0.004295600
0.017431000,0.001542300,0.003727200
0.021046400,0.003635100,0.003319000
0.018373400,0.004690700,0.002962800
0.012153300,0.002226900,0.002960400
0.015381100,0.003358000,0.003308100
0.017127700,0.001802300,0.003868400
0.022321700,0.003625000,0.003405100
0.021841200,0.004284200,0.003108500
0.018754700,0.001798300,0.003426900
0.010933200,0.001637200,0.001947100
0.016756400,0.003767200,0.003958500
0.016967800,0.003826900,0.003623900
0.019566100,0.003991400,0.001417000
0.014631600,0.001754500,0.003818000
0.017064200,0.002296300,0.003924000
0.014065800,0.004211900,0.004365500
0.011017600,0.003275700,0.003318900
0.015404000,0.004073300,0.003500500
0.016512800,0.004272400,0.003201000
0.017832200,0.003047800,0.003598900
0.015229300,0.001858700,0.001626600
0.017203100,0.002909000,0.003946600
0.020394800,0.003308500,0.003348400
0.018735200,0.004629000,0.003426800
0.014063400,0.003511300,0.003212800
0.011583500,0.003994200,0.002092200
0.018493900,0.002386700,0.003723200
0.019081900,0.004243100,0.003890700
0.018316200,0.005327600,0.004655600
0.018637500,0.002264500,0.001552600
0.017126800,0.001527600,0.003131400
0.014854700,0.003678300,0.003781100
0.018861100,0.003880200,0.004574800
0.014547400,0.001679400,0.003368300
0.018498500,0.001509600,0.003840400
0.016234900,0.002066400,0.001405700
0.014452500,0.004844900,0.004400300
0.017097900,0.003799600,0.003723600
0.018241000,0.003816400,0.003471800
0.017478100,0.003314300,0.003646300
0.018321600,0.004403000,0.003646200
0.020342400,0.004773000,0.004525400
0.021042800,0.004279500,0.004598800
0.014329500,0.004340300,0.003865300
0.012934900,0.003532400,0.002713800
0.017408900,0.004215300,0.003486500
0.024740200,0.004565000,0.003697200
0.022658300,0.004620900,0.004287700
0.021818400,0.004032600,0.004355000
0.018035300,0.004215800,0.003707300
0.017508400,0.002212400,0.003515900
0.018902600,0.003910100,0.003482100
0.013976800,0.004071400,0.003277100
0.016943600,0.001517400,0.003175600
0.019588100,0.002462700,0.003862500
0.021917200,0.003784600,0.003613500
0.019791300,0.003211900,0.004492900
0.016512900,0.001571100,0.002812000
0.017362100,0.003624500,0.003532400
0.015044700,0.004567100,0.001798400
0.018702500,0.004796100,0.004271500
0.020828900,0.004260900,0.003824500
0.013346900,0.003818900,0.003369100
0.022454300,0.003527700,0.003813200
0.019742000,0.003584400,0.002799600
0.013953300,0.004676700,0.004340600
0.015520200,0.003520000,0.003988200
0.019935700,0.004206300,0.003492400
0.018074000,0.004174400,0.003543300
0.018912900,0.004079700,0.004102200
0.017438000,0.003092300,0.001341600
0.012579100,0.004346600,0.004714500
0.017323700,0.004142200,0.003920400
0.019439700,0.003075300,0.003991900
0.019747600,0.004332000,0.003960200
0.020996500,0.002186200,0.001346100
0.018817200,0.004395500,0.002941400
0.013656100,0.003997900,0.003961800
0.022929600,0.004227800,0.004307300
0.022478000,0.004231300,0.003870700
0.014733400,0.004266800,0.003853300
0.017551500,0.001698400,0.001458400
0.020566100,0.003264700,0.003460400
0.017300700,0.002297900,0.003920500
0.014496000,0.003180000,0.003921600
0.017383300,0.004707800,0.003539000
0.018593900,0.004717600,0.003567400
0.014400300,0.004738400,0.003967600
0.019143700,0.004179600,0.003445100
0.021189900,0.004691900,0.003935600
0.020509000,0.003644300,0.003319000
0.021698300,0.003531400,0.003575200
0.021932600,0.004539700,0.003895600
0.023133500,0.004895800,0.003920000
0.018901400,0.004194000,0.002729700
0.014869400,0.003557700,0.003307000
0.019927600,0.003511200,0.003980000
0.011770200,0.001577500,0.001903700
0.011664100,0.003079200,0.002869600
0.009478800,0.001662200,0.002504900
0.010965900,0.001651100,0.001653600
0.011033700,0.001729700,0.001405200
0.011135100,0.001861900,0.001722200
0.011851600,0.001582100,0.002349400
0.018550100,0.002959300,0.003461400
0.021517100,0.004609800,0.004284100
0.016561300,0.001669100,0.001489100
0.014088200,0.002232800,0.003146100
0.011828400,0.004416700,0.003198100
0.013751000,0.002505500,0.004228100
0.009140300,0.003744000,0.002059600
0.009954200,0.003746100,0.002179200
0.017612400,0.002707700,0.001495200
0.009847400,0.002433900,0.003445300
0.014801000,0.002007700,0.002447100
0.011437500,0.003736600,0.001630700
0.014923600,0.002286800,0.003338800
0.009822500,0.004583800,0.004239700
0.012299100,0.001618200,0.003808200
0.016131400,0.001558400,0.003233000
0.014724000,0.002857600,0.003066200
0.011878400,0.003039900,0.003193600
0.022784300,0.004670700,0.004289000
0.010381100,0.002780100,0.003089600
0.010288200,0.002411500,0.001448600
0.009552600,0.003852100,0.001722000
0.019671300,0.002713100,0.002835400
0.013286000,0.004812000,0.004231100
0.015447300,0.003536500,0.003525100
0.015390400,0.001629700,0.003269900
0.017558600,0.002508000,0.002567200
0.014079500,0.001896300,0.001420100
0.015320500,0.001543800,0.003325800
0.012032000,0.003957700,0.001467300
0.016966500,0.002975100,0.001297400
0.016062300,0.003851000,0.003408900
0.018903600,0.003318200,0.001361300
0.012049500,0.003459600,0.001649000
0.011749300,0.004560400,0.003699500
0.020777800,0.001466900,0.003776500
0.020821300,0.004218100,0.003684200
0.022043900,0.004738600,0.004756200
0.017278500,0.003627900,0.003443600
0.018343700,0.004181000,0.002704500
0.020829600,0.004489700,0.001429100
0.024997700,0.004247400,0.003832100
0.023637200,0.004235900,0.003922300
0.024093500,0.003956800,0.006324300
0.016118700,0.001892600,0.003841300
0.022138400,0.003782500,0.003496900
0.014449900,0.001752800,0.003579400
0.021317400,0.004361700,0.001628000
0.022465400,0.004444900,0.003921700
0.020812600,0.004250600,0.003903600
0.024023300,0.004379500,0.003893600
0.017640800,0.004338000,0.003817500
0.024352100,0.004254100,0.003588900
0.020907300,0.003917300,0.003314900
0.021905300,0.003753200,0.003329300
0.018132400,0.001747600,0.001337400
0.012346400,0.003622300,0.003392000
0.009797400,0.001661000,0.001352200
0.018762400,0.002021400,0.001438000
0.019083800,0.001952400,0.002952500
0.017265200,0.002115000,0.003951800
0.018029300,0.004156500,0.001762400
0.011243300,0.001600800,0.001429000
0.010245000,0.002426900,0.001751500
0.009359900,0.003096900,0.004663900
0.020183200,0.001883900,0.001558400
0.013316000,0.002265000,0.002032900
0.012926400,0.002191400,0.003282500
0.016332200,0.003043600,0.003523500
0.020276400,0.003938100,0.002741000
0.019388300,0.001858900,0.003455200
0.017062900,0.004635900,0.003582200
0.016460500,0.001667800,0.003048900
0.021796600,0.004215100,0.003842200
0.023008500,0.001459100,0.003882600
0.022929100,0.003069900,0.001808500
0.021540200,0.004300100,0.003909500
0.020241100,0.001478100,0.002935300
0.024650500,0.004252800,0.004341100
0.021509900,0.004200000,0.003906100
0.022691000,0.004437700,0.003401900
0.019317700,0.003894600,0.003899900
0.024539800,0.004312300,0.003844000
0.022008200,0.003578400,0.003462900
0.021564400,0.004212400,0.002792600
0.020323400,0.004431500,0.003878600
0.021590900,0.003631300,0.003295300
0.017562900,0.004330500,0.003938900
0.021860800,0.004204900,0.003906400
0.015766000,0.003957700,0.001350600
0.015578200,0.002119500,0.002789200
0.014746200,0.002749300,0.001440100
0.017134000,0.003643600,0.003536000
0.016010000,0.001670800,0.001419400
0.015847800,0.003730100,0.003322300
0.017379600,0.004815500,0.002972200
0.016874300,0.001511100,0.003400600
0.017913300,0.003565400,0.002956300
0.025558000,0.004547900,0.003451600
0.017481300,0.003986000,0.002657300
0.024172400,0.004743200,0.003914200
0.013366700,0.002199200,0.003882100
0.021777100,0.004237400,0.003800900
0.017267700,0.003864300,0.004099900
0.024395700,0.004210800,0.004359400
0.020951900,0.001753300,0.001945300
0.016771600,0.002155200,0.004081400
0.014826300,0.003579600,0.003408600
0.011954500,0.004741100,0.001503700
0.019667600,0.004545100,0.004541100
0.020707000,0.004224800,0.003378300
0.015823600,0.004516200,0.001773200
0.015340600,0.001520500,0.003434300
0.015354500,0.002058800,0.001517700
0.019772000,0.001571800,0.001422800
0.017196400,0.003399600,0.003256000
0.012393700,0.001509000,0.003489800
0.013599500,0.003177600,0.004091900
0.017097700,0.001620200,0.003351400
0.015581500,0.004096800,0.004443600
0.015363700,0.001479000,0.003449600
0.012009400,0.004314400,0.003467000
0.016024600,0.004091800,0.004323100
0.015463600,0.001662100,0.001436200
0.016543300,0.002406200,0.004094700
0.019277400,0.005026200,0.004354000
0.017758900,0.003170900,0.004012000
0.020970700,0.003672900,0.003166900
0.022867600,0.003913000,0.003401300
0.017680800,0.003659200,0.003296800
0.023487700,0.004226700,0.003891200
0.019853100,0.004276500,0.003978300
0.018460700,0.004281500,0.004385700
0.021030000,0.004262700,0.003848900
0.022345200,0.004460600,0.004194900
0.021682100,0.002812900,0.003139800
0.018031300,0.001488000,0.003527800
0.020868200,0.004273000,0.003847400
0.022103800,0.003621200,0.003307500
0.022815500,0.002388500,0.001399500
0.022421500,0.004383700,0.003869900
0.022893400,0.004229000,0.004437600
0.017671700,0.003297700,0.003534500
0.023894400,0.004677300,0.001897900
0.026362700,0.004322400,0.004082300
0.019517000,0.002104100,0.004062400
0.017627000,0.003787300,0.003676900
0.017580400,0.004243400,0.004352600
0.022182600,0.003684000,0.003320800
0.021608900,0.004236000,0.003839400
0.022643800,0.004220100,0.003856700
0.018673200,0.001705200,0.003701200
0.019924500,0.002810900,0.003052800
0.016084800,0.004087400,0.003723800
0.022519700,0.003915500,0.003609200
0.015912300,0.004350000,0.003898100
0.021878800,0.004231700,0.002850700
0.020536400,0.004231100,0.004264600
0.018125700,0.002901400,0.001514700
0.022160800,0.004002500,0.003370600
0.025517400,0.004183200,0.004346000
0.018404400,0.003184900,0.003292300
0.017818000,0.004272700,0.004071200
0.017672100,0.001539400,0.003500400
0.023400700,0.001570600,0.002686600
0.022033000,0.004364300,0.003930400
0.022072700,0.004507100,0.004098000
0.023931800,0.004365400,0.003896000
0.025151800,0.001484800,0.003634700
0.020899300,0.004147000,0.003886400
0.020128700,0.004400500,0.003882200
0.022885200,0.004446000,0.004191600
0.023359000,0.004230600,0.004378700
0.022369300,0.004472600,0.003885400
0.017618900,0.002078200,0.003330200
0.022341800,0.004223600,0.003885100
0.021228500,0.001470200,0.003520600
0.021944300,0.003717200,0.003574400
0.021276700,0.003595300,0.003290700
0.022601100,0.004395800,0.003843300
0.021662400,0.004225400,0.003833500
0.019737700,0.004754000,0.001689800
0.021921000,0.004467800,0.003973800
0.020147500,0.003623700,0.003429200
0.022159200,0.004260900,0.003893800
0.021239700,0.004190900,0.003853300
0.021858600,0.004496200,0.004259000
0.016712700,0.001753000,0.001426900
0.022143400,0.004463100,0.003865500
0.023586400,0.004231600,0.003802700
0.021468400,0.004223000,0.003840400
0.022941500,0.004267000,0.003800800
0.017756700,0.004452400,0.003900900
0.019138000,0.001555100,0.003180000
0.017208700,0.004132400,0.003516000
0.023584300,0.001648100,0.001931000
0.021245600,0.004248700,0.003880900
0.022649600,0.003579600,0.003340800
0.018215100,0.003064200,0.002603000
0.012845800,0.003856000,0.003934400
0.017411000,0.002827500,0.003653200
0.023003000,0.004205600,0.003809800
0.018498100,0.004136700,0.003914500
0.022239500,0.004366300,0.003891500
0.022382700,0.004338700,0.004255800
0.021483600,0.004223900,0.003866400
0.018573900,0.004248600,0.003487200
0.023127400,0.001447900,0.003124100
0.022362900,0.004246100,0.003887900
0.022155600,0.004213400,0.003851700
0.022358000,0.004281500,0.003857600
0.022223900,0.004310000,0.003799800
0.022949900,0.004264400,0.003912800
0.021355100,0.003759700,0.003385000
0.017793400,0.004201300,0.003830900
0.023887200,0.004450600,0.003900900
0.017664800,0.004272800,0.003914300
0.020370400,0.004543300,0.004206600
0.022196800,0.004761400,0.004090200
0.016612100,0.004215900,0.003850600
0.019684400,0.004268500,0.004079300
0.021890200,0.004601100,0.003934500
0.017165200,0.002435800,0.001621300
0.020300800,0.003665400,0.003310500
0.016608700,0.003239200,0.003789400
0.023396700,0.001730900,0.001244400
0.020829300,0.001739900,0.002059500
0.020579000,0.003245200,0.003952200
0.014663500,0.001504200,0.002407800
0.021569800,0.004227300,0.003806100
0.022380800,0.004291100,0.003953300
0.017090600,0.001560200,0.002895500
0.019828900,0.001485800,0.002601300
0.017498000,0.004216700,0.003901500
0.016408600,0.003670500,0.003278500
0.017427900,0.004484800,0.004197100
0.019985500,0.004220700,0.003876600
0.011227100,0.004043500,0.001785700
0.023683900,0.004236600,0.003824300
0.022916000,0.002580000,0.001329000
0.016598100,0.004421400,0.004130900
0.021770000,0.004199400,0.003848800
0.019965000,0.003776100,0.002991900
0.020970400,0.004243400,0.003778700
0.019556700,0.004293000,0.003773900
0.020972600,0.003635300,0.003314000
0.019942500,0.003723900,0.004028500
0.021110300,0.004248300,0.003918000
0.019526000,0.003873000,0.004359800
0.020046300,0.004293700,0.003928100
0.023522800,0.004317900,0.003871900
0.016326600,0.003956000,0.003820600
0.015351800,0.004126100,0.003885600
0.020049200,0.002535600,0.003871600
0.021116000,0.004310800,0.004155400
0.021644100,0.004218400,0.003747000
0.016395900,0.004128500,0.003865800
0.020221200,0.004190700,0.004199000
0.021177700,0.004250300,0.003981800
0.022157800,0.001454400,0.002196100
0.021925000,0.004316500,0.003870900
0.019739200,0.003747300,0.003346400
0.021521900,0.003942000,0.003643500
0.017240600,0.004004700,0.003853600
0.019997700,0.004265400,0.003899800
0.019079900,0.003648400,0.003262500
0.023825000,0.003662100,0.003253700
0.014611400,0.004564300,0.003956800
0.020400400,0.003922600,0.003328500
0.019518200,0.003686200,0.001269700
0.021865700,0.004284400,0.004639000
0.020907100,0.001863500,0.003893700
0.017353800,0.003655500,0.003263200
0.021638600,0.001511000,0.003715500
0.016649400,0.004130500,0.003949100
0.017671400,0.001470900,0.003125500
0.016135900,0.004160600,0.003931400
0.015337100,0.004264300,0.003656800
0.019568100,0.001487800,0.002432700
0.021949800,0.004974400,0.003977500
0.019145100,0.002607700,0.003335800
0.019735400,0.004214000,0.003829100
0.019885600,0.001509500,0.003885600
0.022152600,0.004352300,0.003794000
0.020741300,0.003665400,0.003214300
0.020143000,0.004700000,0.004554900
0.019107100,0.004575900,0.003787700
0.019292000,0.004277700,0.003842500
0.017299100,0.004469200,0.004180400
0.022627100,0.004251400,0.004524100
0.017484800,0.003767800,0.003866200
0.020237700,0.004229700,0.003923800
0.022269900,0.004315800,0.003887200
0.022517500,0.003653100,0.002244900
0.023826000,0.004450500,0.004047800
0.023033200,0.003577000,0.003344900
0.013795300,0.001713500,0.001420200
0.021134600,0.003616800,0.003295000
0.021659200,0.004262700,0.003884300
0.022672000,0.004485800,0.003957800
0.020478300,0.003969900,0.004384500
0.020065300,0.004688700,0.004232400
0.022285800,0.002385000,0.001749600
0.022647600,0.004647000,0.003944600
0.022258200,0.004852200,0.004431000
0.020730500,0.004276600,0.003890500
0.019306300,0.004152200,0.003329200
0.021842900,0.004767300,0.003894700
0.022660600,0.004193400,0.003953000
0.018018700,0.002931300,0.003345600
0.018984800,0.003621800,0.003406200
0.017274800,0.004360800,0.004078900
0.021970600,0.004403200,0.003860900
0.024823500,0.004258700,0.003994500
0.023765300,0.004192200,0.004441100
0.020388100,0.004285200,0.003894300
0.019815700,0.003600300,0.003314300
0.025183400,0.004384100,0.001450100
0.017785000,0.003624300,0.003340800
0.024435500,0.004334900,0.004212200
0.020434700,0.004310000,0.003899300
0.021968900,0.004403400,0.003936600
0.024101200,0.004278600,0.004101800
0.022201000,0.004872500,0.004002200
0.020777800,0.004300300,0.004085300
0.021839300,0.004218400,0.003574700
0.017379000,0.001505400,0.003771300
0.021041400,0.003654600,0.003526100
0.019070700,0.003751700,0.003543400
0.023789900,0.003675500,0.003331700
0.015780100,0.004253100,0.004507600
0.022601200,0.004344900,0.003988800
0.022112400,0.004215300,0.003902600
0.022346300,0.004316200,0.004038400
0.021463000,0.004215100,0.003835600
0.020620300,0.003638900,0.003347100
0.019563000,0.004255600,0.003805500
0.019086400,0.001498400,0.003736600
0.024681200,0.003858700,0.003302900
0.024202200,0.004596000,0.004218300
0.022278100,0.004259000,0.004016300
0.023797100,0.004190000,0.003838000
0.022674700,0.004214300,0.004075600
0.021963400,0.004270100,0.003797000
0.021601500,0.004173200,0.003814000
0.022257100,0.004365600,0.003833300
0.017666300,0.004235400,0.003899500
0.022519000,0.004183100,0.003913000
0.022786600,0.004346900,0.003837600
0.021272100,0.002185200,0.003860000
0.019421900,0.003913400,0.003401600
0.020813100,0.004474500,0.003915700
0.022101500,0.005160800,0.004098200
0.021857900,0.004227200,0.004284600
0.022499600,0.004271800,0.004500300
0.022031000,0.004334300,0.003960500
0.020432300,0.002431800,0.004022600
0.023518500,0.004608800,0.003876100
0.022338100,0.003790900,0.003907800
0.022747200,0.004068900,0.003285200
0.024304200,0.004181500,0.003850000
0.022050800,0.004661200,0.003917100
0.018536700,0.004227000,0.003835800
0.022024400,0.004693400,0.004051100
0.020957000,0.004549900,0.003953300
0.019194000,0.004308600,0.003809500
0.023465800,0.004419900,0.003866600
0.018755500,0.001637200,0.004084800
0.017321200,0.003827700,0.003359900
0.019143600,0.004286600,0.003875100
0.022174900,0.004187500,0.003864400
0.023160200,0.004396300,0.003805200
0.022742600,0.004332900,0.003851100
0.023269200,0.004244900,0.003946000
0.021922600,0.004227400,0.004233300
0.023118500,0.004222700,0.004314400
0.024533400,0.003910200,0.003460000
0.021327000,0.004233900,0.003500100
0.018758000,0.004269600,0.003841000
0.021385900,0.004677100,0.003999500
0.024099500,0.004339900,0.004007100
0.017692900,0.001936000,0.003947600
0.023886300,0.004269400,0.004123600
0.019441200,0.004201000,0.003837400
0.017627300,0.004458300,0.003561600
0.020683300,0.004249900,0.003875200
0.020382100,0.001946700,0.003681200
0.024664900,0.004278900,0.003900800
0.023125000,0.003905600,0.003769100
0.020977100,0.004050600,0.003890100
0.019560500,0.004182900,0.003939900
0.021746800,0.003591500,0.003322100
0.019499500,0.002127000,0.003875800
0.024098600,0.004502800,0.004310600
0.020539200,0.001699100,0.004603800
0.019189000,0.004194000,0.003517100
0.015715600,0.001498000,0.003697600
0.020268400,0.004189900,0.003089500
0.011440200,0.004008600,0.004064800
0.019340700,0.004092100,0.003505900
0.015800300,0.004210700,0.004369000
0.016298400,0.003542600,0.002915200
0.015134100,0.002488700,0.003826300
0.009964800,0.003731100,0.001295300
0.012469900,0.002070600,0.002960400
0.015618700,0.004294800,0.003928700
0.023577500,0.004506100,0.004172000
0.021975500,0.004442500,0.003863000
0.019530300,0.001529700,0.003993600
0.017993200,0.003702100,0.003343800
0.017875800,0.002424300,0.004554500
0.017949400,0.003907800,0.003508300
0.020796400,0.004347200,0.004019000
0.022995500,0.004436600,0.003777800
0.021536300,0.004908100,0.004572600
0.019662200,0.003218200,0.001667700
0.013286600,0.004489400,0.003198100
0.017684900,0.004655400,0.004637400
0.017858700,0.002639900,0.003294700
0.017586700,0.004214200,0.004221000
0.019221700,0.002045500,0.004570800
0.015631200,0.001591900,0.003606500
0.016427200,0.004839900,0.003832800
0.017809900,0.001648200,0.002794700
0.016536500,0.004980600,0.004227600
0.015791700,0.001746500,0.001284700
0.017186900,0.004069500,0.003628300
0.016723900,0.003445000,0.003247800
0.022204800,0.004299800,0.003863100
0.018703800,0.004383000,0.002608800
0.016435000,0.003772400,0.003684100
0.020081800,0.004401600,0.003951100
0.022226900,0.001478100,0.003647300
0.016927600,0.004646700,0.004085000
0.024937400,0.004860100,0.004275100
0.022785500,0.003635300,0.003382600
0.019738500,0.004375800,0.004097400
0.021662600,0.004233400,0.003840700
0.020944100,0.003889400,0.003313900
0.014485100,0.004305800,0.003428900
0.019083300,0.003745100,0.002247400
0.022252800,0.003753900,0.003386900
0.013022900,0.003495300,0.003314000
0.021000300,0.003864400,0.003365100
0.021688500,0.004526400,0.003806200
0.022123800,0.004222100,0.004133000
0.021389500,0.004286900,0.003894500
0.020534400,0.004209600,0.004363900
0.010737800,0.001515400,0.002946700
0.013285200,0.004669000,0.002718600
0.016883900,0.001602300,0.004000800
0.016052900,0.003064400,0.003435700
0.020326600,0.003665600,0.002950800
0.014296900,0.002583700,0.001379300
0.015510200,0.004002900,0.003394100
0.013500800,0.001776600,0.002880100
0.012514500,0.003700200,0.003192300
0.013667800,0.001763100,0.002804900
0.018484500,0.001787500,0.003429900
0.016427300,0.004909300,0.003683200
0.013208100,0.003624300,0.001365600
0.014107000,0.003828300,0.003923500
0.017240200,0.002499200,0.003146500
0.017464600,0.004238300,0.003817400
0.020371600,0.004319200,0.003685800
0.023031800,0.004269400,0.003882900
0.022068500,0.004298100,0.003934500
0.020808800,0.003758500,0.001320400
0.022173100,0.004505400,0.004060000
0.012617600,0.004444800,0.002171000
0.013816300,0.003671900,0.003908800
0.011790800,0.002381300,0.003736400
0.011687600,0.004633300,0.004169800
0.017173600,0.002382100,0.002964400
0.011479500,0.004418500,0.003220100
0.011754800,0.004778100,0.002073200
0.010113000,0.004271200,0.004256300
0.016555300,0.004652700,0.002701100
0.023644900,0.001615400,0.001870500
0.023164300,0.005157800,0.004479300
0.026927000,0.005007100,0.005102500
0.021437500,0.005125100,0.003375100
0.022160000,0.004373700,0.003982400
0.021297700,0.004507600,0.004332500
0.022644000,0.005236900,0.004365700
0.015969900,0.001824100,0.003704800
0.022733800,0.004346300,0.003916000
0.024235000,0.004343400,0.003803400
0.020080400,0.004205700,0.003310900
0.022720300,0.003856400,0.004370900
0.022183100,0.004211200,0.004131100
0.018952200,0.004601300,0.003013000
0.022849600,0.004490900,0.003836500
0.022893400,0.004793700,0.003813900
0.018412500,0.004534000,0.003944800
0.022487800,0.004448800,0.003899200
0.016093700,0.004049700,0.004161200
0.014595900,0.004314100,0.004653100
0.022121300,0.004608200,0.003733300
0.022683500,0.002809600,0.001567100
0.022994200,0.004567000,0.003511200
0.022194100,0.004252700,0.004140200
0.018724900,0.004264300,0.004004400
0.017657700,0.002357300,0.002345900
0.022944800,0.003465300,0.003862600
0.024012100,0.004193000,0.003356100
0.021921100,0.004236800,0.003824400
0.017305000,0.004102600,0.003717200
0.021900300,0.004456900,0.003502700
0.015700700,0.003978100,0.004038100
0.019736100,0.002724700,0.002581600
0.020620200,0.003889000,0.001380600
0.023743400,0.004797100,0.003900800
0.022179500,0.003905100,0.003848500
0.021954800,0.002993600,0.003874900
0.022513200,0.004416100,0.003913300
0.022503100,0.004250200,0.003872000
0.021849000,0.004484400,0.003959300
0.022431900,0.004313000,0.003882800
0.021721100,0.003723100,0.003319100
0.024057900,0.005074100,0.003995500
0.016440800,0.003097900,0.002392200
0.022123800,0.004292000,0.004270400
0.017205700,0.004538500,0.003954200
0.019420600,0.004276000,0.004146300
0.022580800,0.004267000,0.003845700
0.020339000,0.004445700,0.003873300
0.019826700,0.004528600,0.002275400
0.017101900,0.004224800,0.003830200
0.020567600,0.003709400,0.003502800
0.020942000,0.004319000,0.003949900
0.021026300,0.004216300,0.003296000
0.014401200,0.004467700,0.003593100
0.023506000,0.003293400,0.002578300
0.019802400,0.003799100,0.003426200
0.018291600,0.004026700,0.002828700
0.018063800,0.003729100,0.003509800
0.019669000,0.002000600,0.003486900
0.019437000,0.004361300,0.004643800
0.019415100,0.001682800,0.002671200
0.022503200,0.004360800,0.003491300
0.022010300,0.003666100,0.003324200
0.022193000,0.003648400,0.003313000
0.025489900,0.004266500,0.004267400
0.019381400,0.005105700,0.004208200
0.014736600,0.004449900,0.003385200
0.015715300,0.004181000,0.003457200
0.018726000,0.004099900,0.003804700
0.020595200,0.001918700,0.003395900
0.017309600,0.001550200,0.002439200
0.021245900,0.003631600,0.001302500
0.018644400,0.003797200,0.003836300
0.019596900,0.004097700,0.003749600
0.018790700,0.003672300,0.003388700
0.017280200,0.004924600,0.004476000
0.022225800,0.004564800,0.005434600
0.018765100,0.002342900,0.003911100
0.020092200,0.001526100,0.003127200
0.017095400,0.004657800,0.004605900
0.023642800,0.002840000,0.002196200
0.018766300,0.001548600,0.002585900
0.011880400,0.003023100,0.001850500
0.015874500,0.003748400,0.002398300
0.016881200,0.001954200,0.001306300
0.019754200,0.001518300,0.003674200
0.022554200,0.003719200,0.003328600
0.015446500,0.001542400,0.003527100
0.018115300,0.003712200,0.003293500
0.016930500,0.001487000,0.003740200
0.018016600,0.004294000,0.003874100
0.020755400,0.004302300,0.003853700
0.017346700,0.004269400,0.003861700
0.014739100,0.004286800,0.003363200
0.013765000,0.002915300,0.003334300
0.019697900,0.001965700,0.002187100
0.013307100,0.002285000,0.001802000
0.010413900,0.001635200,0.002241800
0.022141300,0.005554600,0.004260000
0.019505000,0.004077800,0.003521500
0.024606900,0.004989900,0.004800800
0.024344600,0.004958200,0.004161200
0.019837900,0.001584000,0.001390500
0.022283800,0.004283400,0.003817300
0.015440100,0.001883200,0.003782500
0.021589300,0.003634200,0.003380600
0.010672200,0.001787600,0.001401300
0.012322800,0.001597000,0.002199600
0.014058600,0.003632200,0.003497800
0.023785700,0.004952400,0.004156200
0.020415800,0.001613900,0.003880000
0.014267700,0.003664900,0.003977700
0.018389800,0.001921200,0.001378500
0.010551500,0.003993000,0.001926400
0.011722600,0.002175700,0.001546700
0.011191300,0.002320500,0.003040700
0.016051200,0.003965700,0.003428300
0.011785400,0.002285800,0.003258100
0.011982100,0.003163400,0.001946000
0.014843300,0.001653000,0.003561300
0.018982800,0.003998400,0.003348300
0.013641300,0.001759200,0.002113300
0.021128800,0.004128400,0.003657600
0.018831900,0.004726800,0.004325000
0.025136600,0.004587900,0.004496100
0.023086800,0.004406700,0.003847300
0.019199300,0.004436500,0.003391800
0.021797100,0.004354800,0.003912300
0.022790400,0.004141800,0.004153900
0.021734100,0.003429300,0.003313400
0.019978800,0.004611700,0.004267100
0.024490700,0.004664100,0.004249700
0.020021700,0.004327800,0.003682100
0.014037300,0.002220300,0.002077000
0.012153600,0.002748500,0.001772100
0.010214200,0.001589100,0.002363500
0.013595000,0.004634200,0.002727000
0.018903200,0.002218500,0.002260000
0.017587300,0.002257500,0.003741300
0.014782700,0.001537600,0.002787300
0.014279400,0.003489400,0.002688200
0.013788300,0.004377600,0.003892800
0.012741000,0.001906900,0.001721500
0.009786300,0.002148800,0.002642200
0.011217700,0.003455700,0.001889900
0.011174300,0.001780500,0.002214400
0.012436800,0.001698900,0.003319900
0.016230500,0.004762700,0.004407200
0.015593400,0.004082700,0.003537200
0.013100000,0.004987700,0.002702100
0.013856600,0.002320300,0.001486100
0.015102800,0.003338000,0.004670500
0.013675600,0.003762800,0.002917700
0.016292000,0.001985900,0.003027900
0.016404400,0.001579900,0.002686400
0.016476800,0.001703800,0.002274400
0.017745200,0.004895300,0.004264100
0.015926200,0.001713300,0.001889400
0.011333300,0.003707500,0.001514600
0.011448100,0.001809800,0.001520600
0.013784900,0.001687300,0.001554800
0.014787600,0.002384300,0.001497100
0.014157800,0.002845900,0.001408800
0.010635000,0.002009900,0.003079800
0.012328300,0.003175000,0.002851600
0.012506900,0.002551800,0.002677800
0.012256000,0.002852100,0.004682100
0.012094000,0.005139900,0.003426600
0.017022200,0.002279900,0.004257300
0.014966700,0.005007600,0.003572300
0.014998800,0.002301100,0.003347100
0.023037900,0.004693800,0.004197000
0.018900800,0.002557200,0.001547600
0.012053500,0.001919600,0.001730500
0.012332200,0.001776400,0.001463400
0.015423100,0.001864300,0.001429000
0.016509700,0.001634600,0.002765500
0.015202900,0.004079700,0.003629800
0.010605700,0.001958100,0.002975900
0.008860100,0.001470100,0.001496000
0.008907600,0.001466700,0.001303600
0.009311800,0.001610600,0.002799100
0.010687100,0.001660200,0.003653200
0.013111500,0.002135300,0.001707500
0.010732400,0.003878100,0.003577700
0.010949800,0.005208100,0.001390300
0.010942100,0.002454600,0.001796400
0.011520500,0.001945000,0.001709100
0.011745500,0.003670300,0.003530700
0.018137000,0.002852400,0.003312400
0.023128500,0.004684100,0.004721500
0.020315800,0.004379900,0.002911100
0.014295200,0.001665600,0.002521800
0.014297400,0.001666200,0.003615000
0.015190800,0.003071900,0.003620200
0.015702300,0.004119900,0.003528800
0.015142800,0.001945900,0.003431700
0.013456400,0.003998200,0.003597500
0.014841600,0.004626300,0.003867300
0.019014800,0.005072000,0.004295900
0.020819500,0.002025400,0.002054900
0.023421700,0.003421900,0.002931300
0.013712600,0.001920700,0.003885900
0.023388400,0.004195100,0.004042400
0.009358700,0.003366400,0.002094600
0.015657900,0.003813100,0.003364100
0.014469800,0.003515500,0.003887500
0.016198600,0.004092500,0.004168900
0.017307000,0.002622800,0.004077400
0.015998600,0.001610300,0.003338000
0.016379400,0.002250200,0.001540700
0.017252900,0.004157900,0.004008900
0.016068700,0.004673700,0.004126500
0.023992700,0.004482900,0.004010000
0.019154400,0.003617700,0.003903700
0.023365600,0.004321400,0.003898700
0.013897300,0.003681200,0.002181900
0.015634000,0.002861800,0.002033600
0.012773800,0.001629400,0.003466400
0.013594700,0.001629400,0.001404600
0.013713100,0.002862100,0.003430800
0.022606600,0.001735700,0.004499400
0.016542200,0.004768200,0.004183200
0.019899900,0.004058900,0.003589500
0.019761700,0.003657100,0.002961700
0.021800600,0.002965100,0.003371000
0.016335200,0.004391000,0.003870900
0.014820400,0.004209700,0.003384000
0.019814200,0.002904500,0.002343900
0.013804600,0.003709900,0.002710200
0.015414000,0.004101600,0.001449600
0.013884100,0.004306400,0.003595600
0.016595400,0.002079900,0.004003100
0.018114500,0.003551900,0.003418900
0.022376900,0.004237800,0.003665700
0.016164200,0.004281100,0.002079800
0.020376300,0.004653900,0.003927700
0.011115100,0.002042100,0.001677000
0.012098200,0.001595000,0.003649300
0.011583700,0.002052200,0.001891300
0.013592700,0.004536600,0.004009400
0.019035600,0.003850300,0.003941900
0.023018700,0.002470700,0.001635600
0.013790800,0.004812400,0.004072000
0.015554200,0.004155500,0.003843500
0.018820700,0.004300400,0.003926800
0.021028000,0.004446100,0.003869700
0.018565400,0.003136600,0.004182400
0.022552900,0.004117000,0.003971500
0.020592900,0.005002500,0.003917600
0.019823300,0.004950200,0.004262600
0.018993900,0.004246100,0.003893100
0.024377400,0.004064900,0.004223200
0.017991100,0.004361800,0.003879100
0.021898900,0.003655300,0.003407400
0.021168100,0.003707200,0.003450700
0.017516100,0.004325500,0.003621900
0.018534300,0.004745600,0.004267800
0.022350900,0.004282600,0.003904500
0.022103100,0.001693600,0.002769100
0.023448700,0.004705800,0.003999600
0.021028100,0.003190600,0.003903300
0.022940000,0.004321600,0.003624200
0.017768900,0.004251900,0.004144800
0.015313400,0.002097700,0.003448800
0.023541100,0.004366700,0.003891300
0.016062900,0.004329400,0.003817600
0.017148300,0.004489100,0.003699400
0.020962600,0.003697200,0.004100100
0.017795300,0.004085700,0.003362300
0.019681600,0.003869000,0.003455800
0.015702200,0.004231100,0.003955000
0.014931000,0.002593300,0.001939000
0.019748000,0.002801100,0.002192600
0.015190100,0.002016600,0.001945200
0.020372600,0.004222400,0.003835100
0.013915400,0.004135300,0.003852600
0.019987500,0.003651600,0.004315200
0.019104100,0.004336800,0.004113000
0.017042000,0.004318200,0.003653300
0.020404700,0.002948700,0.003914200
0.017370400,0.004306700,0.004109000
0.021726100,0.004236800,0.003840600
0.024731900,0.004275400,0.001357000
0.022324800,0.005186700,0.004210900
0.009956300,0.003123300,0.003417400
0.019484000,0.004266000,0.003909900
0.014646100,0.001911800,0.002971300
0.012181200,0.001789800,0.001981900
0.016814600,0.001877600,0.002465600
0.010954500,0.003082500,0.003149400
0.013403200,0.002175900,0.003131800
0.014387700,0.002913900,0.003783300
0.013630800,0.002693300,0.003020300
0.015271200,0.001670800,0.003658800
0.015720200,0.002201700,0.001657800
0.010755800,0.003910300,0.002134800
0.014368000,0.003570100,0.002110700
0.010985500,0.003424400,0.003343500
0.015647900,0.003319600,0.003291400
0.017160500,0.003963400,0.003551400
0.020115900,0.004991400,0.004697900
0.012017400,0.001781400,0.001576800
0.011963900,0.001863500,0.002451500
0.010512900,0.001827400,0.001508800
0.009877500,0.002007900,0.003048100
0.015648300,0.002560600,0.001844400
0.014347100,0.002703200,0.003378300
0.011409500,0.001911200,0.002840400
0.012964500,0.003903800,0.003876100
0.017590200,0.001760600,0.001307400
0.014610600,0.004882200,0.003489800
0.020735600,0.004985900,0.004264300
0.019355900,0.003703500,0.003928100
0.018268800,0.001841100,0.004127900
0.018480100,0.001619800,0.003130300
0.019921800,0.004931800,0.003867100
0.016573700,0.003425100,0.001929500
0.017992500,0.003704400,0.001325400
0.015665600,0.002978800,0.002401700
0.021553000,0.004349800,0.003918200
0.017086100,0.004648600,0.003532600
0.016508300,0.004451400,0.004025900
0.016453100,0.003649300,0.003412600
0.019486700,0.004237100,0.004347900
0.012517600,0.001686000,0.001853300
0.014434100,0.003759300,0.003583800
0.013986000,0.003956000,0.002505400
0.019241500,0.004795800,0.004390000
0.018162900,0.001757700,0.003394200
0.015164100,0.002333100,0.005023500
0.018119200,0.004881100,0.003919800
0.014394600,0.004643000,0.004028900
0.015135100,0.003679600,0.005890800
0.018000600,0.003260200,0.001633400
0.020827700,0.003053800,0.001882500
0.027408000,0.005244500,0.004389500
0.021828000,0.004647500,0.003950300
0.018872500,0.003660500,0.003452900
0.016861000,0.004388500,0.003353900
0.010702300,0.004250800,0.004979300
0.017822300,0.002313500,0.001378100
0.014664000,0.001550100,0.001441600
0.015914500,0.001709100,0.002362100
0.010734000,0.004127200,0.003876200
0.018094200,0.001763600,0.002223400
0.019389700,0.002789100,0.004071400
0.020702800,0.001639000,0.003162700
0.021626500,0.004134600,0.002050100
0.018341400,0.002355100,0.003671700
0.020681700,0.004256500,0.004022300
0.018541200,0.003976800,0.003347000
0.017815700,0.002070700,0.003345400
0.025013200,0.003649100,0.003368600
0.012729400,0.003533400,0.001431000
0.018347500,0.003824400,0.003778000
0.020844100,0.004232100,0.003853500
0.019106100,0.004625000,0.003987700
0.020855600,0.004690000,0.004202500
0.016267800,0.001630300,0.002843000
0.014654600,0.001915100,0.003762100
0.020165900,0.003893300,0.004010900
0.019957500,0.004259200,0.003847800
0.017312200,0.001459800,0.003369300
0.020105700,0.004400300,0.001280400
0.017329600,0.003861500,0.003770000
0.019462000,0.004178400,0.004071900
0.022912200,0.004160500,0.003710800
0.014298700,0.004455100,0.003474800
0.018750300,0.004251300,0.001514000
0.022808500,0.001690800,0.001292800
0.018642200,0.003077600,0.003890100
0.021755400,0.004217700,0.003981400
0.023036600,0.003635700,0.003308100
0.016407800,0.004206700,0.003831000
0.011010900,0.002337900,0.003906700
0.020756700,0.003946800,0.003912500
0.016119200,0.004143900,0.003586200
0.014794700,0.003702000,0.003330800
0.015412100,0.003675200,0.002601500
0.012758100,0.001563200,0.002097400
0.020709200,0.003560000,0.003405300
0.016728900,0.001585800,0.003526200
0.020660200,0.004037100,0.003985100
0.022665600,0.004230400,0.003872000
0.017909600,0.004026900,0.003821100
0.017573800,0.004373700,0.003737700
0.022935700,0.004231700,0.004238200
0.018882800,0.004381600,0.003988300
0.024183300,0.004226200,0.004078900
0.022323500,0.003674100,0.003386900
0.016140800,0.001579000,0.002050700
0.012050800,0.001554800,0.002253100
0.013981000,0.004119200,0.003638300
0.010270500,0.001628200,0.002240200
0.013426900,0.001632300,0.001377900
0.010952400,0.002013800,0.002884600
0.009966900,0.002163200,0.001492700
0.013344500,0.003723000,0.003269200
0.012557100,0.004897200,0.004326400
0.021689900,0.004581800,0.003669200
0.021270600,0.004764900,0.003970800
0.023125200,0.002040900,0.003905700
0.010258200,0.001967600,0.003936600
0.016166600,0.003213600,0.001564000
0.015547300,0.001698300,0.003089000
0.011804100,0.001482000,0.003003000
0.015746600,0.004931600,0.004241700
0.014357000,0.001668600,0.003038600
0.014924900,0.002625000,0.003417800
0.016502900,0.003635800,0.003419200
0.014616400,0.001820700,0.001924100
0.009740100,0.003512300,0.003653400
0.009930900,0.001870700,0.003235400
0.014222900,0.001714500,0.001528300
0.015326400,0.001522500,0.003139000
0.013764100,0.003641200,0.003828400
0.017239600,0.004266100,0.003873500
0.012818400,0.003687800,0.003287500
0.017184000,0.004167800,0.003351600
0.021683000,0.002390100,0.001661100
0.018900000,0.001596100,0.001399500
0.012034100,0.001861000,0.003151700
0.010605000,0.003026300,0.001501100
0.012171900,0.001923000,0.003267700
0.009569200,0.001539100,0.001612800
0.010230500,0.002011900,0.002098700
0.010565200,0.003730200,0.003213100
0.008902700,0.001673200,0.001309300
0.009209700,0.001682400,0.001793400
0.011376300,0.002021600,0.002613500
0.010041400,0.001623900,0.001517800
0.009623000,0.001941000,0.001854000
0.010153800,0.002143500,0.001330800
0.009853300,0.001661300,0.001376300
0.013007400,0.003252500,0.003131800
0.014605000,0.003863600,0.003062400
0.013353600,0.003870000,0.002012100
0.016362700,0.004022800,0.001885400
0.014567300,0.001653700,0.002544600
0.016110000,0.001612900,0.003288200
0.012496100,0.003972500,0.003601600
0.014166300,0.004378100,0.003490100
0.015973000,0.001551300,0.001672300
0.009840400,0.001889100,0.002195200
0.013315000,0.001565900,0.001933700
0.013012200,0.004583700,0.002162100
0.015476000,0.002600500,0.003109100
0.010139300,0.001682900,0.002856900
0.013142200,0.001897500,0.002185500
0.012779100,0.002709200,0.004341000
0.014930200,0.001699800,0.001431200
0.013638400,0.001546900,0.001933500
0.015955700,0.003405100,0.003599000
0.016678300,0.003816400,0.003515300
0.014153400,0.003415400,0.001321500
0.013721800,0.003809100,0.003445500
0.024736100,0.004443900,0.003327700
0.020371900,0.004448200,0.003202600
0.019968500,0.004999100,0.003723900
0.021130400,0.002459200,0.003836400
0.021177900,0.004137300,0.004042100
0.022567200,0.003976900,0.003410200
0.017595100,0.003651500,0.003024000
0.023335600,0.004077000,0.003451700
0.022340900,0.003230600,0.002689000
0.016725700,0.003642200,0.003214700
0.023825800,0.003401700,0.001443300
0.015111100,0.001677800,0.001448300
0.012198800,0.004564200,0.004141100
0.021866900,0.004338700,0.003617200
0.013499900,0.002613500,0.003615200
0.012934800,0.003607900,0.001320300
0.013678800,0.004664600,0.001766200
0.016035400,0.001510600,0.002766600
0.013612800,0.004020800,0.002031400
0.017722700,0.002356500,0.001363100
0.011747300,0.001613200,0.001540200
0.013346900,0.004460200,0.004204600
0.009343100,0.003662300,0.003342900
0.017143800,0.003627700,0.003339200
0.022433800,0.004093900,0.004217700
0.013471000,0.003725000,0.003359800
0.022739000,0.004403200,0.003850300
0.014740100,0.004369200,0.003917200
0.015919600,0.004283900,0.003990400
0.020528600,0.004210300,0.003824400
0.011889800,0.001562100,0.001291500
0.016345500,0.004247600,0.003907100
0.021764400,0.003707600,0.003276500
0.026000700,0.004188700,0.003494700
0.023026900,0.004299800,0.003645800
0.018101800,0.004210900,0.003827800
0.013549000,0.004119500,0.003703500
0.022352700,0.004375000,0.003986100
0.017149300,0.004003200,0.003897200
0.017961200,0.002593100,0.003889900
0.020742700,0.004343200,0.002365600
0.017158700,0.004322000,0.003920600
0.014695300,0.004277600,0.004002300
0.018924800,0.001507600,0.001523500
0.019175900,0.004579400,0.001781800
0.015414100,0.004226100,0.003885700
0.016927400,0.002398100,0.003430000
0.015343700,0.003631600,0.003246800
0.019775000,0.003858800,0.003173400
0.021615700,0.002508200,0.003720700
0.022052600,0.004831500,0.003874100
0.020406200,0.004256300,0.004194100
0.019153100,0.002086800,0.003408300
0.015939800,0.003894700,0.003928900
0.019241800,0.003661100,0.003260800
0.021801800,0.004291300,0.004355200
0.018649600,0.004724700,0.003866500
0.011958200,0.004248500,0.003797200
0.013969000,0.004253100,0.003835400
0.017142700,0.004291600,0.002956000
0.014219400,0.004578500,0.003947500
0.019469000,0.004320900,0.003837700
0.017905300,0.003851300,0.003372400
0.020428700,0.003013700,0.003099300
0.015751100,0.004664300,0.004196000
0.018637800,0.005024000,0.004516700
0.018932000,0.004477600,0.003931200
0.016428400,0.004256000,0.004590300
0.018630900,0.004635100,0.003710000
0.013563700,0.004198100,0.003909700
0.017491800,0.004287100,0.003890700
0.011130800,0.003639000,0.002299400
0.017913300,0.004040100,0.003509200
0.021431900,0.003974000,0.003321400
0.022137100,0.001471100,0.003683000
0.021995200,0.004436200,0.003989900
0.023154800,0.004292300,0.003971100
0.023907600,0.004403700,0.004392500
0.016172600,0.001534800,0.003426500
0.019094400,0.004322700,0.004463000
0.018837000,0.004193400,0.003982900
0.021539300,0.004268300,0.003879700
0.020893900,0.004204100,0.003354900
0.021873500,0.004559900,0.003970200
0.024305900,0.004277400,0.003817700
0.018008000,0.004099600,0.003468900
0.024034900,0.004286400,0.003907600
0.015651400,0.004264200,0.003610000
0.013353200,0.001599300,0.002558400
0.016351300,0.004095700,0.003714900
0.012834500,0.004437100,0.001612600
0.015910900,0.003202600,0.001684700
0.016077200,0.002295600,0.003337900
0.016762300,0.001497600,0.003794400
0.013061900,0.003707300,0.003586000
0.014818200,0.002205100,0.002602400
0.018597600,0.001590400,0.003790100
0.023393800,0.003588700,0.003981400
0.018728100,0.003644300,0.003977400
0.020050000,0.003861100,0.002415000
0.018058100,0.002015000,0.003850800
0.014996200,0.002001600,0.001370800
0.015843800,0.003133800,0.003330600
0.015847700,0.003424100,0.003087800
0.016934400,0.004059300,0.003417400
0.023449200,0.004280000,0.004125600
0.020197500,0.003070100,0.001299700
0.019011900,0.001641600,0.003296600
0.015942700,0.001821100,0.003090500
0.024404500,0.004436500,0.004591600
0.015841700,0.002746900,0.003995600
0.017595900,0.003072500,0.003936600
0.019495500,0.003342100,0.003058600
0.021114300,0.004102900,0.003883800
0.015207600,0.004237000,0.003017000
0.018105100,0.003654400,0.003864800
0.011835000,0.001933300,0.002416700
0.014938500,0.001801600,0.003408200
0.014498700,0.004925300,0.003254500
0.020734200,0.003326500,0.004356800
0.022115600,0.003920300,0.003541300
0.015632600,0.004284600,0.003941200
0.014340200,0.004555000,0.001405100
0.017802400,0.001773000,0.002677600
0.013057600,0.003445400,0.003896400
0.017620200,0.004265900,0.002394900
0.017088400,0.001737500,0.003681100
0.012929900,0.002968100,0.002892600
0.017444800,0.004328500,0.003958100
0.017952500,0.001720200,0.002161400
0.018337700,0.003850100,0.001344900
0.016986100,0.004235400,0.003425100
0.013226600,0.004650800,0.003731200
0.010046700,0.004767000,0.003745600
0.022216700,0.004353700,0.003472800
0.018757800,0.004517600,0.003977600
0.020015900,0.005007600,0.003706100
0.019411200,0.004558600,0.004490700
0.018167700,0.004012600,0.003507200
0.012817200,0.001494900,0.004453500
0.021985900,0.004258500,0.004774500
0.017857000,0.004306300,0.003883000
0.017886900,0.003797000,0.003867500
0.021076200,0.003771000,0.003348700
0.022291200,0.002056900,0.003951100
0.022658300,0.004752500,0.003487700
0.017237900,0.004723700,0.002647700
0.015448900,0.004335400,0.003912100
0.022717700,0.004076300,0.003670100
0.022383400,0.003901900,0.003327900
0.023159800,0.004240800,0.003891800
0.018885900,0.004752200,0.004062600
0.022195600,0.005120800,0.004015700
0.024865400,0.004081300,0.003315800
0.021927700,0.003710300,0.004673700
0.023525000,0.004104700,0.003416200
0.020970900,0.004715900,0.003952300
0.018562500,0.001589400,0.001925900
0.017078900,0.002526600,0.004141300
0.015783200,0.003743100,0.003778700
0.021839900,0.004359000,0.003944100
0.012474600,0.004261000,0.003389700
0.018877600,0.001606100,0.004002400
0.018160600,0.004007900,0.004666100
0.019589000,0.003317700,0.003668900
0.020518300,0.001898700,0.003365800
0.023050700,0.004211700,0.004085500
0.021332500,0.003165400,0.003472700
0.022996000,0.003987400,0.003381400
0.021351300,0.002452700,0.003837100
0.013982200,0.004068400,0.004106700
0.014596500,0.004494400,0.003902900
0.016742900,0.002630400,0.001873100
0.020340200,0.001936800,0.003930600
0.022786900,0.004348700,0.002249300
0.017374400,0.003104500,0.003426000
0.020820900,0.002777200,0.003288600
0.022262800,0.004463300,0.003484300
0.016691300,0.002512800,0.001475600
0.017542500,0.002409800,0.003349100
0.022734400,0.004411100,0.004119400
0.019828600,0.004635100,0.004243500
0.018374800,0.003958600,0.003446000
0.021559600,0.004459600,0.003931900
0.012417800,0.002709100,0.003979900
0.013535500,0.004677100,0.004327400
0.018086000,0.004698500,0.003912100
0.020682500,0.003656400,0.003837600
0.017223300,0.004235600,0.003497800
0.018069400,0.003817300,0.003667200
0.017500800,0.003973000,0.003679100
0.011787600,0.003673300,0.002783900
0.017427600,0.002346300,0.004347900
0.021012900,0.003857300,0.003851300
0.022995400,0.001487700,0.002944400
0.015964300,0.001704300,0.003682300
0.022243400,0.004673500,0.003942900
0.016806300,0.004435300,0.004796100
0.014141800,0.004563800,0.003691400
0.022088700,0.004301500,0.004710000
0.018276600,0.005093700,0.004218300
0.021384800,0.004271100,0.003847700
0.017346400,0.001558800,0.001429400
0.017564200,0.004672000,0.003957400
0.016682000,0.003495500,0.002833800
0.015159200,0.003700300,0.004419600
0.022669600,0.004599600,0.004180000
0.009585300,0.001785900,0.002113600
0.009649300,0.002103000,0.002157600
0.017122900,0.004467600,0.004333600
0.012412400,0.001778100,0.003758400
0.010735200,0.005092300,0.002393700
0.016695200,0.001601900,0.003141400
0.020087400,0.004849000,0.003862600
0.012017100,0.004344400,0.003967800
0.018955300,0.002319200,0.002899700
0.019887400,0.004029600,0.003500900
0.018442500,0.001672600,0.004409100
0.010734800,0.001522800,0.001972600
0.009847900,0.001695400,0.001455500
0.014937400,0.002773900,0.001452900
0.011536900,0.003749700,0.002146400
0.011413800,0.004656700,0.003779400
0.021334400,0.004549500,0.002819600
0.017098800,0.001695900,0.003576100
0.016135500,0.003734900,0.003189700
0.014550200,0.003935300,0.004166400
0.016791300,0.004782300,0.004633200
0.018230400,0.004663200,0.003933100
0.022950100,0.003960500,0.003383700
0.021342400,0.003665400,0.003326600
0.022243200,0.003655100,0.003726900
0.017434400,0.001587000,0.001412700
0.012212400,0.001771300,0.001501600
0.013746000,0.002103600,0.001659800
0.010319900,0.003812200,0.002201500
0.013887300,0.002428400,0.001680500
0.015026000,0.001816000,0.001456700
0.012572000,0.003644000,0.002015600
0.011593000,0.002370400,0.003445200
0.012784900,0.001821300,0.001617200
0.010865200,0.003896700,0.003651400
0.012730900,0.001961700,0.001619500
0.015226900,0.002748900,0.002563700
0.022411500,0.003842300,0.003364000
0.020797500,0.001780000,0.004191200
0.016082600,0.004979600,0.003850300
0.021399000,0.001584700,0.003047100
0.022117000,0.004480900,0.003918300
0.024266900,0.004247100,0.003474100
0.024156800,0.004299600,0.003680100
0.017308400,0.003543000,0.003373200
0.019383000,0.004186500,0.003857800
0.018171400,0.001676000,0.002969200
0.022446800,0.004316500,0.003687700
0.017762000,0.004342400,0.004157700
0.018161200,0.002932600,0.004257100
0.017038500,0.001930500,0.001508800
0.012485300,0.003036200,0.003517700
0.011158800,0.001581300,0.003442100
0.019033200,0.001967800,0.003810900
0.015472800,0.004453200,0.001910000
0.014654100,0.001816300,0.003506300
0.016045800,0.001792400,0.002965400
0.014364300,0.001749700,0.003570000
0.015024400,0.001764900,0.002628400
0.012951500,0.003116200,0.003361800
0.014598900,0.002637900,0.002780100
0.014753000,0.002887500,0.003317800
0.012981100,0.003177600,0.003388000
0.014087000,0.003964700,0.004394900
0.020977300,0.002600700,0.003961300
0.015906600,0.004893600,0.003681000
0.012646300,0.003682500,0.003271700
0.012479300,0.005032600,0.002913800
0.021831600,0.001704500,0.002641700
0.013756500,0.003138000,0.004913800
0.019256300,0.002843900,0.003565800
0.013550200,0.004653600,0.002326400
0.012250500,0.001524500,0.002617300
0.013057900,0.002375400,0.003676900
0.015138300,0.001760000,0.002427900
0.017840800,0.004339600,0.004174100
0.014935800,0.001915200,0.003168100
0.020697400,0.002647200,0.004421300
0.019059300,0.004750900,0.004653400
0.018925600,0.004578100,0.004915400
0.019465900,0.001701800,0.003876800
0.018841200,0.003720800,0.003320300
0.015423400,0.003886700,0.003275400
0.016643400,0.001821700,0.004417700
0.016700300,0.001763500,0.004237300
0.013994100,0.004282200,0.003919100
0.016174600,0.003972600,0.004517400
0.015126500,0.003650500,0.003304600
0.016972800,0.004286100,0.002608300
0.012062300,0.001662400,0.003520900
0.013636000,0.002661400,0.003482500
0.014261600,0.002205200,0.004296800
0.023391000,0.003648300,0.003293100
0.021917900,0.003967200,0.003348900
0.017495700,0.004664000,0.004033900
0.013280400,0.001966700,0.002183800
0.017636500,0.003354400,0.001700400
0.011397600,0.003726700,0.003608600
0.016511800,0.002988900,0.001478300
0.018126400,0.001599800,0.002467400
0.011525600,0.003813400,0.003451100
0.012116000,0.001986100,0.002423300
0.018068600,0.003956500,0.003519300
0.016579800,0.003831200,0.003857700
0.019540000,0.001647000,0.002787800
0.015937500,0.004533100,0.003968200
0.020761200,0.004671200,0.004148800
0.015145200,0.002231900,0.004200100
0.016615200,0.004998300,0.004123500
0.021505600,0.004610400,0.003292600
0.016242100,0.001673100,0.002813600
0.020055400,0.004550300,0.004056500
0.019839200,0.004134100,0.003894700
0.021760800,0.003719500,0.003287600
0.016414800,0.007557400,0.002536500
0.011443000,0.003481900,0.001921200
0.011482900,0.003489300,0.001898800
0.010515100,0.001679100,0.001733500
0.011910100,0.003325500,0.002862900
0.014696300,0.002758700,0.002048000
0.014155500,0.003215800,0.003398200
0.021362000,0.004019800,0.003609100
0.019564100,0.004104600,0.005143100
0.023192200,0.004910900,0.004262500
0.022564300,0.001573600,0.003257400
0.022364300,0.004642600,0.003939400
0.021336200,0.004561000,0.004174300
0.019511300,0.004719300,0.003895200
0.017831000,0.004184600,0.004592500
0.022065200,0.004029000,0.003404500
0.011154500,0.001948900,0.001612100
0.013779300,0.002935100,0.003199800
0.020921600,0.001689900,0.004213900
0.020753800,0.004353200,0.004221800
0.021690700,0.004016600,0.003321600
0.020729300,0.004296600,0.003908700
0.017605200,0.004134100,0.001320200
0.021555700,0.003594600,0.003344200
0.013850800,0.001871100,0.001614500
0.011063500,0.003709000,0.003299800
0.023784200,0.004627700,0.004179400
0.020437200,0.003625600,0.004658700
0.019035500,0.001551400,0.002573300
0.022585400,0.004639600,0.004216100
0.025493100,0.004504200,0.003862400
0.020331200,0.001585100,0.002210500
0.015296600,0.002198800,0.001940300
0.011054600,0.001987400,0.001704700
0.014661100,0.001607200,0.001381500
0.014334300,0.003976400,0.002767100
0.013618400,0.002889800,0.002803900
0.020373500,0.002643700,0.004191000
0.019563800,0.004620500,0.003884600
0.023157700,0.004362900,0.003840300
0.020338500,0.001814100,0.003888800
0.016371100,0.004266800,0.004139200
0.020614400,0.004948900,0.004865100
0.024809900,0.004323700,0.004100900
0.021120800,0.003709800,0.003371700
0.021439900,0.004986200,0.004697700
0.019401900,0.004598100,0.002267100
0.021036600,0.003698800,0.003414300
0.020024100,0.004811200,0.003961100
0.014813500,0.003934900,0.003422400
0.021798100,0.003695100,0.003362500
0.017591600,0.002420000,0.002054700
0.022122200,0.004597900,0.004087100
0.020569100,0.003237800,0.003793000
0.024231300,0.004291800,0.003759100
0.023371900,0.004393700,0.003851900
0.016158600,0.003341600,0.001385800
0.022221600,0.004274600,0.003877900
0.019559900,0.003612400,0.003445400
0.019828700,0.003130100,0.003307400
0.020943500,0.001523900,0.002140900
0.022581100,0.004379300,0.001906000
0.017828800,0.003956100,0.003736100
0.020999100,0.003178900,0.003921300
0.020253100,0.002568800,0.003440200
0.022612200,0.004520000,0.004131300
0.019987600,0.004473200,0.003794600
0.018915700,0.001505100,0.001239900
0.017729200,0.002307800,0.003969800
0.020028800,0.004281500,0.003807600
0.019337100,0.003959100,0.003160000
0.022902600,0.004616000,0.004266900
0.022303200,0.004316200,0.004089700
0.012526300,0.002629700,0.001340600
0.020536300,0.003744100,0.003946500
0.022156900,0.004142600,0.003278300
0.018341500,0.003844200,0.003228700
0.018089200,0.004302200,0.003955400
0.015323900,0.004464100,0.003377100
0.021743200,0.004209800,0.003801200
0.021536300,0.004738700,0.004194200
0.020495300,0.003793500,0.003364800
0.021618100,0.004374000,0.003856600
0.020983700,0.002038800,0.002776500
0.019365400,0.004633100,0.004012900
0.017140400,0.002667000,0.003299600
0.023174200,0.002339500,0.003940800
0.019221400,0.003651100,0.002710600
0.020976600,0.004508800,0.004095900
0.019093700,0.004472500,0.003717000
0.022668800,0.003849600,0.003316800
0.022125300,0.004575600,0.003872400
0.022044500,0.004292300,0.004276800
0.033113700,0.005057400,0.006740100
0.021130400,0.004525000,0.004114100
0.022097200,0.005154100,0.004320100
0.020315200,0.004365700,0.003300000
0.021988800,0.003909100,0.003594400
0.022185900,0.005284100,0.005265500
0.021152200,0.004730900,0.003971100
0.022511500,0.004059000,0.003562200
0.021827400,0.003778100,0.003588400
0.014242300,0.004387900,0.004222100
0.016943100,0.001601400,0.001387700
0.018501500,0.004039800,0.003627200
0.024250200,0.004937700,0.004313300
0.016110300,0.003772300,0.003670200
0.024254700,0.004986500,0.004474200
0.023651900,0.004659200,0.001537400
0.022708000,0.005077400,0.004487900
0.022249000,0.003951100,0.003372200
0.022948600,0.004977300,0.004033000
0.021232600,0.004067100,0.003894000
0.019605000,0.004765200,0.004284700
0.022814400,0.004729400,0.003765700
0.016115400,0.003716600,0.003298500
0.021093000,0.002769200,0.004342400
0.023520000,0.004470000,0.003688600
0.021949500,0.004079300,0.003471000
0.022850100,0.005045500,0.004210000
0.022582700,0.003933100,0.003335600
0.023355800,0.004103200,0.003390000
0.020882000,0.004763300,0.004241700
0.022479100,0.004197600,0.003491900
0.021962300,0.004471400,0.003991700
0.020993300,0.004366300,0.003549600
0.021961200,0.004008200,0.003606100
0.021651800,0.003878000,0.003848500
0.021237600,0.004299600,0.004690100
0.023851000,0.003688400,0.003312200
0.024278500,0.003981500,0.003357000
0.021522000,0.004216300,0.003843600
0.019159100,0.004366800,0.003985700
0.020915100,0.004803900,0.004083000
0.022372100,0.004229600,0.003847300
0.023752200,0.001876600,0.001387700
0.022891300,0.004375100,0.003982900
0.022333400,0.004259300,0.003850100
0.016650300,0.003995700,0.003832300
0.024763300,0.004239200,0.003864300
0.020909500,0.003702800,0.003331100
0.018277000,0.003690000,0.003481700
0.021635000,0.004222500,0.003849400
0.022235800,0.004481500,0.003918100
0.020134800,0.003673600,0.003378700
0.015292300,0.004252000,0.003867700
0.018164200,0.003943800,0.003309400
0.024290000,0.004672000,0.003956300
0.022274900,0.004239800,0.003805900
0.023083600,0.004278600,0.003910400
0.023455900,0.003815300,0.003544200
0.025172600,0.004253300,0.004113000
0.021166600,0.004313900,0.004245700
0.020806700,0.004391800,0.003870800
0.020228200,0.004268600,0.004003200
0.021952900,0.003790500,0.003317900
0.024133400,0.004466600,0.003965700
0.022633300,0.004251300,0.003859500
0.022808100,0.004207400,0.003883700
0.021216900,0.004260500,0.004319800
0.021752800,0.002796100,0.003688300
0.028339500,0.004209600,0.003891100
0.022608000,0.004342100,0.004138700
0.022206100,0.004205500,0.003887600
0.022530600,0.004558800,0.004326400
0.018888500,0.004285700,0.004156800
0.021836600,0.004154300,0.003976900
0.019750400,0.004611300,0.004053100
0.021339000,0.003758900,0.003446800
0.021762000,0.004297200,0.003878500
0.019010400,0.004381000,0.003873700
0.022243100,0.005072800,0.004034300
0.023267200,0.003150600,0.003599800
0.022472600,0.004547000,0.004014700
0.022784000,0.004458900,0.004005000
0.021906100,0.003856500,0.003464000
0.018698600,0.003778500,0.003428400
0.017886500,0.004403900,0.003991200
0.023610900,0.004027100,0.003494900
0.021052900,0.004222200,0.003989500
0.021440800,0.001955500,0.002112400
0.018217000,0.003972400,0.003570400
0.018713300,0.004311300,0.003889800
0.023913900,0.001535500,0.002393200
0.021389400,0.003806000,0.003330100
0.021683900,0.003200600,0.003755800
0.017776300,0.002273600,0.003697400
0.021236900,0.004382600,0.003887100
0.024090700,0.004219000,0.003132800
0.017631400,0.004246800,0.003829000
0.018718800,0.001740700,0.002887600
0.022547700,0.004341700,0.003975200
0.019877300,0.004741100,0.001692900
0.018429000,0.004640400,0.003915700
0.023232300,0.004319600,0.004714100
0.020514500,0.004209300,0.003352200
0.010268200,0.004751300,0.003851900
0.018363900,0.002773500,0.003974900
0.018621100,0.003614000,0.004228800
0.021234600,0.004504900,0.004018500
0.022764500,0.004273200,0.004261000
0.022374600,0.004247300,0.004048200
0.023028000,0.004299400,0.003833000
0.019177300,0.004253100,0.003852400
0.020597400,0.001786200,0.001462400
0.015325400,0.001991900,0.003247100
0.020089800,0.004323400,0.004245800
0.013379800,0.003499200,0.001444300
0.021763400,0.004379000,0.003746000
0.021228700,0.004312000,0.003943200
0.020613600,0.004014100,0.003334000
0.018671600,0.001976000,0.003555300
0.023914000,0.004038700,0.003311400
0.019530800,0.003662900,0.003306400
0.012336900,0.001697100,0.001644600
0.019313000,0.002946500,0.003730100
0.019750600,0.004186800,0.003842100
0.014844900,0.004503600,0.002904400
0.014688600,0.005029400,0.004012200
0.017602100,0.004975600,0.004370200
0.018445900,0.003193000,0.003611200
0.015624200,0.004673600,0.004389300
0.013819300,0.005032500,0.002797600
0.016009800,0.002762700,0.001316600
0.011737800,0.004330200,0.003878500
0.017016000,0.004857200,0.004057800
0.021919600,0.004637600,0.004681300
0.025230700,0.004430200,0.003629900
0.013160500,0.004172800,0.002222100
0.018979800,0.004115500,0.003608500
0.024438400,0.003168100,0.003566600
0.016127100,0.003070200,0.003560800
0.016335400,0.002109800,0.004521600
0.015062200,0.003420200,0.003757800
0.017498600,0.004234400,0.001542300
0.017328300,0.003601900,0.004281200
0.022138300,0.002964000,0.003791300
0.022230700,0.004596100,0.004046300
0.022708300,0.004485100,0.003863000
0.020176800,0.004484600,0.004141200
0.021729800,0.004342200,0.004177100
0.023918900,0.003566300,0.003310300
0.020624200,0.004675100,0.003942400
0.020278600,0.004408000,0.004166700
0.021988900,0.004342700,0.004119800
0.020343600,0.001511700,0.003767000
0.019099900,0.002986800,0.002520000
0.025051900,0.004440800,0.003845700
0.020435300,0.004412700,0.003836500
0.022840500,0.004074600,0.003288100
0.023295100,0.004200300,0.003520400
0.022496600,0.005248800,0.003872400
0.022584800,0.003225600,0.003867400
0.011105100,0.001491000,0.003844400
0.022104200,0.004558900,0.004012200
0.018568100,0.004294500,0.003925000
0.022274600,0.004241400,0.003938700
0.017438300,0.001515200,0.003690200
0.021507400,0.004769300,0.003911300
0.022710400,0.004243700,0.004089600
0.022596500,0.004256300,0.003811900
0.021959500,0.003888200,0.003566900
0.022541500,0.004196500,0.004096200
0.023764500,0.004174900,0.003865900
0.023862000,0.004437100,0.003838200
0.020127500,0.004241300,0.003902500
0.022019600,0.003680100,0.003226500
0.021574900,0.004187500,0.004363700
0.022711300,0.004236200,0.003861200
0.022162700,0.004287200,0.003857100
0.011873700,0.002717100,0.002048800
0.015161200,0.004116000,0.003508300
0.010995900,0.003159400,0.003287000
0.016979400,0.003443600,0.002734000
0.015053000,0.004221000,0.003882400
0.010768000,0.002072900,0.001313000
0.013177500,0.002168000,0.003153700
0.024817600,0.004777300,0.003977400
0.025547900,0.004655800,0.004001100
0.022070500,0.004011200,0.003855900
0.019089400,0.004138400,0.003868900
0.012531200,0.002064500,0.001447000
0.021919200,0.004389500,0.003465300
0.024344600,0.003941000,0.003318200
0.022503600,0.004221400,0.003937300
0.016119800,0.002826300,0.003335100
0.012449900,0.002874300,0.003825500
0.011222200,0.004207700,0.003977900
0.016609300,0.001706200,0.001529800
0.020993900,0.004262300,0.003837300
0.023984600,0.003880800,0.003267200
0.014400800,0.004245000,0.003932600
0.015882100,0.003808300,0.003334000
0.012233200,0.001602600,0.001523500
0.022864400,0.004632000,0.003535200
0.020983500,0.004209000,0.004034600
0.021803100,0.004016200,0.003899500
0.021914900,0.004713700,0.003489000
0.016673400,0.004817300,0.003964700
0.017696500,0.002722700,0.003521000
0.021569500,0.004128900,0.003626500
0.021237800,0.004317700,0.003941800
0.021333000,0.003829600,0.003305000
0.018831600,0.003930900,0.004036200
0.018292400,0.004180700,0.003854600
0.022195800,0.003800200,0.003341400
0.012010800,0.004436200,0.003440400
0.021069400,0.003981900,0.003917900
0.014897900,0.003903400,0.003737100
0.023774400,0.004242400,0.004280000
0.021587500,0.004320700,0.003823700
0.022471300,0.002010500,0.001261700
0.016600100,0.004754400,0.004318400
0.011354800,0.003884600,0.004093600
0.017699200,0.001658900,0.001416100
0.018184800,0.003685500,0.004143600
0.019145800,0.004245400,0.003880200
0.017372600,0.004392500,0.003906100
0.015859400,0.001715100,0.001476600
0.018476300,0.004436600,0.003817300
0.017847700,0.004297300,0.003925600
0.021033900,0.003775600,0.003341200
0.014222600,0.004965500,0.001454400
0.015952500,0.002741900,0.003779100
0.021741600,0.002547100,0.004078800
0.018298100,0.003591200,0.003624100
0.016097100,0.003644800,0.004491700
0.017310600,0.001514700,0.003740300
0.023763900,0.003682600,0.003301300
0.015108000,0.001502200,0.003795000
0.022463700,0.004218100,0.003967700
0.016575500,0.004291300,0.004371700
0.012585100,0.002545800,0.003532700
0.023004500,0.005004300,0.004555000
0.024124400,0.004164300,0.002895700
0.009599000,0.002673900,0.003334300
0.021701700,0.004331500,0.004440900
0.012098600,0.002491800,0.003253300
0.018473100,0.001739300,0.001371600
0.017159100,0.004053300,0.003841100
0.016844700,0.003192100,0.003948800
0.012121300,0.004397400,0.004060000
0.012872800,0.001566500,0.003311300
0.016566400,0.004245000,0.003744200
0.017357000,0.001903600,0.001531400
0.023728900,0.004058700,0.003338900
0.016445700,0.004344700,0.003767200
0.016329600,0.002574000,0.003642500
0.018476500,0.004599400,0.003141200
0.014747800,0.001970200,0.001385300
0.014879200,0.004153200,0.003489100
0.019941500,0.003335800,0.003945500
0.022441500,0.004377300,0.003849000
0.014401300,0.001702100,0.001474200
0.015040000,0.001793900,0.001439400
0.019428900,0.001658600,0.004196700
0.012996600,0.004537500,0.003644500
0.019683200,0.004116400,0.003766800
0.023926700,0.002549500,0.002281700
0.017619600,0.003630500,0.003074700
0.014809600,0.002206300,0.001329000
0.015604400,0.004957700,0.004468000
0.017853500,0.004343700,0.002389300
0.022247200,0.004296800,0.003868100
0.022244600,0.003058100,0.003462400
0.021112500,0.004228000,0.002324100
0.023070600,0.004209900,0.003817400
0.022060400,0.004497200,0.004207900
0.023048100,0.004546100,0.003532300
0.021705400,0.004315900,0.003973600
0.022930200,0.003652400,0.003270300
0.022661600,0.004185600,0.002370300
0.022543700,0.003456700,0.001972600
0.017954800,0.004299000,0.003958400
0.016189800,0.003715000,0.003375800
0.022821000,0.004257800,0.003837900
0.018109300,0.003613100,0.004241500
0.021795900,0.004228300,0.003816300
0.020841800,0.003728400,0.003698200
0.025388100,0.004443700,0.003934000
0.016291800,0.004155400,0.004098800
0.011572900,0.001898100,0.002896500
0.015421600,0.001699000,0.002023400
0.011186000,0.003468100,0.002928900
0.016558000,0.002177900,0.001649600
0.014781100,0.004617100,0.004452700
0.018571700,0.001605400,0.003245700
0.016335600,0.001528500,0.003246700
0.020975200,0.004367400,0.003421300
0.017269900,0.003980000,0.003412700
0.022700600,0.004211000,0.003871000
0.023067400,0.004876300,0.003542700
0.016785900,0.003478100,0.003960800
0.017180400,0.004332100,0.003911700
0.020771500,0.002970300,0.003873100
0.016949400,0.004458700,0.003479200
0.013508100,0.002384300,0.001853100
0.018067200,0.003709500,0.003745300
0.020209800,0.004375100,0.004069400
0.019567000,0.002117300,0.001476700
0.015529500,0.004603700,0.002493000
0.017531400,0.003738400,0.004012300
0.017719800,0.004690700,0.004312200
0.016211500,0.003178700,0.003918800
0.015442600,0.001900400,0.003454900
0.011941400,0.002665900,0.002649600
0.012030200,0.002438900,0.003670900
0.016924900,0.001533200,0.002878800
0.017802700,0.001691900,0.001369900
0.016296400,0.002995000,0.003829800
0.019578400,0.003489300,0.003365200
0.016494800,0.004010600,0.004047500
0.017127200,0.002392000,0.002556200
0.015812200,0.003103300,0.003860600
0.012022800,0.003171000,0.003519200
0.016478700,0.003699900,0.002783000
0.018265600,0.004137600,0.003854000
0.018276800,0.004622900,0.004634800
0.015383700,0.001512200,0.003813100
0.017360100,0.003805400,0.003561000
0.018746300,0.001616400,0.003034600
0.015998600,0.001463800,0.003885800
0.017625300,0.003194000,0.003322800
0.016338400,0.004710900,0.004400000
0.019604500,0.001755900,0.001361400
0.015068800,0.003016000,0.002108900
0.015281000,0.001781000,0.001447000
0.017795600,0.002493600,0.003407500
0.013101200,0.003643600,0.003332700
0.015351200,0.003237900,0.003847700
0.015905600,0.001812900,0.001530000
0.015366600,0.003551700,0.003559300
0.020469500,0.004349800,0.002316300
0.021015700,0.003617500,0.003347200
0.016443900,0.001821400,0.001772600
0.016143100,0.004285500,0.003917800
0.014244800,0.003673000,0.003288300
0.010917800,0.003931600,0.002801000
0.010043000,0.002462600,0.003562900
0.011396500,0.003646500,0.002444100
0.017844800,0.004031300,0.003376500
0.014524000,0.002183700,0.003329100
0.021506700,0.001869400,0.003645100
0.016507400,0.003811800,0.003472400
0.009928000,0.002457700,0.003466800
0.017400900,0.002331500,0.003958200
0.017268600,0.004093000,0.003560900
0.015649700,0.003331700,0.001989700
0.013953100,0.002551100,0.003320100
0.017023900,0.002186000,0.003261500
0.015588200,0.003258900,0.001858000
0.014464700,0.001630700,0.004203300
0.014449300,0.002248300,0.001489500
0.020981700,0.004476400,0.003958200
0.017551000,0.004625800,0.003945400
0.018369300,0.004059900,0.003904300
0.021821700,0.003642900,0.003396400
0.015505300,0.002716300,0.003613100
0.018556000,0.004228200,0.003173500
0.014985300,0.004512000,0.003709300
0.017114500,0.001511800,0.003811500
0.018777300,0.001561400,0.002933700
0.017016200,0.004439400,0.003769700
0.016373300,0.001956000,0.003140800
0.009552900,0.002265600,0.003613700
0.016025800,0.001814400,0.002924700
0.016454600,0.001819200,0.004035100
0.013651800,0.003435900,0.003184300
0.014203900,0.002829200,0.003908000
0.013260100,0.004190500,0.004048800
0.015645000,0.003548000,0.003674600
0.016475000,0.001620100,0.002889800
0.017056700,0.004030000,0.003955300
0.017682000,0.004262700,0.001542800
0.015556900,0.004234300,0.004228600
0.021704300,0.003832500,0.001817700
0.013877600,0.004265100,0.003878900
0.017236500,0.001616900,0.003324800
0.016004000,0.004244000,0.002822400
0.023745700,0.005744900,0.003963400
0.013743700,0.004156800,0.003437000
0.021485200,0.001664600,0.001346800
0.011984000,0.003409000,0.001426200
0.013364900,0.004749100,0.003552900
0.020511900,0.001968600,0.002096100
0.015748400,0.002142800,0.003866000
0.017666100,0.003397300,0.003490500
0.015822100,0.003945500,0.003974400
0.018744900,0.004277400,0.003814200
0.019153300,0.003794400,0.003876100
0.023948700,0.004274000,0.004569000
0.017374700,0.004231600,0.003508400
0.021002800,0.004324300,0.003100100
0.015637900,0.004290000,0.003879400
0.012305200,0.004291800,0.003154300
0.010763500,0.001565700,0.003572000
0.017027400,0.004348500,0.002052300
0.014504000,0.001911000,0.001803700
0.014387200,0.003615500,0.003204400
0.015681100,0.004411500,0.003675500
0.019764800,0.001519400,0.003424200
0.019029400,0.003432400,0.003391900
0.014804000,0.004427600,0.001918200
0.015243600,0.002685200,0.003982000
0.012636900,0.004774700,0.002554200
0.019691100,0.004717300,0.001479800
0.015276500,0.002341400,0.003329900
0.015173100,0.004579300,0.002343300
0.016770400,0.001805300,0.003476300
0.017623600,0.003083100,0.003905100
0.018192700,0.001835300,0.002281200
0.008992700,0.000975700,0.000765100
0.007186000,0.000942300,0.000734600
0.006142400,0.001427100,0.001230700
0.006311600,0.001404500,0.001164600
0.006753800,0.000926500,0.000744900
0.008387800,0.001543100,0.001251800
0.006248900,0.001450800,0.001228300
0.007347000,0.001497700,0.001042800
0.006724700,0.000926500,0.000743200
0.006732400,0.001607100,0.001232200
0.006730200,0.000872600,0.000746700
0.006564800,0.001571400,0.001324800
0.006776800,0.000899900,0.000731600
0.007243000,0.001462700,0.001226900
0.008586000,0.001956300,0.000930800
0.008541500,0.000937200,0.000728500
0.006402500,0.001408800,0.001217600
0.006145400,0.000884300,0.000741400
0.006586100,0.001315100,0.000838700
0.006242900,0.001290800,0.000765900
0.008288300,0.000960400,0.000759200
0.007265700,0.001546800,0.000825800
0.006508400,0.001427600,0.001228100
0.006339100,0.001609000,0.001165100
0.006508900,0.000975400,0.000754800
0.006861600,0.000922500,0.000766600
0.006283700,0.001462600,0.000779300
0.006590600,0.001808000,0.001052800
0.006487000,0.001657800,0.001404300
0.006557700,0.000899200,0.000790400
0.006109100,0.000885200,0.000743400
0.005922400,0.000881700,0.000736800
0.006557200,0.001491100,0.000948900
0.006552400,0.001292300,0.000821000
0.006871400,0.000906800,0.000733900
0.006682700,0.001445000,0.001234700
0.006885000,0.001043600,0.000844400
0.006951400,0.000941900,0.000760900
0.007794900,0.000860300,0.000714000
0.006379200,0.001793700,0.001216600
0.006620500,0.001238600,0.000851700
0.008126200,0.001516100,0.001273000
0.007468900,0.001692600,0.001226500
0.006425700,0.001457800,0.001240000
0.006617600,0.001442800,0.001213500
0.007047800,0.001463500,0.001241300
0.007023500,0.000961800,0.000788200
0.006584700,0.000944200,0.000742700
0.007341900,0.001730400,0.001255400
0.006568600,0.001416500,0.001216500
0.006454700,0.000917800,0.000773100
0.006619500,0.001051900,0.000733000
0.007174000,0.000905500,0.000754400
0.006258100,0.000870700,0.000735100
0.006763500,0.001761300,0.001253000
0.006529200,0.001032900,0.001213300
0.007066300,0.000947200,0.000772100
0.006902700,0.001444800,0.001239100
0.007114500,0.000883300,0.000820700
0.008235300,0.000955400,0.000782700
0.007872900,0.001429300,0.001224700
0.008116400,0.001978000,0.000959700
0.008001600,0.000981700,0.000762000
0.007148000,0.001432500,0.001335800
0.007225800,0.002280100,0.000831200
0.006700900,0.001454500,0.001248000
0.006925000,0.000881800,0.000758600
0.007582000,0.001063800,0.000746100
0.007150400,0.001732000,0.000853300
0.007159400,0.001476700,0.001222300
0.007568200,0.002235300,0.002550600
0.006731400,0.002276500,0.000913200
0.009125400,0.000930500,0.000839700
0.006620400,0.001471000,0.001266600
0.008002100,0.000969700,0.000745900
0.007503900,0.001424200,0.001217500
0.007618400,0.001234300,0.000817500
0.007565800,0.000958200,0.000781800
0.007389100,0.000933200,0.000756100
0.007632200,0.000983700,0.000809100
0.008876200,0.001415700,0.001231800
0.007246000,0.001016400,0.000759400
0.008551900,0.000996900,0.000781200
0.006267400,0.000895300,0.000839700
0.007471200,0.001511300,0.000860300
0.007811900,0.001303500,0.001097400
0.006864100,0.001003500,0.000791400
0.006668900,0.001064700,0.000953700
0.007559200,0.001470600,0.001256500
0.006541300,0.001454200,0.001239900
0.007380200,0.001152800,0.001405000
0.007903500,0.001498300,0.001234100
0.006507700,0.001405300,0.001217700
0.008355000,0.001205100,0.000842700
0.007132100,0.000991300,0.000751600
0.005683500,0.001358800,0.001199400
0.007549100,0.001599100,0.000845900
0.007437000,0.001086000,0.000801000
0.007095400,0.001522600,0.001062700
0.007242200,0.001906600,0.001353000
0.008844000,0.000925900,0.000762800
0.007055500,0.001764900,0.001449200
0.007180200,0.000929300,0.000764400
0.006185400,0.000926600,0.000762900
0.006260400,0.001539500,0.001224600
0.006372400,0.001562400,0.001260100
0.007202800,0.000936800,0.000741800
0.006167600,0.000936300,0.000768900
0.006393300,0.001461800,0.001232000
0.006109900,0.000993300,0.000786000
0.006663600,0.000960800,0.000758200
0.006691300,0.001526700,0.001263000
0.006410300,0.000903700,0.000721200
0.006017400,0.001554900,0.001031800
0.007264100,0.000967700,0.000756700
0.008503800,0.001787400,0.001129300
0.011708100,0.001328000,0.000929700
0.007619600,0.001726000,0.000870000
0.009686600,0.002032000,0.001358800
0.026795200,0.001867400,0.001693800
0.018485000,0.002464700,0.001638900
0.010460800,0.002228200,0.001656800
0.005683100,0.000947800,0.000774500
0.006405600,0.001715500,0.000840100
0.007800300,0.000964200,0.000786500
0.007539900,0.001527800,0.000939200
0.006393800,0.001634400,0.001100100
0.006669700,0.001520100,0.001264500
0.006161700,0.001430000,0.001237800
0.006407200,0.001592400,0.000804800
0.007216900,0.000987200,0.000770500
0.007020400,0.001818700,0.001285100
0.006473400,0.001015600,0.000813500
0.007650100,0.000968900,0.000767300
0.007421900,0.001437200,0.001231100
0.006411900,0.000886100,0.000736200
0.006604900,0.001302400,0.000859800
0.006933000,0.001512300,0.001373300
0.006998100,0.000895400,0.000752200
0.007465200,0.001452900,0.000788400
0.007665000,0.000926600,0.000722100
0.006868900,0.000889400,0.000757400
0.006693400,0.000889300,0.000757200
0.006946300,0.001043400,0.000808600
0.006474500,0.000913000,0.000776500
0.006772600,0.000934800,0.000755800
0.006573400,0.001411000,0.001215700
0.007134300,0.001524600,0.000840400
0.007027200,0.001129700,0.001039400
0.014480300,0.001839500,0.001468300
0.008052600,0.001095200,0.000776700
0.006269800,0.001410000,0.001220700
0.006735100,0.001012300,0.000788700
0.010676800,0.001075100,0.000810900
0.009559900,0.001727200,0.001693000
0.006443600,0.000962200,0.000755200
0.006631300,0.000892800,0.001206300
0.007572900,0.001028700,0.000827500
0.007508400,0.001029000,0.000776400
0.006475400,0.001041100,0.001304400
0.008431800,0.000952900,0.000769800
0.007755300,0.001748600,0.001994000
0.008043400,0.001724700,0.001264400
0.006072600,0.001499000,0.000782600
0.007062400,0.001039200,0.000773000
0.007555900,0.000975000,0.000759300
0.006233200,0.001349100,0.000765100
0.007332100,0.001094500,0.000831300
0.006577800,0.001488900,0.001130000
0.006078600,0.001570500,0.001797700
0.007636000,0.001045400,0.000838800
0.007526700,0.000979100,0.000784100
0.007166800,0.001030600,0.000854200
0.006920500,0.001526100,0.001297400
0.006812800,0.001019200,0.000792500
0.009200400,0.000965400,0.000762900
0.006237200,0.001455900,0.001231300
0.007842900,0.001049500,0.000832100
0.007943400,0.001502800,0.001250000
0.006978100,0.001663200,0.000781000
0.006827700,0.001046400,0.000902900
0.008047000,0.000985600,0.000845100
0.006500400,0.001725600,0.001249100
0.006360400,0.001665900,0.000879100
0.008124600,0.001769000,0.000843000
0.007443000,0.001454000,0.001228500
0.007094900,0.001216600,0.000992600
0.006634600,0.000965000,0.000756300
0.006182300,0.001487000,0.001242600
0.006190100,0.001554000,0.001264600
0.007207400,0.001012800,0.000825700
0.007600100,0.001506100,0.001397200
0.007289900,0.001443100,0.000821400
0.008143100,0.001553500,0.001269000
0.006707100,0.001547000,0.000839500
0.007143500,0.001041500,0.000810600
0.007640600,0.000908400,0.000734600
0.007936700,0.000892500,0.000760000
0.006832900,0.001079700,0.000851500
0.007436100,0.001545600,0.001310900
0.006394100,0.000931400,0.000733700
0.006218500,0.001533100,0.001637500
0.007706700,0.001631400,0.001264200
0.006522600,0.001480700,0.000908200
0.007190100,0.000992200,0.000775600
0.007539300,0.001783100,0.000990400
0.006628000,0.000889100,0.000738300
0.006835800,0.001031600,0.000823200
0.008006500,0.001507100,0.001263600
0.006403200,0.001743100,0.001373100
0.007372700,0.000994700,0.000902200
0.006356200,0.000923200,0.000754900
0.006597600,0.001450400,0.001700200
0.006671200,0.001061100,0.000794000
0.007497000,0.001532300,0.000800500
0.007397400,0.000924400,0.000758500
0.007177400,0.001013800,0.000757800
0.008270200,0.000931100,0.000758700
0.006980800,0.000906400,0.000737500
0.006841200,0.001256100,0.001119700
0.007673700,0.001053300,0.000810300
0.007557600,0.000935500,0.000747500
0.006073700,0.000933100,0.000755200
0.006102800,0.001095000,0.001046900
0.006869200,0.001017800,0.000816500
0.008482100,0.001510100,0.001273500
0.007640200,0.001519300,0.000952800
0.008504100,0.000935800,0.000752400
0.006026300,0.001533300,0.001211400
0.005917700,0.001791000,0.001136600
0.007614500,0.000977400,0.000762000
0.006021400,0.001431600,0.001225400
0.006726400,0.001905800,0.000860300
0.007187900,0.000981500,0.000761700
0.006300400,0.001447100,0.001356400
0.007567100,0.001009700,0.000780100
0.007182500,0.000985200,0.000818900
0.006534000,0.001574400,0.001222700
0.007506400,0.001199800,0.000832300
0.007972100,0.000974800,0.000748900
0.006716200,0.001001300,0.000978500
0.006222200,0.001500300,0.000885800
0.006309700,0.001569400,0.000793300
0.006238500,0.001006000,0.000786400
0.007808800,0.000947700,0.000749600
0.006436300,0.000995400,0.000908400
0.006508100,0.001470400,0.000984700
0.007171100,0.001032800,0.000794900
0.006094200,0.001519500,0.000920800
0.006306200,0.001438900,0.001265200
0.006905100,0.001004400,0.000783700
0.007073100,0.000939000,0.000744200
0.006192500,0.000921700,0.000741800
0.007250200,0.000958800,0.000805800
0.006111800,0.000942700,0.000741100
0.006433200,0.001441900,0.000834200
0.006084400,0.001029300,0.000774900
0.006673800,0.001061800,0.000813800
0.007684300,0.000984600,0.000757800
0.005910000,0.001014100,0.000743200
0.006128500,0.000917400,0.000746500
0.006638900,0.001189000,0.000847100
0.007165300,0.001518200,0.001276000
0.007217100,0.001457800,0.001244400
0.006711400,0.001062100,0.001032100
0.005831600,0.001427000,0.001043900
0.006460500,0.001447800,0.001249800
0.006521500,0.001109900,0.000760700
0.006745800,0.001463500,0.001222500
0.005989700,0.001583600,0.001114700
0.006258800,0.001604400,0.000931100
0.006330400,0.001500500,0.001234500
0.006892300,0.000875200,0.000746200
0.006948700,0.001011900,0.000777700
0.006254500,0.000980400,0.000779800
0.006611100,0.001578700,0.000832200
0.006584700,0.000907400,0.000725800
0.005933000,0.001631800,0.001158700
0.007089000,0.001085500,0.000885800
0.006403300,0.000956400,0.000998900
0.005820800,0.000931400,0.000750900
0.006451300,0.001023000,0.000932400
0.008114000,0.001487300,0.001250800
0.006312800,0.001445300,0.001235500
0.007267000,0.001024000,0.000815500
0.006570400,0.001468600,0.001253800
0.006070400,0.001519500,0.000802700
0.005856200,0.001604900,0.000849300
0.006578400,0.001600700,0.001464300
0.017154600,0.003717600,0.003687300
0.015770200,0.004624800,0.004218500
0.017339900,0.004805700,0.004928400
0.015915900,0.004317800,0.003646500
0.016699600,0.004325600,0.003881100
0.016328800,0.001801200,0.004657400
0.013693900,0.003033600,0.004156700
0.019439500,0.001603500,0.004800200
0.018945300,0.004119000,0.004070700
0.016815700,0.003872500,0.003931600
0.020788600,0.004313500,0.004522500
0.019776000,0.002092200,0.004001900
0.016504800,0.003014400,0.002514300
0.019312100,0.004361300,0.004331000
0.017911000,0.004604400,0.002889300
0.016172100,0.004686200,0.002860900
0.020656600,0.004421000,0.003908000
0.019292700,0.004371200,0.004728300
0.018250100,0.004591500,0.003543200
0.015323400,0.003450500,0.003882600
0.017327600,0.001690500,0.003822300
0.015208600,0.001798800,0.001454500
0.021711300,0.001701800,0.003921200
0.020180300,0.003120500,0.003881200
0.013999900,0.002137800,0.002612500
0.014139400,0.001779500,0.003207700
0.016230000,0.002332200,0.002082700
0.015301400,0.003754000,0.003393800
0.017662600,0.003559900,0.003599100
0.013175800,0.001588100,0.003907100
0.014252100,0.004054600,0.003115900
0.013908700,0.003245800,0.003659600
0.014526000,0.003991600,0.003713900
0.012055600,0.003878800,0.003495000
0.014843100,0.003574800,0.004104100
0.016096000,0.004718500,0.003670500
0.017119700,0.001651600,0.001468500
0.014356800,0.004806000,0.004477600
0.014791000,0.001596100,0.001754700
0.018049000,0.004801800,0.004117800
0.018312800,0.001608300,0.001332200
0.018457100,0.003540900,0.003387100
0.020617800,0.001667300,0.003575600
0.015329200,0.001951700,0.001459400
0.017920000,0.004248900,0.004106300
0.017267600,0.001877100,0.003848700
0.012425000,0.002394500,0.002104100
0.019953400,0.004169800,0.002435000
0.015721500,0.003579500,0.003377300
0.016821500,0.001995900,0.003140000
0.019000800,0.001684500,0.003268300
0.015834100,0.004221000,0.003960700
0.016894600,0.002173600,0.004352500
0.018890100,0.002369200,0.003619900
0.017953100,0.002617400,0.003454500
0.019175000,0.004181400,0.004677800
0.015377500,0.004612300,0.002665800
0.021876400,0.004560400,0.004053600
0.017166200,0.004563000,0.001474700
0.020942200,0.005164200,0.004081300
0.016638900,0.001758700,0.003737800
0.011947100,0.001580500,0.001728700
0.015234600,0.002276300,0.003875200
0.014571600,0.004123300,0.003111100
0.017518100,0.004518000,0.004165800
0.021671000,0.002175300,0.001769600
0.015148400,0.004762100,0.004019000
0.019715500,0.004322400,0.004561800
0.019520300,0.004351000,0.003824100
0.019972700,0.002842200,0.003874900
0.014195000,0.003100400,0.004082500
0.017907800,0.003056100,0.003498600
0.015648300,0.003108900,0.003143900
0.018099100,0.003000000,0.003299500
0.016676700,0.002075400,0.003527100
0.018267600,0.004743400,0.003921300
0.017217100,0.005092700,0.003549200
0.017379300,0.002493200,0.003958800
0.020572400,0.004883300,0.004419600
0.017095700,0.002095600,0.002766400
0.013204800,0.004343700,0.003615200
0.010417200,0.004503800,0.003967300
0.015322700,0.001635200,0.003370800
0.018664200,0.004668700,0.003880400
0.018790000,0.001845200,0.003573700
0.017938900,0.001794100,0.002617900
0.015094700,0.005250200,0.004291400
0.019502900,0.003272500,0.001471400
0.013507000,0.002640300,0.001976100
0.010794600,0.001592100,0.002866900
0.010658200,0.001581200,0.003608700
0.012955200,0.001987000,0.001432800
0.010445200,0.004375200,0.003883600
0.012161000,0.004109700,0.003470000
0.013060100,0.001878000,0.001457400
0.016991600,0.003624600,0.001588400
0.017388900,0.001798800,0.003711200
0.010695700,0.001623000,0.001512300
0.014282900,0.004645300,0.003285400
0.017484500,0.001944100,0.004364000
0.009874200,0.003024400,0.004624200
0.015300400,0.003490000,0.004010200
0.017323400,0.004805500,0.004151100
0.019882200,0.004418100,0.004122000
0.015347000,0.003977000,0.003374800
0.015726700,0.002511000,0.003789900
0.019273700,0.002964000,0.002934000
0.020429700,0.001968000,0.002791900
0.016593000,0.002956200,0.003890700
0.018652500,0.002881700,0.003297000
0.020464000,0.003610000,0.003405500
0.012053900,0.002008000,0.001678100
0.012192400,0.004397100,0.003668700
0.013267600,0.003070700,0.001412000
0.015416500,0.004253200,0.003920800
0.012627500,0.003144000,0.004026700
0.015899000,0.001795500,0.003426700
0.017648900,0.004301200,0.003884200
0.021342000,0.004336700,0.004517400
0.016915500,0.005084800,0.004051800
0.016503200,0.002144500,0.002585700
0.018446800,0.003937900,0.003366300
0.011666300,0.003715500,0.003731000
0.013950700,0.004134700,0.003558100
0.018814800,0.003889600,0.003611400
0.021751900,0.002310700,0.003997400
0.017184800,0.003795300,0.004094800
0.016300600,0.004619400,0.002453300
0.016696200,0.004895200,0.004095900
0.018013400,0.004608500,0.004147100
0.018307300,0.002218300,0.003826700
0.016123000,0.003870800,0.003965800
0.020377800,0.001789600,0.003945600
0.017064400,0.001596200,0.003246500
0.018695500,0.001578400,0.003242000
0.017646500,0.003090200,0.003900000
0.016124100,0.003729200,0.003470400
0.019139800,0.003999200,0.003267800
0.014909100,0.001607400,0.003553400
0.019626700,0.001721200,0.001595500
0.016137800,0.004958300,0.004137500
0.017464000,0.003769400,0.004070000
0.015809100,0.003979900,0.003912600
0.019828300,0.004275500,0.004190900
0.016938700,0.004181400,0.003986000
0.020974600,0.003690800,0.003693900
0.018761500,0.004728700,0.004161600
0.015915300,0.003764500,0.003334400
0.019234500,0.003206200,0.003998300
0.020072000,0.003659200,0.003961100
0.013974700,0.002154900,0.004143200
0.014927000,0.002626000,0.001487700
0.017869000,0.003308400,0.001679500
0.020589500,0.002255600,0.002205600
0.018036200,0.003836200,0.003402300
0.016709700,0.001624100,0.003350200
0.020793100,0.004486300,0.004573800
0.017544400,0.002918000,0.003896100
0.015059500,0.004455600,0.004034500
0.018667400,0.003652400,0.001577600
0.020012600,0.001845400,0.001629800
0.018219100,0.004575900,0.002284100
0.016635800,0.003340500,0.003079700
0.015843500,0.003260700,0.003904300
0.014475600,0.004722400,0.004464800
0.015551100,0.004292900,0.003912600
0.016136200,0.003231200,0.003410400
0.020315600,0.004316900,0.003828200
0.017500500,0.001909900,0.003909000
0.016379000,0.004347800,0.003859000
0.015002900,0.004270900,0.003928400
0.014862000,0.001819800,0.003923500
0.020166500,0.003046600,0.004216200
0.020437900,0.004784400,0.003838100
0.016059000,0.001591500,0.004228800
0.021747000,0.005014300,0.004280800
0.017812500,0.002368300,0.003537500
0.016301600,0.003737700,0.003534000
0.013285500,0.004746900,0.004281800
0.013569300,0.003739500,0.002700900
0.014862000,0.003702900,0.002761100
0.019663400,0.004295400,0.005310300
0.021211300,0.002018600,0.002328400
0.016879400,0.003065900,0.003623600
0.016379000,0.001807800,0.001433700
0.014997000,0.002512100,0.002996100
0.013179200,0.002223900,0.002770800
0.017497600,0.001860800,0.001614400
0.014355200,0.003593700,0.003232900
0.015089700,0.003152400,0.003526900
0.015802100,0.001629000,0.002789600
0.015281900,0.001794900,0.001370200
0.018009400,0.004334000,0.004295800
0.016177600,0.003813800,0.003416400
0.015064600,0.003123600,0.002821400
0.015543900,0.004405400,0.004207000
0.015908100,0.001802400,0.003475300
0.019862000,0.002279300,0.003838300
0.017876100,0.004300900,0.003836400
0.020845800,0.004795400,0.004292600
0.015331300,0.003605100,0.004026800
0.011044100,0.004645100,0.003847300
0.018293600,0.004275200,0.003312900
0.014774400,0.005005100,0.001611700
0.019487300,0.002376000,0.004316600
0.017517100,0.004547100,0.003613500
0.017468900,0.003991400,0.001916500
0.011929300,0.001686800,0.002708600
0.016886300,0.004773600,0.003928500
0.018991500,0.001861500,0.003958400
0.019853000,0.004032800,0.003793600
0.019791400,0.004305300,0.004400200
0.014545400,0.001976100,0.003470200
0.017675000,0.004410300,0.004007100
0.019554900,0.003411500,0.004019500
0.018887200,0.002494500,0.004983700
0.021546200,0.004374900,0.004399100
0.019403100,0.001954700,0.002239200
0.020007700,0.004368700,0.003668000
0.016509700,0.004012800,0.003626900
0.021564500,0.003691500,0.004069700
0.018505700,0.001957700,0.004015800
0.019222900,0.004275100,0.003112500
0.012162200,0.001881300,0.003533400
0.017923000,0.003431900,0.003280500
0.018770000,0.005024600,0.003597900
0.016901600,0.004436100,0.004290300
0.015384200,0.001770400,0.002317700
0.018686200,0.004189600,0.003498200
0.017387800,0.003258900,0.003433200
0.010967500,0.004192600,0.003736600
0.015998600,0.003584100,0.003746000
0.018561200,0.001707500,0.002884500
0.015504300,0.004861800,0.004576000
0.016878600,0.004310200,0.003430600
0.015480600,0.001604500,0.003926200
0.014754800,0.002818800,0.004534200
0.018082300,0.004454500,0.004055600
0.015224800,0.004177100,0.003605100
0.020807000,0.004017100,0.003582700
0.019141800,0.004261100,0.004018900
0.021412700,0.004931400,0.004414100
0.018539600,0.003666700,0.003710400
0.011836600,0.004632400,0.003457000
0.020406100,0.001805400,0.003553600
0.017339900,0.004609900,0.003967600
0.020028300,0.002178100,0.003473500
0.014625900,0.003987300,0.003545600
0.016262400,0.002674200,0.004393100
0.017352700,0.002405800,0.004689500
0.017870200,0.001602800,0.004085300
0.019082700,0.003202000,0.003641400
0.019532400,0.002120700,0.003838100
0.021635700,0.004928200,0.004272300
0.017423500,0.004154600,0.003429300
0.016790200,0.004567300,0.002348400
0.014655900,0.003968400,0.003352600
0.017218200,0.002497200,0.004106300
0.017338400,0.004027600,0.003539700
0.011478500,0.004217900,0.002777500
0.010274900,0.001552500,0.003680300
0.017680800,0.003050900,0.002501000
0.018583100,0.004270700,0.002894600
0.015155700,0.001617600,0.002464300
0.013664500,0.001636100,0.003992700
0.019267000,0.002252100,0.003436600
0.017315900,0.002932300,0.003199900
0.016724200,0.005193800,0.003962900
0.017866000,0.004465400,0.004001700
0.016865200,0.001600000,0.004235200
0.011307800,0.002518400,0.003977200
0.017302700,0.001809100,0.002954500
0.015559600,0.001606900,0.001700500
0.018656800,0.004298100,0.003038000
0.022168700,0.001690100,0.003834400
0.018610600,0.004327400,0.003651600
0.018264100,0.004169300,0.004013200
0.020323700,0.004809600,0.004018500
0.016107800,0.002733700,0.003963900
0.016623400,0.001861500,0.003445200
0.019579900,0.001746100,0.003461000
0.011568700,0.003557000,0.004315400
0.011705200,0.003482900,0.003430200
0.018351500,0.001710000,0.003193100
0.018139500,0.001793800,0.004335500
0.015732500,0.004163700,0.004224000
0.017051800,0.004088000,0.003872300
0.020137700,0.003116000,0.002754000
0.011345900,0.004641000,0.003548500
0.011512100,0.001803000,0.002113800
0.012863700,0.004044400,0.003668000
0.017527800,0.002870900,0.004288700
0.016385100,0.004236700,0.004257900
0.016367100,0.004298100,0.004584900
0.017306700,0.004104500,0.002789100
0.022020000,0.004459100,0.004035000
0.014919800,0.004569800,0.002508500
0.020384600,0.001774800,0.002680700
0.018882100,0.002136100,0.004022900
0.017938500,0.001693100,0.003955500
0.019286300,0.004305600,0.003765700
0.015436100,0.003343400,0.003371600
0.015460000,0.002049500,0.003492700
0.020415300,0.004299100,0.003843300
0.010565200,0.002068900,0.003870500
0.016875500,0.004346400,0.004267900
0.017709000,0.004287200,0.004487300
0.018515600,0.001939800,0.003860900
0.015385800,0.003697700,0.003377700
0.010452600,0.004057900,0.003961700
0.014820700,0.001746500,0.003241900
0.013157500,0.004542700,0.004570700
0.019924000,0.004521900,0.004966000
0.018717200,0.003056600,0.003359300
0.017621700,0.001987600,0.003787200
0.015861400,0.001690100,0.003336300
0.016605300,0.002240000,0.002232600
0.018836200,0.002393200,0.003861600
0.021061900,0.002326700,0.003996700
0.023932200,0.004315300,0.003870600
0.016287300,0.003376600,0.003940900
0.018478500,0.002501000,0.004065200
0.018458900,0.005282700,0.004436500
0.015068900,0.001670200,0.002487400
0.018030700,0.001959800,0.004018000
0.019416300,0.004266600,0.003711000
0.021011100,0.004334000,0.004170300
0.018966100,0.004419000,0.003951000
0.019475200,0.003559300,0.004066100
0.020690900,0.004533300,0.003497500
0.018568800,0.001651300,0.004135200
0.013988100,0.004348100,0.003827300
0.016323700,0.004495800,0.001576800
0.020866900,0.004273000,0.003942000
0.019461000,0.001852000,0.003202300
0.017617000,0.005064000,0.004493400
0.017535000,0.002752800,0.003942900
0.019322700,0.004256100,0.001505600
0.021296900,0.004617600,0.003601300
0.010775800,0.004307100,0.003876400
0.018448200,0.004340600,0.003791400
0.020030400,0.002811800,0.003404000
0.016316300,0.004028000,0.002222100
0.017457900,0.002870400,0.003717200
0.018199300,0.004491700,0.006001000
0.014239300,0.005323400,0.004550800
0.016052300,0.001802500,0.004549500
0.022792800,0.004594300,0.003862900
0.017096800,0.003928700,0.002859800
0.016909400,0.004027300,0.003808500
0.016748300,0.003226900,0.003710300
0.009574200,0.002703600,0.003388700
0.013209300,0.003322100,0.004419900
0.017820500,0.002526400,0.003519900
0.016691400,0.002769500,0.002213500
0.017401100,0.003892900,0.003882800
0.013605200,0.002425400,0.002601200
0.010369200,0.001721900,0.003790400
0.021304300,0.004399600,0.004257300
0.021749800,0.004600400,0.003584400
0.017052800,0.002299100,0.001911900
0.012015900,0.004306600,0.003852100
0.011219700,0.001609800,0.002484600
0.019565200,0.001896500,0.004098400
0.014467500,0.003934200,0.003559700
0.019074100,0.003559800,0.003367000
0.022275400,0.004924000,0.004392600
0.016026300,0.003882700,0.003584800
0.016623400,0.004714800,0.001690400
0.017781000,0.004339700,0.003866300
0.021051600,0.002013100,0.003554400
0.018254100,0.001600600,0.003844700
0.018356200,0.002127000,0.003388800
0.017708600,0.004343400,0.003539700
0.015334300,0.004513900,0.002858100
0.016371000,0.005317900,0.004502900
0.017556500,0.002143400,0.003459100
0.018581500,0.004501000,0.004016700
0.017392900,0.001996900,0.004391600
0.016939500,0.002768600,0.003270900
0.016765700,0.001809500,0.003761000
0.021005900,0.001715700,0.003708100
0.017529300,0.003406700,0.003373100
0.014421400,0.002579800,0.003993500
0.019538100,0.004340700,0.004128800
0.020071800,0.002824300,0.003331400
0.015295600,0.002235400,0.003322000
0.020009100,0.003930600,0.003541800
0.016423300,0.003915800,0.003729000
0.017864000,0.002038000,0.003971700
0.019002100,0.003762900,0.003334600
0.014319100,0.001860700,0.001902300
0.015991700,0.004243600,0.003396700
0.020190500,0.002543500,0.003413300
0.018266900,0.004361800,0.004028700
0.019699300,0.004484600,0.003739500
0.017785100,0.002925600,0.003369400
0.022926100,0.004757400,0.004088000
0.018050100,0.003925900,0.003437500
0.011195800,0.004619500,0.004084400
0.016417800,0.003572600,0.004094900
0.017258800,0.003559200,0.003780700
0.017410000,0.002353300,0.003318000
0.013156700,0.004645300,0.004925300
0.016288700,0.004396700,0.003993800
0.017315500,0.003694400,0.003379200
0.019918900,0.004359400,0.004209300
0.021211200,0.001766600,0.003453500
0.016222000,0.003894400,0.003892300
0.023183700,0.004729600,0.001630600
0.017965100,0.003278900,0.001534600
0.021702300,0.003534100,0.001481400
0.014032500,0.003678000,0.003651200
0.018940900,0.004423700,0.003978000
0.018713100,0.003677500,0.001479400
0.018017400,0.002414900,0.004323700
0.015964700,0.003819400,0.003417400
0.018122100,0.002601600,0.003565600
0.017591300,0.002091000,0.003780900
0.013918100,0.003953800,0.004645900
0.020076700,0.002960800,0.004190000
0.018803200,0.001708300,0.003659000
0.018007300,0.001606200,0.003540600
0.010249900,0.004329300,0.003861100
0.010374400,0.004297600,0.003729100
0.016179800,0.004069600,0.003318100
0.019172500,0.004769100,0.003558700
0.016501100,0.003727500,0.003260300
0.011733500,0.003534800,0.003386900
0.018838800,0.002322800,0.003888600
0.020336000,0.001837500,0.004193100
0.014728700,0.004323300,0.004628100
0.014263000,0.005303400,0.004161400
0.019798700,0.001654400,0.003870000
0.020653000,0.004736400,0.004312400
0.015609500,0.003830000,0.003945100
0.019335500,0.002397500,0.003989900
0.021142500,0.004202600,0.004050600
0.016552100,0.004354400,0.003845700
0.016391000,0.004525800,0.003989200
0.019530700,0.001887200,0.003368300
0.019292100,0.004299900,0.003904200
0.020483600,0.002936400,0.004217900
0.017622400,0.001598800,0.003811900
0.018646800,0.002985800,0.003892500
0.015876600,0.004407600,0.004615700
0.017748500,0.001573600,0.003776800
0.022268300,0.004371000,0.004460700
0.020994900,0.004363100,0.003787100
0.021590600,0.004350500,0.004058900
0.019659400,0.004628200,0.004115000
0.015508700,0.001704700,0.002433700
0.018373500,0.004356600,0.003085300
0.017908100,0.001931600,0.003111500
0.020429100,0.001710000,0.003835600
0.020661700,0.002094700,0.004047600
0.018393700,0.003427800,0.001808600
0.015128000,0.004793700,0.004604800
0.022557100,0.002996500,0.003889500
0.017993000,0.002617300,0.004053300
0.018991200,0.001682300,0.002699200
0.010533700,0.003392500,0.004092500
0.012619000,0.001764600,0.003832400
0.012575900,0.004279800,0.004639500
0.015760300,0.001993200,0.003547200
0.013861000,0.004382100,0.003592400
0.014541100,0.004127000,0.004409700
0.014439000,0.004660000,0.004694400
0.019234400,0.004348700,0.003658300
0.017137700,0.003324100,0.002351800
0.010669600,0.002891200,0.004313400
0.016323000,0.003510300,0.004875100
0.016460400,0.004061400,0.001665600
0.017116400,0.001964300,0.004014000
0.010006100,0.004391000,0.003648000
0.009817700,0.001624700,0.001564600
0.011996100,0.004645200,0.004174400
0.015453400,0.003490900,0.002217100
0.018530400,0.003512200,0.002465200
0.016350600,0.002537400,0.003028500
0.015145500,0.002137000,0.003796700
0.015590100,0.004726200,0.004360800
0.015646900,0.001550500,0.002736400
0.015038200,0.003962900,0.003410400
0.016352800,0.003781400,0.003151600
0.014188100,0.003190700,0.003858900
0.011619700,0.004751600,0.004511800
0.011207100,0.001612600,0.003602400
0.011939800,0.003670000,0.004222900
0.009420400,0.003573700,0.002687500
0.015677500,0.003913300,0.003532400
0.019833900,0.004743800,0.002793100
0.016578400,0.001531200,0.002130700
0.010758900,0.003317500,0.004040100
0.010768400,0.004094100,0.003322000
0.015627600,0.001902300,0.004315700
0.019511600,0.002647900,0.004632000
0.017134000,0.003559100,0.003437500
0.018520400,0.004724100,0.004772700
0.015405400,0.004661600,0.004628200
0.015746200,0.003768600,0.003313300
0.018850300,0.003591200,0.003228300
0.014810700,0.002776200,0.002236200
0.021189600,0.002192200,0.003504100
0.017387700,0.001533900,0.003260600
0.015781300,0.003422600,0.003368600
0.015123900,0.004460400,0.004033200
0.014443400,0.004127300,0.002272600
0.015850500,0.004420200,0.002587300
0.020429000,0.001791100,0.003178400
0.018267900,0.003204800,0.003315800
0.014389900,0.003689100,0.003451000
0.013173700,0.004418400,0.003268200
0.022331800,0.001707700,0.003794900
0.018777100,0.001765600,0.003759800
0.016779100,0.003947700,0.002278500
0.018240400,0.004579500,0.003949700
0.012635100,0.004277700,0.004267400
0.016594300,0.004348600,0.003900300
0.020931500,0.004243100,0.003861600
0.017614900,0.005237700,0.001587000
0.017638400,0.002019800,0.004224000
0.018291400,0.002157700,0.004304400
0.017867900,0.004389300,0.004340700
0.022100100,0.004285900,0.001415000
0.018072400,0.003689600,0.003437400
0.019002600,0.003736000,0.004257900
0.017840000,0.004015400,0.003977900
0.016840100,0.003782600,0.003618400
0.013141000,0.002321700,0.003361600
0.018483600,0.002792400,0.003965000
0.016778100,0.004769000,0.004386400
0.016511700,0.003818500,0.003395400
0.017963200,0.004327600,0.003893900
0.018294800,0.003708100,0.003350100
0.010187900,0.002499800,0.002151600
0.009651400,0.002412900,0.002241200
0.012013200,0.004441800,0.003824800
0.023399100,0.001782700,0.001595100
0.015914800,0.004248400,0.001631500
0.019811600,0.004831200,0.001673500
0.010932300,0.004730600,0.004211400
0.016157000,0.001576400,0.003649000
0.018634300,0.001735300,0.001477200
0.010223900,0.000936100,0.000749500
0.007351100,0.001437500,0.001224400
0.007037300,0.001069100,0.000796700
0.007034000,0.000975600,0.000804600
0.007095300,0.001667500,0.001293100
0.006507300,0.000930400,0.000771500
0.006618700,0.000996900,0.000923900
0.007026300,0.001163600,0.000911900
0.006338300,0.001412600,0.000792400
0.006228800,0.000863200,0.000725200
0.005685100,0.000897700,0.000765100
0.006686800,0.001089400,0.000830600
0.006150800,0.001833000,0.001391900
0.006640100,0.001468300,0.000812800
0.006439700,0.000926500,0.000812000
0.007173300,0.001596900,0.001199800
0.006762800,0.000958300,0.000779800
0.006368700,0.001545800,0.001234000
0.006021800,0.001449700,0.000854800
0.006194700,0.000969600,0.000859300
0.006097400,0.000983500,0.000803100
0.006946700,0.000978400,0.000780100
0.007335700,0.000889800,0.000761800
0.006782300,0.000915800,0.000762600
0.006155200,0.000969000,0.001937400
0.007871100,0.000871200,0.000746500
0.007319600,0.001209300,0.000983000
0.007037900,0.001520600,0.001126200
0.008117300,0.001009000,0.000761800
0.007681300,0.000928900,0.000813300
0.007726100,0.000999800,0.000808600
0.007508600,0.001481300,0.001239300
0.006403500,0.000908000,0.000777500
0.007015800,0.001005700,0.000847400
0.008546700,0.001653000,0.001290700
0.006922500,0.000886300,0.000872800
0.006369300,0.001075100,0.000832500
0.007402000,0.000953200,0.000886300
0.006346100,0.001612800,0.001396900
0.005915500,0.000891100,0.000727100
0.006429200,0.001414000,0.001344300
0.007660500,0.000981700,0.000770000
0.007173800,0.001004300,0.000775600
0.008263200,0.000920800,0.000759000
0.008435200,0.001033700,0.000937500
0.006775800,0.001553700,0.001349800
0.006963600,0.000881400,0.000715800
0.006420900,0.000911100,0.000814700
0.006398400,0.000966100,0.000813600
0.007303000,0.001552600,0.000904200
0.006842400,0.000942700,0.000743000
0.006635100,0.000949600,0.000752900
0.006314300,0.001006800,0.000851700
0.006903600,0.000992600,0.000793900
0.007583600,0.000968300,0.000767400
0.006846700,0.001440200,0.001261400
0.006761600,0.001752300,0.001546400
0.006399300,0.001661100,0.001275500
0.006323400,0.001386400,0.001023100
0.006577200,0.000993700,0.000749400
0.006798800,0.001101700,0.000857100
0.006955500,0.001511800,0.001247100
0.006486700,0.001511700,0.000938000
0.007443400,0.000979600,0.000819000
0.006714900,0.001499000,0.001310500
0.006244900,0.000893000,0.000740600
0.006244900,0.000931400,0.000819300
0.007029200,0.000979200,0.000801600
0.008069800,0.000956000,0.000766400
0.006850100,0.000901700,0.000748200
0.006469600,0.000921800,0.000762000
0.007454800,0.001111200,0.000849100
0.008054000,0.000954600,0.000756800
0.006962800,0.000912600,0.000728400
0.005803100,0.000908000,0.000761700
0.006043000,0.001233200,0.000870500
0.008878100,0.001794200,0.001521200
0.006472700,0.001470900,0.001229300
0.006316100,0.000900200,0.000767200
0.007142800,0.001605200,0.001404100
0.006962600,0.001564200,0.001273900
0.006567800,0.000912300,0.000717000
0.007434000,0.001098700,0.000811700
0.006962600,0.001874300,0.001360000
0.006565000,0.000894500,0.000737500
0.007097000,0.001603800,0.001093600
0.007821000,0.000957600,0.000751800
0.006407000,0.000956800,0.000757100
0.008725700,0.001069400,0.000793400
0.006807700,0.001027600,0.000787100
0.007533700,0.000974400,0.000793500
0.006655900,0.000901900,0.000722100
0.006046700,0.001535900,0.001030400
0.006799400,0.001574400,0.001334800
0.006369500,0.001552500,0.001312100
0.008459800,0.000979600,0.000782800
0.007584400,0.000974900,0.000801300
0.006883200,0.001592400,0.001347500
0.006824600,0.000875200,0.000815500
0.008185600,0.000979000,0.000814800
0.007278200,0.001035400,0.000844800
0.006698100,0.000881700,0.000727100
0.005961600,0.001420400,0.001263800
0.006278400,0.001648200,0.001508700
0.006923300,0.000877300,0.000725900
0.006104100,0.000918900,0.000799700
0.006463900,0.001000700,0.000801400
0.007697700,0.001556400,0.001286600
0.006303000,0.000886000,0.000733500
0.006193500,0.001505200,0.001121400
0.007530700,0.001037900,0.000771800
0.006952800,0.001674200,0.001268000
0.007479500,0.001528900,0.000926400
0.007639300,0.001023600,0.000785900
0.007997600,0.001025400,0.000783300
0.008421500,0.000913700,0.000725600
0.006472000,0.000954600,0.000790400
0.007670500,0.000970800,0.000817700
0.006418900,0.000973500,0.000848700
0.007160200,0.001465300,0.001233000
0.007004500,0.001337900,0.000855000
0.009377300,0.001007000,0.000755100
0.007141700,0.001972700,0.001273400
0.006462700,0.001616600,0.000924500
0.008150200,0.001842500,0.001380800
0.006635000,0.000973700,0.000737200
0.007086700,0.001393500,0.001264600
0.009788100,0.000925300,0.000755200
0.006576000,0.001414600,0.001213100
0.008539400,0.000980800,0.000797600
0.007504500,0.000995700,0.000797500
0.007552000,0.001497900,0.001239500
0.005933000,0.001520000,0.001480500
0.006109600,0.000927800,0.000746400
0.006219800,0.000904400,0.000752400
0.005930700,0.000900800,0.000755900
0.006879700,0.001135900,0.000835900
0.008126900,0.001362200,0.000815000
0.007008100,0.000968300,0.000755800
0.006120300,0.001410200,0.001342400
0.006676400,0.001569200,0.001358400
0.006256800,0.001523100,0.001299100
0.007255300,0.000897900,0.000718300
0.009371200,0.000965800,0.000737400
0.006755300,0.001511200,0.001248600
0.006359700,0.000902500,0.000756200
0.007212500,0.001842600,0.001693100
0.006077700,0.000889600,0.000722400
0.006321100,0.001625600,0.000982600
0.006342300,0.000929600,0.000769400
0.007851400,0.001831700,0.001283400
0.006605000,0.000954900,0.000777300
0.006470700,0.000948900,0.001033000
0.007294200,0.001887000,0.001727400
0.007012200,0.000926300,0.000728500
0.007059300,0.000909500,0.000762000
0.007611900,0.002280500,0.001409200
0.008412000,0.000943100,0.000841500
0.006825000,0.001454300,0.001125400
0.006752900,0.001792900,0.001515700
0.007717800,0.000904300,0.000771600
0.007298000,0.001509500,0.001435000
0.007877600,0.000940700,0.000740400
0.005884200,0.000929600,0.000772300
0.006241200,0.000921900,0.000755000
0.006651400,0.000999600,0.000849000
0.007191500,0.001659100,0.001372600
0.006372200,0.001434800,0.001286100
0.006190200,0.000956900,0.000727600
0.007013000,0.001707300,0.001563800
0.008815200,0.000888100,0.000705000
0.007026400,0.001136100,0.000994400
0.007155700,0.001899800,0.001538100
0.006751900,0.000898900,0.000787800
0.007725200,0.001814700,0.001459700
0.006776200,0.000887600,0.000715500
0.006651000,0.001733400,0.001437900
0.007271500,0.000934300,0.000780100
0.006616900,0.001456100,0.001232000
0.005845300,0.001061600,0.000804400
0.007692800,0.001666700,0.001428200
0.006457000,0.000957900,0.000738200
0.006190600,0.001641300,0.001533700
0.006065900,0.000940600,0.000751200
0.006852300,0.001624800,0.001220100
0.007366400,0.001015000,0.000832400
0.006908100,0.001553100,0.001260400
0.006932900,0.001758700,0.001631000
0.006956800,0.001000800,0.000849500
0.009336300,0.001477200,0.001227300
0.007145100,0.002344800,0.001088000
0.007714700,0.001030000,0.000792300
0.007041800,0.000992400,0.000801700
0.007866100,0.001487900,0.001440900
0.008143800,0.001681000,0.001307000
0.008371200,0.000887800,0.000734300
0.006358200,0.001532300,0.000827700
0.007478100,0.001489500,0.001104600
0.009692500,0.001458800,0.001230600
0.006120000,0.000895700,0.000777700
0.007115200,0.001756100,0.001555900
0.006827200,0.001484100,0.001239100
0.007215500,0.000988900,0.000821800
0.007069400,0.000917000,0.000775400
0.006917100,0.001540200,0.001320300
0.007294500,0.001477500,0.000890300
0.007256400,0.001829600,0.001364300
0.006741000,0.000975000,0.000757900
0.007343100,0.001514400,0.001224800
0.006974500,0.001026100,0.000837700
0.007413600,0.001564300,0.001305100
0.007315400,0.000933400,0.000834200
0.007016600,0.000909300,0.000731500
0.009223000,0.000887800,0.000748100
0.006700700,0.001228200,0.000965700
0.007951400,0.001513500,0.001303700
0.007659800,0.000877400,0.000716700
0.006946400,0.002062400,0.001517400
0.007792300,0.000916600,0.000753500
0.007520700,0.001039800,0.000797200
0.006657900,0.001455200,0.001118000
0.006850800,0.001753500,0.001392800
0.006592300,0.001080200,0.000784300
0.007015000,0.001554600,0.000823900
0.008505200,0.000970800,0.000792700
0.006806500,0.001470000,0.001248200
0.007303700,0.001136400,0.000941600
0.006475500,0.001586200,0.000840300
0.006621700,0.000930200,0.000748300
0.006844600,0.000906600,0.000782600
0.007136200,0.001756300,0.000810300
0.006850600,0.001003900,0.000778900
0.006832300,0.001488100,0.001276900
0.006353100,0.001526600,0.001228700
0.006844300,0.001079000,0.000852100
0.007507000,0.001359300,0.001017800
0.007222500,0.001729400,0.001131200
0.006162900,0.001494500,0.000781900
0.006832400,0.001101100,0.000850700
0.006854600,0.001584500,0.001089000
0.006457800,0.001557700,0.001262000
0.007142100,0.000886900,0.000784500
0.007944900,0.001004100,0.000774600
0.008666100,0.000993300,0.000791800
0.006499100,0.001072900,0.000790400
0.005892100,0.001578400,0.000787100
0.006676900,0.000961600,0.000808400
0.006747800,0.001780500,0.001349000
0.006623500,0.000915900,0.000750500
0.006340900,0.001725200,0.001347400
0.007294000,0.000916000,0.000750700
0.007165000,0.001579600,0.001398000
0.007259400,0.000960200,0.000828600
0.007360500,0.001840700,0.001227600
0.007147800,0.001941800,0.001689100
0.007704000,0.000883900,0.000717100
0.006209000,0.000971200,0.000874100
0.007695100,0.001020000,0.000814500
0.006385300,0.001668300,0.001279100
0.007194100,0.000970100,0.000806600
0.006906500,0.001016900,0.000822800
0.006592700,0.000969900,0.000782400
0.006679500,0.000957700,0.000781500
0.006609200,0.000936900,0.000760400
0.006294300,0.000923500,0.000772900
0.006549500,0.001042300,0.000955600
0.006733800,0.000974200,0.000807200
0.006789800,0.001610400,0.001293600
0.006709000,0.001007500,0.000955400
0.006904300,0.001044600,0.000811100
0.007868900,0.000946400,0.000781900
0.007990200,0.000930300,0.000750200
0.006608000,0.001469700,0.000818100
0.007178600,0.001069400,0.000857300
0.007466800,0.001653100,0.001318900
0.006137200,0.001448500,0.001330500
0.006728000,0.001700000,0.001400900
0.007570200,0.000967500,0.000746100
0.006032400,0.000909900,0.000753300
0.006343900,0.001422400,0.001226300
0.006803900,0.001807000,0.001436900
0.007094600,0.001000400,0.000786300
0.007304100,0.001533400,0.001318900
0.006722100,0.001928000,0.001494200
0.006612700,0.000994400,0.001127000
0.006445500,0.001019400,0.000832600
0.006878700,0.001010700,0.000796500
0.005912800,0.001000600,0.000728300
0.007683000,0.000895700,0.000745500
0.006464900,0.000911300,0.000765200
0.007341900,0.000959400,0.000773500
0.006774800,0.000962300,0.000781800
0.006770400,0.000999400,0.000869800
0.006494900,0.001780200,0.001299600
0.007720500,0.001029600,0.000821900
0.006628500,0.000935000,0.000751300
0.006363300,0.000884400,0.000755600
0.008750700,0.000970300,0.000815100
0.006765400,0.001116600,0.000856600
0.007965600,0.000975600,0.000785400
0.008763400,0.000951000,0.000822000
0.008268400,0.001660700,0.001284400
0.006600000,0.001701600,0.001228100
0.006421600,0.000988100,0.000860400
0.007689600,0.000976800,0.000799600
0.008339100,0.000925500,0.000738200
0.008738000,0.000909700,0.000746100
0.006195200,0.001012800,0.000948900
0.006811000,0.001595800,0.001415300
0.007734900,0.001713400,0.001251100
0.006569000,0.001533000,0.001048800
0.006695600,0.000954200,0.000800000
0.006788100,0.000968800,0.000767800
0.006713500,0.000886000,0.000741400
0.006495800,0.000996800,0.000741800
0.006640900,0.001529300,0.001257800
0.006455700,0.000872700,0.000778600
0.006655200,0.000950100,0.000736700
0.006619200,0.000953700,0.000808200
0.007635500,0.001551900,0.001126600
0.005584900,0.000904300,0.000778000
0.008235800,0.001587900,0.001312800
0.006259400,0.000875500,0.000737800
0.006935800,0.001283000,0.000899700
0.007170200,0.001015100,0.000872400
0.007586400,0.000972400,0.000762600
0.006806600,0.000874400,0.000764100
0.007674600,0.000950700,0.000745700
0.007018100,0.001725100,0.001251800
0.006154100,0.001609300,0.001377600
0.007008800,0.001110500,0.000883600
0.007224400,0.001062900,0.000742600
0.006008700,0.000869400,0.000764500
0.007066400,0.001879400,0.001339900
0.007073700,0.000934800,0.000734000
0.006626100,0.001491100,0.000789200
0.006795300,0.001230900,0.001297200
0.007637400,0.001016900,0.000816800
0.006059300,0.000967100,0.000792300
0.006334200,0.001425200,0.001213900
0.006861600,0.001028300,0.000858500
0.007262400,0.001962700,0.001387900
0.006794200,0.000923100,0.000741600
0.006616500,0.000927900,0.000774400
0.006002800,0.000906300,0.000749500
0.007389300,0.000932700,0.000726500
0.006468200,0.001026000,0.000800800
0.007558600,0.000971700,0.000743400
0.006581000,0.000957600,0.000749400
0.005976100,0.000920100,0.000752300
0.006669800,0.001487800,0.000804200
0.006950100,0.000997500,0.000781300
0.007637200,0.001029600,0.001110800
0.006309900,0.001473400,0.000784700
0.006701600,0.000904000,0.000747500
0.006866800,0.001061500,0.000850500
0.007264700,0.001054500,0.000831400
0.006913400,0.001492400,0.001242600
0.008530200,0.000896300,0.000737800
0.007013000,0.001039400,0.000822800
0.006830500,0.000989000,0.000812900
0.006942300,0.001611800,0.001348000
0.007547400,0.000945700,0.000949800
0.007239800,0.001531600,0.001301500
