qiskit,psf_true,psf_false
0.007656500,0.000898000,0.000790500
0.008188000,0.001078200,0.000768400
0.007626600,0.001006800,0.000761500
0.007747900,0.001486900,0.001263800
0.006716100,0.001077800,0.000829900
0.007759500,0.001581100,0.000883900
0.006484100,0.000948200,0.000808800
0.006523100,0.001501000,0.001216500
0.006713000,0.001200700,0.000963200
0.007792400,0.001668500,0.001388500
0.006989300,0.000932700,0.000778800
0.008573400,0.001681200,0.000856900
0.006585300,0.000892300,0.000720300
0.005873900,0.001424200,0.001303900
0.006117600,0.000872400,0.000718900
0.006277100,0.000854100,0.000711900
0.008394800,0.001128400,0.000929900
0.007116900,0.001606100,0.000859100
0.008001800,0.001478700,0.001229700
0.006548800,0.001659500,0.000889200
0.007219700,0.000966600,0.000762000
0.007570600,0.000903100,0.000743100
0.007802900,0.001079100,0.000780300
0.008574500,0.000962600,0.000740700
0.005995600,0.001405800,0.001226600
0.005900700,0.001375600,0.001433600
0.006117700,0.000920400,0.000790900
0.006281600,0.000942600,0.000729200
0.007440200,0.001281500,0.000861900
0.007872500,0.001614900,0.001297900
0.007217400,0.000936800,0.000730100
0.006076300,0.001414300,0.001390100
0.007384500,0.001248700,0.000754400
0.007263400,0.001614300,0.001310000
0.005964300,0.001417400,0.001218500
0.008076100,0.001591800,0.000862600
0.008039100,0.000910300,0.000724200
0.006800200,0.001922900,0.001537300
0.007674500,0.001627500,0.000816700
0.006503000,0.001732200,0.001077800
0.006952100,0.001112300,0.000868800
0.008434000,0.001402600,0.000806000
0.006282800,0.001424900,0.001235400
0.006818300,0.000974400,0.000797700
0.007995400,0.001007200,0.000754800
0.006939300,0.001427300,0.001203500
0.008499400,0.001126600,0.000780300
0.007029700,0.001023700,0.000773700
0.006488500,0.001547500,0.001368800
0.005970200,0.001557500,0.000808700
0.006331200,0.001044600,0.000853900
0.008843700,0.000974000,0.000737400
0.006097900,0.000883000,0.000740100
0.006912300,0.001679500,0.001218700
0.008345600,0.001008400,0.000802600
0.008424200,0.001022200,0.000777100
0.006579100,0.001481300,0.001202600
0.006653300,0.000986200,0.001020000
0.006662900,0.001588400,0.001064500
0.007298900,0.001491900,0.001345700
0.006198400,0.001395100,0.001208900
0.006635000,0.001215600,0.000853400
0.006599800,0.001075600,0.000881200
0.007084900,0.001470700,0.001236100
0.006507600,0.000972100,0.000843800
0.006878400,0.000979100,0.000817200
0.006532700,0.001809500,0.001409400
0.006057200,0.001810900,0.001240900
0.006841400,0.001004600,0.000818600
0.007036700,0.000963000,0.000758000
0.006846100,0.001640700,0.001273200
0.006668900,0.001521000,0.000857900
0.006979200,0.000993400,0.000831700
0.007529800,0.001685800,0.001271100
0.006939500,0.001406400,0.001328300
0.008066300,0.001411400,0.001090600
0.006920300,0.000975700,0.000751400
0.005825900,0.000886100,0.000735400
0.006148800,0.001393900,0.001217500
0.006015000,0.001044200,0.000791800
0.008349900,0.001781700,0.001375100
0.006867100,0.001260700,0.000785300
0.008401500,0.001553200,0.001115500
0.006413000,0.000929500,0.000729600
0.006631500,0.001398300,0.001211900
0.007194800,0.002202900,0.001245000
0.007112800,0.001634600,0.001359300
0.008432600,0.001496100,0.001256000
0.008553000,0.001054600,0.000826000
0.007890000,0.001131600,0.000811600
0.006360300,0.001419200,0.001221200
0.006868300,0.001771100,0.001433300
0.006593500,0.000876100,0.000743400
0.007415000,0.000910900,0.000767900
0.007561700,0.000969900,0.000795000
0.007089500,0.001647800,0.001275600
0.006953400,0.000913000,0.000770700
0.006529200,0.000991900,0.000807000
0.008141400,0.000975500,0.000759900
0.006651100,0.000909900,0.000754200
0.006178500,0.000900400,0.000775000
0.006720800,0.001615800,0.001362400
0.006334400,0.000907700,0.000833900
0.008352700,0.000899600,0.000906500
0.006391500,0.001573200,0.001346300
0.007368400,0.000922200,0.000772100
0.006410900,0.001394800,0.001189600
0.006937800,0.001773100,0.001412200
0.007208900,0.000885600,0.000787500
0.007462400,0.001010900,0.000778400
0.008796300,0.001134200,0.000773100
0.006441400,0.000986500,0.000769300
0.007042000,0.001955700,0.001563500
0.006660700,0.000960700,0.000836400
0.006907500,0.001805100,0.001060800
0.007260800,0.001054600,0.000775300
0.006606600,0.000974000,0.000805700
0.006896400,0.001660600,0.001391200
0.007427800,0.001521300,0.000851600
0.006535700,0.001597600,0.000796600
0.006388900,0.001466000,0.001348600
0.006001300,0.001138100,0.001250200
0.007236000,0.001004700,0.000844900
0.006586000,0.001474500,0.001256500
0.006248100,0.001354000,0.000766700
0.007333400,0.000970100,0.000754600
0.006898800,0.001437600,0.001233100
0.006550400,0.001073400,0.000867800
0.007562900,0.000981100,0.000788100
0.008114000,0.000978600,0.000749400
0.007094300,0.002027400,0.001205400
0.006922400,0.001641500,0.001289800
0.006850900,0.001518100,0.001258300
0.006623800,0.000858500,0.000716900
0.007142900,0.001781600,0.001557500
0.006775800,0.000924000,0.000706700
0.006605000,0.001384600,0.000944800
0.006436900,0.000965500,0.000779100
0.007169000,0.001184600,0.000787300
0.006734700,0.001445200,0.001216600
0.005991500,0.000897900,0.000766900
0.007163300,0.001046300,0.000806800
0.007407700,0.000987800,0.000795900
0.006579900,0.000925300,0.000741100
0.006368200,0.001409700,0.001211500
0.006854000,0.001006500,0.000813800
0.007359300,0.001608800,0.001308200
0.007010700,0.001397700,0.001199600
0.006935100,0.001389300,0.000807800
0.007425800,0.001016000,0.000789700
0.007058900,0.001470700,0.001243700
0.007374100,0.001840000,0.001470000
0.007680800,0.000976700,0.000801400
0.007239400,0.001005900,0.000725700
0.006422500,0.001442400,0.001222800
0.005847000,0.000938200,0.000790800
0.007864600,0.000998500,0.000891500
0.007184300,0.000948800,0.000729000
0.006449200,0.001417900,0.001210600
0.007698900,0.001014200,0.000792100
0.008058700,0.001572500,0.001273300
0.008318500,0.001026000,0.000786400
0.006766700,0.001477900,0.001251800
0.007183100,0.000896100,0.000801600
0.008131400,0.000931400,0.000735400
0.006809400,0.000879500,0.000742800
0.006631700,0.001381100,0.001011300
0.006867400,0.001026600,0.000844900
0.008362400,0.001132200,0.000758500
0.006237700,0.001428000,0.001217900
0.005678100,0.000903300,0.000775600
0.006241500,0.001403900,0.000872500
0.007634200,0.000986200,0.000777500
0.007283300,0.000909400,0.000741700
0.007688500,0.000887200,0.000808000
0.006895200,0.001045000,0.000848400
0.007910500,0.000967600,0.000739400
0.006428600,0.001446200,0.001234000
0.005964100,0.000957500,0.000798500
0.007799300,0.001838200,0.001408600
0.006954900,0.001473000,0.001290100
0.008103500,0.001058200,0.000841300
0.007153100,0.001000500,0.000785500
0.006960500,0.001523100,0.001364600
0.006795200,0.000935100,0.000827600
0.008061000,0.001887300,0.001422700
0.006785600,0.000941900,0.000752400
0.007174000,0.001546200,0.000848000
0.007440600,0.000980700,0.000780800
0.006911700,0.001647300,0.001227100
0.006569400,0.000953800,0.000791800
0.006921400,0.000981800,0.000787500
0.007263000,0.001554100,0.001227500
0.007500200,0.001016700,0.000850400
0.006854700,0.001002600,0.000689500
0.006833100,0.001690900,0.001172000
0.006937000,0.001519700,0.000935300
0.006931300,0.001004000,0.000778900
0.006531600,0.001451700,0.001250100
0.006624800,0.000939700,0.000791900
0.007499000,0.001022100,0.000826500
0.007596200,0.001002700,0.000776600
0.008113200,0.000975200,0.000790400
0.006338200,0.000955300,0.000807400
0.006399700,0.001008700,0.000817200
0.006124300,0.001513600,0.001284500
0.007237100,0.001451500,0.001234400
0.006508600,0.001429000,0.001033500
0.007384100,0.001595700,0.001333800
0.007719300,0.001664400,0.001203800
0.007850100,0.000983300,0.000799800
0.006994600,0.001403500,0.001468300
0.006788200,0.001689100,0.001327800
0.008482000,0.000921900,0.000784300
0.006648600,0.001791000,0.001439600
0.006685400,0.000990100,0.000813100
0.006621700,0.000893900,0.000739100
0.006589800,0.000905100,0.000743900
0.005954500,0.000909300,0.000800600
0.006741100,0.001713100,0.001343800
0.007338400,0.000968100,0.000739200
0.006597100,0.000893300,0.000821300
0.007402700,0.001537100,0.000760300
0.007008400,0.001017100,0.000820900
0.007449100,0.000935700,0.000730400
0.006192900,0.001540800,0.001302600
0.007147300,0.001410400,0.001205600
0.007453000,0.000992400,0.000755900
0.007170800,0.001607700,0.001387800
0.005835100,0.000894700,0.000751000
0.005888300,0.000919700,0.000757500
0.006261700,0.001382000,0.000970800
0.006346100,0.001143600,0.000837400
0.007164500,0.001610000,0.001310100
0.006375900,0.000954800,0.000748800
0.006165700,0.001438700,0.001220300
0.006226900,0.001676900,0.000850100
0.006381700,0.000953400,0.000825600
0.006460600,0.001015500,0.000805900
0.006149400,0.000936400,0.000761000
0.006532900,0.001418100,0.001229200
0.006256200,0.001704500,0.000937500
0.007342000,0.001523000,0.000820600
0.006949400,0.001801400,0.000792800
0.006857800,0.000881100,0.000721500
0.006950300,0.001676100,0.001541400
0.006870700,0.001643700,0.001283100
0.006477900,0.001409100,0.001208700
0.006990900,0.001293600,0.000877800
0.007103100,0.001416900,0.000960000
0.006615100,0.000931600,0.000772300
0.006144200,0.001412600,0.001242400
0.006304600,0.001474100,0.001224900
0.006449300,0.001484500,0.001060500
0.006002400,0.001005500,0.000802100
0.006054500,0.001438200,0.001250700
0.006377600,0.001811500,0.001083700
0.007256000,0.001588700,0.001427600
0.006137200,0.000955600,0.000764100
0.006000100,0.001426000,0.001230200
0.006268500,0.000904600,0.000823700
0.006608000,0.001561300,0.001339300
0.006208300,0.000915400,0.000764800
0.006665000,0.001377400,0.000904700
0.006665500,0.000994400,0.000917400
0.007324800,0.001589300,0.001303300
0.006049800,0.000950600,0.000758100
0.006080600,0.001961300,0.001083900
0.007401600,0.001597900,0.000845100
0.007337500,0.001831600,0.001275200
0.006609500,0.001642200,0.000935600
0.006414100,0.001563900,0.001085200
0.006312900,0.001739500,0.001253100
0.005913900,0.000899100,0.000756300
0.006737500,0.001238500,0.000845200
0.008021600,0.000954400,0.000871000
0.007985500,0.000908200,0.000768200
0.005899100,0.001395300,0.001230300
0.006545600,0.000996500,0.000803200
0.007068700,0.000972800,0.000810700
0.006059800,0.001503100,0.001258500
0.011144200,0.001623000,0.000970400
0.010119300,0.002300700,0.001767400
0.009002000,0.002106600,0.001077400
0.007238200,0.000976900,0.000824300
0.005881000,0.000912100,0.000865000
0.007424800,0.001893400,0.001386900
0.006166200,0.001383900,0.001220200
0.006715800,0.001797800,0.001313900
0.006425900,0.000921700,0.000739800
0.006826500,0.001410700,0.001231500
0.007047900,0.001628300,0.000847200
0.006581700,0.001568500,0.001107100
0.006422800,0.000977400,0.000781000
0.006676600,0.001626100,0.001208400
0.006545100,0.001838400,0.001363300
0.006232400,0.000924900,0.000796200
0.007067500,0.001038400,0.000787300
0.006469900,0.000927200,0.000755700
0.006495200,0.000909100,0.000750600
0.006184600,0.000905900,0.000753600
0.005967200,0.001470400,0.000807500
0.006733300,0.001578700,0.001437600
0.007116900,0.000890100,0.000730400
0.006636600,0.001442200,0.000863800
0.006713700,0.000958200,0.000785500
0.007997200,0.001003500,0.000737900
0.006178300,0.000892600,0.000758900
0.006211800,0.000947400,0.000763300
0.006159900,0.000907700,0.000776600
0.006807600,0.000894100,0.000746100
0.008217900,0.000925100,0.000814300
0.006129100,0.001239000,0.000810100
0.007907400,0.000989400,0.000785200
0.007990800,0.001480500,0.001250600
0.006509000,0.000911800,0.000752100
0.006097200,0.001447300,0.001226800
0.006703000,0.001062300,0.000817800
0.007086700,0.001795500,0.001476600
0.006388700,0.000893300,0.000749400
0.006345000,0.000857200,0.000719800
0.006755000,0.001481200,0.001070500
0.007682700,0.001422100,0.000815100
0.006841000,0.001510700,0.001273400
0.006489700,0.001274100,0.001147900
0.007304000,0.002399800,0.000834600
0.006571000,0.001507900,0.001274000
0.006097000,0.000897600,0.000752400
0.008975500,0.000994200,0.000874100
0.007472800,0.001538000,0.001453300
0.007492000,0.001422500,0.000979600
0.007103000,0.001124400,0.000839500
0.006981900,0.001575000,0.001364700
0.007250000,0.000933700,0.000724600
0.006721700,0.002186900,0.001485000
0.006547700,0.000974400,0.000777500
0.005988300,0.001510500,0.000798400
0.005992000,0.001381300,0.001192100
0.007362900,0.001843700,0.001369900
0.005935700,0.000902600,0.000747800
0.005916300,0.000975300,0.000777700
0.005857700,0.001657600,0.001604700
0.006871300,0.001820400,0.001396000
0.006932100,0.000901000,0.000760600
0.005999500,0.000887300,0.003391900
0.007142900,0.001815200,0.001351500
0.006345500,0.000880900,0.000716700
0.006332900,0.001448600,0.001088300
0.006706900,0.000977400,0.000811300
0.006496700,0.001737100,0.001372500
0.006175000,0.001440300,0.001224800
0.007886100,0.001093500,0.000839900
0.007731000,0.000931800,0.000742400
0.007877100,0.000886200,0.000717400
0.006080000,0.001814200,0.000894900
0.008610000,0.000981400,0.000763400
0.005934600,0.000973900,0.000766400
0.006488100,0.001498900,0.001236700
0.007453100,0.001060600,0.000834300
0.006362200,0.000995800,0.000793000
0.008848000,0.000927400,0.000778900
0.005891100,0.000909700,0.000762800
0.006648800,0.001490300,0.000821100
0.006553500,0.001568800,0.001377500
0.006429100,0.001454600,0.001226900
0.006354400,0.000934700,0.000770500
0.007614100,0.000997800,0.000821100
0.006725600,0.000942400,0.000746500
0.007013500,0.000918800,0.000758000
0.006259100,0.001408300,0.001228600
0.006421900,0.000992200,0.000822400
0.007229800,0.001834600,0.001362800
0.007615500,0.001976300,0.002408000
0.007396500,0.001031400,0.000811200
0.006929500,0.000984700,0.000759000
0.006666300,0.001443900,0.001228000
0.007704500,0.000974600,0.000845400
0.007806300,0.000997200,0.000753100
0.005949500,0.000967800,0.000774900
0.006722100,0.001625500,0.001251300
0.006631900,0.001084200,0.000811900
0.006476100,0.001207300,0.000853700
0.006630500,0.000974300,0.000798900
0.005946900,0.000961600,0.000834700
0.005908100,0.001408000,0.001234300
0.006159400,0.000932200,0.000782300
0.006253800,0.001813300,0.001366000
0.006560800,0.001419100,0.001230600
0.005829400,0.001138900,0.000832600
0.006469800,0.001551000,0.001340100
0.006688500,0.001472900,0.001240100
0.006457800,0.000985100,0.000839000
0.006608300,0.000995100,0.000791500
0.006789700,0.000996300,0.000773400
0.006358300,0.001560900,0.001248600
0.006493300,0.000905300,0.000858200
0.008451600,0.000973600,0.000773100
0.006253900,0.001490100,0.001252700
0.007006400,0.001662900,0.001395900
0.006259100,0.001394700,0.001220500
0.006012300,0.000969800,0.000829400
0.006883000,0.000972800,0.000786900
0.006606900,0.000947200,0.000761000
0.006587100,0.000955300,0.000779700
0.006351000,0.000914800,0.000753100
0.005889600,0.000975900,0.000761700
0.006398400,0.001071500,0.000788400
0.007033000,0.001573200,0.001337600
0.006684000,0.001639200,0.001255300
0.006872200,0.001406700,0.001416900
0.006396300,0.001767200,0.001405500
0.008281600,0.000889600,0.000743500
0.006892900,0.001671300,0.001361800
0.006719300,0.001478700,0.000784100
0.007007300,0.000963900,0.000772800
0.007552300,0.001032800,0.000783500
0.005950200,0.000963200,0.000767900
0.006121800,0.001431000,0.001213500
0.008245900,0.001173000,0.000862100
0.007044200,0.001609600,0.001385500
0.007501400,0.001646300,0.000846600
0.007467800,0.001653200,0.001158000
0.007011900,0.001488800,0.001263100
0.006226700,0.001611000,0.000845700
0.006826300,0.001586800,0.001319400
0.006627700,0.001618300,0.001257100
0.006328100,0.000886800,0.000838800
0.007023800,0.000984800,0.000798100
0.008072700,0.000947400,0.000753100
0.006308400,0.000955400,0.000773300
0.006409200,0.001415700,0.001231900
0.007178900,0.001012600,0.000799700
0.006873100,0.001523000,0.001261600
0.006442600,0.000922800,0.000772400
0.008667800,0.001422100,0.001067600
0.006591900,0.000968600,0.000768400
0.006177400,0.001435300,0.001219300
0.006390800,0.001293300,0.000944000
0.007586200,0.001151300,0.000807000
0.006007400,0.001501800,0.001295500
0.006241300,0.000890100,0.000797400
0.006771900,0.001018200,0.000754500
0.008230400,0.001700900,0.001332800
0.006699600,0.001458000,0.001235100
0.007081700,0.001996800,0.001543100
0.006946800,0.000862800,0.000718900
0.006148700,0.000892700,0.000840500
0.006339000,0.001552800,0.001338700
0.006087100,0.001485700,0.001212600
0.007958500,0.001565000,0.001324500
0.006481900,0.000884600,0.000727500
0.005864300,0.000935900,0.000762500
0.006145300,0.001696400,0.000933200
0.007194500,0.001019800,0.000809100
0.006765100,0.000954200,0.000765900
0.006456300,0.000917900,0.000765900
0.005639700,0.000922000,0.000752000
0.006828700,0.001020000,0.000961200
0.006866900,0.001543600,0.001310800
0.006577300,0.001605300,0.001272200
0.005938400,0.000889400,0.000805900
0.006897600,0.001604400,0.001111200
0.007047100,0.001602100,0.000853800
0.006111000,0.000895600,0.000756500
0.006094000,0.000914500,0.000745000
0.005714800,0.001364100,0.000795300
0.006279800,0.001599100,0.001465500
0.007588500,0.000940200,0.000774700
0.006656900,0.000869800,0.000748300
0.006565300,0.001524300,0.000861900
0.006660700,0.001802000,0.001469900
0.007693500,0.000933000,0.000770600
0.006415800,0.001447600,0.001208100
0.005964500,0.001810700,0.001534500
0.006379200,0.000963000,0.000770100
0.006153700,0.001467300,0.001240100
0.006406900,0.001410700,0.000992600
0.006393800,0.001229700,0.000810700
0.006635600,0.001005600,0.000859000
0.006568700,0.000949100,0.000754900
0.006112900,0.000910300,0.000827100
0.006241300,0.000920000,0.000745000
0.006744800,0.001524600,0.001584800
0.006868800,0.001013600,0.000802600
0.006657000,0.001492300,0.001249400
0.006473700,0.001405300,0.001222000
0.005968400,0.001023800,0.000806000
0.006285500,0.000964600,0.000802700
0.007238000,0.000972000,0.000785000
0.006292300,0.001458300,0.001243800
0.006695600,0.001303600,0.000817100
0.005941500,0.001007800,0.000875400
0.006623400,0.001104300,0.000859100
0.006895600,0.001495600,0.001237100
0.006047400,0.001422600,0.000898900
0.007631300,0.000994100,0.000795000
0.006753200,0.001718600,0.000923700
0.006564600,0.000953300,0.000756200
0.006513700,0.000888900,0.000736400
0.005674400,0.000913000,0.000766300
0.007118400,0.001676000,0.001439100
0.006826300,0.001562300,0.001266900
0.007426200,0.001207700,0.001011900
0.006404400,0.000906900,0.000769300
0.006086300,0.001439600,0.001243900
0.007034400,0.001042000,0.000815300
0.007841500,0.000983500,0.000785200
0.007079000,0.001510300,0.001237800
0.006612100,0.000965200,0.000783000
0.007762300,0.001031500,0.000820400
0.006275000,0.000967200,0.000755100
0.006962200,0.001437700,0.001234500
0.007235800,0.000918400,0.000779400
0.006455600,0.001088400,0.000844600
0.006939500,0.000947400,0.000760800
0.006269100,0.001436500,0.001221300
0.006620600,0.001653400,0.000915700
0.006883300,0.001920100,0.001518700
0.005879000,0.000914600,0.000762000
0.006580600,0.001077800,0.000924400
0.006777500,0.001029700,0.000805000
0.006886000,0.001523100,0.000826900
0.006026500,0.001459100,0.001234200
0.006738800,0.000951000,0.000880700
0.006635900,0.001632600,0.001617100
0.006289800,0.001011400,0.000775500
0.006693100,0.001522600,0.001323500
0.006150000,0.000880100,0.000831100
0.006364000,0.001152000,0.000785000
0.007750900,0.000981200,0.000767400
0.007356600,0.000903600,0.000742100
0.006325400,0.000963600,0.000827800
0.006417100,0.000968500,0.000821200
0.006592900,0.001540000,0.001303900
0.007197600,0.000934100,0.000899200
0.007655700,0.001822100,0.001269700
0.008033200,0.001083300,0.000809000
0.008586300,0.000976100,0.000790100
0.007528000,0.001081600,0.000862200
0.007001800,0.001081600,0.000891300
0.007229700,0.001482700,0.001244200
0.006818900,0.001208000,0.000821500
0.008497800,0.001080400,0.000823400
0.006423200,0.001001700,0.000772300
0.006104200,0.001436600,0.000817500
0.007005900,0.001916800,0.001625300
0.006374400,0.000905500,0.000755900
0.005761200,0.001396400,0.001296500
0.007060600,0.001058300,0.000881400
0.008099600,0.001333000,0.000808600
0.007428500,0.000921400,0.000762500
0.006164100,0.001389500,0.001034300
0.007092800,0.001005300,0.000798600
0.006779600,0.001644500,0.000840100
0.006455300,0.001499600,0.000803800
0.006704200,0.000868700,0.000718500
0.006132700,0.000956800,0.000850000
0.007911100,0.001820800,0.001373900
0.006475300,0.000895800,0.000740700
0.006925300,0.000880800,0.000777300
0.006475700,0.000915000,0.000783900
0.006982500,0.001012800,0.000820300
0.007819700,0.000934700,0.000747300
0.006214200,0.001422400,0.001228700
0.006208500,0.000927100,0.000809000
0.006736200,0.001019400,0.000826700
0.007066700,0.001825100,0.001361900
0.008278500,0.001000400,0.000765100
0.006794900,0.001568200,0.001321100
0.006861800,0.000900600,0.000720300
0.006767000,0.001052100,0.000871500
0.007627800,0.000999500,0.000781500
0.006823900,0.001474000,0.001256700
0.007408200,0.001744600,0.001213800
0.006244200,0.001058900,0.000841100
0.006579200,0.001004600,0.000812500
0.006957600,0.001069900,0.000786800
0.005953900,0.001444300,0.001238400
0.006202100,0.001475900,0.001118700
0.008205000,0.001032200,0.000822900
0.006331000,0.001627500,0.001276200
0.006994200,0.000912900,0.000756900
0.006766800,0.001006400,0.000824300
0.006441200,0.001567400,0.001288800
0.006265800,0.001403600,0.001202100
0.006695100,0.000997800,0.000809400
0.008305900,0.002037100,0.001322500
0.005963600,0.001436500,0.001216700
0.006919800,0.001546600,0.001451400
0.006819100,0.000900300,0.000727700
0.006081100,0.001435900,0.001220200
0.005863600,0.000929200,0.000805600
0.006604400,0.001026400,0.000809200
0.007908800,0.000985400,0.000770200
0.006294600,0.001440200,0.001225600
0.007112200,0.001056400,0.000895200
0.007531100,0.001944600,0.001543600
0.006295900,0.000896700,0.000751600
0.006201800,0.000902300,0.000763200
0.006326800,0.000888100,0.000852900
0.007557100,0.001374900,0.001208700
0.007334100,0.001443300,0.000801800
0.007285500,0.001448400,0.001227900
0.008770100,0.001440300,0.001232700
0.009991600,0.000931100,0.000765100
0.006166900,0.000969400,0.000758600
0.006024700,0.000924000,0.000751600
0.008333800,0.000967900,0.000732400
0.007003800,0.000998800,0.000781400
0.006131100,0.000874600,0.000737000
0.005775600,0.000962500,0.000753400
0.005865900,0.001346500,0.000799000
0.007380400,0.001627100,0.001417700
0.006665400,0.000893200,0.000753700
0.006272000,0.001040500,0.000800900
0.006256700,0.000970700,0.000808900
0.006740200,0.001607200,0.001302300
0.006362500,0.000873400,0.000734600
0.006001900,0.001080200,0.000774000
0.007610200,0.001043800,0.000824500
0.007109600,0.000953300,0.000741600
0.006429900,0.001570200,0.001262800
0.008382000,0.000987700,0.000829200
0.007059100,0.000958500,0.000772000
0.007435400,0.000982100,0.000742700
0.006037900,0.000929200,0.000754400
0.006844700,0.001396900,0.001444300
0.007323600,0.001515200,0.001128700
0.006466200,0.001617700,0.001323100
0.006413200,0.001446200,0.001239900
0.005947600,0.000926700,0.000766600
0.007003300,0.000987100,0.000805600
0.006811200,0.000958600,0.000774900
0.007128900,0.001563800,0.001266400
0.006619400,0.000906400,0.000730600
0.007400100,0.001791500,0.001415600
0.006096100,0.000893800,0.000732000
0.006757900,0.001562400,0.001341500
0.006444600,0.000870100,0.000717300
0.006167500,0.001427700,0.001208600
0.006710100,0.001717300,0.001365900
0.006481700,0.000915300,0.000754400
0.006015800,0.001597000,0.001778400
0.007063600,0.000997400,0.000799700
0.006597300,0.000912900,0.000744200
0.007491800,0.001466900,0.001197300
0.006255300,0.001722900,0.000874600
0.007488200,0.000973600,0.000792700
0.006882400,0.000946600,0.000772000
0.006990500,0.001402100,0.001042500
0.007379100,0.001396300,0.001079200
0.006691900,0.001528800,0.000801400
0.006322000,0.000922200,0.000763100
0.006272900,0.001381900,0.001465300
0.006332100,0.001030000,0.000853800
0.008235500,0.001577900,0.001282100
0.009419000,0.001536800,0.000873900
0.007420500,0.001561800,0.001261900
0.006899500,0.000931400,0.000747400
0.006610600,0.001674600,0.001314600
0.006473500,0.000943700,0.000773700
0.006577100,0.001000000,0.000731100
0.005942200,0.000969800,0.000833900
0.007748800,0.001626000,0.000886400
0.006687400,0.000997500,0.000747500
0.006455300,0.000911400,0.000739100
0.005896600,0.001432800,0.001251900
0.007103800,0.001470500,0.000893100
0.007127700,0.001035300,0.000810900
0.007265000,0.001463300,0.001138000
0.006448700,0.001473700,0.000794200
0.006139100,0.001015500,0.000895400
0.007550100,0.001033200,0.000839500
0.007122900,0.000991900,0.000768600
0.006367500,0.001604000,0.001219600
0.006927400,0.001018500,0.000841900
0.007393600,0.001620300,0.001038600
0.006723600,0.000921100,0.000752400
0.006123900,0.001431500,0.001237200
0.005795200,0.000910600,0.000742000
0.006592700,0.001517300,0.000900200
0.006623000,0.001699500,0.001416500
0.006441800,0.001426500,0.001223300
0.007428700,0.001043700,0.000832300
0.006425600,0.000964100,0.000771400
0.006379400,0.001507100,0.000814300
0.006401000,0.001411900,0.001268700
0.006462700,0.001058000,0.000796600
0.007098900,0.001512300,0.000896500
0.006778800,0.000974400,0.000764000
0.006941200,0.000981000,0.000769500
0.007105700,0.001320200,0.000851000
0.007815300,0.001032800,0.000843200
0.007525400,0.001530400,0.001252900
0.006251300,0.001368900,0.000870100
0.006506900,0.001577300,0.000867700
0.006924500,0.001523900,0.001362400
0.006969200,0.001036600,0.000827600
0.006823600,0.001781000,0.001772300
0.006610000,0.000922300,0.000771300
0.007114400,0.000868100,0.000727100
0.006355600,0.001556800,0.001471100
0.006453800,0.001545000,0.001335400
0.006439700,0.000875000,0.000708800
0.006166800,0.001690100,0.001553900
0.006559900,0.000988500,0.000758000
0.006947600,0.001413100,0.001218000
0.006319500,0.001658300,0.001546300
0.006800300,0.001079100,0.000861400
0.007325500,0.001678500,0.001326200
0.006083800,0.001101600,0.000830900
0.006399400,0.000981300,0.000799000
0.006267700,0.000999500,0.000800100
0.006828100,0.000977600,0.000789600
0.006508800,0.001401600,0.001225600
0.006183200,0.000920200,0.000820800
0.006150900,0.001094900,0.000827700
0.007513000,0.001053600,0.000882800
0.006537400,0.001630100,0.001251500
0.006519300,0.000952800,0.000838500
0.006997400,0.000963500,0.000762200
0.006313400,0.000964300,0.000795000
0.006733500,0.001427600,0.001208300
0.005822700,0.000894500,0.000794900
0.006538500,0.001417200,0.000859700
0.006689400,0.001523400,0.001312000
0.006596500,0.000930900,0.000745500
0.005896800,0.000909900,0.000759300
0.006485600,0.001626100,0.001357400
0.006842400,0.000966700,0.000777500
0.006130400,0.001403000,0.001510800
0.007034900,0.001204700,0.000837200
0.006454900,0.001036000,0.000862100
0.006777400,0.000950200,0.000772100
0.006551200,0.001425000,0.001236200
0.006322600,0.001438900,0.001337800
0.007676400,0.001532300,0.000972300
0.006647000,0.001419500,0.001218600
0.006000800,0.000879200,0.000761800
0.006910700,0.002050900,0.001387400
0.006858500,0.000947400,0.000732000
0.006069600,0.000918300,0.000764300
0.006161500,0.001487300,0.001367300
0.006493200,0.001029000,0.000820500
0.007439200,0.001961100,0.001378300
0.006468600,0.000943300,0.000767600
0.006978800,0.001038800,0.000853300
0.007901200,0.001412500,0.000856500
0.007468500,0.001016200,0.000767800
0.006093100,0.000938200,0.000756100
0.006782800,0.000941100,0.002654200
0.006802100,0.001595200,0.001154200
0.006540700,0.000971300,0.000752500
0.006211100,0.001530300,0.001248700
0.008527900,0.000975300,0.000790100
0.007372500,0.001059900,0.000767700
0.006609400,0.000894400,0.000741200
0.006172200,0.001481700,0.000917500
0.005997900,0.001774700,0.001373000
0.006721500,0.000899300,0.000736800
0.007271000,0.001016600,0.000800700
0.006816400,0.001946000,0.001400100
0.006239300,0.001410300,0.001218600
0.006622700,0.001147600,0.000855500
0.006375100,0.000992800,0.000871300
0.007510000,0.000966000,0.000753700
0.006428700,0.000922500,0.000753300
0.006254100,0.001509800,0.000870700
0.006652400,0.000997900,0.000806200
0.007886300,0.001609500,0.001256000
0.006950800,0.001435600,0.001321700
0.008061500,0.001021900,0.000774100
0.006689700,0.001743400,0.001286900
0.006573800,0.000893700,0.000743600
0.006728500,0.001706800,0.001346400
0.007194600,0.000934800,0.000802900
0.007756600,0.000974400,0.000847100
0.007556000,0.001021400,0.000798200
0.007296900,0.000984000,0.000760000
0.005971400,0.001435900,0.001219700
0.006696800,0.001374100,0.001124300
0.007507100,0.001104300,0.000960400
0.006328500,0.001482600,0.001268700
0.005957800,0.001396400,0.001058100
0.006434500,0.000973900,0.000786700
0.007009900,0.001520800,0.001292500
0.007695600,0.001019900,0.000716800
0.006574600,0.001566300,0.001329300
0.006495000,0.000903700,0.000759200
0.006953900,0.000930500,0.000779500
0.006860800,0.001064400,0.000801000
0.007399900,0.001716100,0.001414700
0.007962000,0.000967400,0.000744500
0.006141100,0.001418700,0.001200900
0.006086400,0.000900700,0.000726900
0.006911000,0.001210500,0.000857900
0.006875100,0.001725400,0.001368600
0.006016100,0.000905700,0.000764000
0.006325400,0.001311500,0.000832100
0.007389700,0.001592300,0.001073000
0.006107800,0.001496300,0.001252800
0.006065000,0.000925300,0.000814500
0.006276200,0.001717900,0.001353800
0.006311600,0.001585200,0.001330500
0.006411500,0.001148900,0.000977400
0.006948400,0.000970400,0.000764900
0.006333900,0.000922300,0.000746500
0.005805200,0.001402400,0.001196800
0.006075100,0.001705100,0.001599100
0.007168200,0.001032000,0.000774500
0.006726400,0.001628400,0.001251200
0.006433700,0.001404700,0.001121100
0.006873800,0.001573200,0.001347100
0.006672000,0.001519800,0.001005500
0.005911500,0.001478000,0.001057800
0.007238700,0.001553500,0.001446500
0.007249300,0.001423500,0.001227800
0.006773200,0.000924800,0.000822300
0.007275900,0.001047700,0.000846200
0.006800800,0.001554500,0.001284900
0.006477800,0.000880400,0.000753500
0.006285900,0.001652900,0.001299600
0.006074400,0.001407300,0.001208500
0.006479200,0.000966800,0.000855400
0.007412200,0.001003500,0.000830200
0.006641100,0.001538400,0.001238800
0.006626300,0.000975900,0.000784300
0.006633000,0.001735900,0.001311300
0.006810100,0.001486500,0.001237600
0.005957600,0.001392100,0.000950900
0.006516000,0.001030300,0.000807200
0.007019000,0.001032400,0.000798600
0.006598300,0.001482600,0.001261200
0.006953300,0.001480600,0.000859300
0.006944300,0.001545200,0.001351700
0.006996900,0.001477900,0.001238000
0.006517600,0.000993700,0.000798900
0.006465800,0.001803700,0.001333000
0.006546700,0.000868400,0.000757600
0.007726100,0.001676100,0.000862600
0.007048600,0.001776600,0.001358000
0.007224200,0.001410100,0.001237700
0.007017600,0.001431000,0.000858300
0.007592500,0.001546000,0.001278400
0.006957500,0.000903600,0.000761900
0.006542000,0.001377000,0.000906300
0.007199300,0.001537400,0.001348400
0.006261800,0.001401600,0.001209900
0.006399600,0.001605400,0.001422400
0.007158800,0.000966200,0.000774500
0.006095500,0.000957500,0.000752700
0.007694200,0.000887100,0.000750700
0.006696800,0.000972500,0.000892400
0.007129100,0.001000700,0.000856600
0.006798400,0.000966600,0.000766700
0.006170300,0.001503400,0.000813300
0.006046300,0.000906000,0.000744000
0.006017000,0.001417700,0.001402700
0.007270000,0.001647100,0.001020000
0.006906500,0.001516000,0.001248700
0.006813200,0.001664600,0.001372800
0.007298500,0.001054900,0.000796800
0.006490300,0.001574500,0.001440700
0.006522000,0.001398600,0.001223400
0.006754800,0.001382500,0.000918600
0.006606400,0.001730300,0.001371200
0.006493000,0.001433800,0.001283700
0.006641000,0.001592200,0.001418100
0.006252500,0.000944100,0.000770100
0.006016700,0.000943100,0.000835000
0.006453300,0.001647000,0.001492800
0.006176900,0.000930900,0.000755400
0.006201900,0.001426100,0.000972700
0.006232800,0.001031600,0.000810400
0.007907200,0.000958900,0.000781300
0.007675600,0.000950500,0.000769300
0.005975900,0.000975600,0.000788300
0.006792500,0.001285600,0.000908600
0.009081300,0.001402100,0.000807200
0.006546800,0.001525200,0.000810400
0.006232100,0.001626200,0.001193900
0.006848100,0.001926500,0.001664200
0.006892200,0.000914400,0.000897100
0.006466100,0.001770000,0.001402500
0.007268700,0.000953400,0.000766600
0.006580300,0.001896800,0.001437400
0.006711100,0.000926400,0.000768300
0.007455800,0.001948500,0.001538000
0.006782600,0.000976700,0.000766100
0.006178800,0.001484800,0.001221500
0.006658800,0.001814400,0.001395900
0.005966900,0.000992000,0.000783300
0.006024300,0.000922600,0.000824400
0.006462700,0.001010900,0.000818300
0.007457200,0.001060700,0.000835100
0.006825800,0.001495800,0.001263600
0.006627000,0.001695600,0.001165100
0.007387300,0.001049500,0.000870900
0.006580700,0.001594500,0.001421900
0.006439200,0.001473400,0.001256000
0.006337400,0.001035300,0.000812000
0.007614900,0.001051300,0.000813800
0.007557800,0.001501300,0.000803800
0.005919500,0.001576500,0.001352700
0.006882300,0.001860700,0.001518900
0.006755800,0.000950900,0.000773500
0.006164000,0.000940000,0.000814700
0.006620200,0.001165300,0.000898900
0.008674700,0.001009700,0.000771700
0.006484800,0.001482900,0.001338500
0.006748300,0.001694700,0.000911000
0.007377600,0.001019600,0.000788000
0.007103500,0.001626600,0.001286600
0.006797500,0.001565400,0.001498600
0.006875800,0.001022700,0.000804000
0.007807800,0.000968900,0.000785600
0.006597600,0.001428500,0.001214200
0.006718600,0.002038600,0.000962700
0.006712500,0.000958200,0.000772400
0.005857200,0.001424200,0.001250900
0.006324300,0.001805900,0.001170500
0.007120900,0.001578600,0.001131000
0.006540400,0.001625300,0.001283400
0.006334700,0.000976500,0.000910400
0.007013800,0.001153100,0.001004900
0.005937700,0.001481500,0.001277100
0.006343300,0.000974400,0.000755000
0.006408600,0.001018000,0.000849400
0.006969600,0.001582300,0.001395400
0.006297200,0.001441000,0.001225400
0.006568800,0.001654900,0.001525900
0.006297500,0.000958100,0.000763400
0.006066000,0.001574000,0.001285600
0.006401200,0.001642700,0.000926000
0.007620500,0.001134500,0.000839800
0.006779400,0.001649200,0.001378900
0.007515000,0.000923800,0.000787900
0.005758200,0.000958500,0.000759100
0.006205100,0.001383500,0.000911200
0.007204500,0.001003800,0.000852200
0.006623600,0.001008700,0.000789900
0.006716600,0.001604400,0.001143100
0.006392200,0.000920900,0.000792800
0.006592800,0.001165400,0.000852800
0.006732400,0.001621900,0.001321600
0.005974800,0.001677800,0.000826000
0.006816400,0.001733100,0.000901100
0.006535500,0.001023500,0.000782200
0.006385300,0.001481600,0.001265500
0.006699800,0.001140600,0.000865500
0.007492700,0.001019900,0.000802100
0.007153900,0.001662700,0.001321900
0.006045000,0.000932100,0.000752300
0.006302700,0.001443600,0.001322100
0.006777200,0.001538700,0.001292300
0.006113600,0.000918500,0.000761100
0.005686400,0.000908200,0.000806100
0.005881900,0.000904900,0.000772600
0.006771300,0.001009700,0.000809700
0.006646900,0.001021200,0.000817000
0.007517500,0.000941700,0.000775800
0.006874200,0.001589000,0.001710700
0.008586200,0.001056100,0.000768400
0.006475300,0.001006500,0.000780400
0.006647000,0.001149300,0.000765300
0.006187400,0.000899800,0.000809200
0.008038500,0.001048500,0.000877900
0.006478900,0.000959100,0.000774400
0.006588200,0.000928600,0.000748500
0.006663600,0.000897000,0.000741000
0.006420500,0.001131600,0.000787900
0.006711300,0.001028500,0.000841300
0.006968600,0.000999800,0.000775500
0.006014400,0.001440000,0.001214900
0.006403400,0.001248600,0.000824000
0.006194000,0.001350700,0.001097100
0.006606200,0.000962800,0.000755400
0.006138600,0.000935900,0.000841900
0.006261200,0.000910100,0.000746800
0.006260400,0.001507200,0.001184800
0.006964500,0.000957000,0.000788300
0.007529600,0.000963700,0.000779600
0.006084500,0.000905100,0.000750400
0.007252300,0.000979100,0.000825100
0.006970200,0.000916300,0.000770000
0.006393100,0.001457500,0.001053300
0.006636700,0.001668500,0.000822500
0.006934900,0.001555000,0.001345800
0.007687800,0.000950100,0.000734300
0.006627800,0.001838800,0.001576400
0.006902200,0.000899600,0.000741900
0.005686100,0.000899200,0.000747600
0.006120500,0.000886900,0.000776200
0.006532300,0.001614700,0.001463600
0.008670800,0.000943000,0.000745100
0.006373300,0.001061300,0.000895800
0.006914300,0.001847400,0.001387300
0.007258000,0.000896500,0.000755100
0.007189500,0.001517600,0.001198800
0.006543700,0.001715400,0.001200200
0.007301900,0.001499700,0.001257700
0.006268000,0.001413900,0.000914700
0.006531100,0.001714200,0.001386400
0.007545900,0.000885000,0.000716300
0.006575400,0.001140200,0.000899500
0.007576500,0.001647600,0.001115900
0.006543300,0.000944300,0.000767400
0.006164800,0.001576000,0.001297600
0.006383500,0.000918200,0.000834700
0.007534400,0.001016500,0.000822400
0.006342400,0.000970300,0.000793700
0.006419400,0.001450100,0.001324200
0.006239500,0.000956600,0.000855600
0.007016400,0.000995200,0.000817000
0.006894000,0.001515600,0.001268700
0.006576600,0.001406900,0.001205700
0.006527700,0.001015700,0.000882700
0.008010900,0.000991900,0.000782000
0.006481400,0.000957700,0.000782900
0.006001800,0.001417600,0.001240700
0.006792700,0.001453800,0.001013400
0.006190500,0.001051300,0.000831700
0.007008800,0.001553400,0.001281600
0.006350700,0.000930200,0.000759100
0.006099100,0.001702800,0.001115600
0.007024000,0.001859500,0.001481200
0.006597300,0.000956300,0.000787000
0.007464100,0.001820200,0.001429800
0.009777900,0.000944900,0.000755900
0.006244500,0.001531900,0.001269600
0.006250200,0.001027700,0.000833800
0.007385200,0.001538600,0.001443100
0.006459500,0.000923700,0.000755700
0.006491900,0.001412600,0.000964100
0.007018600,0.001031000,0.000836900
0.007231000,0.001509300,0.001303900
0.006472900,0.001488900,0.000820800
0.006544100,0.001661100,0.000782100
0.007809800,0.001045500,0.000838100
0.006967700,0.000980900,0.000780200
0.007053400,0.000935600,0.000753700
0.006262900,0.000915900,0.000790200
0.007080000,0.001899300,0.000911600
0.007553100,0.001524000,0.001261300
0.006103200,0.001416300,0.001213700
0.006989400,0.002139700,0.001508300
0.006778000,0.001635000,0.001278000
0.007038400,0.001715500,0.000801600
0.006606800,0.002074400,0.001269100
0.006358500,0.001621600,0.001259700
0.007020200,0.000898400,0.000737400
0.005935800,0.001583700,0.001352500
0.006363100,0.000904700,0.000744400
0.006475000,0.001496200,0.001178800
0.006915900,0.001086400,0.000829500
0.006447500,0.001000000,0.000796300
0.006364600,0.001505100,0.001246000
0.006116000,0.001555900,0.000864500
0.006178800,0.001125000,0.000838600
0.006621200,0.001762800,0.001325100
0.006780900,0.000910800,0.000762400
0.005992000,0.001506900,0.000825500
0.007985400,0.001473900,0.001097700
0.006626100,0.001476900,0.001267000
0.006170000,0.000917400,0.000752800
0.006725800,0.001541100,0.001344100
0.006699000,0.000928400,0.000750000
0.006960500,0.000952000,0.000759200
0.006472200,0.000956400,0.000763700
0.005930200,0.001451900,0.000853600
0.006480100,0.001599500,0.001323500
0.007103500,0.000972500,0.000779700
0.006367700,0.000926100,0.000763000
0.006002900,0.001410600,0.001223200
0.006695100,0.001589000,0.000995600
0.009838200,0.000975300,0.000781100
0.006185300,0.001439800,0.001188200
0.007084800,0.001768400,0.001503600
0.006798000,0.000926500,0.000760700
0.006580100,0.001507300,0.001009800
0.008020300,0.001003200,0.000803900
0.006300300,0.001597600,0.001255300
0.006682700,0.000911900,0.000770600
0.006903800,0.001771200,0.001417100
0.007894700,0.000905500,0.000740700
0.007103300,0.001645100,0.000938000
0.006642700,0.000997800,0.001492700
0.006897100,0.000986600,0.000790100
0.006472300,0.001675400,0.001463000
0.006784600,0.000969700,0.000794300
0.006859800,0.001511700,0.001251000
0.006853600,0.000967300,0.000838600
0.007854300,0.001364200,0.000907400
0.006563700,0.001490100,0.001271400
0.006198400,0.000919300,0.000756500
0.006522500,0.001641700,0.001360200
0.006072200,0.000976600,0.000764700
0.006305500,0.000924100,0.000769000
0.005889900,0.000912100,0.000741100
0.006730100,0.001065200,0.000845100
0.007847200,0.001680400,0.001387700
0.006400800,0.001403700,0.001216500
0.007176500,0.001207600,0.000835400
0.006700800,0.001677000,0.001379300
0.006791300,0.000925600,0.000793600
0.006041000,0.000961100,0.000812100
0.007776600,0.000985700,0.000795500
0.006580200,0.001096400,0.000792100
0.006032100,0.000953100,0.000780500
0.006591100,0.000910700,0.000752400
0.006279300,0.002060500,0.001761300
0.006655700,0.001038000,0.000822100
0.006989000,0.000962300,0.000764300
0.005889200,0.000928700,0.000756600
0.006010100,0.000913900,0.000767100
0.007363500,0.001732900,0.001448100
0.006621800,0.001463000,0.001241200
0.006158300,0.000954500,0.001121400
0.007842100,0.001016800,0.000795300
0.006842600,0.001660100,0.001348700
0.006336800,0.001394200,0.001344300
0.006954100,0.001638300,0.001333600
0.008521100,0.000920600,0.000762300
0.006177900,0.001467000,0.000868400
0.007903000,0.001065900,0.000830800
0.006616800,0.000973600,0.000794500
0.006028900,0.000911800,0.000745000
0.008738500,0.001635600,0.001374400
0.006285800,0.001466400,0.000873500
0.007674400,0.001047800,0.000849100
0.006837000,0.001528600,0.001318500
0.007071000,0.001550300,0.001271000
0.007477100,0.001515400,0.000830900
0.005953600,0.000969800,0.000779300
0.005910400,0.001419000,0.001269500
0.005919000,0.000960400,0.000811300
0.007919100,0.001001900,0.000818600
0.006832800,0.001595700,0.000842700
0.006014900,0.001638100,0.001205100
0.006555800,0.001061200,0.000943500
0.006926900,0.001677000,0.000871100
0.007405200,0.000919100,0.000754000
0.005890700,0.000918400,0.000758500
0.006632700,0.001869400,0.001594100
0.006663200,0.000928700,0.000761100
0.006217500,0.001569900,0.001230300
0.005879200,0.000996900,0.000891300
0.006718600,0.000998700,0.000833400
0.006719600,0.000984500,0.000804700
0.006816000,0.001537100,0.001249000
0.006223100,0.001065900,0.000847100
0.006561100,0.001047400,0.000789900
0.006970000,0.001576800,0.001305600
0.006357400,0.001451400,0.001218600
0.006831100,0.001040000,0.000847600
0.006512800,0.001008000,0.000793800
0.005980300,0.000931700,0.000759300
0.007569500,0.001439200,0.001338700
0.007527400,0.001545500,0.000915700
0.007251900,0.001329100,0.000838900
0.006801500,0.000909700,0.000756700
0.006794700,0.001047800,0.000851200
0.007234300,0.001020900,0.000805100
0.005885200,0.000980400,0.000789200
0.007048500,0.001730200,0.001268900
0.007017800,0.000955100,0.000808300
0.007022800,0.001617000,0.001374600
0.007309300,0.001404500,0.001235900
0.006991300,0.000979600,0.000795400
0.007324400,0.000993400,0.000804200
0.006322000,0.001619900,0.001251600
0.006531200,0.001287300,0.000851100
0.007674900,0.001579300,0.001149000
0.007406500,0.000939100,0.000740800
0.006602600,0.000895500,0.000760300
0.007033200,0.001448400,0.001177200
0.006571300,0.001724300,0.001605400
0.007537700,0.001530000,0.001256800
0.006344300,0.000913500,0.000745600
0.007201700,0.001646500,0.001367900
0.006830700,0.001004500,0.000785700
0.007310100,0.000929900,0.000787000
0.006434100,0.001006200,0.001095400
0.007966100,0.001723400,0.000886100
0.006396900,0.000925000,0.000761500
0.006080800,0.000916100,0.000735300
0.005892400,0.001428800,0.000960800
0.006756700,0.001018500,0.000833900
0.006545400,0.001557500,0.001369100
0.006705200,0.001414700,0.001290800
0.007730700,0.001241500,0.000873400
0.007073500,0.000994300,0.000790200
0.006502800,0.001431100,0.001210000
0.007179700,0.001121000,0.000977100
0.007484800,0.001057600,0.000882600
0.006682500,0.000929400,0.000747300
0.006285600,0.000890800,0.000747500
0.005865900,0.001401600,0.001012600
0.006927900,0.001132400,0.000875500
0.007038700,0.000963700,0.000822100
0.006405200,0.000962700,0.000765000
0.006173100,0.000912400,0.000752400
0.007992000,0.000928200,0.000742200
0.007229600,0.001561700,0.001334900
0.007638200,0.000978200,0.000791000
0.006576400,0.000993700,0.000791300
0.008525500,0.001432500,0.000861100
0.006232700,0.001478200,0.001266400
0.005949000,0.000908300,0.000823200
0.006535000,0.001087600,0.000801300
0.007290200,0.001740900,0.001350100
0.010783200,0.002440000,0.001732100
0.008275400,0.001584900,0.001344500
0.007229300,0.001027200,0.000828400
0.008078100,0.001772400,0.001500200
0.006987800,0.001130500,0.000830900
0.007788000,0.001709200,0.001374600
0.006833200,0.000914600,0.000792000
0.007146100,0.001837300,0.001557800
0.007036000,0.000910900,0.000748700
0.006499400,0.001012900,0.000823800
0.007836600,0.000988800,0.000762700
0.006507500,0.001629200,0.001273900
0.006953000,0.001011000,0.000949400
0.007823700,0.000989700,0.000780900
0.007140700,0.001523800,0.001252900
0.006406300,0.000934200,0.000791400
0.006362300,0.001050700,0.000882500
0.007251800,0.001539500,0.001335500
0.006231900,0.000929700,0.000767000
0.008131900,0.001771200,0.000910500
0.006461100,0.001525400,0.001333000
0.006220400,0.000924500,0.000808100
0.007507200,0.001007100,0.000861300
0.006840300,0.001762200,0.001387900
0.007666100,0.001026400,0.000846400
0.007410400,0.001035800,0.000950100
0.007631200,0.001542700,0.001288300
0.006280500,0.001415500,0.002443400
0.008321700,0.001554000,0.001277300
0.006035800,0.000909800,0.000757700
0.005839700,0.000906000,0.000745300
0.006773300,0.000897200,0.000750700
0.006954500,0.001449600,0.001725800
0.008168000,0.001066400,0.000847300
0.006746000,0.000992000,0.000814600
0.006402400,0.001477800,0.001245900
0.006094700,0.000987000,0.001040200
0.007424400,0.001921400,0.001407100
0.007387900,0.001506000,0.001260500
0.006393400,0.000901700,0.000825700
0.006704000,0.001619800,0.001340200
0.009450200,0.000923400,0.000750000
0.006003100,0.001482500,0.001222600
0.008964400,0.001839400,0.001372200
0.007467900,0.000883800,0.000764300
0.007693800,0.001025400,0.000855100
0.008644600,0.000955300,0.000759600
0.006474400,0.001020500,0.000775700
0.006992000,0.001531400,0.000948500
0.006854400,0.001685600,0.001395800
0.006560200,0.001634800,0.001292900
0.006814400,0.000879200,0.000849600
0.007382100,0.000997600,0.000821200
0.006582800,0.001540800,0.001298400
0.007577700,0.000927900,0.000799800
0.008060400,0.001023400,0.000814200
0.006700100,0.000962500,0.000762200
0.006482600,0.001431700,0.001218300
0.007098100,0.001869700,0.001530400
0.008335200,0.000995600,0.000759200
0.006146500,0.001430500,0.001112000
0.006929300,0.001054600,0.000842300
0.006459500,0.001000300,0.000827300
0.007015900,0.000949700,0.000745600
0.006505900,0.001450200,0.001264000
0.006464800,0.001802000,0.001406200
0.006293800,0.000909200,0.000751000
0.006772500,0.001388300,0.000929800
0.006727700,0.001564000,0.001379500
0.007970200,0.000981900,0.000741900
0.006338000,0.000900000,0.000746100
0.006296200,0.000921800,0.000762900
0.006029200,0.001054700,0.000831500
0.006648100,0.001548400,0.000860600
0.006836300,0.000996700,0.000813000
0.006131700,0.001476000,0.001228400
0.006327200,0.000957300,0.000785700
0.006697800,0.001021300,0.000821100
0.008587700,0.001574400,0.000840300
0.006738600,0.001459700,0.001337700
0.006553300,0.000917100,0.000840500
0.006767300,0.001814200,0.001383300
0.006537600,0.000928600,0.000749600
0.006640100,0.001604400,0.001106300
0.007936800,0.001649000,0.000894000
0.006696900,0.001093400,0.000776600
0.006170600,0.001416600,0.001241900
0.006039200,0.000925700,0.000762700
0.006665600,0.001048900,0.000815700
0.006597200,0.001548900,0.001309800
0.006453800,0.000919600,0.000812900
0.006859800,0.000964000,0.000889200
0.008044000,0.001006800,0.000793700
0.006270200,0.001539700,0.001316100
0.006999800,0.000939500,0.001201100
0.007105600,0.001624300,0.000857000
0.006711700,0.001493100,0.001248600
0.006889300,0.001062600,0.000914000
0.006772400,0.001009500,0.000802200
0.006401900,0.001511000,0.001254400
0.005908800,0.001413900,0.001250000
0.006083900,0.000961700,0.000792800
0.007186000,0.001564700,0.001306000
0.006279200,0.001511200,0.001259800
0.008645400,0.000999300,0.000823100
0.007513900,0.001037700,0.000844500
0.008155000,0.000907600,0.000742600
0.006339000,0.000905900,0.000751800
0.006592200,0.001672600,0.000905000
0.006578200,0.000985700,0.000803900
0.007648200,0.000938600,0.000744100
0.006933600,0.001435100,0.001233900
0.006310100,0.001702100,0.001379800
0.007282100,0.001709100,0.001282700
0.006376700,0.001421100,0.001255000
0.007283300,0.000882600,0.000727500
0.006027400,0.000894100,0.000757700
0.006830600,0.000961300,0.000941800
0.007578700,0.001003400,0.000790300
0.006800700,0.001496600,0.001273400
0.006376100,0.000923800,0.000838800
0.007034900,0.000974500,0.000800500
0.007022600,0.001027300,0.000824600
0.005958200,0.000967700,0.000773500
0.005811400,0.000919200,0.000756100
0.006239800,0.000954900,0.000740100
0.006615100,0.000982000,0.000785200
0.006819700,0.001525800,0.001264400
0.007531300,0.000883600,0.000855200
0.006837600,0.000928700,0.000768400
0.006655100,0.001427700,0.001230100
0.007247000,0.000972500,0.000810300
0.006670900,0.001009300,0.000783100
0.005823300,0.000925500,0.000823400
0.006336000,0.001413500,0.001222800
0.006205500,0.001067100,0.000851900
0.007671200,0.001467100,0.000803400
0.007115000,0.000924200,0.000752800
0.005946900,0.000915500,0.000748900
0.005903700,0.001416400,0.001258700
0.006761200,0.001041200,0.000839800
0.007136500,0.000982600,0.000799100
0.008655500,0.000902600,0.000738300
0.006009100,0.000897900,0.000762500
0.005908600,0.001747700,0.001665100
0.006122400,0.000911800,0.000759300
0.006179500,0.000900100,0.000742700
0.005979900,0.000940000,0.000781800
0.006259200,0.000972300,0.000780100
0.006981900,0.000990400,0.000789900
0.006365800,0.001483700,0.001247000
0.006665500,0.001134600,0.000899000
0.006446500,0.001633200,0.001337700
0.006583200,0.000940700,0.000766200
0.006366700,0.000972200,0.000892800
0.007249200,0.001052900,0.000783200
0.006524700,0.000978400,0.000784500
0.006708300,0.000915300,0.000761900
0.006263100,0.001417300,0.001224500
0.006610000,0.001115200,0.000845800
0.007179800,0.001022500,0.000811700
0.006273100,0.001464700,0.001252100
0.006278200,0.001377300,0.001037000
0.006730100,0.001568200,0.001305500
0.006860200,0.000950200,0.000764000
0.008411600,0.001587300,0.001358200
0.006391800,0.001043800,0.000796700
0.006851300,0.000908300,0.000746200
0.006549600,0.000917400,0.000755300
0.007720900,0.001470100,0.001158800
0.006340700,0.000981600,0.000788400
0.007641000,0.000909700,0.000750500
0.006445700,0.001500900,0.001475000
0.006229300,0.000897500,0.000755500
0.006087300,0.000920500,0.000795800
0.007061800,0.001653600,0.000972500
0.007114400,0.000953200,0.000752500
0.006651400,0.001423300,0.001232600
0.006430600,0.000889400,0.000786600
0.007044400,0.001036100,0.000806100
0.006700500,0.001576900,0.001287800
0.006199500,0.000923200,0.000753200
0.007324200,0.001006600,0.000762200
0.008097100,0.000972000,0.000759700
0.006462400,0.001486900,0.001261100
0.006510600,0.001001800,0.000829500
0.006656800,0.001000800,0.000784100
0.007405000,0.001587800,0.001399700
0.006091600,0.001416800,0.001051500
0.007093600,0.001898200,0.000986600
0.006902300,0.000956900,0.000761100
0.006620400,0.000890600,0.000775100
0.008399700,0.000974600,0.000802400
0.006693100,0.000971700,0.000774800
0.006404800,0.000931000,0.000756900
0.008040500,0.000895300,0.000783200
0.007395600,0.001511500,0.001137200
0.007637500,0.000943400,0.000758100
0.006571800,0.000946500,0.000829800
0.006778100,0.000996500,0.000707100
0.006439800,0.001776600,0.001399600
0.006722700,0.001650600,0.001441200
0.006734000,0.000984800,0.000876400
0.006868000,0.001858200,0.001458400
0.007098600,0.000894000,0.000758600
0.006683500,0.001752100,0.001519200
0.006935400,0.001491700,0.001283100
0.006921000,0.001499200,0.001356900
0.006588900,0.001610900,0.001320900
0.007211200,0.001610300,0.001278800
0.007273500,0.000930100,0.002240900
0.006945100,0.001487900,0.000790500
0.005951700,0.000878000,0.000757800
0.006744600,0.001625100,0.001411500
0.007060900,0.001537600,0.001261800
0.006297500,0.001435200,0.001223000
0.006420200,0.000929500,0.000830200
0.007689600,0.001846800,0.001367600
0.006060700,0.001442300,0.001148000
0.005874500,0.001507600,0.000851800
0.007170500,0.001768100,0.001372500
0.006639000,0.000880200,0.000765800
0.006711400,0.000952500,0.000833600
0.006606900,0.001007600,0.000798800
0.006830200,0.001560800,0.001343800
0.007094500,0.000916100,0.000769900
0.007238400,0.001045600,0.000916700
0.006679000,0.000961800,0.000767000
0.006363100,0.001459400,0.001252200
0.006432100,0.001519400,0.001441900
0.006740800,0.000932000,0.000751200
0.007163400,0.001785400,0.001520700
0.008467900,0.001431700,0.001240400
0.007275100,0.001104800,0.000853300
0.006992600,0.001003000,0.000812800
0.007533900,0.001000400,0.000858200
0.007087800,0.000894400,0.000754400
0.005685600,0.001399300,0.003548400
0.006262400,0.000977400,0.000798800
0.006013000,0.000970200,0.000774000
0.006753200,0.001433700,0.001227100
0.006270400,0.001498700,0.001106300
0.006321700,0.001604700,0.001373800
0.006286100,0.000903200,0.000747700
0.007015300,0.001342100,0.000782900
0.006397300,0.001788500,0.001451700
0.008548400,0.000954700,0.000816300
0.007419400,0.000976700,0.000787700
0.007327400,0.001670700,0.001253400
0.006055800,0.000898400,0.000764000
0.006841000,0.001833900,0.001595900
0.007012600,0.000963000,0.000778100
0.006328400,0.002010300,0.001338300
0.006965200,0.001479700,0.000912600
0.006749900,0.001031100,0.000868300
0.006751700,0.001567000,0.001247500
0.006752500,0.001412000,0.001231800
0.008397300,0.001580800,0.001327000
0.007290800,0.000876000,0.000730600
0.006026300,0.001737600,0.001015800
0.007356200,0.001035500,0.000882300
0.007086700,0.001657900,0.001300700
0.006427300,0.000948000,0.000778700
0.006464200,0.001104100,0.000886800
0.006599100,0.001010600,0.000819500
0.006839700,0.001528600,0.000836000
0.006942900,0.000974800,0.000818400
0.006575100,0.000991400,0.000907500
0.006667100,0.001513000,0.000841300
0.006376100,0.001465100,0.001243000
0.006933300,0.001399300,0.001186000
0.006893300,0.001096300,0.000842900
0.007348700,0.001543000,0.001280000
0.006567500,0.001462800,0.000796100
0.006077400,0.001525100,0.001215200
0.007282500,0.000971400,0.000795600
0.006812200,0.001587700,0.001378600
0.006710600,0.000896900,0.000712000
0.006755500,0.001857900,0.001593900
0.006575100,0.000966000,0.000778600
0.007073800,0.001001000,0.000905100
0.007486800,0.001583400,0.001236000
0.007637100,0.001531500,0.001303000
0.006540900,0.001036600,0.000902400
0.007759800,0.001936500,0.001473300
0.006619900,0.000897200,0.000755500
0.005991700,0.001518500,0.000863700
0.006441900,0.001052900,0.000822600
0.006748300,0.001026100,0.000809800
0.007037500,0.001478500,0.001253700
0.006249900,0.000986600,0.000858700
0.007132200,0.001004600,0.000805200
0.006335600,0.001529100,0.000835300
0.006503400,0.001427300,0.001237500
0.006679000,0.001065400,0.000800000
0.007276500,0.001009400,0.000878600
0.006382400,0.001576300,0.001293400
0.008506200,0.001835000,0.000880700
0.006550600,0.000995300,0.000765400
0.006706600,0.000920000,0.000768100
0.006064100,0.001468100,0.000799200
0.006358800,0.001553500,0.001370500
0.005910900,0.000936000,0.000755200
0.005701900,0.001399500,0.001214700
0.006210600,0.001734500,0.001447100
0.006944600,0.000967800,0.000777100
0.006702900,0.001398400,0.001325100
0.007571500,0.001662900,0.001317200
0.006214000,0.000870900,0.000735000
0.006314100,0.001544100,0.001483000
0.006759400,0.001624200,0.000885000
0.006734100,0.001428300,0.001229400
0.006187100,0.001567700,0.001551400
0.006419000,0.001501900,0.001324600
0.006190400,0.001403500,0.001218100
0.006478000,0.000912300,0.000810400
0.007189000,0.001494500,0.001102700
0.006569000,0.001036500,0.000790800
0.006946400,0.001468100,0.001259100
0.006352600,0.000874000,0.000837200
0.007162500,0.001021800,0.000827800
0.006740200,0.001515000,0.001262000
0.006621500,0.000899000,0.000778000
0.007042200,0.001065800,0.000834000
0.007997700,0.000988100,0.000794700
0.007156000,0.001456500,0.001238900
0.007150400,0.001076800,0.000913600
0.007833000,0.001008500,0.000809000
0.006709300,0.001058100,0.000796300
0.006150400,0.001423100,0.001237700
0.007658700,0.000982600,0.000844900
0.008240400,0.001233300,0.000811900
0.006610600,0.001510200,0.000814700
0.005940800,0.001408400,0.001261400
0.006881700,0.000972800,0.000806400
0.007253100,0.001031600,0.000817000
0.006347700,0.000967200,0.000770900
0.006758600,0.000987100,0.000771900
0.006031000,0.001409500,0.001200400
0.006630800,0.001586000,0.001361900
0.006531400,0.000918700,0.000758800
0.006209800,0.000903400,0.000829400
0.006445000,0.001048300,0.000844600
0.005994000,0.001012200,0.000793800
0.006993000,0.000958100,0.000811300
0.006475100,0.000971100,0.000787100
0.006504600,0.000897000,0.000761500
0.006021200,0.001862100,0.001337900
0.007049400,0.001616500,0.001284300
0.006171200,0.001570000,0.001399500
0.006452100,0.000967500,0.000776900
0.006332100,0.001417100,0.001224200
0.006091600,0.001725800,0.001088100
0.006386600,0.001681900,0.000962800
0.006243700,0.001541100,0.001289500
0.006202700,0.000914800,0.000782700
0.006138000,0.001623200,0.001489300
0.006808800,0.000982100,0.000795000
0.006297400,0.000964900,0.000815800
0.006159800,0.001481900,0.001261600
0.005943600,0.001418400,0.000984000
0.006999600,0.001027000,0.001140400
0.006098800,0.000928500,0.000769200
0.006103100,0.001502900,0.001009600
0.006953100,0.001020000,0.000866900
0.006229700,0.001575800,0.001052800
0.007961400,0.001482600,0.001249400
0.006475100,0.001194100,0.000931400
0.006689300,0.001595100,0.001453000
0.006417700,0.001519000,0.001255600
0.006408200,0.000887600,0.000757000
0.006331900,0.001090200,0.000817700
0.006521500,0.001028900,0.000848700
0.006335400,0.000999700,0.000769700
0.006128400,0.001469800,0.000822000
0.006016600,0.001419900,0.000940100
0.006551300,0.001687800,0.001437400
0.006389100,0.001518600,0.001042500
0.005805300,0.000912900,0.000760300
0.005799700,0.000911200,0.000752600
0.006463000,0.001011600,0.000848600
0.006327200,0.001362600,0.001095400
0.006911800,0.001039600,0.000768800
0.006202400,0.001463100,0.000956100
0.006125800,0.001021100,0.000854600
0.006509400,0.000993900,0.000799800
0.008082200,0.001476800,0.001227100
0.006060900,0.000961100,0.000866500
0.006931800,0.001000700,0.000819100
0.006207500,0.001776700,0.001364400
0.006240500,0.001440600,0.001240700
0.006628800,0.000964400,0.000771500
0.006555300,0.001415600,0.001231400
0.006417000,0.001600400,0.001454400
0.006906000,0.001437800,0.001246600
0.006102100,0.001502400,0.000848700
0.007562100,0.001018200,0.000828300
0.006385000,0.001688300,0.001273500
0.006395300,0.001489600,0.001160600
0.008051400,0.001066100,0.000837700
0.006652900,0.001469500,0.001246700
0.006572500,0.000922300,0.000783700
0.006553900,0.001759200,0.001510500
0.006650600,0.001464500,0.001517100
0.006830000,0.001163900,0.000808100
0.006394800,0.001722200,0.001364700
0.007036000,0.000935400,0.000750400
0.006238500,0.000934200,0.000858300
0.008479100,0.001016000,0.000798100
0.006410800,0.000952500,0.000765800
0.006496800,0.001451900,0.001234600
0.006716300,0.000980100,0.000778200
0.006543000,0.001562700,0.001328800
0.008499600,0.000947500,0.000758200
0.007004600,0.001733400,0.001525900
0.006644600,0.001519900,0.001248900
0.006404200,0.000957400,0.000776700
0.007456200,0.001032100,0.000829100
0.006192500,0.000982300,0.000803800
0.006348800,0.001422300,0.001247700
0.006358400,0.001402700,0.001216800
0.007745200,0.001021500,0.000771000
0.007179700,0.000918000,0.000735600
0.005971400,0.000937900,0.000973000
0.006952700,0.001551500,0.001334300
0.006381200,0.000982400,0.000753600
0.006227200,0.001664400,0.000924900
0.006869700,0.001050900,0.000838200
0.007431100,0.001017500,0.000784400
0.006485200,0.000910000,0.000761100
0.007419900,0.001269400,0.000838100
0.006037600,0.000992500,0.000803000
0.005885400,0.000949700,0.000745900
0.006190800,0.001553400,0.000943400
0.005965200,0.001475200,0.000875300
0.006248700,0.000971100,0.000788300
0.006463400,0.001629700,0.001408300
0.006246100,0.001403500,0.001222100
0.006199700,0.001772100,0.000931400
0.007353600,0.001786700,0.001422900
0.006184400,0.001426900,0.001236600
0.006166700,0.001586300,0.001715200
0.007954900,0.000986800,0.000761700
0.006856400,0.001482600,0.001237100
0.006711700,0.001128400,0.000828500
0.007893300,0.001644500,0.001320500
0.012252700,0.002212800,0.001143100
0.006450200,0.001589600,0.001319900
0.007476400,0.000924000,0.000757000
0.008260200,0.001025500,0.000827700
0.006856200,0.001018200,0.000825100
0.007372100,0.000937700,0.000762500
0.005897500,0.001436300,0.001013600
0.006224200,0.001171100,0.001108100
0.006399500,0.000990100,0.001232900
0.008217200,0.001535900,0.001257100
0.007251600,0.001868200,0.001215500
0.008272800,0.000974900,0.000852600
0.006176700,0.001369800,0.001039500
0.008049900,0.001003400,0.000833400
0.007117700,0.001497100,0.001247200
0.006683200,0.000983300,0.000860400
0.007524900,0.001575400,0.001318300
0.007115200,0.001436200,0.001226200
0.006447200,0.000958200,0.000773800
0.006781700,0.001439200,0.001214400
0.006490400,0.001744500,0.001489700
0.008054900,0.001594200,0.001352300
0.006984300,0.000904400,0.000841500
0.006892200,0.002012100,0.001410600
0.007123100,0.001011800,0.000781900
0.007009000,0.000904100,0.000762600
0.005993900,0.001394200,0.001313000
0.007002000,0.001005600,0.000809100
0.008232900,0.000943200,0.000765200
0.006253800,0.001624400,0.000808000
0.008734300,0.000949700,0.000772700
0.006371900,0.000926100,0.000754000
0.006061000,0.001350200,0.001050700
0.007778500,0.001089300,0.000825500
0.007300400,0.001480400,0.000838200
0.005958000,0.000945300,0.000749700
0.005788300,0.001231200,0.000954000
0.006331500,0.001011000,0.000806400
0.007114400,0.001631500,0.001443000
0.006872200,0.000912000,0.000927900
0.006811700,0.001606900,0.001339300
0.007662800,0.001303300,0.000977000
0.006512400,0.001086600,0.000857700
0.006967900,0.000974400,0.000771000
0.006394000,0.001198900,0.000755400
0.006279500,0.000902500,0.000768100
0.007472300,0.000991100,0.000844400
0.006199300,0.001502200,0.001260100
0.006161700,0.001588700,0.000998800
0.007227200,0.001619900,0.001357700
0.007087400,0.000913200,0.000743900
0.007638500,0.000943900,0.000814200
0.007080300,0.001025400,0.000821000
0.007406800,0.001499100,0.001260600
0.006041500,0.000988300,0.000806800
0.009260200,0.000930600,0.000754700
0.006439200,0.000913000,0.000751700
0.006981500,0.001635700,0.001440000
0.006863300,0.000881400,0.000749200
0.007637300,0.001569400,0.001270400
0.008006400,0.001967000,0.001325500
0.006931500,0.001115400,0.000832100
0.006963300,0.000962200,0.000797600
0.007350500,0.001054200,0.000798300
0.006542200,0.001633100,0.001793400
0.007229800,0.001134500,0.000917400
0.006352700,0.000916500,0.000929000
0.006340000,0.001475900,0.000826300
0.006848200,0.001020400,0.000836700
0.006282100,0.001499300,0.001307300
0.006007000,0.001457500,0.001194800
0.006530300,0.000984000,0.000836800
0.007580300,0.001414400,0.001214700
0.006563200,0.001445300,0.001045600
0.006556500,0.001699800,0.001360700
0.006513600,0.000927500,0.000809600
0.006121000,0.001549100,0.001455100
0.007816400,0.001668600,0.001273400
0.006702000,0.001657900,0.000893700
0.006653000,0.001561600,0.001340000
0.007161300,0.001510400,0.001307500
0.006706300,0.001517500,0.001275700
0.006935900,0.001036900,0.000806000
0.006161300,0.000918300,0.001410600
0.006813200,0.001445200,0.001234900
0.007336700,0.001584400,0.001263900
0.007297800,0.000987700,0.000793700
0.006257100,0.001556000,0.001542700
0.007634700,0.001581500,0.001420600
0.005837700,0.001420000,0.001100300
0.006329200,0.000958200,0.000768700
0.006429200,0.000977800,0.000805800
0.007903400,0.000959100,0.000754700
0.006401300,0.000888500,0.000763100
0.006259800,0.000916000,0.000767300
0.006522000,0.001574700,0.001373700
0.006917700,0.001011600,0.000798200
0.006378400,0.000986700,0.000760300
0.006106400,0.001607100,0.001336200
0.006363700,0.001188400,0.000873300
0.006661300,0.001548800,0.000887800
0.006142400,0.001544300,0.000976100
0.006314500,0.001455500,0.001255200
0.007346500,0.000965600,0.000753400
0.006067000,0.001138900,0.000794800
0.008002500,0.001085000,0.000824200
0.006380500,0.000978800,0.000811100
0.006186200,0.001405600,0.001210200
0.008338000,0.001360600,0.000882500
0.008295600,0.000983500,0.000829700
0.007920300,0.001465800,0.001238400
0.007449100,0.001492200,0.000888800
0.008613000,0.001487900,0.001260900
0.006631900,0.001142300,0.000879800
0.007650000,0.000959500,0.000799800
0.008300600,0.000975300,0.000774700
0.006261700,0.002012700,0.000852800
0.006076800,0.000884300,0.000751500
0.006531000,0.001717300,0.001306000
0.005997800,0.000928800,0.000859600
0.005969700,0.000941400,0.000768400
0.007035900,0.000979900,0.000763800
0.006631300,0.000923500,0.000756300
0.008118900,0.001281200,0.001927300
0.006605900,0.000936600,0.000758900
0.008305000,0.001606100,0.001247200
0.006185000,0.000895600,0.000759100
0.006404800,0.001298200,0.000792300
0.008533900,0.001055400,0.000821200
0.006205900,0.000944200,0.000772800
0.005809200,0.000917300,0.000878500
0.006329000,0.000907700,0.000761600
0.007337400,0.000915300,0.000776200
0.006497100,0.000972200,0.000807300
0.009086600,0.001470000,0.001234400
0.006066100,0.000905700,0.000814200
0.005894900,0.000907100,0.000752300
0.006517200,0.001663500,0.001347600
0.006327100,0.000877700,0.000761700
0.006098600,0.001586300,0.000859900
0.007089700,0.001000000,0.000860300
0.007497700,0.001606600,0.001281100
0.006113300,0.000915200,0.000760100
0.006583900,0.000962500,0.000761400
0.006278100,0.000888500,0.000747400
0.006136000,0.000936400,0.000777500
0.006512100,0.000911500,0.000760200
0.006153300,0.000911000,0.000784100
0.007399300,0.001024000,0.000811300
0.007296700,0.001559900,0.001279800
0.007606700,0.000929300,0.000754800
0.006152400,0.000933500,0.000776500
0.006183100,0.001015000,0.000837100
0.006956600,0.001280000,0.000805900
0.006732900,0.001653700,0.001284100
0.006461600,0.000992600,0.000744700
0.007798500,0.000989000,0.000809900
0.006119800,0.000969100,0.000779700
0.005979800,0.001411100,0.001227100
0.006793800,0.000962200,0.000797200
0.007610000,0.000981000,0.000786000
0.005939600,0.000918300,0.000747900
0.005837500,0.001466100,0.001261000
0.007151200,0.001578800,0.001355000
0.006778500,0.001011700,0.000834400
0.007595000,0.000988900,0.000795000
0.008029900,0.000908800,0.000762500
0.006714400,0.001016600,0.000813200
0.007204300,0.000967900,0.000810500
0.007633300,0.000909200,0.000746400
0.006564800,0.001315300,0.000888800
0.008527700,0.001003100,0.000793100
0.006488000,0.001671200,0.001269100
0.006790000,0.001884100,0.001333300
0.007219100,0.000972400,0.000782700
0.007699800,0.000930500,0.000780800
0.007423500,0.001963500,0.001615600
0.005979300,0.000978300,0.000771200
0.006517500,0.001000200,0.000842300
0.007536900,0.000959100,0.000755600
0.007724500,0.001458700,0.001231100
0.006531200,0.001754000,0.000900300
0.007162900,0.000979700,0.000790100
0.007682100,0.001551800,0.000954700
0.006670600,0.001931200,0.001510200
0.006821000,0.000911900,0.000750700
0.006175400,0.001830600,0.001952500
0.008733400,0.001735300,0.001492400
0.006850400,0.000929900,0.000752600
0.007529100,0.001584500,0.001425800
0.006460200,0.000991600,0.000814700
0.006830400,0.001539300,0.001250000
0.007114800,0.001017700,0.000831800
0.007785700,0.000957100,0.000802200
0.007111800,0.000918700,0.000783000
0.006724000,0.000987600,0.000754100
0.006250400,0.001200800,0.000975800
0.006772300,0.001823600,0.001406500
0.006270100,0.000925700,0.000757800
0.005721900,0.000908900,0.000768800
0.006081800,0.000974700,0.001189000
0.006462900,0.000931500,0.000768200
0.008096400,0.000908600,0.000858000
0.007069100,0.001009700,0.000813600
0.007441000,0.001490400,0.001271100
0.008049200,0.001431800,0.000900300
0.006587900,0.001926800,0.001366000
0.006245200,0.000897900,0.000779000
0.008164800,0.001361000,0.000814300
0.007941400,0.001499100,0.001238700
0.006547600,0.001015500,0.000835700
0.007413200,0.001035100,0.000813700
0.006445100,0.001493600,0.001268200
0.005859500,0.000914100,0.001118000
0.006174100,0.000912500,0.000755800
0.005652100,0.000922000,0.000770300
0.008418500,0.000970100,0.000753700
0.006231300,0.001430600,0.001230500
0.018691300,0.004299900,0.003839300
0.014494600,0.004178200,0.002708400
0.020282800,0.002829900,0.003892900
0.016982000,0.001821700,0.003287300
0.013772200,0.003213300,0.003334400
0.016490600,0.002853200,0.004004200
0.016134200,0.001759600,0.002990300
0.016478600,0.001823400,0.003519800
0.021830000,0.003713800,0.001469200
0.018217400,0.003740700,0.003558700
0.020629800,0.004426700,0.003924700
0.018870800,0.002314400,0.003941200
0.019486700,0.004286400,0.004024100
0.018753100,0.003380800,0.004498700
0.024437400,0.002070000,0.001716100
0.020063400,0.004095100,0.002958200
0.014680400,0.001711600,0.003085800
0.017862900,0.002314700,0.003993200
0.018787700,0.003764600,0.003964700
0.016295400,0.003648300,0.003954500
0.012616100,0.002884800,0.002565200
0.015787100,0.002002100,0.003748200
0.017476400,0.004714900,0.004073500
0.020077300,0.001629300,0.003638200
0.018569400,0.001770900,0.001450900
0.010926800,0.003990400,0.003859600
0.016017400,0.003755900,0.003377300
0.022248500,0.004775000,0.004151700
0.020943800,0.004377300,0.003855300
0.017682200,0.003648000,0.003488300
0.016786300,0.004642300,0.003913700
0.017700900,0.004812100,0.003870900
0.017516100,0.004298700,0.003935900
0.020967900,0.003718900,0.003509500
0.016543300,0.003119500,0.002630400
0.011965900,0.002664300,0.002389900
0.009248600,0.002306500,0.002072700
0.019822000,0.003369500,0.003350900
0.017680100,0.002497700,0.004949200
0.018112600,0.002683200,0.003357900
0.012456600,0.004730000,0.003949000
0.013012800,0.005072000,0.004328100
0.020311000,0.002157500,0.003503500
0.015667500,0.003234500,0.003228600
0.020627800,0.002987700,0.001342700
0.017450100,0.004215500,0.004025200
0.017957100,0.003641900,0.004403100
0.017711100,0.003105100,0.003552300
0.018667000,0.001803900,0.004054600
0.022048800,0.004336600,0.002129700
0.020056500,0.003186700,0.003344600
0.016361300,0.002451200,0.003393600
0.013620700,0.003389100,0.003068200
0.011535300,0.001916700,0.002003200
0.009400100,0.001878400,0.002575600
0.012329500,0.002370100,0.003058400
0.019077400,0.001534000,0.003061000
0.013378800,0.004178400,0.004022700
0.013734300,0.003651000,0.003998900
0.013830600,0.001599900,0.003942600
0.016681600,0.003805300,0.001648300
0.015117600,0.003841700,0.002537200
0.017451600,0.004031100,0.002881400
0.018732500,0.003214600,0.003579300
0.017421200,0.003175900,0.003443000
0.015191000,0.003949800,0.002050400
0.017551700,0.004354500,0.003994400
0.016502100,0.004054600,0.003286200
0.012895400,0.003775300,0.002242200
0.014996300,0.001773800,0.001605400
0.015900600,0.004257400,0.004018700
0.016484400,0.003755500,0.003348300
0.012768300,0.003692400,0.003833300
0.017152900,0.004321900,0.004138300
0.016407000,0.003267100,0.001824200
0.011672000,0.004329000,0.003792600
0.017027900,0.004609700,0.004074900
0.015472600,0.004056800,0.003484000
0.016538500,0.003685200,0.003906700
0.020375500,0.001764000,0.003038900
0.012566000,0.003670200,0.002983600
0.013180000,0.003529600,0.003963800
0.017236500,0.004318500,0.002708300
0.018993200,0.004387100,0.001644600
0.014773900,0.003562500,0.003989800
0.016716700,0.001876700,0.001514600
0.016880600,0.004247000,0.003507500
0.015318100,0.002326800,0.004453500
0.018921300,0.004273100,0.003933300
0.017095500,0.001612900,0.003925100
0.016424000,0.003783400,0.001835500
0.014756800,0.004343000,0.003937300
0.018817200,0.004505600,0.004070300
0.019868300,0.004598600,0.001454700
0.017293500,0.003736000,0.003718300
0.014871600,0.001505500,0.003558000
0.017962000,0.004031100,0.003922700
0.021184900,0.004363800,0.001986600
0.017212500,0.004227300,0.002674500
0.014631700,0.004314600,0.003897100
0.016359500,0.004295500,0.003446400
0.020923800,0.004606600,0.004029200
0.022401000,0.002152100,0.003490500
0.017132800,0.004312600,0.003918400
0.015357700,0.002279600,0.003943400
0.009770100,0.004398000,0.004007900
0.017331100,0.004070200,0.003358500
0.016481600,0.004333700,0.003843200
0.020681300,0.004291700,0.002630100
0.015031200,0.003764200,0.003328200
0.022391500,0.004287900,0.003871000
0.018803800,0.002584300,0.003996800
0.019338800,0.004302600,0.003549500
0.021752600,0.004402900,0.004021400
0.017718000,0.001601500,0.003893800
0.017078300,0.003958700,0.004013000
0.015535800,0.002878600,0.004091700
0.016567900,0.004376300,0.004224700
0.015064800,0.004589100,0.003869700
0.019484800,0.004592800,0.002232100
0.016422600,0.004495500,0.004486800
0.019741000,0.001797400,0.002170700
0.016211200,0.003429300,0.003928500
0.017251900,0.001731800,0.003458300
0.016765200,0.004721300,0.003893200
0.016157900,0.004483200,0.004116100
0.019688900,0.004194400,0.003923600
0.015928300,0.004699300,0.004142100
0.016269800,0.003870600,0.004149700
0.016259500,0.004314300,0.003891500
0.018456100,0.004940400,0.003930900
0.017880000,0.002949900,0.003422900
0.020181700,0.004327000,0.003913300
0.013384300,0.004904600,0.001944700
0.015977800,0.004288100,0.003502700
0.016724600,0.004283800,0.004132600
0.017834300,0.004699600,0.004177700
0.021100000,0.004793900,0.004060400
0.021205500,0.002697500,0.003965000
0.015977900,0.004996300,0.004554300
0.019512800,0.002942200,0.003977900
0.018172400,0.003628000,0.004659100
0.017733500,0.003721900,0.003322900
0.017802600,0.003757200,0.003342400
0.014562800,0.004367700,0.004026900
0.019360800,0.001789900,0.004053000
0.009727700,0.000891500,0.000767600
0.007518300,0.001652800,0.001621300
0.007168300,0.001629500,0.001275000
0.006411500,0.000919500,0.000770400
0.006212400,0.001020700,0.000784700
0.006886300,0.000978800,0.000824500
0.007429100,0.001016200,0.000826800
0.006169300,0.000961300,0.000762600
0.006494000,0.001594300,0.001247500
0.006902200,0.001010100,0.000808700
0.007264300,0.000967100,0.000807200
0.006677400,0.000939500,0.000780800
0.006667200,0.000948200,0.000762300
0.006806700,0.002116400,0.001333100
0.006605500,0.001672700,0.000787700
0.006200500,0.000926300,0.000834800
0.007948900,0.001692300,0.001323500
0.006460200,0.000919900,0.000714600
0.006866700,0.001598900,0.001381800
0.006234100,0.001715300,0.001409100
0.006894600,0.000945700,0.000774800
0.007046800,0.001641300,0.001362000
0.007086100,0.000915000,0.000754400
0.006544400,0.001207800,0.001017800
0.007204400,0.000995800,0.000807400
0.006332500,0.000968900,0.000869500
0.006600700,0.000950800,0.000758200
0.006074700,0.000887300,0.000749200
0.006205000,0.001421300,0.001113800
0.007478800,0.001694600,0.001432600
0.005894200,0.000892300,0.000762700
0.006764700,0.001002600,0.000789100
0.007576300,0.001572900,0.001287700
0.006125000,0.001455400,0.000806200
0.006886000,0.001025500,0.000837800
0.006689400,0.001055500,0.000806600
0.006684300,0.000934900,0.000807000
0.006231200,0.000909800,0.000744200
0.005863300,0.001594900,0.000780000
0.006766400,0.001007100,0.000827900
0.009459600,0.000984300,0.000801200
0.006922500,0.000925300,0.000754100
0.006870800,0.000931800,0.000748700
0.006457400,0.000987300,0.000800700
0.007837700,0.001454100,0.000918500
0.006633200,0.001498100,0.001249800
0.006573900,0.001491600,0.000933500
0.006571300,0.001085800,0.000826200
0.010764400,0.000951600,0.000778300
0.006539600,0.000908800,0.000761700
0.006780700,0.000895800,0.000758600
0.006674800,0.000934600,0.000758900
0.006274800,0.000962700,0.000805600
0.006849700,0.001085700,0.000814900
0.007411200,0.001049400,0.000836300
0.006482400,0.000937500,0.000784400
0.006030100,0.000935000,0.000785300
0.006342100,0.001499200,0.001172600
0.007304600,0.001131900,0.000881700
0.007475700,0.000953100,0.000749800
0.006201000,0.001570500,0.000808600
0.006513200,0.001467300,0.001233200
0.006929300,0.001401800,0.001231100
0.006258900,0.000958300,0.000751100
0.006747200,0.001442100,0.001227700
0.006626700,0.001450900,0.000838500
0.007514500,0.001019700,0.000837800
0.007389700,0.001520400,0.001286800
0.008485700,0.001018700,0.000934200
0.006791800,0.001026100,0.000814700
0.006304900,0.001751300,0.001352600
0.007211100,0.000897700,0.000775400
0.007193400,0.001074500,0.000833300
0.007369100,0.001605000,0.001318000
0.007164400,0.001577200,0.001130600
0.009325100,0.001008200,0.000813600
0.006447300,0.001481800,0.001243200
0.006217000,0.001496200,0.000839500
0.006402700,0.001449500,0.001419000
0.006226300,0.001451900,0.001360600
0.006571800,0.001231900,0.000980100
0.007366600,0.001577100,0.001455900
0.007849600,0.000878000,0.000750900
0.005818500,0.001433900,0.000962600
0.006900200,0.001027000,0.000824500
0.006382500,0.000992600,0.000823300
0.007325500,0.000876700,0.000991000
0.008170600,0.000975600,0.000771600
0.006371000,0.000997300,0.000807600
0.006428000,0.001459900,0.001274400
0.006218900,0.000907900,0.000951700
0.006935700,0.001615200,0.001160700
0.006417800,0.000992700,0.000788100
0.006665100,0.001591800,0.000972400
0.006085500,0.001539900,0.000806200
0.006335000,0.000969300,0.000775400
0.006387400,0.001636300,0.000928400
0.005930300,0.001431400,0.001219900
0.006688900,0.001025100,0.000870300
0.006598300,0.000975000,0.000813600
0.005993700,0.001480700,0.001250600
0.006045600,0.001616000,0.001441100
0.006125600,0.000951300,0.000775900
0.007120100,0.000962900,0.000802100
0.006534600,0.001087300,0.000850400
0.007713100,0.001229500,0.001075100
0.006065100,0.001038500,0.000893800
0.007432900,0.001677700,0.000918400
0.006619100,0.001530700,0.001277600
0.006303000,0.001443900,0.001220500
0.006605300,0.000988500,0.000829500
0.006345600,0.000978500,0.000780000
0.006618500,0.001105200,0.000788400
0.006847100,0.001474300,0.001026900
0.006074800,0.000929400,0.000776800
0.006379000,0.001154400,0.000910100
0.006596500,0.001529300,0.001285400
0.006355000,0.001001800,0.000756500
0.005919700,0.000901400,0.000767800
0.006438700,0.001003400,0.000839500
0.006343000,0.001504200,0.001336600
0.006150700,0.001416700,0.001014100
0.006081900,0.001552400,0.000910900
0.006849800,0.001547800,0.001288600
0.006606900,0.001443100,0.001247500
0.006878700,0.001707400,0.001344700
0.006444900,0.000963900,0.000773300
0.005999100,0.001449800,0.001261700
0.006381200,0.001415100,0.000866500
0.007820600,0.001689800,0.001505800
0.007496800,0.001019100,0.001241100
0.006345900,0.001614500,0.000962600
0.006544000,0.001674100,0.001196900
0.006519500,0.000939500,0.000835300
0.006891400,0.001635400,0.001450200
0.006436500,0.001574700,0.000810700
0.006125000,0.001563300,0.000919800
0.006178500,0.001706800,0.001393600
0.006422400,0.000977200,0.000782900
0.006388900,0.001576500,0.000793500
0.006095700,0.000976600,0.000775400
0.006734400,0.000967000,0.000808600
0.006929100,0.001021600,0.000812200
0.006254800,0.000895600,0.000766700
0.006775900,0.001540500,0.001198100
0.006257200,0.001508700,0.001257700
0.006135300,0.001453700,0.001223800
0.006646600,0.001524100,0.001312000
0.006218800,0.001424500,0.001027000
0.005937000,0.001556400,0.000788000
0.006628300,0.001554800,0.001299700
0.006162000,0.001438200,0.001308900
0.006413800,0.001421000,0.001079300
0.006269500,0.001033500,0.000878500
0.006308600,0.000936600,0.000755900
0.006107700,0.001523900,0.001248300
0.006016500,0.000973800,0.000827100
0.006278400,0.000931500,0.000759100
0.006173700,0.001022100,0.000837400
0.006791400,0.001500800,0.001230900
0.005931700,0.001437100,0.001338900
0.006338100,0.000967000,0.000778900
0.006464800,0.001715500,0.001279700
0.006472800,0.001445600,0.001228400
0.006889900,0.001546100,0.001345500
0.006713400,0.000991800,0.000774200
0.007287200,0.001191900,0.000884000
0.006167500,0.000985500,0.000822300
0.006488800,0.001552200,0.001326100
0.006756000,0.001432900,0.001226500
0.007439600,0.001138600,0.000801300
0.007217800,0.001005500,0.000818000
0.006878300,0.001563900,0.001328100
0.007062000,0.001283300,0.000897200
0.008206500,0.001568600,0.001262200
0.007771000,0.001010300,0.000851500
0.007012200,0.000926900,0.000786800
0.006896000,0.001536900,0.000805700
0.006546600,0.000917500,0.000765100
0.006798700,0.000942400,0.000766900
0.008213300,0.001019500,0.000775600
0.008057800,0.001495700,0.001253400
0.007805900,0.000976700,0.000780900
0.009316000,0.001469700,0.001246100
0.006127700,0.001772200,0.000859800
0.007901100,0.001566000,0.000830800
0.006984000,0.000963800,0.000766400
0.006140300,0.000892600,0.000892100
0.007197500,0.001166700,0.000886400
0.007169900,0.001820400,0.000824700
0.006418400,0.001497400,0.000791300
0.006166500,0.000907500,0.000746100
0.006942100,0.001146400,0.000875900
0.007408600,0.001596700,0.001329300
0.007873400,0.001057900,0.000834300
0.007289000,0.001521500,0.001272000
0.006730500,0.001502400,0.001257900
0.006327900,0.001092600,0.000908800
0.006570300,0.000978300,0.000892000
0.006992700,0.001043300,0.000738900
0.006596400,0.001574300,0.001255600
0.006272300,0.001170200,0.000844500
0.006967100,0.001476200,0.001143700
0.006246600,0.000934200,0.000742000
0.006228200,0.001559700,0.000806500
0.006384300,0.001464600,0.001617500
0.006508400,0.001554200,0.001262900
0.006314300,0.001429200,0.001255100
0.006414600,0.001983400,0.000883800
0.006759900,0.001730000,0.000997000
0.006365900,0.001559300,0.001357400
0.007435800,0.000989000,0.000842400
0.006719200,0.001003900,0.000818700
0.006560300,0.000973400,0.000788700
0.005730100,0.000938600,0.000765300
0.005777800,0.000939200,0.000760300
0.006107600,0.001533200,0.001339000
0.006650100,0.001804300,0.001131500
0.006364000,0.000955800,0.000797700
0.006444400,0.001497900,0.000794300
0.005902800,0.001048200,0.000852500
0.008098800,0.001006000,0.000809300
0.006690900,0.000933000,0.000761400
0.005901500,0.000955100,0.000786200
0.005947200,0.000996200,0.000904200
0.006325500,0.001820500,0.001561900
0.007879400,0.001426100,0.001226000
0.006944700,0.001574600,0.001358200
0.006222500,0.001475200,0.001267800
0.006275300,0.000980600,0.000800400
0.007327600,0.001008600,0.000900400
0.006335000,0.001473300,0.001221600
0.008428000,0.000927600,0.000831500
0.006282700,0.001406200,0.001219400
0.006831100,0.001612600,0.001010300
0.006595000,0.000980400,0.000902500
0.006198300,0.001479200,0.001235000
0.006400800,0.000943200,0.000775600
0.006141900,0.001430500,0.001239400
0.006263400,0.001071400,0.000831400
0.007176300,0.001726000,0.000867600
0.006853200,0.001740600,0.001405700
0.006148600,0.001479500,0.001832800
0.007653300,0.001034900,0.000831000
0.009939200,0.001472400,0.001249900
0.006660200,0.001956500,0.001322200
0.006737800,0.001023100,0.000763700
0.006623600,0.001450500,0.001238500
0.006178600,0.000997000,0.000786000
0.006422400,0.000986800,0.000788300
0.007134900,0.001587000,0.001282800
0.007104100,0.001622100,0.001383300
0.007927600,0.000971900,0.000865400
0.007736500,0.001566400,0.001242600
0.007548100,0.001010200,0.000797100
0.008073900,0.000997800,0.000790800
0.006413000,0.000936100,0.000753500
0.006681700,0.000943900,0.000800700
0.006495000,0.001006000,0.000785700
0.007316200,0.001813500,0.001326900
0.007177500,0.001837700,0.001249400
0.006490600,0.002138200,0.001385300
0.006337000,0.000966800,0.000761400
0.006487100,0.000953900,0.000758800
0.006296300,0.001077500,0.000893000
0.007010900,0.000991900,0.000817900
0.006703900,0.000951000,0.000737800
0.006635200,0.000923100,0.000762300
0.007025100,0.000897900,0.000770200
0.011141300,0.001650600,0.000917000
0.008954200,0.001516900,0.001336900
0.007896000,0.001083800,0.000806100
0.007333000,0.001132000,0.000816700
0.007327700,0.001010900,0.000793500
0.005987600,0.000964900,0.000791600
0.006055600,0.001427700,0.001203100
0.006355000,0.001497700,0.001239800
0.006563200,0.000950500,0.000773000
0.006608300,0.000907600,0.000904100
0.006739600,0.001676000,0.001237900
0.006606300,0.000954100,0.000773400
0.007082500,0.000898400,0.000777100
0.006931500,0.001029500,0.000791900
0.006051600,0.001484700,0.001247400
0.006773300,0.001531700,0.001101000
0.006634600,0.001447500,0.001237100
0.006327200,0.000924500,0.000741000
0.007697500,0.001058700,0.001228300
0.006283300,0.001441700,0.001238200
0.006798800,0.000929100,0.000756100
0.006918500,0.000959000,0.001077700
0.006379500,0.000903800,0.000754100
0.006418300,0.000931700,0.000759900
0.006740900,0.002214800,0.001153000
0.006160600,0.000893800,0.000757600
0.007275300,0.001007400,0.000871000
0.007273900,0.000952400,0.000764800
0.006448400,0.000912200,0.000754000
0.006749500,0.000915800,0.000757400
0.008718700,0.000928900,0.000778900
0.008209300,0.001791300,0.001220900
0.007457800,0.000899500,0.000759300
0.008098800,0.000872600,0.000722300
0.006649900,0.000919700,0.000764400
0.006658900,0.000933400,0.000755800
0.009098400,0.001860400,0.001209900
0.007999600,0.000912800,0.000864200
0.006516900,0.000932200,0.000757600
0.007535800,0.000885000,0.000712800
0.006154400,0.000915100,0.000751500
0.006723300,0.001688900,0.000838500
0.006973900,0.000936700,0.000763500
0.007274300,0.000856500,0.000736600
0.007406300,0.000896500,0.000775700
0.007143600,0.001567500,0.000766000
0.007294000,0.001530600,0.001259800
0.007144000,0.000893400,0.000749200
0.006577700,0.001026500,0.000778900
0.007414500,0.000901100,0.000753800
0.007630500,0.000933500,0.000763600
0.008438200,0.001003600,0.000963500
0.007320100,0.000917200,0.000767900
0.006305600,0.000914200,0.000753000
0.006746600,0.000922500,0.000762400
0.006172800,0.001394100,0.001206600
0.006826700,0.001714200,0.001217100
0.006485600,0.000898100,0.000734300
0.006391600,0.000918800,0.000763900
0.009361700,0.001020800,0.000800000
0.007176700,0.000908000,0.000777100
0.007231300,0.000911800,0.000773800
0.006602900,0.000938200,0.000779700
0.006501800,0.000934600,0.000751000
0.006284700,0.000908600,0.000752900
0.007851200,0.000931900,0.000771200
0.006296600,0.000970300,0.000777400
0.006387000,0.000936500,0.000755600
0.007248300,0.000931900,0.000756600
0.006941300,0.000927500,0.000824800
0.007373100,0.001724600,0.001294300
0.006926000,0.001474200,0.001280600
0.006776900,0.000992500,0.000818600
0.006286400,0.001100400,0.001187100
0.007082500,0.001241700,0.000838400
0.006070900,0.001415500,0.001232300
0.006074000,0.001357900,0.001061500
0.006806800,0.001457700,0.001246100
0.005775200,0.000926400,0.000840700
0.005838700,0.001408900,0.001582900
0.006919100,0.000979900,0.001039600
0.006483200,0.001293800,0.000816600
0.005896300,0.000906300,0.000748600
0.005890400,0.001433400,0.001100700
0.005874800,0.000937600,0.001188900
0.007640300,0.001501600,0.001253500
0.006191100,0.000904200,0.000754200
0.005642700,0.000991000,0.000888900
0.006462600,0.001010500,0.000932800
0.006377300,0.001473700,0.000815100
0.006194600,0.000954200,0.000752600
0.006210400,0.001507100,0.000868200
0.006989200,0.001803500,0.000861900
0.006559000,0.001443400,0.001157800
0.006152800,0.001464500,0.000803400
0.007991400,0.001066600,0.000792700
0.006920400,0.001514700,0.001274400
0.006091600,0.001452200,0.001223100
0.006220200,0.001665000,0.001291500
0.006556500,0.000948700,0.000768500
0.006402900,0.001499500,0.001245300
0.006241500,0.001446400,0.001243700
0.006546100,0.001367700,0.000860600
0.006674600,0.001597700,0.001341300
0.006135400,0.001410000,0.000852100
0.006230300,0.001394600,0.001217800
0.006767800,0.001492200,0.001260200
0.006681000,0.000911700,0.000761300
0.008351900,0.000914800,0.000955600
0.006590800,0.000949400,0.000754200
0.006220100,0.001576800,0.000795300
0.006023500,0.001402600,0.001212700
0.006095900,0.001437300,0.001303300
0.007144200,0.001023800,0.000771200
0.006199100,0.000873400,0.000763900
0.007043200,0.000973500,0.000794600
0.007203500,0.001536900,0.000785900
0.006442000,0.000936100,0.000766300
0.006632700,0.001552900,0.000866300
0.006389500,0.000999500,0.000734200
0.008192600,0.000995000,0.000824800
0.006986700,0.000925700,0.000785600
0.007071500,0.000916700,0.000776200
0.007788500,0.001011000,0.000825500
0.006514100,0.000903000,0.000772000
0.006895300,0.000906300,0.000727600
0.006027300,0.000887300,0.000764600
0.007645600,0.001515900,0.000760100
0.007280400,0.000894600,0.000757800
0.006430000,0.000921000,0.000761500
0.007270800,0.000935500,0.000758900
0.007434400,0.000920600,0.000759600
0.007402300,0.000889800,0.000733800
0.008983100,0.001545600,0.000828200
0.006683000,0.000968800,0.000864000
0.007797900,0.000976700,0.000754000
0.006689400,0.000945000,0.000761200
0.006112800,0.001427200,0.001228400
0.006583800,0.001726800,0.000844200
0.007359400,0.000942200,0.000775000
0.006872400,0.001603700,0.001230300
0.007758500,0.001226800,0.000964400
0.007150200,0.001137700,0.000811200
0.006021800,0.001558500,0.000820900
0.007649700,0.001142000,0.001390900
0.011252400,0.001557500,0.001349700
0.009549800,0.001519100,0.001453400
0.006347900,0.001269800,0.001096200
0.006919700,0.001123300,0.001887700
0.007398900,0.001499900,0.001244100
0.006039200,0.000950800,0.000784000
0.005978400,0.001747800,0.001165700
0.007459700,0.000959400,0.000776100
0.006433600,0.001574000,0.001330500
0.006519000,0.001467100,0.001040400
0.007142400,0.001506700,0.001297100
0.006068500,0.001647500,0.000851200
0.005805100,0.001716800,0.001685300
0.006642000,0.001524100,0.000934600
0.006013600,0.001430900,0.001225000
0.006104900,0.001428300,0.001226000
0.006250200,0.001571700,0.000902100
0.006329300,0.000940100,0.000781300
0.006323800,0.001521800,0.001212400
0.005787300,0.000916100,0.000758800
0.005864300,0.001035700,0.000756900
0.006265500,0.000943400,0.000758400
0.005861500,0.001564900,0.000962500
0.005936200,0.001459500,0.000809800
0.005708600,0.000928800,0.000751600
0.005852900,0.001415700,0.001238300
0.006397400,0.000931400,0.000775400
0.006826900,0.001476300,0.001669100
0.006127300,0.000941800,0.000774400
0.006520600,0.001515200,0.001214300
0.006168900,0.001530800,0.001305800
0.006032700,0.001438900,0.000875700
0.006407200,0.001481600,0.001057000
0.006530000,0.001613200,0.000825400
0.006997800,0.001421500,0.001239300
0.007017300,0.001475000,0.000797700
0.005881100,0.001414500,0.001224500
0.006120500,0.000934500,0.001090600
0.006624100,0.001629700,0.001272100
0.005727900,0.001426600,0.001212900
0.006552500,0.001481600,0.001338100
0.006795100,0.001389700,0.001201500
0.005922500,0.001106800,0.001001700
0.006478600,0.001034600,0.000920800
0.007214100,0.000984200,0.000797700
0.006626300,0.000977800,0.000857200
0.007038700,0.001527200,0.000935700
0.006108000,0.001301900,0.000809000
0.006029600,0.000916900,0.000759100
0.006330000,0.001752300,0.000819100
0.005871500,0.000905700,0.000772800
0.007337000,0.000928200,0.000754900
0.006584000,0.000968800,0.000781000
0.006418200,0.000918000,0.000773800
0.006660700,0.001741200,0.001234600
0.006905300,0.000954300,0.000775000
0.007503800,0.000929100,0.000748000
0.006381600,0.000893600,0.000757300
0.006670200,0.000926300,0.000743500
0.007067400,0.001194700,0.001513500
0.007323100,0.000963200,0.000788500
0.006260600,0.000930900,0.000751400
0.006377700,0.000930000,0.000766600
0.008393800,0.000942200,0.000726700
0.006386200,0.001429100,0.001222500
0.006079900,0.001010200,0.000826000
0.006905900,0.000993900,0.000799000
0.007944300,0.001483400,0.000819800
0.006518200,0.001653100,0.000872400
0.005708500,0.000973300,0.001021200
0.007313600,0.000958700,0.000769000
0.007337000,0.001433200,0.001257700
0.006258900,0.000970600,0.000824000
0.006570500,0.001550800,0.000814600
0.006700400,0.001417800,0.001260100
0.007260300,0.000891100,0.000745900
0.006251600,0.001180400,0.000768100
0.007230900,0.000958500,0.000757500
0.006749100,0.000925300,0.000757100
0.006180400,0.000917000,0.000756800
0.008648500,0.000870200,0.000743400
0.006601000,0.000917000,0.000773700
0.007883500,0.001714100,0.001214900
0.006516000,0.000872000,0.000750000
0.008310300,0.000921300,0.000752900
0.007765900,0.000941700,0.000811300
0.007001500,0.000954200,0.000840600
0.006650500,0.000911800,0.000765400
0.006542400,0.000930000,0.000748100
0.006698500,0.000899300,0.000763000
0.007627600,0.000923500,0.000768300
0.007495600,0.001994100,0.004112900
0.016486200,0.003821300,0.003378800
0.018786000,0.003496500,0.003339000
0.019107000,0.004428300,0.004034900
0.016670400,0.003293700,0.003138300
0.020623600,0.001561800,0.003884700
0.022574500,0.003966500,0.001969300
0.021234300,0.004291000,0.003845900
0.021988900,0.004817500,0.004118000
0.016214500,0.004295400,0.003900800
0.020548400,0.003714700,0.003859300
0.015351500,0.002540000,0.003813100
0.016672700,0.002845600,0.003568900
0.015224700,0.003745500,0.001383600
0.022905400,0.003823000,0.003327600
0.020353300,0.001587800,0.003930600
0.019607600,0.004338100,0.003877800
0.021615700,0.004471400,0.004541100
0.019165800,0.004335000,0.002461100
0.016568300,0.001528800,0.003182300
0.019753000,0.003350500,0.002155600
0.021779100,0.001778500,0.003936000
0.021847400,0.004516600,0.003924500
0.020822300,0.003853700,0.003423000
0.022026200,0.003871100,0.003480400
0.015257700,0.002207700,0.001951700
0.015468900,0.004118700,0.003840900
0.018846900,0.003691200,0.003466600
0.018035300,0.002321600,0.003888100
0.017384800,0.003847500,0.001322600
0.016015600,0.001718000,0.002205800
0.021365900,0.004371900,0.003910200
0.021779000,0.004213300,0.003914400
0.019534800,0.002281000,0.004047300
0.021400300,0.004327300,0.003954700
0.022828300,0.004218200,0.004052500
0.019527500,0.004417000,0.004102800
0.018985600,0.004341300,0.003852100
0.022105800,0.003603100,0.001303200
0.017439100,0.004465600,0.004062400
0.019622100,0.004227400,0.003938100
0.021707400,0.003738200,0.003872100
0.017701900,0.004897500,0.004185700
0.022518900,0.004279200,0.003885500
0.016831100,0.003570300,0.003492300
0.022555100,0.004218100,0.004073200
0.021449900,0.004221400,0.003954100
0.021565800,0.003599700,0.002470500
0.024436900,0.004284800,0.003821900
0.024483700,0.004248200,0.004163200
0.018441800,0.001514500,0.003363700
0.020703100,0.002340000,0.003798700
0.021295500,0.004225900,0.003883100
0.019567400,0.002751800,0.003843000
0.020227800,0.003645800,0.003833800
0.021856800,0.004236000,0.002922200
0.019662700,0.001452100,0.002369700
0.019492500,0.003502400,0.003702600
0.018431600,0.004373600,0.004162100
0.021110800,0.002140000,0.003909900
0.017217800,0.003659900,0.003521400
0.020898700,0.003749800,0.003355000
0.015823100,0.003432200,0.002845000
0.022431400,0.004262300,0.004292900
0.015096600,0.004252200,0.003806800
0.019927400,0.004294400,0.003969300
0.017384400,0.001651500,0.001814600
0.017243300,0.005209400,0.003210500
0.019955000,0.001736200,0.003684600
0.015911200,0.003605800,0.003938500
0.018830200,0.002450500,0.003783700
0.018593400,0.004406900,0.003975900
0.018547200,0.004644900,0.004093900
0.014955100,0.002869800,0.001509600
0.014539800,0.004911800,0.003740400
0.015891500,0.003388400,0.002229700
0.017361800,0.003835600,0.003485600
0.017360900,0.002751600,0.004120700
0.025428800,0.003972800,0.003338700
0.021006800,0.001787900,0.004001100
0.022627000,0.004742800,0.003786100
0.020019900,0.004231200,0.004183500
0.022014400,0.004891800,0.003910400
0.020751400,0.004010900,0.003855600
0.021872900,0.004397700,0.002937300
0.017851200,0.004898000,0.004451400
0.018640400,0.004281100,0.003917800
0.021527200,0.004681000,0.003922900
0.022606200,0.005205800,0.004310600
0.022785000,0.004704900,0.004285100
0.020904800,0.003729800,0.003859300
0.013293100,0.002496600,0.003908000
0.022936700,0.004960200,0.004188500
0.023114700,0.004635600,0.004213200
0.022760700,0.003425100,0.003901400
0.022072800,0.004349100,0.003912800
0.019699300,0.004327800,0.003953300
0.021949700,0.004206700,0.003872400
0.021724900,0.001509900,0.003178200
0.021373100,0.002555000,0.003832100
0.022378400,0.002104600,0.003301900
0.024034900,0.004252700,0.003846700
0.022065500,0.001541600,0.002930600
0.022174600,0.003549100,0.001436000
0.023923200,0.004074000,0.003333000
0.018737100,0.003724500,0.001766800
0.021384900,0.004221000,0.003847200
0.022277000,0.004273200,0.003886300
0.020334200,0.003575100,0.001438000
0.021802400,0.004223700,0.003807300
0.020938600,0.004575300,0.003990500
0.020174200,0.004235700,0.003732400
0.022422100,0.004642300,0.004068600
0.022979200,0.005039100,0.004297700
0.022112800,0.004262900,0.004095100
0.020127500,0.004259700,0.003871600
0.017854800,0.004559000,0.003976900
0.021279700,0.003624400,0.003917900
0.020966900,0.004418900,0.004006000
0.018441200,0.003474200,0.003382000
0.019542800,0.003711300,0.003512700
0.019462900,0.003178200,0.003287200
0.021060300,0.004358000,0.003949300
0.011484400,0.002612900,0.001876600
0.022780200,0.004334800,0.004116600
0.018568500,0.004518000,0.004393500
0.022148300,0.004640800,0.004219400
0.021813600,0.003976900,0.002718100
0.022097900,0.003662100,0.003358200
0.022165800,0.004182900,0.004480000
0.019345400,0.004232300,0.003855500
0.022375300,0.004744500,0.003702600
0.017289200,0.004115300,0.003743700
0.017863100,0.003795000,0.003324500
0.021669000,0.005096400,0.001367500
0.022265000,0.003696700,0.003359900
0.022918000,0.004460000,0.003469100
0.022681800,0.004910700,0.004078900
0.020344900,0.003672100,0.003470200
0.021560500,0.004314700,0.004125800
0.020005400,0.003627100,0.003314800
0.022039000,0.004296600,0.003853000
0.017808700,0.002143600,0.002061800
0.017710400,0.003794100,0.003811700
0.019828700,0.004275800,0.003850600
0.023510900,0.004190100,0.003949300
0.023419300,0.004258900,0.003912100
0.021902900,0.004349100,0.003851900
0.016539000,0.003436300,0.003694200
0.019712500,0.003599700,0.003582800
0.022199100,0.004235800,0.004390900
0.021374600,0.004232200,0.003929300
0.022838600,0.004235500,0.003903200
0.019082100,0.002078500,0.003210100
0.020454400,0.004027600,0.003446200
0.022072700,0.004323700,0.003957400
0.019492100,0.004317300,0.003910800
0.023550300,0.004252700,0.004050700
0.022316400,0.004438400,0.004084800
0.013093600,0.001870800,0.002989600
0.020554300,0.004209900,0.001336200
0.021342600,0.003654300,0.003369700
0.016591600,0.003371100,0.001435900
0.018978000,0.005060600,0.004039400
0.018912100,0.001539100,0.004228000
0.010290300,0.001473900,0.002071200
0.017136900,0.003972700,0.003433400
0.017725400,0.004297500,0.003751600
0.014831400,0.002117300,0.003968800
0.022744900,0.004013800,0.003601400
0.016393400,0.003423000,0.003563500
0.018741600,0.003771400,0.003498900
0.013570800,0.003697200,0.003961000
0.016650000,0.001731800,0.003670300
0.016255400,0.001644000,0.003080100
0.021401700,0.004092600,0.003509900
0.021868400,0.002288600,0.003863400
0.019279700,0.002924100,0.001638000
0.020414100,0.004653600,0.004255400
0.020829300,0.003827200,0.003954800
0.020649900,0.003994300,0.003390800
0.014804500,0.003536300,0.002565900
0.015589000,0.004273400,0.003691200
0.012107900,0.003478600,0.003821900
0.009268600,0.001763500,0.002831400
0.013232000,0.001545600,0.001294500
0.017644200,0.003917000,0.003440800
0.010906900,0.004086000,0.003384600
0.020854200,0.003566600,0.003943600
0.016925300,0.003963700,0.003317200
0.014814500,0.002694900,0.003515700
0.020169000,0.003845300,0.003481600
0.011169400,0.001775200,0.002079500
0.008966500,0.004269500,0.003535600
0.019296500,0.002665600,0.003544900
0.012556900,0.003959400,0.003821900
0.017852700,0.004151300,0.003890200
0.013681800,0.002360300,0.002160300
0.020177400,0.003795600,0.003334700
0.021628300,0.004277700,0.003706800
0.020946400,0.002190700,0.003612900
0.019962000,0.001938400,0.004644300
0.018639200,0.004930100,0.003673200
0.017547300,0.001633100,0.001351900
0.022884600,0.004753000,0.004243400
0.017992900,0.005131100,0.003938700
0.020457000,0.002316200,0.004171700
0.019037600,0.002917300,0.003850700
0.019405500,0.003673300,0.003366700
0.017342800,0.004294700,0.003770000
0.019418800,0.003103300,0.003482400
0.022408700,0.005113200,0.004677300
0.019406400,0.002063700,0.003677300
0.021984900,0.003716600,0.003534300
0.021630700,0.004397400,0.003635500
0.022112100,0.004037600,0.003594200
0.021404500,0.003578600,0.003851900
0.016355000,0.003815100,0.003719100
0.017931100,0.002126300,0.004465700
0.021415400,0.004122000,0.003447400
0.018102400,0.004898200,0.003703100
0.021911300,0.004080100,0.003440800
0.022183500,0.003736900,0.003829900
0.021658700,0.003759000,0.003499600
0.020324300,0.004116400,0.003835800
0.022538600,0.004172300,0.003526100
0.019519100,0.004135500,0.003481500
0.018237400,0.002552400,0.004096400
0.020353000,0.002474900,0.003908000
0.014152000,0.004731700,0.004178900
0.022066800,0.004103500,0.003703400
0.022300900,0.004385500,0.004083700
0.019991300,0.004334100,0.003839300
0.022265900,0.004293200,0.003688500
0.023147900,0.004609600,0.003568700
0.021665100,0.004112300,0.003458300
0.021805400,0.004573600,0.003914500
0.020961900,0.004290400,0.003738500
0.016232800,0.003685500,0.003461100
0.016938400,0.004124500,0.004174600
0.019937800,0.003688900,0.003436400
0.021671200,0.003721200,0.003252500
0.020134900,0.001996300,0.004289900
0.021076400,0.004405400,0.003344400
0.020949700,0.003768500,0.002626700
0.014540500,0.003074500,0.002613900
0.020136600,0.004332800,0.003882600
0.021982700,0.003605800,0.003347300
0.021837800,0.004179500,0.003802800
0.022215800,0.004219000,0.003956900
0.024037000,0.004263500,0.003854800
0.023837700,0.004188700,0.003791500
0.020154800,0.004303100,0.003864600
0.022039800,0.004277900,0.004246800
0.020931400,0.001500000,0.002894600
0.024046300,0.004471300,0.004182800
0.021743400,0.002330900,0.003820500
0.022525300,0.001456100,0.003858500
0.023277600,0.004505100,0.003855100
0.021488500,0.004192300,0.003982100
0.018617300,0.002202200,0.004099900
0.020141800,0.004156700,0.003965100
0.022012500,0.004380400,0.004032700
0.021296900,0.004104900,0.003465200
0.023090900,0.003704900,0.003491800
0.019497100,0.001850600,0.003032200
0.020295000,0.004037400,0.003452400
0.023248200,0.002361600,0.001333300
0.022033200,0.004457700,0.004516800
0.022046900,0.004236900,0.004185900
0.016253600,0.004419500,0.003635900
0.013808900,0.004018000,0.003395400
0.020231400,0.004415700,0.003959000
0.020590000,0.004106500,0.004022400
0.023285000,0.003883500,0.003692300
0.021419400,0.003691400,0.003395300
0.022020900,0.004162500,0.003678200
0.015899500,0.001708300,0.003796700
0.017088900,0.002900900,0.004049800
0.019340500,0.004230400,0.002847400
0.014066100,0.001567300,0.002694600
0.013886000,0.001553800,0.003218700
0.017681600,0.003582000,0.003599800
0.014303400,0.005068700,0.003456900
0.015525400,0.002997800,0.001940800
0.016244200,0.003714500,0.003924300
0.013992100,0.001744400,0.003640600
0.021927100,0.003798500,0.003376400
0.023232700,0.004870600,0.004004600
0.015658400,0.001768400,0.004400700
0.019707800,0.005291300,0.004589900
0.022413500,0.004940500,0.004314500
0.018043500,0.003579000,0.003961000
0.022046900,0.004421000,0.004242600
0.024643600,0.001861300,0.004015500
0.024045000,0.003683200,0.004018500
0.018042000,0.001983900,0.003555800
0.022315200,0.004258300,0.004021400
0.017782800,0.004817400,0.003653300
0.022311800,0.004273400,0.004133000
0.016547300,0.004379700,0.003965000
0.021241000,0.004288100,0.004313500
0.018670300,0.004045700,0.003943900
0.023100700,0.004234500,0.004054200
0.022733100,0.004263100,0.003998400
0.019198800,0.004252800,0.003858900
0.023571300,0.004300500,0.003902200
0.020582600,0.003650200,0.003333400
0.019287800,0.004317400,0.003845100
0.021838700,0.004273200,0.004138400
0.022708500,0.004304800,0.003844800
0.020725500,0.004325800,0.003945300
0.015115200,0.004217000,0.003860400
0.020323800,0.004231700,0.003889800
0.021792200,0.004266600,0.004450400
0.022019900,0.004256400,0.003997800
0.016891100,0.004192900,0.004312700
0.016681600,0.002809600,0.003318800
0.024178700,0.004391000,0.003948600
0.024118800,0.004556000,0.004145400
0.019472900,0.004168100,0.004368200
0.021251900,0.004195800,0.003827000
0.021952900,0.003631100,0.003289800
0.022305700,0.004448000,0.003943000
0.018775600,0.004456000,0.003900700
0.019173800,0.004542800,0.003873400
0.022868000,0.004352600,0.003849200
0.022033100,0.004235200,0.003840500
0.017894300,0.001693100,0.001374900
0.020873100,0.004428500,0.003736000
0.016034900,0.001863100,0.004696300
0.022650500,0.004783000,0.003988900
0.022647400,0.004208600,0.003774400
0.017991500,0.001799600,0.003986900
0.015803600,0.004294000,0.004084200
0.020180200,0.001781800,0.001503100
0.020047200,0.004283000,0.003865800
0.023144800,0.004217500,0.003842700
0.021126600,0.004169100,0.003887100
0.020943100,0.004407000,0.003941300
0.019635000,0.003059900,0.003344300
0.024057400,0.004431500,0.003901700
0.023581400,0.003787700,0.003370000
0.020415800,0.003774600,0.003869800
0.021876900,0.003986000,0.004158200
0.021728600,0.004281900,0.003861100
0.021490600,0.004044100,0.004079900
0.020573700,0.002250800,0.003850100
0.020092100,0.003692100,0.003573100
0.015005500,0.004536500,0.004137000
0.015333700,0.003535600,0.003747900
0.017424600,0.004115200,0.003225500
0.015160500,0.002007300,0.001578800
0.016199300,0.003830700,0.003298700
0.021897300,0.004129100,0.003690700
0.018765100,0.004419000,0.003568500
0.021545600,0.004304500,0.003531300
0.021237300,0.002256200,0.003838600
0.021099500,0.004257900,0.003943100
0.022706200,0.004214100,0.003869500
0.022557900,0.004392500,0.003980100
0.019616700,0.003640800,0.003247300
0.022197900,0.003635900,0.003887300
0.014908600,0.003780400,0.002924000
0.022178900,0.004240800,0.003889500
0.021114800,0.003966400,0.003878500
0.017622600,0.004244300,0.003854400
0.017292400,0.004143600,0.003480200
0.022464300,0.004296700,0.003915800
0.017575800,0.004412900,0.003876500
0.023991500,0.004318600,0.003850600
0.021961200,0.004220300,0.003824800
0.022543700,0.004667800,0.003921000
0.023319200,0.004200700,0.004103200
0.023843700,0.004176800,0.003847500
0.017094500,0.004206100,0.003434300
0.023678800,0.004276000,0.004269800
0.022921200,0.004272500,0.002048600
0.022560800,0.003647700,0.003389700
0.020832000,0.004210700,0.003947400
0.021226200,0.004280200,0.003894000
0.022051800,0.002365600,0.002326200
0.021854400,0.003628200,0.003321300
0.022262600,0.004276600,0.003939500
0.019839800,0.002727000,0.003523400
0.019845300,0.004178400,0.004201900
0.020371300,0.004516500,0.003907000
0.023437000,0.004264700,0.003760300
0.024087700,0.004331100,0.003902300
0.022913900,0.004207500,0.003944200
0.019322400,0.004218100,0.003922800
0.018727100,0.004226300,0.003895900
0.022528000,0.004540700,0.004184600
0.022180400,0.003640300,0.003304900
0.018508300,0.004380600,0.003880200
0.018591500,0.004493800,0.004124800
0.023142200,0.004272600,0.003926800
0.018294800,0.001574200,0.003531600
0.021084700,0.004224800,0.003938600
0.022769700,0.004301600,0.003843900
0.022489800,0.004286200,0.003848100
0.022245700,0.004227800,0.003866700
0.021124200,0.003616500,0.003317200
0.016136100,0.003341900,0.002707500
0.014559800,0.002119500,0.001902300
0.014778700,0.002260000,0.001972500
0.013022200,0.004488000,0.004301900
0.022066900,0.004182200,0.004391300
0.022394300,0.004423700,0.003861900
0.021385600,0.004238800,0.004046200
0.020924900,0.004250200,0.003925300
0.022397700,0.004312300,0.003919600
0.024348500,0.004217200,0.004236900
0.020745200,0.004513600,0.004093000
0.021787200,0.004715400,0.003954500
0.019218500,0.003766800,0.003221300
0.018494400,0.004244800,0.003874200
0.024525700,0.003889300,0.002692400
0.021573900,0.004176600,0.003823600
0.022750200,0.004276300,0.003942300
0.022751400,0.004299800,0.003822800
0.022323400,0.004210400,0.004166500
0.022540000,0.004251900,0.003879000
0.022805800,0.004217600,0.004112800
0.021717400,0.004410500,0.004094000
0.013011100,0.001826100,0.003811400
0.021958200,0.003724300,0.003413200
0.015140500,0.003754800,0.003593900
0.022669800,0.001658700,0.003858600
0.026400700,0.004190800,0.004370600
0.021587900,0.004225900,0.003846700
0.016556000,0.003774500,0.003519200
0.021824700,0.004516200,0.004106200
0.021480400,0.001668600,0.003837800
0.023185500,0.004584600,0.004003600
0.022114100,0.004331700,0.003915900
0.019482100,0.003583800,0.003322100
0.022628000,0.003245100,0.001714500
0.016671800,0.004483400,0.004245300
0.019715600,0.004279000,0.003876900
0.023564000,0.003833600,0.003349000
0.023317900,0.004323200,0.003525300
0.021952800,0.003788600,0.003546000
0.022838400,0.004230100,0.003828700
0.023345500,0.001610300,0.002523500
0.022442600,0.004446000,0.003960600
0.015766300,0.004136300,0.003659300
0.017608700,0.002915100,0.001595300
0.018240800,0.001500700,0.003057400
0.018609700,0.003054900,0.004071600
0.021575400,0.004311400,0.004138200
0.021065000,0.004268300,0.003870300
0.023064400,0.004445000,0.003881300
0.023489700,0.004370900,0.003870300
0.022298900,0.002756900,0.003844800
0.020167200,0.004374900,0.003855700
0.021604000,0.001559000,0.003639600
0.015541400,0.004254900,0.003866400
0.021659200,0.004230800,0.003824000
0.022394300,0.003646900,0.003383000
0.021777900,0.004474600,0.003916800
0.024536900,0.004959100,0.003955100
0.023355700,0.004293800,0.003903300
0.017701600,0.003517300,0.001329300
0.018074300,0.003343400,0.003954700
0.016255100,0.004267600,0.004149900
0.018848700,0.004745000,0.003732900
0.021893300,0.004386100,0.004512300
0.020886900,0.002026600,0.001308300
0.019700900,0.003830400,0.003482900
0.013705300,0.001609100,0.003866000
0.016597700,0.002539300,0.003580000
0.015055900,0.003926200,0.003415300
0.015136900,0.003823900,0.003452800
0.020125000,0.004142200,0.003531700
0.015115000,0.004670300,0.004950100
0.019935200,0.004544000,0.003425000
0.016335400,0.002764800,0.001282800
0.018689700,0.001528300,0.003276400
0.012323000,0.002275300,0.001904600
0.014477200,0.002903700,0.004166200
0.015945200,0.004305000,0.003932600
0.013750200,0.003394100,0.003942300
0.013978600,0.003686200,0.003918000
0.016415100,0.003017200,0.004151600
0.012060700,0.001484100,0.003814100
0.011951300,0.003840000,0.003040500
0.015370900,0.001604900,0.003719700
0.018012600,0.003041200,0.004023400
0.017800200,0.004443200,0.002356400
0.014537900,0.004277300,0.003924400
0.013364700,0.003290600,0.001987500
0.014631300,0.003890600,0.004186000
0.013866300,0.004402300,0.001515700
0.014012100,0.004180600,0.004037400
0.014442500,0.004006100,0.003802900
0.018315000,0.004356400,0.005119000
0.022048100,0.004567700,0.004094900
0.021355100,0.004250100,0.003890800
0.021337500,0.004429200,0.003999400
0.025319500,0.004212700,0.003933700
0.022058700,0.004416100,0.003951700
0.021456600,0.003568400,0.003299500
0.014319500,0.004496100,0.003966900
0.022225300,0.003861600,0.003338200
0.020918400,0.004793400,0.001333900
0.020303500,0.001938900,0.003920000
0.020897600,0.002606900,0.003970000
0.023493800,0.004488900,0.004241000
0.021880200,0.001424300,0.003876200
0.021909800,0.003604200,0.003499100
0.019243700,0.004391700,0.003915700
0.019633200,0.004339500,0.003710900
0.016148300,0.003678000,0.003318900
0.022566100,0.004516400,0.004013300
0.023342800,0.004269900,0.003798800
0.021624300,0.004260700,0.003512400
0.023951200,0.002508300,0.003792100
0.022690100,0.004197800,0.004123800
0.022116900,0.004802100,0.004022000
0.022168000,0.004370500,0.003919400
0.015428000,0.002260800,0.002237600
0.016580100,0.004253600,0.004156500
0.015555700,0.004196000,0.004074700
0.013239400,0.004214600,0.003894700
0.016130700,0.004527500,0.001749400
0.020175300,0.002411400,0.001720500
0.015946600,0.002044200,0.003258800
0.011640500,0.004494300,0.003142300
0.015939900,0.003375300,0.004123200
0.020337700,0.004874300,0.004307700
0.016219300,0.003747900,0.004055500
0.018701700,0.001592400,0.002486200
0.016279400,0.004348200,0.004327900
0.021208500,0.004505500,0.003821400
0.023030100,0.004181500,0.004110400
0.011805800,0.001927700,0.003122200
0.017539700,0.003009800,0.004850400
0.013053400,0.002083400,0.002871700
0.012173100,0.003704500,0.003554700
0.010930200,0.003696500,0.003071300
0.016091600,0.001994000,0.003895000
0.017242300,0.003575500,0.004059000
0.019902700,0.004586200,0.003554900
0.014298700,0.003625400,0.003500100
0.016936100,0.004597300,0.004014400
0.023079000,0.004507600,0.004306300
0.020661700,0.003782600,0.003345500
0.025038100,0.004298400,0.004320000
0.022703000,0.004603400,0.003949300
0.022483700,0.004333700,0.004051800
0.025004500,0.004196300,0.004063500
0.020855300,0.003686000,0.003359500
0.016725900,0.003179400,0.002703000
0.017304200,0.003167100,0.003951900
0.017740700,0.003611100,0.003341400
0.020056400,0.003763400,0.001347900
0.022122000,0.004441900,0.004344700
0.019007000,0.004354000,0.003569400
0.020983800,0.004205500,0.003839500
0.020887100,0.004431500,0.003924200
0.019273600,0.004161300,0.003767300
0.022012500,0.004263400,0.004195000
0.016454400,0.004379800,0.003903800
0.020859600,0.003605300,0.003290900
0.022451100,0.004446600,0.003824700
0.019599800,0.003718200,0.003496600
0.023106600,0.004231400,0.003841200
0.021024600,0.004483900,0.003843600
0.020687900,0.003805200,0.002586800
0.014278300,0.004246800,0.002874000
0.015925200,0.001562400,0.002361500
0.012794100,0.001978800,0.001673900
0.015678800,0.001809900,0.002868400
0.015697800,0.002392200,0.004235800
0.016665800,0.002292500,0.003390000
0.013572400,0.001521900,0.002169100
0.011870100,0.001636300,0.002370300
0.015527400,0.001934400,0.002030100
0.014654200,0.003393900,0.003570700
0.015368300,0.002064800,0.003712700
0.016022200,0.002338900,0.004355200
0.015818400,0.002300600,0.003427900
0.014510300,0.001769600,0.003324800
0.011063200,0.001745400,0.003137900
0.018756400,0.004129800,0.001445700
0.017112400,0.001522300,0.003113000
0.018747000,0.003883900,0.003519000
0.018786200,0.003510700,0.003270100
0.014864200,0.003682300,0.003669100
0.013804400,0.002787900,0.003678000
0.018320100,0.004182200,0.003762600
0.022694900,0.004902800,0.003562400
0.018346000,0.004459600,0.004051000
0.022213800,0.003794700,0.003412500
0.019941400,0.001660500,0.003269900
0.017974600,0.003378100,0.003715700
0.021074400,0.003997000,0.003446100
0.017822000,0.004215600,0.003965700
0.020707800,0.003622900,0.003331400
0.022594700,0.004279700,0.004047300
0.020780100,0.003586700,0.003355200
0.015399400,0.004082200,0.003313200
0.022359900,0.004296200,0.003834100
0.022601400,0.004203500,0.003890800
0.020042300,0.004287000,0.004300400
0.024691900,0.004451200,0.004187200
0.022673900,0.004249800,0.003921200
0.021484400,0.004278600,0.003918900
0.023235200,0.004434300,0.003925100
0.024764700,0.004526600,0.003931300
0.020818000,0.004414900,0.003923600
0.020659500,0.003890500,0.003501400
0.022987400,0.004330200,0.004118100
0.020764100,0.004328300,0.004566100
0.022499300,0.004452800,0.004006600
0.023102800,0.003985400,0.003827800
0.022838100,0.004476000,0.003921500
0.022886100,0.003853600,0.003337600
0.013066900,0.002469000,0.002042200
0.012766300,0.001738900,0.002146500
0.017752600,0.002733900,0.002412400
0.020661700,0.004127100,0.003328900
0.022691100,0.004309700,0.003932600
0.022306000,0.003667200,0.003386900
0.013211000,0.004256200,0.003787000
0.016509300,0.003120200,0.003835300
0.013111100,0.004202100,0.002448900
0.018025500,0.001493200,0.003312600
0.013934700,0.004853500,0.001636200
0.024952900,0.004387400,0.003991400
0.020106700,0.003781200,0.003326300
0.019321300,0.004223100,0.003898700
0.023868700,0.004678200,0.003919700
0.024609400,0.004532400,0.005007500
0.021812000,0.004203700,0.003862300
0.022020300,0.003761400,0.003358600
0.023246300,0.003347900,0.001896800
0.021805700,0.004270700,0.003819000
0.023152600,0.003605800,0.003323600
0.020164300,0.004439800,0.001563600
0.022312400,0.004064700,0.003641800
0.021651500,0.004355000,0.003844000
0.021982000,0.004201200,0.004075300
0.016465900,0.004284300,0.003849300
0.020907700,0.004219400,0.003880500
0.012988900,0.004194500,0.003429500
0.021961700,0.004207300,0.003961800
0.019858900,0.003519500,0.002495300
0.028813300,0.004452900,0.004216300
0.012822100,0.003922200,0.002907400
0.017170500,0.004500300,0.004303700
0.022993000,0.004569900,0.004704800
0.020913400,0.003678300,0.003751300
0.021238000,0.003683200,0.003524100
0.021988400,0.004612600,0.003914400
0.017129100,0.004699600,0.004235900
0.023830400,0.004197700,0.004746600
0.021954900,0.004480200,0.004019000
0.020106300,0.003810100,0.003840700
0.022325000,0.004418500,0.003791000
0.024484600,0.004381100,0.004156300
0.014977500,0.003393800,0.004362200
0.020680700,0.004307800,0.003852000
0.019141500,0.003760700,0.002728100
0.021834200,0.004784500,0.004013900
0.022177100,0.004231800,0.003846700
0.022274300,0.004208700,0.003882300
0.023583900,0.004393100,0.004076800
0.022518500,0.004391000,0.003936800
0.021605500,0.004241900,0.003973500
0.023063400,0.004261100,0.004410500
0.021832400,0.004208200,0.004116900
0.017734200,0.004219500,0.003959100
0.019704300,0.004246300,0.003886000
0.021442500,0.001489000,0.001740100
0.019735700,0.003892500,0.003330200
0.021449400,0.004209700,0.003815600
0.022793900,0.001565300,0.003593000
0.021804100,0.004222800,0.003436800
0.022425800,0.004353800,0.003914800
0.020753300,0.004326500,0.004016900
0.022499100,0.004298000,0.003865300
0.023222600,0.004242700,0.003926900
0.020665100,0.004582800,0.004083600
0.021216900,0.004389900,0.003877700
0.020959800,0.004257800,0.003643000
0.020412100,0.004248700,0.003870200
0.021217300,0.001646400,0.003321900
0.022733200,0.004394400,0.003896600
0.022012200,0.004216400,0.004487500
0.022392200,0.004174700,0.003972000
0.019241500,0.004256200,0.003882100
0.022678000,0.004212500,0.003828000
0.020363500,0.003769200,0.003361100
0.022772700,0.004380100,0.003930700
0.019536400,0.003231300,0.001286900
0.024659100,0.004740700,0.004517100
0.020561200,0.004632800,0.004091600
0.023600600,0.004332600,0.003765100
0.021121200,0.004140800,0.004110600
0.022239900,0.004255400,0.003894600
0.021966200,0.004227900,0.003848600
0.021823900,0.004666700,0.003998100
0.019918400,0.003876900,0.003661100
0.017384100,0.002289600,0.003962500
0.017700400,0.001717800,0.003121700
0.013304900,0.003279900,0.003796400
0.015635200,0.003852200,0.003871600
0.014453700,0.004560800,0.003553600
0.018030900,0.003787000,0.003444000
0.016585700,0.001512300,0.002411500
0.015808300,0.002261600,0.004216700
0.019938300,0.001520200,0.003195600
0.016708300,0.002922600,0.001305000
0.020126500,0.004632400,0.004346600
0.021819800,0.004684500,0.004227900
0.022393100,0.004637900,0.003858500
0.023699500,0.004226100,0.003854600
0.022556200,0.004497200,0.003957000
0.020368500,0.004249400,0.003953300
0.021220900,0.001550500,0.003493400
0.022167900,0.004231800,0.003976000
0.020390000,0.004285000,0.003836900
0.022158000,0.004229700,0.003790600
0.023703200,0.004362600,0.004170600
0.021814900,0.003776800,0.003383400
0.017578600,0.004335800,0.003863500
0.021945500,0.001714700,0.004185800
0.021392700,0.004222400,0.003890800
0.021803400,0.004424200,0.004051600
0.022224600,0.002370500,0.001397700
0.021617600,0.004095600,0.003645600
0.019338900,0.001657600,0.003358400
0.017584800,0.003642500,0.004132400
0.020561900,0.004235800,0.004426400
0.022468400,0.005676800,0.004222000
0.020899500,0.004308200,0.003888100
0.020470500,0.001992100,0.003407900
0.024200500,0.002779300,0.002207500
0.024072600,0.005053500,0.003990200
0.022427000,0.004238800,0.003903300
0.022269800,0.004242800,0.003918400
0.019674800,0.003171700,0.003501300
0.020463400,0.003826700,0.003500200
0.014024800,0.003966100,0.003517100
0.015134100,0.001722500,0.001406000
0.024135500,0.004837000,0.004372400
0.022834800,0.003897900,0.003500500
0.017890900,0.003316900,0.003587100
0.023049400,0.004244000,0.003919600
0.024335600,0.004231800,0.004021500
0.018872300,0.001881000,0.003463600
0.022434000,0.004642300,0.003992300
0.021393800,0.004738400,0.001864600
0.025156100,0.004287400,0.003951200
0.019907400,0.003725800,0.003294400
0.021680500,0.007101000,0.004060800
0.022931400,0.004215300,0.003049000
0.022166900,0.004369600,0.004126600
0.021574600,0.001898200,0.003826700
0.023478100,0.003598000,0.003459100
0.020459500,0.004274500,0.004135000
0.022091500,0.004248200,0.003854000
0.024606100,0.004214100,0.004098500
0.022734400,0.004318000,0.003992800
0.020685200,0.003526100,0.004140000
0.016152000,0.003703400,0.003385500
0.010663200,0.001760500,0.002931100
0.015298200,0.004166700,0.003841500
0.021129100,0.004218100,0.003893900
0.022048200,0.004483100,0.003900300
0.021975700,0.002564100,0.003893600
0.022436700,0.004117700,0.003364500
0.019091600,0.004106000,0.003837200
0.021698700,0.004253200,0.003888600
0.023701200,0.003555500,0.002179600
0.022587000,0.004333300,0.003877100
0.022069500,0.004256100,0.003834000
0.020155300,0.004228400,0.003891000
0.024094900,0.004223200,0.003826300
0.021367000,0.004274800,0.003857200
0.019434300,0.004390600,0.001361800
0.018906900,0.004194300,0.002886000
0.022000200,0.003899300,0.003375000
0.022378000,0.004501800,0.003960000
0.019994400,0.004190100,0.003530300
0.022199400,0.004241700,0.004064400
0.015622200,0.001897400,0.002127800
0.022463800,0.003839900,0.003812900
0.020567400,0.004227100,0.003948000
0.021805500,0.002245400,0.004061900
0.015625300,0.004068800,0.003885700
0.014123500,0.003526800,0.003750400
0.020508800,0.002103200,0.001342900
0.017877200,0.001859700,0.003917800
0.020159100,0.001950300,0.003795600
0.016132200,0.003774800,0.003891000
0.019559600,0.004208200,0.003924700
0.023546800,0.004215100,0.003862900
0.023303300,0.003811400,0.003287500
0.022723000,0.003719800,0.003325200
0.018766700,0.002950300,0.003782200
0.021558100,0.001619700,0.002640600
0.024698200,0.004188100,0.003332600
0.019108400,0.004287400,0.004120400
0.022176900,0.003668300,0.003339900
0.018174000,0.004315200,0.003942200
0.022796200,0.004391600,0.003902600
0.021526300,0.004211500,0.003914600
0.022940900,0.003686600,0.003339700
0.022195800,0.004342200,0.003865700
0.022629300,0.004696100,0.003786200
0.017512200,0.004370400,0.003854600
0.012844700,0.003906600,0.003066200
0.013957000,0.001798300,0.003314700
0.013143400,0.001590500,0.002879700
0.015146200,0.003717700,0.003115000
0.014480500,0.003955800,0.003240400
0.017633000,0.001566800,0.004055600
0.013555700,0.004754400,0.004005400
0.019617800,0.004030100,0.003395500
0.020666700,0.004369600,0.003801700
0.020763900,0.001644900,0.004161700
0.022943600,0.003667700,0.003346500
0.016483600,0.004552800,0.004816000
0.013536900,0.001566900,0.002990100
0.014278400,0.003166900,0.003344500
0.015949600,0.001810300,0.001740300
0.013593600,0.003401600,0.002672200
0.012417600,0.002102800,0.001702500
0.017883000,0.005104600,0.004430100
0.020945700,0.001681500,0.001443300
0.021186200,0.001707500,0.003919300
0.026122500,0.004707000,0.003868400
0.016623200,0.004711900,0.003571200
0.022681600,0.004612400,0.003514200
0.013377000,0.003760700,0.003831700
0.019762400,0.003159500,0.003284600
0.024770000,0.004499500,0.003512900
0.021315900,0.003895700,0.003703100
0.020653800,0.004425500,0.004225600
0.023762300,0.004135900,0.003736700
0.018670800,0.004744200,0.004264100
0.020278500,0.004619900,0.004131400
0.015425200,0.001490900,0.004001100
0.021469700,0.004215000,0.003465100
0.020368100,0.001552600,0.003746600
0.019794300,0.004635800,0.004244700
0.020557300,0.003978400,0.003484800
0.015705600,0.002667500,0.003579100
0.017332100,0.003694400,0.003325200
0.021152400,0.003767000,0.003474900
0.016776000,0.003603600,0.004192200
0.021143400,0.004038900,0.003606200
0.022841700,0.004362500,0.004298200
0.022886400,0.004033500,0.003757800
0.018605200,0.001607200,0.003258800
0.021318900,0.004172600,0.003512600
0.021642100,0.002020700,0.003913900
0.020176400,0.004082600,0.004370500
0.018920700,0.004126400,0.003264900
0.020897700,0.004115000,0.003431300
0.022741000,0.004482300,0.003997400
0.024012700,0.003907200,0.003395200
0.022241200,0.005001400,0.004799100
0.021723200,0.004482800,0.004803100
0.021685200,0.004582100,0.004212200
0.021612800,0.004145700,0.003538600
0.022386600,0.005369200,0.004362100
0.023681900,0.005087900,0.004554000
0.021281600,0.004201600,0.003798100
0.022816900,0.004350100,0.003832400
0.020280100,0.004206900,0.003833900
0.013756300,0.004217200,0.004081600
0.020895700,0.004261600,0.003959300
0.020082800,0.004268800,0.003918800
0.021936500,0.003999400,0.003306000
0.022755500,0.004246000,0.003981200
0.024083200,0.004583700,0.003902100
0.022073400,0.004287700,0.003909800
0.018452800,0.004339100,0.003985800
0.022789800,0.004147600,0.003794000
0.021831000,0.003747400,0.003816100
0.023995500,0.004227500,0.003834000
0.016062200,0.002647300,0.003863300
0.023279100,0.004211800,0.003967400
0.021949100,0.004219900,0.004100800
0.020183900,0.004260400,0.004255300
0.023138600,0.001733600,0.002282600
0.021878900,0.003652100,0.003371400
0.022357600,0.004241500,0.004102400
0.021691600,0.004511400,0.004031700
0.018621100,0.004232500,0.004039300
0.024926600,0.004233500,0.003918400
0.021678100,0.004174900,0.003814300
0.023273700,0.004204500,0.003871500
0.023834500,0.004149300,0.003835300
0.022117400,0.001886900,0.004484400
0.020399200,0.004465800,0.004117700
0.024432300,0.004310400,0.003870600
0.021617000,0.004228000,0.004442500
0.020313900,0.004015400,0.003865200
0.021652500,0.004440800,0.003839800
0.020866500,0.004435200,0.003849400
0.016838800,0.003598900,0.003334500
0.025228700,0.004639600,0.003946500
0.021385400,0.003744600,0.003643700
0.024496600,0.003814600,0.003324000
0.022073600,0.003123700,0.001385900
0.023784100,0.004219200,0.003895100
0.023193700,0.004223400,0.003905400
0.020539100,0.004261500,0.004032600
0.021506400,0.003772600,0.004114100
0.022765000,0.004285300,0.003519900
0.021481300,0.004049900,0.003357400
0.023412300,0.002331700,0.001516000
0.021171000,0.004225100,0.004369800
0.021930000,0.004232200,0.003881400
0.022190800,0.003468300,0.003855300
0.020072900,0.004025200,0.003297900
0.023148700,0.004381600,0.003905400
0.021352800,0.004182700,0.003957200
0.020900000,0.002674100,0.003839200
0.020889700,0.004284900,0.004091300
0.021584500,0.003720500,0.003290800
0.022508800,0.004515200,0.003971300
0.021606100,0.001862900,0.003884000
0.022554700,0.004268500,0.004367900
0.024620100,0.004689700,0.004053700
0.022829800,0.003602900,0.003268900
0.023924900,0.004190500,0.003872100
0.024582100,0.003465700,0.001306800
0.021748500,0.004656800,0.004259700
0.022169900,0.002891500,0.004055200
0.018577100,0.003848800,0.003353500
0.016693900,0.002927700,0.002516700
0.012723900,0.002145500,0.003613800
0.017075300,0.003707200,0.003401300
0.021025700,0.004507000,0.004068700
0.023370600,0.004051900,0.003413000
0.020041700,0.003800900,0.003356500
0.022544000,0.004291200,0.003932900
0.020635000,0.002582200,0.001933200
0.021492500,0.003606700,0.003346400
0.024832000,0.004262000,0.003920400
0.021223600,0.003786300,0.003437800
0.022817600,0.004373000,0.003858800
0.020536300,0.002260200,0.003926400
0.023692800,0.004243400,0.004044800
0.019407800,0.004194100,0.003849200
0.023379400,0.004341800,0.003896300
0.025178200,0.004422000,0.003332400
0.020688800,0.004349100,0.004336300
0.023402700,0.004322100,0.003871500
0.021827700,0.003123700,0.001295600
0.016010200,0.003004500,0.002704400
0.022938100,0.004400100,0.003544300
0.024328300,0.004272900,0.003824600
0.024519000,0.004267300,0.003878100
0.022277200,0.004287600,0.003882300
0.021609200,0.004223500,0.004303200
0.024466600,0.004599000,0.003941600
0.016078000,0.004277300,0.003899300
0.022037100,0.004460100,0.003830600
0.021570200,0.001653000,0.003597200
0.022197400,0.004251300,0.003832500
0.022648000,0.002319500,0.004104900
0.023516400,0.004441300,0.003900900
0.021899800,0.004221500,0.003539000
0.022770400,0.004269100,0.003403400
0.022042100,0.003838000,0.003284900
0.020590800,0.004260000,0.003903800
0.022543700,0.004242900,0.004013900
0.021319400,0.004257800,0.003958200
0.019749800,0.004289300,0.004103000
0.018094600,0.004351200,0.003925500
0.022490600,0.004280400,0.003877800
0.020559700,0.004193500,0.004147300
0.021860500,0.004184700,0.003927900
0.022062600,0.004281500,0.003963500
0.017119800,0.003556600,0.003360600
0.015972100,0.003174700,0.002602000
0.014079700,0.004176600,0.003821200
0.023967000,0.004285000,0.003608300
0.020417700,0.003664400,0.003324000
0.014810800,0.002399700,0.002350600
0.013463300,0.004645600,0.003859000
0.018708100,0.001719600,0.002309900
0.020032500,0.004540300,0.003938000
0.021125800,0.003606500,0.003298100
0.022745500,0.004228800,0.003960900
0.019683400,0.003770600,0.003275500
0.022298700,0.002889500,0.004624600
0.021134900,0.004335200,0.003814200
0.020046700,0.004069000,0.003581200
0.020865300,0.002475800,0.003389200
0.016966000,0.003019300,0.002593400
0.023804600,0.004348000,0.003876300
0.021928000,0.004278000,0.004205500
0.026570800,0.004476800,0.003889200
0.024656800,0.004174400,0.004097500
0.020046500,0.004193000,0.004455800
0.018025900,0.004285800,0.003875000
0.022378900,0.004203400,0.003869200
0.022954200,0.004663100,0.001480000
0.022302400,0.004331800,0.003919700
0.026600300,0.004149400,0.003794500
0.024656800,0.004303500,0.003870400
0.022438600,0.003608800,0.003510900
0.020754700,0.001472700,0.003778100
0.022428400,0.004260800,0.003821100
0.022042700,0.004649800,0.004001700
0.020668000,0.003927300,0.003528500
0.022907200,0.004184300,0.003893800
0.022367200,0.004504800,0.003963700
0.023944000,0.003581500,0.003445900
0.020842300,0.004406100,0.003912900
0.024703200,0.004292100,0.003898300
0.024583100,0.004517400,0.003683100
0.014930000,0.001499200,0.002683000
0.016019300,0.004301900,0.003277700
0.022858800,0.004272200,0.003844000
0.020141700,0.004258100,0.003682000
0.022426300,0.004652700,0.003992500
0.023991300,0.004267300,0.003864300
0.022451800,0.004432700,0.003986900
0.022752100,0.003957400,0.003441300
0.021598000,0.003635000,0.003521100
0.021421800,0.004407900,0.004048600
0.020947200,0.003650100,0.003320600
0.019890600,0.001620700,0.004066400
0.019452500,0.003474500,0.004211900
0.022467600,0.002310100,0.001950800
0.014408500,0.002653700,0.002313800
0.009859700,0.002139200,0.001918500
0.023565300,0.004166300,0.003859900
0.019992600,0.003421400,0.003871300
0.018776800,0.004268100,0.003953600
0.023821400,0.004272600,0.003873700
0.021993200,0.004240700,0.004310500
0.022484600,0.003855600,0.003456300
0.019500900,0.004345900,0.003898800
0.022083700,0.004570300,0.003900900
0.020780900,0.004417000,0.003897000
0.022792500,0.004226300,0.003883900
0.021678800,0.004181100,0.004278000
0.024008600,0.004276600,0.004044000
0.021924400,0.004002200,0.003300600
0.019507500,0.004053000,0.003587600
0.022388600,0.003699700,0.003444600
0.022286500,0.004307300,0.003928200
0.020708400,0.004303800,0.004264500
0.017034600,0.003487900,0.003006500
0.020797300,0.004562500,0.003918800
0.021412800,0.003712700,0.003392900
0.022633800,0.004343000,0.003438100
0.019874600,0.004405200,0.004269300
0.021738700,0.004359200,0.003903200
0.020355000,0.004166400,0.004302700
0.018237800,0.004422800,0.003871100
0.022427800,0.004256000,0.001362600
0.021199800,0.004345600,0.003822800
0.014606100,0.004305800,0.003795100
0.015809100,0.003771100,0.003330400
0.022646600,0.004281200,0.003869700
0.022960400,0.003787300,0.003311600
0.021843600,0.004230500,0.003778500
0.020512700,0.004333000,0.003947100
0.019920200,0.004207200,0.002241600
0.021927600,0.004354900,0.003896700
0.022897400,0.004215800,0.003945300
0.021973300,0.004311900,0.003881100
0.024670700,0.004405100,0.003965200
0.023548600,0.004331800,0.003918200
0.021177200,0.003268000,0.003910100
0.019912900,0.004213200,0.004036000
0.022074500,0.004540300,0.003917500
0.018703900,0.004197800,0.003440900
0.019757200,0.004202000,0.003900500
0.022272700,0.003572300,0.004061300
0.022183500,0.002621100,0.002704400
0.017294400,0.004172500,0.003361800
0.018008700,0.003626200,0.003359000
0.023118700,0.003175900,0.003851400
0.023386200,0.004535500,0.004235400
0.023485700,0.003625900,0.003506400
0.022543200,0.004230400,0.004039200
0.022575800,0.004331400,0.003922600
0.021836900,0.004266100,0.004117900
0.020973300,0.004248000,0.003859400
0.022738700,0.004280800,0.002873600
0.022645000,0.004515500,0.004255100
0.018187900,0.004292600,0.003867400
0.020897200,0.002461400,0.003356400
0.022251900,0.003887800,0.003502800
0.017386300,0.003785400,0.003336200
0.020644800,0.004553600,0.004572800
0.020429700,0.004242600,0.004268000
0.022603400,0.004342800,0.003959600
0.023433300,0.004181700,0.003815400
0.021592800,0.004234200,0.003844400
0.023723100,0.003641800,0.003330700
0.019008500,0.003942500,0.003306900
0.023349400,0.004415600,0.003896600
0.021234900,0.004303700,0.003838900
0.020355900,0.002303000,0.001736300
0.012393600,0.001873000,0.003773800
0.013504100,0.001770500,0.001600400
0.017118100,0.001689000,0.002368400
0.010491400,0.003849700,0.003941500
0.013478800,0.004469600,0.003979800
0.013072900,0.004164600,0.003366900
0.020063500,0.004457600,0.004030500
0.018934100,0.001517400,0.003084000
0.018636800,0.003851600,0.003557500
0.015994600,0.001853400,0.002857000
0.013173700,0.001487800,0.003363500
0.010242900,0.004224100,0.004459500
0.016541400,0.002741200,0.003149500
0.016738900,0.004305100,0.002627700
0.016061400,0.001884400,0.001750900
0.021592000,0.003634200,0.003321200
0.016804600,0.002294400,0.003581100
0.021248000,0.004645900,0.004571100
0.016132700,0.002927200,0.002145800
0.015403700,0.001703200,0.002492200
0.015529300,0.001572300,0.001632600
0.018065600,0.003112600,0.003466000
0.015520200,0.003811300,0.003570600
0.012690400,0.002871000,0.002562300
0.018517200,0.004714900,0.003473400
0.015674100,0.003646900,0.001684600
0.016403000,0.004081700,0.004006400
0.015191400,0.003013600,0.002191900
0.020432400,0.003633100,0.003640000
0.021649300,0.003603900,0.003842900
0.023041800,0.002593500,0.001314100
0.022455700,0.004284400,0.003948300
0.020623900,0.003725200,0.003379500
0.022339400,0.004213200,0.004286800
0.023180500,0.004217800,0.004092400
0.021644400,0.003689500,0.003297200
0.011956400,0.002177400,0.003704100
0.015210100,0.004364200,0.002901800
0.013703500,0.001510300,0.001514200
0.019369300,0.004275300,0.003940200
0.022271900,0.004711100,0.003910900
0.014544100,0.002682300,0.001417300
0.019977100,0.002085100,0.004062200
0.021676500,0.004254700,0.003912700
0.018891800,0.002340100,0.001385100
0.018412000,0.004456500,0.003689900
0.016249600,0.001498000,0.003534700
0.015400800,0.004305900,0.003891100
0.018258100,0.001723100,0.001515700
0.021692200,0.004027600,0.003977500
0.023713200,0.003029400,0.003799600
0.020662500,0.004193000,0.003342900
0.021050400,0.004327200,0.003930500
0.018400400,0.004655900,0.004225500
0.022880200,0.004450300,0.003958300
0.021905300,0.004480700,0.003849500
0.018453100,0.004373900,0.003528400
0.015882100,0.004095500,0.003237200
0.016029500,0.003589700,0.003485100
0.014961000,0.003105700,0.003393000
0.018623800,0.004473400,0.003054500
0.015191000,0.002724500,0.003479600
0.013451100,0.004149200,0.003808500
0.015311300,0.003540000,0.001418600
0.020877500,0.004421700,0.004114200
0.019143600,0.004038000,0.003827900
0.017201000,0.001646800,0.003445500
0.016792000,0.001722000,0.001415800
0.011941800,0.003723400,0.002528300
0.011958800,0.002939400,0.002666100
0.020462400,0.004226100,0.003822800
0.018694900,0.004759900,0.004043500
0.024219700,0.004267800,0.003999000
0.021458700,0.003644200,0.003306300
0.016681600,0.001511600,0.003327700
0.018674500,0.003648800,0.003326400
0.021556300,0.003835800,0.004155200
0.021774400,0.004196900,0.004014400
0.020234900,0.004265200,0.003861200
0.017843700,0.004283500,0.003939600
0.022488200,0.001699700,0.003450000
0.022351500,0.004260900,0.003870400
0.020356600,0.003851800,0.003493900
0.016880100,0.004087600,0.003148300
0.016837800,0.004232800,0.004362400
0.022516200,0.004459800,0.004006300
0.017781800,0.002894300,0.003361600
0.021050200,0.003639100,0.003516200
0.021055000,0.004549200,0.003936200
0.018625600,0.004206900,0.003950000
0.016641300,0.002561600,0.003519600
0.020814300,0.004111500,0.002832300
0.015016900,0.004184700,0.004214700
0.017619900,0.004209900,0.003374600
0.018440900,0.002227400,0.003312700
0.021722000,0.004197100,0.003928100
0.012037400,0.003603600,0.003280500
0.018677400,0.004541700,0.004408000
0.017339200,0.002440700,0.003404900
0.017104800,0.003596100,0.003259600
0.017543600,0.003570200,0.003882800
0.016674800,0.004447700,0.003989200
0.014817100,0.004083800,0.003698300
0.016064100,0.002613600,0.003461500
0.012918400,0.003547000,0.003338500
0.015559400,0.004382600,0.004357700
0.017137900,0.004543600,0.004010700
0.020654700,0.004961800,0.003497600
0.021107500,0.004877400,0.004105000
0.019667600,0.001664700,0.003073200
0.017268400,0.001639000,0.003709600
0.014500200,0.001973200,0.003308500
0.013135700,0.001630300,0.003086400
0.015067400,0.001504900,0.003981800
0.016486300,0.002307200,0.003986300
0.012234000,0.002743200,0.003253000
0.020648900,0.001509500,0.003953300
0.017539000,0.001573800,0.002904200
0.017149500,0.001821800,0.003918400
0.013926600,0.004074400,0.001961600
0.017476400,0.004303600,0.004483700
0.023113900,0.004631700,0.003920800
0.021158400,0.004214100,0.003769400
0.022076600,0.004251300,0.003936700
0.017583500,0.004147200,0.003946600
0.019610800,0.004326100,0.004351800
0.018792200,0.003342200,0.003406600
0.019892500,0.004249600,0.003878700
0.022032100,0.004201900,0.003858500
0.025359100,0.004667000,0.004211800
0.023775800,0.003950600,0.003567000
0.022915400,0.004247200,0.004069300
0.019272000,0.004454900,0.004018000
0.019703100,0.004224900,0.003892900
0.022765300,0.004191000,0.003862100
0.019331600,0.001775800,0.003875900
0.021999900,0.004487300,0.003922600
0.022455100,0.004239400,0.004064200
0.021907300,0.004247900,0.003939400
0.022920600,0.004245300,0.003899000
0.021892600,0.004230700,0.003857800
0.021943000,0.004187100,0.004275900
0.023176600,0.004191600,0.003876600
0.023672100,0.004283700,0.004055200
0.023326600,0.004375400,0.004485500
0.021773100,0.001387900,0.003487000
0.022920900,0.004436400,0.003907400
0.024407800,0.004220900,0.003913400
0.022071000,0.004255400,0.003875100
0.020199200,0.004199600,0.003825700
0.022216100,0.004186200,0.003191600
0.020856800,0.004355600,0.003899300
0.023300600,0.004539100,0.004091300
0.019724100,0.002786500,0.003352300
0.023476500,0.004755100,0.004018400
0.022710500,0.002159900,0.002626600
0.022134300,0.004501700,0.003857600
0.023002500,0.004174200,0.003844700
0.023755900,0.004410900,0.004009800
0.021761100,0.004263300,0.004195600
0.019153900,0.004290900,0.003914100
0.021807700,0.004183700,0.004229300
0.022359900,0.004393200,0.004041900
0.024021500,0.004480200,0.003672600
0.022195000,0.004223000,0.003907700
0.022480200,0.004198200,0.004226900
0.021319600,0.004200700,0.003455200
0.020928900,0.004213400,0.003887400
0.021859300,0.004149200,0.003867300
0.022788400,0.004263500,0.003814900
0.022935800,0.005063600,0.003769800
0.022147100,0.004250500,0.004153200
0.019229200,0.004210300,0.004450500
0.024427800,0.004308700,0.004068800
0.021682500,0.004248500,0.003815400
0.021884300,0.004300100,0.003899800
0.023790300,0.003875300,0.003274900
0.021859400,0.004235900,0.003821400
0.021743200,0.003839300,0.003448000
0.021014200,0.004035000,0.003851900
0.020682300,0.003624400,0.003374000
0.016665500,0.004453500,0.003913600
0.022371100,0.002953700,0.001377200
0.017077900,0.001541800,0.003207000
0.015804700,0.004029700,0.003663200
0.013529900,0.003715700,0.002428900
0.018735500,0.004388800,0.003956700
0.015364600,0.004184300,0.005276600
0.020797100,0.004461400,0.003976200
0.021763200,0.004337400,0.003860200
0.017399800,0.004280900,0.003843300
0.020259400,0.004639500,0.004056400
0.016344200,0.004429200,0.004039100
0.021467400,0.004525300,0.003474500
0.022430100,0.004428200,0.003891500
0.021805800,0.004224500,0.004134400
0.023357800,0.004176300,0.003849600
0.022233400,0.004202200,0.003826500
0.024404700,0.004154200,0.003743700
0.020007800,0.004319200,0.003832300
0.019741400,0.001929500,0.003843600
0.021005300,0.003681900,0.003278600
0.022417200,0.004201700,0.003858500
0.022238200,0.004246100,0.003790700
0.020635600,0.004278800,0.003927700
0.022347100,0.004329800,0.003877700
0.020709700,0.004683600,0.003838200
0.023025700,0.002543900,0.003971300
0.019802200,0.003717100,0.003317500
0.023067200,0.004250400,0.004386800
0.023614400,0.004642700,0.003851900
0.021449700,0.001498000,0.003154700
0.022715400,0.004795800,0.003973300
0.020097900,0.003238800,0.003853700
0.023738500,0.004414800,0.004451300
0.021888900,0.004448300,0.004452300
0.016545100,0.004371000,0.003853500
0.024210800,0.004438200,0.003897900
0.022056400,0.002160000,0.003670900
0.016930000,0.004175100,0.003833500
0.023262200,0.004191200,0.003849400
0.022812400,0.004853400,0.004181100
0.024496900,0.004197800,0.003301800
0.023184600,0.004225200,0.003846800
0.023837700,0.004135300,0.003556400
0.021421000,0.004458100,0.003970900
0.021686300,0.004306500,0.003960900
0.022456700,0.004318100,0.004395800
0.022198600,0.004221000,0.004002900
0.018231000,0.003977400,0.003327400
0.020627400,0.002270800,0.003988600
0.021030500,0.004223500,0.003962100
0.022643000,0.004295500,0.003839400
0.022646400,0.004210800,0.004506300
0.022264400,0.004258700,0.004338700
0.022179500,0.004228800,0.004424000
0.020788400,0.004265900,0.004249900
0.023145100,0.002511300,0.003895100
0.022568100,0.004669800,0.004106500
0.021927200,0.003262900,0.003840200
0.021950100,0.004217200,0.003957100
0.025569500,0.004238900,0.003908500
0.023201700,0.004672700,0.003976700
0.022734000,0.003691900,0.003302200
0.019642800,0.003820700,0.004124600
0.022163600,0.004252700,0.004575100
0.021632400,0.004443100,0.003914500
0.022369300,0.004311700,0.003849900
0.021684200,0.003648800,0.003384600
0.015997000,0.003829000,0.003500600
0.022811200,0.004308800,0.003749800
0.016712600,0.004258400,0.003980500
0.015829500,0.004370600,0.003771600
0.014994400,0.004367200,0.003774800
0.014107600,0.001617100,0.003282400
0.012820300,0.004382400,0.003567800
0.016391800,0.001519200,0.003148000
0.018660700,0.004279100,0.003929200
0.017818100,0.003724900,0.003378400
0.019560300,0.003708600,0.003372500
0.012247400,0.001745100,0.003415800
0.017656400,0.001701700,0.003228800
0.015673000,0.004147700,0.003530700
0.017210000,0.003784700,0.003104700
0.017694500,0.004010300,0.002462100
0.016468900,0.001558600,0.002989000
0.016560700,0.004059400,0.003781500
0.014520200,0.003852200,0.003547100
0.016277600,0.004876300,0.003788800
0.020374900,0.003215900,0.004025500
0.011240900,0.002438900,0.002214000
0.013778900,0.003966700,0.004036100
0.018856100,0.004410800,0.004112700
0.018577300,0.004023600,0.001845600
0.022194600,0.004192900,0.004014700
0.017940800,0.004367500,0.003876900
0.022057500,0.003717700,0.003353400
0.014001700,0.004295600,0.003975100
0.017232300,0.001681300,0.001679000
0.022626700,0.004201100,0.003888100
0.016095600,0.002994600,0.001345200
0.021988100,0.003691300,0.002213500
0.022728400,0.004476700,0.003804900
0.015452400,0.004067800,0.003841700
0.014975400,0.002860500,0.001941800
0.015002000,0.002212300,0.003934100
0.013828600,0.004227100,0.003813500
0.014094700,0.003961500,0.002564900
0.018561600,0.003904600,0.003810900
0.012103300,0.001675200,0.001459800
0.015235500,0.001525300,0.003510700
0.017145400,0.004270300,0.003674800
0.012104400,0.001857000,0.001682000
0.012575300,0.004323000,0.001470100
0.016566200,0.004448500,0.003837700
0.012441500,0.001570300,0.003979100
0.018893000,0.004088700,0.003533500
0.015450400,0.001907300,0.003609100
0.016468500,0.003729400,0.003406800
0.015111000,0.003691500,0.003304700
0.013152700,0.001868800,0.003452500
0.021739300,0.005063100,0.004296800
0.018637500,0.004532700,0.003969300
0.017819400,0.004323900,0.004077600
0.013190200,0.003197200,0.002862300
0.021269900,0.004845900,0.003767900
0.024328300,0.004037700,0.003341600
0.021778900,0.004329100,0.003881800
0.025058800,0.004378800,0.003925200
0.021818600,0.003596700,0.003289000
0.022652000,0.002753900,0.003241200
0.022779800,0.004283100,0.003822400
0.021390400,0.004380200,0.004741500
0.022823500,0.004296700,0.004010500
0.016352900,0.004509900,0.004029800
0.020921600,0.004765400,0.004067800
0.020818900,0.004283000,0.002649000
0.022254800,0.004253100,0.003827900
0.022570500,0.004237200,0.003884200
0.010173700,0.003471200,0.003324900
0.020396400,0.004250100,0.004524000
0.017548900,0.004191100,0.003850700
0.018785000,0.004243000,0.003886800
0.021087800,0.004230900,0.004054800
0.025840500,0.004595000,0.003933200
0.018279900,0.004490700,0.004322100
0.015051800,0.004727800,0.004142700
0.019140800,0.001478200,0.003154800
0.023217200,0.004400900,0.003860200
0.019179000,0.003571500,0.003419100
0.022277100,0.004651400,0.003914100
0.023757300,0.004216500,0.003601400
0.023319900,0.004194000,0.003916600
0.017897300,0.003726000,0.003386500
0.015794300,0.004090800,0.003345900
0.024254700,0.004236100,0.003863700
0.021982600,0.004179200,0.003930500
0.017435800,0.001607100,0.003906500
0.017381200,0.004490200,0.004428000
0.022290800,0.004549100,0.003904900
0.018298600,0.004750200,0.003917100
0.020054800,0.004344200,0.002730100
0.019050100,0.003701100,0.003347400
0.016340800,0.003673600,0.003335200
0.015006100,0.002147000,0.002712400
0.014959200,0.004234400,0.003520900
0.015496300,0.004618200,0.004130000
0.019083300,0.003757200,0.003290500
0.016889900,0.002632900,0.004175100
0.024741300,0.005040800,0.004201000
0.022989500,0.004405000,0.003385700
0.025496400,0.004672900,0.001336700
0.022201500,0.004284000,0.003904600
0.016080000,0.002157700,0.003296100
0.021928000,0.004784300,0.003938300
0.022951100,0.004304700,0.003883800
0.022145200,0.004303000,0.003822500
0.023281500,0.004403300,0.004119600
0.017925100,0.004048900,0.003861100
0.020709500,0.002552200,0.003892400
0.021797400,0.003908200,0.003540300
0.017129200,0.004226500,0.003614000
0.022305000,0.004888000,0.003972600
0.022218600,0.004410600,0.003859000
0.015234200,0.003302200,0.003671100
0.014594200,0.004040900,0.003535700
0.010167200,0.002252600,0.003986100
0.015621100,0.002814400,0.003503000
0.012841500,0.004344700,0.002519300
0.016624400,0.004179400,0.003761200
0.016841500,0.001616800,0.003399200
0.015564500,0.001589800,0.002126300
0.014891600,0.004225200,0.003783300
0.014942400,0.002476600,0.001624500
0.015003800,0.002769000,0.003816600
0.018059300,0.001966800,0.004059300
0.016733200,0.004244700,0.003789100
0.020811000,0.001677600,0.003219800
0.023210700,0.004596800,0.003887900
0.022413800,0.003957200,0.003331700
0.025195600,0.004629000,0.003890600
0.015149400,0.004381000,0.004221000
0.015071100,0.001715100,0.003820300
0.015016200,0.004858600,0.003537400
0.015448000,0.004278100,0.003360200
0.017421800,0.003425300,0.003278100
0.025318800,0.004898300,0.004130400
0.020147300,0.005152400,0.004438800
0.016390500,0.003746900,0.003434900
0.019439700,0.002599100,0.003510100
0.023358000,0.004377400,0.003516300
0.023973000,0.004273000,0.003969800
0.017272900,0.003835500,0.003550600
0.015766900,0.004005700,0.003457200
0.013053400,0.004549100,0.002322800
0.012088300,0.003663400,0.003500400
0.022873100,0.004889800,0.004289400
0.018375000,0.003699200,0.003764400
0.017715800,0.002477700,0.003894000
0.022912300,0.004425200,0.003712100
0.023488100,0.004379300,0.004497700
0.022871300,0.004474000,0.004119200
0.019628100,0.003994000,0.003432000
0.021660900,0.004063100,0.003523500
0.017066200,0.004199500,0.003402900
0.012328700,0.001574200,0.001634800
0.014745600,0.002977600,0.003935900
0.012022500,0.002347100,0.001344500
0.017989000,0.003871300,0.001740800
0.019913500,0.004130300,0.003672800
0.018734600,0.004249000,0.004090400
0.019445500,0.003863200,0.004270000
0.018215600,0.003701000,0.001491900
0.020722300,0.004216200,0.003981700
0.021836200,0.003897200,0.003561900
0.023499100,0.004597300,0.004611800
0.022316000,0.004381300,0.003660900
0.021070300,0.004112200,0.003711200
0.019791800,0.003907900,0.003413800
0.020671400,0.003963500,0.003482700
0.020681600,0.003832300,0.003478600
0.021040000,0.004385000,0.003820000
0.020909300,0.004542500,0.003938700
0.021678000,0.003908600,0.003642500
0.022660000,0.005041700,0.004409100
0.021243900,0.003691900,0.003355800
0.025822400,0.004608200,0.004305300
0.026189300,0.004570400,0.003891800
0.019734800,0.004461000,0.003868400
0.020402900,0.004233600,0.004263400
0.020811500,0.004259600,0.003572400
0.019356400,0.004153200,0.001950600
0.022157100,0.004470500,0.003909500
0.021550800,0.004909000,0.004009600
0.021322200,0.004410500,0.004199700
0.022921300,0.004506100,0.003892700
0.019793100,0.004163800,0.003800700
0.021860400,0.001941800,0.003882000
0.023165100,0.004216700,0.003826300
0.022391200,0.004180200,0.003883900
0.021065300,0.004454800,0.003967400
0.021173400,0.004176600,0.003870200
0.019357200,0.004226900,0.003830700
0.021656400,0.004187300,0.004016000
0.021957900,0.004193700,0.003810600
0.024168100,0.002785600,0.001951500
0.017958100,0.004157700,0.003964600
0.022166600,0.004485700,0.004110100
0.022993300,0.004320200,0.003908600
0.024395500,0.002128300,0.004212200
0.019996700,0.004242200,0.003836200
0.018379000,0.004317400,0.003825100
0.022088200,0.004271600,0.004001900
0.022580100,0.004212600,0.003808800
0.021315000,0.003598900,0.003659800
0.014430100,0.002507400,0.002126800
0.024129900,0.004153000,0.003277700
0.022461900,0.004227700,0.003889400
0.020905700,0.004404000,0.003827500
0.022172300,0.003736100,0.003369200
0.023657800,0.003384000,0.003845700
0.023490200,0.004232100,0.003838400
0.022086500,0.001573100,0.003827000
0.022394100,0.003862100,0.003362900
0.013672900,0.004764200,0.004153600
0.023078400,0.004389300,0.004230100
0.022317400,0.003698500,0.003284200
0.021693300,0.004485600,0.003953500
0.020194700,0.004204200,0.003882200
0.023797200,0.004211500,0.003808000
0.022259100,0.003701200,0.003340400
0.023529900,0.003511900,0.003872900
0.021761000,0.003626100,0.003476800
0.017003300,0.003637000,0.003482400
0.022291000,0.004531800,0.003954600
0.022286000,0.004406500,0.003835700
0.024025900,0.004460800,0.003869400
0.019915600,0.002669700,0.003938200
0.024532100,0.004251600,0.003814100
0.024429400,0.004201000,0.004544200
0.013763500,0.002216500,0.003310900
0.015307400,0.003465200,0.003323900
0.014538000,0.002722000,0.001893700
0.016548500,0.003863000,0.003278600
0.013913100,0.002681300,0.003559800
0.016485100,0.003914300,0.003974200
0.017404900,0.002124500,0.002511900
0.018857900,0.002634300,0.003008300
0.022415000,0.002309000,0.003122200
0.016880100,0.003582700,0.002978200
0.021602200,0.004194800,0.003924800
0.022317200,0.004215900,0.003840900
0.022252500,0.004448600,0.003458300
0.015020900,0.001721400,0.002314800
0.015719200,0.004175900,0.003915700
0.015337400,0.002988200,0.003206400
0.017229700,0.003175800,0.003803400
0.023985900,0.002146500,0.002218000
0.015690300,0.003449900,0.003529800
0.016573800,0.004340400,0.003419200
0.020012100,0.001698400,0.001345500
0.022704100,0.004297300,0.004124300
0.022229100,0.004206900,0.003914600
0.023530400,0.004485600,0.003890100
0.022941100,0.004211000,0.001452100
0.022597800,0.004249500,0.003846700
0.021456700,0.004256300,0.003964400
0.021856300,0.003719800,0.003321900
0.018752900,0.004311700,0.004293800
0.023463400,0.004318500,0.003811100
0.018422200,0.004241000,0.003316800
0.022250500,0.004390800,0.003820900
0.021904100,0.004229800,0.003849700
0.020412900,0.003647800,0.003839200
0.022222700,0.004220500,0.003802900
0.019509900,0.001516000,0.002890200
0.016935400,0.004570200,0.002706400
0.014666200,0.002032800,0.003111900
0.017626500,0.003347500,0.003269000
0.014919300,0.001562300,0.003307000
0.014230800,0.003310800,0.003472100
0.021245900,0.001695900,0.001265800
0.020461500,0.004544800,0.003349700
0.016544200,0.002244600,0.003410500
0.012637200,0.001522400,0.003324700
0.015781600,0.003548800,0.001647600
0.014380400,0.003905700,0.003334200
0.018908400,0.003951400,0.003324500
0.017344700,0.005018300,0.004467700
0.014917300,0.001726400,0.001473300
0.012362500,0.003526800,0.003330600
0.018233400,0.003504700,0.001589200
0.022942800,0.001520300,0.003310100
0.013693200,0.004099200,0.003842200
0.015590700,0.001582200,0.002643200
0.024362700,0.004947600,0.003847900
0.020032600,0.003151300,0.002140600
0.016273200,0.002055900,0.003390100
0.021525700,0.001742300,0.003325300
0.018429200,0.001622100,0.002875500
0.017324800,0.003286900,0.003076900
0.012834000,0.002269500,0.001478400
0.019139800,0.003715100,0.003272600
0.019843900,0.004907800,0.004295400
0.016349500,0.005052200,0.004376100
0.017137700,0.003985400,0.004864800
0.020513600,0.004246600,0.004319600
0.018472300,0.004447300,0.003759500
0.024259300,0.004209200,0.003871200
0.020798000,0.004220400,0.003842400
0.019653900,0.004274700,0.003997600
0.020811800,0.004502500,0.004125700
0.018571900,0.003647800,0.003389900
0.020489300,0.004265500,0.003665200
0.022021600,0.004186800,0.003784200
0.026188400,0.004207700,0.004417200
0.022335100,0.004185500,0.004184000
0.021658400,0.004171800,0.004011900
0.022658900,0.003769700,0.003351200
0.020332400,0.004038500,0.003397100
0.024196800,0.004196500,0.003816800
0.023710600,0.004245300,0.003846500
0.023953100,0.004239800,0.004218200
0.022503800,0.004192700,0.003834000
0.021827900,0.004237600,0.004404400
0.019181700,0.004184100,0.002993100
0.023635100,0.004248600,0.003822300
0.022438900,0.003711000,0.003304100
0.019163000,0.002958500,0.002423700
0.022966600,0.004315800,0.003806500
0.022548400,0.003965100,0.003366600
0.016734300,0.003652000,0.003827200
0.022099200,0.004462400,0.003946000
0.021803700,0.004552100,0.004196500
0.021059400,0.003123500,0.003879300
0.022614200,0.004196700,0.003851100
0.019270800,0.003653500,0.003369000
0.014647500,0.002395200,0.002054200
0.022447200,0.004267000,0.003916100
0.022603400,0.004381600,0.004214800
0.022624900,0.004148600,0.003776400
0.024446700,0.004251700,0.003882300
0.021664800,0.003785500,0.003351700
0.018204500,0.004214000,0.003637200
0.020854100,0.004898900,0.003934800
0.024019500,0.004237400,0.003850000
0.021866800,0.004672900,0.004197100
0.016314200,0.004373300,0.003935200
0.016889700,0.001676200,0.001413700
0.015366900,0.004238400,0.004153900
0.014876600,0.001846900,0.002777400
0.015899100,0.002353900,0.003369000
0.011538200,0.003627700,0.004094300
0.015249600,0.004009500,0.003726900
0.017158300,0.002920100,0.003408500
0.014683400,0.004951700,0.004045900
0.015456100,0.001480400,0.003140200
0.018900200,0.004325100,0.003714500
0.018705000,0.001545800,0.003592900
0.018505100,0.001490000,0.002558000
0.015928300,0.001558600,0.002741600
0.015381800,0.004351000,0.004710400
0.022649400,0.004197200,0.003920900
0.021271100,0.004206700,0.003849700
0.022240400,0.004449800,0.003972000
0.016714700,0.004930800,0.004359000
0.021761100,0.004208800,0.003565200
0.021167000,0.001805300,0.001822300
0.011440100,0.002288900,0.001384600
0.012133500,0.002584300,0.002230100
0.014346900,0.001895500,0.001694700
0.011965400,0.004925700,0.004883200
0.022582200,0.001667400,0.001444700
0.016925200,0.002044700,0.004372800
0.015791300,0.004645600,0.003924800
0.014035000,0.003117000,0.001895100
0.014159300,0.003570200,0.001965700
0.017161500,0.002402400,0.003960300
0.015092100,0.002379700,0.003630800
0.016977100,0.001830800,0.001762900
0.016715600,0.003027100,0.003478800
0.022564300,0.004906200,0.003165000
0.015997700,0.001826100,0.002449200
0.017351800,0.001735700,0.003647500
0.016988300,0.001574100,0.002639900
0.015519600,0.002120300,0.003486400
0.014122000,0.002122300,0.001520400
0.014082500,0.003724200,0.003539000
0.011494600,0.003857300,0.003444500
0.016567300,0.004185600,0.004591500
0.012761900,0.003884000,0.003753900
0.011461400,0.001485800,0.003386400
0.015520500,0.003642300,0.003417300
0.016324000,0.004040400,0.003918300
0.017337100,0.002334800,0.003919400
0.016348400,0.004234700,0.003805700
0.019940800,0.004292200,0.003485000
0.017468000,0.004901000,0.003657600
0.012492500,0.001711100,0.003927200
0.017780700,0.002560300,0.002131800
0.019177900,0.003851100,0.003330900
0.021233000,0.004081900,0.003311600
0.020373500,0.004659500,0.004059600
0.022055400,0.001730700,0.003916800
0.020660300,0.001590600,0.002626700
0.021004800,0.002052700,0.001638100
0.013584500,0.001529500,0.002483400
0.019584700,0.001545600,0.003723900
0.018710100,0.004054700,0.003944300
0.023488400,0.004544600,0.003853400
0.016378700,0.003744100,0.003327500
0.021035400,0.002184500,0.003833700
0.018031100,0.003536000,0.003854100
0.020876600,0.004235900,0.003885700
0.019931200,0.003457200,0.003935000
0.021837400,0.003868000,0.003965700
0.020418700,0.001736800,0.003818700
0.018150900,0.004187600,0.003941700
0.012110000,0.003738700,0.003404000
0.016549200,0.004197700,0.004141000
0.015665100,0.004233100,0.004080600
0.013938600,0.003218300,0.003547900
0.017907600,0.002276400,0.004239400
0.019058700,0.002857200,0.003394100
0.020269600,0.002617500,0.003380900
0.015524000,0.001478600,0.004094600
0.018926600,0.004214200,0.002672400
0.017335300,0.004705200,0.003980900
0.017702400,0.004349000,0.003859800
0.014960100,0.001625200,0.001223000
0.007579400,0.000886400,0.000819600
0.007725500,0.000961500,0.000737200
0.008767900,0.001465300,0.001231800
0.006318700,0.000914900,0.000731800
0.007656900,0.000896900,0.000740500
0.008332000,0.000896400,0.000729800
0.006914500,0.000932000,0.000764900
0.006595100,0.001000700,0.000740100
0.006375500,0.001397300,0.001221500
0.006219100,0.001438400,0.001249500
0.008365500,0.001167900,0.000813100
0.007070600,0.000988000,0.000872300
0.009711200,0.000953500,0.000758800
0.007177000,0.001404300,0.001219400
0.007610400,0.001487200,0.000833100
0.007934100,0.001436700,0.001238300
0.007449300,0.001605400,0.001023700
0.009778300,0.001049200,0.000850400
0.005886200,0.001463300,0.001301000
0.006647200,0.001181900,0.000752200
0.007071600,0.000961700,0.000768800
0.007286300,0.001021500,0.000714300
0.007008200,0.001712900,0.001293300
0.006544700,0.001267800,0.000846200
0.007851400,0.001618600,0.001294700
0.008613800,0.000967000,0.000759900
0.007572900,0.000916100,0.000782000
0.009373600,0.001043600,0.000871200
0.007847200,0.000922700,0.000728800
0.008405100,0.000908300,0.000733900
0.007781700,0.000998900,0.000759100
0.007168400,0.001709800,0.001261800
0.007445100,0.000883900,0.000766000
0.007961300,0.001108400,0.000764100
0.007131700,0.000948600,0.000742000
0.007413700,0.001467900,0.001273700
0.007334700,0.001415400,0.001248200
0.007555300,0.000935100,0.000747600
0.007971900,0.002095300,0.001360500
0.007071100,0.000937000,0.000775200
0.007477900,0.000906700,0.000724600
0.007867800,0.000962400,0.000789400
0.007430600,0.001478400,0.001222900
0.007466300,0.001426300,0.001401300
0.009411200,0.001209700,0.000812100
0.007762200,0.001463700,0.001257100
0.011028200,0.000954000,0.000771700
0.008102500,0.000887600,0.000733500
0.007265500,0.001467100,0.001257700
0.006975900,0.001403100,0.001419000
0.006654600,0.000916900,0.000771700
0.007695900,0.000885800,0.000729600
0.007108600,0.001390200,0.001325200
0.007313600,0.001389000,0.001202000
0.007459600,0.001067100,0.000877400
0.006943000,0.001376600,0.001201700
0.007566600,0.001396800,0.001213800
0.008447000,0.001413500,0.001235200
0.008002000,0.001502100,0.001228500
0.007800800,0.001574000,0.001016600
0.007428300,0.001478100,0.001254100
0.006848900,0.001511700,0.001234800
0.008342800,0.000927900,0.000733800
0.007409200,0.001433800,0.001222300
0.006488100,0.001408400,0.001236400
0.008257300,0.000964500,0.000842200
0.007145300,0.001418000,0.000772000
0.007917500,0.000943200,0.000754900
0.007019200,0.000925300,0.000752500
0.006870300,0.000908500,0.000755200
0.006641300,0.000915700,0.000769700
0.006351500,0.000913800,0.000768900
0.008811700,0.000914100,0.000723000
0.007637500,0.001487500,0.001218200
0.007233100,0.000927600,0.000754800
0.007312600,0.000972800,0.000736800
0.007229300,0.001022400,0.000743100
0.008061800,0.001587900,0.001242200
0.007327500,0.001506400,0.001235600
0.008038800,0.001457900,0.001270400
0.008166100,0.001031800,0.000765800
0.007634700,0.001329100,0.000791800
0.007514600,0.001442900,0.001234700
0.007625300,0.000991300,0.000747400
0.007657400,0.001571300,0.000831400
0.006611800,0.000952000,0.000771300
0.009077900,0.001618600,0.001591600
0.007400000,0.001341800,0.000839100
0.007337600,0.000928600,0.000798000
0.006943500,0.000968500,0.000813800
0.007579000,0.000944900,0.000734300
0.006613300,0.000903100,0.000732800
0.007248900,0.000914500,0.000753200
0.007560400,0.000964200,0.000740500
0.007975200,0.000962300,0.000748900
0.007666800,0.001024600,0.000737000
0.007245800,0.001569600,0.001089900
0.007182000,0.001494000,0.001669200
0.008591300,0.000982200,0.000765200
0.007186000,0.001471300,0.001252600
0.007788100,0.001587700,0.000887600
0.007573700,0.001432000,0.000895600
0.008329700,0.001451800,0.001267000
0.008127000,0.000926300,0.000749400
0.008341100,0.000873300,0.000751900
0.006828600,0.001428000,0.001223400
0.008279500,0.000892000,0.000830700
0.007826100,0.001594500,0.001355000
0.007328700,0.001368500,0.001506100
0.008002100,0.001607900,0.000816000
0.008949600,0.000970900,0.000785100
0.007733500,0.001528800,0.000872900
0.008238400,0.000940800,0.000739100
0.006781800,0.001514900,0.001250400
0.008049800,0.000883200,0.000730800
0.007042700,0.000879600,0.000738900
0.006668900,0.000914500,0.000731700
0.007347200,0.001427800,0.001194400
0.007795200,0.000948000,0.000760800
0.008520100,0.001398400,0.001342400
0.007690000,0.000849400,0.000712300
0.007661700,0.000934800,0.000761900
0.007152300,0.001531300,0.000818500
0.007887500,0.000914900,0.000735500
0.008219800,0.000881100,0.000716200
0.007215200,0.000888500,0.000755200
0.006851400,0.001405000,0.001208300
0.007131100,0.000887300,0.000729800
0.007297500,0.000888000,0.000728700
0.007137500,0.001398700,0.001211300
0.006887200,0.000931000,0.000722900
0.007334300,0.000916000,0.000740200
0.007305600,0.000928500,0.000748700
0.008206700,0.001450100,0.000799200
0.007687800,0.000925400,0.000728600
0.006253700,0.000873300,0.000710100
0.007411800,0.001395400,0.001013000
0.007933900,0.001148700,0.000971300
0.007619100,0.000957600,0.000739900
0.007635700,0.000852000,0.000711000
0.009514900,0.002005900,0.000739500
0.008232600,0.001774700,0.001302100
0.007015200,0.001397000,0.001202400
0.008325700,0.000893900,0.000722200
0.006708300,0.001509000,0.001203200
0.007658000,0.001030600,0.000782600
0.008573900,0.000923000,0.000714000
0.007153000,0.001426000,0.000990500
0.007773500,0.001647600,0.001322800
0.007930300,0.001453400,0.001235600
0.007818500,0.000897900,0.000733900
0.007143400,0.001434900,0.001025200
0.006654200,0.001584200,0.000848400
0.007680100,0.001473900,0.000981500
0.007261600,0.001018100,0.000829900
0.007087800,0.001414400,0.001243100
0.007938900,0.000907500,0.000793100
0.007440700,0.001467200,0.001262100
0.007408500,0.001415200,0.001236000
0.007136700,0.000935100,0.000759400
0.006790500,0.000910000,0.000751800
0.008196100,0.000894200,0.000737400
0.007399800,0.000899700,0.000791000
0.006882200,0.001393800,0.001266000
0.005921200,0.000886500,0.000752200
0.010277800,0.000915900,0.000742900
0.007547700,0.001466700,0.001254400
0.006790200,0.000917200,0.000722000
0.006870100,0.001510500,0.001275400
0.007610800,0.001465500,0.001223600
0.008369100,0.001440600,0.001213500
0.007587000,0.000892100,0.000746900
0.007137200,0.001420600,0.001235500
0.007716500,0.001542700,0.001260700
0.007656500,0.001487200,0.001256600
0.007351100,0.001438900,0.000939200
0.006953700,0.001399100,0.001220300
0.007474600,0.001504100,0.001232800
0.008134900,0.001440300,0.001244800
0.007144600,0.001452600,0.000825100
0.007123100,0.001438100,0.001234000
0.007718600,0.001511300,0.000818100
0.007457200,0.000991000,0.000775300
0.007136900,0.000911100,0.000724800
0.006550500,0.001593000,0.001288600
0.006168000,0.000940200,0.000801300
0.007053100,0.000947900,0.000780000
0.006995900,0.001459400,0.001097300
0.006586100,0.001439700,0.001282000
0.007934900,0.001523900,0.000850500
0.007052700,0.001449100,0.001227100
0.006673500,0.000883600,0.000729300
0.007102300,0.001420600,0.001146000
0.007657000,0.000910500,0.000743300
0.007058500,0.001527000,0.000862500
0.007689500,0.000966800,0.000739500
0.007140400,0.001490400,0.001274300
0.006868000,0.001415000,0.001287200
0.006886400,0.001026400,0.000730900
0.006981800,0.001574900,0.000867500
0.007394500,0.000912000,0.000758300
0.006417100,0.001437000,0.000839000
0.006668400,0.001506000,0.000858100
0.007219100,0.001411100,0.001222400
0.007050300,0.001460500,0.000823300
0.007361500,0.001396900,0.001302200
0.008149900,0.001396100,0.001208100
0.007941100,0.001426000,0.001230200
0.009242200,0.000893400,0.000749400
0.007544300,0.000893700,0.000728600
0.007253100,0.001369700,0.001231200
0.008375500,0.001149700,0.000732300
0.009643700,0.000871700,0.000737900
0.007392200,0.001352700,0.001200900
0.006168200,0.000964300,0.001082300
0.007347400,0.001441400,0.000816500
0.006697300,0.000865100,0.000816600
0.006804100,0.000905700,0.000748600
0.010132600,0.001013300,0.000760100
0.006975800,0.001384700,0.001222100
0.008665100,0.001543200,0.000803400
0.008488300,0.000881100,0.000729700
0.007673800,0.001459400,0.000834900
0.006792800,0.001411100,0.000869900
0.007769700,0.001783300,0.001250200
0.007591800,0.000937100,0.000716100
0.007235800,0.000897600,0.000736400
0.008349000,0.001365900,0.000795900
0.007004300,0.001246300,0.000780000
0.006960800,0.001458600,0.001220500
0.006239000,0.001444300,0.001237700
0.008656800,0.000948100,0.000725300
0.009301400,0.001620300,0.000876100
0.006639800,0.001451200,0.001207500
0.007478400,0.000889300,0.000755600
0.007047700,0.001039900,0.000731300
0.007909700,0.000911700,0.000756600
0.007254900,0.001392400,0.001223400
0.007524500,0.000961800,0.000767400
0.006999000,0.001419800,0.001251400
0.006994000,0.001430300,0.001228300
0.006604500,0.000891600,0.000727800
0.006499700,0.001460700,0.001230500
0.007173300,0.001469900,0.000811400
0.007425100,0.001531900,0.000855300
0.007364700,0.001621800,0.001269600
0.006349600,0.001443100,0.000831900
0.007938300,0.000933000,0.000743000
0.007405200,0.000943600,0.000763500
0.007722700,0.000996000,0.000760400
0.011493100,0.000930100,0.000701400
0.007976000,0.000948100,0.000777600
0.007614500,0.001083700,0.000787200
0.006990200,0.001433800,0.001234500
0.006280100,0.001439500,0.001225300
0.007596200,0.001528200,0.001117600
0.006825500,0.001543600,0.000824000
0.007791000,0.001695800,0.001243800
0.007685800,0.001099000,0.000737700
0.007532200,0.001445200,0.001349200
0.009720900,0.000884000,0.000732500
0.007446400,0.000864100,0.000761200
0.007047300,0.001404800,0.001210200
0.007624800,0.000947100,0.000762100
0.006980800,0.000902600,0.000714600
0.006297500,0.001412300,0.001202800
0.007029700,0.001421100,0.001232300
0.007364800,0.001393500,0.001218000
0.007887500,0.000887200,0.000792600
0.006314000,0.000874400,0.000725100
0.007676500,0.001432800,0.001367200
0.007363600,0.001422600,0.001217900
0.008755600,0.000885400,0.000732700
0.008358900,0.001004400,0.000777800
0.008345900,0.001371800,0.000787100
0.007405100,0.001396100,0.001216400
0.006123500,0.000940300,0.000780500
0.006919700,0.001478900,0.001242400
0.007622400,0.000934400,0.000753900
0.006642700,0.001128600,0.000970200
0.007645700,0.001519600,0.000995000
0.006652500,0.000997100,0.000778100
0.006131200,0.001491300,0.000792800
0.006677400,0.000910800,0.000771300
0.006749800,0.001493400,0.001244800
0.006876100,0.001471300,0.001237000
0.007485000,0.001440600,0.001230700
0.007159200,0.001115900,0.000754400
0.007355600,0.001600600,0.001172300
0.007101300,0.001434800,0.001243200
0.007305700,0.000969700,0.000765200
0.007090200,0.001535600,0.000800300
0.007052200,0.001009800,0.000744500
0.007145000,0.001443400,0.001240100
0.006552700,0.001443400,0.001340900
0.006938700,0.001063000,0.000761300
0.007320000,0.000955500,0.000753900
0.006910600,0.001437100,0.001114000
0.006878900,0.001458700,0.001236200
0.007104300,0.000962200,0.000757500
0.006868700,0.000926400,0.000717000
0.006963700,0.000903900,0.000769400
0.008336200,0.000884900,0.000825100
0.008028600,0.001049900,0.000779900
0.007231400,0.001616500,0.001337700
0.007223500,0.001482900,0.000817400
0.006745600,0.001434100,0.001204000
0.007046000,0.000999300,0.000789300
0.006471900,0.000921500,0.000760100
0.008753600,0.000901000,0.000764300
0.006256500,0.000890200,0.000744900
0.006698000,0.000977000,0.000799800
0.006938400,0.000936600,0.000769400
0.006899700,0.001576400,0.000911800
0.006937900,0.001398800,0.001109600
0.006912500,0.001474100,0.001246000
0.006732200,0.001514000,0.001227700
0.007065500,0.001060700,0.000746700
0.006269900,0.000902700,0.000750300
0.007400100,0.001560300,0.000878500
0.007065700,0.000940300,0.000762700
0.006999500,0.001135100,0.000790100
0.007218600,0.001472500,0.000798200
0.006765800,0.000945500,0.000783900
0.005918300,0.001494100,0.001091700
0.006687200,0.000920000,0.000756000
0.006870000,0.000878100,0.000754000
0.007247500,0.000905200,0.000761900
0.007707700,0.000906700,0.000753500
0.010271600,0.001593600,0.000784300
0.009198000,0.001205000,0.000970300
0.007409000,0.001412100,0.001264400
0.007807700,0.001405100,0.001208000
0.006446500,0.000925400,0.000741800
0.008090500,0.000948100,0.000748700
0.007696300,0.000988500,0.000755600
0.007215400,0.000960800,0.000780100
0.006684200,0.001487100,0.001230500
0.006975400,0.000891300,0.000794600
0.007796500,0.000956400,0.000743000
0.008861800,0.001597300,0.000812400
0.007290500,0.000933000,0.000795700
0.006729000,0.001466800,0.001207000
0.007486300,0.000974800,0.000773400
0.007133800,0.001499700,0.001263100
0.006668900,0.000988500,0.000767800
0.008144800,0.001054600,0.000741300
0.006560500,0.000915900,0.000745600
0.007044400,0.000898000,0.000935900
0.008349000,0.000933900,0.000771700
0.007026400,0.001364800,0.001204300
0.006623400,0.001286300,0.000770500
0.006883700,0.001417500,0.001233200
0.006590000,0.000906600,0.000755200
0.006506600,0.000896600,0.000763700
0.008290800,0.001411000,0.001222100
0.008705400,0.000921100,0.000731000
0.007306700,0.001157800,0.000772600
0.007093700,0.000881100,0.000737200
0.006955300,0.001264000,0.000905400
0.005972300,0.000919000,0.000799300
0.007050700,0.000905100,0.000756300
0.007302900,0.000904800,0.000767900
0.006625300,0.000916100,0.000752400
0.007319800,0.000963800,0.000802300
0.008231800,0.001509600,0.001268700
0.006484700,0.000893500,0.000754000
0.006453000,0.001605100,0.001415600
0.007197700,0.000879900,0.000723100
0.007125000,0.001490600,0.000755900
0.006947100,0.000959500,0.000854100
0.007063700,0.000916600,0.000755700
0.007093700,0.000919600,0.000746100
0.007758000,0.000904800,0.000742400
0.007040300,0.000937400,0.000744600
0.006666400,0.000946500,0.000755400
0.006032500,0.000926000,0.000782800
0.006809000,0.000957500,0.000755500
0.006574200,0.001702200,0.000925200
0.006836300,0.001418800,0.001215300
0.007278000,0.001510700,0.001243200
0.006953700,0.001973200,0.000858400
0.006870500,0.000989400,0.000771900
0.008889700,0.000895000,0.000759800
0.006571200,0.000896600,0.000756800
0.007560000,0.000929800,0.000761500
0.006585600,0.000968700,0.000764800
0.007500600,0.000940800,0.000742400
0.008810700,0.000905000,0.000718900
0.006836300,0.000976700,0.000919400
0.007986500,0.000941400,0.000726200
0.007690100,0.000859800,0.000711400
0.007602300,0.001451600,0.001221000
0.006108500,0.000919700,0.000762100
0.007000700,0.000905900,0.000733600
0.006031900,0.000971500,0.000760100
0.006655000,0.000928600,0.000754800
0.006693700,0.000984200,0.000827900
0.006146800,0.000981000,0.000760900
0.006649000,0.000959700,0.000771200
0.006751000,0.001000900,0.000773100
0.008142300,0.001016000,0.000810700
0.007554500,0.000981800,0.000769700
0.006694900,0.000994400,0.000768500
0.008326000,0.000957500,0.000784500
0.007299700,0.000967100,0.000756900
0.006850000,0.000917000,0.000741900
0.006696300,0.000934600,0.000760700
0.007564200,0.000944000,0.000802000
0.006937600,0.000927300,0.000767100
0.007090400,0.000932500,0.000763600
0.006760600,0.001004300,0.000763600
0.007632300,0.000941400,0.000757100
0.007043300,0.000934000,0.000756100
0.007437900,0.000921500,0.000760800
0.006591800,0.000951600,0.000751700
0.007200200,0.000922700,0.000753900
0.006789900,0.000926100,0.000760300
0.006506300,0.000911600,0.000765800
0.007069100,0.000919500,0.000756600
0.007325900,0.000947300,0.000758100
0.008119200,0.000908200,0.000862300
0.007511900,0.001039600,0.000798200
0.007233400,0.000970700,0.000777500
0.006655600,0.000920800,0.000756300
0.006661600,0.000946300,0.000764400
0.006806000,0.001610800,0.001300300
0.006616500,0.000958400,0.000741000
0.008013900,0.000872800,0.000753600
0.006865600,0.000912800,0.000766700
0.007201600,0.000911500,0.000750400
0.006475600,0.000911000,0.000773800
0.006825200,0.000916900,0.000834200
0.010232500,0.001599700,0.000728700
0.007198900,0.000892700,0.000750800
0.006619600,0.000979000,0.000765000
0.008049900,0.001600000,0.001282700
0.006492900,0.001448200,0.001238300
0.007809700,0.001456900,0.000788600
0.006844900,0.000909600,0.000758200
0.007303100,0.000900000,0.000748200
0.007011400,0.000973800,0.000776300
0.006971700,0.000987400,0.000765800
0.006903800,0.001006100,0.000766900
0.007138700,0.000887900,0.000735900
0.006516600,0.001174500,0.000956000
0.006774800,0.000917300,0.000756600
0.008310900,0.000937600,0.000768500
0.007054900,0.000933300,0.000758700
0.007604300,0.000937500,0.000752900
0.008205400,0.000882100,0.000729700
0.007115100,0.000912600,0.000755500
0.006268400,0.000955200,0.000752900
0.006605300,0.000935800,0.000790700
0.007901700,0.001003700,0.000768200
0.006720000,0.000931200,0.000770100
0.006386500,0.000887500,0.000743800
0.007526500,0.001877400,0.001223400
0.006864800,0.000903700,0.000738700
0.006461400,0.001296500,0.001125400
0.007398100,0.001669500,0.001254400
0.006516600,0.000897400,0.000794400
0.006616900,0.000931700,0.000746300
0.007050100,0.000965800,0.000737100
0.006495000,0.001382700,0.001246800
0.006173000,0.000977800,0.000737100
0.015418800,0.000924900,0.000723800
0.007215400,0.000925200,0.000745700
0.006887000,0.001366700,0.001215400
0.006400800,0.001426200,0.001767700
0.006605500,0.000918900,0.000767300
0.007070900,0.000931000,0.000768500
0.006545600,0.001407200,0.001544200
0.008493200,0.000943300,0.000774400
0.006732100,0.001378400,0.001212200
0.007555500,0.001679500,0.000941200
0.006956500,0.001548700,0.001296200
0.007069500,0.001446500,0.001228100
0.007329700,0.001654900,0.001358800
0.006484700,0.001390100,0.001314100
0.007056200,0.001427800,0.001238000
0.007372800,0.001254200,0.000820600
0.006943900,0.001694900,0.001381600
0.008214400,0.001460400,0.001301100
0.006602000,0.001477900,0.001251900
0.007063500,0.001026700,0.000766800
0.009676100,0.002431900,0.001772200
0.007938700,0.001003400,0.000806700
0.007191300,0.001233700,0.000855800
0.006394000,0.001004400,0.000825200
0.005893700,0.001400300,0.001072100
0.005946700,0.001500900,0.000842100
0.006455300,0.001469800,0.001294300
0.006614800,0.000953400,0.000713700
0.005857200,0.001414700,0.001249700
0.007012100,0.001610900,0.000826400
0.006182500,0.000940300,0.000734600
0.006815500,0.000986800,0.000760200
0.006836800,0.000944400,0.000762600
0.009212400,0.001874500,0.001046900
0.007699500,0.000997700,0.000781000
0.007158500,0.001230000,0.001128700
0.007199700,0.000999800,0.000822200
0.006315700,0.001015100,0.000821200
0.007100500,0.001874300,0.001231500
0.006700000,0.000996800,0.000799200
0.006589300,0.001791500,0.000818600
0.006050500,0.001418900,0.001219700
0.006103600,0.001716700,0.001262300
0.006468700,0.001484600,0.000881900
0.006284500,0.000955200,0.000745400
0.006335000,0.001374600,0.001221400
0.006598600,0.000888900,0.000782000
0.005918700,0.000902200,0.000754500
0.007251400,0.001960300,0.001145300
0.006992900,0.000878800,0.000740900
0.007085100,0.000900300,0.000782500
0.008345400,0.000936800,0.000766700
0.007418100,0.001668000,0.001244100
0.006261200,0.001028500,0.000771800
0.008940700,0.001118800,0.000862000
0.006820100,0.000914300,0.000747700
0.007615800,0.000894000,0.000746400
0.006862200,0.000926900,0.000775300
0.009776800,0.000921200,0.000767600
0.006790400,0.000901200,0.000752500
0.007355100,0.000945200,0.000761500
0.007031900,0.000916800,0.000761400
0.006259700,0.000927900,0.000763100
0.006547400,0.000945400,0.000845700
0.008155800,0.000933300,0.000754800
0.007379000,0.000921200,0.000752000
0.007060500,0.000952400,0.000767700
0.007129000,0.000959300,0.000757800
0.007119200,0.000904400,0.000755200
0.006834700,0.000921900,0.000750500
0.006374200,0.000920700,0.000772500
0.006824800,0.000940200,0.000760300
0.007926900,0.001510600,0.000931300
0.006245400,0.001436100,0.001208700
0.006818600,0.001506000,0.001384300
0.006575300,0.000875000,0.000720300
0.006678500,0.001470200,0.001241000
0.006814800,0.000997200,0.000790400
0.007483400,0.001191400,0.001060100
0.006603900,0.001409800,0.001314400
0.007131600,0.001048400,0.000755400
0.006017200,0.000913400,0.000757900
0.006444200,0.001505600,0.001354400
0.006700400,0.000912100,0.000749200
0.006907500,0.000879500,0.000716900
0.006521500,0.000954500,0.000769200
0.006914600,0.000956300,0.000806000
0.007195100,0.000906900,0.000760400
0.007501000,0.000952600,0.000746800
0.006752300,0.000940600,0.000756900
0.006763900,0.000916300,0.000753700
0.011099600,0.000890300,0.000742700
0.007230400,0.000918200,0.000749700
0.006975500,0.000932700,0.000764300
0.007417200,0.000959600,0.000783000
0.007454000,0.000924800,0.000752000
0.007151900,0.001011800,0.000751000
0.006352500,0.000906400,0.000754000
0.007174200,0.000954400,0.000772600
0.006645800,0.000889400,0.000764400
0.006789500,0.000901600,0.000757100
0.007035300,0.000936100,0.000760600
0.006722600,0.000926700,0.000770000
0.007416200,0.000973000,0.000744000
0.006672700,0.001423500,0.001219600
0.007121300,0.000966400,0.000767200
0.006306600,0.001469200,0.000927300
0.006006400,0.001089600,0.000782800
0.006244600,0.000897800,0.000759400
0.006370000,0.000917400,0.000756000
0.006846500,0.000946600,0.000751400
0.006355800,0.000937100,0.000761200
0.006517000,0.000921800,0.000739500
0.006269500,0.000950400,0.000769800
0.006540800,0.000930500,0.000853300
0.006587100,0.000939700,0.000757600
0.008332400,0.000929000,0.000781300
0.006738600,0.000908800,0.000826800
0.006632400,0.001037500,0.000785400
0.007320000,0.000939400,0.000756800
0.006747200,0.000900000,0.000755600
0.007360600,0.000913400,0.000743800
0.006600800,0.000973100,0.000773100
0.007520500,0.000923000,0.000767700
0.007501600,0.000929600,0.000756600
0.006734900,0.000927900,0.000758300
0.006531500,0.000902000,0.000730000
0.006875600,0.000916300,0.000752000
0.008317000,0.000945800,0.000831200
0.007348400,0.000907900,0.000747300
0.007883600,0.001022400,0.000769600
0.008297200,0.000892200,0.000755400
0.006632200,0.000938400,0.000778300
0.006966600,0.001074000,0.000761600
0.006372600,0.000924700,0.000757800
0.008161200,0.001196500,0.000766800
0.006418200,0.000991500,0.000779000
0.007701300,0.000983800,0.000767000
0.007036500,0.000955300,0.000767800
0.007034900,0.001031100,0.000767900
0.006763700,0.000991300,0.000795900
0.008698800,0.001711100,0.000778000
0.006834800,0.000907100,0.000742600
0.007504400,0.000945700,0.000762600
0.006468900,0.000924400,0.000751100
0.006290500,0.000964100,0.000767800
0.006389700,0.000938500,0.000773100
0.006472400,0.001016100,0.000875700
0.006681100,0.000938600,0.000768800
0.008555000,0.000925000,0.000761900
0.006737500,0.000993000,0.000764500
0.006377500,0.000945400,0.000776600
0.006599600,0.000905500,0.000767000
0.007557100,0.000942800,0.000753200
0.006851700,0.000933000,0.000750600
0.006935600,0.000967200,0.000759200
0.007822400,0.001001600,0.000772500
0.006341900,0.000995700,0.000794200
0.008476700,0.000938300,0.000759800
0.008185000,0.000961600,0.000768800
0.007187900,0.000941400,0.000827400
0.006897500,0.001167900,0.000918800
0.007724400,0.001928100,0.001275100
0.006191100,0.001459800,0.001048900
0.006219500,0.000942900,0.000769700
0.007178600,0.000975600,0.000787000
0.006364200,0.001514400,0.000783600
0.006626400,0.000961600,0.000959400
0.006769800,0.001576400,0.000828000
0.006407100,0.000936200,0.000763500
0.008650600,0.000942200,0.000764900
0.008031600,0.001919800,0.000927400
0.006666800,0.000913700,0.000789900
0.007052500,0.000938900,0.000774700
0.007319700,0.001025000,0.000788200
0.007228200,0.000969300,0.000754800
0.006518900,0.000947400,0.000747000
0.006066600,0.000913600,0.000764600
0.006338800,0.001212500,0.000728200
0.005870800,0.000890500,0.000756000
0.007531700,0.000943900,0.000756100
0.007833200,0.000942300,0.000770900
0.006993600,0.001000300,0.000905800
0.006331800,0.000927600,0.000768200
0.007150300,0.000962300,0.000772100
0.006540800,0.000952500,0.000757100
0.007249900,0.000950200,0.000757000
0.008164200,0.001410900,0.000814200
0.007299400,0.000906300,0.000754100
0.006220100,0.000922700,0.000895300
0.007006600,0.000913900,0.000756900
0.006260200,0.001496000,0.001224700
0.006048900,0.001026900,0.000742000
0.008028200,0.000991900,0.000798900
0.006370200,0.001440000,0.001218800
0.006097800,0.000953300,0.000759200
0.006473700,0.001467800,0.001224100
0.006849800,0.000985800,0.000779400
0.006828700,0.000948700,0.000761200
0.006864400,0.000934100,0.000757600
0.006956400,0.000989800,0.000773600
0.006879100,0.000954900,0.000771400
0.007301700,0.000930400,0.000751300
0.006424500,0.000961700,0.000769100
0.006677000,0.001096300,0.000811000
0.006453100,0.000942600,0.000772100
0.010061800,0.000905600,0.000751900
0.006529200,0.000946400,0.000773700
0.007531300,0.000948900,0.000765000
0.006960200,0.001575500,0.001219900
0.006500900,0.001437700,0.001255400
0.006376600,0.000917800,0.000742200
0.006937500,0.000977800,0.000764200
0.006969300,0.000907000,0.000769700
0.006520500,0.000927400,0.000749800
0.006755700,0.001018200,0.000753100
0.010136900,0.000915800,0.000742300
0.007166600,0.000913300,0.000745600
0.009125800,0.000924600,0.000767400
0.007637100,0.000946500,0.000761200
0.005875200,0.000916200,0.000744200
0.007373700,0.000931300,0.000764900
0.007250400,0.001101600,0.000758200
0.007837400,0.000921100,0.000725800
0.008142300,0.000894000,0.000735800
0.006203900,0.000896400,0.001247900
0.007477100,0.000924000,0.000758900
0.008760600,0.000861000,0.000736600
0.007044700,0.001418300,0.001330400
0.007011900,0.000887200,0.000729100
0.006598300,0.000943400,0.000787200
