qiskit,psf_true,psf_false
0.007678100,0.001038900,0.000875800
0.007922600,0.001789200,0.001292600
0.006826400,0.001563200,0.000935600
0.007474200,0.001036900,0.000791700
0.007079900,0.000923100,0.000746100
0.006918500,0.001424900,0.001221600
0.006995400,0.001056600,0.000845000
0.007822900,0.001003400,0.000747500
0.006433300,0.001682500,0.001238600
0.006952600,0.001683100,0.001246300
0.007056000,0.000983900,0.000793700
0.006854400,0.001448300,0.001228100
0.006772400,0.001027500,0.001265000
0.007630200,0.001539500,0.000848000
0.007106200,0.000914800,0.000702500
0.006235900,0.001472000,0.001207700
0.006410300,0.001004700,0.000818500
0.006829300,0.001514100,0.001362800
0.006097500,0.000873300,0.000720100
0.009211800,0.001051300,0.000830000
0.007672900,0.001434400,0.001225800
0.006559200,0.001042000,0.000851000
0.008505100,0.001514600,0.001251200
0.006185000,0.000922600,0.000746500
0.006294700,0.000880300,0.000725700
0.006651700,0.001115400,0.000873000
0.006995900,0.001495000,0.001248600
0.006190400,0.000896800,0.000755800
0.006168000,0.001420100,0.001431900
0.007294300,0.001183000,0.000807300
0.007214200,0.000938400,0.000734700
0.006775100,0.001460300,0.001230800
0.006864400,0.001468900,0.000835800
0.007683600,0.000992300,0.000772800
0.006669800,0.000941500,0.000777100
0.006159400,0.001444500,0.001248100
0.006568100,0.000919100,0.000823200
0.008133400,0.001570400,0.001334800
0.007103100,0.000883300,0.000752400
0.007570300,0.001045400,0.000831100
0.007525100,0.000984100,0.000797400
0.009026800,0.001368800,0.000810400
0.006241100,0.001417700,0.001214700
0.006320500,0.001539500,0.001323400
0.006812900,0.000925000,0.000747500
0.006346500,0.001411900,0.001213900
0.006602900,0.000996000,0.000793300
0.006826400,0.000913500,0.000735200
0.006331900,0.001047400,0.000744200
0.006702000,0.001778300,0.001382900
0.006521600,0.000978200,0.000751100
0.007039400,0.001596300,0.000831500
0.007394300,0.001556600,0.001294700
0.006647100,0.000864800,0.000718100
0.006290100,0.001294200,0.000863100
0.007515900,0.001682200,0.001551700
0.006664100,0.000858700,0.000721400
0.006958600,0.001723000,0.001340600
0.007130100,0.001437000,0.001224200
0.007493000,0.001664800,0.001422500
0.007452700,0.000926500,0.000723800
0.007379700,0.001452200,0.001231000
0.006660100,0.001176300,0.000784400
0.006664000,0.001645600,0.001389300
0.007409500,0.000927900,0.000755200
0.006371900,0.001427500,0.001237100
0.008554600,0.000996400,0.000802400
0.006678900,0.000986300,0.000760200
0.007038700,0.000878800,0.000716700
0.006947400,0.001478900,0.001339900
0.008036100,0.001748800,0.001525200
0.007546300,0.000953900,0.000799400
0.006799400,0.000958000,0.000793500
0.007051100,0.001048300,0.000827200
0.008219100,0.000961700,0.000729000
0.006705900,0.000918100,0.000774300
0.006399500,0.001501500,0.001424600
0.006530100,0.001067500,0.000769600
0.007848800,0.000978300,0.000756600
0.006675100,0.000953700,0.000758000
0.007364700,0.001815800,0.001551200
0.007689000,0.001487400,0.001253200
0.006588600,0.000950100,0.000988100
0.006834000,0.001539100,0.000898200
0.007996200,0.000945700,0.000738400
0.007850800,0.000942700,0.001712200
0.006672900,0.001547400,0.001236000
0.006603000,0.001430000,0.000891200
0.006593800,0.001050400,0.000821000
0.007345600,0.001005600,0.000807100
0.007060800,0.001509800,0.001270300
0.007673900,0.001030500,0.000826300
0.006979900,0.000965000,0.000757100
0.006399100,0.000944000,0.000728300
0.006366700,0.000882200,0.000762600
0.006293400,0.001017300,0.000934600
0.006924300,0.001038700,0.000856300
0.006834800,0.001643800,0.001330900
0.006381200,0.001430600,0.001241500
0.007715900,0.000959400,0.000740400
0.006788900,0.000951600,0.000739000
0.006924300,0.001400400,0.000957100
0.006536400,0.001446200,0.000888200
0.007508300,0.000899800,0.000711900
0.006566100,0.001546200,0.001223400
0.006730800,0.002103100,0.001555100
0.007423600,0.001512200,0.001242000
0.007041000,0.001694000,0.001420900
0.006482900,0.000902600,0.000757100
0.008250000,0.001788100,0.001422200
0.006389200,0.000899000,0.000714300
0.007532700,0.000889200,0.000878300
0.007710800,0.001613800,0.001361500
0.006777200,0.001504300,0.001244400
0.006783600,0.001955600,0.001562700
0.007587800,0.000918000,0.000734400
0.006945200,0.001075400,0.000930700
0.007503300,0.001631700,0.001349500
0.006884900,0.001504200,0.001264700
0.006482200,0.001506600,0.001292300
0.006760600,0.001691000,0.001365800
0.007855200,0.000987900,0.000782300
0.007044800,0.001397200,0.001237200
0.007371100,0.001373800,0.000897300
0.007311700,0.000984100,0.000778400
0.007096900,0.001591600,0.000871800
0.007772400,0.001833100,0.001400000
0.006532700,0.000893800,0.000740000
0.006490400,0.001434800,0.001259400
0.007202000,0.001571400,0.001371000
0.006310600,0.001449900,0.001266800
0.006864800,0.001989800,0.001284000
0.007182000,0.001560100,0.001359700
0.006148500,0.000916000,0.000752600
0.007902000,0.001002000,0.000785700
0.006702200,0.000943100,0.000763100
0.006998000,0.001624200,0.001283700
0.006522600,0.001777000,0.001623700
0.006017900,0.000862800,0.000756800
0.006847800,0.001070000,0.000857100
0.008248500,0.001592500,0.001358300
0.006235500,0.001502700,0.000767000
0.006623900,0.001580900,0.000809100
0.006559700,0.001878800,0.001356700
0.006505400,0.000941100,0.000785100
0.007457100,0.001470500,0.001241100
0.006441300,0.000952900,0.000768100
0.008064200,0.001928900,0.001394300
0.007135600,0.000858700,0.000718900
0.006518600,0.001803500,0.000906100
0.007396100,0.001642000,0.001361600
0.007111800,0.001217600,0.001881200
0.020552900,0.002393500,0.001330100
0.005786000,0.000912100,0.000748700
0.005871000,0.001409300,0.001288700
0.006360200,0.000929200,0.000905200
0.007525500,0.000945900,0.000767600
0.007415900,0.001532500,0.001208800
0.006660100,0.001697000,0.001056800
0.006589200,0.001551500,0.001123100
0.007469200,0.001484900,0.001261000
0.006602700,0.000887900,0.000740700
0.006405500,0.000890400,0.000740900
0.007129300,0.000946200,0.000743800
0.006745900,0.001444400,0.001270800
0.006119300,0.000948400,0.000757700
0.006992000,0.001446700,0.001234300
0.006278500,0.000862400,0.001135300
0.007053900,0.000939700,0.000848900
0.006926200,0.000974500,0.000764200
0.009495500,0.000940300,0.000761700
0.007876400,0.001016700,0.000800000
0.008448700,0.000878800,0.000763600
0.007335900,0.000883000,0.000760800
0.007998200,0.001890500,0.000897100
0.008853900,0.001667400,0.001248000
0.006811700,0.000862000,0.000719200
0.006883500,0.000882500,0.000714300
0.007795500,0.001389900,0.000758200
0.006201800,0.000911400,0.000827800
0.007089500,0.001466300,0.001299200
0.007355500,0.000914900,0.000764700
0.008478500,0.000892800,0.000742300
0.009954700,0.000873800,0.000741500
0.007288800,0.001559800,0.001002300
0.007665300,0.001542400,0.001184200
0.007396000,0.001441800,0.001222400
0.009708500,0.000876200,0.000735200
0.006903100,0.000888300,0.000767800
0.006568500,0.001483100,0.001221100
0.006963000,0.000883500,0.000825400
0.006784000,0.000898800,0.000755500
0.007055200,0.000905600,0.000775900
0.008300500,0.001575600,0.001249900
0.008023000,0.000876800,0.000752100
0.006875100,0.000868800,0.000729300
0.006855500,0.000924300,0.000750100
0.007143400,0.001421100,0.001228800
0.007756100,0.001639100,0.001078300
0.007236200,0.000931200,0.000751200
0.007024800,0.000932900,0.000751600
0.006881300,0.001014400,0.000761200
0.006685100,0.000895200,0.000737100
0.006526800,0.000901500,0.000754900
0.006878600,0.000890400,0.000735100
0.006922900,0.000862500,0.000740000
0.007824000,0.001671300,0.001248900
0.006741600,0.001319000,0.000800900
0.008096800,0.001670400,0.001255700
0.007958900,0.001870600,0.001248300
0.006742600,0.001512600,0.001268300
0.006808100,0.000927000,0.000743900
0.007701100,0.001585700,0.001233300
0.006945400,0.001445400,0.000806300
0.007347700,0.000917200,0.000761800
0.007108300,0.000890500,0.000780400
0.007819800,0.000877900,0.000753200
0.007561800,0.000916400,0.000760700
0.007199000,0.001446500,0.000810900
0.007173500,0.000902600,0.000762900
0.007324400,0.001103900,0.001465700
0.006944300,0.000978500,0.000762100
0.006854700,0.000900100,0.000879300
0.007042700,0.001415400,0.001303500
0.007100500,0.001231000,0.000875300
0.007662000,0.001468200,0.000948500
0.006317000,0.001529200,0.001249600
0.006644400,0.000942400,0.000782900
0.006813000,0.000959000,0.000757900
0.006841900,0.000902300,0.000744300
0.007224900,0.001722900,0.000768200
0.007100800,0.001588300,0.001333100
0.007012400,0.000947200,0.000753700
0.007475200,0.001543700,0.001314700
0.006661200,0.000898100,0.000725500
0.006705800,0.001585700,0.000771700
0.007183300,0.000966000,0.000783200
0.006500400,0.001443400,0.001314300
0.006618600,0.000922800,0.000781700
0.007139200,0.000906700,0.000775800
0.007518800,0.000969300,0.000775900
0.006919400,0.001456500,0.001238000
0.007487500,0.000936300,0.000770300
0.007223100,0.001499900,0.000858500
0.007804500,0.000935900,0.000817800
0.006350600,0.001480500,0.000785600
0.006052200,0.001452100,0.000821000
0.006336800,0.001355200,0.001284100
0.007548600,0.000969800,0.000760100
0.006790000,0.000941800,0.000760600
0.006896100,0.001428800,0.001235100
0.006703100,0.001396600,0.000948300
0.006558000,0.001031200,0.000816200
0.007872900,0.001585800,0.001228400
0.006684500,0.001440100,0.001231300
0.007370100,0.001323600,0.000763800
0.007542100,0.001471800,0.001234800
0.007833900,0.001065300,0.000759700
0.006633300,0.001241600,0.001214500
0.007411900,0.001466600,0.001064900
0.006742700,0.001479900,0.000787300
0.007043900,0.000910900,0.000823400
0.007391800,0.001449800,0.001239800
0.006465700,0.001402700,0.001219600
0.006624400,0.001476200,0.000797500
0.007652800,0.000974900,0.000748700
0.007768900,0.000997300,0.000789100
0.006235300,0.001058900,0.000769300
0.006352900,0.001568600,0.000985300
0.007300900,0.001130300,0.000764400
0.007047700,0.000959900,0.000910500
0.006268700,0.001434000,0.001236200
0.006604100,0.001255100,0.000811100
0.007081700,0.000924300,0.000738700
0.007570400,0.001408300,0.001231100
0.007718900,0.001239200,0.000769800
0.007029500,0.001524500,0.000881300
0.006806300,0.000954600,0.000711500
0.006775500,0.000885500,0.000738800
0.006237300,0.001422200,0.001182700
0.006714400,0.001124200,0.001059700
0.006783300,0.001538800,0.001233200
0.006724800,0.000900100,0.000750000
0.007059300,0.001762000,0.000861400
0.007033300,0.000948800,0.000783900
0.006905800,0.001060000,0.000748700
0.007177100,0.001549600,0.000800400
0.006990900,0.001460000,0.001075500
0.007042500,0.000915600,0.001166100
0.007058600,0.001010200,0.000777900
0.007153800,0.001438500,0.000979100
0.006358400,0.001432400,0.001248100
0.006319900,0.001477800,0.000865900
0.006987900,0.000940200,0.000840600
0.006453100,0.001685500,0.000798500
0.006317200,0.001433900,0.001037400
0.006741200,0.001072800,0.000773400
0.008344000,0.001486400,0.001253300
0.006471800,0.000896800,0.000818600
0.006237900,0.000918600,0.000830100
0.007360500,0.001396900,0.000948300
0.007738900,0.000873500,0.000752900
0.007415600,0.001128300,0.000791800
0.007861400,0.001741400,0.001383400
0.006891500,0.001517000,0.000806000
0.006349200,0.001407900,0.001233300
0.009759200,0.002116000,0.001638600
0.006315800,0.000914000,0.000752000
0.006355000,0.000978200,0.000765000
0.006653300,0.001097000,0.000830500
0.008012000,0.001557900,0.000855900
0.006220700,0.001060200,0.000910000
0.008027700,0.001130500,0.000793700
0.007391100,0.000928600,0.000753800
0.006080100,0.001524300,0.000829600
0.007131300,0.001219400,0.000962200
0.007297100,0.000947100,0.000786500
0.006436000,0.000895800,0.000947100
0.007441100,0.001522100,0.001309700
0.006916100,0.000930100,0.000806600
0.006020900,0.000984900,0.001424200
0.007406300,0.001234000,0.000824700
0.006519600,0.001438500,0.001095600
0.005879500,0.001853100,0.001343600
0.007042400,0.000982000,0.000800800
0.006067500,0.001438100,0.001234600
0.006155900,0.001616500,0.001021100
0.007270700,0.001000200,0.000760600
0.006191400,0.001450000,0.001229300
0.007391700,0.000980800,0.000767700
0.006620900,0.001017800,0.000893000
0.006652000,0.001462200,0.001261900
0.006656400,0.001299600,0.001400500
0.007731500,0.001508300,0.001246800
0.005801900,0.000885900,0.000760400
0.008667600,0.001112300,0.000772300
0.006510000,0.000937200,0.000747000
0.005991700,0.000888600,0.000744900
0.007494600,0.000915400,0.000887500
0.007483900,0.000997800,0.000938200
0.007188500,0.000922600,0.000759000
0.006932100,0.001455500,0.001301400
0.007441500,0.001036700,0.000803100
0.007516600,0.001912100,0.001240100
0.006014900,0.000865700,0.000751900
0.007092700,0.000976400,0.000802500
0.008869400,0.001542700,0.001302400
0.006791800,0.000918200,0.000826300
0.007619800,0.001026600,0.000788300
0.008460800,0.000919400,0.000746200
0.006995700,0.002143800,0.001333300
0.007061900,0.001034300,0.000836800
0.008881300,0.000934700,0.000841300
0.006215900,0.000874100,0.000733800
0.005952600,0.000905300,0.000749200
0.007888900,0.001043200,0.000819900
0.006873700,0.000971200,0.000753400
0.006468500,0.000932100,0.000752100
0.006841200,0.001426600,0.001244700
0.006424000,0.001625700,0.000953400
0.006506600,0.000994600,0.000804500
0.006121200,0.000895000,0.000757300
0.006855000,0.000966800,0.000799800
0.006406500,0.001206700,0.000832500
0.007708800,0.001101600,0.000783900
0.006519700,0.001585200,0.000807500
0.006383400,0.001505000,0.001403200
0.007566700,0.001031600,0.000802200
0.006856700,0.000970700,0.000771100
0.006911000,0.000891200,0.000789700
0.007088800,0.000998100,0.000795300
0.007351600,0.001767500,0.001289400
0.007019800,0.001000400,0.000845400
0.008642100,0.000985700,0.000855800
0.006547600,0.001526800,0.001248600
0.006984500,0.001057600,0.000825500
0.006128800,0.000915800,0.001689300
0.007926100,0.001516500,0.001164700
0.006770000,0.001065200,0.000757600
0.006622000,0.000878700,0.000769600
0.008580500,0.001657100,0.000978700
0.007095200,0.000976400,0.000772200
0.014065200,0.001944600,0.003914000
0.015266100,0.004183200,0.003889600
0.017692400,0.003977600,0.003677800
0.016900700,0.004087800,0.004019200
0.018623500,0.004497800,0.003324100
0.019368800,0.003688800,0.002432100
0.015439600,0.004495100,0.003685000
0.017416900,0.003377700,0.003289500
0.019606600,0.001540100,0.003695900
0.017890900,0.003686000,0.001500400
0.015360200,0.004385100,0.004228500
0.017417100,0.003598800,0.002805000
0.016285200,0.004446500,0.003362800
0.015911300,0.004286000,0.004405400
0.016662200,0.003504000,0.003929500
0.015671900,0.003727800,0.003232900
0.015246100,0.002919100,0.003389300
0.018742400,0.003454900,0.003206000
0.015457300,0.003569600,0.004092000
0.018161600,0.002684000,0.003551400
0.013856900,0.002349900,0.003986300
0.024900000,0.001882100,0.001607600
0.011442600,0.002846400,0.003209100
0.018517200,0.004575500,0.004514800
0.013315000,0.005144800,0.004595400
0.020705400,0.004648800,0.002002800
0.014023900,0.003923700,0.003873400
0.015703600,0.004345200,0.004182900
0.018888700,0.004290700,0.003673400
0.020579600,0.002593100,0.001528400
0.017470000,0.001737200,0.003979400
0.013797000,0.004183400,0.004057200
0.019349500,0.003647800,0.001498700
0.019046500,0.003709900,0.003171200
0.019254200,0.004349100,0.003716600
0.021105400,0.002385700,0.002396800
0.020103900,0.001995800,0.003964000
0.020765800,0.002402100,0.003479100
0.018640400,0.003663000,0.003634700
0.019814800,0.003833100,0.003754600
0.019618000,0.004899100,0.003601600
0.016615300,0.001630100,0.003174100
0.019193400,0.004623800,0.003838700
0.017930000,0.004331700,0.004275400
0.015701200,0.003956500,0.003645900
0.017907000,0.002667200,0.003575500
0.019689400,0.003957600,0.003398000
0.022303400,0.004352600,0.003974400
0.014838500,0.004621400,0.004048400
0.020571300,0.004347400,0.003964600
0.017036900,0.003741300,0.003170600
0.011272100,0.001576600,0.002058400
0.009627700,0.002462200,0.001812000
0.009607900,0.002370600,0.002030600
0.009797100,0.002220100,0.001956000
0.017170800,0.004528800,0.004000800
0.016124100,0.002785200,0.002739800
0.012944800,0.002381200,0.001659800
0.009792900,0.002184000,0.001933700
0.009395800,0.002208600,0.001965700
0.009668900,0.002325200,0.002241300
0.016952900,0.003759900,0.003390100
0.017102900,0.004773300,0.003913400
0.019382400,0.002253600,0.003391500
0.014346300,0.001858600,0.003399700
0.019728600,0.003370400,0.004184300
0.019992600,0.003419600,0.003228400
0.020497500,0.002043800,0.004072000
0.017635700,0.002622900,0.003360400
0.016911900,0.001535200,0.001435300
0.017397400,0.003620100,0.003790600
0.016011300,0.003628000,0.003235100
0.016499700,0.004699300,0.003612000
0.022283100,0.004464900,0.003777000
0.018409000,0.004329900,0.003618400
0.020483100,0.004363100,0.003884100
0.020077700,0.001729900,0.002245800
0.013205900,0.003568200,0.003368900
0.018617600,0.003427800,0.003676900
0.012642800,0.002648100,0.002309200
0.009589400,0.001691100,0.001473000
0.018584400,0.004757500,0.004065000
0.017321100,0.001815300,0.003885500
0.015771200,0.001888800,0.002611500
0.016446800,0.004278300,0.003884700
0.019352200,0.003668900,0.003223400
0.017596500,0.004416500,0.004081100
0.016122700,0.004038700,0.003898100
0.018475400,0.004310400,0.003919900
0.016052300,0.004390400,0.003686300
0.019267300,0.003817800,0.003516000
0.021356500,0.001869300,0.003459000
0.018335600,0.004312900,0.003942300
0.015096100,0.003339000,0.002728600
0.012030800,0.002386300,0.003678200
0.022907000,0.004048500,0.004111100
0.013176600,0.003280700,0.003146500
0.011874200,0.001629300,0.002093300
0.020492000,0.001656700,0.001401300
0.013105700,0.002445000,0.002087900
0.012614300,0.001958400,0.001949600
0.009564400,0.002198700,0.001994900
0.021676000,0.004144100,0.004008300
0.017359700,0.001925000,0.003797200
0.018434800,0.002105100,0.003420300
0.016829000,0.004326600,0.003891800
0.020508200,0.003783800,0.003369500
0.021464700,0.004210600,0.003410700
0.015341100,0.005107400,0.003659400
0.018633800,0.003097700,0.003364000
0.015869300,0.004780700,0.003781000
0.011601900,0.001482600,0.003573500
0.019677200,0.003695200,0.002782200
0.017476800,0.003172900,0.003488100
0.016156400,0.003956400,0.003368300
0.016299100,0.002780400,0.002006700
0.019669500,0.004466100,0.004032900
0.014563500,0.003722200,0.003425600
0.021254200,0.004711000,0.004016000
0.019936200,0.002602300,0.003352300
0.014889200,0.003732600,0.003700400
0.016436300,0.004363900,0.004265800
0.019547600,0.001742800,0.001517100
0.017552700,0.002158100,0.003654400
0.017533100,0.001768600,0.003936400
0.016909900,0.001756000,0.003004500
0.017246000,0.004360200,0.003952200
0.019631700,0.003716100,0.003624500
0.022550300,0.004245200,0.003461100
0.018926000,0.004312300,0.003738300
0.014523600,0.001530400,0.002435900
0.016559400,0.003640800,0.004099900
0.018624000,0.004353700,0.003981700
0.017939600,0.004046300,0.003452600
0.013055600,0.003341000,0.002960500
0.021506100,0.003807400,0.003291100
0.013941300,0.003773900,0.003364200
0.018307100,0.004475300,0.002586700
0.017767300,0.003796000,0.004018400
0.020205200,0.003702800,0.003464400
0.015935500,0.003685100,0.003174200
0.011918000,0.001584400,0.002398100
0.021493000,0.001638500,0.004020500
0.015088500,0.001727300,0.002596500
0.021641400,0.004010400,0.003399000
0.019094900,0.002380500,0.003320500
0.021018700,0.004643200,0.004108000
0.016046900,0.004355700,0.003847100
0.022135300,0.004458200,0.004032800
0.015213600,0.004280600,0.004183800
0.021029400,0.003170200,0.004043900
0.017333400,0.002313500,0.002335000
0.016283500,0.003678100,0.003609300
0.016039500,0.003458600,0.003674300
0.022424600,0.002061500,0.001428800
0.016732100,0.001983500,0.003980100
0.017846800,0.004735300,0.004735900
0.018083400,0.004561000,0.003949600
0.020067500,0.003545300,0.003964200
0.020896800,0.001928800,0.003453900
0.020490600,0.004656700,0.004026800
0.021747900,0.004572400,0.004352100
0.018951900,0.003457400,0.003975300
0.017242800,0.004223600,0.004408900
0.021875600,0.004771000,0.004217400
0.021344900,0.004554400,0.004362300
0.021931900,0.004499900,0.004123900
0.018954100,0.005044500,0.004208700
0.020949100,0.002835700,0.004157300
0.014527100,0.002230900,0.004172300
0.017277300,0.004774100,0.004237200
0.022174900,0.002436300,0.003391000
0.018587500,0.004570000,0.003606700
0.019311500,0.004538900,0.002368400
0.021303500,0.004154800,0.003982900
0.020101600,0.003864400,0.004200200
0.018517100,0.004743800,0.003650700
0.018577600,0.004317400,0.003349700
0.020222100,0.003540600,0.003889200
0.020889000,0.004731000,0.004389200
0.015904700,0.004698400,0.003670200
0.017509900,0.003082100,0.003525700
0.018799500,0.005038700,0.003923100
0.019561100,0.004465400,0.003954300
0.015594600,0.004541100,0.003568700
0.020041400,0.002911400,0.003923600
0.012433100,0.003430400,0.003738700
0.017676000,0.004468700,0.004463900
0.021615900,0.003207600,0.003508300
0.015099200,0.004504400,0.003783400
0.016387900,0.001840200,0.002299900
0.016146700,0.003381900,0.003605700
0.018513100,0.003355100,0.003553700
0.019634800,0.002036900,0.004304200
0.012234000,0.004541600,0.004618900
0.015539400,0.002857100,0.002242500
0.014887600,0.003892300,0.004088700
0.012292800,0.004959700,0.004326800
0.016853500,0.002805100,0.004004600
0.017849100,0.004498500,0.004339700
0.019285700,0.003442800,0.002797600
0.013464200,0.001844800,0.003728200
0.017775600,0.002854800,0.003666500
0.017687000,0.002410300,0.004014700
0.017449500,0.004358500,0.003930300
0.021058100,0.003607400,0.003555100
0.019419000,0.004430600,0.003676000
0.016212700,0.001824300,0.003675800
0.014188500,0.004095500,0.003585500
0.015578500,0.003705900,0.004283200
0.017743400,0.004033800,0.003511600
0.016553900,0.001580100,0.004192600
0.018433100,0.001929400,0.003475800
0.013390300,0.002580400,0.002105200
0.014628800,0.001711000,0.001914900
0.015647800,0.004531000,0.003780300
0.018053800,0.002649000,0.003800900
0.014051600,0.003958800,0.002685100
0.017387200,0.001723500,0.002587600
0.018222200,0.002926900,0.001783200
0.013097700,0.003608400,0.003394800
0.015085300,0.003576700,0.003450100
0.015387700,0.004062500,0.003532400
0.014087700,0.004234900,0.003780200
0.017390900,0.004140200,0.003502000
0.015406200,0.001767800,0.002651800
0.017365900,0.003800100,0.003583800
0.018015900,0.003949100,0.003631900
0.013191700,0.003876700,0.003406700
0.019264000,0.004022800,0.003831700
0.017432800,0.002937900,0.003624700
0.011399800,0.003781100,0.003549900
0.013422500,0.003596200,0.004387400
0.018600100,0.003606700,0.003241400
0.014797000,0.004096000,0.001552800
0.013122400,0.003567800,0.002692600
0.015188800,0.003002900,0.003802600
0.016697800,0.003721200,0.003301500
0.016759600,0.001608000,0.003194000
0.014737000,0.003991900,0.003463700
0.010695600,0.002239200,0.003441300
0.017505800,0.003773100,0.003587600
0.012590100,0.002717400,0.002341700
0.012277100,0.003568000,0.003103100
0.012429400,0.002482700,0.002229400
0.011300200,0.002221400,0.002066400
0.009511800,0.001583000,0.001372600
0.009481000,0.001643300,0.001759200
0.014757000,0.002218300,0.004172700
0.016682000,0.001611900,0.003034300
0.017642900,0.002572200,0.003367400
0.021008800,0.004505400,0.003697400
0.019284500,0.004301600,0.001425500
0.020726300,0.003893300,0.003540300
0.019652900,0.004395400,0.003877500
0.015574600,0.003278500,0.002850200
0.011640400,0.003547000,0.003126800
0.011151400,0.002239300,0.002083800
0.012203500,0.002472800,0.002094000
0.018702300,0.004271400,0.004103200
0.020315100,0.003775300,0.003431600
0.011578700,0.002238600,0.001967800
0.020662200,0.001847700,0.003939700
0.015305500,0.004320800,0.004075400
0.020457800,0.003876200,0.001470800
0.010918100,0.001679200,0.001921000
0.011708200,0.001637400,0.001353700
0.011117700,0.001904600,0.002555300
0.012021300,0.002289300,0.002032900
0.021383200,0.004552100,0.004049700
0.020505400,0.004317300,0.003098200
0.015159400,0.003995500,0.002764900
0.016780100,0.004006500,0.004203500
0.018311400,0.004038100,0.003959300
0.018855800,0.005296100,0.002532600
0.018525400,0.001854700,0.002502400
0.019172700,0.003988600,0.003858200
0.018279000,0.004586600,0.004063300
0.019858400,0.013914100,0.001696600
0.012004800,0.002691100,0.002108100
0.016896300,0.003328000,0.002547800
0.019139100,0.001911400,0.001577700
0.017070600,0.004554900,0.004405000
0.022339900,0.004697300,0.005339500
0.017605000,0.003797000,0.004054100
0.017201900,0.004361600,0.003957700
0.018270700,0.002534600,0.003344300
0.018559900,0.004365600,0.003990000
0.021328300,0.004103500,0.004030100
0.017331200,0.004222300,0.004145000
0.022351100,0.004088900,0.004114300
0.019074200,0.004358300,0.003886700
0.020812300,0.001559500,0.003276400
0.020779500,0.003769700,0.003349300
0.021630800,0.003728600,0.003607100
0.011115800,0.001694900,0.001907100
0.015087800,0.003629000,0.003930100
0.022685400,0.004645600,0.003587600
0.017592700,0.002579300,0.003460200
0.017498300,0.003631000,0.003418500
0.015406700,0.003514100,0.003801100
0.021696400,0.004631000,0.004084500
0.021357400,0.001765500,0.003518700
0.018918000,0.003856600,0.003437900
0.014286100,0.002743600,0.002050900
0.017507000,0.003025000,0.002272600
0.011573500,0.002466300,0.001620200
0.014571800,0.003737600,0.003994800
0.018103200,0.003618200,0.001553900
0.022328000,0.003963800,0.004423100
0.017774300,0.004220700,0.003921300
0.017699800,0.005072400,0.003921400
0.021765100,0.004334600,0.003423300
0.018231300,0.003315300,0.002473900
0.011878700,0.001857800,0.002076400
0.010717800,0.004281600,0.002598600
0.010945100,0.003527800,0.002110700
0.011713400,0.001805700,0.003840000
0.024095400,0.004464300,0.004012800
0.017500500,0.002866600,0.003381700
0.018162300,0.002733100,0.002259800
0.009774000,0.004456300,0.004106800
0.010312100,0.001798600,0.003301800
0.015104700,0.003563500,0.003345000
0.017114300,0.001601100,0.002663900
0.021438500,0.003894900,0.003689900
0.015793100,0.002342700,0.002271800
0.012673200,0.004829700,0.004210600
0.019242000,0.004731700,0.003875500
0.019532300,0.003486000,0.003434900
0.012553100,0.002036100,0.001759600
0.010507900,0.002735900,0.002022700
0.011034800,0.003270800,0.001571200
0.010127400,0.001906000,0.001452900
0.011012500,0.002053000,0.001271900
0.010247900,0.002589800,0.001976400
0.012068900,0.003325800,0.001467400
0.010286800,0.002166100,0.001386500
0.011537100,0.002028500,0.001269600
0.014334700,0.003535300,0.003528400
0.018767900,0.004666600,0.003988200
0.019091800,0.004504800,0.004118400
0.021578700,0.003259100,0.003417200
0.017132800,0.003536800,0.004092900
0.013719900,0.003659400,0.001583700
0.016807100,0.004249600,0.003581400
0.019756400,0.003762800,0.003025500
0.012548100,0.002531900,0.002110300
0.014241900,0.004428300,0.004497700
0.011610500,0.003117000,0.004847900
0.018068400,0.004586000,0.003888500
0.020218200,0.004581500,0.004184700
0.021901600,0.003632300,0.003370700
0.018301300,0.003470100,0.002784200
0.012956400,0.002541700,0.001982300
0.012278900,0.004523300,0.003891200
0.019184000,0.003508300,0.001505200
0.020316000,0.003574200,0.004078700
0.020441800,0.002110700,0.003426400
0.017687200,0.003331900,0.002658400
0.013002400,0.002433900,0.001670400
0.014222800,0.002541400,0.002009800
0.013517500,0.002326200,0.001700300
0.019707800,0.002449500,0.001927100
0.011340000,0.002550800,0.002042700
0.012716000,0.001805300,0.001428900
0.010082600,0.002224700,0.001403500
0.011774400,0.002592100,0.001978600
0.011553800,0.002278600,0.001483300
0.011669600,0.002533600,0.002128000
0.011906700,0.002605600,0.001827900
0.010339100,0.003680700,0.003648400
0.018734100,0.004612700,0.004020700
0.020543100,0.004011900,0.003345700
0.018347000,0.002993700,0.002766100
0.016095400,0.002324700,0.001719300
0.009672800,0.002160500,0.001393800
0.011171800,0.001772900,0.001359800
0.010212900,0.002562100,0.001989800
0.015589200,0.001578800,0.003934900
0.018425400,0.004016400,0.003574500
0.018419000,0.003863600,0.003081500
0.012032800,0.003490400,0.001728300
0.010517900,0.002271300,0.001307100
0.015109400,0.004624100,0.004339400
0.010759400,0.001778800,0.003426900
0.018450200,0.003043800,0.002468900
0.011973100,0.002606500,0.001964700
0.012057400,0.002092500,0.001431300
0.012626800,0.002828300,0.001873800
0.009752800,0.001655600,0.001352400
0.010832800,0.004433000,0.004427900
0.014979500,0.001849600,0.003033200
0.017956900,0.004108700,0.003679100
0.020422600,0.004466300,0.002073400
0.016923200,0.002499000,0.004043600
0.020111400,0.004015200,0.003520200
0.015673800,0.002684000,0.001513100
0.015088500,0.003909700,0.003442600
0.016692800,0.003107500,0.002439600
0.011667200,0.002412600,0.001767900
0.010786900,0.003540600,0.002168100
0.013399800,0.001916900,0.001371900
0.011086600,0.003662000,0.002023600
0.011441100,0.004416100,0.003525100
0.010357400,0.004661100,0.004142000
0.021637400,0.004407200,0.003851200
0.021954400,0.004781900,0.004148900
0.016566800,0.004754300,0.004114300
0.011363500,0.003490800,0.001628600
0.011209200,0.004546500,0.003947400
0.013612300,0.005052900,0.004058800
0.015647300,0.003062900,0.003541400
0.010821700,0.005137400,0.003246200
0.010956800,0.003365000,0.001800500
0.012600800,0.004548500,0.003802000
0.019256700,0.004340900,0.001675500
0.018317800,0.003886600,0.003961100
0.014848000,0.004166100,0.003982700
0.015427200,0.002301900,0.004032100
0.019354300,0.003785800,0.003421900
0.016584800,0.003943600,0.003737300
0.017605800,0.003751300,0.003319000
0.011498100,0.002037300,0.001856000
0.009382500,0.001535100,0.001253000
0.016793400,0.003124600,0.003344300
0.012645500,0.001599500,0.002394500
0.012666100,0.002385200,0.002073100
0.009567400,0.001623500,0.001489000
0.009734700,0.002199600,0.001931900
0.016996100,0.001632900,0.003378500
0.011316200,0.002264400,0.001844000
0.010661900,0.004411800,0.003925000
0.021473400,0.004097600,0.001499400
0.014575500,0.003710600,0.003672300
0.016687600,0.004361300,0.003889400
0.017535300,0.003073100,0.002891700
0.017610800,0.001700500,0.002778500
0.018042500,0.002750400,0.003772500
0.018988000,0.003739700,0.002913600
0.015078100,0.004229900,0.003899000
0.021467700,0.004378300,0.003986000
0.018241700,0.003757000,0.003747700
0.022340800,0.003857000,0.004062200
0.016187200,0.003764200,0.003450100
0.017787600,0.003811100,0.003621600
0.016600100,0.003843100,0.003461000
0.019662700,0.004383100,0.003409100
0.018355000,0.003756000,0.003404000
0.013774500,0.002664000,0.002357900
0.017302300,0.002806000,0.003448800
0.016620300,0.002472400,0.003463800
0.017642700,0.004334600,0.003498000
0.018285700,0.004333300,0.003830900
0.016023700,0.004244400,0.003374500
0.015691400,0.003910200,0.003317600
0.012440300,0.001671900,0.002508500
0.014007500,0.003501900,0.003263700
0.014293900,0.003667900,0.002903700
0.018720100,0.004435500,0.004042800
0.018963300,0.003061500,0.003974100
0.019910000,0.004587100,0.003897900
0.018315000,0.004781800,0.003358400
0.019068900,0.003752600,0.003947700
0.021634300,0.004416800,0.004097100
0.017980900,0.003734000,0.003813200
0.015745100,0.003739500,0.003329400
0.019165000,0.003991200,0.003541100
0.009498500,0.002261100,0.001984600
0.009183000,0.001754400,0.001822400
0.010094700,0.001519300,0.001277400
0.010529600,0.001560900,0.001442700
0.011700100,0.004323000,0.003925200
0.020576400,0.003722300,0.002388400
0.012164800,0.002260600,0.001987600
0.010695000,0.001702300,0.001498800
0.009321400,0.001682200,0.001359900
0.017733500,0.001802500,0.001461700
0.016602500,0.003484200,0.003598200
0.017434400,0.002730900,0.003090300
0.012911100,0.002271900,0.002139600
0.009515100,0.001747900,0.001998400
0.009069500,0.002378700,0.001839900
0.010130300,0.001601100,0.001437900
0.009668900,0.001522000,0.001283900
0.011319700,0.001530300,0.001288200
0.017035900,0.003757100,0.003338500
0.018926700,0.004379400,0.003722000
0.020073800,0.001745100,0.003719000
0.011689600,0.002216200,0.001989200
0.009362400,0.001588100,0.001432400
0.009224500,0.002283700,0.001956700
0.011654700,0.002240000,0.001993600
0.021617400,0.003833100,0.003441600
0.014523700,0.002824300,0.002363400
0.016617200,0.001632100,0.002246300
0.019096900,0.003762900,0.003361900
0.014634100,0.003191000,0.002786600
0.010057300,0.002174900,0.001679500
0.009030400,0.001553800,0.001465600
0.017110700,0.002934200,0.003436600
0.015285100,0.003717800,0.003286500
0.017040100,0.002454600,0.004122900
0.018609700,0.003878500,0.001862900
0.014521300,0.001796700,0.004006500
0.020115900,0.003731200,0.003661900
0.016794400,0.003838900,0.003830900
0.020304600,0.003797500,0.003472900
0.010993100,0.002347400,0.001919900
0.021708600,0.004350700,0.004054800
0.017685300,0.001722200,0.004004700
0.015795500,0.003843400,0.004225400
0.020677200,0.003932800,0.003933600
0.015107700,0.003175800,0.004075300
0.019767900,0.004558800,0.004025700
0.022300400,0.002434800,0.004103400
0.014896500,0.003582800,0.003398300
0.022176000,0.003919600,0.004078900
0.020445100,0.005058600,0.004188700
0.018159200,0.003263000,0.003970600
0.020836400,0.004389400,0.004044100
0.019995400,0.004757300,0.004644500
0.022100400,0.003905600,0.003984400
0.023562400,0.004430200,0.004247600
0.021914400,0.004494200,0.003385800
0.017705700,0.001794400,0.002020700
0.018904100,0.004324800,0.003980900
0.017429500,0.003927200,0.003436600
0.021954800,0.005115500,0.004132800
0.014076700,0.004837700,0.001556600
0.017874100,0.003516500,0.001519000
0.018809500,0.001806200,0.003857600
0.019064200,0.005485900,0.002351000
0.020197000,0.003584100,0.004045900
0.017074700,0.003582100,0.004208700
0.017262300,0.001645800,0.003253900
0.017088200,0.003939100,0.003514700
0.015496900,0.004861300,0.004308400
0.017787700,0.003101700,0.003485100
0.019506900,0.001845600,0.003534000
0.021025000,0.003670600,0.003801300
0.022006700,0.003495500,0.003997500
0.019951800,0.004609000,0.004310700
0.017656400,0.003308700,0.004006400
0.015250900,0.001807300,0.003032000
0.019872000,0.002915900,0.003508000
0.018668200,0.004606500,0.004065900
0.019821000,0.002262100,0.004036600
0.021525000,0.004382500,0.001625800
0.014118500,0.004529500,0.001666500
0.014627000,0.004401600,0.001596200
0.021085500,0.002121400,0.004081600
0.015944400,0.002829500,0.004024500
0.014665000,0.003688800,0.004442200
0.013646700,0.004329600,0.003963800
0.021155500,0.004838600,0.003785700
0.022136100,0.004355000,0.004010200
0.021747100,0.001693400,0.001500100
0.014564100,0.004760500,0.004059400
0.015157200,0.001830900,0.003281900
0.015856700,0.002759300,0.003599900
0.015354100,0.003680200,0.003792900
0.016842200,0.001742600,0.002994100
0.018770400,0.003034700,0.003873700
0.018263300,0.004366900,0.003456500
0.015847100,0.003781700,0.003409800
0.017633700,0.002822600,0.003404300
0.010580400,0.002404900,0.002532500
0.017658700,0.004688400,0.003601800
0.015268900,0.003599300,0.004391000
0.019795800,0.005456200,0.002322600
0.017869000,0.004905700,0.004842800
0.018323700,0.005050000,0.003909900
0.015182900,0.004020100,0.003731400
0.019237900,0.004360200,0.001478100
0.019615600,0.004535700,0.003041900
0.021924300,0.004986300,0.003705900
0.012684900,0.001942400,0.003917500
0.018070600,0.003941700,0.003758100
0.016546000,0.004095400,0.003964100
0.018650400,0.003755000,0.003670800
0.020725500,0.001924100,0.002667400
0.018624800,0.003987500,0.004251200
0.019522400,0.003305400,0.002142200
0.017937600,0.003407600,0.003139100
0.011786500,0.004912100,0.002057400
0.011999600,0.002451800,0.001568400
0.011722200,0.002963100,0.002278800
0.011822600,0.001797500,0.001541500
0.012922700,0.002597800,0.002011400
0.015153500,0.002204700,0.003986800
0.022592800,0.003788600,0.002853000
0.016563500,0.003818400,0.003384900
0.012466100,0.001586500,0.002581900
0.009884000,0.001822700,0.001580600
0.012480900,0.002881200,0.002363900
0.010310600,0.001732000,0.001585400
0.017793100,0.004290500,0.003896900
0.017889100,0.003753600,0.003357400
0.017599300,0.003717500,0.003493500
0.017623400,0.004277300,0.004004900
0.019304500,0.004323900,0.004081700
0.018950400,0.004739800,0.004111300
0.012785600,0.003722500,0.003814900
0.014443700,0.002728500,0.003616300
0.016599300,0.002853300,0.003631900
0.020736500,0.003837000,0.001455400
0.020897900,0.004003300,0.003598400
0.020928800,0.004334900,0.003920000
0.016932100,0.003308500,0.001430800
0.018914300,0.003740800,0.002378800
0.012073100,0.002193700,0.001971300
0.009413200,0.002037700,0.002006800
0.009477600,0.002210600,0.002076700
0.010848800,0.002265900,0.001970800
0.016949600,0.003708200,0.002663000
0.020568800,0.001725000,0.003080200
0.017346400,0.004338500,0.003950400
0.021216700,0.005416400,0.004224600
0.020217200,0.004336500,0.003885500
0.022525500,0.004248400,0.004095600
0.016810100,0.001615900,0.003347600
0.018335100,0.004368900,0.004021600
0.022100300,0.004207900,0.004016100
0.019697300,0.003111900,0.003348900
0.016859800,0.004366600,0.003995400
0.014147900,0.003882200,0.001738800
0.012131600,0.002414200,0.002522600
0.010779400,0.001824200,0.001522100
0.017727400,0.002429800,0.003457300
0.019873800,0.003781500,0.003409800
0.016187900,0.004515800,0.004038800
0.018359000,0.003483100,0.003343800
0.015448800,0.001648100,0.002464800
0.017582500,0.004347400,0.003912700
0.017230200,0.001692500,0.003491700
0.018710200,0.003497000,0.003024200
0.016582700,0.004522900,0.004572300
0.016470200,0.004338700,0.003996300
0.020661700,0.004359300,0.004557400
0.021954000,0.004603100,0.004197000
0.019214500,0.003029000,0.003541500
0.016307500,0.004425000,0.003937200
0.018455500,0.004292400,0.003988800
0.016578200,0.001650200,0.003201500
0.018237900,0.004326500,0.003882600
0.019838300,0.003331300,0.004036200
0.016387500,0.003416100,0.003823300
0.017290100,0.003769000,0.003494400
0.013921100,0.003744800,0.003332200
0.021684700,0.004460500,0.004105400
0.019719200,0.002949700,0.001496800
0.016295800,0.002332800,0.003985300
0.012763300,0.002551900,0.002222600
0.009792400,0.001843300,0.001545300
0.017233900,0.003759200,0.003513200
0.022726700,0.004592500,0.003967600
0.019555400,0.004394500,0.003931900
0.020960500,0.004354800,0.003798300
0.019544100,0.002899800,0.003345500
0.015859400,0.003727300,0.003392700
0.012564900,0.002210300,0.002121600
0.020724700,0.004153300,0.004043400
0.020050400,0.004386100,0.003148500
0.016207600,0.003558700,0.003377200
0.018662000,0.004254200,0.003571000
0.021521300,0.003058200,0.001655700
0.019009600,0.003748800,0.004067700
0.016489900,0.004438100,0.004316800
0.018451600,0.004806800,0.002127700
0.018177400,0.004066100,0.004053400
0.019715300,0.001662800,0.003431500
0.018552400,0.001757100,0.003417400
0.019010800,0.003772000,0.003424100
0.011271500,0.001663900,0.002820000
0.018081200,0.001901800,0.003434800
0.015103500,0.002310700,0.003389500
0.016400500,0.001997700,0.003956600
0.020961200,0.003728400,0.003445100
0.020187600,0.002128200,0.003806500
0.019178500,0.003856600,0.003408300
0.015900400,0.003683000,0.003672800
0.020095600,0.003804200,0.003385200
0.017795400,0.003919800,0.003414700
0.022250800,0.001598600,0.002794200
0.015896200,0.003660500,0.003170200
0.010756900,0.002280900,0.001979900
0.018781200,0.003668400,0.003831900
0.016027500,0.004323200,0.003238000
0.021754400,0.004325300,0.004094900
0.016786100,0.001693600,0.003563300
0.016060200,0.003971800,0.003993700
0.019922300,0.004382600,0.004247900
0.022215900,0.004129400,0.004120400
0.013919200,0.002876100,0.002920100
0.017961800,0.004084200,0.003501500
0.020040600,0.003764400,0.003263500
0.017747900,0.004334800,0.003801500
0.018770600,0.006680700,0.004546500
0.016116700,0.004377700,0.003904100
0.015981600,0.001638800,0.002119000
0.015071700,0.003093800,0.002747300
0.016881300,0.004426800,0.003912900
0.016202100,0.004337300,0.003772900
0.014008400,0.004257600,0.004270700
0.018699800,0.004083900,0.003722600
0.016751600,0.002636100,0.003401700
0.020536000,0.002144900,0.002412600
0.020348300,0.003313000,0.003489100
0.018213100,0.004366100,0.003963300
0.015206100,0.002991800,0.003610200
0.014086200,0.004236300,0.003929400
0.018704000,0.003724400,0.003337800
0.011669300,0.001803000,0.002654500
0.011390700,0.002441600,0.002929800
0.011423600,0.002182100,0.002060500
0.015996700,0.003987400,0.004193100
0.017766700,0.003161500,0.004611400
0.015225600,0.003982500,0.003524400
0.015621100,0.001813100,0.003959000
0.021045300,0.002739800,0.004052400
0.015819500,0.005231500,0.004330000
0.022301800,0.004436400,0.004518100
0.020105700,0.003743000,0.004018200
0.017367900,0.003785900,0.003323500
0.017122400,0.003421600,0.003263600
0.010803300,0.001712500,0.001684300
0.009616000,0.001817000,0.001386600
0.008869900,0.001583500,0.001313100
0.016201500,0.001588900,0.002104300
0.009655100,0.001665400,0.001367700
0.009118500,0.001484000,0.001352600
0.009013100,0.001596200,0.001404900
0.016443500,0.003140800,0.003478100
0.017796600,0.003649400,0.003681000
0.017108400,0.003693000,0.002689900
0.021424500,0.004141800,0.004234700
0.020436300,0.003653400,0.003916200
0.017801100,0.003740300,0.003347000
0.018188300,0.003684000,0.003471000
0.019876400,0.004362500,0.003996900
0.017016700,0.003729400,0.003381800
0.014081300,0.002472600,0.002041300
0.018987100,0.001567600,0.001320300
0.016069300,0.003690100,0.003828000
0.015480300,0.003882300,0.003567100
0.009899500,0.002099400,0.002401200
0.010509200,0.001600500,0.001718000
0.020672300,0.004104000,0.003412700
0.021433000,0.004428400,0.004056300
0.015276100,0.002424800,0.003418100
0.010784500,0.002299100,0.002010500
0.017802000,0.003744100,0.003561300
0.014765300,0.003014400,0.002609300
0.010763600,0.001685800,0.002191600
0.009387900,0.002230600,0.002434000
0.017303200,0.002750400,0.003392800
0.017860400,0.001925300,0.003979300
0.010477900,0.003526700,0.003701900
0.015279600,0.003631600,0.003586500
0.014678900,0.004008000,0.003544700
0.019358700,0.004538600,0.004057800
0.020559700,0.003188600,0.003625600
0.017729000,0.001606800,0.003447300
0.017833500,0.003120000,0.003587600
0.017055900,0.003976800,0.003411100
0.017744000,0.003842200,0.002866500
0.012726700,0.001920600,0.003044600
0.018699200,0.001898400,0.003372000
0.022366800,0.003570500,0.001691900
0.021132900,0.001749200,0.003360300
0.018311100,0.001904100,0.002921900
0.014403300,0.001924500,0.003089700
0.012005400,0.003827100,0.004233400
0.017821800,0.001794900,0.003419000
0.012469400,0.003695800,0.003970800
0.015163400,0.004459400,0.004374300
0.017998700,0.002443900,0.003523400
0.010705500,0.001596400,0.003531600
0.014699700,0.005121900,0.002178400
0.019686800,0.005330000,0.004211500
0.018045900,0.003890900,0.003922400
0.021293600,0.002017900,0.003961200
0.017836800,0.005053900,0.003839000
0.018866500,0.002146600,0.003914500
0.017456500,0.001636400,0.003159400
0.015919400,0.001794300,0.003144100
0.015555700,0.003833500,0.003458700
0.015720000,0.004165800,0.003545400
0.016761400,0.001670700,0.003973800
0.015827300,0.001651700,0.002639900
0.017724200,0.003320000,0.001629700
0.020113700,0.003328900,0.003825000
0.017750800,0.003728400,0.003953400
0.020326600,0.001900100,0.003365300
0.015444300,0.002890400,0.003416700
0.010462500,0.002102900,0.001819500
0.017619900,0.001604700,0.002275100
0.016432500,0.004536700,0.003183300
0.017756400,0.002951400,0.003724500
0.013181200,0.004320600,0.003386200
0.016773500,0.001685600,0.001744800
0.018407300,0.003606900,0.003847900
0.016538200,0.001556500,0.003660400
0.012461300,0.003392900,0.001787500
0.017053700,0.004373000,0.003626100
0.016341300,0.001579900,0.002950100
0.014436500,0.004420000,0.003630200
0.016578300,0.001590300,0.002748500
0.017725400,0.002806700,0.003875700
0.017418500,0.002333000,0.003691300
0.018583100,0.002636200,0.003420300
0.018825600,0.001761300,0.004137200
0.016202100,0.001864600,0.004011600
0.017371100,0.004511500,0.004549300
0.021177400,0.001643500,0.001724400
0.018266800,0.001679600,0.003898600
0.015958200,0.004286000,0.003795400
0.016590200,0.001781700,0.003474400
0.017404000,0.001723000,0.004015500
0.021093300,0.003895500,0.004453200
0.018279100,0.003608600,0.003856300
0.017325000,0.002714400,0.004060600
0.014932300,0.004333000,0.004621900
0.017319500,0.001941400,0.002300700
0.017044300,0.002024300,0.002484900
0.010451200,0.002520100,0.002001500
0.013164500,0.001611400,0.003393600
0.018134400,0.004701300,0.003984900
0.016751800,0.002567400,0.004284700
0.016194200,0.004696100,0.003778200
0.014212700,0.004280100,0.001518300
0.017588700,0.004333000,0.003726600
0.016321700,0.003719500,0.004088800
0.014545200,0.004301600,0.003961200
0.014652900,0.003312200,0.003547600
0.014124600,0.004301800,0.002978800
0.015667500,0.003874000,0.001946200
0.016424900,0.001961300,0.003408300
0.013287800,0.003132800,0.001864200
0.016300500,0.002730500,0.003592800
0.017833300,0.001595700,0.002868200
0.015058300,0.003739700,0.004018800
0.017700900,0.001596300,0.003368700
0.016248200,0.003163200,0.003363600
0.016696100,0.004493000,0.003469300
0.013665400,0.004341400,0.004120400
0.016883800,0.003905700,0.004020000
0.015195800,0.001616800,0.003198100
0.014473600,0.003627100,0.004125700
0.016929300,0.001622100,0.002420800
0.015207400,0.002976500,0.002612300
0.020167200,0.003552500,0.003529800
0.017671100,0.002703100,0.003986200
0.014833100,0.003614000,0.004052600
0.013861800,0.002444700,0.001822800
0.015562000,0.001990500,0.002906000
0.017119100,0.002614600,0.003648600
0.016554600,0.001561500,0.003076800
0.011618800,0.003738700,0.003399400
0.016377300,0.003209700,0.003896300
0.018036000,0.004993000,0.004120400
0.014566300,0.003886500,0.003169500
0.019833200,0.005301000,0.003786600
0.015817600,0.001607100,0.003538300
0.010343200,0.004379500,0.003928500
0.016693200,0.001614100,0.003130400
0.016694900,0.002059700,0.003504800
0.015852800,0.003108800,0.001460000
0.016479100,0.003759600,0.003384800
0.016600100,0.003248400,0.003909600
0.016732600,0.004412500,0.004919900
0.018349100,0.004731800,0.001573200
0.015517600,0.003950200,0.003410500
0.016912700,0.001916100,0.004040400
0.015633000,0.002045400,0.004333600
0.011988100,0.003745200,0.002482900
0.016342000,0.003927700,0.003978000
0.017672100,0.003314700,0.003309400
0.018594700,0.001589300,0.003462800
0.018465300,0.003215400,0.004350800
0.021003300,0.004500800,0.004140500
0.017024700,0.004273600,0.003585400
0.017853100,0.003612800,0.001591500
0.020196300,0.002279600,0.003966400
0.015937700,0.004352500,0.005010800
0.016432200,0.002010700,0.003970500
0.016551700,0.002787700,0.003477600
0.018034100,0.002286600,0.004889500
0.019336000,0.001589900,0.003654800
0.016137500,0.004338700,0.003917700
0.020905200,0.004439200,0.003702700
0.015635200,0.002105200,0.003934200
0.018310600,0.004705300,0.003966500
0.021957000,0.004337500,0.003913800
0.020335700,0.002443400,0.003995500
0.016742100,0.002337200,0.004012200
0.020855400,0.003771900,0.004050100
0.019663500,0.002095700,0.003938600
0.016943600,0.003297500,0.004016200
0.017851300,0.002790200,0.003150600
0.014200300,0.003012100,0.002532900
0.020321000,0.004510500,0.004310300
0.015299100,0.003999200,0.004064500
0.021437300,0.004664300,0.004290800
0.019308300,0.003667600,0.003342400
0.019895100,0.004996900,0.004206700
0.012817500,0.005252200,0.001885700
0.021111800,0.003205800,0.003439000
0.016105000,0.003412200,0.002578200
0.013460900,0.002768500,0.001995200
0.012479000,0.001801500,0.001395600
0.010501700,0.002163200,0.001282900
0.015059300,0.004554200,0.003925600
0.020678500,0.003803800,0.003405600
0.018387500,0.003796400,0.004385300
0.021711600,0.004514800,0.003873400
0.019082400,0.002915000,0.002260600
0.022136900,0.005150300,0.003759300
0.021046800,0.003844500,0.003911400
0.018351600,0.004915800,0.004225100
0.015256200,0.003570700,0.003881700
0.017029400,0.002097900,0.003894500
0.017887300,0.004394900,0.004148300
0.017910100,0.004747600,0.004567900
0.015390100,0.001711000,0.004342100
0.020885700,0.004596100,0.004737800
0.018469000,0.003917200,0.003442000
0.020869900,0.004955400,0.004283600
0.018683600,0.004041400,0.003393400
0.012083400,0.001746100,0.003765700
0.018242100,0.004511000,0.004227600
0.021687700,0.004404000,0.003673500
0.019069000,0.002695400,0.003492800
0.014183400,0.002533600,0.001940600
0.017868900,0.004125700,0.002902400
0.018170700,0.004255300,0.004153800
0.009543100,0.001897400,0.001248800
0.013331000,0.004443700,0.003696600
0.014749000,0.004351400,0.003906000
0.010970000,0.001984600,0.004105800
0.011389900,0.003969500,0.003731800
0.016280900,0.004591000,0.004162800
0.020940800,0.002676000,0.001531500
0.015383700,0.004167600,0.003736900
0.019209300,0.004524000,0.003490200
0.020540600,0.004127900,0.003554100
0.019843200,0.003324200,0.003934900
0.018665900,0.004318900,0.004331600
0.016093800,0.003885500,0.003945000
0.018431500,0.002751700,0.003337700
0.016548500,0.004101300,0.004200500
0.015604300,0.002756300,0.001961200
0.010689000,0.002583800,0.001821900
0.009895500,0.003672900,0.001371100
0.011316400,0.002092400,0.003714000
0.017624400,0.002578300,0.001879800
0.016031700,0.003178300,0.002426600
0.011266200,0.003554300,0.001490100
0.010586300,0.001885200,0.001268600
0.011947000,0.003442100,0.001401900
0.011109300,0.002178600,0.001328200
0.011154600,0.004604700,0.004228100
0.018177200,0.001844900,0.003907600
0.017293000,0.003591300,0.003228000
0.016813100,0.001691800,0.001357300
0.016472800,0.003888300,0.003375200
0.017305200,0.002789100,0.002643100
0.014439900,0.004019800,0.003401900
0.019948700,0.004333700,0.004132800
0.013525800,0.004047800,0.003392000
0.021020400,0.005223400,0.004240600
0.019625700,0.001976700,0.003902700
0.014608900,0.003956900,0.003511100
0.018893300,0.003266700,0.001776700
0.010347300,0.001651900,0.001792300
0.011153300,0.002246700,0.001959400
0.020931300,0.001738700,0.004276700
0.017486500,0.004337900,0.003863600
0.019993300,0.004327300,0.003865400
0.020662800,0.004158800,0.003455800
0.018176300,0.003325300,0.003255600
0.018733600,0.004490100,0.003513100
0.016190800,0.002662400,0.002236300
0.018902000,0.004007700,0.003774400
0.019103300,0.003438200,0.001563400
0.017700700,0.003278300,0.003313300
0.010255600,0.004100400,0.003958900
0.016705100,0.004128200,0.003905000
0.013916100,0.003060100,0.002579400
0.018242600,0.004194800,0.003355400
0.017216400,0.002886200,0.003336800
0.015003300,0.001631300,0.002662700
0.011002600,0.002288600,0.001986900
0.009907800,0.002277200,0.001808900
0.009287800,0.002335700,0.002076700
0.018290900,0.003991900,0.003485100
0.020609000,0.001677400,0.003733100
0.016141700,0.001600900,0.002459200
0.016351400,0.001649700,0.002381500
0.019565700,0.001742700,0.003270700
0.011257300,0.002268100,0.001950000
0.012609800,0.002526700,0.002275400
0.018275700,0.004699100,0.003130800
0.015684300,0.004233100,0.003429700
0.021349900,0.003296700,0.003434300
0.017518600,0.004144000,0.002807300
0.020416500,0.001839800,0.004292000
0.019721200,0.003959400,0.003587100
0.020234500,0.003512100,0.003935200
0.017936300,0.001680000,0.003128300
0.015761200,0.001685800,0.003660700
0.022467000,0.004408900,0.003778800
0.016267600,0.004424800,0.004263300
0.016811800,0.003802200,0.003501700
0.021145000,0.002094300,0.003854700
0.021088800,0.001900400,0.001574100
0.013214500,0.002739300,0.002649800
0.009688300,0.002297200,0.002789900
0.016964800,0.002657800,0.003527900
0.015199500,0.003987100,0.003439300
0.017018900,0.004301800,0.003801800
0.019918700,0.001753000,0.001510400
0.020894000,0.003177200,0.003642900
0.014664800,0.003873700,0.003592900
0.017986800,0.004990700,0.003653200
0.016839000,0.003110800,0.001618700
0.013838700,0.004049700,0.003766000
0.016409300,0.002618700,0.003664200
0.019981700,0.004178800,0.003565900
0.015481200,0.003912700,0.003658000
0.015755400,0.003755300,0.003327300
0.014836900,0.003893200,0.004500900
0.016022200,0.003785700,0.003594600
0.013251800,0.004957700,0.001991100
0.020430600,0.003896500,0.003639300
0.016607700,0.002160300,0.003753700
0.015610700,0.001566900,0.004241900
0.017863000,0.004106700,0.003215300
0.020433500,0.003965100,0.003951500
0.014896800,0.003546300,0.002954900
0.012344500,0.002275000,0.001987700
0.015585200,0.003364100,0.003973400
0.014415500,0.001507500,0.001373300
0.013296000,0.001650100,0.002205100
0.011780000,0.002271400,0.001956800
0.009137500,0.001678200,0.001346900
0.010096000,0.001925500,0.001630200
0.021842900,0.003848000,0.003928000
0.016463300,0.001623800,0.003576400
0.014603000,0.003166900,0.002178800
0.011476200,0.001494100,0.001251500
0.015567400,0.001694200,0.001601700
0.018595300,0.001601600,0.003089800
0.014062000,0.001579200,0.001912700
0.010903000,0.002109000,0.001980400
0.011149700,0.002271800,0.001971400
0.018104100,0.003860200,0.003525700
0.018748200,0.004329600,0.003482500
0.015028800,0.001615700,0.003252500
0.010413800,0.001733500,0.001478200
0.009346800,0.002356100,0.002025500
0.020959100,0.003189000,0.003474900
0.016222400,0.004353000,0.003914300
0.017312600,0.004209900,0.004208300
0.018503900,0.003024800,0.001510600
0.012866300,0.001557600,0.003493700
0.016903100,0.001900600,0.001534000
0.020245900,0.001652000,0.003440100
0.016753500,0.002709300,0.001488100
0.020184500,0.001689200,0.003308200
0.011424500,0.004317900,0.002794200
0.013509100,0.003723600,0.001956900
0.021017600,0.001583800,0.003640900
0.021629000,0.001633100,0.002300200
0.020134700,0.001870700,0.004251200
0.022305900,0.004164800,0.001708300
0.017477800,0.003747500,0.003489800
0.015973700,0.003779200,0.003150700
0.019931700,0.004184400,0.004080200
0.014714500,0.001703000,0.001916000
0.020363400,0.002619500,0.003623600
0.011507900,0.003986300,0.003683600
0.018042400,0.003679800,0.003387900
0.017836500,0.004423400,0.003881300
0.018361200,0.004356200,0.004039600
0.015414600,0.004206300,0.002346400
0.011228500,0.003413600,0.001755700
0.011135500,0.002218100,0.001966700
0.009176900,0.001463700,0.001247600
0.024714600,0.003054300,0.003490900
0.021599400,0.004745700,0.004144900
0.014378600,0.004399900,0.003936000
0.019222400,0.004389300,0.004350200
0.015703500,0.004398100,0.003839000
0.016030300,0.001577500,0.003388600
0.018589700,0.001632500,0.003544800
0.015348900,0.004846700,0.001839000
0.017460100,0.004063700,0.004018600
0.016036000,0.002512300,0.003462600
0.017792300,0.001724500,0.001509700
0.017890400,0.003308600,0.001554600
0.019147700,0.005076000,0.002956400
0.020255400,0.002190700,0.004015800
0.015820600,0.004849100,0.004092500
0.010032300,0.002196000,0.001988500
0.012121200,0.002476200,0.001510200
0.013543500,0.003608300,0.003525600
0.014791400,0.004139000,0.003396500
0.014993600,0.004292400,0.003422100
0.014094200,0.002061600,0.003713200
0.016152800,0.004718500,0.002313300
0.015485100,0.001640700,0.002538900
0.017198400,0.003724800,0.002589200
0.012914400,0.002510400,0.002081400
0.013913300,0.002368700,0.001514400
0.016642800,0.002845200,0.003463500
0.018050500,0.001893300,0.004298600
0.015277600,0.001657300,0.001410600
0.015994300,0.003768400,0.003350500
0.013573600,0.001951600,0.001424400
0.016961600,0.004268500,0.004670900
0.016308200,0.003598100,0.003376600
0.014898000,0.003696400,0.003621300
0.018335800,0.003809000,0.001518600
0.015491200,0.003654600,0.003334600
0.016079300,0.002957600,0.002846400
0.010553400,0.001649500,0.001636200
0.009959400,0.004632300,0.003959000
0.018008000,0.001549000,0.002910300
0.016093800,0.002854200,0.002777100
0.018409100,0.003577200,0.003439200
0.017252300,0.004312000,0.003791700
0.019936600,0.002176700,0.003477200
0.019290800,0.003770800,0.003483600
0.013245500,0.002755400,0.003587600
0.014446700,0.003623800,0.004142700
0.015367600,0.003684100,0.004022800
0.010509100,0.003050400,0.001450600
0.015806700,0.001610100,0.003118400
0.009761200,0.001624600,0.002133800
0.016988800,0.003552500,0.004045500
0.016414800,0.001638800,0.001602900
0.018979800,0.003874200,0.001514900
0.021202600,0.004008800,0.003960600
0.017576500,0.003026100,0.003379400
0.021588100,0.003975300,0.003575100
0.013793200,0.002623500,0.002059000
0.011159100,0.001819500,0.001530400
0.020090700,0.003849300,0.003427300
0.013165600,0.004415200,0.003800200
0.020506900,0.001891900,0.002107400
0.019751400,0.002092100,0.003647800
0.013480400,0.002902300,0.001417400
0.018217800,0.003359200,0.001389000
0.020454200,0.004861900,0.002003800
0.021528500,0.003652700,0.003966600
0.014674600,0.002095600,0.003303000
0.019462200,0.001887400,0.004058900
0.011980200,0.001808100,0.001817900
0.009760600,0.003628100,0.003986400
0.012470600,0.004522500,0.002324300
0.012486300,0.004557700,0.004068800
0.016135000,0.002405600,0.003646600
0.016840100,0.004073000,0.001845400
0.020244600,0.002260800,0.003081600
0.018865800,0.003381300,0.004102000
0.017465700,0.003739100,0.001647500
0.017161900,0.004926500,0.002706500
0.018243100,0.002339900,0.003948500
0.015533300,0.001675300,0.003599000
0.014829300,0.004237100,0.003797900
0.016371200,0.004763200,0.003894800
0.017626400,0.004721800,0.004823000
0.015008200,0.001681400,0.004001700
0.016251000,0.001864500,0.002371300
0.012201200,0.002217900,0.002990600
0.007703600,0.000882500,0.000748700
0.007295300,0.001553300,0.001318900
0.008138700,0.001530300,0.001237600
0.008933600,0.001758200,0.001414800
0.007903300,0.000982700,0.000741600
0.008921600,0.001244700,0.000812900
0.008498300,0.001596300,0.001387500
0.008361600,0.001652900,0.001416000
0.009502700,0.000925500,0.000723500
0.006948300,0.000874500,0.000718500
0.008410600,0.001596000,0.000809300
0.007725800,0.001534400,0.001236100
0.007587200,0.001487900,0.000854300
0.007925400,0.001021400,0.000868400
0.007563600,0.001494800,0.001290100
0.008202700,0.000998100,0.000761500
0.007003200,0.001569900,0.000756800
0.007463000,0.001364900,0.000824100
0.008127000,0.000955800,0.000789400
0.007650700,0.000920500,0.000735600
0.007222300,0.001654200,0.001210300
0.008472900,0.000984900,0.000813700
0.008236100,0.000963300,0.000736900
0.006737800,0.001438600,0.001210100
0.009415400,0.001467400,0.001355500
0.007427600,0.001445000,0.001403800
0.009275400,0.000918700,0.000738300
0.007354300,0.001049000,0.001138800
0.007886400,0.001573500,0.001323000
0.007002100,0.000893400,0.000746500
0.007182400,0.001514800,0.001261600
0.007144800,0.001393900,0.000907100
0.007869300,0.000979700,0.000809700
0.007188600,0.000943900,0.000766500
0.007116000,0.001565400,0.001226800
0.007504400,0.001390900,0.000895400
0.008337400,0.001582900,0.001273100
0.007674400,0.000947100,0.000813100
0.008037700,0.001014300,0.000897700
0.007187500,0.000934300,0.000764500
0.006439200,0.000903600,0.000758400
0.006731800,0.001109000,0.000751200
0.007584300,0.001030900,0.000827900
0.008132900,0.001563100,0.001292500
0.007475500,0.001187100,0.000866600
0.007812000,0.001201100,0.000850500
0.009060200,0.001591500,0.001274000
0.008665300,0.001804500,0.001282600
0.007492500,0.001089000,0.001328600
0.008903700,0.001519900,0.001273000
0.007000900,0.000882000,0.000761500
0.008074200,0.001605000,0.001353600
0.009048800,0.000889200,0.000736500
0.008051600,0.001616900,0.001488600
0.008070000,0.000944000,0.000747100
0.007832300,0.001716600,0.001123700
0.008598000,0.001625400,0.001354600
0.007740000,0.001426000,0.001226900
0.007517800,0.001009100,0.000789500
0.007738800,0.000953600,0.000790000
0.006817400,0.000881900,0.000731500
0.007917600,0.001010700,0.000786400
0.007304300,0.001559400,0.001259200
0.007082400,0.001418800,0.001203400
0.008236500,0.001597900,0.001364600
0.008072500,0.001549300,0.001235500
0.007061200,0.000884400,0.000779800
0.007210000,0.000892200,0.000810700
0.008119500,0.001033500,0.001396200
0.008113000,0.001700200,0.001316600
0.008320100,0.001682900,0.001391000
0.007814700,0.000956100,0.000833900
0.007015800,0.001010300,0.000817500
0.007326700,0.001140400,0.000794200
0.008371400,0.001499600,0.000810500
0.006724600,0.001501100,0.001515800
0.007285600,0.000976000,0.000810200
0.007033500,0.000877200,0.000717200
0.007363200,0.000875400,0.000804300
0.007629000,0.001561800,0.001328700
0.009640000,0.000942900,0.000735200
0.007008600,0.001470700,0.001541800
0.008425500,0.000953300,0.000761800
0.008563700,0.000934300,0.000854300
0.008746800,0.001400300,0.000836400
0.006241400,0.000909600,0.000760900
0.008670200,0.001142700,0.000777800
0.006525900,0.001726100,0.001331500
0.008651300,0.001035000,0.000828600
0.009049000,0.001702800,0.001302700
0.006664900,0.000854800,0.000720600
0.007135100,0.001052900,0.000898100
0.007685000,0.001555300,0.001335200
0.007694100,0.001904100,0.001392000
0.007496500,0.000923100,0.000721200
0.007506000,0.000914200,0.000721000
0.007208600,0.001437700,0.001234600
0.007587200,0.001662000,0.001367800
0.008906300,0.000863000,0.000742300
0.009277500,0.000921800,0.000732300
0.007230300,0.000921700,0.000715300
0.007910000,0.000882400,0.000717100
0.008848100,0.001829700,0.001010100
0.007180100,0.000966500,0.000782200
0.006752100,0.001449900,0.001251600
0.007537100,0.000972000,0.000813500
0.008618800,0.001846100,0.001354200
0.008707100,0.001610300,0.000963600
0.007995100,0.001435700,0.001225000
0.007663900,0.001817800,0.001356900
0.009264100,0.001487700,0.001257100
0.006905500,0.001771900,0.000890500
0.008249700,0.000994300,0.000754200
0.007782900,0.001450300,0.001242000
0.009160500,0.001040000,0.000815300
0.007184000,0.000957500,0.000766400
0.010031600,0.000912100,0.000721200
0.008204900,0.001757800,0.001349700
0.007182500,0.000946300,0.000727000
0.007362200,0.001430500,0.001411000
0.007729700,0.001668500,0.000869100
0.007016800,0.001486800,0.001352100
0.007160200,0.000946400,0.000750200
0.009092200,0.001607100,0.001371800
0.007280100,0.000923200,0.000721500
0.007616700,0.001595600,0.001310500
0.009348000,0.001558400,0.001246200
0.007425900,0.001603200,0.001409800
0.008105100,0.000939400,0.000752700
0.007282800,0.001793300,0.001472400
0.006918500,0.001016400,0.000788200
0.006685100,0.001433800,0.001259500
0.007033900,0.000968900,0.000890000
0.007998500,0.001001800,0.000763300
0.007210600,0.001506700,0.000788400
0.007088500,0.001465000,0.001061000
0.007220900,0.001684400,0.001419000
0.007590700,0.000882400,0.000794000
0.008214500,0.001624500,0.001074500
0.007742700,0.000912200,0.000741300
0.007048400,0.001542800,0.000915600
0.007583400,0.000903400,0.000778600
0.007585100,0.001601900,0.001509800
0.007425600,0.001091000,0.000783200
0.007720200,0.000923100,0.000724200
0.009200200,0.001621400,0.001388600
0.009553200,0.001003600,0.000831900
0.008171100,0.000993600,0.000764100
0.007699700,0.000983500,0.000949600
0.007071700,0.001024700,0.000843100
0.008581700,0.001503500,0.001239100
0.007173900,0.000907200,0.000829600
0.007828200,0.001006700,0.000835800
0.006814700,0.000940100,0.000773100
0.008694600,0.000947900,0.000840700
0.007976100,0.000980900,0.000812100
0.007987300,0.001588300,0.001268700
0.007080300,0.000904700,0.000718200
0.006537800,0.001702700,0.001384800
0.006749600,0.000877300,0.000713400
0.007233300,0.000905200,0.000726700
0.007219700,0.001712600,0.001345400
0.007888800,0.001440500,0.001310800
0.008427100,0.000984700,0.000807800
0.007135000,0.000926400,0.000776600
0.006766800,0.000859500,0.000714900
0.006870600,0.001558300,0.001308700
0.007074700,0.000931500,0.000730800
0.007689600,0.001613400,0.001370300
0.007174400,0.000902500,0.000711000
0.007183800,0.001584300,0.001359700
0.007751900,0.002090000,0.001556700
0.007587400,0.000910100,0.000724900
0.007614000,0.001171600,0.000818200
0.008002000,0.001028300,0.000760400
0.007129400,0.000939400,0.000814100
0.007225900,0.001585000,0.001358400
0.008019400,0.001509400,0.001348600
0.008464600,0.001533300,0.001272200
0.007263800,0.001442200,0.002091100
0.009148600,0.000975300,0.000791700
0.007590600,0.000882800,0.000761800
0.007465800,0.000872400,0.001062800
0.008420100,0.001569800,0.001357000
0.007203900,0.000870300,0.000765300
0.007219200,0.000981200,0.000800700
0.008039100,0.001802800,0.001448700
0.007624400,0.001849000,0.001443800
0.006770300,0.000979100,0.000787800
0.007370700,0.001552900,0.001363700
0.007759800,0.000983500,0.000827500
0.007723800,0.001846900,0.001255800
0.007850800,0.000981400,0.000816400
0.009423500,0.001617900,0.001306300
0.007641300,0.000918000,0.000828500
0.009187500,0.001019200,0.000786800
0.007164000,0.000908000,0.000717200
0.007075000,0.000953700,0.000759300
0.007195900,0.001148000,0.000913900
0.008259000,0.001006700,0.000799400
0.008108500,0.000987600,0.000779800
0.007341200,0.000869100,0.000718600
0.008266300,0.000979400,0.000753800
0.008729900,0.001706600,0.001340700
0.007738700,0.001268500,0.000768000
0.007414700,0.001600700,0.001279300
0.007100500,0.000941400,0.000775200
0.007457300,0.000901500,0.000758500
0.007172700,0.001161800,0.000767400
0.009195400,0.001712000,0.001329300
0.006175700,0.001008000,0.000782900
0.007857300,0.001014000,0.000812700
0.007112400,0.000973200,0.000769100
0.007054500,0.001633000,0.001250200
0.007245200,0.001160800,0.000836500
0.006762500,0.000947700,0.000737900
0.007149800,0.000925800,0.000734900
0.007022700,0.001559100,0.001224600
0.007235900,0.001606100,0.001378800
0.007377500,0.000957100,0.000742000
0.006987500,0.001429800,0.001244400
0.006743600,0.000896600,0.000767600
0.007239300,0.001075800,0.000726600
0.007122900,0.001580800,0.001340800
0.008038700,0.000880500,0.000741900
0.008569100,0.001580300,0.001045000
0.007312300,0.001532600,0.001247400
0.006805400,0.001299800,0.000800500
0.007760000,0.000982000,0.000815700
0.007148000,0.001517600,0.001378500
0.006510400,0.000910900,0.000746300
0.008381600,0.001003400,0.000825800
0.008954100,0.000941900,0.000774200
0.006450100,0.000880900,0.000825500
0.007253500,0.000982300,0.000817000
0.007373100,0.001700200,0.001320000
0.006637100,0.000905200,0.000752600
0.007588400,0.000909200,0.001453800
0.006264300,0.000870000,0.000735200
0.006914100,0.000896900,0.000757000
0.007533800,0.001463200,0.001329900
0.007261600,0.001645400,0.000879600
0.007753100,0.001611100,0.001315300
0.008876400,0.001461900,0.001254200
0.006571500,0.001656200,0.001404200
0.008737800,0.001660000,0.001306600
0.007722800,0.001001900,0.000869600
0.007469700,0.001030000,0.000822200
0.007384900,0.000983900,0.000784400
0.006645400,0.000910900,0.000755100
0.005908500,0.000898800,0.000762800
0.006496100,0.001156600,0.000842900
0.007811000,0.000974000,0.000791600
0.006721400,0.001557400,0.001262100
0.006228800,0.001524600,0.000802100
0.006661200,0.001010600,0.000867200
0.006724900,0.000999500,0.000787600
0.006838400,0.000947300,0.000790500
0.007496000,0.000899300,0.000763200
0.007088400,0.000992100,0.000792500
0.007340100,0.000980400,0.000803400
0.006640000,0.001508800,0.001272000
0.006552800,0.000968300,0.000764000
0.007304400,0.001670700,0.001366200
0.006671600,0.000907800,0.000736800
0.006999500,0.001883800,0.001431500
0.007224400,0.001468700,0.001261400
0.006810800,0.000937100,0.000788800
0.008482400,0.001009200,0.000780700
0.009994600,0.000903800,0.000750500
0.006822200,0.001267700,0.000742100
0.007565600,0.002303300,0.001380500
0.007855900,0.001732600,0.001260200
0.007450100,0.001588600,0.001343600
0.007044300,0.000922700,0.000762300
0.006604400,0.000942500,0.000759300
0.007227500,0.000997500,0.000827800
0.006809200,0.001784700,0.001372500
0.006829800,0.000917400,0.000748200
0.007948700,0.001038700,0.000873400
0.007826300,0.000982100,0.000794700
0.007629800,0.001240900,0.000792500
0.006308700,0.000963500,0.000784800
0.006791300,0.001639900,0.001025400
0.007144100,0.001028000,0.000822600
0.007248800,0.000977700,0.000748100
0.006622100,0.001503200,0.000786200
0.006257900,0.001394900,0.001234600
0.006635300,0.001985300,0.001394000
0.007099400,0.000937300,0.000751900
0.006816400,0.000888200,0.000790800
0.007401400,0.001119200,0.000895500
0.007273700,0.000931600,0.000737400
0.006601600,0.000943500,0.000764600
0.006076600,0.000890300,0.000808200
0.007209000,0.000889300,0.000733500
0.008320700,0.001022600,0.000852500
0.007940700,0.000947800,0.000735100
0.006817500,0.001623300,0.001278900
0.006599000,0.001875700,0.001363200
0.006699300,0.000942800,0.000755400
0.006598900,0.001543000,0.001248500
0.006211100,0.001391200,0.000804800
0.006606400,0.001035000,0.000835900
0.006661400,0.001549700,0.001289100
0.006570500,0.001913800,0.001222800
0.006214400,0.001011300,0.000868100
0.007355400,0.000989300,0.000821100
0.009092500,0.000942800,0.000765500
0.006893600,0.001699500,0.001061500
0.007201800,0.001865700,0.001347700
0.007094400,0.001639300,0.001332200
0.006804400,0.000928100,0.000881000
0.007568700,0.001016900,0.000821100
0.007325100,0.000919500,0.000748200
0.005942200,0.000889800,0.000748800
0.006423100,0.000966700,0.000753300
0.006269900,0.001836000,0.001510200
0.006617300,0.000993800,0.000788100
0.006958700,0.001587600,0.001254000
0.006697600,0.000896100,0.000783800
0.006827800,0.001709500,0.001407200
0.007553400,0.000973800,0.000765600
0.006655900,0.000923500,0.000749400
0.006880600,0.000897400,0.000738400
0.007194400,0.001084000,0.000845500
0.008388200,0.000978600,0.000766800
0.007094300,0.001672800,0.001309600
0.006076100,0.000899300,0.000745600
0.007018500,0.001464900,0.000864500
0.007193400,0.000956600,0.000799900
0.006432100,0.000983800,0.000815400
0.006837800,0.001851800,0.001294700
0.006648900,0.000966900,0.000858900
0.007392200,0.000998100,0.000801100
0.008280100,0.000986600,0.000778500
0.007692400,0.001595800,0.001210200
0.007084400,0.001687700,0.001594300
0.007118800,0.000981500,0.000798800
0.007237900,0.001723300,0.001240800
0.007498900,0.001693600,0.001368800
0.006803200,0.001554500,0.001266200
0.006787500,0.001557900,0.000788600
0.007334400,0.001017600,0.000843600
0.006524300,0.000967000,0.000771400
0.006350800,0.000940800,0.000758400
0.006069700,0.000912400,0.000769400
0.007976300,0.000892100,0.000787100
0.006788300,0.001039500,0.001022700
0.007934400,0.001018600,0.000798800
0.006749800,0.001545500,0.001285700
0.006271500,0.001160400,0.000747600
0.006703600,0.001674500,0.000966200
0.006690400,0.000997800,0.000798600
0.006974500,0.001440400,0.001242200
0.007383700,0.000968100,0.000807100
0.007884900,0.000969300,0.000785000
0.007666100,0.001570500,0.001251700
0.007495600,0.001709100,0.000955400
0.006975900,0.001040300,0.000802200
0.007552900,0.000952700,0.000769000
0.008135800,0.000938600,0.000752600
0.008476600,0.001010300,0.000831100
0.006394300,0.000986100,0.000791300
0.006572800,0.000991200,0.000771800
0.006450800,0.001601500,0.001218500
0.006446000,0.001668800,0.000833300
0.007071700,0.000982900,0.000769700
0.006341700,0.000957700,0.000814200
0.006490600,0.001624800,0.001247500
0.006493600,0.001035700,0.000833700
0.007003300,0.001887800,0.001404600
0.006661100,0.000931300,0.000742700
0.007229300,0.001818600,0.001417100
0.009199600,0.000939600,0.000760100
0.007287100,0.000907100,0.000756300
0.007185100,0.000960600,0.000819900
0.008310900,0.000991000,0.000796100
0.006970000,0.000980500,0.000760100
0.008955500,0.000918100,0.000764200
0.007521000,0.001728100,0.001546700
0.007669200,0.000968000,0.000777300
0.006485100,0.000916100,0.000741900
0.006952500,0.000990400,0.000772400
0.007151100,0.001011800,0.000820700
0.007691000,0.000988200,0.000802400
0.006497100,0.000957500,0.000764200
0.009041000,0.001095300,0.001019200
0.006959800,0.001590800,0.001226500
0.009008700,0.000943400,0.000774800
0.006716200,0.001668100,0.001265900
0.006796100,0.001727600,0.001692600
0.007816600,0.000920600,0.000776000
0.007002100,0.000976500,0.000803400
0.006523300,0.001026000,0.000829900
0.006797500,0.000926500,0.000744400
0.006843700,0.001436100,0.001235300
0.008171600,0.001647800,0.001436900
0.006919800,0.000961000,0.000782100
0.007140200,0.000953100,0.000752300
0.006978700,0.001013100,0.000919600
0.009149500,0.001679500,0.001358000
0.007095800,0.000888200,0.000839900
0.007020900,0.001635200,0.001391700
0.007923500,0.000969300,0.000813300
0.007003200,0.001589200,0.001259900
0.007387500,0.002114300,0.001344500
0.006943900,0.000976000,0.000763800
0.006492200,0.000914300,0.000740100
0.006581100,0.000930700,0.000746700
0.007047500,0.001019100,0.000790400
0.007188600,0.000968300,0.000837000
0.006724700,0.001472900,0.001251300
0.006804200,0.001034600,0.000785700
0.008110400,0.000957500,0.000746800
0.006566100,0.000892300,0.000757300
0.007182700,0.000924000,0.000796500
0.008818400,0.001007200,0.000778600
0.006377000,0.000979900,0.000800400
0.006929400,0.000884000,0.000724400
0.007398600,0.000884900,0.000782000
0.007337700,0.001767900,0.001330000
0.006831900,0.000962000,0.000769900
0.006387000,0.000930000,0.000754400
0.007427800,0.001006300,0.000811300
0.006446300,0.001458900,0.001237400
0.008764800,0.001016300,0.000768200
0.006268700,0.001597500,0.001263600
0.006813800,0.001696700,0.001220100
0.007463200,0.001589200,0.001347100
0.006845100,0.000912200,0.000757500
0.006790500,0.001750400,0.001322500
0.007017500,0.000969400,0.000781500
0.006935700,0.001571400,0.001260700
0.007939500,0.000994700,0.000798700
0.007372500,0.001027400,0.000815300
0.007031600,0.001610300,0.001325700
0.006653200,0.000926600,0.000765700
0.007150600,0.000960400,0.000760200
0.007529500,0.000996000,0.000828000
0.006573900,0.001708200,0.001269900
0.007551700,0.001789900,0.001488400
0.008392600,0.000965800,0.000770000
0.007228700,0.001471000,0.001277600
0.007525200,0.001540500,0.001284000
0.007676700,0.000903400,0.000837900
0.007932500,0.001013600,0.000802000
0.007389100,0.000950100,0.000757800
0.008110300,0.000894700,0.000759100
0.006487700,0.000897600,0.000766700
0.006768800,0.001632900,0.001344500
0.006791200,0.000908900,0.000763600
0.008981200,0.000924100,0.000834300
0.007787600,0.001040500,0.000800800
0.006387000,0.000939000,0.000744100
0.006338400,0.001584500,0.001247100
0.006481700,0.000913200,0.000860000
0.007468100,0.000979400,0.000803100
0.006676300,0.000948800,0.000794300
0.007196900,0.000919500,0.000759300
0.006063400,0.001417800,0.001251500
0.006853000,0.002144300,0.001344100
0.007066000,0.000892500,0.000752800
0.007988100,0.000989000,0.000806300
0.009041000,0.001003000,0.000749000
0.007130200,0.000930200,0.000747000
0.007959600,0.000932600,0.001420800
0.007027000,0.000954000,0.000746900
0.006498200,0.000921300,0.000835800
0.006997200,0.000998700,0.000819300
0.007120400,0.000967500,0.000806400
0.008506400,0.000891600,0.000748300
0.007303600,0.001522900,0.000786700
0.008461000,0.001632900,0.000894800
0.007217800,0.000971900,0.000780700
0.007519500,0.000877600,0.000747100
0.007356800,0.001856300,0.001369100
0.006533700,0.000915100,0.000757600
0.006739500,0.001831300,0.001152000
0.009612900,0.000970000,0.000760100
0.007158200,0.000900600,0.000738200
0.006996200,0.000922200,0.000749500
0.007459500,0.001003700,0.000805000
0.008808200,0.000945100,0.000748400
0.007417600,0.001764400,0.001261800
0.006891700,0.000992400,0.000859600
0.007936600,0.001031500,0.000819400
0.007103500,0.000949000,0.000749700
0.006069000,0.001450000,0.000767400
0.006115900,0.001435100,0.000841200
0.007293200,0.000992000,0.000799200
0.007481600,0.000968700,0.000769200
0.006337800,0.001492900,0.001259900
0.006623400,0.000969800,0.000851800
0.007982300,0.001012500,0.000867300
0.009970900,0.000911200,0.000775400
0.006387100,0.000904100,0.000756800
0.006422700,0.000901900,0.000774200
0.009229800,0.001023000,0.000784600
0.006583900,0.000995600,0.000850000
0.006647200,0.001747800,0.001242400
0.007182600,0.001019000,0.000814600
0.007338200,0.001208000,0.000793500
0.006700600,0.001416000,0.001243700
0.008375200,0.001748700,0.001552200
0.007878600,0.000909300,0.000749400
0.007371300,0.002010700,0.000975000
0.006707900,0.000987500,0.000739000
0.007603900,0.001727100,0.000849200
0.006430100,0.000942900,0.000778700
0.008901900,0.000946100,0.000946600
0.008457200,0.001040800,0.000840700
0.006575100,0.000958100,0.000759700
0.007912800,0.000916100,0.000747700
0.006671000,0.000926000,0.000803100
0.008204600,0.001023900,0.000781300
0.006495300,0.000953900,0.000798200
0.006391900,0.000914900,0.000745700
0.007019600,0.001543600,0.001351100
0.007105400,0.000990000,0.000811100
0.008046300,0.000992300,0.000778900
0.007778300,0.000986500,0.000790400
0.008207100,0.000934400,0.000874500
0.006782400,0.001047300,0.000833100
0.006858100,0.000940800,0.000799200
0.006872000,0.000888300,0.000755900
0.007129600,0.001194300,0.000863200
0.008324400,0.000974900,0.000786100
0.007307000,0.000948300,0.000787500
0.006300100,0.000913200,0.000763500
0.006646500,0.000899000,0.000797700
0.009031500,0.001493300,0.000804200
0.006772800,0.001821300,0.001311800
0.006436300,0.000905300,0.000760000
0.007129100,0.001856700,0.001405800
0.010321000,0.000946400,0.000771400
0.006353300,0.000921400,0.000773400
0.007079100,0.000987500,0.000769200
0.008835900,0.000973600,0.000790700
0.007250100,0.000940600,0.000762000
0.006258700,0.001480200,0.000894400
0.008001300,0.000977600,0.000799300
0.006966200,0.001535600,0.001307400
0.007605100,0.002239700,0.001441200
0.007503900,0.001437600,0.001165200
0.006657500,0.001711400,0.001581200
0.006701900,0.000990500,0.000823800
0.007292700,0.000936000,0.000775300
0.006980700,0.000971200,0.000766000
0.008038400,0.001847100,0.001349200
0.006754800,0.000916800,0.000750600
0.006978700,0.001425400,0.001597600
0.006523700,0.000985300,0.000769200
0.006479500,0.000919700,0.000820500
0.006504800,0.000956500,0.000817200
0.006303700,0.000952900,0.000787700
0.006997500,0.000946000,0.000803000
0.007362600,0.001507200,0.001235700
0.006164100,0.001294000,0.000884900
0.006585400,0.000972500,0.000784900
0.008432100,0.001527900,0.001303100
0.007489500,0.001043400,0.000811800
0.007591500,0.001774100,0.001383500
0.007807400,0.001016900,0.000827000
0.006800800,0.000930600,0.000807200
0.006261900,0.000897200,0.000758200
0.006677700,0.001214800,0.000766300
0.007366000,0.001979400,0.001380600
0.007837400,0.000945600,0.000763800
0.006771600,0.001823500,0.001373400
0.007981000,0.001891600,0.001413000
0.009638700,0.000898800,0.000752900
0.006574500,0.001558500,0.001319400
0.007750100,0.000961800,0.000754600
0.007209700,0.001447700,0.001239400
0.007517000,0.001589600,0.000875000
0.007156600,0.000978500,0.000814900
0.007195100,0.000976600,0.000756000
0.006586100,0.001421100,0.001207800
0.007531000,0.001694100,0.001375300
0.006924900,0.000902400,0.000752400
0.008479000,0.000995800,0.000808000
0.008430600,0.000914600,0.000737900
0.007157000,0.001816000,0.000762600
0.006503500,0.001747700,0.001407400
0.007752700,0.000987000,0.000785900
0.006654200,0.001622600,0.001232900
0.006433800,0.001791100,0.001144700
0.007078200,0.001570800,0.001349300
0.009084900,0.000921000,0.000807300
0.007282000,0.000993400,0.000839600
0.008781000,0.000991200,0.000774700
0.006674100,0.001419700,0.001217000
0.006600300,0.001004100,0.000830800
0.010781300,0.000940100,0.000772800
0.006523000,0.000930000,0.000762800
0.012774700,0.001863700,0.001644200
0.009331200,0.001108800,0.001011300
0.009598900,0.002008500,0.001247400
0.007630700,0.001105500,0.000826900
0.006957700,0.000982100,0.000769700
0.006821200,0.001416800,0.001235900
0.007689600,0.001986700,0.001341200
0.007818700,0.000877200,0.000804400
0.007259200,0.001583600,0.001389600
0.007971400,0.001523500,0.001282200
0.007331400,0.001012000,0.000797400
0.008158500,0.001011500,0.001430600
0.007022700,0.001540100,0.001259900
0.006740800,0.000953600,0.000865600
0.007959300,0.001057700,0.000827800
0.007015300,0.000984000,0.000764800
0.006825400,0.000890400,0.000744000
0.007306300,0.001470000,0.001469700
0.007262200,0.001036900,0.000808900
0.006527000,0.000952400,0.000762600
0.006595300,0.000953700,0.000758800
0.006814300,0.001115200,0.000786000
0.007526400,0.001772300,0.001925000
0.007198000,0.001589800,0.000800200
0.006491200,0.000928800,0.001207500
0.006750900,0.000924800,0.000739300
0.006804900,0.000984700,0.000790700
0.008184000,0.000990000,0.000820300
0.007056700,0.001626400,0.001248300
0.007512900,0.000978400,0.000776100
0.006553400,0.001652400,0.001340700
0.006118000,0.001439400,0.001251700
0.006721000,0.000943400,0.000842300
0.007249700,0.001107900,0.000849500
0.009443800,0.000966800,0.000811600
0.006250700,0.000936400,0.000765900
0.006565700,0.000994000,0.000844100
0.006900000,0.002160300,0.001388600
0.006992700,0.000898100,0.000766700
0.006685900,0.001605100,0.001332600
0.009280800,0.000883000,0.000759400
0.006382000,0.001013500,0.000849100
0.008657200,0.001018100,0.000823700
0.007420600,0.000935900,0.000756800
0.007877800,0.000979400,0.000760600
0.006987500,0.001653000,0.001367400
0.007018700,0.000918400,0.000760000
0.006762200,0.003175800,0.000890700
0.007022700,0.001019100,0.000782000
0.006485500,0.000958200,0.000767000
0.006840600,0.001687300,0.001218500
0.008883200,0.001708700,0.001323600
0.006820000,0.000941900,0.000773300
0.007456100,0.001594200,0.001339200
0.009526700,0.000900000,0.000802400
0.007181200,0.001864100,0.001379300
0.006801700,0.000915000,0.000772300
0.007071200,0.002108300,0.001368100
0.007181400,0.000922600,0.000771400
0.008412600,0.001021100,0.000822400
0.006855700,0.001007500,0.000812400
0.006630300,0.000952600,0.000768200
0.009129700,0.001221100,0.000880500
0.006255000,0.001440500,0.001231400
0.006593300,0.001060200,0.000932400
0.007077800,0.000998000,0.000889200
0.006692700,0.000999600,0.000791000
0.007104000,0.001467800,0.000786200
0.006617400,0.000937900,0.000780800
0.007700000,0.001062200,0.000813100
0.008496300,0.000958800,0.000765700
0.006673100,0.000964600,0.000752000
0.006179800,0.000919900,0.000755200
0.007728200,0.001185200,0.000919600
0.007903100,0.001007700,0.000781600
0.006216100,0.001428800,0.001218400
0.007215900,0.001173800,0.000940300
0.008151400,0.001008500,0.000790000
0.007214900,0.001714200,0.001305800
0.007513100,0.000975800,0.000765100
0.006750600,0.000943900,0.000768300
0.008659200,0.000913800,0.000757200
0.008606600,0.001613100,0.000836900
0.007362200,0.000969900,0.000775100
0.006550700,0.000919400,0.000754100
0.006210200,0.000858000,0.000801700
0.007216000,0.001504800,0.001324900
0.006225700,0.000993000,0.000780100
0.007652100,0.001629100,0.000843900
0.006760700,0.001001700,0.000804200
0.007015200,0.000948500,0.000762700
0.008043900,0.000938000,0.000775100
0.008123100,0.001548100,0.001262200
0.006155400,0.000892200,0.000756900
0.006416100,0.001750600,0.001556000
0.006820700,0.001012500,0.000813100
0.009390700,0.001618700,0.001249400
0.006785100,0.000937500,0.000763500
0.006975800,0.001091200,0.000957300
0.009010800,0.001032900,0.000800300
0.006437700,0.001008500,0.000774600
0.008390800,0.000942200,0.000763900
0.006592100,0.001612900,0.001340100
0.007139300,0.000950200,0.000743500
0.008295300,0.001038700,0.000832400
0.006325300,0.000976400,0.000789400
0.006610500,0.000949500,0.000759000
0.006014500,0.000921500,0.000815100
0.006260800,0.000936900,0.001009700
0.007894400,0.001009000,0.000805700
0.007950700,0.000962300,0.000791000
0.006706000,0.000935400,0.000785700
0.006412900,0.001578600,0.001352400
0.006863100,0.000976500,0.000795800
0.007011600,0.001516300,0.001261100
0.006447500,0.000901700,0.000751100
0.006385100,0.000974700,0.000805500
0.006522200,0.000951200,0.000783100
0.006767600,0.000939400,0.000767300
0.006212000,0.000938400,0.000921100
0.007955900,0.001094900,0.000887200
0.006880100,0.000954000,0.000763000
0.007129300,0.000908300,0.000756100
0.006793800,0.000900200,0.000898800
0.008828800,0.001021900,0.000774400
0.009354900,0.000943000,0.000813700
0.006471300,0.001461200,0.000858500
0.008691500,0.001057900,0.000836200
0.007430500,0.001525400,0.001257700
0.008257400,0.002093600,0.001382400
0.006385800,0.000923800,0.000823000
0.006290300,0.001419600,0.001217300
0.007757500,0.000977200,0.000779700
0.007008500,0.001006900,0.000831800
0.006967100,0.001643400,0.001262400
0.009861700,0.001078100,0.000861600
0.008233300,0.000971500,0.000811000
0.006462400,0.000956700,0.000753600
0.006217900,0.001433400,0.001239800
0.006821700,0.001026800,0.000835500
0.007443000,0.001035200,0.000812700
0.006899600,0.001031900,0.000774300
0.007064200,0.000928800,0.000749300
0.006910500,0.000918000,0.000817400
0.007104000,0.001024100,0.000848400
0.006749700,0.001022500,0.000828900
0.007608600,0.000947100,0.000766600
0.006650500,0.001845200,0.001268200
0.007428700,0.001796700,0.001376200
0.006501400,0.001420700,0.001213100
0.006214900,0.000945600,0.000811100
0.007147500,0.001688300,0.001362900
0.007124100,0.001872100,0.001236600
0.007335500,0.001864800,0.001365700
0.007761300,0.001770900,0.001284100
0.006975800,0.000919300,0.000780300
0.007035300,0.001815800,0.001353500
0.006950000,0.001445800,0.000992900
0.009287000,0.000956700,0.000780200
0.006739300,0.001830300,0.001250800
0.006345600,0.001033600,0.000911100
0.008793500,0.001025600,0.000816800
0.006765200,0.000980300,0.000767500
0.006901600,0.000894500,0.000722200
0.007078900,0.001873100,0.001180500
0.007877500,0.000961700,0.000755400
0.006805300,0.000956400,0.000762300
0.006464100,0.000895700,0.000875100
0.008602200,0.001556600,0.001314200
0.006504300,0.000895400,0.000807700
0.007100400,0.001029500,0.000858900
0.009804400,0.001553700,0.001242800
0.008621700,0.001670800,0.001428800
0.006862100,0.001141700,0.001048600
0.008215900,0.001099000,0.000780100
0.006800800,0.000973200,0.000764300
0.007215000,0.001481800,0.001228800
0.007077500,0.002099900,0.001354200
0.006765800,0.000972000,0.000765600
0.006561100,0.000893900,0.000731100
0.006935400,0.001075300,0.000847200
0.008027600,0.001063500,0.000827700
0.007237000,0.000932300,0.000745400
0.008051900,0.001529300,0.001231300
0.007248700,0.001597500,0.000912800
0.007556200,0.000986200,0.000784400
0.006681500,0.000914300,0.000747300
0.006483300,0.001463100,0.001215600
0.006673400,0.001059800,0.000842700
0.007058000,0.001046600,0.000840800
0.007337000,0.000971000,0.000769800
0.006840600,0.000922400,0.000756000
0.009071900,0.001563800,0.001326900
0.009387700,0.000926300,0.000790200
0.008343500,0.001583800,0.001341300
0.006946800,0.001025200,0.001098500
0.006932800,0.000905300,0.000717600
0.006410900,0.001036200,0.000725000
0.006742600,0.001505200,0.000915000
0.007844000,0.001010500,0.000801100
0.006696000,0.000977500,0.000806800
0.006147500,0.001423500,0.001224300
0.006671100,0.001026300,0.000843600
0.007814700,0.001020300,0.000820500
0.006843400,0.000941200,0.000753700
0.006184100,0.001415500,0.001188500
0.006148000,0.001549900,0.000874700
0.007982400,0.001600000,0.001333200
0.006786800,0.000929600,0.001763200
0.006824400,0.000890000,0.000815400
0.007879800,0.001616200,0.001219300
0.008180300,0.001694000,0.001330800
0.007191800,0.001750600,0.001438100
0.007008300,0.000909000,0.000832700
0.007257800,0.000915700,0.000906800
0.008142600,0.001922800,0.001441600
0.007228900,0.000932000,0.000774100
0.008162800,0.001043500,0.000837400
0.007056800,0.000982400,0.000763300
0.006568400,0.000903300,0.000769500
0.007329000,0.001679600,0.001328500
0.006447500,0.000873400,0.000730600
0.006785400,0.001837600,0.001124000
0.007202800,0.001592000,0.001311700
0.006665100,0.001035500,0.000876100
0.006751200,0.001618200,0.001396500
0.006408900,0.000994800,0.000798800
0.006416600,0.000916100,0.000829200
0.006672200,0.001554200,0.000757600
0.008153800,0.001735300,0.001390700
0.008146100,0.000987700,0.000789400
0.006158500,0.001504900,0.001255300
0.006168700,0.001622000,0.001295900
0.006799000,0.001451800,0.000783600
0.006439400,0.000911700,0.000755200
0.009281900,0.001010200,0.000793800
0.006798500,0.000972200,0.000781000
0.007460800,0.001629600,0.000978500
0.008623300,0.001898300,0.001526200
0.007364000,0.000915200,0.000804100
0.007301700,0.001854900,0.001460000
0.007007900,0.001002200,0.000769900
0.007106400,0.000929300,0.000733200
0.006217500,0.001541500,0.000928100
0.007753800,0.001004300,0.000805600
0.006421400,0.000951100,0.000787600
0.006240400,0.000925800,0.000758300
0.007041600,0.000881800,0.000769600
0.007328200,0.001006600,0.000788800
0.006805800,0.001033500,0.000766600
0.006299900,0.000932900,0.000751300
0.006259100,0.001399800,0.001055100
0.006632000,0.001682500,0.001352000
0.006895800,0.000914000,0.000760400
0.006220800,0.001508000,0.000789400
0.006374300,0.000970000,0.000842600
0.007587400,0.001565600,0.001360200
0.006671900,0.001651600,0.001247200
0.007320000,0.001056000,0.000843500
0.007108300,0.001037700,0.000836800
0.006250300,0.001678700,0.000806300
0.006135200,0.001415600,0.001352300
0.006948000,0.001514800,0.000913800
0.006749100,0.001111500,0.000813600
0.006647400,0.001499200,0.001274400
0.006107600,0.000932700,0.000923000
0.006057200,0.001875000,0.001635200
0.006769600,0.000957600,0.000797300
0.006420700,0.001315900,0.001032900
0.006910300,0.001069300,0.000842900
0.007967400,0.000969100,0.000759400
0.006359100,0.001449400,0.000779100
0.006202100,0.001250500,0.000870800
0.006523600,0.000960200,0.000796300
0.006278700,0.001036400,0.000859800
0.006621300,0.001455500,0.001137900
0.007264000,0.001841100,0.001488000
0.006319900,0.000934600,0.000747300
0.006251300,0.001685400,0.000865200
0.006566400,0.001722300,0.001509600
0.006102800,0.000868900,0.000775700
0.006036900,0.001600200,0.001171200
0.006499000,0.001008700,0.000819600
0.007082200,0.001568100,0.001336100
0.006383000,0.000933400,0.000784100
0.006544300,0.000942100,0.000791000
0.006352100,0.000991800,0.000818800
0.006698700,0.000999000,0.000804800
0.007059300,0.000963000,0.000765200
0.006956800,0.001420200,0.001221400
0.007599700,0.000948900,0.000779500
0.006420600,0.000900100,0.000723400
0.008872300,0.000980100,0.000900000
0.006485800,0.001603700,0.001371100
0.006286600,0.001547200,0.000865900
0.006765500,0.000895700,0.000783200
0.007222000,0.001003900,0.000823800
0.007338500,0.000972100,0.000832200
0.006190000,0.001430300,0.001225300
0.006308100,0.001012000,0.000766000
0.006693800,0.000953100,0.000802900
0.006573400,0.001816400,0.001372700
0.006294800,0.000883800,0.000718600
0.006127300,0.000997000,0.000838000
0.006809000,0.000958600,0.000771800
0.006236600,0.001027300,0.000763300
0.006172800,0.001496200,0.001251900
0.006298500,0.000972900,0.000879800
0.007294300,0.001046400,0.000792300
0.008382900,0.001534800,0.001266800
0.006346900,0.000905300,0.000774100
0.006637100,0.000966500,0.000861700
0.006228500,0.000976400,0.000821200
0.007158400,0.000963100,0.000757400
0.005903000,0.000981700,0.000757100
0.006015000,0.000906600,0.000760200
0.006205000,0.001593600,0.001415600
0.006502700,0.001028900,0.000814600
0.007316300,0.001488100,0.000978900
0.007330000,0.000987400,0.000852300
0.006570300,0.001570500,0.001346800
0.006232000,0.000890400,0.000747000
0.006179100,0.001276700,0.000837700
0.006629500,0.001073100,0.000844000
0.006561300,0.000982300,0.000753900
0.006417300,0.001443300,0.001242600
0.006094600,0.000926300,0.000751100
0.006432000,0.001724300,0.001113100
0.006920900,0.000984600,0.000835900
0.006756200,0.000902700,0.000761100
0.006539400,0.000927800,0.000742300
0.009226700,0.001038400,0.000832800
0.007506700,0.001002000,0.000796900
0.013018200,0.001052700,0.000851600
0.006331800,0.000979800,0.001520700
0.005969400,0.000915800,0.000829400
0.006384900,0.000905300,0.001152600
0.008448100,0.003585300,0.000845700
0.007923400,0.001225900,0.000888100
0.006518500,0.002417500,0.001813400
0.006274000,0.000920300,0.000766100
0.009467100,0.001384100,0.000966000
0.008060800,0.000969900,0.000852700
0.006577400,0.001634800,0.001384100
0.007708900,0.000958100,0.000771300
0.006233100,0.001429200,0.001245800
0.007471500,0.001544000,0.000966100
0.007587100,0.000961300,0.000753200
0.006494700,0.001460000,0.001251000
0.006840700,0.001726600,0.001549600
0.007243200,0.001706600,0.001255300
0.006440200,0.001445800,0.000862800
0.007458800,0.000953400,0.000774000
0.007000300,0.001563300,0.001285100
0.006599000,0.001239500,0.001131800
0.008687800,0.000911000,0.000816700
0.007421600,0.001054100,0.000815700
0.006675100,0.001056500,0.000806000
0.006680500,0.000926500,0.000774100
0.006731600,0.000912700,0.000770700
0.007797900,0.001019500,0.000842400
0.007255600,0.001622700,0.001303400
0.006340700,0.001438400,0.001240100
0.006576000,0.001924300,0.001395100
0.009343700,0.000944900,0.000766300
0.006307300,0.000952300,0.000764700
0.006372700,0.001315800,0.001408900
0.008174500,0.000950100,0.000772400
0.007285600,0.001624600,0.000880400
0.007329900,0.001669400,0.001459500
0.006384300,0.000969000,0.000767100
0.006010400,0.000920500,0.000909300
0.007518900,0.001820800,0.001389900
0.006263100,0.001005000,0.000783800
0.006359000,0.001200000,0.001656800
0.006125400,0.000942000,0.000759200
0.006274500,0.000895700,0.000923000
0.006474100,0.000978200,0.000809200
0.007042300,0.001539800,0.001277300
0.007145500,0.001125600,0.001337600
0.008065600,0.000963200,0.000796400
0.006472300,0.000993700,0.000752500
0.007543600,0.001154100,0.000974900
0.006616400,0.000948100,0.000766800
0.007346300,0.001589600,0.001312200
0.005971800,0.000914300,0.000768800
0.006616400,0.000952700,0.000749100
0.008306800,0.001856900,0.001355200
0.006035100,0.000933400,0.001082000
0.006434300,0.000936600,0.000847000
0.006532800,0.001538900,0.001034900
0.006358900,0.000936800,0.000776500
0.006152800,0.000904700,0.000904300
0.007249600,0.001825700,0.001463400
0.006615200,0.000927000,0.000759500
0.006572900,0.001593300,0.000826300
0.006459800,0.001040100,0.000840100
0.007614500,0.001005100,0.000775300
0.006948800,0.000967600,0.000821200
0.007358300,0.000944400,0.000811100
0.007519000,0.000985400,0.000894700
0.006019500,0.000898600,0.000762100
0.006904400,0.001008300,0.000806300
0.007484500,0.000956200,0.000770300
0.005962800,0.001342700,0.001510100
0.007124500,0.001581200,0.001355100
0.006331700,0.000919400,0.000758800
0.007472100,0.001075700,0.000812000
0.008128100,0.001507200,0.001190500
0.006371800,0.001457600,0.000793900
0.006787400,0.001096800,0.000875400
0.008317600,0.001053100,0.000776600
0.006369200,0.002018600,0.001514300
0.006935600,0.000983600,0.000757500
0.007492300,0.000890300,0.000785000
0.007023900,0.001004800,0.000797800
0.006944500,0.000968300,0.000756900
0.006352300,0.001419900,0.001274900
0.006967900,0.000994300,0.000791400
0.007779800,0.001010300,0.000863000
0.006423600,0.000935000,0.000757900
0.005945000,0.001424700,0.001378800
0.007137100,0.001036800,0.000808800
0.007126200,0.001594800,0.001304300
0.006391300,0.000901300,0.000754500
0.006536100,0.001792100,0.000842200
0.009283500,0.001574300,0.000853600
0.006502300,0.001479300,0.000820700
0.006090800,0.001541500,0.000844000
0.006586500,0.001661500,0.001363300
0.006446200,0.001586700,0.001168300
0.006323800,0.001692000,0.000848700
0.005992800,0.001442600,0.000873400
0.006394200,0.001025200,0.000854000
0.007558100,0.001025300,0.000801800
0.008181400,0.000932200,0.000755700
0.006189000,0.000899200,0.000972500
0.007148100,0.001035600,0.000866700
0.006749300,0.000966400,0.000765200
0.006753700,0.000947200,0.000776100
0.005901800,0.000875100,0.000764400
0.006307100,0.001587800,0.001145300
0.006545000,0.001572300,0.001366000
0.009642700,0.000929400,0.000821600
0.006215000,0.001027900,0.001463000
0.007932400,0.001040000,0.000813600
0.008415300,0.000969600,0.000801500
0.007083900,0.001461500,0.000757800
0.006295700,0.000953100,0.001473300
0.009539200,0.000998600,0.000751900
0.006747700,0.000932700,0.000762200
0.006593500,0.001755900,0.001031200
0.011328200,0.001477800,0.000856400
0.007315000,0.002061600,0.000970100
0.006453300,0.001015400,0.000870500
0.005926300,0.001582500,0.001242400
0.006785500,0.001540500,0.000973600
0.006859000,0.001482400,0.001274200
0.007630800,0.000905800,0.000773500
0.005993200,0.000982700,0.000850500
0.006487300,0.001562000,0.001265600
0.006114900,0.000942000,0.000772900
0.006779800,0.001546100,0.000893900
0.006483600,0.000924000,0.000747500
0.006311800,0.001389900,0.001246200
0.007903500,0.001304600,0.000763700
0.006958600,0.000921700,0.000797200
0.008163200,0.001954800,0.001266100
0.006845000,0.001343400,0.000775700
0.007225400,0.000922400,0.000773100
0.008082300,0.001863800,0.001238700
0.006675600,0.001441800,0.000776900
0.006706300,0.000932200,0.000783700
0.007768400,0.000943500,0.000752000
0.007757400,0.000974600,0.000840200
0.008603300,0.001153700,0.000811200
0.007902600,0.000991200,0.000775000
0.006513500,0.000899500,0.000751400
0.006088500,0.001396200,0.001445400
0.006958200,0.000984300,0.000805300
0.006642300,0.001561600,0.001222900
0.006530800,0.001292300,0.000787800
0.006569900,0.001002500,0.000766000
0.007367600,0.000973200,0.000761900
0.007416500,0.000963000,0.000791500
0.006384700,0.000920100,0.000758900
0.006086500,0.001773000,0.001423300
0.006272800,0.000973400,0.000754500
0.006446400,0.000913600,0.000750600
0.006994600,0.000904200,0.000747600
0.006576800,0.000998900,0.000766400
0.006357900,0.000917900,0.000822100
0.006533400,0.000881000,0.000745200
0.006351600,0.001677100,0.001575700
0.007854900,0.001006200,0.000807700
0.006951700,0.001526900,0.001363700
0.006288200,0.001458000,0.001265100
0.006634100,0.000937200,0.000870000
0.006414300,0.001504100,0.000813300
0.006414400,0.000945300,0.000759400
0.006553100,0.001424700,0.001275500
0.006713900,0.000963500,0.000779500
0.006454500,0.000965700,0.000768800
0.005949600,0.001428600,0.001266400
0.006244200,0.000887300,0.000747000
0.007379600,0.000972700,0.000762200
0.007238600,0.001558500,0.000842200
0.006254800,0.000912300,0.000752800
0.007639900,0.000881200,0.000884000
0.007846600,0.000931600,0.000753400
0.006949000,0.000913700,0.000753400
0.007445100,0.000905300,0.000751100
0.007145000,0.000989500,0.000801800
0.008587300,0.002046600,0.001293700
0.007165300,0.000879300,0.000803600
0.008482500,0.001011400,0.000898100
0.006717500,0.000956800,0.000752300
0.006218100,0.001415400,0.001238600
0.006810700,0.000902500,0.000750700
0.006023600,0.000953500,0.000760800
0.006576600,0.001658200,0.001253600
0.006656600,0.000925900,0.000761800
0.006016800,0.001383200,0.001134500
0.005824000,0.001400000,0.001222200
0.007340200,0.001402600,0.000811800
0.006322600,0.001006200,0.000939400
0.006684600,0.000930500,0.000786800
0.006159300,0.001586600,0.001366800
0.006492300,0.001025300,0.000790000
0.005867100,0.001391000,0.001207700
0.008026500,0.000997600,0.000790300
0.006932300,0.001003800,0.000841100
0.006324000,0.000918400,0.000748900
0.007711100,0.001927000,0.001242300
0.007556700,0.000948600,0.000761500
0.009101400,0.000932600,0.000823600
0.007627100,0.001683800,0.000770400
0.007063800,0.000943100,0.000760700
0.007234500,0.000941100,0.000748500
0.007066800,0.000919400,0.000749400
0.007198800,0.000936200,0.000769900
0.008330400,0.001662100,0.001261000
0.008424400,0.000915100,0.000758400
0.006993400,0.000895700,0.000750300
0.007211100,0.000890200,0.000741800
0.007503000,0.001987600,0.000783700
0.006796700,0.000948000,0.000745500
0.007917300,0.000880300,0.000750300
0.006982400,0.000881800,0.000820800
0.006604100,0.000912000,0.000767000
0.007722200,0.001925500,0.001241500
0.006974700,0.001458500,0.000908300
0.007801500,0.001838100,0.001229300
0.007903300,0.001506500,0.000876600
0.006142700,0.000889000,0.000758100
0.006982400,0.000995300,0.000816100
0.007079700,0.000956500,0.000753300
0.007254100,0.001534400,0.001221700
0.007477100,0.001563700,0.001319000
0.019056800,0.004214700,0.004129200
0.021546900,0.004198300,0.003780400
0.019424100,0.001563500,0.003759400
0.014712900,0.004268400,0.001817300
0.014919500,0.004400300,0.003778400
0.014597500,0.004291800,0.003892900
0.012696100,0.004289300,0.003353700
0.020937700,0.003598400,0.003924900
0.021107300,0.004277800,0.003980900
0.019435600,0.004283500,0.003701100
0.013209800,0.004336900,0.003990800
0.023480700,0.003741900,0.003371000
0.014840500,0.001487700,0.003348100
0.015966200,0.003692500,0.002692100
0.013399200,0.001676600,0.003441800
0.015093400,0.004512500,0.003961100
0.019868600,0.003765200,0.003817100
0.021595800,0.004177500,0.004063100
0.021961700,0.003613200,0.003403400
0.018858500,0.004978600,0.004100600
0.012008700,0.001791600,0.002903100
0.014592800,0.003971600,0.003436600
0.023732900,0.004547100,0.003924700
0.023685500,0.004542900,0.004723700
0.016284100,0.004385200,0.004034700
0.023770300,0.004735800,0.003934700
0.023242500,0.004666300,0.004225400
0.018124700,0.004085800,0.003482400
0.024483700,0.004260400,0.001441000
0.014564100,0.001538100,0.003974900
0.016944800,0.003720600,0.003225900
0.014441700,0.002591100,0.001428700
0.017853100,0.004097600,0.003529900
0.020314000,0.004305300,0.003914700
0.023201800,0.004608800,0.004006600
0.022653000,0.003931500,0.003394400
0.017382800,0.004299100,0.003899500
0.014451200,0.004318400,0.003904600
0.020020700,0.004255800,0.004171200
0.019248400,0.003616300,0.003372600
0.024060200,0.004472000,0.004214400
0.022617300,0.003474700,0.003878300
0.022467000,0.004279800,0.003885000
0.022853600,0.004344400,0.004510400
0.019682200,0.004017900,0.003818700
0.023448900,0.004245700,0.003697900
0.013677000,0.002735500,0.003258400
0.018011200,0.004885300,0.004099600
0.022639200,0.003916500,0.004030200
0.024855500,0.004911000,0.004055900
0.025087100,0.004492800,0.003924700
0.020844200,0.004265900,0.003780800
0.020223600,0.003674900,0.003133900
0.009757800,0.002227700,0.001939000
0.018145600,0.004242200,0.004407000
0.022428600,0.003873100,0.003635700
0.020171900,0.002679400,0.003523100
0.017590600,0.003069400,0.004987100
0.020310200,0.001539700,0.003160100
0.021874800,0.003872700,0.003340200
0.023776800,0.004838400,0.004059300
0.017605000,0.002334800,0.003913600
0.024300300,0.004309200,0.004126700
0.019561600,0.004312800,0.003892900
0.018217600,0.004226700,0.003969900
0.019325000,0.001579400,0.001370200
0.017712100,0.003300900,0.003348500
0.016450200,0.004113500,0.003455900
0.015900900,0.004231100,0.004203400
0.023417900,0.004544300,0.004320300
0.023381000,0.003009400,0.003390400
0.023273700,0.003845300,0.003320000
0.016882400,0.002022900,0.004089700
0.023341300,0.004359700,0.004416800
0.021350800,0.004346800,0.004028700
0.014301100,0.001782700,0.001447100
0.011848200,0.002215100,0.002808300
0.014854200,0.004823600,0.003944300
0.018918700,0.004364800,0.003956900
0.014836900,0.004296800,0.003801700
0.017197400,0.001687500,0.003024100
0.023393700,0.004502200,0.003998300
0.021583100,0.004248800,0.003892100
0.020660000,0.004599600,0.003997800
0.022212700,0.001474400,0.003154000
0.021885900,0.003989500,0.003404400
0.020170200,0.004468400,0.004101800
0.020913800,0.004537200,0.003810100
0.021808500,0.003679600,0.003348000
0.019525900,0.004214100,0.003741100
0.018755500,0.003970400,0.003517900
0.021013500,0.002622000,0.001411900
0.019046300,0.001681400,0.002538700
0.016180500,0.003981700,0.003451700
0.019246500,0.001878600,0.003486500
0.015624500,0.002664700,0.002102000
0.012762500,0.004231700,0.003925000
0.019141400,0.004341100,0.003931100
0.021812000,0.003766200,0.003874100
0.020618400,0.004011200,0.003378300
0.023002700,0.004694700,0.003952500
0.020626100,0.004197900,0.003931100
0.019187900,0.003843500,0.003610200
0.015855700,0.003612800,0.003210800
0.018128900,0.003749900,0.003703100
0.017524600,0.004062000,0.004188800
0.012276700,0.003972500,0.003794800
0.020331500,0.004620100,0.003566400
0.019073900,0.004433900,0.003914600
0.022461400,0.004398300,0.004000900
0.021656200,0.004415900,0.003337800
0.022635100,0.004564300,0.004458500
0.021080500,0.004330000,0.003874700
0.017903400,0.004422600,0.003752700
0.017152000,0.002591700,0.003563800
0.018658400,0.003496900,0.004415300
0.021940800,0.003780000,0.001326100
0.022545500,0.004254500,0.003664000
0.024117000,0.004470900,0.003797300
0.022746600,0.004216000,0.003867500
0.021658900,0.003865300,0.003330600
0.012645100,0.002191600,0.001954400
0.021274600,0.004533100,0.004068200
0.018329300,0.002384400,0.003905400
0.018544600,0.003736700,0.002643500
0.022225500,0.004634300,0.004079000
0.022995700,0.002350700,0.003878100
0.022445300,0.004276500,0.003891400
0.022523600,0.004081200,0.003436100
0.018819000,0.004304500,0.003393700
0.019810600,0.004230800,0.003545900
0.022938100,0.003957600,0.003341800
0.017433300,0.004500200,0.003917900
0.020499900,0.004580500,0.004005900
0.022711300,0.001706700,0.002163300
0.022099700,0.004892100,0.004044300
0.013462500,0.004242100,0.004085800
0.016147200,0.003911800,0.003628100
0.022159500,0.004704300,0.003654900
0.019023000,0.004939400,0.003976700
0.021909400,0.004717300,0.003974900
0.023176300,0.004383800,0.003855600
0.020359300,0.003914500,0.003391000
0.010911900,0.002095500,0.001909500
0.024394200,0.004283000,0.003449200
0.017936600,0.003368000,0.002961400
0.012605900,0.001584000,0.001518000
0.009043000,0.001425300,0.001233500
0.010594300,0.002122000,0.001909400
0.020435000,0.003213600,0.002760200
0.011543300,0.002193200,0.001959100
0.022735700,0.004466800,0.003590400
0.022560000,0.002281200,0.001475000
0.019779600,0.004294100,0.003883700
0.022272600,0.004356800,0.004097000
0.021068700,0.003969000,0.003336800
0.014208600,0.002159600,0.001985700
0.014472300,0.002137000,0.001909000
0.018876700,0.004511000,0.003992000
0.020887600,0.002934100,0.003449900
0.013106700,0.002265200,0.001996000
0.022474500,0.004329200,0.003746900
0.021774100,0.004245200,0.004037200
0.017531400,0.004281100,0.003960200
0.020897200,0.002468800,0.003893900
0.022465600,0.004297500,0.004135000
0.022989200,0.003628600,0.003363700
0.020080600,0.004329900,0.003909400
0.022063300,0.004271800,0.003926200
0.021862700,0.004071500,0.003813500
0.021627600,0.004268900,0.003861800
0.018809600,0.003450700,0.001298700
0.022037700,0.004495500,0.003862600
0.021676000,0.004285600,0.003906000
0.022400400,0.004445100,0.003442300
0.019930600,0.007378500,0.004074500
0.023190400,0.004428200,0.003456900
0.020254200,0.004255900,0.003777100
0.019459000,0.003672100,0.003329300
0.019520800,0.003169600,0.002813100
0.014134900,0.002185100,0.001910000
0.019323900,0.003782500,0.003350000
0.013310400,0.001682900,0.002146500
0.020833500,0.003762300,0.003297700
0.018932900,0.004245300,0.003933900
0.021291200,0.003875100,0.001484500
0.020134000,0.003610100,0.003359100
0.023479200,0.004635900,0.004088000
0.018570000,0.004947500,0.004801700
0.015811400,0.004111100,0.003360100
0.020442700,0.004351500,0.003792900
0.021044900,0.003625800,0.003543100
0.019088600,0.004263800,0.003992400
0.014688300,0.002330500,0.003294900
0.014845200,0.001506800,0.002927100
0.015836000,0.003516600,0.003702000
0.014362700,0.004150700,0.002891300
0.013040000,0.001707200,0.001568100
0.016641300,0.004108800,0.003642300
0.014231100,0.004380700,0.003611400
0.016904300,0.004111300,0.003491100
0.020350600,0.001539000,0.002933800
0.017912800,0.004097800,0.003521000
0.016264900,0.001558400,0.002939000
0.020974000,0.003878900,0.003390700
0.021908400,0.004850100,0.003510300
0.023632300,0.004041700,0.003514500
0.023379200,0.004601500,0.002056200
0.019854000,0.003939700,0.003750600
0.023029900,0.003362000,0.003512300
0.020380200,0.003924100,0.003473400
0.021948100,0.001536000,0.003365700
0.022349000,0.003977200,0.003634600
0.024241800,0.004237200,0.003928500
0.019810600,0.004388800,0.004073300
0.022592100,0.004278000,0.003884700
0.019299300,0.003737100,0.003398700
0.022309200,0.004358300,0.003753300
0.019967300,0.004216900,0.004087700
0.023338200,0.004300700,0.004218100
0.021022000,0.004193800,0.003596800
0.014635800,0.002586200,0.003597700
0.015445300,0.003875500,0.003484000
0.013206100,0.001860900,0.001987000
0.012985100,0.001793500,0.002374300
0.012434700,0.001636800,0.004201200
0.017297000,0.003631200,0.003227800
0.018608500,0.004348800,0.003840600
0.015456100,0.004295300,0.004373200
0.022990100,0.004283000,0.003925000
0.016327300,0.002658400,0.003366300
0.020167900,0.004512900,0.003938500
0.017659400,0.003383100,0.003155600
0.015448300,0.002490300,0.003705000
0.016905800,0.002442500,0.002666400
0.017122000,0.001541400,0.003602100
0.013436700,0.004260400,0.003890000
0.017999600,0.001489600,0.003411300
0.020367000,0.004285800,0.004408000
0.021517200,0.004220900,0.003991600
0.022194000,0.001471300,0.002299000
0.019100000,0.001645700,0.003836200
0.012960100,0.003152700,0.003626000
0.016860400,0.004319700,0.003645400
0.017313400,0.003734400,0.003357600
0.015859500,0.004163500,0.003884800
0.021789400,0.003648100,0.004211500
0.019806600,0.004245400,0.003367600
0.019140500,0.002080300,0.003506600
0.024372000,0.004101900,0.003464700
0.021237300,0.004373200,0.003937100
0.022147800,0.001943700,0.003733600
0.023034200,0.004190000,0.003528900
0.017297100,0.003278700,0.003402300
0.016879800,0.001555500,0.003825800
0.015580300,0.004564200,0.004261500
0.019178900,0.004487200,0.003663100
0.019225800,0.001759700,0.004258000
0.020894900,0.005146500,0.003804700
0.022095800,0.001653900,0.002530600
0.022810500,0.005306000,0.004495900
0.019782600,0.004982400,0.004296700
0.023486800,0.004049300,0.003740900
0.019660500,0.004417800,0.003455000
0.014818000,0.004432000,0.003781000
0.018929400,0.002577600,0.003693600
0.018178800,0.004329200,0.004451400
0.017677500,0.004071400,0.003741700
0.018950800,0.004259700,0.003622300
0.023358200,0.004427700,0.003669100
0.018702400,0.003686700,0.003386800
0.023041500,0.004968400,0.004423300
0.024482700,0.004022900,0.003378300
0.021371900,0.004715300,0.003776800
0.019608600,0.004831300,0.003813500
0.019225400,0.004092100,0.003654400
0.016060000,0.004163800,0.002888400
0.021036700,0.004350700,0.003800200
0.022164600,0.005020400,0.004598500
0.022458700,0.004751900,0.004183900
0.024220400,0.004886200,0.004265400
0.022829000,0.004220600,0.003899400
0.017547000,0.003691900,0.003409000
0.017311800,0.003665600,0.003311600
0.021836600,0.004506500,0.003919200
0.018088100,0.004293400,0.004382700
0.020988700,0.003850000,0.003404100
0.016126200,0.004296500,0.003869000
0.018939600,0.003771700,0.003416500
0.018212700,0.001637800,0.001424800
0.015231600,0.002657000,0.002129100
0.017811800,0.004257400,0.004271600
0.020143500,0.001760300,0.003604600
0.016402700,0.001453400,0.003649600
0.022313100,0.004432100,0.003829600
0.020485200,0.004516400,0.003900000
0.021636200,0.003974800,0.003495000
0.021677800,0.004208000,0.004051500
0.025210400,0.004372300,0.003485700
0.012105400,0.003706100,0.001879300
0.019670500,0.003556800,0.003135700
0.016199000,0.001735400,0.003834200
0.009631600,0.003794200,0.002850300
0.013182300,0.001674700,0.003495700
0.011138100,0.003364700,0.004256000
0.020669800,0.002620800,0.004063800
0.020918100,0.004238200,0.001419400
0.022612300,0.004370100,0.003991700
0.022280400,0.004282700,0.004029600
0.016011600,0.004196700,0.003972400
0.018633500,0.003697800,0.003392200
0.021754000,0.004474300,0.004199500
0.021482400,0.004276300,0.003559800
0.023565100,0.004260700,0.003869100
0.021774300,0.004279800,0.003893000
0.022897800,0.004162100,0.004617300
0.021946900,0.004551700,0.004486200
0.020177900,0.003862000,0.003589600
0.021755200,0.004286900,0.003910700
0.020767800,0.004002900,0.003367900
0.020937800,0.003681600,0.003354800
0.020104700,0.004150300,0.001282300
0.018682400,0.003714200,0.003334300
0.015957000,0.002382000,0.003913900
0.023436100,0.004264700,0.003890500
0.023258500,0.004216700,0.003500300
0.021116200,0.004285800,0.003870000
0.020794600,0.003634600,0.003516200
0.014067300,0.002669200,0.002754300
0.021467800,0.004729800,0.003462700
0.021802100,0.004236300,0.004147500
0.019891300,0.001980700,0.003313200
0.018311400,0.003984700,0.003522200
0.021469100,0.004671400,0.003992200
0.020421900,0.004313900,0.003845700
0.021883700,0.003598500,0.003350300
0.022011300,0.004273500,0.004483900
0.022444300,0.004135100,0.004076800
0.017730700,0.002437800,0.003966500
0.022540300,0.004317400,0.003872700
0.021629500,0.004328100,0.004280700
0.015217400,0.003617000,0.003440100
0.020265300,0.003684800,0.003437600
0.020751100,0.003806400,0.003520100
0.017967300,0.003945100,0.003405000
0.018106700,0.004328900,0.003595500
0.018994300,0.004181700,0.003254000
0.021099200,0.003720900,0.003394900
0.021984400,0.004296500,0.003899400
0.023796500,0.004023900,0.003306600
0.022537100,0.004254100,0.002313000
0.022453700,0.004390900,0.004194200
0.020660400,0.003679200,0.003294300
0.015177500,0.003660500,0.003789000
0.023217200,0.004237300,0.004155500
0.022694200,0.004324200,0.003895900
0.020158400,0.003677300,0.003327200
0.022966400,0.004303000,0.003895800
0.020248300,0.003919400,0.003407700
0.019789000,0.004290300,0.004201100
0.015054400,0.004438500,0.003920900
0.016743600,0.004136900,0.003851200
0.018274300,0.003659300,0.003308700
0.023265300,0.004292600,0.003886000
0.021857700,0.003742100,0.003332200
0.012842000,0.002192800,0.001960100
0.015733900,0.003670100,0.002783200
0.018115600,0.003687900,0.003450400
0.024203700,0.003846200,0.003393100
0.022660900,0.003644500,0.003336900
0.021500400,0.002749500,0.004394500
0.021056900,0.004606000,0.003869300
0.021902400,0.004602200,0.004171300
0.022580100,0.004664000,0.003853600
0.020791300,0.004257600,0.003832800
0.021356800,0.003655500,0.003333400
0.015514100,0.003619200,0.003883400
0.019056600,0.003172500,0.002979900
0.021263200,0.003847100,0.003919200
0.020478100,0.004324300,0.003857500
0.012756900,0.004191400,0.003919900
0.016984400,0.004338800,0.004192700
0.021137900,0.003915200,0.003567100
0.013094900,0.004252400,0.003939200
0.022353400,0.004259900,0.003967200
0.023429500,0.004492600,0.004104600
0.018592100,0.003642300,0.003347500
0.020839200,0.004461700,0.004176400
0.022374900,0.004240600,0.003895500
0.019876900,0.004192800,0.003916300
0.023753400,0.005086900,0.004069600
0.023258700,0.004338200,0.003867300
0.019337700,0.003837400,0.003360800
0.020563500,0.003978000,0.003685500
0.020879300,0.003852200,0.003473500
0.012855900,0.002157400,0.001931900
0.021920800,0.003814900,0.003917000
0.016372900,0.002846200,0.003460200
0.016468300,0.001476700,0.002923600
0.013978600,0.001691400,0.001781000
0.014538500,0.003913800,0.004049200
0.010630000,0.001594700,0.003097300
0.014963300,0.004389200,0.003938400
0.017791300,0.002547400,0.003961600
0.014711300,0.002626100,0.003424400
0.011937800,0.004404300,0.003394800
0.021392300,0.004183500,0.004311100
0.016428100,0.002657200,0.003849200
0.019328800,0.003729300,0.003365000
0.018404800,0.001522300,0.003263600
0.019921400,0.004164300,0.003426000
0.022393100,0.004276200,0.003767800
0.019228000,0.004309000,0.003934700
0.022008000,0.004295700,0.004143300
0.024430800,0.004550100,0.003915700
0.021274700,0.004263700,0.004011300
0.020633800,0.004924000,0.004237900
0.022598600,0.003733700,0.004550100
0.020310900,0.004270300,0.004340900
0.016269600,0.004446000,0.004134100
0.020431700,0.003701700,0.004593700
0.022637200,0.003622700,0.003350300
0.019233500,0.003198600,0.002823800
0.023063600,0.003628600,0.003335700
0.023392500,0.004246100,0.004064200
0.019310600,0.004001200,0.003324900
0.024451200,0.004280200,0.003969400
0.018994500,0.003637000,0.003372000
0.021140200,0.003671700,0.003360500
0.024828900,0.003917400,0.003399900
0.018507000,0.003644600,0.003342700
0.024088500,0.004249100,0.004340200
0.022146900,0.003684400,0.003366900
0.022364100,0.004350500,0.003912600
0.020846600,0.003637700,0.003315000
0.021229100,0.004742900,0.004022200
0.023010800,0.004633700,0.003343200
0.024265100,0.004209700,0.003913800
0.022963100,0.003805700,0.003341600
0.025596000,0.004549700,0.003484300
0.022916400,0.002479900,0.003920000
0.022235000,0.004239200,0.003931200
0.022272200,0.004706600,0.003945000
0.021714800,0.003692500,0.003269300
0.023528700,0.003678200,0.003373400
0.018747900,0.003599800,0.003581900
0.021620700,0.004075500,0.003530100
0.021262200,0.004219700,0.003932800
0.022501000,0.004349200,0.003872900
0.024328600,0.004194400,0.003910200
0.020940300,0.003680600,0.003353200
0.011987400,0.001784900,0.003483500
0.014756000,0.002686800,0.002451400
0.013991000,0.001808000,0.001567100
0.016797300,0.002288200,0.001977600
0.023412500,0.004338100,0.003490100
0.018490100,0.004106000,0.004063800
0.021393900,0.004526100,0.003935400
0.024441500,0.004238400,0.003846800
0.017345600,0.003613400,0.003343100
0.015124700,0.002263800,0.001329600
0.023222900,0.004411500,0.004101900
0.020112900,0.004312700,0.003939300
0.020701100,0.003790100,0.003375900
0.014600800,0.001934100,0.002005100
0.014659800,0.002445700,0.003463900
0.012004400,0.002059400,0.002264900
0.013441200,0.002673400,0.002145900
0.012633300,0.004830100,0.003705300
0.016121500,0.001805400,0.001487000
0.012336900,0.004276500,0.004131200
0.019048700,0.003590100,0.003272900
0.022474100,0.004607200,0.004276600
0.019899000,0.003635800,0.003356200
0.021543300,0.004430000,0.004650400
0.022198000,0.004282100,0.003759000
0.019761100,0.004508800,0.003984200
0.018837800,0.004262000,0.004062600
0.021808300,0.004350100,0.004198500
0.020666500,0.004240500,0.003799000
0.023258800,0.002748300,0.001939700
0.021289600,0.004511700,0.003892200
0.022521500,0.004430500,0.003966600
0.025730900,0.003742300,0.003358600
0.017715400,0.003764900,0.004149100
0.023858400,0.004629700,0.003908600
0.022444100,0.004420400,0.003905400
0.021309000,0.003660200,0.003421900
0.016354200,0.001519600,0.002712100
0.017018400,0.002163700,0.003406800
0.022347500,0.003620200,0.004492900
0.021961400,0.004698200,0.003891100
0.020299200,0.004459100,0.004403200
0.018444800,0.002219600,0.003893700
0.016272800,0.004339600,0.003939400
0.022558200,0.004295800,0.005058700
0.022162100,0.004748100,0.003965000
0.022898000,0.004374500,0.004011400
0.021393200,0.004901800,0.003991500
0.023001500,0.004320200,0.003918400
0.019440200,0.004816900,0.003927300
0.018249400,0.004230200,0.004513200
0.022070800,0.004453900,0.003956600
0.019667400,0.004331700,0.003933800
0.021257500,0.004246600,0.004484100
0.023062300,0.004597300,0.003514600
0.018678800,0.004264200,0.003424400
0.017005300,0.004727700,0.004034000
0.020669300,0.001902200,0.001827600
0.016608100,0.004236000,0.003961500
0.014142300,0.001750800,0.001496400
0.019938800,0.002884800,0.003302300
0.011003700,0.004229000,0.003892900
0.022673100,0.004258800,0.003900900
0.021560200,0.004261000,0.003870400
0.022039600,0.003671300,0.003291800
0.018241000,0.003649100,0.003393400
0.018192600,0.002384800,0.003506500
0.015830900,0.002474000,0.002211500
0.022646000,0.003729700,0.003527700
0.023988700,0.004212000,0.003494400
0.016778700,0.003527800,0.003619300
0.020941200,0.002953800,0.003543400
0.021212800,0.004234400,0.004043500
0.020751700,0.003639900,0.003339800
0.022524500,0.004709300,0.003980900
0.022533200,0.004286700,0.003930600
0.011902900,0.003765000,0.002155300
0.015040900,0.003935400,0.003542300
0.023144600,0.004267300,0.003814000
0.016965200,0.003952100,0.003901000
0.023968100,0.004312100,0.003784000
0.021623300,0.004300700,0.004352300
0.022573200,0.004639700,0.004162800
0.022359100,0.004261200,0.003886200
0.021163900,0.004343700,0.003978400
0.021352100,0.003949500,0.003341300
0.022069800,0.003857600,0.003327600
0.018254100,0.003657800,0.003783700
0.014713700,0.004440900,0.003702400
0.023360800,0.001548100,0.002952000
0.020349700,0.003680600,0.003324200
0.020129200,0.004360600,0.003723700
0.021210100,0.001553000,0.002987000
0.018595000,0.001967900,0.003705300
0.020742300,0.003650300,0.003351800
0.017818900,0.003607900,0.003027100
0.021325300,0.004282200,0.003835500
0.020562900,0.002684900,0.004030100
0.023555900,0.003891400,0.003331000
0.022283700,0.004225600,0.003978000
0.024506700,0.004264400,0.003870000
0.023356700,0.004302900,0.004031900
0.017274300,0.004227800,0.003919500
0.024594400,0.003882900,0.003364300
0.019632200,0.004288700,0.003873400
0.022067800,0.004261000,0.003431000
0.016769800,0.004371800,0.003947400
0.023993900,0.004295200,0.004265000
0.017712200,0.002676300,0.003942600
0.021590900,0.004259100,0.003983400
0.020978300,0.003608100,0.003616500
0.022246500,0.003632000,0.003535400
0.015356200,0.002755200,0.002329700
0.017393700,0.003886700,0.003319900
0.016854700,0.003368000,0.002775500
0.021788200,0.001815100,0.003848900
0.021411200,0.004265200,0.003928600
0.021933500,0.004292000,0.003897500
0.021205000,0.004292300,0.004069400
0.023938800,0.004575000,0.004060800
0.017028300,0.004323400,0.003900100
0.022149300,0.004278100,0.003923600
0.016655600,0.003629700,0.003977400
0.021364500,0.003743700,0.003924100
0.020961200,0.004289900,0.004225700
0.023814700,0.004434600,0.004607000
0.021214500,0.003861500,0.003482400
0.022095900,0.004251300,0.003562300
0.021918800,0.003774100,0.003414800
0.022423900,0.003803300,0.003450500
0.021363400,0.004185900,0.003537800
0.015094300,0.003871800,0.003429700
0.023595000,0.004955600,0.004349900
0.021029100,0.004685100,0.004262000
0.021598900,0.004675400,0.003542500
0.020838100,0.003657900,0.003512500
0.023617200,0.004173100,0.003355600
0.026322500,0.004268200,0.003861900
0.015740700,0.003684600,0.003344100
0.021158900,0.003797200,0.003360000
0.022441400,0.004451400,0.004236100
0.021715700,0.004300300,0.003841500
0.022365000,0.004244100,0.003867500
0.023633100,0.003696400,0.003369800
0.019514600,0.003181900,0.002714600
0.023562900,0.004240700,0.003487600
0.017014300,0.004461700,0.003918100
0.013528800,0.003664600,0.003087700
0.017703900,0.003648400,0.003328100
0.021707700,0.004432600,0.003573400
0.019451500,0.004315600,0.003938400
0.022361500,0.003877100,0.003370600
0.022751900,0.004256300,0.003885300
0.021645400,0.001468300,0.003797300
0.012752800,0.004275200,0.004364800
0.019367400,0.002111800,0.004294900
0.024611800,0.003622300,0.003567100
0.018814500,0.003938400,0.003408100
0.021257600,0.004405400,0.001558800
0.019869800,0.004288000,0.003836100
0.022670700,0.004207600,0.004018500
0.023641400,0.004659200,0.004026300
0.020340500,0.003757000,0.003843200
0.022135000,0.004290400,0.004376500
0.020075800,0.003807200,0.001735300
0.022834400,0.004252100,0.003856400
0.021298200,0.002059700,0.003338900
0.022060100,0.004491000,0.003885600
0.022763400,0.004463000,0.004043600
0.023021700,0.003653300,0.003331300
0.012866700,0.002211500,0.001949500
0.014881900,0.002139700,0.001943700
0.010432800,0.002252400,0.001998500
0.021756600,0.004142600,0.003422000
0.019385200,0.003408600,0.002958900
0.020900300,0.003607700,0.003408800
0.023811500,0.004147900,0.003319300
0.021318700,0.004337700,0.003466900
0.022926200,0.003995900,0.003792100
0.019232300,0.004308400,0.003928000
0.021442800,0.003720800,0.003363000
0.020317000,0.004250000,0.003880200
0.023426200,0.004188600,0.003835600
0.023143900,0.002702200,0.003887100
0.018919100,0.003693600,0.003500500
0.021681400,0.004077500,0.003377100
0.023151500,0.004277800,0.003914500
0.020304900,0.003587900,0.003367300
0.022729300,0.004277200,0.003890200
0.020528900,0.004317400,0.004148200
0.021285000,0.003675700,0.003338400
0.022647400,0.003652600,0.003287500
0.019529900,0.004214500,0.003397300
0.022152800,0.004333300,0.003920100
0.020464600,0.004324600,0.004479500
0.018923100,0.003927200,0.003843900
0.022855200,0.001929400,0.001284500
0.021648000,0.004340000,0.003133700
0.018601000,0.004226600,0.004286400
0.024986200,0.004416600,0.003920100
0.023692300,0.004573800,0.003495900
0.023392700,0.004220700,0.003909300
0.022381800,0.004041800,0.003396400
0.021038300,0.003679700,0.003400400
0.021915500,0.004270300,0.003924600
0.015194900,0.004331400,0.004054100
0.022313700,0.004449900,0.001296100
0.019554400,0.003813100,0.003206100
0.023681800,0.004299200,0.003976500
0.020987400,0.003686700,0.003548600
0.019993900,0.004384600,0.003916100
0.021968400,0.004258900,0.001372200
0.022452600,0.003944600,0.003346700
0.022117200,0.004359900,0.003912600
0.016708400,0.003660700,0.003335400
0.015419900,0.003700700,0.003391200
0.022639900,0.004529800,0.003893900
0.023112000,0.004369100,0.003817000
0.022911400,0.003870300,0.001321600
0.022436800,0.004220500,0.004402700
0.012999000,0.004115500,0.003952800
0.022671000,0.004482100,0.004710100
0.023372500,0.004278200,0.004078100
0.022090300,0.004250000,0.004384200
0.021704500,0.004367700,0.003936900
0.020294800,0.003260400,0.001460600
0.022564200,0.004845100,0.004446500
0.022165200,0.004303100,0.003776600
0.022660700,0.004542300,0.003956100
0.019619600,0.001541500,0.003756100
0.020821900,0.004567200,0.004043200
0.019410700,0.003455700,0.001430000
0.021115400,0.003652200,0.003744700
0.012645800,0.002141900,0.002048000
0.014459800,0.001760000,0.001552700
0.018775500,0.003661800,0.003381600
0.021686900,0.003889300,0.003421100
0.021266900,0.004294400,0.003883600
0.021321600,0.003718200,0.003367600
0.015791300,0.003760900,0.003365900
0.022448000,0.004528200,0.003993100
0.023435800,0.004953300,0.004085400
0.018161800,0.003866500,0.003425100
0.017846400,0.003412600,0.003133900
0.013079200,0.002654300,0.002140800
0.022085100,0.003725600,0.003359700
0.014561200,0.002548600,0.002232700
0.013197700,0.002271900,0.001962500
0.021865700,0.003839300,0.003435800
0.020844100,0.004595600,0.004195200
0.018135600,0.004236200,0.003464900
0.021710800,0.003004700,0.003309500
0.015006500,0.002872500,0.002469300
0.020188800,0.003758300,0.003468200
0.022330000,0.004125000,0.003837700
0.021121300,0.004289400,0.003825800
0.018934400,0.003936500,0.003364100
0.022674700,0.004250200,0.003870800
0.015284600,0.003655700,0.003260100
0.020521900,0.004254800,0.003898000
0.024260400,0.003718600,0.003336000
0.023372300,0.004296200,0.003881400
0.018819600,0.001903500,0.003937300
0.022650200,0.004238100,0.004115400
0.018991700,0.003740700,0.003370600
0.021494600,0.004777800,0.002113300
0.017500200,0.003356600,0.002934800
0.018048700,0.001554500,0.001865400
0.024261700,0.004219300,0.003346500
0.020914200,0.003634100,0.003349200
0.019376500,0.004093000,0.003407300
0.018757200,0.004257500,0.003892800
0.019115200,0.004290400,0.004142600
0.018367900,0.001443900,0.002782200
0.018654100,0.002435500,0.003375500
0.023149500,0.004390200,0.003909000
0.022699800,0.004892100,0.004071800
0.021683300,0.003678400,0.003985500
0.021816300,0.004486400,0.004081800
0.022050800,0.003659700,0.003395900
0.018415800,0.003620200,0.003301600
0.023572600,0.003790800,0.003490300
0.021952800,0.004412700,0.003981500
0.021098800,0.004211200,0.003887100
0.020912500,0.003872500,0.003374800
0.013838400,0.002003000,0.003888500
0.021669200,0.004154000,0.003586300
0.025250200,0.003667100,0.003319400
0.020321200,0.004238300,0.003997800
0.018798900,0.004666000,0.003998200
0.022084400,0.004263500,0.004134800
0.020991200,0.003761900,0.003396400
0.020562900,0.004127300,0.003915000
0.017835400,0.001611200,0.003067300
0.018185900,0.004346400,0.003983700
0.019953600,0.004246900,0.004000100
0.014732600,0.002783300,0.003235900
0.021820300,0.003880200,0.003704300
0.018231100,0.002692000,0.004095500
0.014479100,0.002299600,0.002773000
0.017740600,0.001844500,0.003356500
0.018099300,0.001879900,0.003978700
0.018889400,0.003518800,0.003251900
0.013474800,0.003034400,0.001540000
0.014775600,0.002547000,0.001819200
0.016010300,0.003582000,0.002265900
0.011717100,0.003458700,0.003980700
0.016041400,0.003441700,0.002409000
0.014803500,0.003852700,0.003123200
0.021175300,0.004263100,0.003909500
0.020284400,0.004203400,0.003976000
0.013549000,0.002507600,0.003883300
0.016127200,0.001620000,0.001780800
0.015331200,0.001598000,0.003668600
0.017630700,0.003276100,0.001389700
0.016920300,0.003621500,0.004143500
0.018473600,0.003913800,0.003352900
0.018215800,0.003047900,0.002238200
0.015468900,0.004185500,0.004046100
0.021266000,0.002116100,0.004011000
0.019617300,0.001717900,0.003928700
0.024485900,0.004793100,0.004313500
0.023942200,0.004242600,0.003960300
0.023304500,0.003637000,0.003344300
0.010529300,0.002326100,0.001656100
0.009166700,0.001489800,0.001620800
0.009829000,0.002244800,0.002012800
0.014288400,0.003761800,0.003673500
0.020899400,0.003685300,0.003392100
0.024074500,0.003696400,0.004152600
0.019824600,0.004274700,0.003898100
0.023590100,0.004295400,0.003913000
0.017531600,0.001659600,0.001372000
0.022253400,0.003675800,0.003296600
0.021828300,0.004270200,0.003893100
0.018116600,0.004558200,0.003901700
0.018576800,0.004055300,0.003834500
0.016054900,0.004349700,0.003663100
0.021410300,0.004825000,0.004075100
0.022213300,0.001564600,0.002720800
0.016022400,0.004297000,0.003244900
0.016691100,0.003717500,0.004428300
0.012316500,0.004412900,0.003916100
0.014864800,0.003889100,0.003385500
0.019574100,0.004241900,0.003621000
0.021477200,0.003810000,0.003344500
0.012833100,0.003722000,0.003323200
0.014187300,0.001807100,0.002911400
0.017548800,0.003343400,0.002847400
0.015854300,0.001665600,0.002256300
0.017364100,0.004056100,0.003883500
0.014943700,0.003715000,0.004753000
0.021567800,0.004119900,0.004138100
0.021391500,0.004081700,0.004159400
0.020590500,0.002461400,0.004031000
0.022726000,0.004410700,0.004100900
0.014717900,0.002415600,0.003842300
0.019437700,0.003892500,0.003424700
0.023905100,0.004637100,0.003927400
0.022091300,0.004505100,0.004157800
0.021153200,0.004232400,0.003910100
0.022382000,0.005088100,0.004053200
0.020590400,0.003778200,0.003990800
0.022496700,0.004258300,0.003752700
0.017622600,0.004233200,0.004244600
0.021436700,0.003870200,0.003437900
0.022846200,0.004516600,0.003931800
0.022586200,0.004649200,0.004155700
0.020586200,0.004414400,0.003537600
0.023845600,0.003813100,0.003434800
0.020947200,0.004325800,0.003393500
0.014369300,0.001509300,0.003612600
0.013493800,0.004490800,0.001785200
0.013725600,0.004185600,0.001544800
0.016238600,0.003867600,0.003355500
0.017771700,0.001534600,0.003928200
0.019147300,0.003160000,0.003372000
0.020948200,0.004175200,0.002334900
0.015747100,0.002257100,0.003283800
0.015052800,0.003661800,0.003373200
0.019413300,0.003914300,0.002183500
0.018921500,0.004694100,0.004091400
0.017296400,0.004300100,0.003883900
0.020890700,0.001527900,0.001497000
0.018256600,0.004606800,0.003927600
0.015847200,0.004254300,0.003867500
0.023403600,0.004354700,0.003866100
0.016430200,0.003704100,0.002168500
0.021690200,0.004517000,0.003959200
0.015955700,0.002303300,0.002881100
0.022561900,0.004309800,0.004087700
0.019813600,0.003446600,0.002102800
0.014553200,0.001661200,0.002026300
0.015905500,0.003162900,0.001868600
0.011521800,0.002192200,0.003425200
0.013290800,0.002511000,0.001520800
0.011454300,0.001631100,0.003361900
0.014714500,0.003461800,0.003345900
0.016292700,0.001677700,0.001829400
0.010654300,0.003981400,0.004176300
0.016998600,0.003680500,0.002970700
0.017822000,0.001523400,0.004127900
0.019362900,0.002296100,0.003760700
0.014971400,0.001533000,0.003314500
0.014355700,0.003773200,0.003382200
0.016221200,0.001469100,0.003188600
0.015514800,0.004150700,0.003583500
0.015838700,0.004220900,0.003442000
0.013415800,0.003425300,0.003057000
0.014908100,0.004127800,0.003388800
0.019229700,0.004304200,0.003954300
0.016405400,0.004203200,0.003459400
0.019646700,0.001619200,0.003783900
0.016610600,0.003579200,0.003182300
0.015557000,0.003634600,0.003468400
0.016382600,0.003930700,0.003258500
0.018119700,0.002575700,0.003425900
0.014475100,0.004425800,0.003864300
0.015876700,0.001649200,0.001498700
0.012851300,0.002807600,0.002680900
0.011021700,0.001645300,0.002866400
0.015634900,0.003925700,0.003415800
0.013173200,0.001645800,0.003676700
0.023577300,0.003913700,0.004506800
0.020501000,0.001535900,0.001350800
0.016975000,0.004293700,0.004118500
0.023376200,0.004541200,0.003908600
0.018052400,0.005076200,0.001774900
0.017940600,0.004704600,0.002513300
0.019138200,0.003742900,0.002710500
0.019866500,0.004697200,0.003912400
0.013579200,0.003429100,0.001418800
0.018527500,0.003379700,0.003703900
0.015570700,0.004269600,0.003700600
0.023171300,0.004179800,0.003904200
0.013654200,0.002866300,0.003214500
0.019951600,0.003741900,0.003404500
0.020922600,0.004155000,0.003375000
0.022639800,0.003580600,0.001984500
0.018787700,0.002874100,0.003380600
0.016867100,0.001562800,0.003130400
0.011691400,0.002477900,0.002915100
0.013042500,0.004677000,0.002652900
0.017629300,0.004275100,0.003957000
0.018396400,0.001669300,0.003483000
0.017242500,0.003583400,0.002932300
0.018077900,0.002006400,0.003704500
0.018666800,0.002462700,0.003602700
0.015428100,0.001530000,0.004236700
0.014429500,0.001709300,0.001465000
0.013372400,0.003791000,0.003995700
0.011039500,0.004164700,0.003936800
0.016945200,0.004161500,0.002926900
0.012424200,0.004317700,0.002187600
0.017240200,0.002853900,0.003910500
0.012653500,0.004228400,0.004070500
0.020177000,0.001488800,0.002871300
0.014933100,0.003887200,0.003560800
0.022636700,0.004595300,0.004073800
0.018720600,0.004488200,0.004579300
0.023741300,0.003745000,0.003572400
0.016430600,0.004159300,0.001508100
0.023411700,0.004279600,0.003924200
0.019352000,0.004281700,0.003894300
0.022530500,0.003555300,0.001339500
0.020928300,0.003645800,0.003357600
0.024450000,0.004256600,0.003882900
0.022368900,0.002517100,0.002360800
0.019208000,0.003654800,0.003336600
0.017568500,0.004184000,0.003885900
0.020657500,0.003429100,0.003952200
0.023674200,0.003667800,0.003600000
0.020201300,0.004455000,0.003945700
0.020686700,0.001620600,0.003346500
0.022318800,0.004280700,0.003625400
0.021301900,0.004802100,0.003813500
0.021068400,0.004729000,0.003442700
0.022417200,0.004350200,0.003966900
0.020615700,0.004387700,0.003994100
0.017359200,0.003926600,0.003646200
0.021036000,0.001763600,0.003341700
0.021476100,0.004541200,0.003871600
0.022075800,0.004443600,0.004304600
0.025163200,0.003772900,0.003418900
0.024616600,0.004448200,0.003872000
0.023246800,0.004782900,0.004033000
0.020502400,0.003697900,0.003432100
0.018792000,0.004517100,0.003486900
0.020428600,0.003455300,0.003606200
0.016720900,0.004740000,0.004110400
0.021862700,0.004147400,0.004167300
0.022918900,0.004344800,0.004056500
0.020359700,0.003780600,0.004011500
0.018344900,0.003877600,0.003548100
0.020706200,0.004052800,0.003744800
0.018186500,0.004768600,0.003702000
0.015459000,0.000956900,0.000747500
0.008088200,0.000960100,0.000743900
0.008450500,0.001467800,0.001263400
0.008245600,0.000990400,0.000784500
0.007754800,0.001493700,0.001369500
0.007749300,0.001208000,0.000772700
0.007541700,0.000935900,0.000790900
0.007371100,0.000934800,0.000761600
0.007870600,0.001061600,0.000726900
0.008059500,0.000961200,0.000738400
0.007377000,0.001195900,0.000816000
0.007839200,0.000953900,0.000844900
0.007722200,0.001495700,0.001314400
0.007570700,0.001469000,0.000790500
0.007291000,0.001528900,0.000809400
0.007651000,0.001637800,0.001324700
0.009146700,0.000924800,0.000733600
0.008240000,0.001750000,0.001167400
0.006873300,0.000918900,0.000733900
0.007199900,0.000962800,0.000749700
0.006887500,0.001513000,0.001335600
0.007052700,0.001583100,0.001261900
0.008655700,0.001203700,0.000717800
0.008349500,0.000910200,0.000740100
0.009683300,0.001733200,0.001323600
0.008443300,0.001662800,0.001360100
0.007734900,0.000952700,0.000780100
0.009185500,0.000945100,0.000741300
0.007720900,0.001101800,0.000768300
0.006747100,0.001476100,0.001462900
0.007084900,0.000917100,0.000769100
0.007184000,0.000919200,0.000765300
0.007142700,0.000900000,0.000786500
0.008512700,0.000911300,0.000800000
0.008522000,0.000899500,0.000737400
0.008593700,0.000917400,0.000761100
0.007175300,0.000883000,0.000720700
0.008854200,0.000905200,0.000736500
0.007169300,0.000894200,0.000754400
0.008190400,0.001737200,0.001366000
0.007963000,0.000881900,0.000726500
0.008168700,0.000944700,0.000727100
0.007295300,0.000873800,0.000701900
0.007334500,0.000906100,0.000768800
0.009310300,0.001457600,0.001229700
0.008236000,0.000915900,0.000733100
0.007548500,0.000948600,0.000729900
0.007363100,0.001456500,0.001235000
0.008053100,0.001428700,0.001242700
0.007057600,0.000913800,0.000725500
0.010305100,0.000891300,0.000727400
0.009040000,0.001455700,0.001220700
0.008856800,0.000880500,0.000738800
0.009192800,0.001675400,0.000814600
0.007195200,0.001398400,0.001205400
0.008465200,0.001510000,0.001258500
0.008020300,0.000970400,0.000710800
0.006923600,0.001029400,0.000819300
0.007698100,0.001443600,0.001229800
0.008426700,0.001812100,0.001169900
0.008248300,0.001451100,0.001000000
0.008413900,0.000857600,0.000724600
0.009808500,0.000879800,0.000733300
0.007127900,0.001775600,0.001234500
0.008441200,0.000872900,0.000716600
0.007033500,0.001433900,0.000767200
0.007785100,0.001476500,0.001256200
0.008174800,0.001565900,0.000749900
0.008345800,0.001640900,0.001213500
0.008391300,0.000890300,0.000742000
0.007779800,0.000839200,0.000717800
0.007691400,0.001608400,0.001408000
0.010128600,0.000877700,0.000712700
0.007475600,0.000888000,0.000758400
0.008182700,0.000912100,0.000775700
0.007960800,0.000956600,0.000820300
0.007046000,0.000902600,0.000767500
0.007016600,0.001683700,0.001221900
0.008566900,0.001509500,0.001225100
0.007574000,0.000891700,0.000760800
0.007829400,0.001746700,0.001232200
0.008224800,0.000989900,0.000722700
0.007634700,0.001118600,0.000744300
0.008034600,0.001545700,0.001215700
0.007930000,0.001570700,0.001232100
0.008533700,0.000874800,0.000724800
0.007081100,0.001837900,0.001216000
0.008498900,0.000959300,0.000729000
0.007873000,0.000930500,0.000768500
0.010345000,0.000911200,0.000717600
0.007730600,0.000897900,0.000821200
0.007173100,0.001482900,0.001269700
0.007049600,0.000875400,0.000731400
0.008040800,0.001827100,0.001219700
0.010111700,0.000845300,0.000719300
0.007164400,0.000879200,0.000732700
0.008055700,0.000954500,0.000698700
0.007455200,0.001455900,0.001258000
0.007637300,0.001470900,0.001009100
0.011726800,0.001914400,0.001243500
0.008139600,0.000932300,0.000743500
0.007502200,0.001476500,0.001252400
0.007469300,0.000910200,0.000730200
0.007253200,0.001095800,0.000745500
0.007814400,0.000872500,0.000717000
0.009763900,0.000854600,0.000717500
0.007346300,0.000879400,0.001601800
0.009095000,0.001631300,0.001254400
0.008569800,0.000933400,0.000732200
0.007789600,0.001387600,0.001231200
0.007763800,0.000880700,0.000761200
0.008077500,0.001460800,0.001263500
0.008112500,0.001417900,0.001069300
0.006803500,0.000877700,0.000761900
0.008394400,0.000873900,0.000846400
0.007794700,0.000857700,0.000732600
0.007963300,0.001563100,0.001249800
0.008191500,0.000901800,0.000744100
0.006671500,0.001504200,0.000780000
0.007024700,0.001584800,0.001277100
0.008667800,0.001009200,0.000769200
0.007354600,0.001505200,0.001251500
0.008504100,0.001568400,0.000794200
0.007782100,0.000875200,0.000724100
0.006984400,0.001479600,0.001261100
0.006754300,0.000901600,0.000909500
0.007885700,0.001173900,0.000766900
0.008063000,0.001511400,0.001251500
0.007507500,0.000903600,0.000774600
0.006992300,0.001011900,0.000759500
0.007818400,0.000902400,0.000727000
0.007692300,0.001319100,0.000757100
0.007002400,0.000897200,0.000771900
0.008161700,0.002008800,0.001254800
0.007237600,0.000865400,0.000736200
0.008321200,0.000900500,0.000739400
0.007854100,0.000964700,0.000760000
0.008548700,0.000966900,0.000766200
0.007509700,0.001819400,0.001249300
0.008649100,0.000853700,0.000714100
0.008958600,0.000853300,0.000714200
0.008590300,0.000870000,0.000746200
0.007493800,0.000925300,0.000767100
0.008449600,0.000950700,0.000725400
0.007750000,0.000908900,0.000772500
0.009538800,0.000874000,0.000727400
0.007829600,0.000906000,0.000752500
0.009395600,0.000998800,0.000737500
0.007301800,0.000935300,0.000758700
0.009270200,0.001405300,0.000749100
0.006957900,0.000910700,0.000738500
0.007476900,0.000890400,0.000723300
0.008730700,0.000911500,0.000736200
0.008661200,0.000956900,0.000751100
0.007495200,0.000882100,0.000717200
0.007475200,0.000965600,0.000778800
0.007616000,0.001386000,0.001220900
0.007197600,0.001435000,0.001246400
0.008322200,0.000927700,0.001162500
0.006691200,0.001481600,0.001219000
0.006181800,0.000917500,0.000756000
0.006480700,0.000869900,0.000721000
0.007801500,0.000885800,0.000718600
0.007568000,0.001896000,0.001230400
0.006949100,0.001482700,0.001226700
0.006908300,0.001689100,0.001209300
0.007126200,0.000870500,0.000718100
0.006275200,0.001020200,0.000760200
0.008074000,0.000901500,0.000807700
0.007575600,0.000865200,0.000750000
0.007608200,0.001566400,0.000759900
0.007418300,0.000967900,0.000754100
0.009472700,0.000887100,0.000726400
0.007544800,0.002065700,0.001160100
0.006853900,0.000874200,0.000712700
0.006447800,0.001479300,0.001247800
0.006350700,0.001440200,0.000862500
0.007329600,0.000935100,0.000775100
0.006795900,0.000887400,0.000748100
0.006311200,0.001585100,0.001227900
0.006907200,0.001029900,0.000865800
0.007482300,0.000885300,0.000732600
0.007662000,0.000887500,0.000771300
0.008147700,0.001662600,0.000756100
0.007886700,0.001929900,0.001236800
0.008853500,0.000898400,0.000736100
0.006642800,0.001417300,0.001207900
0.006632400,0.000882100,0.000721500
0.006761200,0.001428800,0.000769400
0.006697100,0.001868500,0.001241600
0.006835400,0.000973800,0.000770100
0.007849000,0.000890700,0.000728200
0.007184400,0.000873900,0.000759200
0.006913400,0.000874500,0.000727000
0.007623800,0.002004600,0.000902600
0.008378600,0.000907000,0.000763000
0.006723400,0.000888200,0.000746800
0.006635200,0.000905400,0.000752000
0.007718000,0.001776800,0.001238300
0.007381000,0.000866500,0.000749500
0.006370500,0.000935500,0.000775200
0.007553900,0.001001500,0.000732000
0.007360800,0.000875500,0.000725600
0.008484800,0.000884600,0.000728400
0.007445100,0.000980000,0.000781900
0.007912900,0.001500300,0.000770000
0.007023200,0.000897300,0.000751800
0.007120400,0.000902000,0.000745400
0.006967300,0.000910100,0.000728700
0.006812300,0.000878700,0.000732500
0.006881900,0.000870100,0.000751800
0.007301500,0.000884400,0.000748500
0.007865700,0.001909100,0.001226400
0.008035800,0.001547800,0.001228700
0.007286100,0.000929100,0.000767600
0.007920000,0.000997200,0.000785700
0.006412300,0.000888100,0.000715000
0.006781600,0.000905000,0.000941500
0.006650800,0.000901500,0.000751300
0.007557100,0.000887800,0.000726900
0.006874300,0.000900200,0.000757100
0.006706100,0.000886100,0.000735700
0.006615400,0.000948100,0.000861000
0.007532300,0.001617100,0.001245600
0.006281900,0.000873900,0.000761600
0.006860700,0.000961200,0.000774000
0.007675300,0.002109500,0.001227200
0.007731600,0.000877000,0.000771400
0.008026000,0.000947800,0.000752300
0.008100000,0.001762300,0.001213200
0.009403600,0.000905500,0.000731800
0.007309500,0.000863500,0.000749200
0.006979600,0.001567900,0.001008100
0.006204100,0.000915900,0.000837600
0.006363900,0.001414800,0.001231000
0.006223400,0.001405000,0.001232600
0.007038300,0.000903400,0.000757500
0.007597200,0.000883700,0.000724200
0.006580900,0.000884800,0.000752100
0.007292100,0.001959100,0.001293100
0.008791300,0.000871400,0.000741100
0.007314300,0.000917700,0.000737400
0.008526400,0.002140500,0.000912600
0.007331400,0.001508300,0.000787400
0.006156600,0.001557100,0.001230500
0.006267300,0.000935400,0.000746800
0.007017900,0.000890100,0.000747600
0.007511400,0.002045700,0.001218300
0.006969100,0.000902400,0.000770000
0.008293400,0.000920200,0.000761400
0.007455400,0.001902600,0.001240700
0.007769400,0.000898600,0.000752400
0.007434300,0.000923800,0.000763800
0.007616800,0.001713700,0.001262700
0.006200100,0.001316600,0.000773400
0.007067300,0.001013300,0.000738500
0.007132800,0.000940800,0.000756300
0.007023800,0.000900800,0.000738700
0.007473100,0.000898400,0.000742800
0.007381100,0.000898300,0.000726500
0.007190600,0.000888000,0.000733900
0.007976800,0.000884200,0.000719500
0.009042300,0.001717100,0.001232400
0.006161000,0.000908000,0.000780900
0.006460600,0.001446900,0.001229700
0.007326800,0.000898700,0.000755600
0.007061200,0.001425200,0.001227700
0.006848400,0.000885400,0.000742900
0.006491200,0.000916300,0.000761600
0.006545600,0.000926300,0.000769500
0.007400300,0.000937900,0.000754900
0.006686900,0.000867200,0.000734800
0.006860900,0.000886500,0.000721900
0.007780000,0.001979500,0.001184100
0.006267500,0.000873900,0.000740000
0.006662700,0.000901500,0.000743700
0.006465500,0.000912600,0.000841600
0.006655200,0.000881800,0.000736200
0.006697300,0.000894000,0.000758600
0.007347600,0.000935300,0.000779000
0.007824100,0.001820400,0.001393200
0.006526900,0.000913400,0.000730500
0.006512100,0.000866400,0.000725000
0.006484700,0.000889500,0.000727500
0.006054000,0.001415800,0.001073000
0.006398000,0.000948500,0.000764000
0.006895800,0.000925800,0.000735100
0.007145300,0.001914400,0.001334900
0.006308200,0.000890100,0.000747800
0.007464200,0.000905500,0.000750900
0.007230500,0.000892400,0.000763200
0.007569600,0.002086400,0.000836000
0.008544400,0.000949600,0.000739800
0.007536700,0.000902900,0.000761500
0.006745500,0.000923300,0.000762300
0.006555500,0.000917200,0.000735900
0.007188600,0.001358800,0.000781000
0.006986900,0.001697700,0.001219400
0.005718700,0.000950500,0.000736600
0.006681000,0.000941400,0.000777900
0.006868600,0.000929800,0.000747400
0.006705100,0.000902800,0.000747700
0.006781100,0.000865100,0.000753600
0.006634300,0.000871500,0.000716900
0.007196400,0.000865400,0.000714200
0.007150600,0.000890400,0.000746000
0.007346700,0.001818200,0.000756800
0.007254800,0.000941400,0.000763500
0.007378000,0.001818900,0.001241500
0.009560800,0.001940700,0.001245800
0.009386600,0.000897800,0.000733400
0.006990900,0.000947100,0.000757500
0.007756700,0.000961300,0.000754800
0.007165300,0.000881800,0.000762000
0.006593200,0.000918400,0.000735000
0.006888300,0.001053300,0.000788100
0.007043400,0.001463700,0.001248600
0.006421700,0.001183400,0.001010500
0.006770700,0.000931600,0.000756700
0.007746600,0.000902400,0.000703700
0.007594600,0.000913100,0.000753900
0.007342000,0.002113700,0.001261900
0.006698200,0.001950300,0.001235500
0.006712700,0.000904800,0.000751700
0.009304400,0.000873900,0.000745000
0.007166400,0.000909300,0.000752100
0.007058700,0.000928700,0.000767700
0.007415500,0.000912500,0.000753500
0.007834300,0.001828700,0.001163500
0.006513100,0.001466300,0.001223900
0.007028700,0.000894400,0.000810700
0.006394800,0.000846300,0.000705900
0.006749000,0.000879800,0.000737500
0.007377000,0.000870300,0.000769900
0.006776500,0.000898100,0.000802400
0.007160200,0.000913500,0.000754000
0.006922300,0.000884200,0.000744100
0.007112200,0.000942200,0.000761200
0.007140500,0.000949700,0.000767600
0.007920000,0.001891500,0.001228600
0.007003100,0.000937000,0.000752500
0.006842100,0.000954200,0.000839400
0.007144400,0.000887700,0.000727000
0.006831600,0.000906800,0.000752800
0.006613600,0.000882300,0.000748200
0.006994900,0.000923400,0.000751100
0.008279300,0.000897000,0.000742500
0.006897300,0.000916200,0.000752200
0.007825200,0.000976200,0.000775500
0.006668600,0.000902500,0.000763200
0.006599300,0.000953300,0.000763300
0.006457400,0.001132500,0.000738900
0.006425200,0.001017500,0.000778300
0.006826400,0.000881700,0.000713100
0.007318400,0.000882400,0.000736900
0.006720100,0.000904100,0.000745700
0.008255700,0.001881200,0.001247200
0.007591800,0.001710900,0.001273900
0.006821000,0.000962100,0.000717300
0.006776000,0.000924000,0.000794700
0.007112700,0.001780600,0.001229100
0.006557300,0.001463000,0.001249200
0.006329100,0.001408100,0.001202500
0.006972000,0.001145300,0.000770300
0.008009700,0.000942000,0.000774600
0.006565200,0.000917900,0.000724400
0.007389300,0.000878500,0.000774300
0.007243900,0.000894900,0.000772600
0.007344900,0.000905900,0.000754700
0.007891100,0.000909400,0.000755000
0.008132700,0.001003400,0.000759300
0.008304800,0.001682200,0.001129200
0.007292400,0.001676500,0.001230100
0.007681100,0.001808700,0.000751800
0.009034300,0.000877700,0.000741100
0.006295900,0.000916600,0.000765100
0.007387700,0.002122400,0.001258300
0.007888300,0.000882400,0.000745900
0.006584200,0.000888500,0.000873700
0.006995600,0.000919900,0.000754600
0.007335800,0.000887900,0.000715700
0.008232500,0.001771700,0.001250100
0.007799600,0.000890500,0.000769300
0.007898900,0.001843200,0.001120300
0.009694700,0.000914000,0.000823200
0.007881600,0.001712600,0.001250700
0.008203800,0.000898900,0.000731500
0.007079900,0.000945200,0.000773800
0.007035800,0.000955000,0.000772600
0.006201600,0.000904700,0.000754700
0.006389900,0.000895200,0.000753800
0.006458200,0.001051900,0.000727800
0.006064700,0.001517600,0.001259400
0.006093100,0.001467700,0.001053900
0.006164500,0.001408600,0.001201600
0.006085400,0.001504500,0.001531200
0.006520500,0.000941700,0.000754500
0.006201300,0.001323500,0.000782000
0.005780300,0.000924300,0.000760000
0.006217700,0.000905300,0.000756100
0.005994400,0.001441100,0.001219700
0.006241500,0.001389400,0.000783200
0.006548700,0.002009500,0.001227200
0.005702300,0.000929100,0.000767200
0.007069900,0.001421700,0.001222400
0.006306600,0.001483000,0.001332100
0.006009200,0.001019200,0.000776200
0.006195400,0.001521800,0.001213000
0.006117700,0.000861800,0.000720900
0.006012700,0.000920400,0.000771800
0.006334000,0.001419300,0.001228700
0.006729500,0.000910300,0.000739100
0.006390900,0.001444100,0.001072500
0.006328600,0.001569200,0.001300300
0.005868900,0.000928400,0.001372200
0.006595600,0.000916400,0.000751200
0.006348000,0.001466900,0.001240200
0.005986600,0.001059800,0.000817500
0.006211500,0.001609500,0.000831100
0.006567200,0.000983800,0.000786200
0.006386100,0.001591500,0.001255000
0.006307600,0.000913400,0.000752100
0.006349100,0.000927900,0.000779400
0.006242500,0.000923300,0.000774700
0.006077300,0.001513700,0.001256900
0.006534100,0.001445600,0.001242300
0.006413000,0.000904800,0.000761100
0.006074700,0.001115100,0.000794600
0.007085700,0.001475900,0.001245300
0.008559400,0.000888700,0.000751100
0.006845100,0.000906300,0.000748400
0.009063600,0.001873400,0.001220000
0.006676500,0.000883900,0.000753200
0.006698000,0.000921200,0.000742900
0.008220000,0.001891000,0.001233500
0.007636100,0.000954400,0.000730900
0.007778700,0.001903700,0.001360900
0.007735600,0.001016400,0.000841100
0.007691500,0.000942600,0.000841900
0.006665100,0.001430100,0.001213000
0.009204600,0.000877300,0.000735600
0.006325000,0.001403100,0.001232400
0.009844700,0.000925000,0.000745800
0.007701700,0.000926500,0.000758500
0.006997400,0.000919400,0.000754200
0.007622000,0.000923600,0.000751000
0.006942100,0.000917600,0.000752900
0.007304600,0.000931300,0.000754000
0.006675000,0.000920900,0.000752700
0.007135800,0.000913200,0.000852700
0.007899300,0.001800600,0.001227700
0.008596300,0.000964400,0.000741700
0.008494100,0.000857300,0.000734500
0.007690400,0.001616500,0.001210900
0.006515700,0.000929600,0.000760400
0.006652100,0.000945400,0.000756200
0.007301600,0.000998500,0.000779700
0.008442200,0.001719300,0.001009800
0.008379400,0.000928000,0.000751900
0.008667300,0.001797700,0.001222300
0.007080300,0.000984700,0.000758200
0.006848600,0.001515500,0.000877200
0.006468100,0.000906000,0.000776200
0.006548000,0.001469600,0.001241600
0.006618300,0.000936000,0.000761000
0.007189100,0.000878800,0.000723400
0.006276600,0.000877900,0.000734900
0.006488000,0.000874100,0.000745700
0.006710500,0.000885600,0.000748100
0.006657700,0.000880300,0.000749400
0.006450600,0.000880500,0.000750000
0.006566800,0.000970800,0.000753000
0.006470200,0.001126200,0.000787300
0.006185000,0.000882800,0.000734700
0.006901200,0.000884800,0.000758900
0.006451700,0.000873300,0.000758000
0.006219400,0.000914100,0.000763100
0.006496600,0.000863600,0.000721500
0.006613700,0.001488400,0.001253000
0.006823100,0.000909200,0.000817400
0.006636200,0.001443900,0.001241500
0.006706000,0.000884200,0.000745700
0.006770600,0.001682200,0.000842500
0.006740500,0.000896000,0.000768800
0.006770900,0.000876100,0.000739000
0.007003400,0.000926300,0.000761300
0.006806800,0.000915500,0.000860500
0.007116500,0.000915500,0.000751800
0.006263400,0.001445900,0.001219300
0.006535000,0.000887700,0.000727700
0.007349500,0.002204700,0.001352300
0.006230700,0.000901500,0.000751200
0.007080300,0.000906900,0.000854200
0.007193100,0.000919000,0.000720400
0.007511000,0.000869400,0.000744700
0.007325600,0.001812300,0.001199100
0.006303500,0.001466300,0.000828100
0.006373800,0.001425100,0.000979000
0.006952400,0.000904300,0.000755100
0.006950700,0.000942400,0.000768900
0.007275600,0.001274000,0.000773800
0.006930100,0.000905100,0.000760900
0.007129000,0.000878100,0.000723700
0.006105400,0.000917200,0.000878000
0.006800300,0.001540500,0.001309600
0.007336300,0.000865300,0.000766300
0.007335500,0.000978100,0.000759800
0.007558900,0.000931300,0.000765800
0.008276600,0.000882100,0.000746700
0.007651800,0.000893000,0.000712300
0.007627000,0.000912200,0.000775400
0.006375800,0.001587500,0.001255800
0.006591900,0.001417700,0.001271300
0.006334000,0.001434700,0.001243700
0.007051400,0.000985500,0.000770500
0.006584900,0.000891000,0.000732500
0.007272600,0.000856100,0.000705600
0.007781400,0.001951500,0.001225600
0.007202900,0.000878500,0.000709100
0.007542500,0.000936700,0.000757600
0.007079800,0.000879600,0.000710600
0.006789000,0.000884500,0.000730600
0.007592900,0.000910400,0.000754400
0.007289200,0.001829500,0.000978700
0.007235100,0.000885400,0.000740100
0.008345600,0.001801300,0.001262800
0.006324700,0.000881200,0.000722500
0.007269700,0.001741300,0.001223600
0.007496400,0.000881100,0.000708100
0.006369500,0.000908900,0.000749600
0.006617000,0.000864600,0.000714900
0.007085100,0.000891200,0.000751100
0.008822900,0.000894000,0.000758900
0.007422100,0.000898200,0.000724000
0.007676800,0.000914400,0.000763300
0.009085400,0.000905500,0.000723600
0.007670800,0.000893000,0.000766600
0.007996500,0.001700300,0.001231700
0.008291500,0.000913200,0.000731500
0.006776700,0.001416000,0.001232500
0.007865200,0.001660700,0.000796400
0.007110600,0.001699500,0.001274300
0.006390700,0.000962900,0.000773200
0.006965000,0.000924100,0.000770600
0.008682300,0.001032500,0.000827000
0.008981800,0.000909000,0.000763900
0.010064100,0.000908600,0.000841300
0.006734400,0.000922800,0.000751000
0.007641200,0.000880900,0.000713400
0.007829900,0.000976100,0.000783400
0.006465000,0.000864600,0.000727700
0.007228700,0.000890700,0.000812600
0.007568300,0.001340000,0.000732600
0.007723600,0.001621200,0.000798700
0.007443900,0.000945500,0.000763800
0.007139700,0.000930300,0.000752500
0.007057700,0.000903300,0.000736300
0.007038000,0.000869600,0.000812500
0.007686900,0.000931000,0.000762400
0.008562700,0.000879300,0.000778400
0.007318500,0.000911500,0.000758500
0.007729900,0.000939100,0.000768200
0.007485200,0.000910500,0.000748600
0.007502100,0.000909600,0.000754000
0.008400700,0.000928800,0.000728900
0.007225900,0.000891900,0.000748100
0.006725500,0.000933900,0.000748900
0.008134100,0.000979400,0.000788500
0.007332500,0.000997000,0.000760300
0.006862200,0.000927300,0.000754400
0.007487500,0.001828900,0.001285100
0.006534900,0.000941600,0.000769800
0.006794700,0.000915800,0.000748500
0.007625100,0.000876700,0.000734500
0.006940600,0.000879900,0.000755800
0.007487100,0.000878900,0.000724000
0.007066500,0.000921600,0.000749000
0.007555000,0.002022100,0.001221200
0.006315600,0.000869900,0.000731200
0.006931700,0.000994800,0.000757400
0.007227000,0.000903100,0.000742600
0.006994700,0.000883600,0.000737700
0.007197600,0.000933200,0.000759700
0.008529400,0.001829000,0.001250500
0.006744900,0.000918200,0.000726600
0.006586500,0.001437500,0.001240800
0.009267300,0.000907000,0.000758300
0.006596500,0.000910400,0.000730200
0.007452300,0.001485600,0.001225000
0.006531700,0.001425800,0.001169300
0.006338100,0.000921700,0.000759300
0.010711800,0.001374300,0.000764200
0.006919300,0.000882700,0.000722300
0.007735900,0.000935600,0.000746100
0.006343800,0.001456100,0.001142600
0.006687400,0.001441300,0.001213100
0.007660600,0.000921400,0.000752400
0.006771500,0.000886900,0.000750100
0.008280600,0.000882000,0.000724100
0.006635800,0.000864700,0.000732600
0.008181300,0.000883800,0.000849800
0.006706300,0.000943700,0.000759900
0.006497300,0.000906500,0.000747600
0.008912700,0.001596700,0.000819600
0.007760600,0.000881900,0.000749800
0.008241100,0.000892900,0.000739800
0.006498700,0.000913000,0.000757800
0.006676900,0.001538000,0.000767700
0.006519600,0.000963500,0.000769700
0.006254600,0.000959100,0.000779000
0.006454600,0.000879500,0.000738600
0.006315600,0.001426800,0.001372200
0.006505700,0.000935800,0.000770300
0.007084100,0.000905400,0.000809000
0.007489600,0.000900400,0.000762600
0.007388800,0.000881900,0.000751500
0.007557100,0.000908600,0.000777200
0.006914400,0.000889200,0.000732000
0.008713500,0.001042500,0.000771400
0.007935200,0.001454900,0.000755900
0.008357700,0.000939600,0.000766300
0.006813200,0.001389300,0.001240800
0.007745400,0.001077700,0.000729900
0.008341200,0.000900100,0.000732000
0.007256100,0.000870800,0.000804100
0.007083000,0.000901700,0.000740100
0.007932600,0.000909700,0.000751300
0.007373400,0.000903200,0.000759700
0.007268100,0.000879000,0.000761800
0.007202000,0.000884300,0.000742300
0.009900700,0.000922400,0.000749900
0.006857500,0.000897200,0.000727900
0.006398500,0.000906600,0.000752100
0.007533800,0.001022300,0.000764700
0.008000600,0.000929800,0.000790000
0.007942400,0.000934000,0.000748600
0.007584200,0.000900200,0.000727500
0.008022600,0.001853200,0.001262100
0.009066800,0.000878800,0.000760500
0.006722600,0.001701600,0.001209300
0.009381100,0.000914900,0.000730900
0.006712700,0.000976300,0.000743600
0.006344300,0.001453100,0.001239600
0.006533400,0.000891500,0.000780100
0.007084600,0.001016300,0.000741500
0.007142300,0.000902000,0.000741000
0.007289200,0.000889700,0.000726100
0.007258000,0.000877300,0.000737900
0.008045500,0.001592700,0.000811900
0.008386400,0.000991500,0.000799600
0.006934300,0.000870200,0.000747600
0.007815700,0.000936600,0.000763300
0.007384000,0.000911500,0.000770800
0.007076200,0.000912900,0.000798000
0.006962300,0.000906400,0.000844800
0.007425700,0.000901400,0.000726100
0.007349000,0.000933900,0.000751800
0.007589600,0.001774300,0.001296000
0.007257100,0.000878900,0.000756800
0.007017400,0.000933400,0.000773700
0.007422800,0.000900400,0.000780300
0.006990000,0.000883100,0.000738100
0.006918800,0.000938500,0.000743400
0.007849100,0.000884200,0.000742400
0.007223600,0.000935400,0.000750100
0.007114500,0.001478800,0.001404000
0.006771400,0.001763400,0.001239600
0.007898400,0.000899400,0.000758600
0.007109800,0.000882600,0.000728000
0.007367600,0.000904700,0.000736700
0.007212700,0.000910600,0.000754300
0.007741500,0.001969800,0.001235600
0.008266600,0.000894600,0.000731700
0.007377700,0.001724400,0.001233400
0.007123200,0.001416600,0.001236800
0.007171400,0.001400600,0.001202600
0.007222400,0.000979400,0.000732400
0.006650800,0.000912500,0.000758200
0.006649900,0.000868700,0.000731800
0.006892500,0.000888400,0.000724100
0.007927200,0.000919700,0.000756800
0.007081300,0.000973600,0.000766100
0.007371000,0.000924900,0.000732000
0.007083000,0.000945800,0.000781500
0.007234500,0.000919900,0.000728400
0.007062200,0.000928100,0.000759100
0.006475500,0.000919000,0.000753500
0.007459200,0.000975900,0.000751100
0.008146400,0.000893800,0.000721900
0.006626300,0.000900800,0.000750300
0.006645800,0.000914300,0.000776500
0.006835500,0.000929000,0.000748200
0.007346900,0.000942600,0.000793400
0.007165300,0.000915800,0.000753500
0.008079900,0.001787900,0.000901200
0.007840300,0.000909800,0.000767600
0.007771400,0.001697000,0.001276200
0.007276600,0.000890200,0.000749400
0.007741400,0.000988300,0.000812100
0.009393700,0.000910400,0.000772700
0.007932100,0.000925800,0.000798100
0.009113100,0.000891600,0.000760800
0.007334400,0.000912700,0.000752900
0.006883900,0.000900300,0.000756600
0.007361400,0.001589200,0.001231600
0.008112500,0.000917600,0.000783700
0.007477900,0.001465300,0.000818100
0.008154600,0.000873700,0.000755300
0.006264200,0.001536500,0.001239400
0.007234100,0.001071600,0.000776900
0.006919500,0.000895800,0.000746300
0.006229400,0.000919700,0.000758700
0.006632300,0.000931000,0.000978200
0.006629400,0.000969800,0.000746300
0.006240800,0.001398300,0.001231700
0.006099600,0.000885000,0.000817300
0.006788500,0.000900600,0.000761600
0.008590900,0.001922400,0.001263900
0.008647500,0.000896000,0.000734400
0.008723300,0.000913700,0.000840000
0.007590000,0.000896500,0.000753400
0.006778600,0.000941300,0.000764200
0.007254300,0.000889500,0.000727900
0.006996900,0.000895200,0.000751300
0.006508800,0.000934000,0.000765100
0.007731500,0.000923700,0.000771900
0.007216600,0.000915500,0.000742800
0.007614900,0.000893000,0.000722100
0.006460500,0.001436000,0.001227000
0.006408200,0.000957300,0.000785200
0.006874900,0.001019900,0.000762500
0.007049300,0.000906600,0.000731600
0.007318000,0.000914800,0.000752000
0.007467000,0.001919200,0.001249200
0.008440400,0.000984200,0.000786400
0.006499400,0.000925900,0.000755300
0.007259700,0.000922400,0.000745400
0.006920000,0.000905000,0.000763900
0.007008300,0.001078800,0.000869400
0.007856200,0.000884900,0.000740000
0.006301100,0.000885000,0.000760300
0.007138700,0.000997400,0.000770200
0.007694400,0.001376500,0.000759300
0.006911900,0.000934500,0.000768900
0.006722700,0.001553600,0.001246900
0.006818800,0.000901200,0.000746900
0.007343200,0.002086900,0.001239800
0.006986700,0.000932200,0.000845800
0.006721200,0.000876800,0.000734400
0.007567100,0.001787100,0.001252500
0.007447600,0.000884500,0.000752200
0.007110300,0.000903700,0.000742800
0.007957400,0.001678000,0.001265700
0.007030200,0.000894300,0.000764600
0.006876800,0.000901900,0.000725800
0.007208200,0.001557800,0.001211300
0.006771200,0.000890700,0.000822900
0.007025800,0.000920800,0.000754300
0.007596100,0.000941100,0.000759900
0.007351800,0.001648400,0.000773600
0.007474500,0.000971200,0.000757800
0.007187600,0.000899900,0.001363200
0.007402300,0.000893400,0.000830600
0.006576300,0.000913200,0.000774000
0.006857100,0.000891200,0.000722100
0.006775000,0.000904100,0.000764500
0.006690100,0.000907700,0.000724100
0.007195900,0.000889900,0.000747200
0.007531000,0.001709300,0.001204200
0.007737100,0.000958200,0.000790400
0.006998600,0.000905800,0.000763000
0.007576200,0.000901800,0.000748700
0.007448900,0.000893600,0.000745900
0.006648600,0.000903600,0.000892700
0.007846100,0.000948800,0.000759100
0.008391300,0.000906100,0.000725600
0.007049400,0.000912400,0.000731900
0.007801500,0.001826700,0.001214200
0.007986100,0.000904200,0.000755900
0.006897500,0.001509900,0.001228000
0.006497000,0.000904700,0.000748200
0.007240000,0.000913000,0.000762200
0.008518000,0.001801300,0.001243800
0.007760900,0.000932500,0.000764000
0.007395200,0.001683700,0.001198100
0.008426300,0.000884600,0.000729000
0.007463900,0.000943400,0.000746100
0.007380300,0.000914500,0.000777200
0.006527000,0.000934300,0.001263100
0.007562800,0.000906300,0.000752900
0.007114600,0.000918600,0.000768000
0.007637500,0.001876200,0.001247400
0.007956800,0.001927700,0.001249700
0.007189800,0.000904400,0.000768500
0.007127300,0.000950700,0.000756600
0.007551900,0.001016500,0.000756900
0.007392200,0.000913600,0.000756300
0.007727500,0.000910800,0.000755200
0.007599400,0.000997700,0.000778800
0.007444300,0.000882800,0.000749700
0.007743900,0.000876200,0.000730800
0.007013900,0.000941600,0.000772800
0.007316100,0.000943700,0.001372700
0.007936000,0.001862100,0.001227400
0.006662100,0.001431600,0.001242000
0.006731300,0.001425300,0.001328200
0.007486000,0.001449000,0.001251800
0.008697600,0.000924700,0.000757000
0.007623300,0.001723700,0.000798400
0.006911700,0.000947200,0.000759300
0.006995200,0.000906900,0.000715900
0.007104000,0.000874500,0.000727600
0.007214400,0.000883300,0.000727000
0.007341900,0.001064600,0.000962100
0.006442400,0.001457400,0.000963000
0.006177000,0.000910800,0.000756600
0.006856800,0.000900900,0.000829900
0.007352600,0.000898800,0.000769000
0.008206500,0.000922500,0.000754000
0.007297300,0.001453100,0.001200400
0.008213800,0.000903100,0.000732000
0.007809800,0.000879500,0.000758500
0.007989900,0.000876200,0.000719300
0.009165100,0.000837900,0.000714700
0.008380900,0.000921800,0.000731400
0.006687400,0.000887900,0.000718900
0.007179800,0.000896400,0.000743200
0.007382200,0.000919200,0.000812800
0.007292500,0.000867900,0.000739900
0.007677800,0.000916700,0.000753300
0.006998300,0.000942900,0.000770400
0.007151900,0.000909200,0.000760900
0.006813200,0.000922500,0.000749900
0.007075400,0.000893200,0.000747400
0.006981600,0.000941300,0.000786900
0.007656500,0.000942900,0.000748800
0.008923200,0.000892500,0.000769600
0.007128100,0.000926800,0.000766900
0.008152200,0.001015300,0.000756500
0.007484500,0.001740000,0.001254200
0.008654500,0.000944500,0.000724400
0.007158300,0.000910800,0.000752100
0.006997100,0.000904600,0.000752000
0.007826600,0.000927800,0.000757500
0.006279600,0.000952700,0.000763500
0.007664000,0.000954500,0.000760800
0.007184800,0.000873200,0.000727700
0.007561600,0.001337000,0.000745400
0.008235400,0.001778100,0.001290200
0.006921200,0.000968200,0.000721500
0.008430300,0.001044100,0.000758100
0.007520500,0.000930300,0.000763400
0.008240500,0.001970500,0.001252400
0.007762900,0.000889000,0.000742300
0.007438400,0.001776400,0.001237300
0.006509400,0.000964000,0.000790200
0.007725400,0.000962700,0.000759600
0.006239000,0.001596500,0.001221800
0.006849800,0.001169700,0.000744600
0.007204500,0.000901000,0.000889700
0.007122700,0.000916800,0.000754700
0.007618500,0.000889900,0.000727500
0.008406100,0.001883000,0.001616100
0.008437600,0.001692200,0.001421000
0.007509900,0.001005500,0.000779200
0.008423200,0.001184400,0.000832100
0.008800300,0.001173900,0.000785600
0.007495100,0.001896500,0.001623800
0.006917400,0.001695900,0.001614100
0.007151200,0.000969600,0.000753400
0.006216500,0.000954700,0.000848800
0.007179200,0.001006900,0.000778900
0.006905400,0.001483800,0.001262800
0.007023900,0.000945100,0.000777900
0.008087800,0.000953600,0.000773900
0.007631200,0.000930000,0.000749900
0.006227300,0.002075800,0.002011600
0.006667600,0.001437700,0.001018300
0.006753600,0.000911700,0.000764900
0.006818700,0.000898200,0.000737300
0.006812300,0.000924000,0.000752300
0.006620500,0.000952000,0.000852400
0.007086500,0.000914700,0.000768000
0.006698800,0.000923300,0.000765700
0.006579400,0.000927900,0.000748100
0.007638600,0.001486100,0.001298500
0.007117200,0.000922100,0.000756800
0.006599200,0.000928300,0.000731000
0.006326100,0.000912100,0.000742300
0.007588500,0.000884400,0.000734900
0.006747400,0.000909900,0.000755200
0.008116200,0.000937000,0.000759600
0.006428000,0.001020100,0.000778000
0.006795100,0.000917000,0.000810000
0.006596600,0.000910500,0.000749900
0.006489300,0.001134600,0.001167300
0.007144800,0.000909100,0.000750600
0.007369600,0.001611800,0.001078500
0.006266200,0.000932800,0.000768700
0.007781000,0.000951300,0.000774700
0.007024400,0.000898000,0.000747300
0.007045800,0.001658400,0.000774200
0.006876700,0.000906000,0.000780600
0.006604800,0.001001200,0.000773900
0.007269100,0.000937500,0.000748800
0.006461100,0.000964000,0.000761200
0.006487600,0.000929200,0.000785500
0.006645700,0.000927000,0.000753000
0.006880700,0.001553600,0.001338200
0.006991300,0.000898600,0.000740200
0.006830200,0.001016900,0.000755600
0.007131700,0.001092200,0.000719100
0.007584600,0.001639200,0.001391600
0.007175100,0.000935500,0.000850200
0.006641300,0.000915500,0.000751000
0.007256100,0.000918100,0.000751300
0.006858700,0.000918900,0.000764900
0.008329100,0.001675600,0.001266900
0.009101800,0.000900400,0.000740800
0.007347300,0.000882200,0.000727300
0.007343500,0.000876000,0.000724400
0.006565700,0.000914700,0.000760500
0.006447700,0.000921500,0.000754600
0.007215700,0.000929500,0.000769700
0.007066400,0.000905500,0.000817400
0.007190800,0.000909100,0.000752800
0.008282500,0.000908900,0.000746200
0.008282900,0.000902400,0.000749500
0.007012000,0.001580500,0.001209700
0.008932700,0.000880800,0.000751000
0.006563400,0.000912200,0.000738100
0.007946600,0.000895800,0.000755000
0.007490300,0.000909300,0.000898800
0.008199400,0.000912800,0.000744000
0.007446700,0.000874100,0.000721900
0.008181100,0.000874600,0.000801700
0.006940800,0.000877700,0.000711100
0.008929900,0.001784200,0.001312200
0.006914900,0.001461600,0.001220500
0.007875000,0.001292100,0.000810800
0.006398700,0.000901500,0.000722000
0.006484700,0.000885900,0.000746500
0.008091400,0.001024700,0.000789000
0.007053800,0.000891800,0.000740400
0.007060500,0.000896200,0.000734200
0.006518200,0.000898600,0.000761500
0.007239600,0.001024100,0.000777200
0.007235600,0.000890500,0.000729800
0.006748600,0.000875100,0.000759000
0.007062200,0.000904900,0.000752900
0.007270300,0.000939300,0.000781600
0.007470900,0.000926100,0.000754400
0.006674100,0.001524200,0.001238300
0.006767600,0.000988600,0.000765300
0.007561900,0.001536900,0.001243300
0.007294300,0.001420600,0.000758800
0.007347300,0.001424700,0.000810300
0.007364500,0.000952100,0.000727300
0.007562800,0.000918000,0.000801400
0.008849400,0.000874000,0.000744700
0.007452800,0.000880600,0.000716100
0.007170400,0.000886500,0.000737600
0.007976500,0.001967000,0.000865100
0.006712700,0.000903600,0.000762800
0.007818300,0.001959300,0.001255800
0.008278300,0.000955100,0.000763300
0.007042200,0.000879300,0.000736300
0.006944000,0.000921300,0.000831500
0.007764000,0.000984800,0.000753000
0.009643400,0.000924800,0.000760200
0.007827900,0.000887700,0.000743500
0.006826500,0.000878000,0.000741500
0.007985500,0.000942600,0.000764400
0.007098300,0.001415400,0.001239500
0.006971700,0.000918900,0.000911400
0.006802400,0.000915700,0.000766400
0.007727900,0.000893600,0.000754100
0.009300700,0.000881800,0.000742300
0.007892700,0.000918500,0.000794900
0.007762900,0.000855800,0.000740300
0.007209300,0.000884600,0.000733200
0.007649700,0.001451100,0.001261200
0.007499400,0.000865200,0.000725800
0.006705700,0.000889300,0.000739100
0.006783600,0.001758800,0.001224000
0.006600600,0.000901400,0.000939000
0.006715900,0.000897200,0.000736100
0.006658000,0.000947400,0.000772400
0.006862700,0.000912400,0.000785800
0.006880500,0.000942400,0.000837000
0.006588400,0.001473300,0.001319700
0.006484800,0.001474600,0.001247500
0.006260200,0.001450200,0.001286900
0.006834700,0.001491800,0.001248500
0.006990000,0.000900300,0.000754500
0.006588200,0.000910200,0.000733500
0.007542700,0.000951500,0.000779100
0.007045600,0.000992600,0.000785300
0.007513000,0.000953900,0.000810800
0.006840500,0.001456400,0.001258600
0.006277100,0.001508000,0.000935900
0.006378800,0.000898600,0.000790100
0.005848700,0.001526000,0.000826300
0.006437300,0.000876100,0.000722900
0.007118300,0.001677700,0.000874500
0.007305700,0.001669900,0.000800300
0.007789500,0.000915400,0.000755700
0.007379500,0.000911800,0.000741600
0.006581700,0.000902500,0.000751800
0.007144400,0.000945000,0.000771800
0.007919900,0.000916700,0.000750500
0.007031900,0.000980900,0.000768900
0.007317500,0.000875400,0.000869900
0.008218300,0.001783700,0.001275800
0.009297400,0.000901300,0.000740500
0.008329000,0.000922600,0.000729600
0.007284300,0.000889500,0.000728200
0.007534900,0.002797700,0.000839000
0.008178900,0.000941100,0.000761300
0.008607100,0.000909600,0.000749100
0.007838600,0.001856100,0.001255800
0.006955800,0.001399300,0.001309900
0.006235400,0.001434000,0.001220100
0.007212800,0.001458800,0.001243800
0.007547600,0.002329200,0.001302000
0.008170300,0.001029700,0.000818600
0.007426100,0.001669000,0.001490400
0.007209400,0.000898600,0.000749300
0.006870900,0.001469300,0.001289500
0.006472200,0.000908800,0.000751200
0.007370300,0.000891900,0.000743400
0.008903100,0.000876900,0.000740800
0.007954400,0.001605500,0.000837900
0.006947000,0.000906100,0.000760400
0.006908500,0.000931000,0.000871400
0.006701900,0.000941700,0.000827300
0.009367300,0.000919000,0.000754300
0.007036100,0.000905600,0.000759000
0.007530400,0.000902900,0.000749400
0.007154100,0.000934800,0.000744700
0.006574100,0.000887400,0.000768900
0.006844600,0.000922800,0.000754600
0.008333700,0.001027700,0.001033700
0.006639900,0.000913500,0.000804700
0.007417300,0.000923400,0.000757700
0.007254400,0.001871400,0.001292100
0.006732300,0.000923900,0.000768900
0.007030300,0.000922500,0.000752800
0.006799400,0.000910000,0.000777600
0.006267000,0.001514200,0.001343700
0.006565300,0.001495800,0.001273000
0.006559400,0.001418700,0.001259700
0.006037200,0.000867400,0.000766700
0.006817400,0.000906300,0.000751400
0.006905900,0.001030400,0.000771700
0.007701600,0.000910700,0.000753700
0.007505800,0.000928300,0.000754100
0.007503000,0.000945100,0.000754200
0.007105700,0.000883900,0.000731800
0.007017400,0.000928400,0.000842200
0.007668000,0.001979700,0.001257900
0.007077900,0.000902900,0.000745500
0.006868200,0.000918100,0.000763300
0.007278500,0.000910300,0.000749100
0.008885900,0.001737900,0.001229300
0.006594500,0.001012600,0.000778800
0.007892800,0.001444200,0.001232900
0.006430000,0.001407100,0.001226900
0.007221000,0.000920100,0.000750500
0.008199900,0.001861600,0.001233600
0.009030300,0.001002300,0.001000600
0.007065700,0.000874200,0.000757100
0.008514000,0.001946000,0.001230300
0.006426900,0.000889800,0.000758000
0.007334500,0.001494200,0.001228600
0.007632300,0.000934800,0.000949100
0.007707700,0.001543500,0.000810300
0.006168000,0.000886100,0.000754300
0.008717000,0.000870000,0.000756200
0.007735200,0.000900300,0.000723800
0.008369000,0.001948200,0.001222900
0.007810200,0.000923700,0.000764400
0.008708600,0.001556900,0.000841500
0.007883700,0.002097000,0.001385700
0.007620000,0.000917000,0.000767500
0.008434700,0.000884500,0.000741400
0.008199100,0.000892100,0.000909400
0.006371400,0.000896200,0.000764200
0.007947700,0.000923200,0.000777200
0.007551800,0.001906000,0.001251500
0.007227600,0.000913800,0.000741700
0.008017600,0.000900400,0.000759500
0.007300100,0.000897600,0.000723400
0.006944000,0.001680600,0.000789000
0.007178500,0.000897100,0.000756400
0.007641200,0.000958300,0.000757700
0.007814500,0.000909300,0.000740000
0.007271600,0.000892700,0.000834700
0.007725000,0.001948200,0.001218400
0.007280000,0.001188900,0.000759900
0.007567000,0.000919500,0.000752500
0.008022000,0.000941300,0.000754200
0.007487800,0.000929100,0.000865800
0.007925300,0.000939500,0.000772600
0.006787700,0.001488100,0.001268500
0.006445000,0.000930000,0.000751000
0.006720500,0.000908600,0.000752100
0.008133300,0.000924100,0.000747900
0.007056700,0.000983200,0.000765700
0.007490000,0.002065400,0.001222300
0.007531300,0.000872000,0.000730600
0.006448100,0.000919100,0.000759500
0.009201700,0.000883200,0.000750000
0.006559700,0.000962200,0.000774400
0.007113100,0.001524100,0.001157100
0.006790000,0.000930100,0.000762400
0.006940600,0.000894200,0.000722400
0.006792900,0.000883800,0.000751700
0.007214900,0.000907400,0.000766900
0.007326400,0.000993400,0.000755400
0.007897100,0.000923800,0.000756700
0.007476600,0.000916000,0.000742300
0.007118400,0.001937300,0.001248900
0.009469200,0.000895000,0.000756600
0.006980900,0.000863100,0.000816900
0.007373700,0.000934300,0.000760000
0.007210500,0.001426600,0.001262100
0.007321800,0.000907600,0.000758500
0.008242100,0.000981400,0.000750200
0.007943000,0.001808100,0.001351900
0.007475800,0.000922200,0.000751500
0.006823900,0.000984700,0.000747000
0.007755700,0.001875300,0.001223700
0.007081200,0.000922000,0.000762600
0.008753600,0.000934900,0.000751600
0.008375200,0.000899900,0.000718900
0.007383000,0.000904800,0.000762800
0.007768600,0.000936500,0.000778900
0.008778000,0.001833700,0.001242200
0.006839100,0.000929400,0.000736300
0.008307100,0.000917100,0.000864200
0.007862100,0.001790700,0.001240100
0.006871200,0.000910400,0.000715200
0.007023200,0.000886800,0.000728300
0.007968200,0.000879600,0.000735300
0.007250400,0.001699100,0.000783500
0.007606100,0.001658000,0.000764700
0.006578200,0.002014400,0.001249600
0.006839000,0.000879200,0.000754500
0.007284500,0.000893800,0.000723900
0.007428900,0.000897500,0.000743400
0.007245400,0.000949100,0.000850400
0.008738900,0.001777300,0.001240000
0.009866700,0.001898100,0.001244000
0.008872000,0.001054700,0.000758100
0.008880400,0.000911800,0.000733300
0.008487300,0.000920200,0.000736000
0.006888800,0.000991700,0.000784400
0.007044700,0.000907700,0.000774200
0.007061600,0.000916700,0.000752300
0.008590500,0.000917200,0.000757600
0.007137200,0.000926500,0.000755400
0.007704600,0.000981800,0.000747800
0.007137900,0.000894900,0.000726800
0.006748200,0.000872300,0.000719400
0.007721600,0.000889100,0.000757700
0.007209900,0.000887600,0.000739000
0.006618600,0.000916400,0.000756400
0.006955800,0.000914900,0.000796000
0.006589100,0.000902100,0.000758500
0.007953500,0.000868400,0.000715200
0.007861200,0.001897800,0.001225400
0.006857900,0.000923100,0.000755000
0.007004300,0.000982400,0.000766900
0.007553000,0.000937500,0.000764400
0.006901200,0.000913000,0.000752600
0.007345100,0.001881900,0.001211100
0.006696700,0.000963500,0.000768600
0.008260900,0.000917200,0.000747400
0.006965300,0.000929000,0.000761500
0.007724500,0.000932800,0.000762700
0.007990500,0.000990400,0.000793300
0.006186100,0.001444000,0.001050100
0.007145400,0.001415900,0.000890200
0.007287100,0.000935200,0.000752900
0.007898500,0.000901200,0.000756200
0.007663800,0.000882700,0.000808900
0.007916900,0.000916900,0.000764700
0.007375400,0.001878400,0.001271600
0.007483700,0.000891200,0.000734900
0.006383100,0.000866500,0.000745700
0.008657500,0.000940700,0.000765700
0.008119400,0.001865300,0.000769100
0.007313100,0.001573900,0.001246500
0.006788100,0.000915100,0.000861300
0.007028600,0.000920600,0.000762300
0.007530500,0.000885600,0.000724000
0.007362500,0.000906400,0.000762100
0.007426600,0.000894300,0.000781200
0.007064300,0.000925100,0.000762100
0.010164500,0.000905400,0.000772900
0.006356600,0.001632200,0.001351700
0.006247800,0.001066000,0.000780800
0.007992900,0.000926000,0.000752400
0.006958000,0.000890300,0.000711100
0.007138100,0.000901800,0.000842300
0.008034700,0.000914300,0.000765600
0.007893200,0.001391200,0.000785700
0.007277900,0.000950900,0.000757000
0.008378100,0.000909200,0.000730800
0.007739200,0.000883100,0.000756000
0.007312800,0.000921900,0.000747200
0.006624200,0.000914800,0.000765200
0.007007400,0.000931200,0.000770200
0.007873000,0.000904000,0.000754000
0.008050400,0.000950900,0.000893100
0.007267400,0.000965100,0.000748300
0.006644500,0.000888200,0.000735200
0.007007000,0.000868500,0.000772900
0.006838100,0.001140700,0.001006700
0.007438900,0.000964100,0.000756700
0.008638100,0.000890400,0.000741000
0.007196700,0.000893100,0.000765300
0.008148200,0.001803400,0.001218100
0.006584400,0.000895800,0.000811700
0.007127400,0.000964000,0.000841800
0.007474700,0.000896400,0.000726500
0.007061600,0.000998800,0.000755200
0.007477100,0.000911100,0.000754000
0.008040000,0.001842400,0.001253900
0.007410700,0.002112500,0.001243700
0.007306200,0.001468400,0.001227000
0.008639300,0.000905900,0.000729200
0.006787500,0.000895100,0.000756100
0.007313400,0.000938600,0.000749100
0.007780600,0.000887600,0.000759600
0.006755100,0.000966300,0.000775700
0.009209200,0.000907900,0.000870700
0.006548200,0.000902500,0.000762000
0.007171600,0.000902800,0.000752000
0.006628700,0.000902700,0.000748600
0.008707500,0.000902000,0.000746500
0.007565200,0.000905400,0.000745800
0.007667100,0.001094500,0.000810200
0.006992400,0.000905500,0.000754300
0.009608300,0.000893600,0.000750700
0.007797300,0.000946900,0.000749100
0.007208200,0.000953900,0.000756500
0.007754800,0.000937300,0.000825800
0.007664600,0.001914800,0.000871000
0.008189600,0.000886500,0.000745100
0.007511700,0.000886800,0.000803200
0.007628900,0.001948000,0.001333300
0.007281600,0.000930600,0.000762800
0.007140000,0.000887200,0.000751000
0.006790200,0.000882700,0.000727600
0.009434600,0.002061600,0.001240800
0.007994600,0.000910600,0.000754900
0.006575600,0.000943200,0.000756700
0.008797600,0.001911000,0.001288700
0.006767100,0.000909500,0.000764800
0.007108700,0.001847700,0.001251300
0.008878900,0.000865900,0.000740100
0.007349700,0.000965600,0.000803700
0.007564000,0.000930200,0.000765400
0.006633800,0.000947800,0.000773900
0.007038200,0.000917500,0.000904700
0.008027200,0.000946600,0.000775100
0.007521100,0.000893500,0.000725600
0.006726000,0.000883100,0.000745900
0.006999300,0.001011500,0.000759500
0.007052500,0.000888200,0.000736100
0.007868700,0.001815200,0.001219800
0.007405300,0.000939700,0.000954300
0.007606400,0.000915100,0.000739100
0.006733900,0.000930700,0.000759000
0.007666300,0.001059000,0.000864300
0.007242400,0.000899200,0.000751400
0.007920300,0.001887300,0.001246300
0.006618200,0.000908500,0.000730200
0.008530800,0.000901800,0.000761100
0.006523500,0.001025600,0.000752700
0.007332000,0.000883300,0.000724500
0.007725300,0.000887400,0.000765500
0.006748200,0.000898700,0.000740100
0.006672100,0.000926500,0.000755000
0.006673800,0.000918700,0.000788900
0.007297900,0.001948000,0.000894800
0.007481600,0.001933500,0.001248900
0.008569500,0.000890900,0.000747300
0.006280800,0.000907300,0.000774800
0.007248500,0.000915600,0.000827600
0.007931200,0.001993300,0.000825100
0.006957500,0.000873700,0.000728200
0.007439100,0.001845800,0.001247500
0.007284400,0.000929000,0.000755500
0.007437200,0.001511600,0.001235200
0.006913000,0.000957900,0.000794100
0.006782700,0.000933800,0.000757500
0.007106300,0.000924800,0.000763200
0.006447800,0.000935600,0.000750700
0.006938200,0.001694700,0.001058200
0.007040400,0.001456400,0.001350700
0.007388000,0.000890500,0.000753400
0.008281700,0.000915400,0.000752100
0.008270700,0.000986300,0.000765200
0.006851400,0.000906900,0.000754300
0.006839800,0.000908100,0.000755800
0.007653900,0.001008300,0.000764000
0.006597200,0.000852800,0.000730200
0.006693000,0.000924100,0.000763600
0.006532600,0.000883900,0.000730400
0.007398300,0.000900000,0.000737800
0.006561900,0.000977900,0.000737700
0.006861500,0.000926700,0.000764100
0.006687800,0.000870400,0.000723100
0.007647800,0.000913600,0.000775900
0.007313600,0.000914300,0.000748300
0.007278700,0.000859500,0.000737000
0.007319900,0.001422200,0.000744900
0.006664400,0.000877400,0.000727900
0.007084500,0.000869300,0.000724600
0.009209900,0.001835700,0.001056200
0.006873100,0.000873900,0.000716000
0.007376700,0.000953500,0.000755100
0.008303600,0.001870300,0.001232700
0.006482600,0.000901900,0.000766700
0.008514600,0.001886600,0.001225200
0.006326500,0.000875100,0.000777800
0.006697600,0.001440000,0.001207600
0.006588700,0.000927100,0.000760300
0.007164000,0.001786700,0.000798700
0.006959300,0.000963500,0.000776300
0.006439900,0.000933800,0.000766800
0.007088300,0.000927700,0.000765400
0.006873900,0.001031500,0.000780800
0.007267300,0.000956400,0.000803100
0.007865400,0.000893500,0.000722700
0.007186000,0.001819600,0.001260000
