iteration,qiskit,psf_true,psf_false
0,0.008078699999714445,0.0009168000001409382,0.0007405999999718915
1,0.0074346999999761465,0.0008748000000196043,0.0007381999998870015
2,0.007917900000393274,0.0010888999995586346,0.0007113000001481851
3,0.0065627000003587455,0.0009436000000278,0.0007849999997233681
4,0.0064513000002079934,0.0008756000001994835,0.0007584999998471176
5,0.006477600000380335,0.0008969999998953426,0.0007600999997521285
6,0.00761659999989206,0.0008797999998932937,0.0007688000000598549
7,0.008757799999784766,0.0016660000001138542,0.0012437000000318221
8,0.007929200000035053,0.0009014000002025568,0.0007444000002578832
9,0.007044599999971979,0.0009033999999701336,0.0007433000000673928
10,0.008282499999950232,0.0014722000000801927,0.001173099999959959
11,0.006596899999749439,0.000841100000343431,0.0007584999998471176
12,0.008076000000073691,0.0015019000002212124,0.00080630000002202
13,0.007935300000099232,0.0013774999997622217,0.0011983999997937644
14,0.006938300000001618,0.0013700999998036423,0.0012297000002945424
15,0.007884999999987485,0.0013754000001426903,0.0012080000001333246
16,0.00847169999997277,0.0014861999998174724,0.0008282999997391016
17,0.008166000000073836,0.0014062999998714076,0.001202700000249024
18,0.007077299999764364,0.0008714999999028805,0.0007199000001492095
19,0.007587299999613606,0.0017048999998223735,0.001239299999724608
20,0.006894699999975273,0.0009014000002025568,0.0007319999999708671
21,0.00756569999975909,0.0008488000003126217,0.0007300000002032903
22,0.00736800000004223,0.001799000000119122,0.0012169000001449604
23,0.006888400000207184,0.0013816999999107793,0.0012191000000711938
24,0.009076499999991938,0.0013908999999330263,0.0012086000001545472
25,0.007755500000257598,0.000861699999859411,0.0007305000003725581
26,0.007784299999912037,0.001384199999847624,0.0012368000002425106
27,0.008413199999722565,0.0009264000000257511,0.0007146000002649089
28,0.008119600000100036,0.0008916000001590874,0.0007331000001613575
29,0.007573800000045594,0.0009092000000237022,0.000718100000085542
30,0.009224299999914365,0.0008825999998407497,0.000712900000053196
31,0.008409699999901932,0.0008695000001353037,0.0007298999998965883
32,0.008490799999890442,0.0020374999999148713,0.001232099999924685
33,0.006962500000099681,0.0010161000000152853,0.0007525000000896398
34,0.008626300000287301,0.0015911999998934334,0.0011798000000453612
35,0.007646000000022468,0.001381399999900168,0.0012128000003031048
36,0.006050899999991088,0.0016005000002223824,0.001283300000068266
37,0.007268399999702524,0.0009521000001768698,0.0007411000001411594
38,0.007030899999790563,0.0008625000000392902,0.0007169999998950516
39,0.007335700000112411,0.0012196000002404617,0.0007304999999178108
40,0.006507600000077218,0.00142569999979969,0.000765899999805697
41,0.007250199999816687,0.0008653999998387008,0.0007227999999486201
42,0.00762140000006184,0.000877299999956449,0.000722100000075443
43,0.007430900000144902,0.0009054000001924578,0.0007402000001093256
44,0.006715999999869382,0.0008758999997553474,0.0007207999997262959
45,0.009016800000154035,0.0014155999997456092,0.0012238999997862265
46,0.006761099999948783,0.0014409999998861167,0.0011807999999291496
47,0.006907500000124855,0.001442499999939173,0.0007791000002725923
48,0.007456899999851885,0.0013839999996889674,0.0011990000002697343
49,0.007536300000083429,0.0018007999997280422,0.001252200000180892
50,0.006629000000430096,0.0015133999995669,0.0007759000000078231
51,0.0075851999999940745,0.001451599999654718,0.0009337999999843305
52,0.007532300000093528,0.0008711999998922693,0.0007189000002654211
53,0.00823339999988093,0.0008832000003167195,0.0007329000000027008
54,0.008556799999951181,0.0008867999999893073,0.0007150999999794294
55,0.006487900000138325,0.001402200000029552,0.0012173999998594809
56,0.007549399999788875,0.0008849000000736851,0.0007228999998005747
57,0.007845000000088476,0.0015177999998741143,0.0007866000000831264
58,0.008359200000086275,0.0008833000001686742,0.0007163999998738291
59,0.007141200000205572,0.0008662000000185799,0.0007158999997045612
60,0.007622200000241719,0.0008904000001166423,0.0007508000003326742
61,0.008657800000037241,0.0008791999998720712,0.0007153999999900407
62,0.008191599999918253,0.0018329999998059066,0.0007758000001558685
63,0.006642599999850063,0.0009079000001293025,0.0007345999997596664
64,0.008573799999794574,0.0008759000002100947,0.0007230999999592314
65,0.007756900000003952,0.0008743999997022911,0.0007264999999279098
66,0.006663899999693967,0.0010675000003175228,0.0007384999998976127
67,0.007022900000265508,0.0013960999999653723,0.0012118999998165236
68,0.010096400000293215,0.0009621999997762032,0.0007445999999617925
69,0.006946399999833375,0.0015146000000640925,0.0008749999997235136
70,0.008510500000284082,0.0008692000001246925,0.0007110999999895284
71,0.008060800000293966,0.0014540000001943554,0.0011779999999816937
72,0.00776960000030158,0.001395500000398897,0.0011973000000580214
73,0.009553800000048795,0.0008662999998705345,0.000764800000069954
74,0.00853000000006432,0.0008920000000216532,0.0007280999998329207
75,0.0078004000001783425,0.0013929000001553504,0.0012203999999655935
76,0.008185000000139553,0.0008821000001262291,0.0007366999998339452
77,0.009097000000110711,0.0009044000003086694,0.0007287000003088906
78,0.006439000000227679,0.0008748000000196043,0.0007200999998531188
79,0.008524100000158796,0.0014085999996495957,0.0007616000002599321
80,0.008953699999892706,0.0015247999999701278,0.0012383000002955669
81,0.010812299999997776,0.0009279000000788074,0.0007291000001714565
82,0.009276100000079168,0.0009030000001075678,0.0007222000003821449
83,0.050238899999840214,0.0008846999999150285,0.0007350999999289343
84,0.00727469999992536,0.0008660000003146706,0.0007248000001709443
85,0.007753999999749794,0.0009073999999600346,0.0007599999999001739
86,0.0062770999998065236,0.0014334999996208353,0.0011972000002060668
87,0.006764700000076118,0.0008737999996810686,0.0007289000000127999
88,0.006766900000002352,0.0014452000000346743,0.0012286999999560066
89,0.005955699999958597,0.001449400000183232,0.0009437999997317092
90,0.009131599999818718,0.0008831000000100175,0.0007213999997475185
91,0.007189500000094995,0.001394300000356452,0.0012106999997740786
92,0.008608100000401464,0.0010818000000654138,0.0007381999998870015
93,0.007020600000032573,0.0015697000003456196,0.0008095000002867891
94,0.006751899999926536,0.0013700999998036423,0.0007758000001558685
95,0.007417100000111532,0.0014694999999846914,0.0012031999999635445
96,0.007090600000083214,0.0008569000001443783,0.0007081999997353705
97,0.007274099999904138,0.001481199999943783,0.0012113000002500485
98,0.006873100000120758,0.000858099999732076,0.000720500000170432
99,0.00770779999993465,0.0008892999999261519,0.0007335000000239233
100,0.0070470999999088235,0.0008973999997579085,0.0007276000001184002
101,0.009949299999789218,0.0019136999999318505,0.0012138999995841004
102,0.0077417000002242276,0.0016952999999375606,0.001211400000102003
103,0.008031699999719422,0.0008810999997876934,0.0007396000000881031
104,0.007310599999982514,0.001424700000370649,0.0012093000000277243
105,0.00779130000000805,0.0008754999998927815,0.0007219000003715337
106,0.007275200000094628,0.0032051000002866203,0.0007832999999664025
107,0.007771699999921111,0.0008680000000822474,0.0007235000002765446
108,0.00681380000014542,0.0013927999998486484,0.0012023999997836654
109,0.008857300000272517,0.0013665000001310545,0.0011910999996871396
110,0.008014900000034686,0.0009009999998852436,0.0007319999999708671
111,0.007524300000113726,0.0018104000000676024,0.0012375999999676424
112,0.008121399999708956,0.0008631999999124673,0.0007224999999380088
113,0.008831000000100175,0.0012277000000722182,0.0007341999998971005
114,0.0074968999997508945,0.0008822999998301384,0.0007190000001173757
115,0.006773499999781052,0.0008827999999994063,0.0007333999997172214
116,0.007339799999954266,0.0008866999996826053,0.0007660999999643536
117,0.006075799999962328,0.0008764000003793626,0.0007787999998072337
118,0.00812580000001617,0.000933199999963108,0.0007332000000133121
119,0.0071480999999948835,0.0008648999996694329,0.0007279999999809661
120,0.006399999999757711,0.0008809999999357387,0.0007964999999785505
121,0.006581300000107149,0.0009004000003187684,0.000747700000374607
122,0.0074242000000595,0.0019271999999546097,0.0012180000003354507
123,0.007215199999791366,0.0009262000003218418,0.0007610000002387096
124,0.008061500000167143,0.0017063000000234751,0.0012195999997857143
125,0.006981999999879918,0.0008729000001039822,0.0007184999999481079
126,0.007452499999999418,0.0008938000000853208,0.0007241999996949744
127,0.007042500000352447,0.0009301000000050408,0.0007403999998132349
128,0.007259200000135024,0.0014962000000195985,0.001259699999991426
129,0.007378400000106922,0.0009113999999499356,0.000741199999993114
130,0.007541299999957118,0.0008573999998588988,0.0007240999998430198
131,0.006600700000035431,0.0008676000002196815,0.0007597999997415172
132,0.0073492999999871245,0.0008864000001267414,0.0007393000000774919
133,0.006764400000065507,0.0008714000000509259,0.0007982000001902634
134,0.007924399999865273,0.0008996999999908439,0.0007255000000441214
135,0.008432300000094983,0.0009052000000338012,0.0007266000002346118
136,0.009469199999784905,0.0009063000002242916,0.0007433999999193475
137,0.00766120000025694,0.0014502999997603183,0.0007874000002630055
138,0.007597199999963777,0.0008717999999134918,0.000725599999896076
139,0.009399000000030355,0.0009074999998119893,0.000750500000322063
140,0.00831079999989015,0.001958599999852595,0.0012498999999479565
141,0.007046799999898212,0.0008931000002121436,0.0007858999997552019
142,0.007685600000058912,0.000898200000392535,0.0007465999997293693
143,0.007683599999836588,0.0008645000002616143,0.0007377000001724809
144,0.007986499999788066,0.0008713000001989712,0.0007454999999936263
145,0.008162600000105158,0.0009141000000454369,0.0007379999997283448
146,0.00983959999985018,0.0016338000000359898,0.0011889999996128608
147,0.006517600000279344,0.0014425999997911276,0.0012564000003294495
148,0.007341699999869888,0.0014203999999153893,0.0010908999997809588
149,0.009875400000055379,0.001540599999771075,0.001209000000017113
150,0.00795109999990018,0.0014913999998498184,0.0012305000000196742
151,0.008936499999890657,0.0008931000002121436,0.0007304000000658561
152,0.0076509999998961575,0.0009617999999136373,0.0007319999999708671
153,0.007586799999899085,0.0014086999999562977,0.0012311999998928513
154,0.007814099999905011,0.0014160000000629225,0.0007643000003554334
155,0.007493799999792827,0.00135550000004514,0.001184700000067096
156,0.0075371999996605155,0.00139420000004975,0.0011919999997189734
157,0.007541899999978341,0.0009525999998913903,0.0007768999998916115
158,0.008667599999625963,0.0008783000002949848,0.0007288000001608452
159,0.008494600000176433,0.0008573000000069442,0.00071799999977884
160,0.008378100000300037,0.0008757000000514381,0.0007555000001957524
161,0.007520499999827734,0.0008683999999448133,0.0007329000000027008
162,0.007238099999995029,0.0008741999999983818,0.0007359000001088134
163,0.006778299999950832,0.0008972000000539992,0.0007293999997273204
164,0.007935200000247278,0.0009454000000914675,0.0007770000001983135
165,0.008849699999700533,0.0009457999999540334,0.0007846999997127568
166,0.006722399999944173,0.0009288999999625958,0.0007727999995950086
167,0.009641200000260142,0.0015432000000146218,0.0009174000001621607
168,0.007704399999965972,0.0009300000001530861,0.0007301999999071995
169,0.008729700000003504,0.0009213999996973143,0.0007329000000027008
170,0.006883700000344106,0.0014068000000406755,0.001199100000121689
171,0.0058198000001539185,0.0014977000000726548,0.0007952000000841508
172,0.007463300000381423,0.0014648000001216133,0.0007900000000518048
173,0.006631400000060239,0.0014403999998648942,0.0012148999999226362
174,0.007351400000061403,0.0015640000001440058,0.0008251000003838271
175,0.0059934000000794185,0.0008827999999994063,0.0007562999999208841
176,0.00747670000009748,0.0014740000001438602,0.001181099999939761
177,0.007011900000179594,0.0020772999996552244,0.0008695999999872583
178,0.006808300000102463,0.0009138000000348256,0.0007466000001841167
179,0.009504399999968882,0.001578200000039942,0.0007928999998512154
180,0.006776700000045821,0.0008972000000539992,0.0007182999997894512
181,0.006574999999884312,0.001420099999904778,0.0012257000003046414
182,0.0074152000001959095,0.0015084999999999127,0.0012816999997085077
183,0.0066195999997944455,0.0014619000003222027,0.0007998999999472289
184,0.007971600000018952,0.0016052999999374151,0.0012196000002404617
185,0.006419199999982084,0.0014350999999805936,0.00124420000020109
186,0.007018000000243774,0.001047400000061316,0.000777499999912834
187,0.0072621999997863895,0.0014670000000478467,0.001280899999983376
188,0.007059600000047794,0.0014314000000013039,0.001224600000114151
189,0.0066921999996338855,0.0012461000001167122,0.0009028999998008658
190,0.006764700000076118,0.0015139000001909153,0.0010597000000416301
191,0.007573699999738892,0.0013847000000168919,0.0011901000002580986
192,0.006637899999986985,0.0012338999999883526,0.0007770000001983135
193,0.007716199999777018,0.0014984000004005793,0.0013564000000769738
194,0.005948800000169285,0.0008748000000196043,0.0008445999997093168
195,0.006006300000080955,0.001424499999757245,0.0012277000000722182
196,0.0073701000001165085,0.0010922000001301058,0.0008318000000144821
197,0.007048500000109925,0.0014559000001099776,0.001225800000156596
198,0.007952800000111893,0.001131099999838625,0.0013040999997429026
199,0.00797469999997702,0.0015389000000141095,0.0008475999998154293
200,0.007141499999761436,0.0009339000002910325,0.0007720999997218314
201,0.006427799999983108,0.001390599999922415,0.0012940000001435692
202,0.006684599999971397,0.0010682999995879072,0.0007537999999840395
203,0.007004600000072969,0.0014925000000403088,0.0014218999999684456
204,0.006736000000273634,0.0014118999997663195,0.0009064000000762462
205,0.006785200000194891,0.0014231000000108907,0.0012009000001853565
206,0.006402800000159914,0.0013511999995898805,0.000759600000037608
207,0.006664200000159326,0.0008603000001130567,0.0007522000000790285
208,0.0067245999998704065,0.001457700000173645,0.0012108000000807806
209,0.0070562999999310705,0.0009205000001202279,0.0007421999998769024
210,0.006875899999613466,0.001481199999943783,0.0008322000003317953
211,0.0066478999997343635,0.0009907000003295252,0.0007820999999239575
212,0.007041800000024523,0.0009285999999519845,0.0007538999998359941
213,0.006781500000215601,0.0016505999997207255,0.0012262999998711166
214,0.006589999999960128,0.0014734000001226377,0.001311600000008184
215,0.007678799999666808,0.0014046999999663967,0.000959099999818136
216,0.006473799999639596,0.0014041999997971288,0.0011910000002899324
217,0.0068257000002631685,0.0008729999999559368,0.0007351999997808889
218,0.006222800000159623,0.0010075000000142609,0.0007236000001284992
219,0.006490300000223215,0.0014100000003054447,0.0009919999997691775
220,0.007146999999804393,0.0015119000004233385,0.0012546999996629893
221,0.007308800000373594,0.0010935000000245054,0.0008542999999008316
222,0.0074879000003420515,0.0014316000001599605,0.0012381000001369102
223,0.006786700000247947,0.0014615000000048894,0.0008784999999988941
224,0.00843380000014804,0.00096659999962867,0.0007622999996783619
225,0.006852299999991374,0.0014406999998755055,0.001227000000199041
226,0.0074451000000408385,0.0010922999999820604,0.0009431999997104867
227,0.008259900000211928,0.0014720000003762834,0.0012069999997947889
228,0.05482350000011138,0.0009359999999105639,0.0007820000000720029
229,0.007630200000221521,0.0014492000000245753,0.0012046000001646462
230,0.007176599999638711,0.0009396999998898536,0.0008357000001524284
231,0.007268399999702524,0.0009539000002405373,0.000729599999885977
232,0.0065041999996537925,0.0013722000003326684,0.001203799999984767
233,0.008784900000136986,0.0008640000000923465,0.000719300000127987
234,0.006585199999790348,0.0013963999999759835,0.001195100000131788
235,0.007242799999858107,0.0009973999999601801,0.0007418000000143365
236,0.006181999999625987,0.0014307000001281267,0.0012219000000186497
237,0.005708099999992555,0.0008606999999756226,0.0007132000000638072
238,0.006269199999678676,0.0014179999998304993,0.000820300000214047
239,0.006484000000000378,0.0008823000002848858,0.0007507999998779269
240,0.010347400000227935,0.0010154999999940628,0.0007689999997637642
241,0.007558900000276481,0.0009098000000449247,0.0007469000001947279
242,0.007979799999702664,0.0008545000000594882,0.0007332999998652667
243,0.0071749999997337,0.0017375000002175511,0.0013174999999137071
244,0.006336599999940518,0.0016194999998333515,0.0010545000000092841
245,0.007279599999947095,0.0008968000001914334,0.0007194999998318963
246,0.005965199999991455,0.0008596000002398796,0.0007332999998652667
247,0.005921800000123767,0.0013945000000603613,0.0011966000001848442
248,0.010328299999855517,0.0009168999999928928,0.0007458999998561922
249,0.007441599999765458,0.0013861000002179935,0.0012130999998589687
250,0.006924999999682768,0.0014131999996607192,0.0012066999997841776
251,0.008233999999902153,0.0009021999999276886,0.0007599000000482192
252,0.0076094999999440915,0.001406599999882019,0.0012243999999554944
253,0.007523199999923236,0.0008628000000499014,0.0007416000003104273
254,0.007802399999945919,0.001036999999996624,0.0007622000002811546
255,0.006743200000073557,0.0015705000000707514,0.0012825000003431342
256,0.008037700000386394,0.0008640999999443011,0.000719199999821285
257,0.0078026999999565305,0.0009179999997286359,0.0007916999998087704
258,0.008109800000056566,0.0009360999997625186,0.0007353000000875909
259,0.011144099999910395,0.0012582999997903244,0.0015163000002758054
260,0.008829299999888462,0.0014309000002867833,0.0011479000004328554
261,0.007086399999934656,0.0010802000001604029,0.0007869999999456923
262,0.006436500000290835,0.0016061000001172943,0.0013535000002775632
263,0.0070691000000806525,0.0016974000000118394,0.003295299999990675
264,0.007806300000083866,0.000890499999968597,0.0007591999997202947
265,0.006295700000009674,0.0014120999999249761,0.0013319999998202547
266,0.007842999999866151,0.0011478000001261535,0.0007983999998941727
267,0.006390000000010332,0.0008764000003793626,0.0007255000000441214
268,0.005822800000260031,0.0014170999997986655,0.0012243999999554944
269,0.010238400000162073,0.0009612000003471621,0.0007368999999926018
270,0.007701300000007905,0.0008847999997669831,0.000734799999918323
271,0.0070187999999689055,0.0018638000001374166,0.0010321999998268439
272,0.009091499999613006,0.0009499000002506364,0.0007700999999542546
273,0.007023800000297342,0.0009519999998701678,0.0007603000003655325
274,0.007060599999931583,0.0010280000001330336,0.0007787999998072337
275,0.007605299999795534,0.0009483999997428327,0.0007491000001209613
276,0.007571699999971315,0.001380199999857723,0.0011981999996351078
277,0.007238200000301731,0.0011309999999866704,0.0008108000001811888
278,0.007363900000200374,0.0014790000000175496,0.001232099999924685
279,0.007662800000161951,0.0017047999999704189,0.0008480000001327426
280,0.008415300000251591,0.001529600000139908,0.001257999999779713
281,0.006611499999962689,0.0009018999999170774,0.0007558999996035709
282,0.007350100000167004,0.0010898000000452157,0.0008175000002665911
283,0.008328599999913422,0.0014959000000089873,0.0012477999998736777
284,0.007252500000049622,0.001422099999672355,0.0012231000000610948
285,0.007424899999932677,0.0010477000000719272,0.0008056000001488428
286,0.012632599999960803,0.0020936999999321415,0.002146300000276824
287,0.009104500000375992,0.0014605999999730557,0.0008541999995941296
288,0.007498100000248087,0.0014076000002205546,0.0012452000000848784
289,0.0060723999999936495,0.0015653000000384054,0.001569799999742827
290,0.007456200000433455,0.0009715000001051521,0.000793100000009872
291,0.007482900000013615,0.0009152999996331346,0.0007539999996879487
292,0.007004600000072969,0.0009402999999110762,0.000755600000047707
293,0.007906300000286137,0.0016010000003916502,0.0008495000001857989
294,0.007741899999928137,0.0014798000001974287,0.0012603999998646032
295,0.0068618999998761865,0.0012320000000727305,0.0014121999997769308
296,0.006935299999895506,0.001050200000008772,0.0007577999999739404
297,0.007011400000010326,0.0014897999999448075,0.0012359000002106768
298,0.006064100000003236,0.0013891999997213134,0.0018749999999272404
299,0.008130700000037905,0.000971899999967718,0.0007525999999415944
300,0.00790740000002188,0.0013931999997112143,0.001107899999624351
301,0.007018100000095728,0.0009132999998655578,0.000728500000150234
302,0.006987399999616173,0.0011145999997097533,0.000904500000160624
303,0.007434399999965535,0.001529499999833206,0.0008267999996860453
304,0.006241100000352162,0.0009380000001328881,0.0007652999997844745
305,0.006424599999718339,0.0008825999998407497,0.0007614000001012755
306,0.007370099999661761,0.0014857000001029519,0.001312900000357331
307,0.007318299999951705,0.0010034999995696126,0.0007744999998067215
308,0.007408399999803805,0.0014267000001382257,0.0012125999996897008
309,0.006932800000413408,0.001392300000134128,0.0012019999999210995
310,0.0068608000001404434,0.0010440999999445921,0.0007886999997026578
311,0.0077547999999296735,0.0009924999999384454,0.0007768000000396569
312,0.007477300000118703,0.0013868000000911707,0.0012106000003768713
313,0.00788490000013553,0.0009473000000070897,0.0007334000001719687
314,0.007203699999990931,0.0009160999998130137,0.0007501000000047497
315,0.006009999999605498,0.0008821000001262291,0.0007288000001608452
316,0.006327999999939493,0.0014196000001902576,0.0008921999997255625
317,0.007153600000037841,0.0010078999998768268,0.0008135999996738974
318,0.006869899999855988,0.0015420999998241314,0.0008313999996971688
319,0.007089499999892723,0.0014235999997254112,0.0010069000004477857
320,0.006564700000126322,0.001421900000423193,0.0012190000002192392
321,0.007010199999967881,0.0014808999999331718,0.0010750999999800115
322,0.0068861999998262036,0.0009451999999328109,0.0007639000000381202
323,0.007409400000142341,0.0014656999996986997,0.0012281999997867388
324,0.007122400000298512,0.0008831999998619722,0.000741300000299816
325,0.008178400000360853,0.0009549999999762804,0.0007641000001967768
326,0.007749899999907939,0.0009013000003506022,0.0007731999999123218
327,0.0069380999998429616,0.0014222999998310115,0.001204300000154035
328,0.00721129999965342,0.0010275999998157204,0.0009353000000373868
329,0.007470200000170735,0.0015297999998438172,0.001263199999812059
330,0.0062748000000283355,0.0008642999996482104,0.0007298000000446336
331,0.007406799999898794,0.0010293000000274333,0.0008291000003737281
332,0.008346199999778037,0.0016080000000329164,0.0015520000001743028
333,0.008385900000121183,0.0011801999999079271,0.0008516000002600776
334,0.007150800000090385,0.0015642999996998697,0.0012925999999424675
335,0.00738069999988511,0.0014278000003287161,0.001222099999722559
336,0.009393499999987398,0.0013404999999693246,0.0008036999997784733
337,0.006724000000303931,0.0014347000001180277,0.0012276000002202636
338,0.007312400000046182,0.0014951000002838555,0.0014108000000305765
339,0.00891830000000482,0.0010296000000380445,0.0007703000001129112
340,0.006737199999861332,0.001247700000021723,0.0010651000002326327
341,0.00620600000002014,0.000880099999903905,0.0007351999997808889
342,0.00651319999997213,0.001980099999855156,0.0011180999999851338
343,0.0074307999998382,0.0015630000002602173,0.0012966999997843232
344,0.007021799999620271,0.0009116999999605468,0.0008112000000437547
345,0.0069502000001193665,0.0010595999997349281,0.0008695999999872583
346,0.006554099999902974,0.0015212999996947474,0.0012547999999696913
347,0.006901999999627151,0.0008938999999372754,0.0007799999998496787
348,0.007502199999635195,0.0016161999997166276,0.0008777999996709696
349,0.007641299999704643,0.000964299999850482,0.0007783000000927132
350,0.0062373000000661705,0.000935499999741296,0.0007703000001129112
351,0.005878200000097422,0.0009030000001075678,0.0007567999996354047
352,0.005711600000267936,0.0008888000002116314,0.0007777999999234453
353,0.0061137999996390135,0.0019067999996877916,0.0009623999999348598
354,0.006815299999743729,0.0015401000000565546,0.0012850000002799788
355,0.005944600000020728,0.0008904000001166423,0.0007384000000456581
356,0.006611299999804032,0.0015241000000969507,0.0009102999997594452
357,0.006954299999961222,0.0016239999999925203,0.0013198999999985972
358,0.00612379999984114,0.000964400000157184,0.0007666000001336215
359,0.007912099999884958,0.0009660000000621949,0.0007467000000360713
360,0.007893199999671197,0.0014716000000589702,0.001248200000190991
361,0.006055699999706121,0.0014120000000730215,0.0012148000000706816
362,0.008707999999842286,0.0009632999999666936,0.0007241000002977671
363,0.00790099999994709,0.0015351999995800725,0.0012066999997841776
364,0.006118199999946228,0.0013970999998491607,0.0019723000000340107
365,0.007332799999858253,0.0009792999999262975,0.0008150999997269537
366,0.006266299999879266,0.0009374000001116656,0.0007850000001781154
367,0.006208199999946373,0.0016904999997677805,0.0012268000000403845
368,0.006743999999798689,0.0010389999997642008,0.0008311000001413049
369,0.007354900000336784,0.0015656000000490167,0.00129319999996369
370,0.006610200000068289,0.0009032000002662244,0.0007461000000148488
371,0.008176400000138528,0.001724700000067969,0.0008612999999968451
372,0.00807119999990391,0.0009551999996801896,0.0007722000000285334
373,0.05500900000015463,0.0009632000001147389,0.0007870999997976469
374,0.006170600000132254,0.0009352000001854321,0.0007619000002705434
375,0.0066428000000087195,0.0009242000000995176,0.0010289000001648674
376,0.008182600000054663,0.0009904999997161212,0.0008323999995809572
377,0.005778100000043196,0.0008822999998301384,0.0007762000000184344
378,0.0060427999997045845,0.0012948999997206556,0.0014900000001034641
379,0.007097499999872525,0.0010130000000572181,0.000843699999677483
380,0.006108000000040192,0.0013960999999653723,0.0012057999997523439
381,0.005954600000222854,0.0009380999999848427,0.0009340999999949418
382,0.0072052000000439875,0.001146100000369188,0.0008100999998532643
383,0.006139600000096834,0.0010280999999849882,0.0007742000002508576
384,0.006065099999887025,0.0014290999997683684,0.0012922000000799017
385,0.007734599999821512,0.0014804000002186513,0.0012261000001672073
386,0.006236000000171771,0.001458100000036211,0.0012224000001879176
387,0.006421500000215019,0.0021725000001424633,0.0010940000001937733
388,0.006975100000090606,0.0015737999997327279,0.0008388999999624502
389,0.005999100000281032,0.0013911999999436375,0.0012329000001045642
390,0.006706799999847135,0.0014154999998936546,0.0013198000001466426
391,0.00751059999993231,0.0009555999999975029,0.0007383000001937035
392,0.006718499999806227,0.0016051000002335059,0.0012195999997857143
393,0.007030599999779952,0.0013795999998365005,0.0012021999996250088
394,0.008067200000368757,0.001036499999827356,0.0007756999998491665
395,0.007541499999661028,0.0015418000002682675,0.001235400000041409
396,0.006511699999919074,0.0008639000002403918,0.0007164000003285764
397,0.007574499999918771,0.0009716999998090614,0.0007466999995813239
398,0.006726600000092731,0.0015051999998831889,0.0012294000002839311
399,0.006543199999669014,0.001404899999670306,0.0010387000002083369
400,0.006526000000121712,0.000996599999780301,0.000789100000019971
401,0.007469399999990856,0.0015653000000384054,0.001259599999684724
402,0.006259599999793863,0.0008821000001262291,0.0007509000001846289
403,0.0057707000000846165,0.0019123000001854962,0.0009912999998960004
404,0.006920899999840913,0.000934400000005553,0.0007159000001593085
405,0.006179599999995844,0.0009107000000767584,0.0007564000002275861
406,0.005997000000206754,0.0009020000002237794,0.0007585999996990722
407,0.006029000000125961,0.0014036000002306537,0.001215400000091904
408,0.007178099999691767,0.001058600000305887,0.0008447000000160187
409,0.007587099999909697,0.0014734999999745924,0.0012375000001156877
410,0.0059894000000895176,0.0008509999997841078,0.0007107000001269625
411,0.0058587999997143925,0.0016606999997748062,0.0016533000002709741
412,0.006725200000346376,0.0009365000000798318,0.000734900000225025
413,0.006468600000061997,0.00094600000011269,0.0007694999999330321
414,0.005841199999849778,0.0009189999996124243,0.0007536000002801302
415,0.007715799999914452,0.000874899999871559,0.0007210999997369072
416,0.007292700000107288,0.0016461999998682586,0.0013262000002214336
417,0.006546800000251096,0.000873699999829114,0.0007134000002224639
418,0.006124600000021019,0.000902100000075734,0.0007534999999734282
419,0.007454699999925651,0.001116800000090734,0.0008188000001609907
420,0.00655929999993532,0.0009412999997948646,0.0007338000000345346
421,0.007343499999933556,0.0014353000001392502,0.000777600000219536
422,0.006021400000008725,0.0014191000000209897,0.0012201999998069368
423,0.00628999999980806,0.0009946000000127242,0.0008222000001296692
424,0.007364600000073551,0.0015107999997781008,0.0008211999997911335
425,0.006200600000283885,0.0014250000003812602,0.0012416000004122907
426,0.006156500000088272,0.0014710999998897023,0.0009371000001010543
427,0.007894200000009732,0.0011862000001201523,0.0009067000000868575
428,0.005678099999840924,0.0009122000001298147,0.0007633999998688523
429,0.006083199999920907,0.001561900000069727,0.002103899999838177
430,0.007706299999881594,0.001551600000311737,0.0012483000000429456
431,0.005968599999960134,0.0014006000001245411,0.0012130999998589687
432,0.006954799999675743,0.0015337000004365109,0.0008638999997856445
433,0.007231300000057672,0.0014396000001397624,0.0012228000000504835
434,0.00632080000013957,0.001393500000176573,0.0012570999997478793
435,0.006936700000096607,0.0011499000002004323,0.0008342999999513268
436,0.006143499999780033,0.0009015000000545115,0.000744100000247272
437,0.006338000000141619,0.0018077000004268484,0.001997700000174518
438,0.007167799999933777,0.000962800000252173,0.0007398000002467597
439,0.006847099999959028,0.0009304999998676067,0.0007716000000073109
440,0.006146699999590055,0.0014042999996490835,0.0012029000004076806
441,0.007022700000106852,0.001480500000070606,0.0008289000002150715
442,0.008024100000056933,0.0014691000001221255,0.0009514999997008999
443,0.006286100000124861,0.0014586000002054789,0.0012401000003592344
444,0.007329999999910797,0.0010443999999552034,0.0007765000000290456
445,0.007199300000138464,0.0014337999996314466,0.0012265000000297732
446,0.00616119999995135,0.001417699999819888,0.0011994999999842548
447,0.007362400000147318,0.0010402000002613931,0.0007768000000396569
448,0.006324399999812158,0.0015220999998746265,0.0008101000003080117
449,0.006224499999916588,0.0014175999999679334,0.001222200000029261
450,0.005868699999609817,0.0009688000000096508,0.0015247000001181732
451,0.011096600000200851,0.0015980000002855377,0.0013441999999486143
452,0.0063060000002224115,0.0009013999997478095,0.000734900000225025
453,0.005940600000030827,0.0015610000000378932,0.0008742999998503365
454,0.006706600000143226,0.0015189000000646047,0.0012588999998115469
455,0.00659670000004553,0.0009028999998008658,0.0007451000001310604
456,0.006808000000091852,0.0014649999998255225,0.0010636000001795765
457,0.0077818999998271465,0.001407900000231166,0.0011936999999306863
458,0.006877799999983836,0.0009883999996418424,0.0009141000000454369
459,0.007708799999818439,0.0013976999998703832,0.0012242999996487924
460,0.007010499999978492,0.0009012000000439002,0.0007310000000870787
461,0.006362600000102248,0.0009688999998616055,0.0008069000000432425
462,0.007524199999807024,0.0009089000000130909,0.0007788999996591883
463,0.006927999999788881,0.0009224999998878047,0.0007636999998794636
464,0.007223999999951047,0.0009210000002894958,0.0007758000001558685
465,0.007749100000182807,0.0009439999998903659,0.00078269999994518
466,0.007748300000002928,0.0008957999998528976,0.0007709000001341337
467,0.006906099999923754,0.0008910000001378648,0.0007580999999845517
468,0.008362399999896297,0.0012009000001853565,0.0007980999998835614
469,0.007094799999777024,0.0014195999997355102,0.0012014999997518316
470,0.007751000000098429,0.0015228999995997583,0.001218300000346062
471,0.0060170000001562585,0.001434399999652669,0.0012267000001884298
472,0.00743560000000798,0.0019019999999727588,0.0008348999999725493
473,0.0073413000000073225,0.0016982999995889259,0.0012601999997059465
474,0.006860200000119221,0.0008909999996831175,0.000751700000364508
475,0.007774799999879178,0.0018019999997704872,0.001276899999993475
476,0.009779099999832397,0.0009270999998989282,0.0007381000000350468
477,0.006949399999939487,0.0016107999999803724,0.0012427000001480337
478,0.006337799999982963,0.0014109000003372785,0.001222200000029261
479,0.006606200000078388,0.0009571000000505592,0.0007626999999956752
480,0.013970999999855849,0.004230100000313541,0.00433519999978671
481,0.015146499999900698,0.001955799999905139,0.002251099999739381
482,0.01742100000001301,0.004204200000003766,0.003959600000143837
483,0.017180899999857502,0.0019119000003229303,0.0036297000001468405
484,0.016141099999913422,0.001784999999927095,0.001578599999902508
485,0.01868590000003678,0.001506000000063068,0.003164799999922252
486,0.013572800000019924,0.0025934999998753483,0.0038838000000396278
487,0.02458840000008422,0.004191200000150275,0.003827100000307837
488,0.021779700000024604,0.004218300000047748,0.004321899999922607
489,0.017897800000355346,0.002547300000060204,0.0033512999998492887
490,0.0176406999999017,0.004179000000021915,0.003785399999742367
491,0.01992530000006809,0.004822100000183127,0.0035043000002588087
492,0.022501099999772123,0.004680999999891355,0.003934500000013941
493,0.02523490000021411,0.004286099999717408,0.0039028000001053442
494,0.022346199999901728,0.0015536999999312684,0.003311299999950279
495,0.017151300000023184,0.004127100000005157,0.00432600000021921
496,0.02040179999994507,0.00461459999996805,0.003854099999898608
497,0.022468600000138395,0.0041516999999657855,0.003998500000307104
498,0.022419199999603734,0.0047503999999207736,0.003430999999636697
499,0.01713480000034906,0.0042461999996703526,0.003785899999911635
500,0.022640799999862793,0.004564599999866914,0.004221099999995204
501,0.016935600000124396,0.004387399999814079,0.004081300000052579
502,0.019706500000211236,0.0015427000003001012,0.003291300000000774
503,0.018789600000218343,0.0018746000000646745,0.003532200000336161
504,0.016142699999818433,0.004375299999992421,0.0039793000000827305
505,0.018552600000020902,0.004249799999797688,0.0038310999998429907
506,0.016329799999766692,0.004829200000131095,0.0034605000000738073
507,0.01512670000010985,0.004730300000119314,0.002116199999818491
508,0.01890370000000985,0.0016503000001648616,0.0038546999999198306
509,0.014341100000365259,0.0017867999999907624,0.0032478000002811314
510,0.016654399999879388,0.001844500000061089,0.0015290000001186854
511,0.014873999999963416,0.0027329999998073617,0.003380900000138354
512,0.016140400000040245,0.001761399999850255,0.002145399999790243
513,0.012280200000077457,0.0031594000001859968,0.003850899999633839
514,0.013143299999683222,0.004610399999819492,0.004309999999804859
515,0.024127000000135013,0.0034531999999671825,0.004245399999945221
516,0.016082799999821873,0.003081299999848852,0.0032863999999790394
517,0.018746599999758473,0.0025811000000430795,0.0033851999996841187
518,0.1186728999996376,0.0045186000002104265,0.002232900000308291
519,0.01620150000007925,0.004635299999790732,0.004516500000136148
520,0.016871100000116712,0.004333799999585608,0.0036430999998628977
521,0.01538170000003447,0.004596199999923556,0.004226699999890116
522,0.018064500000036787,0.001571799999965151,0.002731000000039785
523,0.018061199999920063,0.004453200000170909,0.0033153999997921346
524,0.014470900000105757,0.0038460000000668515,0.004115199999887409
525,0.014908399999967514,0.0031959999996615807,0.0035849000000780507
526,0.012337199999819859,0.0019302000000607222,0.0026536999998825195
527,0.01889100000016697,0.004539100000329199,0.003197600000021339
528,0.01453399999991234,0.0017023000000335742,0.0015472000000045227
529,0.015092599999661616,0.0024346000000150525,0.004069500000241533
530,0.018503400000099646,0.003315800000109448,0.00376589999996213
531,0.017927299999882962,0.004282899999907386,0.003938699999707751
532,0.01599949999990713,0.004171799999767245,0.003775499999846943
533,0.013379500000155531,0.0038970999999037303,0.0038519999998243293
534,0.019685199999912584,0.004613800000242918,0.003655400000297959
535,0.015780199999881006,0.003586400000131107,0.0015852999999879103
536,0.015404799999942043,0.004373600000235456,0.0033210999999937485
537,0.01787109999986569,0.004172299999936513,0.0038779000001341046
538,0.017311900000095193,0.003803099999913684,0.0038613000001532782
539,0.016320100000029925,0.0027548000002752815,0.003963900000144349
540,0.01740979999976844,0.0017751999998836254,0.002663100000063423
541,0.01278130000036981,0.004281999999875552,0.0019173999999111402
542,0.01582109999981185,0.004402499999741849,0.00422919999982696
543,0.014705300000059651,0.0023868999996921048,0.0017433000002711196
544,0.016925000000355794,0.0018371000001025095,0.0035471000001052744
545,0.018439199999647826,0.004638599999907456,0.004219400000238238
546,0.017420799999854353,0.0017401000000063505,0.001403799999934563
547,0.017599499999960244,0.0024404999999205756,0.0033916999996108643
548,0.01789890000009109,0.0029915000000073633,0.003414300000258663
549,0.015777600000092207,0.004466200000024401,0.003989199999978155
550,0.017723400000249967,0.003729200000179844,0.0033704999996189144
551,0.017903999999816733,0.0026010999999925843,0.003882399999838526
552,0.018149800000173855,0.002459100000123726,0.003417500000068685
553,0.017828600000029837,0.0015579999999317806,0.0036442999999053427
554,0.042611200000010285,0.004892500000096334,0.002413700000033714
555,0.012213700000302197,0.003508600000259321,0.004315799999858427
556,0.017679300000054354,0.001548800000364281,0.0034141000001000066
557,0.018150599999898986,0.003012800000306015,0.0034055999999509368
558,0.016298300000016752,0.0023221000001285574,0.0026163000002270564
559,0.012130900000101974,0.001569900000049529,0.003822499999841966
560,0.01540160000013202,0.0027660000000651053,0.0038513999998031068
561,0.012750899999900867,0.002973800000290794,0.003943700000036188
562,0.01708119999966584,0.0015742999999019958,0.002930899999682879
563,0.014897699999892211,0.004015299999991839,0.003409399999782181
564,0.01771569999982603,0.003277299999808747,0.00150370000028488
565,0.020749199999954726,0.0015938999999889347,0.0031928999997035135
566,0.018120799999906012,0.0032467999999425956,0.001434899999821937
567,0.02324289999978646,0.0036617000000660482,0.0038248999999268563
568,0.015630400000191003,0.001638100000036502,0.001926299999922776
569,0.017100200000186305,0.0036507999998320884,0.001460399999814399
570,0.016635199999655015,0.004377899999781221,0.004521500000009837
571,0.018325499999718886,0.00474949999988894,0.0032757000003584835
572,0.015071799999986979,0.003321700000014971,0.004038200000195502
573,0.017897400000038033,0.003662200000235316,0.003828999999768712
574,0.016577200000028824,0.003539700000146695,0.0038593999997829087
575,0.013031299999965995,0.0017202999997607549,0.00281570000015563
576,0.016758800000388874,0.004569400000036694,0.003311400000256981
577,0.01745389999996405,0.0038830999997117033,0.0033593999996810453
578,0.018862500000068394,0.003591600000163453,0.003823500000180502
579,0.01617039999973713,0.00327419999985068,0.003951499999857333
580,0.020131799999944633,0.0042527000000518456,0.00448869999991075
581,0.01770299999998315,0.003428700000313256,0.0017319000003226392
582,0.021291999999903055,0.004284399999960442,0.003982700000051409
583,0.01498700000001918,0.005249100000128237,0.002879500000290136
584,0.01820620000034978,0.004445500000201719,0.004630700000234356
585,0.016570100000080856,0.001770700000179204,0.003961099999742146
586,0.02318680000007589,0.004080199999862089,0.003448599999956059
587,0.014571900000191818,0.0035797000000457047,0.0037521999997807143
588,0.015680599999996048,0.002981999999974505,0.0015130000001590815
589,0.018474200000127894,0.004292900000109512,0.002900200000112818
590,0.015632499999810534,0.004571399999804271,0.0035511000000951753
591,0.01744619999999486,0.0022530000001097505,0.003877000000102271
592,0.017196100000091974,0.001806600000236358,0.003867000000354892
593,0.016646599999603495,0.001554299999952491,0.0022976000000198837
594,0.014333799999803887,0.0038792000000285043,0.0015683999999964726
595,0.019602299999860406,0.0029844999999113497,0.003895299999840063
596,0.0182092999998531,0.002311600000211911,0.0033349999998790736
597,0.01933359999975437,0.0025104000001192617,0.003394699999716977
598,0.01773109999976441,0.0022030000000086147,0.002773599999727594
599,0.018755800000235467,0.004290800000035233,0.004086500000084925
600,0.013904899999943154,0.0041203000000678,0.003553999999894586
601,0.017869700000119337,0.001762300000336836,0.0014019000000189408
602,0.020179799999823445,0.0016077999998742598,0.002621099999942089
603,0.013773099999980332,0.003652899999906367,0.0030388999998649524
604,0.017197699999996985,0.004307100000005448,0.0038340000000971486
605,0.017762500000117143,0.004245600000103877,0.003805499999998574
606,0.019121799999993527,0.004296199999771488,0.004117699999824254
607,0.014536300000145275,0.0038604000001214445,0.0032831999997142702
608,0.015278599999874132,0.002096199999868986,0.0015921999997772218
609,0.014410700000098586,0.0016077000000223052,0.0036528000000544125
610,0.021150399999896763,0.001686100000370061,0.0023986000001059438
611,0.01756599999998798,0.0030247999998209707,0.0030194000000847154
612,0.014065299999856506,0.003267299999606621,0.0034940000000460714
613,0.015154799999891111,0.0037849000000278465,0.003435799999806477
614,0.019072699999924225,0.0038430999998126936,0.0018196000000898493
615,0.0174658000000818,0.0015846999999666878,0.003247099999953207
616,0.014547000000220578,0.0015670999996473256,0.003292099999725906
617,0.016532399999960035,0.001660500000070897,0.0033610000000408036
618,0.01937339999994947,0.002966000000014901,0.0037886000000071363
619,0.01726669999970909,0.004266299999926559,0.0036600000003090827
620,0.011183699999946839,0.004349499999989348,0.002812400000038906
621,0.019930700000259094,0.005180499999823951,0.0047274000003199035
622,0.016104299999824434,0.0016335000000253785,0.0037404999998216226
623,0.01819759999989401,0.0025195999996867613,0.0034853000001930923
624,0.017084199999771954,0.002477399999861518,0.0037016000001131033
625,0.01453880000008212,0.0041454000001976965,0.0035785999998552143
626,0.022747400000298512,0.002811899999869638,0.0027128000001539476
627,0.0157403000002887,0.0021907000000283006,0.0027593999998316576
628,0.017943899999863788,0.002336700000341807,0.003436599999986356
629,0.019464500000140106,0.003765099999782251,0.003476399999726709
630,0.01272179999978107,0.0035814000002574176,0.003239900000153284
631,0.013338700000076642,0.005349900000055641,0.0021971999999550462
632,0.01852740000003905,0.004282200000034209,0.003478999999970256
633,0.014655299999958515,0.004191699999864795,0.0036333000002741755
634,0.01817479999999705,0.0048139000000446686,0.0020830000003115856
635,0.016774599999735074,0.0024563000001762703,0.0033671000001049833
636,0.018178199999965727,0.0016864999997778796,0.001420099999904778
637,0.01649100000031467,0.0025437999997848237,0.0038506999999299296
638,0.02381829999967522,0.0017179000001306122,0.0013868999999431253
639,0.01555000000007567,0.004582399999890185,0.003336900000249443
640,0.015095300000211864,0.0030167999998411688,0.0024830000002111774
641,0.02002970000012283,0.0015628999999535154,0.0037082999997437582
642,0.01756599999998798,0.004450400000223453,0.004105699999854551
643,0.01730439999982991,0.0038171999999576656,0.0037320000001273
644,0.017877100000077917,0.003314600000067003,0.0039208999996844796
645,0.01861030000009123,0.003573899999992136,0.00330740000026708
646,0.016733099999783008,0.0037160000001676963,0.003029200000128185
647,0.0154978000000483,0.0034605000000738073,0.003104599999915081
648,0.02022820000001957,0.0044622000000345,0.0015725000002930756
649,0.01278329999968264,0.004474799999570678,0.004681999999775144
650,0.020563099999890255,0.00305819999994128,0.0033321999999316176
651,0.018025700000180223,0.003907600000275124,0.003345300000091811
652,0.013477299999976822,0.0033358999999109074,0.003909600000042701
653,0.01877589999958218,0.001753900000039721,0.003853000000162865
654,0.021207000000231346,0.0031333999995695194,0.0039354000000457745
655,0.01753659999985757,0.0016221999999288528,0.0029678000000785687
656,0.017337299999780953,0.0032111999998960528,0.00336970000034853
657,0.014584699999886652,0.004302499999994325,0.0038699000001543027
658,0.016570900000260735,0.004504800000177056,0.0036436000000321656
659,0.020970800000213785,0.0017730999998093466,0.003924799999822426
660,0.017580700000053184,0.004526300000179617,0.004058700000314275
661,0.017073099999834085,0.0018379000002823886,0.003690099999857921
662,0.017711699999836128,0.0037196999996922386,0.0038853999999446387
663,0.12258289999999761,0.004569100000026083,0.005183799999940675
664,0.012120899999899848,0.0036179999997330015,0.002791099999740254
665,0.01512300000013056,0.004720100000213279,0.004323499999827618
666,0.019932000000153494,0.0033191000002261717,0.003313700000035169
667,0.017899299999953655,0.004191600000012841,0.0035837999998875603
668,0.016954299999724753,0.003932399999939662,0.0033429999998588755
669,0.020853600000009465,0.003298999999969965,0.003925400000298396
670,0.018068899999889254,0.0022266000000854547,0.0038884000000507513
671,0.011861099999805447,0.004329900000357156,0.0043461000000206695
672,0.013315500000317115,0.0018669000000954838,0.0023352000002887507
673,0.009720699999888893,0.001515200000085315,0.002255200000035984
674,0.01092270000026474,0.002168999999867083,0.0021928000001025794
675,0.011423499999636988,0.001520000000255095,0.003795799999807059
676,0.013706699999602279,0.0015580999997837353,0.0015585000001010485
677,0.015238500000123167,0.004914199999802804,0.0022450999999819032
678,0.019516000000294298,0.0015518000000156462,0.0031058999998094805
679,0.014640699999745266,0.0027616000002126384,0.003476899999895977
680,0.018415399999867077,0.0018161999996664235,0.0022799999997005216
681,0.015222800000174175,0.004562499999792635,0.0038088999999672524
682,0.01904400000012174,0.0017533000000184984,0.002353699999730452
683,0.017625500000121974,0.002625600000101258,0.003937500000120053
684,0.019426800000019284,0.004626800000096409,0.0034826999999495456
685,0.019617699999798788,0.0022714000001542445,0.0039081999998415995
686,0.01859729999978299,0.004118500000004133,0.003344100000049366
687,0.020848000000114553,0.004327999999986787,0.003830899999684334
688,0.016680000000178552,0.001729799999793613,0.003847400000267953
689,0.017231100000117294,0.004447899999831861,0.0039068999999472
690,0.0123673999996754,0.0036291999999775726,0.003836899999896559
691,0.01857049999989613,0.0042426999998497195,0.004383199999665521
692,0.020598399999926187,0.0019554999998945277,0.0036860000000160653
693,0.017017199999827426,0.0030480999998871994,0.003873800000292249
694,0.019108999999843945,0.003126200000224344,0.0036648000000241154
695,0.019591699999637058,0.001875599999948463,0.0034634999997251725
696,0.018254500000239204,0.004047599999921658,0.003711199999997916
697,0.012968099999852711,0.003737600000022212,0.0032751999997344683
698,0.01589849999982107,0.0038376000002244837,0.0034139999997933046
699,0.016281899999739835,0.0036356000000523636,0.003303800000139745
700,0.01806299999998373,0.001998100000037084,0.0031171999999060063
701,0.01606630000014775,0.003718899999967107,0.003336600000238832
702,0.016422099999999773,0.004126599999835889,0.0036448000000746106
703,0.019915999999739142,0.0037628999998560175,0.0030223000003388734
704,0.019575600000280247,0.003949500000089756,0.003932300000087707
705,0.017787199999929726,0.0020076000000699423,0.0014060000003155437
706,0.01400050000029296,0.004770800000187592,0.003884600000219507
707,0.020712000000003172,0.0037371000003076915,0.0038472000001092965
708,0.02033610000034969,0.004685200000039913,0.003677500000321743
709,0.02044260000002396,0.004065699999955541,0.0038726999996470113
710,0.01870790000020861,0.003971399999954883,0.003379899999799818
711,0.01633559999982026,0.0018093999997290666,0.002448299999741721
712,0.013423299999885785,0.002060400000118534,0.0014389000002665853
713,0.009107099999710044,0.0019360999999662454,0.0038590999997722975
714,0.012072999999872991,0.0021001000000069325,0.0012947000000167463
715,0.009610600000087288,0.0046679000001859094,0.0031917000001158158
716,0.01790499999970052,0.004738600000109727,0.004277200000160519
717,0.015609300000051007,0.002612299999782408,0.0043362999999772
718,0.020278999999845837,0.004732800000056159,0.004106899999896996
719,0.02033739999978934,0.0029281000001901702,0.0034319999999752326
720,0.018912600000021484,0.00451599999996688,0.00218959999983781
721,0.020956200000000536,0.00160409999989497,0.003011300000252959
722,0.019880800000009913,0.003025500000148895,0.003365200000189361
723,0.022174700000050507,0.0015674999999646388,0.0029763000002276385
724,0.017011700000239216,0.003725999999915075,0.0038043999998080835
725,0.020776500000010856,0.003741600000012113,0.003353599999627477
726,0.02413380000007237,0.0034418999998706568,0.00396790000013425
727,0.014398699999674136,0.003843500000130007,0.0040275999999721535
728,0.017349900000226626,0.002431999999771506,0.002015699999901699
729,0.014141899999685847,0.00259009999990667,0.0022954000000936503
730,0.010124700000233133,0.0016978000003291527,0.0019585000000006403
731,0.00947649999989153,0.0021750999999312626,0.0020289999997658015
732,0.016310900000007678,0.0037269999997988634,0.0028173000000606407
733,0.01161709999996674,0.0017845999996097817,0.0017453000000386965
734,0.014324999999644206,0.0036200999998072803,0.0018544999998084677
735,0.020312900000135414,0.0028598000003512425,0.003926400000182184
736,0.020371699999941484,0.003616299999976036,0.0033505999999761116
737,0.020446500000161905,0.004393200000322395,0.004323900000144931
738,0.02223569999978281,0.004892599999948288,0.004305700000259094
739,0.01713419999987309,0.0044820999996773025,0.003911600000265025
740,0.01656249999996362,0.004713100000117265,0.003778400000101101
741,0.021667099999831407,0.002312600000095699,0.003209099999821774
742,0.021449099999699683,0.004381000000194035,0.0038363999997272913
743,0.01708199999984572,0.003650200000265613,0.0033313000003545312
744,0.020252799999980198,0.0018239999999423162,0.001950200000010227
745,0.01779309999983525,0.00254590000031385,0.0033782000000428525
746,0.016581500000029337,0.003991000000041822,0.003895400000146765
747,0.018965799999932642,0.003665000000182772,0.003268499999649066
748,0.015385799999876326,0.00286229999983334,0.0021541000000979693
749,0.023844800000006217,0.0018550999998296902,0.003852199999982986
750,0.018776200000047538,0.004075199999988399,0.003495699999803037
751,0.01791789999970206,0.003538899999966816,0.0038674999996146653
752,0.020852900000136287,0.004251899999871966,0.003998199999841745
753,0.01738419999992402,0.004220999999688502,0.003977600000325765
754,0.018976399999701243,0.003924799999822426,0.0038482999998450396
755,0.019237299999986135,0.0018264000000272063,0.003269799999998213
756,0.015428700000029494,0.004216300000280171,0.003008900000168069
757,0.013147099999969214,0.00379430000020875,0.002889600000344217
758,0.012794700000085868,0.004698700000062672,0.003980800000135787
759,0.022303000000192696,0.00236079999967842,0.004076000000168278
760,0.01662450000003446,0.0026256999999532127,0.0033976999998230895
761,0.013134400000126334,0.003121999999621039,0.0027462999996714643
762,0.020924899999954505,0.0015786999997544626,0.003124899999875197
763,0.01732609999999113,0.0016768999998930667,0.0020301999998082465
764,0.018965799999932642,0.0028901000000587374,0.003912599999694066
765,0.02164549999997689,0.0038466999999400286,0.001974499999960244
766,0.021726899999976013,0.002157299999907991,0.0024407000000792323
767,0.01765869999962888,0.0034150000001318404,0.00389530000029481
768,0.014359700000113662,0.0037262000000737316,0.003340100000059465
769,0.015973900000062713,0.004230900000038673,0.003771099999994476
770,0.012528199999906064,0.00421539999979359,0.0034613999996508937
771,0.019525400000020454,0.0021384000001489767,0.0038230999998631887
772,0.012772099999892816,0.0035675000003720925,0.0013880999999855703
773,0.015478399999665271,0.0032464999999319843,0.0038734999998268904
774,0.020051599999987957,0.0039039000002958346,0.0035727999998016458
775,0.014771200000268436,0.0036420000001271546,0.0034941999997499806
776,0.013279100000090693,0.002822699999796896,0.0022231000002648216
777,0.013852700000370533,0.004191099999843573,0.0015690000000176951
778,0.016034700000091107,0.004046700000344572,0.003357600000072125
779,0.017646599999807222,0.0037852999998904124,0.0033988999998655345
780,0.01921149999998306,0.004268900000170106,0.0034835999999813794
781,0.016788999999789667,0.004396299999825715,0.0038894999997864943
782,0.015635700000075303,0.003375300000243442,0.002766500000234373
783,0.014377299999978277,0.002331400000002759,0.001997699999719771
784,0.010043899999800487,0.0022667999996883736,0.0019940999995924358
785,0.011880199999723118,0.003637399999661284,0.0038573000001633773
786,0.01868670000021666,0.004009599999790225,0.0033312000000478292
787,0.014291100000264123,0.0027034999998249987,0.0023294000002351822
788,0.010663099999874248,0.0017048999998223735,0.0014730999996572791
789,0.01817960000016683,0.0017810999997891486,0.0028524999997898703
790,0.018205200000011246,0.0016574999999647844,0.0014043000001038308
791,0.013472399999955087,0.0032584999999016873,0.003343599999880098
792,0.014636400000199501,0.0032454999995934486,0.0026877000000240514
793,0.020183499999802734,0.002945199999885517,0.001520299999810959
794,0.01478899999983696,0.004510700000082579,0.003887299999860261
795,0.02265979999992851,0.0016418000000157917,0.0031961999998202373
796,0.011170499999934691,0.004265200000190816,0.0038623000000370666
797,0.011211999999886757,0.003704499999912514,0.003598599999804719
798,0.016674500000135595,0.0036703000000670727,0.003557600000021921
799,0.017892200000005687,0.003923600000234728,0.003930400000172085
800,0.01879479999979594,0.003903300000274612,0.0035121999999319087
801,0.013183000000026368,0.002237599999716622,0.004087799999979325
802,0.022491200000331446,0.004841599999963364,0.004123300000173913
803,0.02011290000018562,0.0033315000000584405,0.003929499999685504
804,0.018481799999790383,0.00435379999998986,0.003915499999948224
805,0.02140640000015992,0.004016999999748805,0.0034682999998949526
806,0.012579199999890989,0.004284000000097876,0.003932499999791617
807,0.021143299999948795,0.004845299999942654,0.003903000000264001
808,0.12502409999979136,0.004876699999840639,0.001625000000331056
809,0.020530900000267138,0.0020156000000497443,0.0032661000000189233
810,0.017069200000150886,0.004729799999950046,0.005110599999625265
811,0.02145860000018729,0.0023293000003832276,0.003811099999893486
812,0.013807400000132475,0.005125500000303873,0.004129799999645911
813,0.009692999999970198,0.0025155999996968603,0.0016596999998910178
814,0.020808799999940675,0.004716200000075332,0.004386100000374427
815,0.019438199999967765,0.001555499999994936,0.0038924000000406522
816,0.01727439999967828,0.004616799999894283,0.003924600000118517
817,0.016511799999989307,0.0037377999997261213,0.003371800000422809
818,0.014768099999855622,0.002228400000149122,0.003898799999660696
819,0.009848700000020472,0.004064099999595783,0.0038961999998718966
820,0.010932600000160164,0.0018166999998356914,0.003964699999869481
821,0.00960769999983313,0.004129400000238093,0.003992599999946833
822,0.009257700000034674,0.00242069999967498,0.001906699999835837
823,0.009617100000014034,0.0038583999998991203,0.00403089999963413
824,0.021018600000388687,0.004406699999890407,0.003910899999937101
825,0.01919499999985419,0.0019019999999727588,0.0036493000002337794
826,0.01954729999988558,0.0017672000003585708,0.0036118000002716144
827,0.018926700000065466,0.0043346000002202345,0.0031028000003061607
828,0.021109599999817874,0.0016856000002007931,0.002016500000081578
829,0.013168299999961164,0.004234399999859306,0.0036930999999640335
830,0.011462400000255002,0.004234500000166008,0.003983900000093854
831,0.019033399999898393,0.0016210999997383624,0.002479799999946408
832,0.018612100000154896,0.003616700000293349,0.003470600000127888
833,0.014818299999660667,0.004440000000158761,0.0036974999998165003
834,0.019873100000040722,0.003750900000341062,0.00406890000022031
835,0.015544299999874056,0.001813400000173715,0.003172299999732786
836,0.018681500000184315,0.0017689000001155364,0.0025975000003199966
837,0.0162254000001667,0.002139299999726063,0.003848500000003696
838,0.01816610000014407,0.0024364999999306747,0.003917000000001281
839,0.016670100000283128,0.00452210000003106,0.0036675999999715714
840,0.01402139999981955,0.0024634000001242384,0.004247800000030111
841,0.01861800000006042,0.004268400000000838,0.004170700000031502
842,0.016770700000051875,0.004264200000307028,0.0038425000002462184
843,0.021950199999992037,0.003397599999971135,0.0035730000004150497
844,0.020419500000116386,0.004204099999697064,0.0040582999999969616
845,0.020517500000096334,0.0045924000000923115,0.003372299999682582
846,0.01475510000000213,0.003552799999852141,0.004028500000003987
847,0.017967100000078062,0.004277199999705772,0.003865399999995134
848,0.02006130000017947,0.003046199999971577,0.0025967000001401175
849,0.015024100000118779,0.004047500000069704,0.0032558000002609333
850,0.016055199999755132,0.00450379999983852,0.003948199999740609
851,0.015985600000021805,0.0031063000001267937,0.0039584999999533466
852,0.01707669999996142,0.004060199999912584,0.003866600000037579
853,0.017080600000099366,0.0027900999998564657,0.0038395999999920605
854,0.01304950000030658,0.004205300000194256,0.0020878000000266184
855,0.016673200000241195,0.0027433999998720537,0.0037946000002193614
856,0.016937200000029407,0.0033230999997613253,0.001491600000008475
857,0.015880700000252546,0.004569900000205962,0.0016907999997783918
858,0.017013499999848136,0.0020433999998203944,0.0038406999997278035
859,0.014809499999955733,0.004552499999590509,0.004564900000332273
860,0.016193200000088837,0.00416640000003099,0.0034245000001646986
861,0.01361029999998209,0.004540599999927508,0.0027644000001600944
862,0.014007199999923614,0.002913299999818264,0.002920200000062323
863,0.011079200000040146,0.002563800000189076,0.0016823000000840693
864,0.012505700000019715,0.0044757999999092135,0.003467400000317866
865,0.020470100000238745,0.003571200000351382,0.00384699999995064
866,0.01212630000009085,0.0027058999999098887,0.0033554999999978463
867,0.022839299999759533,0.004380300000320858,0.003857400000015332
868,0.02516520000017408,0.004315899999710382,0.0033126999996966333
869,0.020609600000170758,0.004910000000108994,0.001280100000258244
870,0.020695500000329048,0.004206199999771343,0.003788699999859091
871,0.014098099999955593,0.0015722000002824643,0.0033001000001604552
872,0.017893199999889475,0.0034453000002940826,0.0035070999997515173
873,0.01385870000012801,0.004269500000191329,0.0013902999999118038
874,0.018052500000067084,0.0036748000002262415,0.0032771999999567925
875,0.012836299999889889,0.0015601000000060594,0.0032277000000249245
876,0.01786450000008699,0.0037302999999155873,0.0032837000003382855
877,0.015520000000378786,0.003244699999868317,0.0034384000000500237
878,0.01497879999988072,0.0043410000002950255,0.0041338000000905595
879,0.016302099999847997,0.002709500000037224,0.0035314000001562817
880,0.020703499999854102,0.001486399999976129,0.001580300000114221
881,0.021961900000405876,0.003960399999868969,0.0032964000001811655
882,0.01733890000014071,0.0019031000001632492,0.004012699999748293
883,0.02229639999995925,0.00422500000013315,0.0038878000000295287
884,0.011833500000193453,0.0045007000003352005,0.003933200000119541
885,0.017803899999762507,0.00335399999994479,0.0037838000002921035
886,0.01868930000000546,0.004487000000153785,0.003969500000039261
887,0.02145699999982753,0.004027899999982765,0.003934100000151375
888,0.013153200000033394,0.0033760999999685737,0.0038031999997656385
889,0.016441000000213535,0.0016273000001092441,0.003302099999928032
890,0.01372189999983675,0.0019124000000374508,0.0013128999999025837
891,0.016636899999866728,0.0037699999998039857,0.0032022000000324624
892,0.02069649999975809,0.003929099999822938,0.002655200000390323
893,0.012662299999647075,0.004236900000250898,0.0031335000003309688
894,0.016475399999762885,0.0017603999999664666,0.002848199999789358
895,0.017374200000176643,0.00456430000031105,0.0042579000000841916
896,0.019550100000287784,0.0015174000000115484,0.0026651000002857472
897,0.017888000000311877,0.00427880000006553,0.003394800000023679
898,0.012208100000407285,0.003622199999881559,0.0022908999999344815
899,0.010606700000153069,0.0035637999999380554,0.0031248000000232423
900,0.00999180000007982,0.0015736000000288186,0.0022948999999243824
901,0.01702500000010332,0.0033433999997214414,0.0033659000000625383
902,0.01512219999995068,0.002418000000034226,0.002462299999933748
903,0.018158999999741354,0.0016998999999486841,0.001961500000106753
904,0.018784899999900517,0.0033698000002004846,0.0041476999999758846
905,0.01611880000018573,0.004054399999859015,0.0031822000000829576
906,0.015465999999833002,0.0022021999998287356,0.004183300000022427
907,0.019030400000247027,0.004225199999837059,0.0024788999999145744
908,0.015351999999893451,0.0032716000000618806,0.0033519000003252586
909,0.01363390000005893,0.004035599999951955,0.0016894000000320375
910,0.022813900000073772,0.004240700000082143,0.0038571000000047206
911,0.017180099999677623,0.0020991999999750988,0.0018221999998786487
912,0.021371699999690463,0.002705500000047323,0.0019408000002840708
913,0.019389999999930296,0.004033100000015111,0.004290799999580486
914,0.019204100000024482,0.002474000000347587,0.0019162000003234425
915,0.01871260000007169,0.0019228000001021428,0.0021186999997553357
916,0.01957810000021709,0.004007300000012037,0.0036960999996153987
917,0.015253900000061549,0.0037505000000237487,0.0039468999998462095
918,0.015755200000057812,0.004951400000209105,0.004235699999753706
919,0.01844829999981812,0.003233899999941059,0.004438899999968271
920,0.013415299999905983,0.0046608999996351486,0.004216099999666767
921,0.016715000000203872,0.004883999999947264,0.004636399999981222
922,0.020938099999966653,0.0029989999998178973,0.004457000000002154
923,0.017795500000374886,0.0037133999999241496,0.0033278000000791508
924,0.018987100000231294,0.0030775999998695625,0.0035361999998713145
925,0.016169199999694683,0.005200000000058935,0.004408300000250165
926,0.017177900000206137,0.0026878000003307534,0.0019249000001764216
927,0.01638920000004873,0.00432230000023992,0.004447099999651982
928,0.021276400000260765,0.004942000000028202,0.001910400000269874
929,0.01721179999958622,0.0039901000000099884,0.003661400000055437
930,0.014744099999916216,0.0027149000002282264,0.003386800000043877
931,0.012740099999973609,0.0027307999998811283,0.0016470999999000924
932,0.015748899999834975,0.003982700000051409,0.0035754000000451924
933,0.017483999999967637,0.0021266999997351377,0.0035626000003503577
934,0.011322399999698973,0.005522500000097352,0.002038900000115973
935,0.013718899999730638,0.0036358000002110202,0.0019166000001860084
936,0.017525299999761046,0.004151099999944563,0.0036868000001959444
937,0.017172500000015134,0.004228300000249874,0.004566200000226672
938,0.017812799999774143,0.0025696000002426445,0.0037136000000828062
939,0.01877310000008947,0.0018629999999575375,0.0015326000002460205
940,0.018695799999932206,0.004291100000045844,0.004011199999695236
941,0.016560000000026776,0.0017265000001316366,0.002345299999888084
942,0.014380699999946955,0.0052961000001232605,0.004086299999926268
943,0.017995500000324682,0.0033346999998684623,0.0035382000000936387
944,0.012428600000021106,0.004575900000418187,0.004003799999736657
945,0.01631489999999758,0.004372700000203622,0.004021300000204064
946,0.021455499999774474,0.001557399999910558,0.003610999999636988
947,0.018621599999733007,0.004259100000126637,0.004203299999971932
948,0.02039779999995517,0.004657599999973172,0.003978600000209553
949,0.017393799999808834,0.0019956000001002394,0.0033232000000680273
950,0.018372200000158045,0.004567699999824981,0.0038352000001395936
951,0.015890199999830656,0.0016506000001754728,0.0022773999999117223
952,0.019787300000189134,0.00409380000019155,0.0036370999996506725
953,0.11343729999998686,0.0022122999998828163,0.002180499999667518
954,0.021399600000222563,0.003554800000074465,0.001586300000326446
955,0.015502899999773945,0.0015753000002405315,0.001287999999931344
956,0.017442400000163616,0.0018716999998105166,0.003377499999714928
957,0.018291100000169536,0.00484809999989011,0.004353499999979249
958,0.01285649999999805,0.0036967000000913686,0.0036036999999851105
959,0.013399699999808945,0.0036869999998998537,0.0017212999996445433
960,0.015222699999867473,0.0018648999998731597,0.002031999999871914
961,0.014744799999789393,0.003775099999984377,0.0033818000001701876
962,0.013214099999913742,0.0029343999999582593,0.0018586000001050706
963,0.013088000000152533,0.0038227999998525775,0.0030926999997973326
964,0.01688960000001316,0.0029810999999426713,0.003330000000005384
965,0.017481899999893358,0.0036175999998704356,0.003305700000055367
966,0.01705999999967389,0.0033060000000659784,0.003262199999880977
967,0.012487699999837787,0.003941499999655207,0.002548799999658513
968,0.01452789999984816,0.0017340999997941253,0.0023771000001033826
969,0.01135229999999865,0.004108099999939441,0.0036362999999255408
970,0.01749470000004294,0.004328900000018621,0.003820700000233046
971,0.02024359999995795,0.0025872000001072593,0.003926299999875482
972,0.015385100000003149,0.0019313000002512126,0.003435799999806477
973,0.014496100000087608,0.003943500000332278,0.004323399999975663
974,0.011037499999929423,0.004217199999857257,0.0015123999996831117
975,0.018485099999907106,0.001535799999601295,0.0037770000003547466
976,0.014397700000245095,0.0016363999998247891,0.003718799999660405
977,0.01864789999990535,0.0035760999999183696,0.0014702999997098232
978,0.01583759999994072,0.0015198000000964385,0.003489400000034948
979,0.01534929999979795,0.003645100000085222,0.0032724000002417597
980,0.014939300000150979,0.004545799999959854,0.0018450000002303568
981,0.013165200000003097,0.0030603999998675135,0.003168000000187021
982,0.016238500000326894,0.0028070000003026507,0.004565799999909359
983,0.020845700000336365,0.0029833999997208593,0.0038467999997919833
984,0.018608999999742082,0.0045870999997532635,0.0038558999999622756
985,0.0170893999998043,0.004219700000248849,0.003778999999667576
986,0.014041200000065146,0.0017125999997915642,0.0037521999997807143
987,0.016758799999934126,0.0017490999998699408,0.0038437000002886634
988,0.016055300000061834,0.001766599999882601,0.001562700000249606
989,0.015111799999885989,0.0036073999999644,0.0036118999996688217
990,0.017699800000173127,0.0014717999997628795,0.004454899999927875
991,0.017931400000179565,0.0015038999999887892,0.0029696000001422362
992,0.01848519999975906,0.0019569000000956294,0.003294899999673362
993,0.014304399999673478,0.0015123000002859044,0.0028173000000606407
994,0.013226699999904667,0.004289299999982177,0.0028904000000693486
995,0.016653499999847554,0.004228100000091217,0.0032449000000269734
996,0.01722570000038104,0.004072100000030332,0.0030817000001661654
997,0.01982670000006692,0.004243200000018987,0.003955399999995279
998,0.01830950000021403,0.004287199999907898,0.0038672000000588014
999,0.01830359999985376,0.003944099999898754,0.0038334999999278807
1000,0.015645599999970727,0.0017139999999926658,0.00249389999999039
1001,0.019902799999726994,0.004449699999895529,0.003966199999922537
1002,0.017275600000175473,0.002651399999649584,0.003915499999948224
1003,0.022060299999793642,0.004284600000119099,0.003821400000106223
1004,0.01650790000030611,0.0019044000000576489,0.0033650000000307045
1005,0.015212700000120094,0.0018596999998408137,0.003019199999926059
1006,0.016248699999778182,0.0015650999998797488,0.0032621000000290223
1007,0.016365400000267982,0.0038715999999112682,0.003823800000191113
1008,0.01477999999997337,0.0029714000002059038,0.002417700000023615
1009,0.017554800000198156,0.0031674000001657987,0.0017434000001230743
1010,0.01121240000020407,0.002010600000176055,0.004218099999889091
1011,0.018970600000102422,0.0022902000000613043,0.0033653999998932704
1012,0.015719499999704567,0.002948500000002241,0.0020716999997603125
1013,0.024713700000120298,0.004533899999842106,0.003899199999978009
1014,0.02312449999999444,0.004477699999824836,0.0038489000003210094
1015,0.02213290000008783,0.004903899999590067,0.0038819000001240056
1016,0.02287709999973231,0.004253499999776977,0.003913800000191259
1017,0.0211183000001256,0.0043580999999903725,0.00402189999977054
1018,0.02300050000030751,0.00426259999994727,0.00386819999994259
1019,0.019270599999799742,0.004223800000090705,0.0037197999999989406
1020,0.017691799999738578,0.0030520000000251457,0.0038368000000446045
1021,0.02123310000024503,0.0014471999998022511,0.0026222000001325796
1022,0.021043599999757134,0.004205700000056822,0.004269999999905849
1023,0.017094300000280782,0.0015078999999786902,0.003285799999957817
1024,0.024639199999910488,0.004457699999875331,0.0035229999998591666
1025,0.024620599999707338,0.0043266000002404326,0.0038107999998828745
1026,0.01705709999987448,0.002180899999984831,0.0037944000000607048
1027,0.022750099999939266,0.0036394999997355626,0.0032985000002554443
1028,0.01938930000005712,0.004172899999957735,0.0037760999998681655
1029,0.022196899999926245,0.004225200000291807,0.003843500000130007
1030,0.019839000000047236,0.0014455000000452856,0.0031910000002426386
1031,0.023938400000133697,0.004261199999746168,0.0038239999998950225
1032,0.021816899999976158,0.004261999999926047,0.003911000000243803
1033,0.0221851000001152,0.0035840999998981715,0.0032879999998840503
1034,0.019803300000148738,0.004148299999997107,0.003871800000069925
1035,0.02302659999986645,0.004688199999691278,0.003988999999819498
1036,0.024036399999658897,0.0042308000001867185,0.0038024999998924613
1037,0.025653499999862106,0.004364899999927729,0.003850099999908707
1038,0.023681699999997363,0.004129899999952613,0.0038092999998298183
1039,0.023654199999782577,0.0015565000003334717,0.003100700000231882
1040,0.02243819999966945,0.0038967000000411645,0.0033299000001534296
1041,0.022438200000124198,0.0037502000000131375,0.003315000000384316
1042,0.023061100000177248,0.003783600000133447,0.00325539999994362
1043,0.022614100000282633,0.004176300000381161,0.003811799999766663
1044,0.02021119999972143,0.0023691000001235807,0.003939900000204943
1045,0.022128300000076706,0.004172400000243215,0.003859299999930954
1046,0.02352680000012697,0.0041845000000648724,0.003773300000375457
1047,0.01891860000023371,0.004191900000023452,0.003880600000229606
1048,0.022427800000059506,0.004284999999981665,0.0038383999999496154
1049,0.024569400000018504,0.004377399999611953,0.00380459999996674
1050,0.022947500000100263,0.004220100000111415,0.003876100000070437
1051,0.022245500000281027,0.004173799999989569,0.0038248000000749016
1052,0.01603060000024925,0.002408900000318681,0.003558100000191189
1053,0.021427199999834556,0.004473700000289682,0.004004999999779102
1054,0.022026999999980035,0.00446700000020428,0.003844899999876361
1055,0.019485099999656086,0.0031702000001132546,0.004103599999780272
1056,0.022059899999931076,0.004379599999992934,0.0031358999999611115
1057,0.02203220000001238,0.0036087999997107545,0.0034157000000050175
1058,0.021496899999874586,0.0037710000001425215,0.003405899999961548
1059,0.01614900000004127,0.0042645999997148465,0.003838700000414974
1060,0.023798600000191072,0.004235400000197842,0.0037944000000607048
1061,0.026855799999793817,0.004525699999703647,0.00391170000011698
1062,0.02215390000037587,0.004406300000027841,0.0038515000001098088
1063,0.022592100000110804,0.004175600000053237,0.00391040000022258
1064,0.0220723999996153,0.004250899999988178,0.0038243999997575884
1065,0.02260309999974197,0.0044044000001122185,0.0039873000000625325
1066,0.017659999999978027,0.004238099999838596,0.003990999999587075
1067,0.021594399999685265,0.004336800000146468,0.00391170000011698
1068,0.019581499999731022,0.0015423999998347426,0.0035109999998894637
1069,0.017025699999976496,0.003597899999931542,0.0038733999999749358
1070,0.01936169999999038,0.0033292000002802524,0.0038225000002967136
1071,0.016409899999871413,0.004215400000248337,0.0030952000001889246
1072,0.01670689999991737,0.001849300000230869,0.0038360000003194727
1073,0.021197500000198488,0.004199399999833986,0.003894500000114931
1074,0.014965300000312709,0.004249800000252435,0.0038201000002118235
1075,0.01900649999970483,0.0042310999997425824,0.003477799999927811
1076,0.02259360000016386,0.0038993999996819184,0.0038076000000728527
1077,0.02013989999977639,0.0028532999999697495,0.0036286999998083047
1078,0.02248909999980242,0.004323399999975663,0.003491000000394706
1079,0.020820000000185246,0.004892699999800243,0.0037972999998601153
1080,0.016967600000043603,0.0030323999999382067,0.00387719999980618
1081,0.02229029999989507,0.004737300000215328,0.004130799999984447
1082,0.021078600000237202,0.0037460999997165345,0.0013472999999066815
1083,0.019992399999864574,0.00405319999981657,0.0036873999997624196
1084,0.020596399999703863,0.0044044000001122185,0.0038893999999345397
1085,0.019137599999794475,0.0015217000000120606,0.0032978999997794745
1086,0.01602629999979399,0.003697800000281859,0.0035005999998247717
1087,0.017948900000192225,0.0032747999998719024,0.0032912000001488195
1088,0.01789150000013251,0.0038051999999879627,0.003591600000163453
1089,0.018350400000144873,0.004108300000098097,0.003012299999682
1090,0.017972399999962363,0.0021322000002328423,0.003888499999902706
1091,0.019754599999942002,0.004462100000182545,0.0038532000003215217
1092,0.018627500000093278,0.0048488999996152415,0.003913099999863334
1093,0.014257499999985157,0.0023653999996895436,0.004146200000377576
1094,0.01682410000012169,0.0018338999998377403,0.0033450000000811997
1095,0.018219000000044616,0.004343300000073214,0.0039380999996865285
1096,0.018076700000165147,0.004723699999885866,0.0038334999999278807
1097,0.024484900000061316,0.001888000000235479,0.003698099999837723
1098,0.09446860000025481,0.004128400000354304,0.0037875999996686005
1099,0.016692600000169477,0.003942700000152399,0.0033478000000286556
1100,0.015333699999700912,0.004164099999798054,0.0036073999999644
1101,0.015591200000017125,0.001723500000025524,0.0033082999998441665
1102,0.015122099999643979,0.00168759999996837,0.0038306999999804248
1103,0.02229880000004414,0.004264500000317639,0.00370119999979579
1104,0.01981999999998152,0.004420700000082434,0.003434800000377436
1105,0.024316900000030728,0.001598199999989447,0.0014553999999407097
1106,0.021786099999644648,0.0036258999998608488,0.004224700000122539
1107,0.021998400000029505,0.00432230000023992,0.003826699999990524
1108,0.021627300000091054,0.004254900000432826,0.004355799999757437
1109,0.02088640000010855,0.003936300000077608,0.0038116999999147083
1110,0.023543700000118406,0.003607799999826966,0.003666200000225217
1111,0.0194112999997742,0.00451599999996688,0.004219500000090193
1112,0.014970799999900919,0.004063100000166742,0.0045473000000129105
1113,0.021522399999867048,0.004159900000104244,0.004373099999611441
1114,0.021763300000202435,0.0043685000000550644,0.0016673000000082538
1115,0.021635699999933422,0.004245300000093266,0.004100500000276952
1116,0.022129599999971106,0.004169499999989057,0.004078799999660987
1117,0.017447900000206573,0.0035856999998031824,0.0032709000001887034
1118,0.014012099999945349,0.002312600000095699,0.001976999999897089
1119,0.020664099999976315,0.002972100000079081,0.003358500000103959
1120,0.022168299999975716,0.002411599999959435,0.0021310000001903973
1121,0.01812370000016017,0.0043334000001777895,0.003920000000107393
1122,0.023722600000382954,0.004182399999990594,0.003753099999812548
1123,0.02119429999993372,0.003516900000249734,0.003272599999945669
1124,0.021711100000175065,0.0035496999998940737,0.0032694999999876018
1125,0.022978599999987637,0.004209100000025501,0.0038171999999576656
1126,0.019769500000165863,0.003543199999967328,0.003837400000065827
1127,0.020738299999720766,0.0042202999998153246,0.0038294999999379797
1128,0.022697700000207988,0.004222499999741558,0.0038276000000223576
1129,0.020926200000303652,0.004219100000227627,0.003788999999869702
1130,0.020016599999962637,0.004249399999935122,0.0038585000002058223
1131,0.018779600000016217,0.004232100000081118,0.0038441000001512293
1132,0.019863299999997253,0.004187700000329642,0.003812299999935931
1133,0.02074640000000727,0.004214600000068458,0.0038574999998672865
1134,0.02102340000010372,0.0035047000001213746,0.004498299999795563
1135,0.022736500000064552,0.004221199999847158,0.003917900000033114
1136,0.02237139999988358,0.004160599999977421,0.004024999999728607
1137,0.022035500000129105,0.004192700000203331,0.003843400000278052
1138,0.022855599999729748,0.004212600000300881,0.003829900000255293
1139,0.019938599999932194,0.004378099999939877,0.0038976000000729982
1140,0.022515499999826716,0.004334800000378891,0.0038444000001618406
1141,0.02234889999999723,0.00421890000006897,0.0038205000000743894
1142,0.020852499999818974,0.004259899999851768,0.0038401000001613284
1143,0.02325810000002093,0.004164599999967322,0.0029039999999440624
1144,0.021957400000246707,0.004155000000082509,0.00381310000011581
1145,0.023286199999802193,0.004384700000173325,0.003937000000405533
1146,0.02341999999998734,0.0035689999999704014,0.003396699999939301
1147,0.019980000000032305,0.0036651999998866813,0.003235799999856681
1148,0.022167000000081316,0.004167000000052212,0.0038195999995878083
1149,0.022364699999798177,0.0036602999998649466,0.003261400000155845
1150,0.024406500000168307,0.004445300000043062,0.0038609000002907123
1151,0.022239300000364892,0.0043074000000160595,0.00384089999988646
1152,0.01862329999994472,0.004175200000190671,0.004382300000088435
1153,0.020342400000117777,0.004242499999691063,0.003846600000088074
1154,0.0193264999998064,0.003509599999688362,0.003879000000324595
1155,0.02223390000017389,0.0036691000000246277,0.0032993999998325307
1156,0.017331900000044698,0.0033152000000882254,0.002908899999965797
1157,0.021717999999964377,0.004218700000365061,0.003882500000145228
1158,0.021804299999985233,0.0041841000002023065,0.003768699999909586
1159,0.02232640000011088,0.004195699999854696,0.0037941000000500935
1160,0.02446399999962523,0.004181799999969371,0.004022899999654328
1161,0.022424999999657302,0.004531399999905261,0.003994300000158546
1162,0.02246419999983118,0.004237800000282732,0.003907199999957811
1163,0.02070869999988645,0.004210200000215991,0.0040949999997792474
1164,0.021937900000011723,0.004202700000405457,0.004063599999881262
1165,0.024562999999943713,0.003290200000265031,0.0037892999998803134
1166,0.021906400000261783,0.0036830999997619074,0.003277100000104838
1167,0.022815799999989395,0.0042230999997627805,0.004203500000130589
1168,0.022623299999850133,0.004496000000017375,0.0038757999996050785
1169,0.014461900000242167,0.004652100000384962,0.004081000000041968
1170,0.02423769999995784,0.0036439999998947314,0.0032469000002492976
1171,0.02325650000011592,0.0036890999999741325,0.0033564999998816347
1172,0.022476999999980762,0.004596199999923556,0.0033922000002348796
1173,0.022882599999775266,0.004183499999726337,0.004014900000129273
1174,0.022052000000257976,0.004736300000331539,0.003914200000053825
1175,0.017922099999850616,0.003699000000324304,0.0032983999999487423
1176,0.01987470000040048,0.001444799999717361,0.003727899999830697
1177,0.02243079999971087,0.004539000000022497,0.004099899999800982
1178,0.024284300000090298,0.004264300000158983,0.004328600000008009
1179,0.024471100000027945,0.004187500000170985,0.00380829999994603
1180,0.022639599999820348,0.004818600000362494,0.003912899999704678
1181,0.022411700000247947,0.004571500000110973,0.004123900000195135
1182,0.024569100000007893,0.004477999999835447,0.0038248999999268563
1183,0.02027120000002469,0.004174600000169448,0.003786199999922246
1184,0.021826700000019628,0.00418390000004365,0.0038454999998975836
1185,0.02239110000027722,0.004198199999791541,0.003792199999679724
1186,0.021071399999982532,0.003800800000135496,0.0035852999999406165
1187,0.0222830999996404,0.0042424000002938556,0.003990700000031211
1188,0.022290099999736412,0.004502400000092166,0.003852399999686895
1189,0.02195529999971768,0.004256300000179181,0.003928000000087195
1190,0.01774829999976646,0.004423499999575142,0.003909700000349403
1191,0.02188129999967714,0.0042140000000472355,0.003865300000143179
1192,0.022308899999643472,0.004262899999957881,0.0038555999999516644
1193,0.02222410000013042,0.0026178000002801127,0.0015628000001015607
1194,0.026664600000003702,0.004267700000127661,0.003770500000428001
1195,0.02097719999983383,0.0032973999996102066,0.003193999999894004
1196,0.022436300000208576,0.004125999999814667,0.003895199999988108
1197,0.023013600000012957,0.004250599999977567,0.003871900000376627
1198,0.02111090000016702,0.0037569000000985397,0.00332010000010996
1199,0.018217899999854126,0.003231600000162871,0.003910699999778444
1200,0.021312700000180484,0.004249600000093778,0.0038251999999374675
1201,0.02134559999967678,0.004449000000022352,0.0038620000000264554
1202,0.022049600000173086,0.0038104999998722633,0.0033782000000428525
1203,0.025217700000212062,0.004263300000275194,0.003809200000432611
1204,0.021454499999890686,0.0023262000004251604,0.0038815000002614397
1205,0.020634599999993952,0.004288199999791686,0.003901300000052288
1206,0.026198099999874103,0.004241600000113976,0.0037998999996489147
1207,0.02195609999989756,0.004204000000299857,0.003798800000367919
1208,0.022866700000122364,0.004209499999888067,0.0038150999998833868
1209,0.024372099999709462,0.004262099999778002,0.003790199999912147
1210,0.019184900000254856,0.004335900000114634,0.0038611999998465762
1211,0.022143299999697774,0.004424700000072335,0.0039013999999042426
1212,0.02310250000027736,0.004215800000110903,0.003823000000011234
1213,0.020758999999998196,0.004262500000095315,0.003832899999906658
1214,0.02269380000007004,0.004362499999842839,0.0038862999999764725
1215,0.017853800000011688,0.004497999999784952,0.002414000000044325
1216,0.016775599999618862,0.002407499999662832,0.0038892000002306304
1217,0.020773799999915354,0.004558699999961391,0.003987799999777053
1218,0.023283100000298873,0.004575299999942217,0.003533300000071904
1219,0.02119219999985944,0.003949200000079145,0.003529600000092614
1220,0.020813799999814364,0.0037265999999362975,0.0034406999998282117
1221,0.022049499999866384,0.004176200000074459,0.003836999999748514
1222,0.02183680000007371,0.004271700000117562,0.0039961000002222136
1223,0.022427200000038283,0.004240600000230188,0.004345499999999447
1224,0.02195430000028864,0.00419000000010783,0.003977899999881629
1225,0.02196060000005673,0.004270699999779026,0.0037718000003224006
1226,0.020854400000189344,0.002047599999968952,0.0038666999998895335
1227,0.024599299999863433,0.004206699999940611,0.0038385000002563174
1228,0.021806800000376825,0.0044381999996403465,0.0038423999999395164
1229,0.021963900000173453,0.004344100000253093,0.0038456000002042856
1230,0.023103500000161148,0.0029654999998456333,0.0038077000003795547
1231,0.022890499999903113,0.004257000000052358,0.003991399999904388
1232,0.02125960000012128,0.004626100000223232,0.003933899999992718
1233,0.02285619999975097,0.0044110999997428735,0.00384219999978086
1234,0.022450199999639153,0.004334100000050967,0.0038793999997324136
1235,0.022296799999821815,0.004243299999870942,0.004087499999968713
1236,0.021721900000102323,0.004329699999743752,0.0038386999999602267
1237,0.02317670000002181,0.004615699999703793,0.0040847000000212574
1238,0.0221905000003062,0.004450500000075408,0.003968799999711337
1239,0.020859400000063033,0.0035624999995889084,0.003437800000028801
1240,0.022069699999974546,0.004217800000333227,0.004105600000002596
1241,0.0227404000002025,0.004423200000019278,0.003998400000000402
1242,0.024505999999746564,0.003553200000169454,0.0032427999999526946
1243,0.12082009999994625,0.004188800000065385,0.004035800000110612
1244,0.020188599999983126,0.0040340000000469445,0.0037396999996417435
1245,0.019923800000015035,0.004464999999981956,0.003871299999900657
1246,0.021973200000047655,0.0042659000000639935,0.004874799999925017
1247,0.023892300000170508,0.004259699999693112,0.003846499999781372
1248,0.023801100000127917,0.004170700000031502,0.004042999999910535
1249,0.020396299999902112,0.0035577999997258303,0.0038388000002669287
1250,0.02188990000013291,0.0036043999998582876,0.003485700000055658
1251,0.022022800000286225,0.004352700000254117,0.003922400000192283
1252,0.02342320000025211,0.004261199999746168,0.003807500000220898
1253,0.021713499999805208,0.0036306999995758815,0.003324499999962427
1254,0.021239600000171777,0.004193799999939074,0.0040638999998918734
1255,0.022396200000002864,0.004633600000033766,0.003955600000153936
1256,0.02193959999976869,0.0042374999998173735,0.0043719999998756975
1257,0.02392340000005788,0.0017207000000780681,0.003833900000245194
1258,0.021806700000070123,0.0023993999998310755,0.0038185000003068126
1259,0.021084200000132114,0.001983500000278582,0.0038061000000197964
1260,0.023139300000366347,0.004447199999958684,0.0038285000000541913
1261,0.018664199999875564,0.0036795999999412743,0.00332860000025903
1262,0.018509699999867735,0.00417539999989458,0.003799099999923783
1263,0.021960999999919295,0.0035775000001194712,0.0032572000000072876
1264,0.016284899999845948,0.0026199000003543915,0.0033174000000144588
1265,0.020760500000051252,0.004220999999688502,0.0038727000001017586
1266,0.020735699999931967,0.0041985000002568995,0.0038217000001168344
1267,0.02437309999959325,0.004737600000225939,0.003921200000149838
1268,0.02032550000012634,0.0035799999996015686,0.0032443999998577056
1269,0.022622099999807688,0.004210699999930512,0.0038352999999915482
1270,0.021775400000024092,0.004147499999817228,0.003955600000153936
1271,0.02025340000000142,0.003806300000178453,0.003807299999607494
1272,0.022073999999975058,0.0016492000004291185,0.003575499999897147
1273,0.022919399999864254,0.0036086999998588,0.003311999999823456
1274,0.021595600000182458,0.003969100000176695,0.0033085999998547777
1275,0.021459999999933643,0.0015986000003067602,0.0022976999998718384
1276,0.022132000000055996,0.004213400000026013,0.004144300000007206
1277,0.022646899999926973,0.004227699999773904,0.0041702000003169815
1278,0.02381040000000212,0.003895199999988108,0.003230299999813724
1279,0.02417509999986578,0.004357799999979761,0.003746800000044459
1280,0.023005600000033155,0.00416029999996681,0.003756500000235974
1281,0.022691000000122585,0.003602700000101322,0.0032492999998794403
1282,0.022154499999942345,0.0037327000000004773,0.0033099000002039247
1283,0.022498100000120758,0.004232199999933073,0.0038755000000492146
1284,0.02239559999998164,0.00422389999994266,0.003920399999969959
1285,0.022018900000148278,0.0038685999998051557,0.003621899999870948
1286,0.021265800000037416,0.004293399999824032,0.004058099999838305
1287,0.01898590000018885,0.0036086000000068452,0.0034042000002045825
1288,0.021118099999966944,0.004314299999805371,0.003993400000126712
1289,0.02157970000007481,0.0035861999999724503,0.0032749000001786044
1290,0.021528100000068662,0.0041999999998552084,0.004382700000405748
1291,0.02521840000008524,0.004088600000159204,0.003928299999643059
1292,0.016872799999873678,0.003564799999821844,0.0032518999996682396
1293,0.021164499999940745,0.0022382000001925917,0.0038008999999874504
1294,0.015906100000393053,0.004232300000239775,0.0038357000003088615
1295,0.02236109999967084,0.004496000000017375,0.003885199999785982
1296,0.023609400000168534,0.0041608999999880325,0.0032584000000497326
1297,0.020941700000093988,0.0042141000003539375,0.004104699999970762
1298,0.020293999999921652,0.00423049999972136,0.004303900000195426
1299,0.01655460000029052,0.0033063000000765896,0.004175000000032014
1300,0.015462200000001758,0.002014900000176567,0.003226700000141136
1301,0.035702000000128464,0.0033353999997416395,0.0015602999997099687
1302,0.02242290000003777,0.0039368999996440834,0.0028232999998181185
1303,0.02160760000015216,0.004568700000163517,0.004089800000201649
1304,0.017159500000161643,0.0041725000000951695,0.003933200000119541
1305,0.022428599999784637,0.0041584999999031425,0.0038600000002588786
1306,0.02243429999998625,0.003034800000023097,0.0023105000000214204
1307,0.0197504999996454,0.004208100000141712,0.0038185000003068126
1308,0.02104559999997946,0.0027061000000685453,0.003959900000154448
1309,0.02045270000007804,0.004368299999896408,0.0038267999998424784
1310,0.0218909000000167,0.001549200000226847,0.0029819000001225504
1311,0.021099099999901227,0.004896700000244891,0.004172599999947124
1312,0.02152139999998326,0.004266899999947782,0.0035202999997636653
1313,0.0205073000001903,0.004344599999967613,0.004153200000018842
1314,0.022523099999943952,0.0044563000001289765,0.004247000000304979
1315,0.020774799999799143,0.003608899999562709,0.0034273000001121545
1316,0.021354199999677803,0.003662600000097882,0.003265800000008312
1317,0.018583200000193756,0.0035342999999556923,0.0030974999999671127
1318,0.024901799999952345,0.0041713000000527245,0.003758800000014162
1319,0.023970400000052905,0.0041440999998485495,0.0038002000001142733
1320,0.024363699999867094,0.004673299999922165,0.0038654999998470885
1321,0.021341199999824312,0.004161399999702553,0.004053900000144495
1322,0.021528700000089884,0.004174800000328105,0.00388329999987036
1323,0.020766699999967386,0.004209999999602587,0.0038607000001320557
1324,0.023497600000155217,0.004247100000156934,0.0036666999999397376
1325,0.022220399999696383,0.004204600000321079,0.004202999999961321
1326,0.021517600000152015,0.0041737000001376146,0.00419240000019272
1327,0.021352599999772792,0.0030551000004379603,0.003776000000016211
1328,0.015654499999982363,0.0035996999999952095,0.0033523000001878245
1329,0.02282100000002174,0.004299200000332348,0.004052699999647302
1330,0.021532100000058563,0.004267499999969004,0.004030799999782175
1331,0.0220632000000478,0.004346000000168715,0.0039394000000356755
1332,0.021114900000156922,0.004556700000193814,0.003941599999961909
1333,0.017323600000054284,0.0042038000001412,0.003844200000003184
1334,0.019910199999685574,0.00418809999973746,0.0038024000000405067
1335,0.021600600000056147,0.004165800000009767,0.0038132999998197192
1336,0.02265819999956875,0.004281700000319688,0.0038481000001411303
1337,0.02263119999997798,0.004384400000162714,0.005572600000050443
1338,0.022111499999937223,0.003759200000331475,0.0033504999996694096
1339,0.023923500000364584,0.004173000000264437,0.003777399999762565
1340,0.019169000000147207,0.004214699999920413,0.0038179999996827974
1341,0.018657200000234297,0.004053699999985838,0.003765700000258221
1342,0.019982700000127807,0.0015843999999560765,0.003792800000155694
1343,0.02365810000037527,0.004176499999630323,0.004621000000042841
1344,0.020867299999736133,0.004434999999830325,0.004165299999840499
1345,0.021749100000306498,0.004217600000174571,0.0038598999999521766
1346,0.021201599999585596,0.003985199999988254,0.0038501000003634545
1347,0.019603400000050897,0.004111600000214821,0.0038088000001152977
1348,0.022505500000079337,0.0036419000002752,0.003335000000333821
1349,0.019761000000016793,0.004225999999562191,0.003826600000138569
1350,0.022273500000210333,0.0045757000002595305,0.004100100000414386
1351,0.021264999999857537,0.004425100000389648,0.0036849000002803223
1352,0.01989529999991646,0.004415800000060699,0.0038352999999915482
1353,0.021800100000291422,0.004359399999884772,0.0038374999999177817
1354,0.020960999999715568,0.0035762000002250716,0.0032332999999198364
1355,0.018476900000223395,0.00415069999962725,0.003912299999683455
1356,0.024026599999615428,0.002956699999685952,0.003051099999993312
1357,0.022427000000334374,0.004295299999739655,0.0027224000000387605
1358,0.019011200000022654,0.0038352999999915482,0.0032559999999648426
1359,0.02310040000020308,0.004376700000193523,0.003847299999961251
1360,0.022649399999863817,0.004202300000088144,0.0038519999998243293
1361,0.01633750000019063,0.004426899999998568,0.003921900000023015
1362,0.018798300000071322,0.0042475000000195,0.0038187999998626765
1363,0.02411230000006981,0.00421649999998408,0.003755399999590736
1364,0.023955999999998312,0.004244700000072044,0.0038399000000026717
1365,0.022223500000109198,0.0041753000000426255,0.003824700000222947
1366,0.022455799999988812,0.004177199999958248,0.003827699999874312
1367,0.014573299999938172,0.003597899999931542,0.0032780999999886262
1368,0.02403309999999692,0.004165299999840499,0.0039965000000847795
1369,0.02155350000020917,0.003650199999810866,0.003279699999893637
1370,0.018294800000148825,0.002399599999989732,0.0038095999998404295
1371,0.020360299999993003,0.002314999999725842,0.0038678999999319785
1372,0.016289300000153162,0.0040428000002066256,0.0038476000004266098
1373,0.018061900000247988,0.0024611999997432576,0.0030381999999917753
1374,0.014460300000337156,0.003941599999961909,0.003957899999932124
1375,0.01862059999984922,0.003953899999942223,0.0037237999999888416
1376,0.020979299999908108,0.0042101000003640365,0.0038486999997076055
1377,0.021887899999910587,0.004157900000336667,0.003957699999773467
1378,0.021446600000217586,0.0035655000001497683,0.0038116999999147083
1379,0.02264759999980015,0.004188899999917339,0.0038173000002643676
1380,0.022181000000273343,0.00431509999998525,0.0038786000000072818
1381,0.021412099999906786,0.004335500000252068,0.00435559999959878
1382,0.018952200000057928,0.0028491000002759392,0.0038566999996874074
1383,0.0249828000000889,0.00520360000018627,0.004074200000104611
1384,0.022483100000044942,0.004371399999854475,0.0038595999999415653
1385,0.02200570000013613,0.004204899999876943,0.0038356000000021595
1386,0.021387599999798113,0.00395410000010088,0.003804299999956129
1387,0.024209700000028533,0.004274699999768927,0.003816299999925832
1388,0.12680180000006658,0.004481799999666691,0.0048092000001815904
1389,0.02509569999983796,0.0019094999997832929,0.002113399999871035
1390,0.023325500000282773,0.003344900000229245,0.003260700000282668
1391,0.02485320000005231,0.004179400000339228,0.0037930999997115578
1392,0.022674800000004325,0.004519999999956781,0.003980299999966519
1393,0.02191609999999855,0.004206799999792565,0.0038465000002361194
1394,0.020256199999948876,0.004214799999772367,0.003791399999954592
1395,0.022241199999825767,0.0036371999999573745,0.003290999999990163
1396,0.016137300000082178,0.004363900000043941,0.003985600000305567
1397,0.019290400000045338,0.004178999999567168,0.004237099999954808
1398,0.02056350000020757,0.00432249999994383,0.0038790999997218023
1399,0.02275999999983469,0.004528299999947194,0.003702500000144937
1400,0.02721930000006978,0.004606200000125682,0.0038508000002366316
1401,0.020674899999903573,0.004164099999798054,0.003790700000081415
1402,0.023385700000289944,0.004158599999755097,0.0038003000004209753
1403,0.020418200000221987,0.0016746999999668333,0.0038437000002886634
1404,0.021799799999826064,0.004304900000079215,0.0038474999996651604
1405,0.02205150000008871,0.0042737999997370935,0.0038444000001618406
1406,0.02235549999977593,0.004202999999961321,0.0037916999999652035
1407,0.022416399999656278,0.004248499999903288,0.004005600000255072
1408,0.02250419999973019,0.004164299999956711,0.003804999999829306
1409,0.02197230000001582,0.0037985000003573077,0.003269100000125036
1410,0.02253149999978632,0.004181399999652058,0.004453600000033475
1411,0.02293699999972887,0.00423350000028222,0.004336599999987811
1412,0.022109500000169646,0.003989300000284857,0.0038673000003655034
1413,0.021765099999811355,0.004224100000101316,0.003814700000020821
1414,0.017599499999960244,0.003947100000004866,0.0035425999999461055
1415,0.009024500000123226,0.0015702999999120948,0.0013911999999436375
1416,0.008805300000403804,0.0014487000003100547,0.0012361999997665407
1417,0.008800399999927322,0.0014137999996819417,0.0012252999999873282
1418,0.008886099999926955,0.001361900000119931,0.0011918999998670188
1419,0.008408000000144966,0.0013603000002149201,0.0011847999999190506
1420,0.008948299999701703,0.0015764999998282292,0.0013343000000531902
1421,0.008719100000234903,0.0016231999998126412,0.001455699999951321
1422,0.009536000000025524,0.0015285999998013722,0.0012710000000879518
1423,0.00865250000015294,0.0014866000001347857,0.0012539999997898121
1424,0.009641199999805394,0.0015382000001409324,0.0012385999998514308
1425,0.008512699999755569,0.00143900000011854,0.0012194999999337597
1426,0.009077700000034383,0.0014802000000599946,0.001260799999727169
1427,0.008876000000327622,0.0015591999999742256,0.001332299999830866
1428,0.009310099999765953,0.0014572000000043772,0.0012919000000692904
1429,0.02025790000016059,0.004166700000041601,0.00395939999998518
1430,0.019450299999789422,0.004248300000199379,0.0037930000003143505
1431,0.022494699999697332,0.0039050000000315777,0.0036201000002620276
1432,0.014833499999895139,0.002690599999823462,0.003373999999894295
1433,0.022679000000152882,0.00421409999989919,0.003449299999829236
1434,0.02232179999964501,0.003837400000065827,0.004044100000101025
1435,0.02293340000005628,0.004361400000107096,0.004393700000036915
1436,0.019583799999963958,0.004398900000069261,0.0038365000000339933
1437,0.01685689999976603,0.004234500000166008,0.0035969000000477536
1438,0.019271300000127667,0.0015355999998973857,0.0021706999996240484
1439,0.015404299999772775,0.0017665000000306463,0.0030673000001115724
1440,0.011527999999998428,0.0020202000000608678,0.0017186000000037893
1441,0.018462999999883323,0.004592000000229746,0.0033519000003252586
1442,0.017535699999825738,0.004200899999887042,0.002000599999973929
1443,0.0229154000003291,0.0015361000000666536,0.0023108000000320317
1444,0.022049900000183698,0.0036679999998341373,0.00332620000017414
1445,0.022071900000355527,0.0022266000000854547,0.003599200000280689
1446,0.01872540000022127,0.004208100000141712,0.0040364000001318345
1447,0.022854199999983393,0.0042334999998274725,0.0038390000004255853
1448,0.025274699999954464,0.0042152000000896805,0.0041661000000203785
1449,0.02063670000006823,0.0035694000002877146,0.0020552999999381427
1450,0.020371399999930873,0.0044835000003331515,0.003975600000103441
1451,0.010278400000061083,0.0017992000002777786,0.0018594000002849498
1452,0.0175664999997025,0.0032416999997622042,0.001962700000149198
1453,0.01896309999983714,0.003956399999879068,0.004045900000164693
1454,0.01800520000006145,0.0027477999997245206,0.0015142000002015266
1455,0.016892400000415364,0.004028300000300078,0.0041839999998956046
1456,0.01821650000010777,0.0015542000001005363,0.002419200000076671
1457,0.017322600000170496,0.00371930000028442,0.003768699999909586
1458,0.020949600000221835,0.004528100000243285,0.0037658000001101755
1459,0.022333200000048237,0.001527899999928195,0.0034778999997797655
1460,0.01961520000031669,0.0032617000001664564,0.001404999999977008
1461,0.02251410000008036,0.004271299999800249,0.0037684999997509294
1462,0.019582599999921513,0.004317599999922095,0.0038359999998647254
1463,0.014172099999996135,0.0033945999998650223,0.002895799999805604
1464,0.01682410000012169,0.0024373999999625084,0.0038791000001765497
1465,0.02009589999988748,0.0036906999998791434,0.0034212000000479748
1466,0.01779199999964476,0.00259669999968537,0.0033053999995900085
1467,0.022156900000027235,0.004109799999696406,0.0030633000001216715
1468,0.013861199999610108,0.004142499999943539,0.003911499999958323
1469,0.02414279999993596,0.005089499999940017,0.00464590000001408
1470,0.01965059999974983,0.004620199999862962,0.0038526999996975064
1471,0.021512299999812967,0.003854600000067876,0.004071100000146544
1472,0.026076199999806704,0.004141200000049139,0.00379190000012386
1473,0.023756499999763037,0.004171600000063336,0.0038449999997283157
1474,0.018784100000175386,0.004278200000044308,0.00382099999978891
1475,0.02503999999998996,0.00429870000016308,0.004039299999931245
1476,0.019211899999845627,0.003596199999719829,0.003564399999959278
1477,0.021829100000104518,0.004154400000061287,0.003528799999912735
1478,0.02409929999976157,0.004214800000227115,0.00377989999969941
1479,0.018798099999912665,0.004131300000153715,0.0035692999999810127
1480,0.02234470000030342,0.004319899999700283,0.0034786999999596446
1481,0.022132500000225264,0.004382900000109657,0.003870700000334182
1482,0.021678399999927933,0.004291800000373769,0.003907700000127079
1483,0.023477599999750964,0.004221800000323128,0.00382099999978891
1484,0.023778300000230956,0.003672399999686604,0.003267000000050757
1485,0.01742790000025707,0.003659299999981158,0.003947900000184745
1486,0.021680599999854167,0.004214399999909801,0.0038605999998253537
1487,0.022546699999566044,0.0042126999996980885,0.003893800000241754
1488,0.02044309999973848,0.004213100000015402,0.0038405000000238942
1489,0.023297700000057375,0.004375099999833765,0.0038857999998072046
1490,0.02299670000002152,0.003630700000030629,0.0033370999999533524
1491,0.022228799999993498,0.0043148999998265936,0.0038571000000047206
1492,0.02232270000013159,0.00407500000028449,0.003345300000091811
1493,0.022591299999930925,0.004125899999962712,0.0037524000003941183
1494,0.021464299999934155,0.003640099999756785,0.0032811999999466934
1495,0.022484999999960564,0.004812300000139658,0.0039822000003368885
1496,0.024581399999988207,0.004182199999831937,0.0038856000001032953
1497,0.02259909999975207,0.004234499999711261,0.003812400000242633
1498,0.018628399999670364,0.003663800000140327,0.00392199999987497
1499,0.017889799999920797,0.0042687000000114494,0.003969800000049872
1500,0.022664199999780976,0.004348399999798858,0.0039032999998198648
1501,0.023908400000436814,0.004547000000002299,0.004217700000026525
1502,0.02246289999993678,0.004186299999673793,0.0042527000000518456
1503,0.023284699999749137,0.001996399999825371,0.0014889999997649284
1504,0.022174299999733194,0.004247099999702186,0.004195100000288221
1505,0.024291400000038266,0.00441129999990153,0.003929700000298908
1506,0.021656999999777327,0.004450299999916751,0.003983600000083243
1507,0.02349370000001727,0.004240799999934097,0.0034243999998579966
1508,0.02422230000001946,0.004354499999863037,0.0038923000001886976
1509,0.02277749999984735,0.004293800000141346,0.0038381000003937515
1510,0.02297709999993458,0.00424669999983962,0.003874200000154815
1511,0.022019600000021455,0.004245699999955832,0.004420499999923777
1512,0.02004320000014559,0.0039121999998315005,0.0013091000000713393
1513,0.018430999999964115,0.0015960999999151682,0.003815900000063266
1514,0.01856839999982185,0.0037572999999611056,0.003827699999874312
1515,0.020578000000114116,0.004109799999696406,0.003833799999938492
1516,0.016698700000233657,0.0030756999999539403,0.002388500000051863
1517,0.016056099999786966,0.0042733999998745276,0.003916900000149326
1518,0.019300799999655283,0.003686600000037288,0.002318700000159879
1519,0.01577660000020842,0.00383910000027754,0.0033330000001114968
1520,0.014730599999893457,0.0026536999998825195,0.002161699999760458
1521,0.02165469999999914,0.0017652999999882013,0.0020097999999961758
1522,0.018970699999954377,0.002362199999879522,0.0037580999996862374
1523,0.019410299999890412,0.003869399999985035,0.0033195000000887376
1524,0.019214999999803695,0.00424010000006092,0.004454299999906652
1525,0.022484999999960564,0.004082599999946979,0.0033750000002328306
1526,0.019105899999885878,0.004412899999806541,0.0038439999998445273
1527,0.014973899999858986,0.004362500000297587,0.003958199999942735
1528,0.014607599999635568,0.0040963000001283945,0.0031270999998014304
1529,0.015745800000331656,0.004354000000148517,0.003915299999789568
1530,0.016821000000163622,0.002833600000030856,0.0019586999997045496
1531,0.015364899999894988,0.004311900000175228,0.0038413000002037734
1532,0.016549400000258174,0.004345400000147492,0.003774000000248634
1533,0.12828080000008413,0.0041753000000426255,0.0013281999999890104
1534,0.018284400000084133,0.0041639999999461,0.003737700000328914
1535,0.025533999999879597,0.0016252000000349653,0.002611499999602529
1536,0.011401700000078563,0.0042273000003660854,0.0035420999997768376
1537,0.01986540000007153,0.004390199999761535,0.003907300000264513
1538,0.01990899999964313,0.003797899999881338,0.0018822000001819106
1539,0.012490799999795854,0.004641699999865523,0.003774500000417902
1540,0.014595699999972567,0.004642800000056013,0.0039401000003636
1541,0.020827099999678467,0.003993699999682576,0.003540100000009261
1542,0.01687190000029659,0.0030560000000150467,0.0026555999997981417
1543,0.021139899999980116,0.0020552999999381427,0.0016159000001607637
1544,0.015768299999763258,0.003849799999898096,0.0037701999999626423
1545,0.019199100000150793,0.004017799999928684,0.0033561999998710235
1546,0.01263329999983398,0.0031567000000904955,0.0035146000000167987
1547,0.019511899999997695,0.0037993000000824395,0.0033226000000468048
1548,0.02003980000017691,0.003986800000348012,0.0033835999997791077
1549,0.015776700000060373,0.001828799999657349,0.0019754999998440326
1550,0.01742130000002362,0.003627900000083173,0.003760699999929784
1551,0.01629800000000614,0.002956799999992654,0.003658099999938713
1552,0.017442899999878136,0.003958300000249437,0.0036283999997976935
1553,0.017182399999910558,0.003659100000277249,0.0032919000000219967
1554,0.02271710000013627,0.003096200000072713,0.0026657000003069697
1555,0.014624200000071141,0.0037912999996478902,0.0034233000001222536
1556,0.013450099999772647,0.00157630000012432,0.003359899999850313
1557,0.016915599999720143,0.003910699999778444,0.0033993000001828477
1558,0.020201999999699183,0.004265699999905337,0.003335400000196387
1559,0.01923060000035548,0.003932500000246364,0.0036380999999892083
1560,0.013600799999949231,0.0015331999998124957,0.0013810000000376021
1561,0.02256119999992734,0.004195699999854696,0.004371299999547773
1562,0.02027410000027885,0.002918600000157312,0.0037920999998277694
1563,0.020059499999661057,0.0036248999999770604,0.0043138000000908505
1564,0.021475200000168115,0.0042150999997829786,0.003896400000030553
1565,0.017160700000204088,0.001518699999905948,0.002909799999997631
1566,0.022415800000089803,0.00398799999993571,0.003429800000048999
1567,0.017837499999586726,0.0017538999995849736,0.0015626999997948587
1568,0.015740700000151264,0.0017231000001629582,0.003388000000086322
1569,0.016296300000249175,0.0016554999997424602,0.002159900000151538
1570,0.018507400000089547,0.004006899999694724,0.003432599999996455
1571,0.010466700000051787,0.003790400000070804,0.003668399999696703
1572,0.023220600000058766,0.00376349999987724,0.0036592000001292035
1573,0.019455399999969814,0.001749399999880552,0.0023205000002235465
1574,0.019270999999662308,0.002765199999885226,0.004468999999971857
1575,0.0165289000001394,0.003671299999950861,0.0033263000000260945
1576,0.018412800000078278,0.0029380000000855944,0.004650400000173249
1577,0.014205299999957788,0.004656600000089384,0.004696999999850959
1578,0.02111509999986083,0.0038501999997606617,0.0034044999997604464
1579,0.016385499999614694,0.005025000000387081,0.004018000000087341
1580,0.018537599999945087,0.003728099999989354,0.0032598000002508343
1581,0.014066000000184431,0.0036547999998219893,0.0031671000001551874
1582,0.020491000000220083,0.004665299999942363,0.003966400000081194
1583,0.01824620000024879,0.003989400000136811,0.0034270000001015433
1584,0.02260230000001684,0.004479599999740458,0.003980200000114564
1585,0.02117320000024847,0.005319200000030833,0.004193299999769806
1586,0.018804800000452815,0.0037532999999712047,0.003351999999722466
1587,0.022452199999861477,0.0016643000003568886,0.001323700000284589
1588,0.0210242000002836,0.001659300000028452,0.0017014000000017404
1589,0.022019700000328157,0.0038346999999703257,0.003666099999918515
1590,0.021369999999933498,0.0044112000000495755,0.004074200000104611
1591,0.02303559999973004,0.004088900000169815,0.003703700000187382
1592,0.018540399999892543,0.0023224999999911233,0.005059200000232522
1593,0.01902780000000348,0.0016725000000405998,0.0014196999995874648
1594,0.013136600000052567,0.0017422000000806293,0.003809600000295177
1595,0.02089189999969676,0.0015810999998393527,0.001917799999773706
1596,0.016845000000103028,0.003362100000231294,0.003255500000250322
1597,0.016806199999791716,0.0016215999999076303,0.003414400000110618
1598,0.018540000000029977,0.0018078999996760103,0.0035531000003174995
1599,0.014616999999816471,0.004356800000095973,0.0014628000003540365
1600,0.020655100000112725,0.004164800000125979,0.004266299999926559
1601,0.01563010000018039,0.0026364999998804706,0.002832699999999022
1602,0.019303199999740173,0.0043891999998777464,0.004294600000321225
1603,0.019661400000131835,0.004072899999755464,0.003663800000140327
1604,0.020497099999829516,0.002711799999815412,0.003555199999937031
1605,0.0273019999999633,0.00455839999995078,0.004384400000162714
1606,0.013206199999785895,0.005035200000293116,0.002008399999795074
1607,0.022381299999779003,0.004901599999811879,0.00416449999966062
1608,0.021325700000033976,0.004326499999933731,0.004068599999754952
1609,0.020013700000163226,0.004128699999910168,0.003972200000134762
1610,0.019195599999875412,0.0035459000000628293,0.004360899999937828
1611,0.01698949999990873,0.0038237000003391586,0.0035069999998995627
1612,0.019263199999841163,0.004067099999701895,0.0034396999999444233
1613,0.022815299999820127,0.003593500000079075,0.0033013000002029003
1614,0.01108620000013616,0.0018779000001813984,0.0016117000000122061
1615,0.022414000000026135,0.003322799999750714,0.003854999999930442
1616,0.022283400000105757,0.004196499999579828,0.0037961000002724177
1617,0.023667200000090816,0.004232599999795639,0.004358899999715504
1618,0.024186699999972916,0.004367900000033842,0.0037701999999626423
1619,0.022941499999888038,0.0043448999999782245,0.0038708000001861365
1620,0.020985300000120333,0.004619800000000396,0.003990799999883166
1621,0.022183099999892875,0.004194499999812251,0.0038392000001294946
1622,0.02179889999979423,0.003304200000002311,0.003997300000264659
1623,0.023950199999944743,0.004242499999691063,0.00389290000020992
1624,0.02246100000002116,0.004222199999730947,0.0038613000001532782
1625,0.025581799999599752,0.00417490000018006,0.0043046000000686035
1626,0.023345099999914964,0.004453199999716162,0.0038283999997474893
1627,0.022310700000161887,0.004203699999834498,0.003820599999926344
1628,0.017149799999970128,0.002247300000362884,0.0037359000002652465
1629,0.02612890000000334,0.003043499999876076,0.0032218000001194014
1630,0.023936999999932596,0.004142499999943539,0.003755300000193529
1631,0.018701499999679072,0.003605100000186212,0.003275900000062393
1632,0.022337400000196794,0.003982400000040798,0.0038011999999980617
1633,0.012617899999895599,0.002442399999836198,0.00342179999961445
1634,0.01556990000017322,0.0030808000001343316,0.0036236999999346153
1635,0.014948400000321271,0.0015349000000242086,0.0013742000001002452
1636,0.021964499999739928,0.004452099999980419,0.0035778000001300825
1637,0.017653099999733968,0.004292900000109512,0.0038626999998996325
1638,0.016659400000207825,0.0038630999997621984,0.004336799999691721
1639,0.013794099999813625,0.003258599999753642,0.0020270999998501793
1640,0.014973899999858986,0.00226219999967725,0.0033478999998806103
1641,0.01974999999993088,0.0037271000001055654,0.003899999999703141
1642,0.02314250000017637,0.003785100000186503,0.0033039999998436542
1643,0.022376100000201404,0.004743400000279507,0.003949200000079145
1644,0.018157599999995,0.002217099999597849,0.0028609000000869855
1645,0.021357500000249274,0.003683800000089832,0.003397399999812478
1646,0.017139399999905436,0.0019343000003573252,0.0014769999997952254
1647,0.013209499999902619,0.00405140000020765,0.003104599999915081
1648,0.01787910000030024,0.0033054999998967105,0.003604800000175601
1649,0.017688299999917945,0.0038461999997707608,0.002443899999889254
1650,0.020232899999882648,0.004157999999733875,0.0030990999998721236
1651,0.01835879999998724,0.0036846999996669183,0.003318900000067515
1652,0.021896900000228925,0.0042308000001867185,0.004316300000027695
1653,0.027575599999636324,0.004105099999833328,0.003795900000113761
1654,0.01996740000004138,0.0023602999999638996,0.0033610000000408036
1655,0.017060700000001816,0.004247699999723409,0.0038595999999415653
1656,0.019700599999850965,0.0045328999999583175,0.003896100000019942
1657,0.009806899999603047,0.004095499999948515,0.0029641999999512336
1658,0.01933789999975488,0.0036261000000195054,0.0036137000001872366
1659,0.02024249999976746,0.0020893000000796746,0.003834200000255805
1660,0.01905799999985902,0.004278100000192353,0.003909800000201358
1661,0.020582200000262674,0.004743299999972805,0.003912200000286248
1662,0.022781699999995908,0.0038127999996504514,0.0022823999997854116
1663,0.01946910000015123,0.0041817000001174165,0.003905800000211457
1664,0.021871899999950983,0.004425799999808078,0.003854900000078487
1665,0.024850600000263512,0.0036291999999775726,0.0038607999999840104
1666,0.022847299999739334,0.004430800000136514,0.0039236999996319355
1667,0.019340100000135863,0.00197969999999259,0.0038724000000911474
1668,0.0202171000000817,0.003942900000311056,0.0035584999995990074
1669,0.02089190000015151,0.0015374999998130079,0.003448200000093493
1670,0.02251750000004904,0.0043980000000374275,0.003954799999974057
1671,0.02230599999984406,0.004469800000151736,0.004384299999856012
1672,0.017822400000113703,0.004234700000324665,0.004327399999965564
1673,0.022416899999825546,0.0028757000000041444,0.003856199999972887
1674,0.021037399999841,0.0014767000002393615,0.003034400000160531
1675,0.022576700000172423,0.0041961000001720095,0.003917900000033114
1676,0.018910300000243296,0.0043218000000706525,0.003775799999857554
1677,0.024784400000044116,0.00410169999986465,0.00427220000028683
1678,0.13133529999959137,0.004171799999767245,0.003777600000375969
1679,0.024604400000043825,0.004529299999830982,0.0040610999999444175
1680,0.023507899999913207,0.0041692999998304,0.0037769999998999992
1681,0.023151399999733258,0.00420799999983501,0.0037661000001207867
1682,0.018096600000262697,0.004102200000033918,0.004158699999607052
1683,0.021992299999965326,0.004171799999767245,0.004071099999691796
1684,0.02146630000015648,0.004138799999964249,0.003886399999828427
1685,0.02377470000010362,0.003565200000139157,0.0032563999998274085
1686,0.020386900000175956,0.004238400000303955,0.003854099999898608
1687,0.024067099999683705,0.004213799999888579,0.003867999999783933
1688,0.023987300000044343,0.004237799999827985,0.003769099999772152
1689,0.020724800000152754,0.004221900000175083,0.004072100000030332
1690,0.023273799999969924,0.0019860000002154266,0.0037575000001197623
1691,0.022212699999727192,0.0041741000000001804,0.00377859999980501
1692,0.022648799999842595,0.0042155999999522464,0.0038635000000795117
1693,0.02179309999974066,0.004278400000202964,0.0039486000000579224
1694,0.023815000000013242,0.004353899999841815,0.003942499999993743
1695,0.022256800000377552,0.004216100000121514,0.0038076999999248073
1696,0.025034799999957613,0.00426000000015847,0.003924699999970471
1697,0.02099789999965651,0.004206000000067434,0.0037944999999126594
1698,0.023158199999670614,0.0045098999999027,0.0038356000000021595
1699,0.021787399999993795,0.004237199999806762,0.0041364999997313134
1700,0.019914000000426313,0.004306400000132271,0.0038690999999744236
1701,0.02255940000031842,0.003650999999990745,0.0032838999995874474
1702,0.02445160000024771,0.0035552999997889856,0.0033118999999715015
1703,0.021716700000069977,0.0041181999999935215,0.0037875999996686005
1704,0.020201300000280753,0.004222999999910826,0.003808400000252732
1705,0.01739320000024236,0.0046951000003900845,0.004000299999916024
1706,0.022114200000032724,0.004199200000130077,0.00429340000027878
1707,0.022344599999996717,0.004174200000306882,0.0038678999999319785
1708,0.018561699999736447,0.0041619999997237755,0.003784999999879801
1709,0.024824999999964348,0.004269099999874015,0.0037984999999025604
1710,0.020412500000020373,0.004214300000057847,0.004035599999951955
1711,0.022404500000448024,0.004270800000085728,0.0038235999995777092
1712,0.02052960000037274,0.004231199999594537,0.0038010999996913597
1713,0.015252199999849836,0.0037028000001555483,0.003277400000115449
1714,0.026466699999673438,0.00414520000003904,0.003799399999934394
1715,0.022360200000093755,0.003722699999798351,0.0032780000001366716
1716,0.02275999999983469,0.004554499999812833,0.004045000000132859
1717,0.017837299999882816,0.004585199999837641,0.0039326000000983186
1718,0.02274390000002313,0.004709300000286021,0.004237199999806762
1719,0.017608500000278582,0.00457639999967796,0.003982799999903364
1720,0.022342199999911827,0.004318199999943317,0.003974599999764905
1721,0.013510300000234565,0.0017138000002887566,0.002670599999873957
1722,0.021785500000078173,0.0036649999997280247,0.0033731999997144158
1723,0.022174700000050507,0.004264100000000326,0.004098999999769148
1724,0.02230009999993854,0.004429500000242115,0.0038696000001436914
1725,0.021147800000107964,0.0036259999997128034,0.0038232000001698907
1726,0.024258200000076613,0.004227800000080606,0.004199299999982031
1727,0.019182999999884487,0.003461699999661505,0.0013253000001895998
1728,0.021172400000068592,0.0014899000002515095,0.0033837000000858097
1729,0.021084399999836023,0.001693499999873893,0.0033160000002681045
1730,0.0216456999996808,0.0037833000001228356,0.004101499999705993
1731,0.021859200000108103,0.004823599999781436,0.0040819000000738015
1732,0.01615910000009535,0.00424730000031559,0.0035577999997258303
1733,0.0202567999999701,0.0015382000001409324,0.0028902999997626466
1734,0.022376399999757268,0.004034600000068167,0.0034323999998377985
1735,0.022071800000048825,0.00410760000022492,0.003452099999776692
1736,0.01694260000022041,0.004300200000216137,0.0038346999999703257
1737,0.02113310000004276,0.003767100000004575,0.0040013000002545596
1738,0.02173320000019885,0.004295400000046357,0.003935600000204431
1739,0.01874660000021322,0.002093900000090798,0.0016478000002280169
1740,0.021015600000282575,0.0038994000001366658,0.003372500000295986
1741,0.02252299999963725,0.0038269000001491804,0.003465400000095542
1742,0.01243190000013783,0.004476699999941047,0.002105399999891233
1743,0.011762199999793665,0.0023646999998163665,0.003172100000028877
1744,0.011100299999725394,0.0014614000001529348,0.001858399999946414
1745,0.019995099999960075,0.004553999999643565,0.004182399999990594
1746,0.012207100000068749,0.0026173999999627995,0.0016636000000289641
1747,0.022584700000152225,0.004197100000055798,0.0038163999997777864
1748,0.021069799999622774,0.0039314000000558735,0.00405559999990146
1749,0.023113199999897915,0.004359600000043429,0.003871199999593955
1750,0.025592200000119192,0.004608100000041304,0.0016043000000536267
1751,0.02086039999994682,0.004282300000340911,0.0038229000001592794
1752,0.022925999999642954,0.002643499999976484,0.004119599999739876
1753,0.017135999999936757,0.001650100000006205,0.0028553000001920736
1754,0.01850700000022698,0.004275400000096852,0.004235699999753706
1755,0.015588199999911012,0.0021612000000459375,0.0033979999998337007
1756,0.014857199999823933,0.0017725999996400787,0.002058900000065478
1757,0.016722200000003795,0.0049100999999609485,0.004791800000020885
1758,0.018844800000351825,0.0015892999999778112,0.002683299999716837
1759,0.016145099999903323,0.0015787999996064173,0.002138300000297022
1760,0.013409000000137894,0.0017619000000195228,0.001431800000318617
1761,0.01453990000027261,0.0035112000000481203,0.0029891000003772206
1762,0.011854800000037358,0.00202999999964959,0.001955400000042573
1763,0.01022000000011758,0.0018000000000029104,0.0032384999999521824
1764,0.013015900000027614,0.0036137000001872366,0.003147700000226905
1765,0.011439599999903294,0.003377999999884196,0.0015690000000176951
1766,0.013726300000143965,0.0023118999997677747,0.0015212999996947474
1767,0.016097400000035123,0.00231179999991582,0.0034553000000414613
1768,0.013434899999992922,0.0028192999998282176,0.0027709999999387946
1769,0.01036130000011326,0.0022314000002552348,0.001771799999914947
1770,0.013888200000110373,0.0023778999998285144,0.0017779999998310814
1771,0.011127499999929569,0.0020816999999624386,0.0015518999998676009
1772,0.012146100000336446,0.0018657999999049935,0.002253999999993539
1773,0.012831499999720108,0.0018778000003294437,0.002468000000135362
1774,0.013193700000101671,0.0017977000002247223,0.002373000000261527
1775,0.012965700000222569,0.003858900000068388,0.0033361999999215186
1776,0.01728800000000774,0.0016195000002880988,0.0032065000000329746
1777,0.013650899999902322,0.003908600000158913,0.0044030999997630715
1778,0.023616800000127114,0.004137000000355329,0.0016750999998293992
1779,0.016058799999882467,0.00417539999989458,0.0040300000000570435
1780,0.019051499999932275,0.003142099999877246,0.003982700000051409
1781,0.019640399999843794,0.0032667999998921005,0.0035671000000547792
1782,0.014137799999843992,0.0031418999997185892,0.0026005999998233165
1783,0.012947799999892595,0.0032593000000815664,0.002285399999891524
1784,0.015674499999931868,0.003680199999962497,0.0035508999999365187
1785,0.016128799999933108,0.004355800000212184,0.004330000000209111
1786,0.01794930000005479,0.0022912999997970473,0.0015097000000423577
1787,0.02006139999957668,0.0029865999999856285,0.004065799999807496
1788,0.01737619999994422,0.0041194000000359665,0.0038154999997459527
1789,0.018649399999958405,0.0014888999999129737,0.003874600000017381
1790,0.018442200000208686,0.004586099999869475,0.004355000000032305
1791,0.016355600000224513,0.0024979000004350382,0.0034417000001667475
1792,0.013665500000115571,0.0017490999998699408,0.0020841000000473286
1793,0.013161500000023807,0.0026238000000375905,0.002563699999882374
1794,0.011549400000149035,0.0033452000002398563,0.003766799999993964
1795,0.01530880000018442,0.0037911999997959356,0.0036797000002479763
1796,0.01495680000016364,0.003610000000207947,0.0035327000000506814
1797,0.010070299999824783,0.0031331000000136555,0.0017567999998391315
1798,0.015041799999835348,0.0017919000001711538,0.0018647000001692504
1799,0.013507200000276498,0.0019968000001426844,0.003278199999840581
1800,0.015084199999819248,0.0023358999997071805,0.004667399999561894
1801,0.012952600000062375,0.0021471000000019558,0.0028461000001698267
1802,0.015299199999844859,0.0025684000002001994,0.003523999999742955
1803,0.01799909999999727,0.0017889999999169959,0.0033504000002722023
1804,0.020418099999915285,0.004650799999581068,0.004277999999885651
1805,0.017453999999816006,0.003667800000130228,0.0034568000000945176
1806,0.018578400000023976,0.002352300000438845,0.0022535000002790184
1807,0.01608059999989564,0.0035580999997364415,0.004030699999930221
1808,0.017526900000120804,0.004104799999822717,0.003700600000229315
1809,0.015719200000148703,0.004159799999797542,0.004319399999985762
1810,0.020508199999767385,0.0017453000000386965,0.0033887000004142465
1811,0.0170007000001533,0.0040015999998104235,0.0036802999998144514
1812,0.016647999999804597,0.0035861000001204957,0.0032731999999668915
1813,0.01915839999992386,0.005025699999805511,0.004535800000212475
1814,0.020542700000078185,0.004029500000342523,0.0034348999997746432
1815,0.022085600000082195,0.004319300000133808,0.003993499999978667
1816,0.019044399999984307,0.004660300000068673,0.0038546999999198306
1817,0.020633100000395643,0.003610199999911856,0.0015258999997058709
1818,0.0206543999997848,0.004462500000045111,0.003643100000317645
1819,0.02120210000020961,0.004627100000107021,0.004258999999819935
1820,0.019542700000329205,0.004166199999872333,0.003691999999773543
1821,0.019210100000236707,0.005063699999936944,0.004858599999806756
1822,0.02419580000014321,0.00376589999996213,0.003466300000127376
1823,0.11469230000011521,0.004575999999815394,0.004113199999665085
1824,0.023713800000223273,0.004987400000118214,0.00416689999974551
1825,0.024110599999858096,0.004469099999823811,0.003581700000268029
1826,0.02032320000034815,0.004605900000115071,0.004279700000097364
1827,0.01938060000020414,0.0036156999999548134,0.0032694999999876018
1828,0.021444699999847217,0.004226099999868893,0.0037913000001026376
1829,0.020960999999715568,0.001471300000048359,0.0034012999999504245
1830,0.023772099999860075,0.0014520999998239859,0.0024109999999382126
1831,0.02067220000026282,0.0042167999999946915,0.003834200000255805
1832,0.02161789999991015,0.003927899999780493,0.003880399999616202
1833,0.0224977999996554,0.004141899999922316,0.0038942000001043198
1834,0.020973199999843928,0.004245499999797175,0.0037571000002571964
1835,0.024170700000013312,0.004140800000186573,0.0037609000000884407
1836,0.02417520000017248,0.004107199999907607,0.0037869000002501707
1837,0.020081000000118365,0.0014412000000447733,0.0034202000001641863
1838,0.024233000000094762,0.004159900000104244,0.003770000000258733
1839,0.020114299999931973,0.004150799999933952,0.003959499999837135
1840,0.020334900000307243,0.004283000000214088,0.003885999999965861
1841,0.01877520000016375,0.0015406000002258224,0.0030186000003595836
1842,0.022224700000151643,0.0043020999996770115,0.003870900000038091
1843,0.023093600000265724,0.004296800000247458,0.0038293000002340705
1844,0.018591099999866856,0.0017654999996921106,0.004144999999880383
1845,0.012900100000024395,0.004248199999892677,0.003083299999616429
1846,0.016639299999951618,0.004163200000220968,0.0034917999996650906
1847,0.021510699999907956,0.004034600000068167,0.003313199999865901
1848,0.01975480000010066,0.0038229000001592794,0.0032258000001093023
1849,0.015122400000109337,0.004052699999647302,0.004016500000034284
1850,0.01751529999955892,0.0015958000003593042,0.002658700000210956
1851,0.016647300000386167,0.003973700000187819,0.003884100000050239
1852,0.015811099999609723,0.004259700000147859,0.0030501000001095235
1853,0.01431830000001355,0.004472799999803101,0.003878399999848625
1854,0.023907300000246323,0.003632999999808817,0.003287199999704171
1855,0.02102859999968132,0.004136199999720702,0.003829400000086025
1856,0.022549499999968248,0.003663800000140327,0.003939800000352989
1857,0.019133900000269932,0.004252499999893189,0.0033402999997633742
1858,0.02085559999977704,0.0015189000000646047,0.0034457000001566485
1859,0.02461700000003475,0.0017802000002120622,0.003861299999698531
1860,0.01688300000023446,0.0017699999998512794,0.002360200000111945
1861,0.01993899999979476,0.004625600000053964,0.004150299999764684
1862,0.013918300000113959,0.003848500000003696,0.0038669999999001448
1863,0.02224549999982628,0.0040378999997301435,0.003893699999935052
1864,0.019831299999623297,0.004307600000174716,0.0038816000001133943
1865,0.01470629999994344,0.003020500000275206,0.003200399999968795
1866,0.021963700000014796,0.004425300000093557,0.003937899999982619
1867,0.023595399999976507,0.004203099999813276,0.003799399999934394
1868,0.024445100000320963,0.004311700000016572,0.003737300000011601
1869,0.014656999999715481,0.004340800000136369,0.0017177999998239102
1870,0.016298399999868707,0.004488500000206841,0.003486600000087492
1871,0.023586300000260962,0.003054700000120647,0.0036595999999917694
1872,0.017014799999742536,0.00422130000015386,0.0037510000001930166
1873,0.020786300000054325,0.004213100000015402,0.003791799999817158
1874,0.016263900000012654,0.004287099999601196,0.004044100000101025
1875,0.022196400000211725,0.004221799999868381,0.004241900000124588
1876,0.021183800000017072,0.005019400000037422,0.0041879999998855055
1877,0.0232162000002063,0.0037542000000030384,0.0034033000001727487
1878,0.02285940000001574,0.004007500000170694,0.002630800000133604
1879,0.021886300000005576,0.004503800000293268,0.0036860000000160653
1880,0.019702999999935855,0.004182000000128028,0.0034676000000217755
1881,0.019418099999711558,0.004531000000042695,0.0035714000000552915
1882,0.017377399999986665,0.004224899999826448,0.003998199999841745
1883,0.024889299999813375,0.004634599999917555,0.004510400000071968
1884,0.022699899999679474,0.00419899999997142,0.003555700000106299
1885,0.026185899999745743,0.002699099999972532,0.0013269999999465654
1886,0.01967849999982718,0.003698200000144425,0.001595400000041991
1887,0.016110399999888614,0.0037572999999611056,0.0038011999999980617
1888,0.013662500000009459,0.0018494000000828237,0.004157900000336667
1889,0.020615499999621534,0.0016660999999658088,0.0027396000000408094
1890,0.018058100000416744,0.001924199999848497,0.0038392999999814492
1891,0.015856799999710347,0.002568100000189588,0.0034032999997180013
1892,0.019096500000159722,0.004592999999658787,0.004078400000253168
1893,0.01749229999995805,0.0019047000000682601,0.003195899999809626
1894,0.01405830000021524,0.004423299999871233,0.003285699999651115
1895,0.018900099999882514,0.0016622999996798171,0.003560299999662675
1896,0.018593700000110402,0.0026472999998077285,0.0025815999997576
1897,0.01323259999981019,0.003531199999997625,0.0034023000002889603
1898,0.0178197000000182,0.004415800000060699,0.00370729999985997
1899,0.02101570000013453,0.003917300000011892,0.00347379999993791
1900,0.01835510000000795,0.001543500000025233,0.0028806999998778338
1901,0.022023300000000745,0.0015906999997241655,0.0034717999997155857
1902,0.022595599999931437,0.004003699999884702,0.0032725000000937143
1903,0.014913199999682547,0.0037887000003138382,0.003406700000141427
1904,0.013199900000017806,0.0034064999999827705,0.003306099999917933
1905,0.019079499999861582,0.004281799999716895,0.003956700000344426
1906,0.020153199999640492,0.002746099999967555,0.003501000000142085
1907,0.014579500000309054,0.004170000000158325,0.004617199999756849
1908,0.014911300000221672,0.00249389999999039,0.002634400000260939
1909,0.013159799999812094,0.0025686999997560633,0.0030237999999371823
1910,0.019532799999979034,0.0034845999998651678,0.00302979999969466
1911,0.014072200000100565,0.0041117999999187305,0.0016670999998495972
1912,0.018202300000211835,0.004062699999849428,0.0017324999998891144
1913,0.010970300000280986,0.003746100000171282,0.0036694999998871936
1914,0.0199985000003835,0.003533999999945081,0.004676199999721575
1915,0.019792100000358914,0.004380800000035379,0.003655100000287348
1916,0.016422299999703682,0.001876400000128342,0.0024386000000049535
1917,0.018575500000224565,0.004413399999975809,0.00435330000027534
1918,0.01892790000010791,0.004871399999956338,0.0043992000000798726
1919,0.02548579999984213,0.001770700000179204,0.0036510999998426996
1920,0.023743600000216247,0.004831799999919895,0.004700100000263774
1921,0.02362829999992755,0.0046571000002586516,0.0036105000003772147
1922,0.018521799999689392,0.004380299999866111,0.004061299999648327
1923,0.02121320000014748,0.003716200000326353,0.003511299999900075
1924,0.015689800000018295,0.004274100000202452,0.003652799999599665
1925,0.02107609999984561,0.003447000000051048,0.0029767000000902044
1926,0.02019930000005843,0.0015258000003086636,0.004026399999929708
1927,0.02072120000002542,0.003983900000093854,0.0033773000000110187
1928,0.014097900000251684,0.0022193999998307845,0.003504100000100152
1929,0.013364499999624968,0.004342900000210648,0.003981299999850307
1930,0.022143099999993865,0.004272600000149396,0.003327700000227196
1931,0.027642999999898166,0.004443199999968783,0.004653999999845837
1932,0.023060800000166637,0.0045433000000230095,0.0038810999999441265
1933,0.024560399999700167,0.003682600000047387,0.0033730000000105065
1934,0.022907800000211864,0.004452000000128464,0.004198900000119465
1935,0.02084420000028331,0.0035692999999810127,0.003296200000022509
1936,0.02175070000021151,0.004517500000019936,0.003970899999785615
1937,0.021992800000134594,0.004505299999891577,0.004374499999812542
1938,0.019882800000232237,0.0024792999997771403,0.0035671000000547792
1939,0.020799500000066473,0.004216100000121514,0.0038663999998789222
1940,0.02117469999984678,0.004395799999656447,0.003938800000014453
1941,0.021737900000061927,0.004453800000192132,0.004096900000149617
1942,0.021906200000103127,0.0037241999998514075,0.0035565999996833852
1943,0.02247850000003382,0.0036144000000604137,0.0032956000000012864
1944,0.02017569999998159,0.004319199999827106,0.004025000000183354
1945,0.022505400000227382,0.0036965999997846666,0.0033590000002732268
1946,0.02056110000012268,0.004397000000153639,0.004111600000214821
1947,0.022196099999746366,0.00442460000022038,0.003698900000017602
1948,0.021730200000092736,0.004758900000069843,0.004112699999950564
1949,0.02150019999999131,0.003796000000420463,0.003394800000023679
1950,0.01857350000000224,0.0044226999998500105,0.003917300000011892
1951,0.020393199999944045,0.004420799999934388,0.004126199999973323
1952,0.016228799999680632,0.0039033999996718194,0.004116000000067288
1953,0.024204499999996187,0.004349799999999959,0.00401640000018233
1954,0.021460599999954866,0.0037618000001202745,0.0033530999999129563
1955,0.02536099999997532,0.004002600000148959,0.003506200000174431
1956,0.02415289999999004,0.004904800000076648,0.004217800000333227
1957,0.02111960000002,0.003957500000069558,0.003464999999778229
1958,0.017341900000246824,0.004354300000159128,0.003793500000028871
1959,0.019553500000256463,0.003942900000311056,0.003334500000164553
1960,0.02213339999980235,0.0041048999996746716,0.00318520000018907
1961,0.019831999999951222,0.001748800000314077,0.0007745000002614688
1962,0.008924799999931565,0.000960400000167283,0.0007798000001457694
1963,0.007171600000219769,0.0014055000001462759,0.0012321000003794325
1964,0.0068349000002854154,0.0014147000001685228,0.0008044000001063978
1965,0.007976899999903253,0.0015223000000332831,0.0012913999999000225
1966,0.006535499999699823,0.0014895999997861509,0.0012664000000768283
1967,0.008014399999865418,0.0009102999997594452,0.0007641000001967768
1968,0.05514069999981075,0.0009227000000464614,0.0007097000002431741
1969,0.00890479999998206,0.0009313999998994404,0.0007131999996090599
1970,0.0072584999998071,0.001436099999864382,0.0011997000001429114
1971,0.007095799999660812,0.0008889999999155407,0.0007251000001815555
1972,0.0067429999999149,0.001428200000191282,0.0007992999999260064
1973,0.00679519999994227,0.0014273000001594482,0.0007817000000613916
1974,0.007837300000119285,0.0009770000001481094,0.0007243000000016764
1975,0.0077730999996674655,0.0009327000002485875,0.0007396000000881031
1976,0.006707300000016403,0.0009015000000545115,0.0007476000000679051
1977,0.007519499999943946,0.0015746999997645617,0.001240499999767053
1978,0.007158299999900919,0.0014950000004319008,0.0012427999999999884
1979,0.007154299999911018,0.0009025999997902545,0.0007472000002053392
1980,0.007075999999869964,0.0014028999999027292,0.0012022999999317108
1981,0.0066299999998591375,0.0014531000001625216,0.0007754999996905099
1982,0.007628900000327121,0.0008790000001681619,0.0007240999998430198
1983,0.0080643000001146,0.0014182000004439033,0.0012137000003349385
1984,0.006557200000315788,0.0014576000003216905,0.001224999999976717
1985,0.007162300000345567,0.0009294999999838183,0.0007555000001957524
1986,0.0068257000002631685,0.0014608000001317123,0.0007666000001336215
1987,0.007378499999958876,0.0014626000001953798,0.0013294000000314554
1988,0.006786499999634543,0.001446499999929074,0.0012276000002202636
1989,0.007572099999833881,0.0015199999998003477,0.0010228999999526422
1990,0.008706600000095932,0.0009315000002061424,0.0007397999997920124
1991,0.0074735000002874585,0.0014989999999670545,0.001294799999868701
1992,0.006839700000000448,0.0008830000001580629,0.0007601000002068758
1993,0.006667199999810691,0.0014715000002070155,0.0012421999999787658
1994,0.007655500000055326,0.0014245000002119923,0.001231000000188942
1995,0.006344500000068365,0.0009901000003083027,0.0007919000004221743
1996,0.007661900000130117,0.0013447999999698368,0.0013306000000739004
1997,0.009089599999697384,0.0009433000000171887,0.0007332000000133121
1998,0.0064858999999160005,0.0009927999999490567,0.0007743999999547668
1999,0.007466399999884743,0.0016273000001092441,0.0014413000003514753
2000,0.0063515000001643784,0.0009239000000889064,0.0007565000000795408
2001,0.006135699999958888,0.0009022999997796433,0.0007576000002700312
2002,0.006388799999967887,0.0009379999996781407,0.0007944999997562263
2003,0.0063433999998778745,0.0009104999999181018,0.0007644000002073881
2004,0.007270099999914237,0.0008661000001666253,0.0007460000001628941
2005,0.006776299999728508,0.0009011000001919456,0.0007559999999102729
2006,0.00738550000005489,0.0009095000000343134,0.000760699999773351
2007,0.006688200000098732,0.0009186000002046057,0.0007602999999107851
2008,0.006620800000291638,0.0016596999998910178,0.0012351999998827523
2009,0.0063942000001588895,0.0009061999999175896,0.0007709000001341337
2010,0.005839599999944767,0.001538299999992887,0.001149899999745685
2011,0.00763779999988401,0.0009599999998499698,0.0007498999998460931
2012,0.007099700000253506,0.0014936000002307992,0.001290900000185502
2013,0.007301600000118924,0.00142809999988458,0.0012077000001227134
2014,0.007999000000381784,0.0009261000000151398,0.0007553000000370957
2015,0.007493899999644782,0.0008910000001378648,0.0007322000001295237
2016,0.007584100000258331,0.001552300000184914,0.0011994999999842548
2017,0.006323800000245683,0.0008716000002095825,0.0007276999999703548
2018,0.007158099999742262,0.0016088000002127956,0.001249299999926734
2019,0.007453300000179297,0.0009191999997710809,0.0007424999998875137
2020,0.007560000000012224,0.0014146999997137755,0.001301599999806058
2021,0.007484300000214716,0.0009255999998458719,0.0012212999999974272
2022,0.007477199999812001,0.0009235999996235478,0.0007234999998217972
2023,0.006916799999999057,0.001002999999855092,0.000812700000096811
2024,0.008109299999887298,0.0009408999999322987,0.000737300000309915
2025,0.010002299999996467,0.0009247999996659928,0.0007765000000290456
2026,0.0074064000000362284,0.0014704000000165252,0.0012566000000333588
2027,0.008067799999935232,0.0009414000001015665,0.0007590999998683401
2028,0.008609100000285252,0.0009206999998241372,0.0007636000000275089
2029,0.006666699999641423,0.0014562999999725434,0.0012141999995947117
2030,0.007264500000019325,0.0014403000000129396,0.0012286999999560066
2031,0.006708299999900191,0.0015465999999833002,0.0013563000002250192
2032,0.006293500000083441,0.001495599999998376,0.0008009000002857647
2033,0.007770199999868055,0.0009654000000409724,0.0007543000001533073
2034,0.006981999999879918,0.0009475000001657463,0.0007529999998041603
2035,0.007978499999808264,0.0015908999998828222,0.0012944999998580897
2036,0.009270099999866943,0.0009591999996700906,0.0008119000003716792
2037,0.007733799999641633,0.0009751999996296945,0.0007636999998794636
2038,0.006301999999777763,0.001562000000376429,0.0012594999998327694
2039,0.0065820999998322804,0.0009284000002480752,0.0007275999996636529
2040,0.007398799999918992,0.0008983000002444896,0.0007415000000037253
2041,0.005934399999659945,0.0008599999996476981,0.0010320000001229346
2042,0.007553399999778776,0.0008959000001595996,0.0007392000002255372
2043,0.008297900000343361,0.0015204999999696156,0.0012738000000354077
2044,0.0070512000002054265,0.001512299999831157,0.0012465999998312327
2045,0.006496500000139349,0.0008971999995992519,0.0007474000003639958
2046,0.00804180000022825,0.0015845000002627785,0.001409699999840086
2047,0.006494300000213116,0.0015013000001999899,0.0007949999999254942
2048,0.006634899999880872,0.0009202999999615713,0.0007719000000179221
2049,0.007412299999941752,0.0009371000001010543,0.0007790000004206377
2050,0.007001199999649543,0.0013828000001012697,0.0013189000001148088
2051,0.006527300000016112,0.0009141999998973915,0.000785499999892636
2052,0.008194900000034977,0.0014950999998291081,0.0012306000003263762
2053,0.00809960000015053,0.0009230000000570726,0.000735999999960768
2054,0.007724600000074133,0.0009523999997327337,0.0007516999999097607
2055,0.007265300000199204,0.0009372999998049636,0.0007334000001719687
2056,0.00756760000012946,0.0014779999996790139,0.0012030000002596353
2057,0.006781399999908899,0.0015552999998362793,0.001335300000391726
2058,0.008320300000377756,0.0015080999996825994,0.0012786000002051878
2059,0.00697360000003755,0.0015881999997873208,0.0013544999997066043
2060,0.007609900000261405,0.0015051000000312342,0.0012514999998529674
2061,0.008017799999834097,0.0015855999999985215,0.0012728000001516193
2062,0.006713400000080583,0.0009303000001636974,0.0007521000002270739
2063,0.008110799999940355,0.0009206000004269299,0.0007423000001836044
2064,0.008333400000083202,0.001430600000276172,0.0012277000000722182
2065,0.007271499999660591,0.001413800000136689,0.0012080999999852793
2066,0.007017699999778415,0.0009060000002136803,0.0007647999996152066
2067,0.007287099999757629,0.0008775999999670603,0.0007424999998875137
2068,0.006819599999744241,0.0019086000002062065,0.0008019000001695531
2069,0.006847899999684159,0.0009256000003006193,0.0007617000001118868
2070,0.006974800000079995,0.0008822999998301384,0.0007586000001538196
2071,0.0076108000002932386,0.0014602000001104898,0.0012384000001475215
2072,0.008056399999986752,0.0009245000001101289,0.0007669000001442328
2073,0.00796249999984866,0.0013515999999071937,0.0007897999998931482
2074,0.009970700000394572,0.0020478999999795633,0.0009513999998489453
2075,0.008965799999714363,0.0010948999997708597,0.0008692999999766471
2076,0.009498899999925925,0.0014101000001573993,0.001128699999753735
2077,0.00919510000039736,0.0010881999996854574,0.0008158999999068328
2078,0.007467599999927188,0.0009195000002364395,0.0007449000004271511
2079,0.007336599999689497,0.0013241999999991094,0.0007875999999669148
2080,0.008838199999900098,0.0009374000001116656,0.0007761000001664797
2081,0.007096399999682035,0.0009221999998771935,0.0007537999999840395
2082,0.007514599999922211,0.0010685999995985185,0.0007536999996773375
2083,0.00794999999970969,0.000923999999940861,0.000793100000009872
2084,0.007409400000142341,0.001466900000195892,0.0012380999996821629
2085,0.008025399999951333,0.0015764999998282292,0.0009431000003132795
2086,0.007395800000267627,0.0014932000003682333,0.0012340000002950546
2087,0.0075166000001445354,0.0009820000000217988,0.0007743999999547668
2088,0.008505799999966257,0.0009499000002506364,0.000772299999880488
2089,0.006550300000071729,0.0014697999999953026,0.0012483000000429456
2090,0.007193800000095507,0.001497199999903387,0.001265299999886338
2091,0.01020299999981944,0.0009313999998994404,0.0007405999999718915
2092,0.0070679000000382075,0.0014745999997103354,0.0010964999996758706
2093,0.006268099999942933,0.0008966000000327767,0.0007405999999718915
2094,0.00739819999989777,0.0009309000001849199,0.0007597999997415172
2095,0.0067245999998704065,0.001547500000015134,0.0007669999999961874
2096,0.006089400000291789,0.0009057000002030691,0.0007460000001628941
2097,0.007607800000187126,0.0009571000000505592,0.000766000000112399
2098,0.007689200000186247,0.000997799999822746,0.0007786000001033244
2099,0.006135200000244367,0.0014522999999826425,0.0012630000001081498
2100,0.006964299999708601,0.0009164000002783723,0.0007423999995808117
2101,0.006705699999656645,0.0009384999998474086,0.0007428000003528723
2102,0.008368499999960477,0.0009233999999196385,0.0007777000000714906
2103,0.008615000000190776,0.0016594999997323612,0.0008314000001519162
2104,0.00837150000006659,0.0015595999998367915,0.0012837999997827865
2105,0.0070017000002735585,0.0017935999999281194,0.0013317999996615981
2106,0.007188099999893893,0.0015087000001585693,0.0012658000000556058
2107,0.008531699999821285,0.0011062999997193401,0.0007454999999936263
2108,0.007020900000043184,0.0016418000000157917,0.0013856000000487256
2109,0.0070222999997895386,0.0009138999998867803,0.0007143000002542976
2110,0.007241700000122364,0.0014920999997229956,0.0012661999999181717
2111,0.007911500000318483,0.00090730000010808,0.0007431000003634836
2112,0.00715310000032332,0.0014806000003773079,0.001252900000054069
2113,0.055887800000164134,0.0009352000001854321,0.0007334000001719687
2114,0.007546299999830808,0.0008990999999696214,0.0007305000003725581
2115,0.00684419999970487,0.0013573999999607622,0.0011139999996885308
2116,0.00946879999992234,0.0016327000003002468,0.0013380000000324799
2117,0.0073065999999926134,0.000890499999968597,0.000760699999773351
2118,0.008341199999904347,0.0014812999997957377,0.0012591999998221581
2119,0.007682799999656709,0.0009662000002208515,0.0007821000003787049
2120,0.006944300000213843,0.0009088000001611363,0.0007315000002563465
2121,0.006623499999932392,0.0015828999999030202,0.00124420000020109
2122,0.007020999999895139,0.0015279999997801497,0.0012950999998793122
2123,0.0077912000001560955,0.0009138999998867803,0.0007537999999840395
2124,0.008066299999882176,0.0009292999998251616,0.000737599999865779
2125,0.008472199999687291,0.0014589000002160901,0.0012471000000005006
2126,0.006943799999589828,0.0015208999998321815,0.0013343000000531902
2127,0.008020900000246911,0.001602199999979348,0.0012200000001030276
2128,0.008266400000138674,0.0014860999999655178,0.0008688000002621266
2129,0.00710479999997915,0.0016311999997924431,0.0013453999999910593
2130,0.007839100000182952,0.0012746000002152869,0.0011675999999170017
2131,0.00690389999999752,0.0009069999996427214,0.0007405000001199369
2132,0.006804600000123173,0.001514800000222749,0.0007937000000310945
2133,0.008033600000089791,0.001598099999682745,0.0012920999997731997
2134,0.007730499999979656,0.001610899999832327,0.0008166000002347573
2135,0.007495100000141974,0.0015087000001585693,0.001135599999997794
2136,0.007123500000034255,0.0009605999998711923,0.0007946999999148829
2137,0.007666800000151852,0.0010926999998446263,0.0007470000000466825
2138,0.007412700000259065,0.0014498999998977524,0.0012357999999039748
2139,0.006367700000282639,0.0014102999998613086,0.0012022000000797561
2140,0.007224899999982881,0.0014697999999953026,0.000807500000064465
2141,0.006712099999731436,0.0009147000000666594,0.0007507000000259723
2142,0.008948600000167062,0.0015807999998287414,0.0007902000002104614
2143,0.007422499999847787,0.0014561000002686342,0.0010271999999531545
2144,0.00710129999970377,0.0015053000001898909,0.0012381999999888649
2145,0.007464400000117166,0.000908399999843823,0.000739899999643967
2146,0.00819839999985561,0.001333499999873311,0.0007541999998466054
2147,0.007315199999993638,0.0015355999998973857,0.0008122999997794977
2148,0.006008199999996577,0.0013963999999759835,0.001214700000218727
2149,0.007556599999588798,0.0014584000000468222,0.0012120999999751803
2150,0.005983800000194606,0.0008669999997437117,0.0007239999999910651
2151,0.005964899999980844,0.0009256000003006193,0.0008171999998012325
2152,0.007868400000006659,0.0009159999999610591,0.0007823999999345688
2153,0.0073338000001967885,0.0008978999999271764,0.0007814000000507804
2154,0.006629399999837915,0.0009158000002571498,0.0007737000000815897
2155,0.007056800000100338,0.001400899999680405,0.0012186000003566733
2156,0.0075385000000096625,0.001564700000017183,0.0012611000001925277
2157,0.006948100000045088,0.0009400000003552123,0.000789100000019971
2158,0.0073838999996951316,0.0009051000001818466,0.0007618000004185888
2159,0.0069576999999299005,0.000891800000317744,0.000777499999912834
2160,0.007633600000190199,0.0009386000001541106,0.000854200000048877
2161,0.008784799999830284,0.0009236999999302498,0.0007853000001887267
2162,0.007104800000433897,0.001696400000128051,0.001240499999767053
2163,0.007346700000198325,0.0009475000001657463,0.0007403999998132349
2164,0.007274500000221451,0.0010865999997804465,0.000762000000122498
2165,0.007329700000354933,0.0009049999998751446,0.0007562999999208841
2166,0.006580100000064704,0.0014857000001029519,0.001342699999895558
2167,0.006413000000065949,0.0008944999999584979,0.0007262999997692532
2168,0.006611199999952078,0.0008763000000726606,0.0007617000001118868
2169,0.008508000000347238,0.000898100000085833,0.0007679000000280212
2170,0.0067708999999922526,0.0015415000002576562,0.0007838000001356704
2171,0.0063786000000618515,0.0008881999997356615,0.0007286999998541432
2172,0.006656999999904656,0.0008729000001039822,0.0007491000001209613
2173,0.006863199999770586,0.0008483999999953085,0.0007322000001295237
2174,0.006533899999794812,0.0008588000000600005,0.0007415000000037253
2175,0.008319999999912397,0.0015205999998215702,0.0010576000004220987
2176,0.006176599999889731,0.0008839000001898967,0.0007445999999617925
2177,0.006604600000173377,0.0014758000002075278,0.0012707000000773405
2178,0.006829800000105024,0.0010695000000850996,0.0007295000000340224
2179,0.006221900000127789,0.001434499999959371,0.001245800000106101
2180,0.006351600000016333,0.0014037000000826083,0.0012121000004299276
2181,0.007290900000043621,0.0008975999999165651,0.0007498999998460931
2182,0.007244399999763118,0.0017582000000402331,0.0012776999997186067
2183,0.00688289999970948,0.0015115999999579799,0.0012734000001728418
2184,0.007068299999900773,0.0009230999999090272,0.0007657999999537424
2185,0.009725500000058673,0.0008712999997442239,0.0007261999999172986
2186,0.006389399999989109,0.001461000000290369,0.0012244000004102418
2187,0.006762699999853794,0.0008825999998407497,0.0012030000002596353
2188,0.007012199999735458,0.0015468999999939115,0.0013761000000158674
2189,0.007249199999932898,0.0009178999998766812,0.0007833999998183572
2190,0.006627100000059727,0.0011724999999387364,0.0007791000002725923
2191,0.006194899999627523,0.0009171000001515495,0.0008026000000427302
2192,0.006659300000137591,0.0009392000001753331,0.0007839999998395797
2193,0.006681399999706628,0.0009335999998256739,0.0007915999999568157
2194,0.0072310999998990155,0.0014228000000002794,0.0013139000002411194
2195,0.007761899999877642,0.0009669999999459833,0.0007873999998082581
2196,0.0067748999999821535,0.0009274999997614941,0.0007817000000613916
2197,0.008120299999973213,0.0009054000001924578,0.0008175999996637984
2198,0.007685999999921478,0.0015269999998963613,0.001235000000178843
2199,0.007897700000285113,0.0009069000002455141,0.0007302999997591542
2200,0.007447700000284385,0.0017692000001261476,0.0012338999999883526
2201,0.006771300000309566,0.0009081999996851664,0.0008050000001276203
2202,0.007009999999809224,0.0016151999998328392,0.0013332000003174471
2203,0.007214499999918189,0.0009191999997710809,0.0007833999998183572
2204,0.007676599999740574,0.0009204999996654806,0.000791899999967427
2205,0.007099599999946804,0.0014330999997582694,0.0013910000002397283
2206,0.006373700000040117,0.001642100000026403,0.0013185999996494502
2207,0.006684800000130053,0.0009431999997104867,0.00081659999978001
2208,0.007393700000193348,0.0009679999998297717,0.000797099999999773
2209,0.008427499999925203,0.0014962999998715532,0.0012459999998100102
2210,0.006783900000300491,0.0009577000000717817,0.0010621000001265202
2211,0.007677900000089721,0.0009368000000904431,0.0007679000000280212
2212,0.0074958000000151515,0.0009172000000035041,0.0007350000000769796
2213,0.006997399999818299,0.001646900000196183,0.0008457000003545545
2214,0.007609599999796046,0.000999600000341161,0.0008606999999756226
2215,0.00652059999993071,0.0009096000003410154,0.000730799999928422
2216,0.0064577000002827845,0.000929099999666505,0.0007999999997991836
2217,0.00673529999994571,0.0009374000001116656,0.0008291999997709354
2218,0.00705999999991036,0.001682399999936024,0.0013150000004316098
2219,0.007248500000059721,0.0009439000000384112,0.0007749000001240347
2220,0.006426000000374188,0.0009815000003072782,0.0007762000000184344
2221,0.007431999999880645,0.000931999999920663,0.0007682000000386324
2222,0.006903699999838864,0.0016497999999955937,0.0008591999999225663
2223,0.007425100000091334,0.0015041999999994005,0.001282100000025821
2224,0.011351300000114861,0.0018098000000463799,0.001560300000164716
2225,0.0070847000001776905,0.0010429999997541017,0.0008218999996643106
2226,0.010244500000226253,0.002014499999859254,0.0016630999998596963
2227,0.007289200000286655,0.0009758000001056644,0.0008229000000028464
2228,0.03140129999974306,0.0020263000001250475,0.0016508999997313367
2229,0.01865910000014992,0.0021709000002374523,0.0017123999996329076
2230,0.013021499999922526,0.0019393999996282218,0.001541900000120222
2231,0.0069488999997702194,0.001031799999964278,0.0007907999997769366
2232,0.006132099999831553,0.0015078999999786902,0.0008842000002005079
2233,0.0066884000002573885,0.000938399999995454,0.0007728999999017105
2234,0.006772899999759829,0.0009384999998474086,0.0007460000001628941
2235,0.006732499999998254,0.0009826000000430213,0.0007642999999006861
2236,0.00840040000002773,0.0009609999997337582,0.0008032999999159074
2237,0.007658399999854737,0.0009499000002506364,0.0007360999998127227
2238,0.005853600000136794,0.0009224999998878047,0.0009132000000136031
2239,0.005945999999767082,0.0009492000003774592,0.0007972999997036823
2240,0.006980899999689427,0.0018782000001920096,0.001243999999587686
2241,0.006517499999972642,0.0017114000002038665,0.0013486000002558285
2242,0.006346799999846553,0.0009521000001768698,0.0007805999998709012
2243,0.006425399999898218,0.001095199999781471,0.0007813000001988257
2244,0.006926000000021304,0.0016157999998540618,0.0012483999998949002
2245,0.007413400000132242,0.0009483000003456254,0.0007677000003241119
2246,0.007028800000171032,0.0009439000000384112,0.0007562999999208841
2247,0.007736300000033225,0.0009114999998018902,0.0007654000000911765
2248,0.007316400000036083,0.0009259000003112305,0.0007508000003326742
2249,0.00673270000015691,0.0009290000002692977,0.0007685999999011983
2250,0.00777250000010099,0.0009274999997614941,0.0007627999998476298
2251,0.007776899999953457,0.0016151999998328392,0.001357099999950151
2252,0.006434099999751197,0.0009283000003961206,0.0007581999998365063
2253,0.007890899999893008,0.001531899999918096,0.0012104000002182147
2254,0.007233700000142562,0.0008992999996735307,0.0007749999999759893
2255,0.006558400000358233,0.0009174000001621607,0.0007798000001457694
2256,0.006907800000135467,0.001652399999784393,0.0012476000001697685
2257,0.007572999999865715,0.0011417000000619737,0.0007823000000826141
2258,0.05251029999999446,0.0009449999997741543,0.0007765000000290456
2259,0.00858600000037768,0.000933199999963108,0.0007445000001098379
2260,0.006230800000139425,0.0008882000001904089,0.0007258000000547327
2261,0.006073600000036095,0.0009449999997741543,0.0011162999999214662
2262,0.006459000000177184,0.0008992000002763234,0.0007252000000335102
2263,0.006264199999804987,0.0008637000000817352,0.0007363999998233339
2264,0.007106900000053429,0.001746999999795662,0.0014003000001139299
2265,0.006093800000144256,0.0009089000000130909,0.0007301999999071995
2266,0.0061906000000817585,0.0015060999999150226,0.0013572999996540602
2267,0.006427199999961886,0.0008973999997579085,0.0007385999997495674
2268,0.006472600000051898,0.0008457000003545545,0.0007339999997384439
2269,0.006535199999689212,0.0009215000000040163,0.0007486999998036481
2270,0.007007799999882991,0.0013702000001103443,0.001183500000024651
2271,0.006480999999894266,0.0014078999997764186,0.0012612000000444823
2272,0.007905200000095647,0.0009555999999975029,0.0007307000000764674
2273,0.00725959999999759,0.0016109999996842816,0.0007778000003781926
2274,0.006390300000020943,0.0008381000002373185,0.0007258999999066873
2275,0.007230400000025838,0.0009046000000125787,0.0007776999996167433
2276,0.007454700000380399,0.0015095999997356557,0.0007732000003670692
2277,0.006853000000319298,0.001175500000044849,0.0007652999997844745
2278,0.0061581999998452375,0.000885400000242953,0.0007556999998996616
2279,0.006789600000047358,0.0014504000000670203,0.001245400000243535
2280,0.007054299999708746,0.0008950999999797205,0.0007435000002260495
2281,0.006447400000070047,0.0014123000000836328,0.0008180999998330662
2282,0.008016700000098353,0.0009080999998332118,0.0007671000003028894
2283,0.007536099999924772,0.0015505999999732012,0.0007854000000406813
2284,0.006895800000165764,0.0008751999998821702,0.0008031000002119981
2285,0.007033100000171544,0.001099300000078074,0.0007933000001685286
2286,0.006391999999777909,0.0009546999999656691,0.0007184999999481079
2287,0.006705000000238215,0.0014804000002186513,0.0012604000003193505
2288,0.006872399999792833,0.0008981999999377877,0.0007857000000512926
2289,0.006917599999724189,0.0009559000000081141,0.0007679999998799758
2290,0.007246899999699963,0.0009040999998433108,0.000763499999720807
2291,0.007815999999820633,0.0009338999998362851,0.0007857999999032472
2292,0.005744600000070932,0.0008826999996927043,0.0007345999997596664
2293,0.006083599999783473,0.0009569999997438572,0.0007737000000815897
2294,0.0068630999999186315,0.0008938000000853208,0.0007508000003326742
2295,0.006984099999954196,0.0008765000002313172,0.0007209000000329979
2296,0.006847799999832205,0.001614499999959662,0.0017454999997426057
2297,0.006135399999948277,0.000909599999886268,0.0007697999999436433
2298,0.006542699999954493,0.0009542000002511486,0.0007730999996056198
2299,0.007050700000036159,0.0015201999999590043,0.0012587000001076376
2300,0.006580699999631179,0.0008856999997988169,0.0007506000001740176
2301,0.006195299999944837,0.001586700000189012,0.0012335999999777414
2302,0.006770100000267121,0.0008932000000640983,0.0007346000002144137
2303,0.008093400000234396,0.0009051000001818466,0.0007604000002174871
2304,0.00619379999989178,0.0014396000001397624,0.0012243000001035398
2305,0.006664700000328594,0.0009484000001975801,0.0007526999997935491
2306,0.010038999999778753,0.0013804999998683343,0.0012168000002930057
2307,0.00610129999995479,0.0008497999997416628,0.0007211000001916545
2308,0.006265399999847432,0.0016857000000527478,0.0007851999998820247
2309,0.006752299999789102,0.0009285999999519845,0.0007485000000997388
2310,0.0068658999998660875,0.0010409000001345703,0.0007629000001543318
2311,0.005986699999994016,0.000907199999801378,0.0007610000002387096
2312,0.006728899999870919,0.0010038000000349712,0.0007918000001154724
2313,0.007258600000113802,0.000976999999693362,0.0007688000000598549
2314,0.00712229999999181,0.0009988000001612818,0.000804700000117009
2315,0.007095200000094337,0.0009160999998130137,0.0007745000002614688
2316,0.006797900000037771,0.0014637999997830775,0.0012449000000742672
2317,0.005998099999942497,0.0009323999997832288,0.0007218999999167863
2318,0.007385100000192324,0.0009156000000984932,0.0007649999997738632
2319,0.006365499999901658,0.000945899999805988,0.000777499999912834
2320,0.007471700000223791,0.001727500000015425,0.0013705999999729102
2321,0.006090500000027532,0.000930400000015652,0.0008404000000155065
2322,0.00634749999971973,0.0019677000000228873,0.0007927000001473061
2323,0.007754100000056496,0.0009421999998266983,0.0007703000001129112
2324,0.00680110000030254,0.0016263000002254557,0.00132709999979852
2325,0.0066688000001704495,0.0010788999998112558,0.0007534999999734282
2326,0.00731339999992997,0.0009366999997837411,0.0007611999999426189
2327,0.007655800000065938,0.0009054000001924578,0.0007603999997627398
2328,0.006157799999982672,0.0008926999998948304,0.0007589999995616381
2329,0.006766499999685038,0.0009619000002203393,0.0007977999998729501
2330,0.007497300000068208,0.0008758999997553474,0.0007408000001305481
2331,0.007552800000212301,0.001953899999989517,0.001256200000170793
2332,0.0072340000001531735,0.0010036999997282692,0.000739999999950669
2333,0.0067372999997132865,0.0016187000001082197,0.001246499999979278
2334,0.006645299999945564,0.0009337999999843305,0.0007608999999320076
2335,0.0069021999997858074,0.000943700000334502,0.0008152000000336557
2336,0.007359900000210473,0.0009368999999423977,0.0007822000002306595
2337,0.0064950999999382475,0.0009479999998802668,0.0007573999996566272
2338,0.007048500000109925,0.0014543000002049666,0.0012983000001440814
2339,0.006449299999985669,0.0016556999999011168,0.0013507000003301073
2340,0.00652059999993071,0.0009254000001419627,0.0007474000003639958
2341,0.006452099999933125,0.0016244000003098336,0.0012181999995846127
2342,0.007834500000171829,0.0009488999999121006,0.0007823000000826141
2343,0.006602599999951053,0.0009301999998569954,0.0007525000000896398
2344,0.0067051000000901695,0.0009551999996801896,0.0007794999996804108
2345,0.0077381000000968925,0.0015514000001530803,0.0013523000002351182
2346,0.0076197999997020815,0.0015018000003692578,0.0012415000001055887
2347,0.0065924999998969724,0.0009311999997407838,0.000803500000074564
2348,0.006819500000347034,0.0016748000002735353,0.0008036999997784733
2349,0.006257900000036898,0.0016507000000274274,0.001298900000165304
2350,0.008162600000105158,0.0015267000003404974,0.0012684000002991525
2351,0.00769750000017666,0.0009157999998024025,0.0007439000000886153
2352,0.007364499999766849,0.0014503000002150657,0.0011797000001934066
2353,0.007729399999789166,0.0009445000000596337,0.0008225000001402805
2354,0.00749679999989894,0.0009594999996807019,0.0007526999997935491
2355,0.0065027000000554835,0.0009054000001924578,0.0007329999998546555
2356,0.006817099999807397,0.001459300000078656,0.0012279000002308749
2357,0.00602630000003046,0.0009485999999014894,0.0007809999997334671
2358,0.006569499999841355,0.0016278999996757193,0.0013377000000218686
2359,0.006534199999805423,0.0015545000001111475,0.001330800000232557
2360,0.0072079999999914435,0.000948900000366848,0.000756900000396854
2361,0.007177899999987858,0.0016027000001486158,0.0014224000001377135
2362,0.00696379999999408,0.0014520000004267786,0.0009838000000854663
2363,0.006424799999876996,0.0009352999995826394,0.0007520999997723266
2364,0.009098099999846454,0.0009702000002107525,0.0007932999997137813
2365,0.006528800000069168,0.001471300000048359,0.001222499999585125
2366,0.006981900000027963,0.0009283999997933279,0.0007669999999961874
2367,0.0065740999998524785,0.0016626000001451757,0.0012277000000722182
2368,0.006746300000031624,0.00095629999987068,0.0008014000000002852
2369,0.007093300000178715,0.0009554000002935936,0.0008164999999280553
2370,0.007556800000202202,0.0016101999999591499,0.0013134000000718515
2371,0.006766700000298442,0.0009723000002850313,0.000771200000144745
2372,0.009241000000201893,0.0009179000003314286,0.0007716000000073109
2373,0.006705400000100781,0.000903300000118179,0.0007558999996035709
2374,0.007448400000157562,0.0009777000000212865,0.0007619000002705434
2375,0.0064032999998744344,0.000935499999741296,0.0007545999997091712
2376,0.006785699999909411,0.000922900000205118,0.0007666000001336215
2377,0.0066365000002406305,0.0014946999999665422,0.0012020999997730542
2378,0.007002700000157347,0.0009477999997216102,0.0007489999998142594
2379,0.007133000000067113,0.0017631999999139225,0.0011006999998244282
2380,0.0062708000000384345,0.0014524999996865517,0.0012329000001045642
2381,0.00673289999986082,0.001161099999990256,0.0007835999999770138
2382,0.006791400000111025,0.0009102999997594452,0.0007489999998142594
2383,0.006558999999924708,0.0008807999997770821,0.0007548000003225752
2384,0.006274700000176381,0.0008893999997781066,0.000764800000069954
2385,0.0075965000000906,0.0022023999999873922,0.0010690999997677864
2386,0.006244499999866093,0.0008897000002434652,0.0007443999998031359
2387,0.007599900000059279,0.0019373000000086904,0.0012287999998079613
2388,0.006495199999790202,0.0019133999999212392,0.0007848000000194588
2389,0.006805200000144396,0.0009371000001010543,0.0007394999997814011
2390,0.007381100000202423,0.000914900000225316,0.0007604000002174871
2391,0.006381600000167964,0.000882499999988795,0.0007522999999309832
2392,0.008211599999867758,0.0008748000000196043,0.0007287999997060979
2393,0.006620099999963713,0.001553900000089925,0.0013125999998919724
2394,0.007369499999640539,0.0008932000000640983,0.0007319999999708671
2395,0.006245399999897927,0.0014870999998493062,0.0012594999998327694
2396,0.006450000000313594,0.0016519999999218271,0.0013614999998026178
2397,0.006588599999759026,0.0009121000002778601,0.0009162000001197157
2398,0.007389900000362104,0.0018012000000453554,0.0012718999996650382
2399,0.006994300000314979,0.0008960000000115542,0.0007905000002210727
2400,0.007528699999966193,0.0009119000001192035,0.0007461999998668034
2401,0.007363100000020495,0.0009419000002708344,0.0008087999999588646
2402,0.008263199999873905,0.000908500000150525,0.0008052999996834842
2403,0.05590780000011364,0.0008925999995881284,0.0007819000002200482
2404,0.006686499999887019,0.0009037999998326995,0.0007316000001083012
2405,0.00681029999987004,0.0009014999995997641,0.0007912999999462045
2406,0.006901199999902019,0.0009396999998898536,0.0007571000001007633
2407,0.007451899999978195,0.0010056000000986387,0.0007734000000709784
2408,0.007195299999693816,0.0015365999997811741,0.0013263000000733882
2409,0.006983799999943585,0.0015249000002768298,0.0010694999996303522
2410,0.006604499999866675,0.0009269999995922262,0.000737599999865779
2411,0.005902899999910005,0.0009095000000343134,0.0007763999997223436
2412,0.006101400000261492,0.0009533000002193148,0.0007740000000922009
2413,0.006671999999980471,0.0008757000000514381,0.0007640000003448222
2414,0.0070430999999189225,0.0009420999999747437,0.0007954999996400147
2415,0.007329700000354933,0.0008773999998084037,0.0007583000001432083
2416,0.006868500000109634,0.0009030000001075678,0.0007292999998753658
2417,0.0065872999998646264,0.001473700000133249,0.0013107999998283049
2418,0.006401199999800156,0.0013963000001240289,0.0011968000003435009
2419,0.0074721999999383115,0.0011469000000943197,0.0007626999999956752
2420,0.006554800000230898,0.0015622000000803382,0.0012367999997877632
2421,0.007016500000190717,0.0014642999999523454,0.0012508000004345377
2422,0.006547200000113662,0.0013870000002498273,0.0011986999998043757
2423,0.006501599999864993,0.001475199999731558,0.0012382999998408195
2424,0.006799799999953393,0.0009514999997008999,0.0007281000002876681
2425,0.0065558000001146866,0.0015493000000788015,0.0008142000001498673
2426,0.006796099999974103,0.0014741999998477695,0.0012250999998286716
2427,0.008708399999704852,0.000964299999850482,0.0008141999996951199
2428,0.007635899999968387,0.0009324000002379762,0.0007688000000598549
2429,0.007446600000093895,0.0014786000001549837,0.0012765999999828637
2430,0.008451299999705952,0.0009106000002248038,0.0007565999999314954
2431,0.007759300000088842,0.0009180000001833832,0.0008023999998840736
2432,0.008103199999823119,0.0009248000001207402,0.000795899999957328
2433,0.007260299999870767,0.0009664999997767154,0.0007859000002099492
2434,0.007136899999750312,0.0019065000001319277,0.0012840000003961904
2435,0.006500599999981205,0.0019498999999996158,0.0013125999998919724
2436,0.007065199999942706,0.001440099999854283,0.0012455999999474443
2437,0.007000699999935023,0.0009459000002607354,0.0007442000000992266
2438,0.006432500000300934,0.0009485000000495347,0.0007447999996657018
2439,0.007648499999959313,0.0008928000002015324,0.0007298999998965883
2440,0.007754899999781628,0.0019546999997146486,0.0012155999997958133
2441,0.006413600000087172,0.0009212999998453597,0.0007444000002578832
2442,0.00749500000029002,0.0009306999995715159,0.0007438000002366607
2443,0.006375399999797082,0.0009082999999918684,0.0007759000000078231
2444,0.0073090000000775035,0.0008993999999802327,0.0007608999999320076
2445,0.008138900000176363,0.0009270000000469736,0.0007690000002185116
2446,0.006504100000256585,0.001706699999886041,0.0012093000000277243
2447,0.007061100000100851,0.0015161999999691034,0.0012173000000075263
2448,0.006816000000071654,0.0014768999999432708,0.0012400000000525324
2449,0.0074293999996370985,0.0009033999999701336,0.0007626000001437205
2450,0.0073907999999391905,0.0010355999997955223,0.0008140999998431653
2451,0.009148499999810156,0.001517600000170205,0.0007608999999320076
2452,0.006860599999981787,0.000877299999956449,0.0007405999999718915
2453,0.0075980000001436565,0.0018719999998211279,0.001451599999654718
2454,0.007390700000087236,0.0019914999998036365,0.0012464000001273234
2455,0.0062905000004320755,0.0009331000001111533,0.0008121999999275431
2456,0.007036500000140222,0.0009304999998676067,0.0007356999999501568
2457,0.007368099999894184,0.001462900000205991,0.0012533999997685896
2458,0.006791699999666889,0.00151640000012776,0.0012712000002466084
2459,0.007145399999899382,0.0014592000002267014,0.0007822999996278668
2460,0.006478000000242901,0.0009107000000767584,0.0007392000002255372
2461,0.006923500000084459,0.0009549999999762804,0.0007836999998289684
2462,0.008069700000305602,0.0009694000000308733,0.000811399999747664
2463,0.008027299999866955,0.0009478000001763576,0.000775099999827944
2464,0.00773269999990589,0.0009359000000586093,0.0007811999998921237
2465,0.0065660999998726766,0.0015176999995674123,0.0012538000000859029
2466,0.006208900000274298,0.0009210000002894958,0.0008094999998320418
2467,0.006727099999807251,0.001522699999895849,0.0012698000000455067
2468,0.007207199999811564,0.0008983000002444896,0.0007519999999203719
2469,0.006515999999919586,0.0014894999999341962,0.00080630000002202
2470,0.006771500000013475,0.0009144000000560482,0.0007381000000350468
2471,0.006284499999765103,0.0008988999998109648,0.0007457000001522829
2472,0.006905499999902531,0.0008975000000646105,0.000765899999805697
2473,0.006499999999959982,0.0009005000001707231,0.0011787000003096182
2474,0.007362299999840616,0.0009154999997917912,0.0007633000000168977
2475,0.007203199999821663,0.0008923999998842191,0.0007553999998890504
2476,0.00653809999994337,0.0009106999996220111,0.0007401999996545783
2477,0.007904100000359904,0.0014686999998048123,0.001272799999696872
2478,0.008258599999862781,0.0009311999997407838,0.0007602999999107851
2479,0.006764599999769416,0.0014020000003256428,0.001255700000001525
2480,0.007166299999880721,0.000921599999855971,0.0007668999996894854
2481,0.007221500000014203,0.0008960999998635089,0.0007636999998794636
2482,0.006332500000098662,0.0009522000000288244,0.0007805000000189466
2483,0.007310799999686424,0.0014574000001630338,0.0012437999998837768
2484,0.006748399999651156,0.0015309999998862622,0.0010455999999976484
2485,0.006961600000067847,0.0009100000002035813,0.0007565000000795408
2486,0.006537100000059581,0.0009328000001005421,0.0007756999998491665
2487,0.00801499999988664,0.001896400000077847,0.0012158999998064246
2488,0.007292000000234111,0.0009543000001031032,0.0007650000002286106
2489,0.007100899999841204,0.0014758000002075278,0.0012437000000318221
2490,0.006682499999897118,0.0015071000002535584,0.0012348000000201864
2491,0.006193600000187871,0.000921599999855971,0.0007831000002624933
2492,0.006473999999798252,0.0016402999999627355,0.0012910999998894113
2493,0.006417900000087684,0.0009161000002677611,0.0007332000000133121
2494,0.007065700000111974,0.0009337000001323759,0.0007676999998693645
2495,0.008183099999769183,0.000994300000002113,0.0008056000001488428
2496,0.006414199999653647,0.0010382999998910236,0.0008166000002347573
2497,0.006778300000405579,0.0010130000000572181,0.0008195999998861225
2498,0.008014000000002852,0.001022599999942031,0.0007926000002953515
2499,0.006939500000044063,0.0009027000000969565,0.0007282000001396227
2500,0.006549900000209163,0.0009582000002410496,0.0007762000000184344
2501,0.007374400000117021,0.0009273999999095395,0.0007595000001856533
2502,0.006382199999734439,0.0009559000000081141,0.0007660999999643536
2503,0.006181799999922077,0.0014722999999321473,0.0012640999998438929
2504,0.006900100000166276,0.0009494999999333231,0.0007561000002169749
2505,0.006742100000337814,0.0009726000002956425,0.001144699999713339
2506,0.006159300000035728,0.001476100000218139,0.001268399999844405
2507,0.006803499999932683,0.0009445999999115884,0.000780400000166992
2508,0.007458900000074209,0.0010237000001325214,0.0007851999998820247
2509,0.006415500000002794,0.0009585000002516608,0.0007506000001740176
2510,0.00629239999989295,0.0015383999998448417,0.0012044000000059896
2511,0.0068693999996867205,0.0014676000000690692,0.0012329999999565189
2512,0.006771700000172132,0.0011583999998947547,0.0009012000000439002
2513,0.006615400000100635,0.001541200000247045,0.0008226999998441897
2514,0.007875499999954627,0.001722299999983079,0.0008702000000084809
2515,0.00676179999982196,0.0009336999996776285,0.0007852999997339793
2516,0.006220400000074733,0.0009792000000743428,0.0008184999996956321
2517,0.006337700000131008,0.0009679999998297717,0.0008419999999205174
2518,0.00714830000015354,0.0014481999996860395,0.0008140999998431653
2519,0.007422700000006444,0.0010607999997773732,0.0007906000000730273
2520,0.006809399999838206,0.0015014999999038992,0.0010644000003594556
2521,0.0063914000002114335,0.0009570000001986045,0.0007869000000937376
2522,0.006289699999797449,0.0015988000000106695,0.0008245999997598119
2523,0.006948299999748997,0.0009396999998898536,0.00074640000002546
2524,0.005985500000406319,0.0015620999997736362,0.0007912999999462045
2525,0.005953200000021752,0.001675499999691965,0.0008370000000468281
2526,0.006352500000048167,0.0015708000000813627,0.0008560999999644991
2527,0.006662899999810179,0.0015275000000656291,0.0008161999999174441
2528,0.005955399999947986,0.0015548999999737134,0.0008663999997224892
2529,0.0060723999999936495,0.0009104999999181018,0.0007678000001760665
2530,0.00636320000012347,0.0016411999999945692,0.000863000000208558
2531,0.0061270999999578635,0.0011543999999048538,0.0010591999998723622
2532,0.006530100000418315,0.0010762000001705019,0.0008671999999023683
2533,0.00689669999974285,0.0014448000001721084,0.0008520000001226435
2534,0.006948299999748997,0.0009872000000541448,0.0008307999996759463
2535,0.008055199999944307,0.0009592999999767926,0.0007967999999891617
2536,0.006228799999917101,0.0015343999998549407,0.000793200000316574
2537,0.006519199999729608,0.001614600000266364,0.0008594999999331776
2538,0.006274299999859068,0.001548700000057579,0.0008259999999609136
2539,0.006635100000039529,0.0011976999999205873,0.0008130000001074222
2540,0.006944700000076409,0.0009666000000834174,0.0007994999996299157
2541,0.0075954999997520645,0.0015686000001551292,0.0008483999999953085
2542,0.0067259000002195535,0.0009425999996892642,0.0007565000000795408
2543,0.006882099999984348,0.0017142000001513225,0.0012660999996114697
2544,0.007897399999819754,0.0015462000001207343,0.0010135999996236933
2545,0.007209400000192545,0.0015871000000515778,0.0013597000001936976
2546,0.007679400000142778,0.0010495000001355947,0.0008176000001185457
2547,0.007569999999759602,0.0014245000002119923,0.0012408000002324115
2548,0.055492799999683484,0.0009399999999004649,0.0007783999999446678
2549,0.007457899999735673,0.0014620000001741573,0.0012177999997220468
2550,0.006567899999936344,0.0009782999995877617,0.0008119999997688865
2551,0.006604899999729241,0.001582200000029843,0.001286799999888899
2552,0.007406900000205496,0.0009326999997938401,0.0007909999999355932
2553,0.006608600000163278,0.0014722999999321473,0.0007854000000406813
2554,0.006787499999973079,0.0009252999998352607,0.000767200000154844
2555,0.006817199999659351,0.000922799999898416,0.000760800000080053
2556,0.0073907999999391905,0.001636899999994057,0.0008340999997926701
2557,0.00822489999973186,0.0009188999997604697,0.0007345999997596664
2558,0.006829999999808933,0.0014401999997062376,0.001226200000019162
2559,0.006639799999902607,0.0016123999998853833,0.00127569999995103
2560,0.007527300000219839,0.0009024000000863452,0.0007495999998354819
2561,0.006965900000068359,0.0009432000001652341,0.0007590000000163855
2562,0.008976999999958934,0.0009072000002561253,0.0007795000001351582
2563,0.006672900000012305,0.000934500000312255,0.0007685000000492437
2564,0.007305999999971391,0.0009624999997868144,0.0007894999998825369
2565,0.008233900000050198,0.000934400000005553,0.0007759000000078231
2566,0.008582899999964866,0.0018317000003662542,0.0015460999998140323
2567,0.0068139999998493295,0.000918799999908515,0.0007742000002508576
2568,0.007992400000148336,0.0009230000000570726,0.0007537000001320848
2569,0.0077836000000388594,0.0009666000000834174,0.0007880999996814353
2570,0.006225399999948422,0.0016189000002668763,0.0012462999998206215
2571,0.007782499999848369,0.0009447000002182904,0.0007869000000937376
2572,0.007771300000058545,0.0008572000001549895,0.0007599999999001739
2573,0.0066634999998314015,0.0014431999998123501,0.0012128000003031048
2574,0.006900800000039453,0.0009122000001298147,0.0007822000002306595
2575,0.007808100000147533,0.0009855000002971792,0.0008423999997830833
2576,0.008514699999977893,0.000973499999872729,0.0007888000000093598
2577,0.0067736999999397085,0.0009142999997493462,0.000742799999898125
2578,0.008760500000335014,0.001617299999907118,0.0008977000002232671
2579,0.007328199999847129,0.0014375999999174383,0.00122369999962757
2580,0.006772899999759829,0.0009170000002995948,0.0007381000000350468
2581,0.007000499999776366,0.0009481999995841761,0.0007325999999920896
2582,0.006655099999989034,0.0015556999996988452,0.0013374000000112574
2583,0.006848600000012084,0.0009270000000469736,0.0007897999998931482
2584,0.008205699999962235,0.0009238000002369517,0.0007855999997445906
2585,0.007473699999991368,0.0009439999998903659,0.0007737999999335443
2586,0.00727599999981976,0.0015244999999595166,0.0008174999998118437
2587,0.006410500000129105,0.0009193999999297375,0.0007703999999648659
2588,0.007372600000053353,0.0009078999996745551,0.0007497000001421839
2589,0.007915800000318995,0.0014154999998936546,0.0011891999997715175
2590,0.006276399999933346,0.0009168999999928928,0.0008348000001205946
2591,0.00681319999966945,0.001166300000022602,0.000825500000246393
2592,0.005924300000060612,0.0008978000000752218,0.0007846000003155496
2593,0.006187299999965035,0.0009132000000136031,0.0007608999999320076
2594,0.006977800000186107,0.0009178000000247266,0.000906100000065635
2595,0.006546199999775126,0.0009179999997286359,0.0007483999997930368
2596,0.00810090000004493,0.0009101000000555359,0.0007877000002736168
2597,0.0063964999999370775,0.0008842000002005079,0.0007588999997096835
2598,0.006245300000045972,0.0010099999999511056,0.0008190999997168547
2599,0.006601499999760563,0.0009162000001197157,0.0007601000002068758
2600,0.006627799999932904,0.0011369999997441482,0.0007440999997925246
2601,0.005770900000243273,0.001406200000019453,0.001203799999984767
2602,0.006261200000153622,0.0010582999998405285,0.0010980000001836743
2603,0.006301200000052631,0.0009577999999237363,0.0008023999998840736
2604,0.006768900000224676,0.0017351999999846157,0.0011334000000715605
2605,0.00730859999976019,0.0009620000000722939,0.0008014000000002852
2606,0.006577599999673112,0.0015324999999393185,0.0013681000000360655
2607,0.006783700000141835,0.000988599999800499,0.0007955000000947621
2608,0.00809560000016063,0.0018171000001530047,0.0009070000000974687
2609,0.00626220000003741,0.0015024000003904803,0.0012111999999433465
2610,0.006714699999974982,0.0009608999998818035,0.0007775999997647887
2611,0.006798200000048382,0.0016894000000320375,0.0013337000000319676
2612,0.006364899999880436,0.001581399999849964,0.001113199999963399
2613,0.007778900000175781,0.0009675000001152512,0.0007922999998299929
2614,0.006178900000122667,0.0014636000000791682,0.0012357999999039748
2615,0.006205200000295008,0.0009323000003860216,0.0007732999997642764
2616,0.006531499999709922,0.0015766999999868858,0.001284500000110711
2617,0.008542600000055245,0.000965499999892927,0.0007700999999542546
2618,0.006774099999802274,0.0015465999999833002,0.0016007999997782463
2619,0.007148799999868061,0.0010034000001724053,0.0008246999996117665
2620,0.006926100000328006,0.0014894999999341962,0.0009419000002708344
2621,0.006965000000036525,0.0013340999998945335,0.0009790999997676408
2622,0.006808199999795761,0.0009660999999141495,0.0007973000001584296
2623,0.006422999999813328,0.0009857999998530431,0.0008325999997396138
2624,0.006525799999963056,0.0009553999998388463,0.0008268000001407927
2625,0.00718589999996766,0.001534699999865552,0.000841100000343431
2626,0.0072869999999056745,0.0015174000000115484,0.0010179999999309075
2627,0.007818000000042957,0.0013604000000668748,0.0008745000000089931
2628,0.006653000000369502,0.0017849000000751403,0.0009089000000130909
2629,0.007111499999609805,0.0009686999997029488,0.0007931999998618267
2630,0.00672549999990224,0.0009682000004431757,0.0007959999998092826
2631,0.007435800000166637,0.0015406000002258224,0.0010544000001573295
2632,0.007041500000013912,0.001490299999659328,0.0012587999999595922
2633,0.0059350999999878695,0.0010344000002078246,0.0008351000001312059
2634,0.0072973999999703665,0.0014387999999598833,0.0008403000001635519
2635,0.007060700000238285,0.0010067999996863364,0.0008363000001736509
2636,0.006911700000273413,0.0015898999999990338,0.000822999999854801
2637,0.007042700000056357,0.0009659999996074475,0.0008012999996935832
2638,0.007363799999893672,0.0015679999996791594,0.0012976999996681116
2639,0.006264999999984866,0.0016368000001421024,0.0010803000000123575
2640,0.008101999999780674,0.00142569999979969,0.0012717999998130836
2641,0.006231599999864557,0.0008948999998210638,0.0007426000001942157
2642,0.006319199999779812,0.0009952999998859013,0.0007979000001796521
2643,0.007070399999975052,0.0014544000000569213,0.000813799999832554
2644,0.007405100000141829,0.0016184000000976084,0.0013923999999860825
2645,0.006756799999948271,0.0010028000001511828,0.0007482999999410822
2646,0.006528899999921123,0.0017956000001504435,0.0015023000000837783
2647,0.0068465000003925525,0.0014558999996552302,0.0008130999999593769
2648,0.006179700000302546,0.0012615000000550936,0.0008369000001948734
2649,0.01264160000027914,0.0015478999998776999,0.0014622999997300212
2650,0.007177899999987858,0.001044999999976426,0.0008728999996492348
2651,0.007561900000382593,0.0010695000000850996,0.0008458000002065091
2652,0.008081599999968603,0.0009728999998515064,0.0008293000000776374
2653,0.006283000000166794,0.0015530999999100459,0.001319700000294688
2654,0.007667599999876984,0.0009854999998424319,0.0007844000001568929
2655,0.006249799999750394,0.0009764000001268869,0.0007875000001149601
2656,0.006579599999895436,0.0009733000001688197,0.0017720999999255582
2657,0.008186499999737862,0.0017518000004201895,0.0011693000001287146
2658,0.0065716999997675885,0.0014868999996906496,0.0009942000001501583
2659,0.0077172999999675085,0.0015985999998520128,0.0008949999996730185
2660,0.007574599999770726,0.0015233999997690262,0.0010749000002761022
2661,0.006071499999961816,0.0015371999998023966,0.0010152999998354062
2662,0.006554900000082853,0.0013954999999441497,0.0013632999998662854
2663,0.007783300000028248,0.0010103999998136715,0.0008060000000114087
2664,0.006083600000238221,0.0009425999996892642,0.0007716000000073109
2665,0.006301399999756541,0.0014512000002468994,0.0011056999996981176
2666,0.0074786000000131025,0.001747399999658228,0.0009563999997226347
2667,0.006842700000106561,0.00151400000004287,0.0008192000000235566
2668,0.007434199999806879,0.0015069999999468564,0.0018408000000817992
2669,0.007967800000187708,0.001020300000163843,0.0007751000002826913
2670,0.0057134999997288105,0.0010136000000784406,0.0008542999999008316
2671,0.006084600000122009,0.0015045000000100117,0.001368700000057288
2672,0.0071562000002813875,0.0009853999999904772,0.0007841999999982363
2673,0.006326000000171916,0.0010799000001497916,0.0007592000001750421
2674,0.006045999999969354,0.0015137000000322587,0.0008198000000447792
2675,0.007677099999909842,0.0010557999999036838,0.0008367999998881714
2676,0.006134799999927054,0.0009234000003743859,0.0007875000001149601
2677,0.0066676000001280045,0.0015672999998059822,0.0013518000000658503
2678,0.007128700000066601,0.0010096000000885397,0.0007951000002321962
2679,0.0059535000000323635,0.0009490000002188026,0.0007725999998910993
2680,0.007001899999977468,0.0009359000000586093,0.0008698999999978696
2681,0.007311599999866303,0.0009646000003158406,0.0007758000001558685
2682,0.007330399999773363,0.0015591999999742256,0.000843699999677483
2683,0.0065094999999928405,0.0015514000001530803,0.001424600000063947
2684,0.007608899999922869,0.001662399999986519,0.0008950999999797205
2685,0.007332000000133121,0.0014598000002479239,0.0012240000000929285
2686,0.007399799999802781,0.0011537999998836312,0.0009237999997822044
2687,0.0074515000001156295,0.0017526999999972759,0.001381399999900168
2688,0.006879300000036892,0.0009377000001222768,0.0011797000001934066
2689,0.008241699999871344,0.0010753999999906227,0.0008951999998316751
2690,0.0069019000002299435,0.0009580000000823929,0.0008108000001811888
2691,0.007484400000066671,0.0012695999998868501,0.000925199999983306
2692,0.008622100000138744,0.000988700000107201,0.0007850000001781154
2693,0.05878740000025573,0.0009672999999565945,0.0007722000000285334
2694,0.008177899999736837,0.0014705000003232271,0.001504800000020623
2695,0.006905499999902531,0.000991600000361359,0.0007767999995849095
2696,0.007671200000004319,0.0014955000001464214,0.0012507999999797903
2697,0.006052699999600009,0.0009321000002273649,0.0007633999998688523
2698,0.0070460000001730805,0.0015902999998615996,0.0009689000003163528
2699,0.007633500000338245,0.0009371000001010543,0.0007551000003331865
2700,0.006576300000233459,0.001714400000309979,0.0011942999999519088
2701,0.006565099999988888,0.0017907999999806634,0.0009731999998621177
2702,0.007258000000092579,0.0015576000000692147,0.0012772000000040862
2703,0.007248599999911676,0.0010176999999202962,0.0007917000002635177
2704,0.007071300000006886,0.0019253000000389875,0.0009257000001525739
2705,0.007229800000004616,0.000944800000070245,0.0007732999997642764
2706,0.006077099999856728,0.0015061999997669773,0.0012576999997691019
2707,0.0070769999997537525,0.0013273999998091313,0.0010007999999288586
2708,0.006832900000063091,0.0009500999999545456,0.0007731000000603672
2709,0.0062489000001733075,0.001491999999871041,0.0012409999999363208
2710,0.006247199999961595,0.0016940999998951156,0.000922799999898416
2711,0.0077197000000523985,0.0009801000001061766,0.0008014000000002852
2712,0.007004600000072969,0.0009595000001354492,0.0007869000000937376
2713,0.006865700000162178,0.0010062000001198612,0.001332000000275002
2714,0.006807100000060018,0.0009698000003481866,0.0007633999998688523
2715,0.0073192999998354935,0.001451300000098854,0.001222099999722559
2716,0.006967400000121415,0.0009574000000611704,0.0007869000000937376
2717,0.007147400000121706,0.0016464000000269152,0.0011900999998033512
2718,0.005852899999808869,0.0009230000000570726,0.0007573000002594199
2719,0.006149899999854824,0.0017326000001958164,0.0017910999999912747
2720,0.006697899999835499,0.0010473000002093613,0.0007849000003261608
2721,0.007207300000118266,0.0014949999999771535,0.0012655000000449945
2722,0.00693539999974746,0.001583799999934854,0.0009555000001455483
2723,0.007141399999909481,0.000989799999842944,0.0007725000000391447
2724,0.006410699999833014,0.0010219000000688538,0.0008279999997284904
2725,0.00653859999965789,0.0013795999998365005,0.0009585999996488681
2726,0.0070602999999209715,0.0009675999999672058,0.0007650999996258179
2727,0.00897979999990639,0.0009239000000889064,0.0007723999997324427
2728,0.006584799999927782,0.001491999999871041,0.0009952000000339467
2729,0.009101399999963178,0.0009660000000621949,0.0007858999997552019
2730,0.0070484000002579705,0.00155270000004748,0.0013699999999516876
2731,0.00628450000021985,0.0018458999998074432,0.0009629999999560823
2732,0.0067868999999518564,0.0009724000001369859,0.0007801000001563807
2733,0.006852600000001985,0.0009362000000692206,0.0007801000001563807
2734,0.00648479999972551,0.00097749999986263,0.0007659000002604444
2735,0.007187100000010105,0.0010721000003286463,0.0008582000000387779
2736,0.006949200000235578,0.0009657999999035383,0.0007735999997748877
2737,0.0065558000001146866,0.0018188000003647176,0.0013403000002654153
2738,0.00846400000000358,0.001034099999742466,0.000806199999715318
2739,0.006923800000095071,0.0015047000001686683,0.0012400000000525324
2740,0.0068747000000257685,0.000951099999838334,0.0007967999999891617
2741,0.008704500000021653,0.0015225000001919398,0.0012262999998711166
2742,0.007250199999816687,0.001273000000310276,0.0013461000003189838
2743,0.007068399999752728,0.0009807999999793537,0.0007678000001760665
2744,0.007238000000143074,0.0014356000001498614,0.0012185000000499713
2745,0.006708100000196282,0.0010410999998384796,0.0008611000002929359
2746,0.006918099999893457,0.0015013000001999899,0.0008290000000670261
2747,0.007168299999648298,0.000980999999683263,0.0007467000000360713
2748,0.006401799999821378,0.001503599999978178,0.00084500000002663
2749,0.006077500000174041,0.0014644000002590474,0.001355899999907706
2750,0.007225199999993492,0.0010097000003952417,0.0007991000002220972
2751,0.007569500000045082,0.0015984000001481036,0.0013610000000880973
2752,0.0063549999999850115,0.0015882000002420682,0.001597800000126881
2753,0.007576400000289141,0.0009617999999136373,0.0007766999997329549
2754,0.00714349999998376,0.0014725999999427586,0.0012433000001692562
2755,0.007092999999713356,0.0015961999997671228,0.001000599999770202
2756,0.007280400000126974,0.0010101999996550148,0.0008267000002888381
2757,0.007287800000085554,0.0009319000000687083,0.000797200000306475
2758,0.006178299999646697,0.0009117999998125015,0.0007623000001331093
2759,0.006271400000059657,0.0014353999999912048,0.0011204000002180692
2760,0.007069000000228698,0.0010106999998242827,0.000838599999951839
2761,0.007607700000335171,0.0014805999999225605,0.0012493000003814814
2762,0.006733900000199355,0.001019699999687873,0.0007759000000078231
2763,0.006546500000240485,0.0014151999998830433,0.0008756000001994835
2764,0.007196999999905529,0.0009884999999485444,0.0007765000000290456
2765,0.00766669999984515,0.0014295999999376363,0.0012329999999565189
2766,0.006024699999670702,0.0011002999999618623,0.0014562999999725434
2767,0.007308000000193715,0.0009788999996089842,0.0007780000000821019
2768,0.006765999999970518,0.0009360999997625186,0.0007651999999325199
2769,0.005720300000120915,0.0009250000002793968,0.0007523000003857305
2770,0.005997799999931885,0.0014101999995546066,0.0012025000000903674
2771,0.007096399999682035,0.001575900000261754,0.0013127000001986744
2772,0.007010300000274583,0.0008861999999680847,0.000741099999686412
2773,0.006523099999867554,0.0010294999997313425,0.0008341000002474175
2774,0.007428899999922578,0.0015693000000283064,0.0012630000001081498
2775,0.006442299999889656,0.001192700000046898,0.0008036999997784733
2776,0.006059800000002724,0.0012792000002264103,0.0014728000001014152
2777,0.007805599999755941,0.0009553999998388463,0.0007521999996242812
2778,0.006433900000047288,0.0009006000000226777,0.0007482999999410822
2779,0.0061645999999200285,0.0009216999997079256,0.0007674999997107079
2780,0.006145599999854312,0.0014798000001974287,0.001383799999985058
2781,0.006922800000211282,0.0010697000002437562,0.000812700000096811
2782,0.006691300000056799,0.0015461000002687797,0.0012925999999424675
2783,0.0060515999998642656,0.0014486999998553074,0.0011579000001802342
2784,0.006169500000396511,0.0014885000000504078,0.001036899999689922
2785,0.00737699999990582,0.0011365000000296277,0.000793200000316574
2786,0.006601499999760563,0.0014363999998749932,0.001218599999901926
2787,0.006520099999761442,0.0015339999999923748,0.0014542999997502193
2788,0.007412500000100408,0.0009783999998944637,0.0007817000000613916
2789,0.008234700000230077,0.0009235999996235478,0.0007623000001331093
2790,0.006206800000200019,0.0015616000000591157,0.0008192999998755113
2791,0.006919599999946513,0.0017663999997239443,0.0008818999999675725
2792,0.007106699999894772,0.001594099999692844,0.0009843000002547342
2793,0.006919999999809079,0.0015535999996245664,0.001266100000066217
2794,0.00649680000014996,0.0016985000002023298,0.000926900000195019
2795,0.00749199999972916,0.0015985000000000582,0.0012937999999849126
2796,0.00661900000022797,0.001413800000136689,0.0010009000002355606
2797,0.007148700000016106,0.0010320999999748892,0.0007889999997132691
2798,0.007815500000106113,0.0009436000000278,0.0007712999999966996
2799,0.006319000000075903,0.0015260999998645275,0.0013057999999546155
2800,0.006036799999947107,0.0011816000001090288,0.0010176999999202962
2801,0.007680100000015955,0.0016803999997136998,0.0013275999999677879
2802,0.00677159999986543,0.0009333999996670173,0.0007986999999047839
2803,0.006472699999903853,0.0008941999999478867,0.0007709999999860884
2804,0.008155299999998533,0.0010479000002305838,0.0007924999999886495
2805,0.007139499999993859,0.0015453000000889006,0.001284500000110711
2806,0.006692500000099244,0.001182299999982206,0.0016239999999925203
2807,0.007184999999935826,0.0010210999998889747,0.0007888999998613144
2808,0.007278500000211352,0.0009954000001926033,0.0008102000001599663
2809,0.0059184000001550885,0.001431000000138738,0.001279300000078365
2810,0.006003700000292156,0.0016182000003936992,0.001019100000121398
2811,0.007343499999933556,0.0015938999999889347,0.0008448000003227207
2812,0.006525499999952444,0.0009559000000081141,0.0007610000002387096
2813,0.006799000000228261,0.0016886000003069057,0.0016583999999966181
2814,0.006729600000198843,0.0009857000000010885,0.0007516999999097607
2815,0.007880699999986973,0.0010666999996828963,0.0009350000000267755
2816,0.006163099999866972,0.0014848000000711181,0.0012707999999292952
2817,0.006855700000414799,0.0014379999997800041,0.0012931000001117354
2818,0.007101499999862426,0.0015048999998725776,0.0012408999996296188
2819,0.006386300000031042,0.0009725999998408952,0.0009712000000945409
2820,0.006813299999976152,0.0010219999999208085,0.000813799999832554
2821,0.00661000000036438,0.0015210999999908381,0.0012694999995801481
2822,0.006128500000158965,0.0014547000000675325,0.001246499999979278
2823,0.007345399999849178,0.0010250999998788757,0.0007912999999462045
2824,0.006996699999945122,0.001519200000075216,0.0012967000002390705
2825,0.008345000000190339,0.000968299999840383,0.0007682999998905871
2826,0.006785100000342936,0.0014796999998907268,0.0012395999997352192
2827,0.0074334999999337015,0.0016657999999551976,0.0009030000001075678
2828,0.0064730999997664185,0.0015859000000091328,0.0014131999996607192
2829,0.006444699999974546,0.0014982000002419227,0.001243000000158645
2830,0.006793500000185304,0.00136339999971824,0.0008286000002044602
2831,0.007307599999876402,0.0009716999998090614,0.000768400000197289
2832,0.006170600000132254,0.0009856000001491338,0.0007700999999542546
2833,0.006403800000043702,0.0018386000001555658,0.0009629000001041277
2834,0.007238900000174908,0.0009834000002229004,0.0007833999998183572
2835,0.006680800000140152,0.0015244999999595166,0.0012902999997095321
2836,0.006235899999865069,0.0016955000000962173,0.0009543999999550579
2837,0.007638499999757187,0.001530699999875651,0.0012450999997781764
2838,0.07619780000004539,0.0013536000001295179,0.001289700000143057
2839,0.007306900000003225,0.0014710000000377477,0.001229800000146497
2840,0.006367999999838503,0.0014449999998760177,0.00121339999986958
2841,0.006137200000011944,0.001544000000194501,0.0009390000000166765
2842,0.007551499999863154,0.0015149999999266583,0.0013080999997328036
2843,0.006181199999900855,0.001451199999792152,0.0012283000000934408
2844,0.0063848999998299405,0.0015290000001186854,0.0016077000000223052
2845,0.006971799999973882,0.0010715000003074238,0.0008352999998351152
2846,0.007788100000198028,0.0009589000001142267,0.0007902000002104614
2847,0.006061700000373094,0.0014806000003773079,0.001229800000146497
2848,0.006508500000109052,0.0015908999998828222,0.0009018000000651227
2849,0.007510899999942922,0.0016548999997212377,0.0013722999997298757
2850,0.006471799999872019,0.0009151000003839727,0.0007552999995823484
2851,0.00632820000009815,0.001040999999986525,0.0009715999999571068
2852,0.0074980999997933395,0.001017000000047119,0.0009407000002283894
2853,0.006777799999781564,0.001457700000173645,0.0012219999998706044
2854,0.006261699999868142,0.0009508999996796774,0.0008011999998416286
2855,0.006584899999779736,0.0012842999999520543,0.0008953999999903317
2856,0.008641699999770935,0.0010549000003265974,0.0008480999999846972
2857,0.007755699999961507,0.00118979999979274,0.0009388000003127672
2858,0.00790610000012748,0.0010491000002730289,0.0008290000000670261
2859,0.006918300000052113,0.0017354000001432723,0.0011441999999988184
2860,0.008069500000146945,0.0009967999999389576,0.0008897000002434652
2861,0.006217199999809964,0.001067800000328134,0.0008732999999665481
2862,0.008117899999888323,0.0011076999999204418,0.0008409000001847744
2863,0.006536200000027748,0.0010054999997919367,0.0008132000002660789
2864,0.008185199999843462,0.0015843999999560765,0.0010361000004195375
2865,0.006743299999925512,0.0010705999998208426,0.0019554999998945277
2866,0.007632299999841052,0.0010730999997576873,0.0009596999998393585
2867,0.0169887000001836,0.004016999999748805,0.0035300999998071347
2868,0.01730779999979859,0.004552999999759777,0.0048064000002341345
2869,0.013587399999778427,0.004480300000068382,0.004204599999866332
2870,0.018039000000044325,0.003996199999619421,0.0029169999997975538
2871,0.018272199999955774,0.00517760000002454,0.0016110999999909836
2872,0.018973599999753787,0.0033368999997946958,0.004500999999891064
2873,0.019481399999676796,0.003821799999968789,0.003427399999964109
2874,0.021195199999965553,0.0040300000000570435,0.003640499999619351
2875,0.0154501000001801,0.004603500000030181,0.003464599999915663
2876,0.016406799999913346,0.0017202999997607549,0.002705800000057934
2877,0.017026200000145764,0.004032499999993888,0.003498900000067806
2878,0.01560879999988174,0.004313400000228285,0.001822100000026694
2879,0.017912699999669712,0.0022423000000344473,0.004529599999841594
2880,0.016528099999959522,0.005279399999835732,0.0042035999999825435
2881,0.01887529999976323,0.003804400000262831,0.0033091000000240456
2882,0.015358800000285555,0.0016412999998465239,0.00372239999978774
2883,0.016532500000266737,0.0017536000000291097,0.00363100000004124
2884,0.01715150000018184,0.0037765000001854787,0.0036733000001731853
2885,0.016633100000035483,0.004062900000008085,0.0036024999999426655
2886,0.01891459999978906,0.003780800000185991,0.003145000000131404
2887,0.013431999999738764,0.003970400000071095,0.003820199999609031
2888,0.013158600000224396,0.002319799999895622,0.002062000000023545
2889,0.017645099999754166,0.004580199999963952,0.003784999999879801
2890,0.018880600000102277,0.0021068999999442894,0.004070800000135932
2891,0.015310499999941385,0.004284600000119099,0.003776100000322913
2892,0.01565199999959077,0.0018719999998211279,0.0015171000000009371
2893,0.02134059999980309,0.004045099999984814,0.003473000000212778
2894,0.014355799999975716,0.0018938999996862549,0.0042739000000437954
2895,0.021668299999873852,0.0027344000000084634,0.0015724999998383282
2896,0.01642919999994774,0.0018611000000419153,0.0034242000001540873
2897,0.019668299999921146,0.004024099999696773,0.0033502000001135457
2898,0.020423599999958242,0.002143799999885232,0.0035601999998107203
2899,0.016525100000308157,0.0038432000001193956,0.0034191999998256506
2900,0.016984299999876384,0.00322520000008808,0.0042815000001610315
2901,0.01659909999989395,0.0026908999998340732,0.0038620000000264554
2902,0.016798500000277272,0.002785599999697297,0.0033518999998705112
2903,0.019826300000204355,0.0035819999998238927,0.003372500000295986
2904,0.012198700000226381,0.002119499999935215,0.0017496000000392087
2905,0.009637799999836716,0.002629999999953725,0.001943100000062259
2906,0.015650400000140507,0.0036054000001968234,0.0016088000002127956
2907,0.02202430000033928,0.0017201999999088002,0.002455399999689689
2908,0.016134800000145333,0.004231500000059896,0.003911499999958323
2909,0.02001609999979337,0.0018380000001343433,0.0020001000002594083
2910,0.018806099999892467,0.0027505999996719765,0.003365200000189361
2911,0.013545799999974406,0.0038313000000016473,0.003499299999930372
2912,0.01588850000007369,0.0033985000000029686,0.0028443999999581138
2913,0.016385999999783962,0.0017937999996320286,0.0035106999998788524
2914,0.010356799999954092,0.0017102000001614215,0.003628099999787082
2915,0.014944700000341982,0.004551699999865377,0.0039480999998886546
2916,0.01308100000005652,0.0017179000001306122,0.0018727000001490524
2917,0.015046299999994517,0.004715999999916676,0.004120500000226457
2918,0.01634680000006483,0.0038928999997551728,0.004384500000014668
2919,0.015500999999858323,0.0017539999998916755,0.003643399999873509
2920,0.014820800000052259,0.002892599999995582,0.0023188999998637883
2921,0.014413200000035431,0.00429409999969721,0.0020357999997031584
2922,0.017048300000169547,0.0029300000001057924,0.0015398000000459433
2923,0.016465700000026118,0.0034768000000440225,0.0033282999997936713
2924,0.01936440000008588,0.0040871000001061475,0.003759199999876728
2925,0.01666030000023966,0.00322939999978189,0.003650099999958911
2926,0.017237399999885383,0.0018761999999696855,0.0038922999997339502
2927,0.01563239999995858,0.004666799999995419,0.003700799999933224
2928,0.017524399999729212,0.001811800000268704,0.002226399999926798
2929,0.01434560000006968,0.0028640000000450527,0.0016506000001754728
2930,0.012384099999962928,0.0017906000002767541,0.001613299999917217
2931,0.015411999999741965,0.002148099999885744,0.001944300000104704
2932,0.011091200000009849,0.0028043999996043567,0.0025550999998813495
2933,0.018592599999919912,0.0024120000002767483,0.002559300000029907
2934,0.016619100000298204,0.0022379000001819804,0.0017336999999315594
2935,0.011735599999610713,0.0018512000001464912,0.00220290000015666
2936,0.012987500000235741,0.004160699999829376,0.004115800000363379
2937,0.012204399999973248,0.0029079000000820088,0.0031664999996792176
2938,0.011583900000005087,0.0015816999998605752,0.0019145999999636842
2939,0.01659620000009454,0.0020206999997753883,0.0026517999999668973
2940,0.017281200000070385,0.003950799999984156,0.0032845000000634172
2941,0.01236060000019279,0.0036638999999922817,0.0035265999999865016
2942,0.016245100000105595,0.0017037000002346758,0.0032782999996925355
2943,0.014513100000385748,0.0018324000002394314,0.0032047999998212617
2944,0.013521899999886955,0.0019032000000152038,0.0034469000001990935
2945,0.013619500000004336,0.0037302999999155873,0.0034648000000743195
2946,0.017221799999788345,0.0019093999999313382,0.0031238999999914085
2947,0.010432200000195735,0.004105400000298687,0.0035289999996166443
2948,0.014208699999926466,0.0023034000000734522,0.0034677999997256848
2949,0.01430449999998018,0.003063500000280328,0.0026791999998749816
2950,0.013850100000126986,0.001982199999929435,0.001958099999683327
2951,0.015100799999800074,0.004264600000169594,0.003813499999978376
2952,0.011353699999745004,0.0031619000001228414,0.003192799999851559
2953,0.014199700000062876,0.0018733000001702749,0.0026616999998623214
2954,0.012389200000143319,0.0020629000000553788,0.0038760999996156897
2955,0.014278999999987718,0.004699900000105117,0.003910200000063924
2956,0.016501299999617913,0.0036781999997401726,0.0035048000004280766
2957,0.016790900000160036,0.001919600000292121,0.001657599999816739
2958,0.015034400000331516,0.0022779999999329448,0.0016451999999844702
2959,0.012106700000003912,0.0018860999998651096,0.001654200000302808
2960,0.011304800000289106,0.001938000000336615,0.0034646999997676176
2961,0.012365699999918434,0.001896500000384549,0.0028048999997736246
2962,0.015305200000057084,0.004236699999637494,0.003758299999844894
2963,0.015911099999811995,0.004923799999687617,0.003774799999973766
2964,0.01399840000021868,0.0019351999999344116,0.0015257000000019616
2965,0.013397700000041368,0.0018832999999176536,0.0019078000000263273
2966,0.01373409999996511,0.003775600000153645,0.0022202999998626183
2967,0.014890099999774975,0.003793100000166305,0.0019370999998500338
2968,0.014756600000055187,0.0032078000003821217,0.0032775999998193583
2969,0.020654400000239548,0.0045806999996784725,0.0037677999998777523
2970,0.019333000000187894,0.004447099999651982,0.0027335999998285843
2971,0.018394299999727082,0.003020000000105938,0.0032093999998323852
2972,0.015730600000097184,0.0016513999999006046,0.003594599999814818
2973,0.017879800000173418,0.0039046000001690118,0.004097099999853526
2974,0.01772739999978512,0.004333800000040355,0.0018430000000080327
2975,0.017374200000176643,0.002704999999878055,0.003445800000008603
2976,0.012875800000074378,0.004126499999983935,0.0031756000003042573
2977,0.016452100000151404,0.0031893999998828804,0.00169000000005326
2978,0.015669099999740865,0.0049954999999499705,0.004569800000354007
2979,0.016171100000065053,0.0016388000003644265,0.00301949999993667
2980,0.014077600000291568,0.0017196999997395324,0.0028897000001961715
2981,0.01808370000026116,0.0044424000002436514,0.003941599999961909
2982,0.021745000000009895,0.0034370000003036694,0.003478200000245124
2983,0.11276459999999133,0.003954600000270148,0.0036995000000388245
2984,0.01821990000007645,0.0031950000002325396,0.0022018999998181243
2985,0.011874899999838817,0.0036297000001468405,0.001941500000157248
2986,0.011725299999852723,0.0015908999998828222,0.0037724999997408304
2987,0.015704599999935454,0.0017364999998790154,0.0028754999998454878
2988,0.019995600000129343,0.0016359000001102686,0.0027187999999114254
2989,0.013257600000088132,0.00486140000020896,0.0036316000000624626
2990,0.016730199999983597,0.0030602000001636043,0.0034816000002138026
2991,0.013418000000001484,0.004024200000003475,0.003501700000015262
2992,0.016354500000034022,0.001921799999763607,0.003881800000272051
2993,0.01595099999985905,0.003955700000005891,0.00363229999993564
2994,0.016253899999810528,0.0015496999999413674,0.002921799999967334
2995,0.017108700000335375,0.003340799999932642,0.004325100000187376
2996,0.015960899999754474,0.0040716000003158115,0.0031103000001166947
2997,0.010280299999976705,0.001609800000096584,0.0033035999999810883
2998,0.016012900000077934,0.004307700000026671,0.003704699999616423
2999,0.017842300000211253,0.0017985999998018087,0.00358989999995174
3000,0.01829520000001139,0.001850399999966612,0.0014641999996456434
3001,0.019115299999612034,0.002527399999962654,0.003571899999769812
3002,0.013375600000017585,0.003613600000335282,0.0021695999998883053
3003,0.0167303000002903,0.003863800000090123,0.0033927999998013547
3004,0.01600300000018251,0.004830700000184152,0.004161800000019866
3005,0.012311500000123488,0.003796699999838893,0.003152799999952549
3006,0.013179699999909644,0.0033268999995925697,0.0015069000000949018
3007,0.017608900000141148,0.004351000000042404,0.0036820000000261643
3008,0.01660619999984192,0.004203899999993155,0.003516100000069855
3009,0.014862900000025547,0.0038236999998844112,0.003513599999678263
3010,0.015775200000007317,0.004012899999906949,0.0037075000000186265
3011,0.01573740000003454,0.0029550999997809413,0.003484600000319915
3012,0.013807299999825773,0.003769899999952031,0.002862700000150653
3013,0.014938100000108534,0.00440230000003794,0.004172699999799079
3014,0.015166099999987637,0.005317099999956554,0.0036353000000417524
3015,0.01319389999980558,0.0033060000000659784,0.002017000000250846
3016,0.017430500000045868,0.003326500000184751,0.003955099999984668
3017,0.01933389999976498,0.004506900000251335,0.0015882000002420682
3018,0.013903600000048755,0.004069199999776174,0.0037388999999166117
3019,0.01819660000001022,0.003372800000306597,0.003806700000041019
3020,0.012868499999967753,0.0026121999999304535,0.0019720000000233995
3021,0.015433699999903183,0.0046637999998893065,0.004301200000099925
3022,0.01568680000036693,0.0016900999999052146,0.0028720999998768093
3023,0.014241800000036164,0.0037370000000009895,0.0036098000000492902
3024,0.015945600000122795,0.001736700000037672,0.00331770000002507
3025,0.019779599999765196,0.0034931000000142376,0.004097799999726703
3026,0.017213300000094023,0.0027305999997224717,0.0015133000001696928
3027,0.015222499999708816,0.0016064999999798601,0.0032280000000355358
3028,0.018562000000201806,0.0017452000001867418,0.002471100000093429
3029,0.014309400000001915,0.004544200000054843,0.0029051999999865075
3030,0.014168799999879411,0.004004400000212627,0.0019498999999996158
3031,0.01670479999984309,0.003954900000280759,0.0037096000000929052
3032,0.01614239999980782,0.0036601000001610373,0.003300399999716319
3033,0.0145542000000205,0.004921600000216131,0.0031775000002198794
3034,0.0203985999996803,0.004738399999951071,0.004251300000305491
3035,0.017024400000082096,0.0047170000002552115,0.004119499999887921
3036,0.01659190000009403,0.0016303000002153567,0.0035877000000255066
3037,0.016508599999724538,0.0016359999999622232,0.004135600000154227
3038,0.01668680000011591,0.002155799999854935,0.0035239000003457477
3039,0.01598199999989447,0.0028652999999394524,0.003502900000057707
3040,0.017329400000107853,0.0017704000001685927,0.0035382999999455933
3041,0.018117099999926722,0.0016798000001472246,0.0035092000002805435
3042,0.015510200000335317,0.003965899999911926,0.0035578000001805776
3043,0.02085609999994631,0.0018264000000272063,0.0027036000001317007
3044,0.014299899999969057,0.003757599999971717,0.0034889999997176346
3045,0.012489100000038889,0.002673500000128115,0.0016089999999167048
3046,0.015243499999996857,0.003533999999945081,0.004478999999719235
3047,0.01931510000031267,0.00428250000004482,0.005163999999695079
3048,0.015658799999982875,0.003966299999774492,0.004181699999662669
3049,0.013583299999936571,0.002092599999741651,0.0016283999998449872
3050,0.013920299999881536,0.004261000000042259,0.0038939000000937085
3051,0.016090499999791064,0.004625300000043353,0.003242999999656604
3052,0.012657400000080088,0.0015218000003187626,0.0016931000000113272
3053,0.01462630000014542,0.00374050000027637,0.0030426999996961968
3054,0.01634139999987383,0.003373099999862461,0.003552500000296277
3055,0.016971000000012282,0.00248299999975643,0.0014555000002474117
3056,0.017206800000167277,0.0020922000003338326,0.0033616999999139807
3057,0.016210600000249542,0.0019282000002931454,0.0042155999999522464
3058,0.017230299999937415,0.004371200000150566,0.0040260000000671425
3059,0.01598809999995865,0.001658900000165886,0.0038242999999056337
3060,0.0176010000000133,0.003504499999962718,0.003957100000206992
3061,0.018868099999963306,0.004341899999872112,0.003742699999747856
3062,0.021643199999743956,0.004160999999839987,0.0036402999999154417
3063,0.016285599999719125,0.0018066999996335653,0.0043891999998777464
3064,0.016365700000278594,0.0042582999999467575,0.0037236999996821396
3065,0.016495500000019092,0.00370969999994486,0.003345800000261079
3066,0.012001499999769294,0.0020300000001043372,0.0028716000001622888
3067,0.013563999999860243,0.0016289999998662097,0.0037665999998353072
3068,0.013720700000249053,0.0036344999998618732,0.003277900000284717
3069,0.017833800000062183,0.0026934000002256653,0.003524799999922834
3070,0.019788600000083534,0.004468400000405381,0.004085699999905046
3071,0.015487799999846175,0.003918699999758246,0.002787999999782187
3072,0.01992710000013176,0.0018086000000039348,0.00187629999982164
3073,0.017322100000001228,0.004881099999693106,0.00435990000005404
3074,0.016874700000244047,0.003504399999656016,0.0040847000000212574
3075,0.01811009999983071,0.003172900000208756,0.0040518999999221705
3076,0.01682410000012169,0.003913300000021991,0.003536900000199239
3077,0.01313769999978831,0.0041972000003625,0.0033691999997245148
3078,0.015680299999985436,0.004247900000336813,0.0042409999996380066
3079,0.01842579999993177,0.0019029999998565472,0.002934799999820825
3080,0.01387220000015077,0.004304300000057992,0.0038976000000729982
3081,0.01537689999986469,0.0017935000000761647,0.0014688999999634689
3082,0.015223699999751261,0.00440279999975246,0.004167100000358914
3083,0.013033700000050885,0.004058099999838305,0.0024613999999019143
3084,0.0205564000002596,0.004005699999652279,0.0015450000000782893
3085,0.01196429999981774,0.004957699999977194,0.004595599999902333
3086,0.01743209999995088,0.001995300000089628,0.0030260999997153704
3087,0.015149599999858765,0.0036451999999371765,0.004186199999821838
3088,0.014267400000335329,0.002880700000332581,0.0014777999999751046
3089,0.013236799999958748,0.001682399999936024,0.004380799999580631
3090,0.01459290000002511,0.004325599999901897,0.00371690000019953
3091,0.019322299999657844,0.0045016999997642415,0.004380399999718065
3092,0.014374800000041432,0.0018550999998296902,0.002099899999848276
3093,0.009782699999959732,0.0021903000001657347,0.0016236000001299544
3094,0.009657999999944877,0.0037984999999025604,0.003790599999774713
3095,0.01640739999993457,0.0028445000002648158,0.003664099999696191
3096,0.014799999999922875,0.00470820000009553,0.00438460000032137
3097,0.01657619999969029,0.003612699999848701,0.0034196999999949185
3098,0.015077000000019325,0.0021754999997938285,0.004523300000073505
3099,0.01164939999989656,0.0028886999998576357,0.004162300000189134
3100,0.017679799999768875,0.0037821999999323452,0.005066699999588309
3101,0.016470099999878585,0.0018416999996588856,0.004263899999841669
3102,0.013177299999824754,0.0030071000001044013,0.003387199999906443
3103,0.018627700000251934,0.0020993000002818007,0.003607600000123057
3104,0.014600599999994301,0.002926099999967846,0.002640299999711715
3105,0.014437599999837403,0.0028474000000642263,0.0016114999998535495
3106,0.016462399999909394,0.003528100000039558,0.003601200000048266
3107,0.014473800000359915,0.0046339000000443775,0.0021018000002186454
3108,0.017174700000396115,0.0015951000000313797,0.0029383999999481603
3109,0.014794100000017352,0.0016786000001047796,0.0022134999999252614
3110,0.015829800000119576,0.001545900000110123,0.004671700000017154
3111,0.017816000000038912,0.005273700000088866,0.003666899999643647
3112,0.015688699999827804,0.003735199999937322,0.0036184000000503147
3113,0.01650389999986146,0.0017865999998321058,0.0035606000001280336
3114,0.01707010000018272,0.0024276000003737863,0.0015548000001217588
3115,0.015772799999922427,0.003865399999995134,0.002367300000059913
3116,0.01707269999997152,0.0020009999998364947,0.001635300000089046
3117,0.01689699999997174,0.005103799999687908,0.0015702000000601402
3118,0.015188499999567284,0.003926500000034139,0.004054799999721581
3119,0.015296900000066671,0.0024668999999448715,0.0029357999997046136
3120,0.014145399999961228,0.00223679999999149,0.002571800000168878
3121,0.018350099999679514,0.0026814999996531697,0.0035608999996838975
3122,0.01337359999979526,0.004035100000237435,0.003307699999822944
3123,0.011428299999806768,0.0037583999996968487,0.0034657000001061533
3124,0.013045000000147411,0.0036304000000200176,0.0017482000002928544
3125,0.01174959999980274,0.004727999999886379,0.004076899999745365
3126,0.018338800000037736,0.004675199999837787,0.0032851999999365944
3127,0.022930000000087603,0.0019266999997853418,0.002169999999750871
3128,0.1063664999996945,0.004850299999816343,0.004772700000103214
3129,0.019256600000062463,0.004598299999997835,0.0043362999999772
3130,0.015535799999724986,0.004504999999880965,0.004366699999991397
3131,0.017090899999857356,0.0017487999998593295,0.003119999999853462
3132,0.01881500000035885,0.0033856999998533865,0.0036962999997740553
3133,0.012713699999949313,0.00391170000011698,0.003968299999996816
3134,0.01641879999988305,0.003029200000128185,0.004223500000080094
3135,0.01734619999979259,0.002457099999901402,0.0030329000001074746
3136,0.017642799999975978,0.0015379999999822758,0.0034814999999071006
3137,0.016055599999617698,0.002235599999949045,0.0018867000003410794
3138,0.016443200000139768,0.0024441000000479107,0.0034888000000137254
3139,0.016866400000253634,0.00174990000004982,0.003087799999775598
3140,0.018544099999871833,0.0025821999997788225,0.0035066999998889514
3141,0.015533200000390934,0.0043995999999424384,0.001538800000162155
3142,0.010386999999809632,0.0032601000002614455,0.0022816999999122345
3143,0.018301699999938137,0.003642199999831064,0.0033149999999295687
3144,0.01938430000018343,0.0019666999996843515,0.0016050000003815512
3145,0.013092600000163657,0.0028201000000080967,0.003957200000058947
3146,0.015590900000006513,0.004850600000281702,0.0040484000001015374
3147,0.015884600000390492,0.001867599999968661,0.0016065999998318148
3148,0.017151100000319275,0.0039291000002776855,0.003379600000243954
3149,0.015751899999941088,0.0023600000004080357,0.0036698999997497594
3150,0.016401800000039657,0.0016476000000693602,0.0039037999999891326
3151,0.017268300000068848,0.0019051999997827807,0.0022302000002127897
3152,0.013745100000051025,0.0025491000001238717,0.003270199999860779
3153,0.016278999999940424,0.00437389999979132,0.0035318999998708023
3154,0.01706560000002355,0.005056800000147632,0.004028700000162644
3155,0.014499099999738974,0.002950500000224565,0.004457100000308856
3156,0.01877680000006876,0.004855600000155391,0.0037038000000393367
3157,0.01762619999999515,0.0019593000001805194,0.003365300000041316
3158,0.017548299999816663,0.004019699999844306,0.004318400000101974
3159,0.016430399999990186,0.004230300000017451,0.003951799999867944
3160,0.01419160000023112,0.004141200000049139,0.0032843999997567153
3161,0.017110099999626982,0.001985100000183593,0.0023936000002322544
3162,0.01714589999983218,0.0024443000002065673,0.0034262999997736188
3163,0.01649070000030406,0.0016537999999854947,0.0034193000001323526
3164,0.01922550000017509,0.001688400000148249,0.0024917000000641565
3165,0.017963400000098773,0.0023704000000179803,0.0016778000003796478
3166,0.00975090000019918,0.004171399999904679,0.001983599999675789
3167,0.01649330000009286,0.004334599999765487,0.0036875999999210762
3168,0.011576100000183942,0.005483299999923474,0.002296800000294752
3169,0.017817099999774655,0.0018468999996912316,0.002935199999683391
3170,0.016854500000135886,0.0029134999999769207,0.0042942000000039116
3171,0.015003199999682693,0.0023792000001776614,0.003708100000039849
3172,0.017679600000064966,0.004972799999904964,0.0016014000002542161
3173,0.017818699999679666,0.002410500000223692,0.0037543999997069477
3174,0.019204199999876437,0.0019505000000208383,0.002761700000064593
3175,0.017426200000045355,0.004652499999792781,0.004229899999700137
3176,0.01821849999987535,0.0016173999997590727,0.004127199999857112
3177,0.018418199999814533,0.002238000000033935,0.004423299999871233
3178,0.015536400000200956,0.004599800000050891,0.003691700000217679
3179,0.016177799999695708,0.004197900000235677,0.003521599999658065
3180,0.011978300000009767,0.001579799999944953,0.0027642000000014377
3181,0.017364699999689037,0.002976200000375684,0.0036669000000983942
3182,0.013052700000116602,0.001518000000032771,0.003951300000153424
3183,0.017314899999746558,0.0035755999997491017,0.004558600000109436
3184,0.01979269999992539,0.004520299999967392,0.004005100000085804
3185,0.017875900000035472,0.002650999999787018,0.003654099999948812
3186,0.017730500000197935,0.0027246999998169485,0.003550800000084564
3187,0.015118299999812734,0.0029319999998733692,0.00208199999997305
3188,0.015317899999899964,0.004168200000094657,0.003433699999732198
3189,0.014929099999790196,0.0018398000001980108,0.0026217999998152663
3190,0.012171300000318297,0.004784699999618169,0.0037661999999727414
3191,0.015495899999677931,0.002294000000347296,0.00151640000012776
3192,0.012773299999935261,0.0036743999999089283,0.003594299999804207
3193,0.014743100000032427,0.004023200000119687,0.0035918000003221096
3194,0.014689399999952002,0.002907399999912741,0.001408999999966909
3195,0.019741099999919243,0.0036740000000463624,0.003407200000310695
3196,0.012714599999981147,0.0035344999996596016,0.0023651999999856343
3197,0.01023299999997107,0.0019477000000733824,0.004448799999863695
3198,0.01619380000011006,0.0046677999998792075,0.004025300000193965
3199,0.016151199999967503,0.0019633000001704204,0.0037330000000110886
3200,0.016877500000191503,0.004277900000033696,0.004072799999903509
3201,0.017120100000283855,0.004602500000146392,0.002638100000240229
3202,0.02058309999983976,0.00384329999997135,0.0038895000002412417
3203,0.017124999999850843,0.003978799999913463,0.0037104999996699917
3204,0.01647210000010091,0.004674100000102044,0.004167000000052212
3205,0.01617339999984324,0.0017203000002155022,0.004208999999718799
3206,0.015873099999680562,0.0035483000001477194,0.002372899999954825
3207,0.016319500000008702,0.003052400000342459,0.0037234000001262757
3208,0.016255800000180898,0.00159140000005209,0.003414999999677093
3209,0.011856399999942369,0.001654099999996106,0.003909499999735999
3210,0.017558999999891967,0.001748599999700673,0.0035188000001653563
3211,0.01740109999991546,0.0018135000000256696,0.0024450000000797445
3212,0.014427000000068801,0.003916900000149326,0.0028628999998545623
3213,0.01735400000006848,0.0017957000000023982,0.002756200000021636
3214,0.011179900000115595,0.0023157000000537664,0.003889199999775883
3215,0.01873010000008435,0.0018063000002257468,0.0032644000002619578
3216,0.016863499999999476,0.003819900000053167,0.0035195000000385335
3217,0.018694700000196462,0.003897999999935564,0.0036331999999674736
3218,0.019396799999867653,0.00361769999972239,0.0030965000000833243
3219,0.015568700000130775,0.0026067000003422436,0.0022601999999096734
3220,0.015783400000145775,0.0017907000001287088,0.0035049000002800312
3221,0.016957400000137568,0.003963499999827036,0.004565500000353495
3222,0.019843300000047748,0.0018721000001278298,0.003183599999829312
3223,0.012814400000024762,0.0036472000001595006,0.00342480000017531
3224,0.01775679999991553,0.002880300000015268,0.0016230999999606865
3225,0.016260800000054587,0.0024241999999503605,0.0027755000000979635
3226,0.011827199999970617,0.0038791000001765497,0.0024720999999772175
3227,0.01610130000017307,0.0036375999998199404,0.003382000000328844
3228,0.020688999999947555,0.0017422000000806293,0.003355899999860412
3229,0.019067199999881268,0.0037586000003102527,0.0035010999999940395
3230,0.015754699999888544,0.0016845000000103028,0.003564800000276591
3231,0.01829039999984161,0.0036055999999007327,0.004131500000312371
3232,0.017625999999836495,0.0016453999996883795,0.0029675000000679574
3233,0.017041499999777443,0.004149700000198209,0.0033299000001534296
3234,0.015696899999966263,0.0033281999999417167,0.0032829000001584063
3235,0.01678249999986292,0.0021010000000387663,0.004343399999925168
3236,0.01912029999994047,0.0046950000000833825,0.0018420999999761989
3237,0.013395700000273791,0.0028084999999009597,0.0038543999999092193
3238,0.012921300000016345,0.0035366000001886277,0.002207300000009127
3239,0.013505200000054174,0.0015875999997660983,0.0037726000000475324
3240,0.016898899999887362,0.004677500000070722,0.004185100000086095
3241,0.019232300000112446,0.004232499999943684,0.003709899999648769
3242,0.018243600000005245,0.00362379999978657,0.0032647999996697763
3243,0.019845899999836547,0.0016691000000719214,0.0025028999998539803
3244,0.018871299999773328,0.0037290999998731422,0.004004599999916536
3245,0.0183708999998089,0.004594399999859888,0.004544599999917409
3246,0.020311600000241015,0.0019671999998536194,0.0029869999998481944
3247,0.013921799999934592,0.003925600000002305,0.003925400000298396
3248,0.0188865000000078,0.00320880000026591,0.0038404000001719396
3249,0.016044500000134576,0.00411549999989802,0.003482099999928323
3250,0.013802200000100129,0.004737300000215328,0.0018485999999029445
3251,0.01831709999987652,0.0045341000000007625,0.0034276999999747204
3252,0.018078399999922112,0.005086699999992561,0.00464849999980288
3253,0.012813300000289018,0.0018202999999630265,0.0030882999999448657
3254,0.022786099999848375,0.005165299999589479,0.0048010999998950865
3255,0.018262800000229618,0.0019204999998692074,0.003725199999735196
3256,0.01754879999998593,0.0019910999999410706,0.004505899999912799
3257,0.01938749999999345,0.0031727000000500993,0.0015763999999762746
3258,0.015727800000149728,0.0045781000003444206,0.003055099999983213
3259,0.017388799999935145,0.005271099999845319,0.004620400000021618
3260,0.020066699999915727,0.004671899999721063,0.0037739999997938867
3261,0.015258100000210106,0.0036843000002590998,0.003308100000140257
3262,0.020028999999794905,0.003682799999751296,0.00367519999963406
3263,0.01851200000010067,0.0040794999999889114,0.0038313000000016473
3264,0.016063699999904202,0.004453800000192132,0.0033235000000786385
3265,0.0193224999998165,0.0026921000003312656,0.003837799999928393
3266,0.01787370000010924,0.004265800000212039,0.0033344000003125984
3267,0.019489899999825866,0.004563199999665812,0.004284399999960442
3268,0.018006599999807804,0.002853399999821704,0.00422630000002755
3269,0.01985629999990124,0.0018334000001232198,0.0036666999999397376
3270,0.018831200000022363,0.004244100000050821,0.003490099999908125
3271,0.020160199999736506,0.004362399999990885,0.0036314999997557607
3272,0.02197070000011081,0.0018961999999191903,0.004167100000358914
3273,0.12172679999957836,0.0056151000003410445,0.004593000000113534
3274,0.01647759999968912,0.0036626999999498366,0.00330020000001241
3275,0.0162187000000813,0.0043344999999135325,0.0015788999999131192
3276,0.022805399999924703,0.0039056000000528,0.0035379000000830274
3277,0.015846000000237837,0.003722799999650306,0.003353700000388926
3278,0.017607000000225526,0.004554999999982101,0.003535000000283617
3279,0.017431199999919045,0.0027479999998831772,0.0034141999999519612
3280,0.01709389999996347,0.0032578999998804647,0.0029580000000350992
3281,0.013005400000110967,0.002439200000026176,0.0017672999997557781
3282,0.01843780000035622,0.002389299999776995,0.004278899999917485
3283,0.01572500000020227,0.003630199999861361,0.004311199999847304
3284,0.016073299999789015,0.004791199999999662,0.004068200000347133
3285,0.014925200000106997,0.004688899999564455,0.004605999999967025
3286,0.01586330000009184,0.0023912000001473643,0.004233299999668816
3287,0.019841700000142737,0.004637300000013056,0.003911100000095757
3288,0.018045400000119116,0.0046962000001258275,0.00370359999988068
3289,0.01595850000012433,0.005359100000077888,0.001734299999952782
3290,0.012860100000125385,0.0026424999996379483,0.0034542999997029256
3291,0.016174999999748252,0.002776699999685661,0.003401899999971647
3292,0.019872400000167545,0.0019910999999410706,0.0035044000001107634
3293,0.017798600000332954,0.003706399999828136,0.003324799999973038
3294,0.0194390999999996,0.004410699999880308,0.0044164000000819215
3295,0.01605779999999868,0.004324300000007497,0.0036600000003090827
3296,0.01616779999994833,0.0049036999998861575,0.004701899999872694
3297,0.019406699999763077,0.00413909999997486,0.003633600000284787
3298,0.016214899999795307,0.005131399999754649,0.003491699999813136
3299,0.017482700000073237,0.003018800000063493,0.004318900000271242
3300,0.012875800000074378,0.005066400000032445,0.0035173999999642547
3301,0.022585300000173447,0.004673299999922165,0.004323500000282365
3302,0.01615670000001046,0.0044382999999470485,0.0015064999997775885
3303,0.020776300000306946,0.0017310999996880128,0.001974099999642931
3304,0.01273540000011053,0.00511350000033417,0.0042346999998699175
3305,0.015866799999912473,0.004121100000247679,0.0037133999999241496
3306,0.01750850000007631,0.004564000000300439,0.004565499999898748
3307,0.016402499999912834,0.003946199999973032,0.0033228000002054614
3308,0.017158000000108586,0.0033417999998164305,0.003826699999990524
3309,0.02248890000009851,0.0017958000003091001,0.003721300000051997
3310,0.018938799999887124,0.003097299999808456,0.0014860999999655178
3311,0.014948000000003958,0.004576499999984662,0.0041688999999678344
3312,0.021074400000088644,0.0017317000001639826,0.0025061000001187494
3313,0.019161300000178016,0.001595799999904557,0.003541999999924883
3314,0.02046730000029129,0.0039729000000079395,0.00357960000019375
3315,0.01428540000006251,0.0016966000002867077,0.0031424999997398118
3316,0.020619899999928748,0.004476499999782391,0.004049899999699846
3317,0.01816929999995409,0.0016239999999925203,0.0030821000000287313
3318,0.01960830000007263,0.003564799999821844,0.003012699999999313
3319,0.016723799999908806,0.004284599999664351,0.003645799999958399
3320,0.016154999999798747,0.0016377000001739361,0.002621600000111357
3321,0.01827869999988252,0.004213000000163447,0.003817499999968277
3322,0.017990099999678932,0.0017659000000094238,0.0033532000002196582
3323,0.018123600000308215,0.004386300000078336,0.004298299999845767
3324,0.0130460000000312,0.0040260000000671425,0.003973099999711849
3325,0.015660600000046543,0.0018768999998428626,0.0033719999996719707
3326,0.016594399999576126,0.0020943999998053187,0.003924299999653158
3327,0.017415999999684573,0.0016233999999712978,0.003200399999968795
3328,0.01695530000006329,0.0025562999999237945,0.0039904000000206
3329,0.015776799999912328,0.004388599999856524,0.003958400000101392
3330,0.019761100000323495,0.0034085000002050947,0.0015041999999994005
3331,0.013596299999790062,0.00427029999991646,0.0038470999998025945
3332,0.016956299999947078,0.005007900000236987,0.004182300000138639
3333,0.017824900000050548,0.004257300000062969,0.004019199999675038
3334,0.018039500000213593,0.0016194999998333515,0.0037937000001875276
3335,0.020816700000068522,0.003296399999726418,0.004433699999935925
3336,0.014420500000142056,0.004276000000118074,0.00413559999969948
3337,0.012287900000046648,0.004367200000160665,0.004777799999828858
3338,0.017113400000198453,0.003922699999748147,0.0038038000002416084
3339,0.015448699999978999,0.003952600000047823,0.0038792000000285043
3340,0.01778199999989738,0.003623099999913393,0.003275399999893125
3341,0.01870420000022932,0.002978800000164483,0.0031280000002880115
3342,0.016160199999831093,0.0025087999997595034,0.003364799999872048
3343,0.01797759999999471,0.0038300000001072476,0.004108099999939441
3344,0.017412100000001374,0.0033057999999073218,0.004328500000156055
3345,0.021670800000265444,0.0040530999999646156,0.0037149999998291605
3346,0.015336399999796413,0.0034259999997630075,0.00334549999979572
3347,0.02094759999999951,0.004351799999767536,0.001723500000025524
3348,0.015734399999928428,0.004077800000231946,0.004059699999743316
3349,0.016556600000058097,0.0047116999999161635,0.003972100000282808
3350,0.019096199999694363,0.002093600000080187,0.00415240000029371
3351,0.017208299999765586,0.0024210999999922933,0.0033830000002126326
3352,0.017822699999669567,0.004839200000333221,0.004369799999949464
3353,0.018156099999941944,0.0021094000003358815,0.0034385000003567256
3354,0.01531329999988884,0.001659999999901629,0.002119499999935215
3355,0.013986299999942275,0.0032880000003387977,0.0037388999999166117
3356,0.01635840000017197,0.0016915000001063163,0.003108599999904982
3357,0.018827299999884417,0.00357239999993908,0.0030772000000069966
3358,0.016275799999675655,0.004111700000066776,0.001730299999962881
3359,0.017250300000341667,0.0021591999998236133,0.004214600000068458
3360,0.021466199999849778,0.004669499999636173,0.004388400000152615
3361,0.015762500000164437,0.0017342000001008273,0.003595099999984086
3362,0.01724149999972724,0.00519029999986742,0.004113599999982398
3363,0.017245899999579706,0.0017928000002029876,0.0031055999997988692
3364,0.018239099999846076,0.005418700000063836,0.005038799999965704
3365,0.018335900000238325,0.004900900000393449,0.004113200000119832
3366,0.020072799999979907,0.005687299999863171,0.004340300000421848
3367,0.0191741000003276,0.004115300000194111,0.003724200000306155
3368,0.01850560000002588,0.0038321000001815264,0.004024599999866041
3369,0.017717300000185787,0.0017121999999289983,0.002629999999953725
3370,0.010648099999798433,0.00491760000022623,0.004440499999873282
3371,0.01482480000004216,0.005750700000135112,0.004832500000247819
3372,0.021792900000036752,0.002736099999765429,0.001441299999896728
3373,0.016903300000194577,0.003637799999978597,0.0034708000002865447
3374,0.01619639999989886,0.0016805000000204018,0.002096400000027643
3375,0.016110000000026048,0.0016558000002078188,0.0036936000001333014
3376,0.010428000000047177,0.0038346999999703257,0.0033229999999093707
3377,0.019332899999881192,0.0030115999998088228,0.004470899999887479
3378,0.02225140000018655,0.0038356000000021595,0.004326300000229821
3379,0.017751099999713915,0.0045988000001671026,0.004354599999714992
3380,0.01905399999986912,0.004513700000188692,0.0044539000000440865
3381,0.020974200000182464,0.005047999999987951,0.003581700000268029
3382,0.01981340000020282,0.004940600000281847,0.003824599999916245
3383,0.02043759999969552,0.0023898999997982173,0.0022199000000000524
3384,0.020079100000202743,0.0025630999998611514,0.0038187999998626765
3385,0.013905400000112422,0.003942899999856309,0.003812299999935931
3386,0.016280599999845435,0.004967000000306143,0.004209499999888067
3387,0.022154700000101002,0.00464349999992919,0.004534900000180642
3388,0.013635600000270642,0.0038713999997526116,0.003894099999797618
3389,0.017996099999891157,0.0032258000001093023,0.004262899999957881
3390,0.016497900000103982,0.004603900000347494,0.0034840999996959
3391,0.01446189999978742,0.0037373999998635554,0.0015133000001696928
3392,0.013113399999838293,0.003838199999790959,0.0036208999999871594
3393,0.021472299999913957,0.0017213999999512453,0.003546800000094663
3394,0.019670399999995425,0.004376899999897432,0.004204500000014377
3395,0.01898510000000897,0.00489709999965271,0.004181299999800103
3396,0.021281900000303722,0.004175600000053237,0.004104499999812106
3397,0.018215300000065326,0.003433699999732198,0.003550299999915296
3398,0.019523300000400923,0.0026339000000916712,0.0039416999998138635
3399,0.01108539999995628,0.0023702999997112784,0.004566300000078627
3400,0.01607220000005327,0.004507699999976467,0.001602199999979348
3401,0.015074700000241137,0.0044900999996571045,0.0037265999999362975
3402,0.017772600000171224,0.004167800000232091,0.004358000000138418
3403,0.020866800000021613,0.0037375000001702574,0.0034345000003668247
3404,0.01964910000015152,0.0042140000000472355,0.004558800000268093
3405,0.019411300000228948,0.004843199999868375,0.0026493999998820073
3406,0.018911600000137696,0.004495600000154809,0.004085000000031869
3407,0.020542000000205007,0.0017465000000811415,0.0033492000002297573
3408,0.017307099999925413,0.004341300000305637,0.0035459000000628293
3409,0.017271100000016304,0.00455290000036257,0.004082299999936367
3410,0.011241900000186433,0.003821499999958178,0.004134700000122393
3411,0.020292500000323344,0.0047094000001379754,0.0042671000001064385
3412,0.01660280000032799,0.0019972000000052503,0.003971399999954883
3413,0.016381299999920884,0.004037300000163668,0.0036203999998178915
3414,0.019500399999742513,0.004401700000016717,0.0039895999998407206
3415,0.015558799999780604,0.0038779999999860593,0.0037038000000393367
3416,0.01697089999970558,0.004978299999947922,0.004591400000208523
3417,0.02248639999970692,0.0017213999999512453,0.0026287000000593252
3418,0.10782590000007986,0.0032827999998517043,0.003901899999618763
3419,0.016070000000127038,0.0016625999996904284,0.0032048999996732164
3420,0.016468399999666872,0.0037295000001904555,0.0036604000001716486
3421,0.015692600000420498,0.0015729000001556415,0.0021547999999711465
3422,0.01903069999980289,0.003915199999937613,0.003434599999764032
3423,0.015303399999993417,0.003851900000427122,0.004158700000061799
3424,0.020595699999830686,0.0021348000000216416,0.004226000000016938
3425,0.016158399999767425,0.0036856000001534994,0.0033575000002201705
3426,0.019899399999758316,0.0028862999997727457,0.0016571000001022185
3427,0.021877800000311254,0.004208399999697576,0.00367580000011003
3428,0.019736199999897508,0.0018620999999257037,0.002983599999879516
3429,0.016319999999723223,0.0019237999999859312,0.003314099999897735
3430,0.017318799999884504,0.0016356000000996573,0.003019300000232761
3431,0.019034299999930226,0.00236380000023928,0.0034644000002117536
3432,0.01695339999969292,0.003908900000169524,0.003469400000085443
3433,0.018634000000020023,0.004582199999731529,0.0035748999998759245
3434,0.018718799999987823,0.0041234000000258675,0.004296400000384892
3435,0.01633780000020124,0.003892100000030041,0.0033096000001933135
3436,0.011337599999933445,0.0016427999998995801,0.002130200000010518
3437,0.018966999999975087,0.004873700000189274,0.004354800000328396
3438,0.019357599999693775,0.0027352000001883425,0.00439860000005865
3439,0.02042280000023311,0.004754999999931897,0.0029884999999012507
3440,0.01548000000002503,0.004270699999779026,0.002383800000188785
3441,0.017466400000103022,0.0034768000000440225,0.003572699999949691
3442,0.014548799999829498,0.002881900000375026,0.003925299999991694
3443,0.016453700000056415,0.003113599999778671,0.0035216000001128123
3444,0.01608140000007552,0.0015321000000767526,0.0035903000002690533
3445,0.01766239999960817,0.0026010000001406297,0.0035511000000951753
3446,0.016613999999663065,0.00422019999996337,0.0038721999999324908
3447,0.021214900000359194,0.0029970000000503205,0.0024038000001382898
3448,0.015859500000260596,0.004841200000100798,0.003910899999937101
3449,0.01576260000001639,0.004773399999976391,0.004415699999753997
3450,0.01902719999998226,0.0018280000003869645,0.0031933000000208267
3451,0.016673699999955716,0.004286800000045332,0.003812999999809108
3452,0.022050700000363577,0.0038515000001098088,0.003592000000026019
3453,0.02182310000034704,0.004702799999904528,0.004157100000156788
3454,0.019024700000045414,0.0016312999996443978,0.00342350000028091
3455,0.016256999999768595,0.004320800000186864,0.003807900000083464
3456,0.01646759999994174,0.003545600000052218,0.0038859000001139066
3457,0.01733379999996032,0.004933400000027177,0.0037201999998615065
3458,0.016831000000365748,0.005086500000288652,0.00417669999978898
3459,0.01824029999988852,0.00464349999992919,0.004215899999962858
3460,0.02107469999964451,0.0017205999997713661,0.0032412999998996384
3461,0.015352000000348198,0.002830400000220834,0.00331289999985529
3462,0.02016840000032971,0.0015674000001126842,0.003919999999652646
3463,0.015557499999886204,0.004234499999711261,0.004308099999889237
3464,0.01056960000005347,0.004621300000053452,0.0042167999999946915
3465,0.019732500000372966,0.003834999999980937,0.0016396000000895583
3466,0.022583899999972346,0.0017913000001499313,0.003619399999934103
3467,0.016101000000162458,0.002950900000087131,0.004178500000307395
3468,0.016875399999662477,0.004038900000068679,0.003717300000062096
3469,0.019442000000253756,0.003752399999939371,0.0032976000002236106
3470,0.020012400000268826,0.0038361000001714274,0.0037149999998291605
3471,0.015594599999985803,0.004124200000205747,0.0037001999999120017
3472,0.01885790000005727,0.0023823999999876833,0.0032176999998227984
3473,0.014298800000233314,0.0016776000002209912,0.003765599999951519
3474,0.016901200000120298,0.003207100000054197,0.0036264000000301166
3475,0.015225099999952363,0.003020800000285817,0.004322100000081264
3476,0.017252099999950588,0.004486700000143173,0.00430129999995188
3477,0.016842999999880703,0.0018966999996337108,0.003497700000025361
3478,0.01982640000005631,0.003896100000019942,0.0035963999998784857
3479,0.01579829999991489,0.0018476000000191561,0.0036795999999412743
3480,0.014521900000090682,0.0015486000002056244,0.0034061000001202046
3481,0.017994399999679445,0.0049307999997836305,0.004597500000272703
3482,0.021112799999627896,0.004503999999997177,0.0044047999999747844
3483,0.01707929999975022,0.003838099999939004,0.0013260999999147316
3484,0.02147370000011506,0.00464609999971799,0.0017422999999325839
3485,0.017606899999918824,0.00487520000024233,0.002546100000017759
3486,0.0202091000001019,0.0018695000003390305,0.003837100000055216
3487,0.01539890000003652,0.00182489999997415,0.003865000000132568
3488,0.012104700000236335,0.005047499999818683,0.004524599999967904
3489,0.017950500000097236,0.0020088000001123874,0.003970099999605736
3490,0.02029069999980493,0.001893099999961123,0.0041919999998754065
3491,0.021103400000356487,0.0017947000001186098,0.0022656999999526306
3492,0.017023500000050262,0.0040248000000246975,0.0035668999998961226
3493,0.01869139999962499,0.004375700000309735,0.00397819999989224
3494,0.017729899999721965,0.004612100000031205,0.0035394999999880383
3495,0.022320200000194745,0.0048659000003681285,0.004553499999929045
3496,0.019959000000199012,0.0029457999999067397,0.0040584000003036635
3497,0.02110549999997602,0.0022103000001152395,0.001427000000148837
3498,0.015549200000350538,0.0041350000001330045,0.003725300000041898
3499,0.016096400000151334,0.0016335999998773332,0.0019228999999540974
3500,0.01659319999998843,0.002258400000300753,0.003540000000157306
3501,0.017215500000020256,0.004269399999884627,0.003627399999913905
3502,0.02312389999997322,0.0018420999999761989,0.0028652999999394524
3503,0.01854109999976572,0.002915300000040588,0.00398799999993571
3504,0.022535400000379013,0.004035899999962567,0.0035613000000012107
3505,0.014015499999914027,0.0030480000000352447,0.0033627999996497238
3506,0.015259899999819027,0.004306299999825569,0.003914500000064436
3507,0.0206530999998904,0.001696799999990617,0.003709800000251562
3508,0.016880099999980303,0.0019044999999096035,0.0035069999998995627
3509,0.017651300000125048,0.004266899999947782,0.0015519999997195555
3510,0.017421900000044843,0.004624100000000908,0.004089699999894947
3511,0.017302200000358425,0.0019993999999314838,0.003611900000123569
3512,0.016906599999856553,0.0036863000000266766,0.0035401999998612155
3513,0.015418200000112847,0.004281300000002375,0.0033415000002605666
3514,0.0189314999997805,0.004009599999790225,0.00444519999973636
3515,0.01700040000014269,0.004577300000164541,0.0037852999998904124
3516,0.016395899999679386,0.0016218999999182415,0.004141200000049139
3517,0.0104750000000422,0.0016810000001896697,0.001991399999951682
3518,0.016860199999882752,0.003470499999821186,0.0034165000001848966
3519,0.017663699999957316,0.0032995999999911874,0.003412999999909516
3520,0.015559200000097917,0.0054881000000932545,0.0017255000002478482
3521,0.015825299999960407,0.003767600000173843,0.0034236999999848194
3522,0.01822569999967527,0.001770700000179204,0.002718600000207516
3523,0.01682600000003731,0.001627800000278512,0.0013808000003336929
3524,0.012885400000413938,0.0043034000000261585,0.0039055000002008455
3525,0.016788199999609787,0.003820700000233046,0.0033160000002681045
3526,0.024490400000104273,0.002489799999693787,0.0025082000001930282
3527,0.016483299999890733,0.004712200000085431,0.004015500000150496
3528,0.011970600000040577,0.0038189000001693785,0.00422500000013315
3529,0.016566799999964132,0.004931200000100944,0.0044903000002705085
3530,0.016180099999928643,0.004651799999919604,0.004355000000032305
3531,0.01046200000018871,0.004924899999878107,0.003958799999963958
3532,0.019093899999916175,0.0023224999999911233,0.0017739999998411804
3533,0.017194500000186963,0.004134499999963737,0.004449200000181008
3534,0.020215600000028644,0.002498000000286993,0.0035488000003169873
3535,0.015943699999752425,0.0026717000000644475,0.003805900000315887
3536,0.017225600000074337,0.0027992999998787127,0.003344400000059977
3537,0.021481300000232295,0.005262799999854906,0.004608299999745213
3538,0.020242900000084774,0.004826299999876937,0.0034927000001516717
3539,0.021369600000070932,0.001967400000012276,0.001539500000035332
3540,0.019114499999886903,0.004811599999811733,0.004630500000075699
3541,0.015752600000269013,0.003857700000025943,0.0036821999997300736
3542,0.02049699999997756,0.0028982999997424486,0.004451099999641883
3543,0.019901900000149908,0.005166999999801192,0.0023482999999941967
3544,0.021649799999977404,0.0019073000003118068,0.003192800000306306
3545,0.019511599999987084,0.004077500000221335,0.004378499999802443
3546,0.011038499999813212,0.003797899999881338,0.0034117000000151165
3547,0.021129299999756768,0.0018418999998175423,0.003799500000241096
3548,0.017972399999962363,0.003923700000086683,0.003947200000311568
3549,0.017451700000037818,0.0016502999997101142,0.0033985999998549232
3550,0.024495999999999185,0.0018098000000463799,0.003958799999963958
3551,0.01373490000014499,0.004034699999920122,0.0037839999999960128
3552,0.017222399999809568,0.003975399999944784,0.0026828000000023167
3553,0.01261449999992692,0.004017100000055507,0.0036368000000948086
3554,0.023332700000082696,0.004225799999858282,0.004528100000243285
3555,0.013140499999735766,0.004017900000235386,0.003276700000242272
3556,0.01805999999987762,0.0017005999998218613,0.003827000000001135
3557,0.017893700000058743,0.004695600000104605,0.003506200000174431
3558,0.01712229999975534,0.001744300000154908,0.0033192000000781263
3559,0.014904300000125659,0.004632799999853887,0.003733099999863043
3560,0.021619399999963207,0.005159800000001269,0.004635699999653298
3561,0.02252749999979642,0.004109099999823229,0.0036572000003616267
3562,0.017494800000349642,0.004434699999819713,0.004047999999784224
3563,0.12383970000018962,0.0016829999999572465,0.003276099999766302
3564,0.023505899999690882,0.003484300000309304,0.00357110000004468
3565,0.020191699999941193,0.001670900000135589,0.0024932999999691674
3566,0.014611300000069605,0.0016701000004104571,0.00340120000009847
3567,0.01536770000029719,0.003071399999953428,0.003178399999796966
3568,0.018560299999990093,0.0037127000000509724,0.003611499999806256
3569,0.020090199999685865,0.002029199999924458,0.0032876000000214844
3570,0.016246700000010605,0.002393800000390911,0.0033995999997387116
3571,0.016139400000156456,0.0019935000000259606,0.0033252000002903515
3572,0.0161417999997866,0.0038399000000026717,0.003543199999967328
3573,0.016213100000186387,0.005602700000054028,0.003943499999877531
3574,0.019616000000041822,0.0031855000001996814,0.0035955999996986066
3575,0.019101599999885366,0.003948999999920488,0.003500899999835383
3576,0.015049800000269897,0.0039059000000634114,0.003421500000058586
3577,0.0218099999997321,0.004094800000075338,0.003689699999995355
3578,0.013492500000211294,0.0043386000002101355,0.0017902999998113955
3579,0.017276200000196695,0.0036390999998729967,0.0034721999995781516
3580,0.010118799999872863,0.004486700000143173,0.004137399999763147
3581,0.015167699999892648,0.0018606000003273948,0.004126999999698455
3582,0.021153099999992264,0.0016995000000861182,0.00320949999968434
3583,0.01810490000025311,0.0018566999997347011,0.004284600000119099
3584,0.020501799999692594,0.004651800000374351,0.004192500000044674
3585,0.020723999999972875,0.002285600000050181,0.0030225000000427826
3586,0.02042329999994763,0.001931499999955122,0.0016466000001855718
3587,0.016651399999773275,0.004110299999865674,0.003523200000017823
3588,0.01414440000007744,0.0017880000000332075,0.004022499999791762
3589,0.012043000000176107,0.0024080999996840546,0.003087699999923643
3590,0.017754799999693205,0.00543119999974806,0.003983999999945809
3591,0.013463799999954063,0.004940399999668443,0.003983200000220677
3592,0.018377500000042346,0.0037741000001005887,0.003000799999881565
3593,0.009742400000050111,0.004606899999998859,0.0033024000003933907
3594,0.019503600000007282,0.0035056000001532084,0.004661299999952462
3595,0.017729200000303535,0.001683200000115903,0.0014274000000114029
3596,0.015693499999997584,0.0037535000001298613,0.0033151000002362707
3597,0.014195100000051752,0.003944800000226678,0.0034316999999646214
3598,0.010660099999768136,0.004504500000166445,0.003835699999854114
3599,0.01632419999987178,0.00195499999972526,0.0031221999997796956
3600,0.01724530000001323,0.003672899999855872,0.0037727999997514416
3601,0.018179200000304263,0.004082299999936367,0.0035594000000855885
3602,0.017695399999865913,0.004086699999788834,0.0036626999999498366
3603,0.01404339999999138,0.0048144000002139364,0.0037607000003845314
3604,0.015623499999946944,0.005138299999998708,0.0044669999997495324
3605,0.017273499999646447,0.00467499999967913,0.004579200000080164
3606,0.020814799999698153,0.004749899999751506,0.004366600000139442
3607,0.02163749999999709,0.004463499999928899,0.0036648000000241154
3608,0.018066799999814975,0.004312000000027183,0.004782599999998638
3609,0.017955999999685446,0.0032710999998926127,0.00412529999994149
3610,0.016127100000176142,0.00208070000007865,0.003528499999902124
3611,0.02100190000010116,0.0020666000000346685,0.004229699999996228
3612,0.015834199999972043,0.004977799999778654,0.0035863999996763596
3613,0.01839620000009745,0.005053399999724206,0.004282899999907386
3614,0.021014299999933428,0.0035658000001603796,0.0034439999999449356
3615,0.018466600000010658,0.004405600000154664,0.005183299999771407
3616,0.019345499999872118,0.0032857000001058623,0.0036746999999195396
3617,0.012030500000037136,0.0036337000001367414,0.003263799999785988
3618,0.018458999999893422,0.0050900999999612395,0.004580199999963952
3619,0.01907630000005156,0.004140700000334618,0.003949399999783054
3620,0.018216700000266428,0.004348200000094948,0.004487800000333664
3621,0.017671200000222598,0.0044421999996302475,0.002653900000041176
3622,0.017904600000292703,0.0029546999999183754,0.003548500000306376
3623,0.016852400000061607,0.002287499999965803,0.0035353999996914354
3624,0.014020599999639671,0.004092000000127882,0.004000299999916024
3625,0.01678230000015901,0.004585299999689596,0.003369200000179262
3626,0.011953799999901094,0.003921800000171061,0.003973300000325253
3627,0.017789900000025227,0.0018617999999150925,0.003102099999978236
3628,0.018405400000119698,0.0018859000001612003,0.0023821999998290266
3629,0.022295499999927415,0.004246500000135711,0.004317200000059529
3630,0.014389500000106636,0.0036955000000489235,0.0033348000001751643
3631,0.01648750000003929,0.0023012999999991735,0.0035061999997196835
3632,0.016449700000066514,0.003826600000138569,0.0034839999998439453
3633,0.017357199999878503,0.003878900000017893,0.003432400000292546
3634,0.01605070000005071,0.002876300000025367,0.0016904000003705733
3635,0.02097139999978026,0.0015579999999317806,0.0038506999999299296
3636,0.018164399999932357,0.004320699999880162,0.004271900000276219
3637,0.016026000000238128,0.0024014000000533997,0.003534899999976915
3638,0.012103900000056456,0.003612599999996746,0.003119699999842851
3639,0.01920800000016243,0.003293699999630917,0.0035771000002569053
3640,0.022136199999749806,0.00420029999986582,0.00378160000036587
3641,0.011229499999899417,0.0019678000003295892,0.002121399999850837
3642,0.01148349999994025,0.002263399999719695,0.0042218999997203355
3643,0.017701999999644613,0.0027420000001256994,0.003662600000097882
3644,0.01589719999992667,0.0034703999999692314,0.0035575000001699664
3645,0.015700099999776285,0.001659999999901629,0.0014286999999058025
3646,0.012935700000070938,0.0026845000002140296,0.002504300000055082
3647,0.011204100000213657,0.0023280000000340806,0.0033733999998730724
3648,0.019460299999991548,0.0043218000000706525,0.00388329999987036
3649,0.016114699999889126,0.001926299999922776,0.0034910999997919134
3650,0.010895700000219222,0.0024198999999498483,0.002055200000086188
3651,0.009946600000148464,0.0037035000000287255,0.0036918999999215885
3652,0.017931899999894085,0.004840500000227621,0.004610299999967538
3653,0.019548399999621324,0.003726500000084343,0.003445900000315305
3654,0.018849199999749544,0.004393900000195572,0.003748500000256172
3655,0.013036900000315654,0.003679400000237365,0.0034983999998985382
3656,0.01422969999975976,0.004217000000153348,0.00457830000004833
3657,0.017820100000335515,0.00250720000030924,0.0040975000001708395
3658,0.020178599999781,0.004885800000010931,0.004121200000099634
3659,0.018460100000083912,0.00166159999980664,0.0034491999999772815
3660,0.018588099999760743,0.0018786000000545755,0.003557600000021921
3661,0.015643700000055105,0.0017204999999194115,0.00339510000003429
3662,0.0167873000000327,0.003595499999846652,0.003711199999997916
3663,0.017623700000058307,0.003612299999986135,0.003365199999734614
3664,0.016226000000187923,0.0036083999998481886,0.0034421000000293134
3665,0.017102100000101927,0.003185999999914202,0.0033167999999932363
3666,0.016956699999809643,0.003757200000109151,0.0035329999996065453
3667,0.014869999999973516,0.004070099999808008,0.0035235000000284344
3668,0.014820100000179082,0.004731900000024325,0.004138200000397774
3669,0.016188299999612354,0.0023514999998042185,0.004295700000056968
3670,0.01742450000028839,0.0034620999999788182,0.004649199999676057
3671,0.022638200000073994,0.002551800000219373,0.004241300000103365
3672,0.013969000000088272,0.004580599999826518,0.0035944999999628635
3673,0.01707299999998213,0.0016804000001684471,0.002712999999857857
3674,0.016208500000175263,0.002482700000200566,0.004553500000383792
3675,0.016874499999630643,0.002898499999901105,0.003370500000073662
3676,0.017227700000148616,0.0032242000002042914,0.004256300000179181
3677,0.017377899999701185,0.0026003000002674526,0.003644200000053388
3678,0.01821959999961109,0.002646199999617238,0.0035511000000951753
3679,0.020363199999792414,0.004159900000104244,0.0036992000000282133
3680,0.021076999999877444,0.0018463000001247565,0.0027395000001888548
3681,0.0181152000000111,0.0035251999997854,0.003788400000303227
3682,0.015312900000026275,0.005280200000015611,0.004252499999893189
3683,0.016631100000267907,0.002199999999902502,0.002683600000182196
3684,0.014049299999896903,0.002083899999888672,0.0036156000001028588
3685,0.015857899999900837,0.00364129999979923,0.003283000000010361
3686,0.01996999999983018,0.0027309000001878303,0.002571800000168878
3687,0.00993079999989277,0.0016313000000991451,0.0038085000001046865
3688,0.01362459999972998,0.0017284999998992134,0.0031914000001052045
3689,0.017224300000179937,0.0036796000003960216,0.0034723999997368082
3690,0.015772199999901204,0.003757899999982328,0.0034297000001970446
3691,0.016755000000102882,0.001936300000124902,0.003318600000056904
3692,0.016847100000177306,0.0031870000002527377,0.004232499999943684
3693,0.017424900000150956,0.004388500000004569,0.003776300000026822
3694,0.01994379999996454,0.00166399999989153,0.0030475999997179315
3695,0.014340700000047946,0.0016169000000445521,0.003492099999675702
3696,0.01837729999988369,0.002446399999826099,0.0034728000000541215
3697,0.015122700000119949,0.004320600000028207,0.003553099999862752
3698,0.01729829999976573,0.0024923999999373336,0.003283000000010361
3699,0.01574750000008862,0.0030138000001898035,0.0027729999997063715
3700,0.016912799999772687,0.0033004999995682738,0.00430899999992107
3701,0.015310999999655905,0.004198000000087632,0.0036549000001286913
3702,0.017264200000226992,0.0038263999999799125,0.003579200000331184
3703,0.012988700000278186,0.004382599999644299,0.0038887000000613625
3704,0.016666299999997136,0.0042994000000362576,0.003731999999672553
3705,0.016221800000039366,0.0017444000000068627,0.0034196999999949185
3706,0.014511700000184646,0.004036499999983789,0.0033733999998730724
3707,0.02118930000006003,0.0015951999998833344,0.0026307000002816494
3708,0.11707810000007157,0.004027299999961542,0.0033219000001736276
3709,0.01660360000005312,0.0019008000003850611,0.003238700000110839
3710,0.013350100000025122,0.004620400000021618,0.004270599999927072
3711,0.01675420000037775,0.0044060000000172295,0.005040900000039983
3712,0.01977409999972224,0.003660599999875558,0.003867800000080024
3713,0.021327299999938987,0.004176800000095682,0.0038369000003513065
3714,0.015321400000175345,0.0037092999996275466,0.003527099999701022
3715,0.018046700000013516,0.005454699999972945,0.0019434000000728702
3716,0.014096800000061194,0.0034774999999171996,0.0038203999997676874
3717,0.017567500000041036,0.003924800000277173,0.003958099999636033
3718,0.016316400000050635,0.001679999999851134,0.003947400000015477
3719,0.01641349999999875,0.0018036999999822,0.004510099999606609
3720,0.01804020000008677,0.001634399999602465,0.0015729000001556415
3721,0.01773880000018835,0.003958199999942735,0.003160100000059174
3722,0.014048300000013114,0.0036252999998396263,0.0035367000000405824
3723,0.014579400000002352,0.0015164999999797146,0.003327299999909883
3724,0.01620679999996355,0.003825900000265392,0.004238199999690551
3725,0.019941600000038306,0.001760300000114512,0.002870199999961187
3726,0.01590119999991657,0.004027500000120199,0.0033438999998907093
3727,0.02046420000033322,0.005043099999966216,0.004625399999895308
3728,0.02169709999998304,0.004545199999938632,0.004266599999937171
3729,0.017527999999856547,0.002472599999691738,0.0035778000001300825
3730,0.020928599999933795,0.0037692999999308086,0.00358749999986685
3731,0.01704280000012659,0.0030013000000508328,0.003633600000284787
3732,0.015195899999980611,0.0035085999998045736,0.0028454000002966495
3733,0.01649139999972249,0.0035843999999087828,0.0035309999998389685
3734,0.016651899999942543,0.004161500000009255,0.004291700000067067
3735,0.017231299999821204,0.0028708999998343643,0.0033303000000159955
3736,0.01494860000002518,0.003787799999827257,0.0035295000002406596
3737,0.020755000000008295,0.004493499999625783,0.0043813000002046465
3738,0.022998400000233232,0.00372960000004241,0.002809099999922182
3739,0.021838900000147987,0.0018399000000499655,0.0027745999996113824
3740,0.016587799999797426,0.0052937000000383705,0.004715999999916676
3741,0.01725609999994049,0.005296600000292528,0.004984400000012101
3742,0.021154800000203977,0.00412529999994149,0.0037028000001555483
3743,0.01622959999986051,0.004995899999812536,0.004112199999781296
3744,0.017717000000175176,0.003344900000229245,0.0032482000001436973
3745,0.015245999999933701,0.0018049000000246451,0.003715199999987817
3746,0.018782300000111718,0.0021905999997215986,0.0038663999998789222
3747,0.015407299999878887,0.004546099999970465,0.004259799999999814
3748,0.01685799999995652,0.004609000000073138,0.004556299999876501
3749,0.01989899999989575,0.0038758999999117805,0.0035307000002831046
3750,0.01924849999977596,0.004704899999978807,0.003643500000180211
3751,0.02002149999998437,0.0039901000000099884,0.003440199999658944
3752,0.02041830000007394,0.004010800000287418,0.0036162000001240813
3753,0.01972319999958927,0.002653799999734474,0.0037858000000596803
3754,0.017439499999909458,0.0030036999996809755,0.003805800000009185
3755,0.016339799999968818,0.004391799999666546,0.003945099999782542
3756,0.023285499999929016,0.0037139000000934175,0.003378000000338943
3757,0.012912500000311411,0.004242099999828497,0.003498900000067806
3758,0.01556929999969725,0.0037402000002657587,0.0034000999999079795
3759,0.012250400000084483,0.002388600000358565,0.002050399999916408
3760,0.01227149999976973,0.002208500000051572,0.002127600000221719
3761,0.016446000000087224,0.0026998999996976636,0.0033097999998972227
3762,0.014514200000121491,0.0016387999999096792,0.002915800000209856
3763,0.018673300000045856,0.004717400000117777,0.004547000000002299
3764,0.018038499999875057,0.004363399999874673,0.004057799999827694
3765,0.01933359999975437,0.004145800000060262,0.003689199999826087
3766,0.01664019999998345,0.002464700000018638,0.0035481999998410174
3767,0.01607160000003205,0.004954900000029738,0.0041985000002568995
3768,0.019877400000041234,0.0018968999997923675,0.0028706000002785004
3769,0.012610899999799585,0.0025749999999788997,0.0040275999999721535
3770,0.01741409999976895,0.004132699999900069,0.0035134999998263083
3771,0.01999340000020311,0.0016680999997333856,0.0027734999998756393
3772,0.015961699999934353,0.004201100000045699,0.0035877999998774612
3773,0.01648720000002868,0.0045992000000296684,0.0036519000000225788
3774,0.017680200000086188,0.0028308999999353546,0.004129500000090047
3775,0.017503300000043964,0.003993199999968056,0.0037400999999590567
3776,0.02090120000002571,0.0018669999999474385,0.004452199999832374
3777,0.023351499999989755,0.0040546999998696265,0.0034696000002440996
3778,0.018701200000123208,0.0017861000001175853,0.0033979999998337007
3779,0.01884120000022449,0.004651899999771558,0.004533199999968929
3780,0.023313300000154413,0.0019442000002527493,0.00410409999994954
3781,0.023285300000225106,0.003177300000061223,0.002580500000021857
3782,0.017741099999966536,0.0042579000000841916,0.004060199999912584
3783,0.016565400000217778,0.004544300000361545,0.0027647000001707056
3784,0.016574100000070757,0.0025031999998645915,0.003920499999821914
3785,0.01349900000013804,0.0038827000003038847,0.0035394000001360837
3786,0.018851299999823823,0.003850200000215409,0.0041180999996868195
3787,0.01829600000019127,0.0046846000000186905,0.0045939999999973224
3788,0.02168489999985468,0.004453299999568117,0.0017118000000664324
3789,0.016706599999906757,0.004645800000162126,0.004141899999922316
3790,0.023117899999760994,0.001728000000184693,0.0015109000000848027
3791,0.017074899999897752,0.0016989999999168504,0.002639899999849149
3792,0.01917700000012701,0.002142700000149489,0.0035538000001906767
3793,0.016927399999985937,0.0015487999999095337,0.0034731000000647327
3794,0.0180224000000635,0.004020700000182842,0.0036706999999296386
3795,0.015224200000375276,0.004625400000350055,0.0037366000001384236
3796,0.017402700000275217,0.004813799999737967,0.0030575999999200576
3797,0.02016219999995883,0.002176499999677617,0.003543199999967328
3798,0.017135699999926146,0.0037408999996841885,0.004820900000140682
3799,0.018146299999898474,0.0046587000001636625,0.0041065999998863845
3800,0.01624840000022232,0.003762000000278931,0.00393400000029942
3801,0.02163159999963682,0.0019305999999232881,0.003934100000151375
3802,0.0160464000000502,0.004088600000159204,0.0036513000000013562
3803,0.021631000000070344,0.0018621999997776584,0.003438899999764544
3804,0.02098920000025828,0.003990799999883166,0.0037426000003506488
3805,0.01710159999993266,0.003981400000157009,0.0035745000000133587
3806,0.017979700000068988,0.004009499999938271,0.003659299999981158
3807,0.016206399999646237,0.003316499999982625,0.0016203000000132306
3808,0.015914000000066153,0.004303600000184815,0.0036191999997754465
3809,0.017475099999956,0.004725700000108191,0.004538299999694573
3810,0.014393200000085926,0.0037350000002334127,0.003607900000133668
3811,0.01751379999996061,0.005207200000313605,0.004140000000006694
3812,0.018253400000048714,0.004744800000025862,0.005109100000026956
3813,0.018396599999960017,0.00205839999989621,0.0037911999997959356
3814,0.017897000000175467,0.003161899999668094,0.0033114999996541883
3815,0.01497479999989082,0.004521999999724358,0.0018654000000424276
3816,0.02094970000007379,0.0019502999998621817,0.0019362999996701546
3817,0.015525499999966996,0.0038687999999638123,0.0017628999999033113
3818,0.02049490000035803,0.004351699999915581,0.0037192999998296727
3819,0.01594599999998536,0.0021031999999649997,0.003989299999830109
3820,0.015659099999993487,0.004534700000021985,0.002419599999939237
3821,0.015940100000079838,0.0044318999998722575,0.0034149000002798857
3822,0.02135809999981575,0.003046999999696709,0.0035622000000330445
3823,0.018338800000037736,0.004415500000050088,0.003958799999963958
3824,0.016051399999923888,0.003626899999744637,0.002947800000129064
3825,0.011195900000075198,0.0033790000002227316,0.004768399999647954
3826,0.019734599999992497,0.001816899999994348,0.0026803999999174266
3827,0.018334399999730522,0.0016054999996413244,0.0035222000001340348
3828,0.020235299999967538,0.004380200000014156,0.004257999999936146
3829,0.017688099999759288,0.0025265000003855675,0.0034825000002456363
3830,0.019511400000283174,0.004301200000099925,0.003857400000015332
3831,0.017092599999614322,0.003531999999722757,0.0029249999997773557
3832,0.010145899999770336,0.003733600000032311,0.0032682999999451567
3833,0.009938400000010006,0.0016153999999914959,0.003140100000109669
3834,0.01926370000001043,0.004720000000361324,0.004163799999787443
3835,0.010781799999676878,0.0037453999998433574,0.004002099999979691
3836,0.01535360000025321,0.0017741000001478824,0.0035794000000350934
3837,0.022005499999977474,0.005462999999963358,0.004338400000051479
3838,0.016719300000204385,0.00428120000015042,0.0017554999999447318
3839,0.013441900000088935,0.005023100000016711,0.0025656000002527435
3840,0.018511499999931402,0.0018164999996770348,0.004468900000119902
3841,0.016534299999875657,0.002964399999655143,0.004548200000044744
3842,0.0185009000001628,0.003617900000335794,0.003945899999962421
3843,0.01803939999990689,0.0038423999999395164,0.0036361000002216315
3844,0.017600499999844033,0.0037793999999848893,0.00413120000030176
3845,0.015141899999889574,0.003661400000055437,0.004253399999925023
3846,0.019678799999837793,0.0038373000002138724,0.0031570999999530613
3847,0.018589600000268547,0.0018383999999969092,0.002678099999684491
3848,0.017343500000151835,0.004243999999744119,0.0036622999996325234
3849,0.015729300000202784,0.0037283000001480104,0.004414600000018254
3850,0.015376500000002125,0.003778000000238535,0.0023188999998637883
3851,0.0137723000002552,0.002014900000176567,0.0032101000001603097
3852,0.012581499999669177,0.0021071999999549007,0.0020527000001493434
3853,0.1185989000000518,0.0032280000000355358,0.00333100000034392
3854,0.01823400000012043,0.004259799999999814,0.004320000000006985
3855,0.01779930000020613,0.004890000000159489,0.0028121000000282947
3856,0.016104599999835045,0.004513800000040646,0.00286099999993894
3857,0.015065300000060233,0.003347099999700731,0.0034875999999712803
3858,0.014296199999989767,0.0020504999997683626,0.0017198000000462343
3859,0.01976090000016484,0.004319499999837717,0.0035502000000633416
3860,0.015712100000200735,0.0051784000002044195,0.004867799999829003
3861,0.013331100000414153,0.0029321000001800712,0.00326630000017758
3862,0.018870999999762716,0.0019683000000441098,0.0042502999999669555
3863,0.01649459999998726,0.004967599999872618,0.003048300000045856
3864,0.01732490000040343,0.0016111999998429383,0.0030090000000200234
3865,0.023138600000038423,0.004310499999974127,0.0036792000000787084
3866,0.017816300000049523,0.004646699999739212,0.004376099999717553
3867,0.014949599999908969,0.0025267999999414315,0.0043011000002479705
3868,0.0142083000000639,0.004129899999952613,0.003642300000137766
3869,0.016810399999940273,0.0038536000001840875,0.003581500000109372
3870,0.019107699999949546,0.00473680000004606,0.0033650000000307045
3871,0.015063100000134,0.004052799999954004,0.0037664999999833526
3872,0.0177680000001601,0.0016477999997732695,0.003012699999999313
3873,0.018540999999913765,0.004549199999928533,0.004337699999723554
3874,0.02130029999989347,0.0030277000000751286,0.003343000000313623
3875,0.02271409999957541,0.004339199999776611,0.003911199999947712
3876,0.012315299999954732,0.0016022999998313026,0.0033683000001474284
3877,0.016627599999992526,0.0036032999996677972,0.003912600000148814
3878,0.01849999999967622,0.004048899999816058,0.0036965999997846666
3879,0.018207300000085525,0.0038883000001987966,0.0035425999999461055
3880,0.017781300000024203,0.0016650000002300658,0.0030897000001459674
3881,0.015096699999958219,0.0016520999997737817,0.0023906999999780965
3882,0.01849450000008801,0.0016012999999475142,0.003381900000022142
3883,0.013235000000349828,0.004451700000117853,0.004331700000420824
3884,0.019494099999974424,0.0038910999996915052,0.0017347000002700952
3885,0.017835900000136462,0.004525900000317051,0.0038788000001659384
3886,0.017684700000245357,0.004001499999958469,0.0036196999999447144
3887,0.015134600000237697,0.004674599999816564,0.0045328999999583175
3888,0.015389000000141095,0.002807899999879737,0.004334700000072189
3889,0.021172400000068592,0.0016244000003098336,0.0032761000002210494
3890,0.01888989999997648,0.0018171000001530047,0.003748599999653379
3891,0.01479380000000674,0.0017265999999835913,0.0026376999999229156
3892,0.01886689999992086,0.0017437000001336855,0.003003599999829021
3893,0.017103299999689625,0.002319500000339758,0.004179400000339228
3894,0.018538600000283623,0.0038937999997870065,0.004346800000348594
3895,0.018778300000121817,0.00273769999967044,0.004093699999884848
3896,0.012037599999985105,0.004394099999899481,0.003466899999693851
3897,0.021672599999874365,0.0020386999999573163,0.0019891000001734938
3898,0.0191436000000067,0.00459930000033637,0.004047299999911047
3899,0.018145999999887863,0.0032543999996050843,0.0034350999999333
3900,0.017414600000392966,0.004254599999967468,0.003690099999857921
3901,0.01864660000001095,0.002273200000217912,0.004115100000035454
3902,0.01921330000004673,0.002495799999906012,0.0043202000001656415
3903,0.017640900000060356,0.004605699999956414,0.0050692999998318555
3904,0.01206720000027417,0.0036595999999917694,0.0033382000001438428
3905,0.016888900000139984,0.0017139999999926658,0.002090800000132731
3906,0.020445900000140682,0.004326700000092387,0.0037701000001106877
3907,0.014000299999679555,0.004490499999974418,0.004267499999969004
3908,0.01297340000019176,0.004262800000105926,0.003925200000139739
3909,0.01629289999982575,0.0038804000000709493,0.0033413999999538646
3910,0.018278200000168,0.0023799000000508386,0.0029308000002856716
3911,0.01022160000002259,0.00431220000018584,0.004989000000023225
3912,0.013297599999987142,0.00376959999994142,0.003454300000157673
3913,0.015236000000186323,0.0026578000001791224,0.002338499999950727
3914,0.0174272999997811,0.0016024999999899592,0.0030247999998209707
3915,0.015295000000151049,0.003769899999952031,0.003582999999707681
3916,0.011967000000367989,0.004423800000040501,0.004085499999746389
3917,0.016977899999801593,0.004238099999838596,0.0033509999998386775
3918,0.012759299999743234,0.0016464000000269152,0.0021203999999670486
3919,0.010064499999771215,0.0028323000001364562,0.0024843999999575317
3920,0.014949100000194449,0.0031652000002395653,0.00496900000007372
3921,0.01663090000010925,0.0023783000001458277,0.003584699999919394
3922,0.016460599999845726,0.0041378000000804604,0.0037503999997170467
3923,0.019232800000281713,0.003753700000288518,0.0038064000000304077
3924,0.015089699999862205,0.004735600000003615,0.004871499999808293
3925,0.020849699999871518,0.00413909999997486,0.004321100000197475
3926,0.0167407999997522,0.005193400000280235,0.002218399999946996
3927,0.01794740000013917,0.0039003000001684995,0.0038617999998677988
3928,0.014079799999763054,0.002724899999975605,0.003072599999995873
3929,0.015613099999882252,0.0029208999999355,0.0030661000000691274
3930,0.013817499999731808,0.0034412999998494342,0.002387300000009418
3931,0.019736900000225432,0.00418980000040392,0.003787799999827257
3932,0.02040869999973438,0.0036113000001023465,0.0016396000000895583
3933,0.018943100000342383,0.002775999999812484,0.0036018000000694883
3934,0.013745600000220293,0.0015947000001688139,0.0029641999999512336
3935,0.01803570000038235,0.00179889999981242,0.0027038000002903573
3936,0.012661799999932555,0.0020226999999977124,0.0020090999996682513
3937,0.017626500000005763,0.002465799999754381,0.0016382999997404113
3938,0.014904500000284315,0.0034101000001101056,0.003603600000133156
3939,0.017384999999649153,0.0025814000000536907,0.003545999999914784
3940,0.010351599999921746,0.0041639999999461,0.0033971000002566143
3941,0.016155600000274717,0.0019051999997827807,0.003172400000039488
3942,0.014195100000051752,0.002028899999913847,0.003296899999895686
3943,0.015099799999916286,0.0022226000000955537,0.003877300000112882
3944,0.01518290000012712,0.0042673999996623024,0.002893299999868759
3945,0.015301700000236451,0.0038295999997899344,0.0037261999996189843
3946,0.01720030000024053,0.0038502999996126164,0.004469499999686377
3947,0.017340100000183156,0.0048892999998315645,0.0016273000001092441
3948,0.018473199999789358,0.0050860999999713385,0.0036977999998271116
3949,0.012572499999805586,0.002895399999943038,0.005873800000244955
3950,0.012919400000100723,0.003947299999708775,0.002449200000228302
3951,0.010770599999887054,0.0037557000000560947,0.0019710999999915657
3952,0.020498899999893183,0.004091199999948003,0.0031018999998195795
3953,0.010566599999947357,0.0036767000001418637,0.004715900000064721
3954,0.016626500000256783,0.0020779000001311942,0.0020631000002140354
3955,0.011782399999901827,0.002842700000201148,0.0021247999998195155
3956,0.013159600000108185,0.003723599999830185,0.003042999999706808
3957,0.013624400000026071,0.003874900000027992,0.004467700000077457
3958,0.017085499999666354,0.003938500000003842,0.0037646000000677304
3959,0.01811150000003181,0.004581200000302488,0.0028753000001415785
3960,0.011969399999998132,0.0027162999999745807,0.0017628999999033113
3961,0.017595299999811687,0.0022202999998626183,0.003378299999894807
3962,0.012598699999671226,0.004271700000117562,0.004115899999760586
3963,0.01516670000000886,0.004505299999891577,0.004348200000094948
3964,0.01582189999999173,0.0019419999998717685,0.0027982999999949243
3965,0.018664199999875564,0.002193000000261236,0.004319800000303076
3966,0.019788799999787443,0.003337300000112009,0.0015743999997539504
3967,0.01461490000019694,0.0040041000002020155,0.0037302000000636326
3968,0.017509400000108144,0.004620600000180275,0.0036423999999897205
3969,0.015719099999842,0.004286899999897287,0.004149899999902118
3970,0.01995169999963764,0.002179400000386522,0.0018164000002798275
3971,0.013737700000092445,0.0039134999997259,0.0036335999998300395
3972,0.01553970000031768,0.004295899999760877,0.003597099999751663
3973,0.022850299999845447,0.0038624000003437686,0.004227299999911338
3974,0.016212999999879685,0.0018838000000869215,0.002467499999966094
3975,0.017313100000137638,0.0019747999999708554,0.0023313000001508044
3976,0.019409700000323937,0.0035035000000789296,0.003389499999684631
3977,0.0135667999998077,0.0018979999999828578,0.002745700000104989
3978,0.019725500000276952,0.0017711000000417698,0.0028827999999521126
3979,0.012062100000093778,0.0019468000000415486,0.0036147999999229796
3980,0.01667780000025232,0.0033936999998331885,0.0020812999996451254
3981,0.015102799999567651,0.0017852999999377062,0.0035846000000674394
3982,0.013762399999905028,0.001929799999743409,0.003050299999813433
3983,0.012607399999978952,0.0021558999997068895,0.0028170000000500295
3984,0.013957099999970524,0.0023556000001008215,0.002093900000090798
3985,0.016671300000325573,0.0018781999997372623,0.0028376999998727115
3986,0.016278300000067247,0.001721099999940634,0.003236999999899126
3987,0.01527459999988423,0.0031181999997897947,0.003193999999894004
3988,0.0136555999997654,0.00261850000015329,0.002727800000229763
3989,0.016404100000272592,0.0029947999996693397,0.003345400000398513
3990,0.01570499999979802,0.0016547000000173284,0.002227200000106677
3991,0.014398100000107661,0.0017802000002120622,0.002735300000040297
3992,0.015086999999766704,0.003804299999956129,0.00270860000000539
3993,0.016618600000128936,0.00330740000026708,0.003417600000375387
3994,0.016437300000234245,0.0019420000003265159,0.003233899999941059
3995,0.01336040000023786,0.004306700000142882,0.004098500000054628
3996,0.020643399999698886,0.0033395000000382424,0.0014755999995941238
3997,0.01861609999969005,0.0026475999998183397,0.0036042000001543784
3998,0.11672069999985979,0.0019001000000571366,0.0015295000002879533
3999,0.015111400000023423,0.003150799999730225,0.0016971000000012282
4000,0.014479100000244216,0.004451000000244676,0.0014624000000367232
4001,0.01635069999974803,0.002115900000262627,0.0017305000001215376
4002,0.019933600000058505,0.0039492999999311,0.003512899999805086
4003,0.01672980000012103,0.0033503000004202477,0.0018468999996912316
4004,0.018677699999898323,0.002603599999929429,0.002535799999805022
4005,0.014937299999928655,0.003941099999792641,0.0037136000000828062
4006,0.011938099999952101,0.0033974000002672256,0.0023433000001205073
4007,0.01424300000007861,0.0032178000001295004,0.003603799999837065
4008,0.014699199999995471,0.0018449000003784022,0.003561600000011822
4009,0.01613409999981741,0.004274500000065018,0.003809499999988475
4010,0.012148199999955978,0.001933500000177446,0.0031921999998303363
4011,0.0172616999998354,0.0018236000000797503,0.002371199999743112
4012,0.012622900000224035,0.003741099999842845,0.0034330000003137684
4013,0.010409500000150729,0.000929199999973207,0.0007368999999926018
4014,0.006130300000222633,0.001475999999911437,0.0012684000002991525
4015,0.00876379999999699,0.0016407000002800487,0.0013161000001673528
4016,0.006650599999829865,0.0015543999998044455,0.000824199999897246
4017,0.006016700000145647,0.000911199999791279,0.0007460000001628941
4018,0.006806299999880139,0.0010567999997874722,0.0007993999997779611
4019,0.007165100000293023,0.0010139999999410065,0.0007931999998618267
4020,0.006978299999900628,0.0009575999997650797,0.000833399999919493
4021,0.006465599999955884,0.0011992999998255982,0.002013199999964854
4022,0.008877700000084587,0.0016025999998419138,0.001282799999898998
4023,0.006367999999838503,0.0015442000003531575,0.0012956000000485801
4024,0.007631999999830441,0.0019855000000461587,0.0015727999998489395
4025,0.007788200000049983,0.0009348000003228663,0.0007424999998875137
4026,0.006299399999988964,0.0009092999998756568,0.0007676000000174099
4027,0.006912900000315858,0.0019333000000187894,0.001465599999846745
4028,0.006687500000225555,0.0014771000001019274,0.0012676000001192733
4029,0.00628580000011425,0.0018350999998801854,0.0014782000002924178
4030,0.007954299999710202,0.001020899999730318,0.0008065000001806766
4031,0.0064870999999584456,0.0016128000002026965,0.0013081999995847582
4032,0.006584100000054605,0.0016955000000962173,0.0014368000001923065
4033,0.008320500000081665,0.0015009999997346313,0.0012601000003087393
4034,0.007102499999746215,0.0009702000002107525,0.0009792999999262975
4035,0.006807999999637104,0.0017251999997824896,0.0013278999999783991
4036,0.006521600000269245,0.0009107999999287131,0.0007432000002154382
4037,0.007144900000184862,0.0009283999997933279,0.0007617999999638414
4038,0.007606699999996636,0.0010535000001254957,0.0008310000002893503
4039,0.006276699999943958,0.001519099999768514,0.0008189999998649
4040,0.005930300000272837,0.0010431000000608037,0.0009205000001202279
4041,0.008048700000017561,0.00143110000044544,0.0008315999998558254
4042,0.006749200000285782,0.0009549999999762804,0.0007599000000482192
4043,0.006931999999778782,0.0015837000000828994,0.0009345999997094623
4044,0.0069099000002097455,0.0016567000002396526,0.00145169999996142
4045,0.008088400000360707,0.002085099999931117,0.0019652000000860426
4046,0.021221200000127283,0.005058100000042032,0.0022692999996252183
4047,0.006027500000072905,0.0009608999998818035,0.0012437999998837768
4048,0.006781099999898288,0.0010065000001304725,0.0008015999997041945
4049,0.006698900000174035,0.0015024000003904803,0.0012539000003926049
4050,0.00602500000013606,0.0009908000001814798,0.000827100000151404
4051,0.006338200000300276,0.0010265000000799773,0.000776400000177091
4052,0.007336699999996199,0.0015734000003249093,0.0009676999998191604
4053,0.006484399999862944,0.001619000000118831,0.0013432000000648259
4054,0.006573699999989913,0.0009469999999964784,0.0007596999998895626
4055,0.0069939999998496205,0.0017047999999704189,0.0013263999999253429
4056,0.0062772000001132255,0.0008891000002222427,0.0007579999996778497
4057,0.006400099999609665,0.0009721999999783293,0.0007955000000947621
4058,0.008195000000341679,0.0009430999998585321,0.000764800000069954
4059,0.006995200000346813,0.0009804000001167879,0.0008293000000776374
4060,0.006542199999785225,0.0014941999997972744,0.0012539999997898121
4061,0.0064069000000017695,0.0015128999998523796,0.0012622999997802253
4062,0.006870100000014645,0.0010763999998744112,0.0007863999999244697
4063,0.00679390000004787,0.0014745999997103354,0.0012308000000302854
4064,0.00646790000018882,0.0009076000001186912,0.0007587999998577288
4065,0.0068865999996887695,0.0015131999998629908,0.0012618000000657048
4066,0.007261700000071869,0.0015674999999646388,0.0007866000000831264
4067,0.0059547000000748085,0.0014892999997755396,0.0008025000001907756
4068,0.0062826999997014354,0.0014105000000199652,0.0012335000001257868
4069,0.006989299999986542,0.0009216000003107183,0.0007712999999966996
4070,0.007125499999801832,0.001244600000063656,0.0008004000001164968
4071,0.0073026000000027125,0.001189399999930174,0.000912399999833724
4072,0.006167900000036752,0.0014426999996430823,0.0012277999999241729
4073,0.007962599999700615,0.0009135000000242144,0.0009905000001708686
4074,0.006343800000195188,0.0014387000001079286,0.0012273000002096524
4075,0.006608700000015233,0.0014283999998951913,0.0012171999997008243
4076,0.006586299999980838,0.0014222999998310115,0.0008161999999174441
4077,0.006831199999851378,0.0009350000000267755,0.0007664999998269195
4078,0.0065015000000130385,0.0014510000000882428,0.001266100000066217
4079,0.006692399999792542,0.0018340000001444423,0.0012184000001980166
4080,0.006980999999996129,0.0016511000003447407,0.0007626999999956752
4081,0.006258599999910075,0.0008816999998089159,0.0007759999998597777
4082,0.008212299999740935,0.001324299999851064,0.0008208999997805222
4083,0.008226400000239664,0.0009098000000449247,0.0007783999999446678
4084,0.00654900000017733,0.001742999999805761,0.0013636999997288513
4085,0.008668199999647186,0.0009491000000707572,0.0007680999997319304
4086,0.006687999999940075,0.0015418000002682675,0.0012738999998873624
4087,0.0064081000000442145,0.0013404999999693246,0.0011549000000741216
4088,0.00840650000009191,0.0015253000001393957,0.0008569999999963329
4089,0.006320700000287616,0.00166639999997642,0.001332000000275002
4090,0.00846529999989798,0.0011393999998290383,0.0008222000001296692
4091,0.008258099999693513,0.0010044000000561937,0.0009727999999995518
4092,0.00810989999990852,0.0014532999998664309,0.0010142999999516178
4093,0.007798799999818584,0.0009639999998398707,0.0008095999996839964
4094,0.007587300000068353,0.0009700999999040505,0.0007866000000831264
4095,0.007066600000143808,0.001792600000044331,0.0014113000001998444
4096,0.006708300000354939,0.0009756999997989624,0.0007832999999664025
4097,0.007270899999639369,0.0009893000001284236,0.0009234999997715931
4098,0.0074813999999605585,0.0009720999996716273,0.0008381000002373185
4099,0.007212299999991956,0.00161439999965296,0.0009572999997544684
4100,0.006243199999971694,0.0015973999998095678,0.0008611000002929359
4101,0.006783900000300491,0.001462900000205991,0.0008236999997279781
4102,0.006381300000157353,0.0010511000000406057,0.0008748000000196043
4103,0.0073428999999123334,0.000998999999865191,0.0007882999998400919
4104,0.006560599999829719,0.0009961000000657805,0.0007977999998729501
4105,0.008346399999936693,0.0010764999997263658,0.0007919999998193816
4106,0.008030799999687588,0.001339099999768223,0.0012781999998878746
4107,0.007228399999803514,0.0024821000001793436,0.0018392000001767883
4108,0.00813190000008035,0.0012686999998550164,0.0018641999999999825
4109,0.00871000000006461,0.0009979999999814027,0.0007789000001139357
4110,0.00672789999998713,0.0009847000001173,0.0017319999997198465
4111,0.0074918000000252505,0.0011317999997118022,0.0009079999999812571
4112,0.006684100000256876,0.0016404999996666447,0.001270499999918684
4113,0.006411800000023504,0.000993099999959668,0.00079059999961828
4114,0.006862100000034843,0.0009847000001173,0.0007914000002529065
4115,0.007061699999667326,0.0009764999999788415,0.001050899999881949
4116,0.006947699999727774,0.0009846000002653454,0.0007621999998264073
4117,0.006501000000298518,0.000971899999967718,0.000797200000306475
4118,0.006941399999959685,0.0017627999995966093,0.001109700000142766
4119,0.006299900000158232,0.0009830000003603345,0.0008391999999730615
4120,0.006389499999841064,0.0009777999998732412,0.0007536000002801302
4121,0.006385099999988597,0.0015260999998645275,0.0008325999997396138
4122,0.00672789999998713,0.0015084999999999127,0.0012667999999393942
4123,0.006282800000008137,0.0009973000001082255,0.0008119999997688865
4124,0.006725700000060897,0.0014646999998149113,0.0008827999999994063
4125,0.006830100000115635,0.0009497999999439344,0.0007883999996920465
4126,0.007016500000190717,0.001089700000193261,0.000942100000429491
4127,0.0070118999997248466,0.0009681999999884283,0.0008020000000215077
4128,0.0065628000002107,0.0015680999999858614,0.001350199999706092
4129,0.006233600000086881,0.0010176000000683416,0.000830599999972037
4130,0.00769639999998617,0.0009808999998313084,0.0007749999999759893
4131,0.006800099999964004,0.0014689999998154235,0.0012452000000848784
4132,0.00645940000003975,0.0015865000000303553,0.0008194000001822133
4133,0.006412000000182161,0.0014794000003348629,0.0009479000000283122
4134,0.0066283999999541265,0.0008805000002212182,0.0007562000000689295
4135,0.006164299999909417,0.001434899999821937,0.001205399999889778
4136,0.006331600000066828,0.0014431000004151429,0.0012160000001131266
4137,0.007343299999774899,0.0009804999999687425,0.0008480000001327426
4138,0.00626090000014301,0.000981099999989965,0.0008325999997396138
4139,0.0072288000001208275,0.000983500000074855,0.0008001999999578402
4140,0.007434000000102969,0.0017502000000604312,0.001233800000136398
4141,0.006607799999983399,0.0015257000000019616,0.0008522000002813002
4142,0.006829999999808933,0.0008588000000600005,0.0008136999999805994
4143,0.09169380000003002,0.000998299999992014,0.0007998000000952743
4144,0.008160299999872223,0.0010032999998657033,0.0008253000000877364
4145,0.006517899999835208,0.0014664999998785788,0.0007844000001568929
4146,0.006264999999984866,0.0014498000000457978,0.0010219999999208085
4147,0.007324700000026496,0.0019505000000208383,0.000886600000285398
4148,0.008455900000171823,0.0009952000000339467,0.0007859000002099492
4149,0.006311900000127935,0.0014876999998705287,0.0009909000000334345
4150,0.006195500000103493,0.0014914000003045658,0.0010487999998076702
4151,0.00674490000028527,0.0014062999998714076,0.000964299999850482
4152,0.005924999999933789,0.0009414000001015665,0.0007596999998895626
4153,0.006021199999850069,0.0009144000000560482,0.0007774000000608794
4154,0.006461999999828549,0.0009387999998580199,0.0007699000002503453
4155,0.006855799999812007,0.0014298999999482476,0.0009675999999672058
4156,0.006921600000168837,0.0009138999998867803,0.0007691000000704662
4157,0.006109599999945203,0.0009765999998307962,0.0008375000002160959
4158,0.0059908999996878265,0.0014195999997355102,0.0009672999999565945
4159,0.007566499999938969,0.001340299999810668,0.0008358999998563377
4160,0.007186799999999494,0.0015411000003950903,0.0009003000000120664
4161,0.006876899999952002,0.0014481000002888322,0.0012628999998014478
4162,0.006284600000071805,0.0016227000000981207,0.0009588000002622721
4163,0.006072599999697559,0.0014366999998856045,0.0011149999995723192
4164,0.0068995000001450535,0.001632900000004156,0.0007961000001159846
4165,0.006269399999837333,0.0015473000003112247,0.0013794999999845459
4166,0.0067281999999977415,0.0009632999999666936,0.0007962999998198939
4167,0.006654399999661109,0.0016340000001946464,0.0008015000003069872
4168,0.0059378999999353255,0.000948699999753444,0.0007589000001644308
4169,0.005905299999994895,0.0014353999999912048,0.001218599999901926
4170,0.006618699999762612,0.0009349999995720282,0.0007662999996682629
4171,0.0072352000001956185,0.000942399999985355,0.0007587999998577288
4172,0.006828699999914534,0.0009896999999909895,0.0007785000002513698
4173,0.006690000000162399,0.0017053999999916414,0.000895700000000943
4174,0.006986999999753607,0.0010372000001552806,0.0008222000001296692
4175,0.006780400000025111,0.0013611999997920066,0.001188700000056997
4176,0.007126800000150979,0.001566999999795371,0.001129300000229705
4177,0.00674010000011549,0.0010483999999451044,0.0008262000001195702
4178,0.007003299999723822,0.000993799999832845,0.0008152000000336557
4179,0.007873900000049616,0.0009799999997994746,0.0007786000001033244
4180,0.006894200000260753,0.0016117000000122061,0.001297700000122859
4181,0.006799000000228261,0.0010130000000572181,0.0007623999999850639
4182,0.006888200000048528,0.0010333000000173342,0.000807600000371167
4183,0.007347799999934068,0.0016049000000748492,0.001193399999920075
4184,0.006961600000067847,0.0010173000000577304,0.0008305000001200824
4185,0.006417999999939639,0.0010055999996438914,0.0008392999998250161
4186,0.007259800000156247,0.0010345000000597793,0.000851299999794719
4187,0.007424399999763409,0.001007100000151695,0.000813799999832554
4188,0.0072468000003027555,0.0016974000000118394,0.001463300000068557
4189,0.008684200000061537,0.0011948999999731313,0.0007829000001038366
4190,0.007222899999760557,0.0009709999999358843,0.0008005000004231988
4191,0.007246200000281533,0.001604200000201672,0.0008487000000059197
4192,0.006599800000003597,0.0010121000000253844,0.0007879999998294807
4193,0.01003160000027492,0.0013149999999768625,0.0009016999997584207
4194,0.006994099999701575,0.0017510999996375176,0.0011746999998649699
4195,0.007808299999851442,0.0010114000001522072,0.0007925999998406041
4196,0.0067594000001918175,0.0009947999997166335,0.0008207999999285676
4197,0.008717299999716488,0.0015006000003268127,0.0008982999997897423
4198,0.006874899999729678,0.0010062999999718159,0.0007799999998496787
4199,0.006247199999961595,0.0013186999999561522,0.0011660000000119908
4200,0.008085899999969115,0.0009847999999692547,0.0007754999996905099
4201,0.006420500000331231,0.0014768999999432708,0.0012490999997680774
4202,0.006582400000297639,0.0016767000001891574,0.001329899999745976
4203,0.006606899999951565,0.0009252999998352607,0.000767099999848142
4204,0.006309299999884388,0.0018399000000499655,0.0014936000002307992
4205,0.008122400000047492,0.0009457999999540334,0.0007931999998618267
4206,0.0064976000003298395,0.0015014000000519445,0.0008391000001211069
4207,0.006190999999944324,0.0011953999996876519,0.00088370000003124
4208,0.007699600000250939,0.0017512999997961742,0.0010197000001426204
4209,0.008632800000214047,0.0015518000000156462,0.0016350999999303895
4210,0.006718999999975495,0.0016353999999410007,0.0009824999997363193
4211,0.007489900000109628,0.0009815000003072782,0.0007871000002523942
4212,0.006662699999651522,0.0015260999998645275,0.001263199999812059
4213,0.007016400000338763,0.0016156000001501525,0.0009782000001905544
4214,0.006246000000373897,0.0010126000001946522,0.0007923000002847402
4215,0.007169100000282924,0.0013429000000542146,0.000950000000102591
4216,0.009122699999807082,0.001682500000242726,0.0014046999999663967
4217,0.007024400000318565,0.0018428999997013307,0.0015104000003702822
4218,0.006674299999758659,0.0009846999996625527,0.0008204999999179563
4219,0.007478300000002491,0.0009764999999788415,0.0007744999998067215
4220,0.0062748000000283355,0.0016040000000430155,0.001347899999927904
4221,0.007489099999929749,0.0010073000003103516,0.0008190999997168547
4222,0.006534799999826646,0.00102889999971012,0.0008346999998138926
4223,0.006647100000009232,0.0010180999997828621,0.0008481999998366518
4224,0.0064461000001756474,0.0009786000000531203,0.0008026000000427302
4225,0.0062890999997762265,0.001003399999717658,0.0008343999998032814
4226,0.006469399999787129,0.001010599999972328,0.0007968999998411164
4227,0.011121900000034657,0.001829599999837228,0.0016177000002244313
4228,0.006791000000248459,0.0009349000001748209,0.0007657999999537424
4229,0.00588110000035158,0.001463199999761855,0.0012450999997781764
4230,0.006722699999954784,0.0017333999999209482,0.0009251000001313514
4231,0.00732319999997344,0.001023699999677774,0.0008308999999826483
4232,0.006494499999917025,0.0010284999998475541,0.0008038999999371299
4233,0.006362900000112859,0.0009745000002112647,0.0008062000001700653
4234,0.0070378999998865766,0.0016656000002512883,0.0008929999999054417
4235,0.006680500000129541,0.0009565000000293367,0.000793100000009872
4236,0.007118300000001909,0.0010842000001503038,0.0008597999999437889
4237,0.00789119999990362,0.0016331000001628126,0.0011015000000043074
4238,0.0069370000001072185,0.0010053000000880274,0.0007881999999881373
4239,0.008009000000129163,0.0009884999999485444,0.0007702000002609566
4240,0.007354200000008859,0.0016550000000279397,0.0013394999996307888
4241,0.007249799999954121,0.000966699999935372,0.000787899999977526
4242,0.008405900000070687,0.002073099999961414,0.0014221000001271022
4243,0.005759799999850657,0.000920100000257662,0.0007735999997748877
4244,0.00630330000012691,0.0010276000002704677,0.0008287000000564149
4245,0.008331800000178191,0.0009847999999692547,0.0007857000000512926
4246,0.0065185999997083854,0.0009815999997044855,0.0007825000002412708
4247,0.006363700000292738,0.0009672000001046399,0.0008388000001104956
4248,0.006181600000218168,0.0015498000002480694,0.0009632999999666936
4249,0.007840499999929307,0.0014952999999877647,0.0012577000002238492
4250,0.007444399999712914,0.00150069999972402,0.0010999000000992964
4251,0.008127000000058615,0.0009621000003789959,0.000769899999795598
4252,0.006306599999788887,0.0009304999998676067,0.0008318000000144821
4253,0.006853599999885773,0.0009324000002379762,0.0007652999997844745
4254,0.007450099999914528,0.0009860000000116997,0.0009353000000373868
4255,0.007727100000010978,0.0009728999998515064,0.0007729999997536652
4256,0.007183900000200083,0.0016153999999914959,0.0012860000001637673
4257,0.00642859999970824,0.0009303000001636974,0.0008348999999725493
4258,0.007200600000032864,0.0012378999999782536,0.0014306999996733794
4259,0.006095300000197312,0.0009032000002662244,0.000785600000199338
4260,0.006380100000114908,0.001435700000001816,0.0012396999995871738
4261,0.006777999999940221,0.0010182999999415188,0.0007915000001048611
4262,0.006507399999918562,0.0010553999995863705,0.0010622999998304294
4263,0.007473000000118191,0.0009817999998631421,0.0007924999999886495
4264,0.007652400000097259,0.0009866000000329223,0.0007948000002215849
4265,0.007681900000079622,0.001000199999907636,0.0007746000001134234
4266,0.006824900000083289,0.0010107999996762373,0.0008453999998891959
4267,0.00655559999995603,0.001487600000018574,0.0012427999999999884
4268,0.006588899999769637,0.0010205999997197068,0.0008182000001397682
4269,0.006809699999848817,0.0010164000000258966,0.000801099999989674
4270,0.021757200000138255,0.0038475999999718624,0.0035204000000703672
4271,0.019902099999853817,0.004420700000082434,0.0038550999997823965
4272,0.016441300000224146,0.003541899999618181,0.0033683000001474284
4273,0.018911600000137696,0.004329800000050454,0.0036849000002803223
4274,0.019901199999821984,0.0024505999999746564,0.002174899999772606
4275,0.024859099999957834,0.004781900000125461,0.0038048999999773514
4276,0.019606300000305055,0.003849799999898096,0.003451500000210217
4277,0.017346999999972468,0.004306700000142882,0.0037925999999970372
4278,0.016857099999924685,0.004097000000001572,0.003615399999944202
4279,0.01714350000020204,0.003752299999632669,0.003468200000042998
4280,0.018906499999957305,0.004411600000366889,0.0037963000004310743
4281,0.017564000000220403,0.002428900000268186,0.0034242000001540873
4282,0.016494100000272738,0.003768000000036409,0.003560900000138645
4283,0.01233040000033725,0.002537800000027346,0.003494499999760592
4284,0.013939500000105909,0.003540799999882438,0.0032596999999441323
4285,0.01783179999983986,0.004754800000227988,0.0013876000002710498
4286,0.01922279999962484,0.003900600000179111,0.0036078999996789207
4287,0.02032210000015766,0.004673299999922165,0.003797899999881338
4288,0.11775510000006761,0.0025906000000759377,0.0036987999997109
4289,0.017788800000289484,0.002738899999712885,0.0017925000001923763
4290,0.017622400000163907,0.0019565000002330635,0.0017350000002807064
4291,0.01946700000007695,0.004510199999913311,0.0016055000000960717
4292,0.014936300000044866,0.004323900000144931,0.0036484000002019457
4293,0.013812000000143598,0.0036875999999210762,0.004514100000051258
4294,0.01885099999981321,0.003920099999959348,0.003494900000077905
4295,0.015248400000018592,0.0037936999997327803,0.0029380000000855944
4296,0.015144599999985076,0.003916499999832013,0.0033868999998958316
4297,0.02284440000039467,0.004755199999635806,0.004522799999904237
4298,0.02035299999988638,0.003738800000064657,0.0034455999998499465
4299,0.013429500000256667,0.0035459000000628293,0.0032080999999379856
4300,0.022841500000140513,0.003968999999869993,0.003920399999969959
4301,0.016219899999668996,0.002361299999847688,0.003212300000086543
4302,0.009686500000043452,0.0034863000000768807,0.0031930000000102154
4303,0.019097099999726197,0.0016141999999490508,0.0030342000000018743
4304,0.008995800000320742,0.003547899999830406,0.0027817999998660525
4305,0.010196600000199396,0.002674200000001292,0.0015929000001051463
4306,0.015413300000091112,0.0015340999998443294,0.003096999999797845
4307,0.01717010000038499,0.003977300000315154,0.0038725999997950566
4308,0.01780589999998483,0.003661999999621912,0.0036084999997001432
4309,0.012815799999771116,0.0024805000002743327,0.004088599999704456
4310,0.01741340000035052,0.003200399999968795,0.0015005000000201107
4311,0.020012899999983347,0.0046410999998443,0.0019452999999884923
4312,0.020820899999762332,0.004115700000056677,0.0037878999996792118
4313,0.01729010000008202,0.001538800000162155,0.0030811999999968975
4314,0.017372400000112975,0.001537200000257144,0.0021237000000837725
4315,0.018111599999883765,0.002188500000102067,0.0016243000000031316
4316,0.018380099999831145,0.003961600000366161,0.0035957000000053085
4317,0.0194112999997742,0.004569700000047305,0.004544499999610707
4318,0.021328499999981432,0.0019555999997464824,0.0018593000004329951
4319,0.02200959999981933,0.004322900000261143,0.003589500000089174
4320,0.020665699999881326,0.004552300000341347,0.003948400000354013
4321,0.0169052000001102,0.003787499999816646,0.0035687999998117448
4322,0.013764799999989918,0.0015905000000202563,0.0023175999999693886
4323,0.022561299999779294,0.0025003999999171356,0.003747599999769591
4324,0.017628200000217475,0.0023273000001609034,0.002956399999675341
4325,0.01218620000008741,0.0021891999999752443,0.0019827000000987027
4326,0.01304260000006252,0.002353800000037154,0.002170199999909528
4327,0.011109300000043731,0.002164600000014616,0.0020487000001594424
4328,0.01390159999982643,0.002877699999771721,0.0036578999997800565
4329,0.012276100000235601,0.0024705999999241612,0.0018586000001050706
4330,0.015283000000181346,0.0018055000000458676,0.0024106000000756467
4331,0.014032000000042899,0.0040829999998095445,0.0015352999998867745
4332,0.013085300000057032,0.0033978000001297914,0.002044100000148319
4333,0.011696099999880971,0.0021763999998256622,0.003030700000181241
4334,0.012328400000114925,0.00288460000001578,0.0027734000000236847
4335,0.01398639999979423,0.002324300000054791,0.0025088000002142508
4336,0.015772700000070472,0.002079700000194862,0.003437800000028801
4337,0.011852099999941856,0.002573199999915232,0.0016921000001275388
4338,0.013616100000035658,0.004123199999867211,0.0034319999999752326
4339,0.017446400000153517,0.0021268000000418397,0.0015621000002283836
4340,0.01328879999982746,0.003916499999832013,0.002895000000080472
4341,0.011812400000053458,0.0019480999999359483,0.0028121000000282947
4342,0.012051100000007864,0.003987700000379846,0.0038743000000067696
4343,0.012624499999674299,0.0023375999999188934,0.002179699999942386
4344,0.013029300000198418,0.0022110999998403713,0.0030169000001478707
4345,0.011492199999793229,0.0018178000000261818,0.0019916000001103384
4346,0.01727789999995366,0.00234390000014173,0.001953100000264385
4347,0.01027780000003986,0.0040328000000044995,0.0036878999999316875
4348,0.018585499999971944,0.0018565000000307919,0.0016259999997600971
4349,0.015903200000138895,0.003700600000229315,0.003734800000074756
4350,0.015076600000156759,0.0017142000001513225,0.0040183999999499065
4351,0.01806029999988823,0.002199800000198593,0.0018137000001843262
4352,0.010780999999951746,0.0030879999999342544,0.002535800000259769
4353,0.015607699999691249,0.0038389000001188833,0.0035444999998617277
4354,0.012969999999768334,0.0020190000000184227,0.0030494000002363464
4355,0.012726600000405597,0.002525400000195077,0.002949599999737984
4356,0.012100599999939732,0.002613600000131555,0.0015235000000757282
4357,0.01835560000017722,0.003874099999848113,0.0035240000001977023
4358,0.012829799999963143,0.0016903000000638713,0.0013476999997692474
4359,0.014600200000131736,0.002244799999971292,0.0016579000002820976
4360,0.02326840000023367,0.0038876999997228268,0.0037817000002178247
4361,0.020719999999982974,0.003881199999796081,0.004076000000168278
4362,0.014445600000271952,0.0034301000000596105,0.00411309999981313
4363,0.01801160000013624,0.0036875999999210762,0.0033160999996653118
4364,0.01674120000006951,0.0019612999999480962,0.0014416000003620866
4365,0.018239900000025955,0.004125500000100146,0.003516600000239123
4366,0.014878899999985151,0.004617399999915506,0.00235049999992043
4367,0.014684799999940878,0.0020093000002816552,0.0016802999998617452
4368,0.013835400000061782,0.002674599999863858,0.002061499999854277
4369,0.014074299999720097,0.0039779999997335835,0.004325100000187376
4370,0.01473230000010517,0.0017633999996178318,0.0017106000000239874
4371,0.015986099999736325,0.0038414999999076826,0.00393770000027871
4372,0.015976499999851512,0.0023138000001381442,0.0032303999996656785
4373,0.014207700000042678,0.0043266000002404326,0.0038832000000184053
4374,0.016783699999905366,0.006997899999987567,0.0035947999999734748
4375,0.017095600000175182,0.003838999999970838,0.0034177000002273417
4376,0.014238900000236754,0.00408289999995759,0.0038652000002912246
4377,0.02057070000000749,0.002490700000180368,0.00227069999982632
4378,0.018834699999842996,0.002115799999955925,0.003630899999734538
4379,0.022432299999763927,0.002549000000271917,0.0025233000001207984
4380,0.01681330000019443,0.002595400000245718,0.0021759999999630963
4381,0.015060000000175933,0.003929599999992206,0.00307699999984834
4382,0.014376499999798398,0.0028397000000950356,0.0023426999996445375
4383,0.018808499999977357,0.0035622000000330445,0.0033814000003076217
4384,0.018622099999902275,0.002080000000205473,0.0019304000002193789
4385,0.010678900000129943,0.0028479999996307015,0.0022345999996105093
4386,0.014029599999958009,0.0026501000002099317,0.0022437999996327562
4387,0.01328719999992245,0.0024636999996801023,0.0022507000003315625
4388,0.013765799999873707,0.0021625999997922918,0.0019395999997868785
4389,0.012479500000154076,0.0023765999999341147,0.0023496000003433437
4390,0.012929399999848101,0.002828500000305212,0.0023733000002721383
4391,0.011844199999814009,0.0017387000002599962,0.0020306000001255597
4392,0.01451520000000528,0.0028015000002596935,0.0024134000000231026
4393,0.02147689999992508,0.002851900000223395,0.0023183999996945204
4394,0.017403100000137783,0.002667799999926501,0.0022754000001441455
4395,0.013343099999929109,0.0023277000000234693,0.0022745999999642663
4396,0.013105199999699835,0.001774700000169105,0.0013561999999183172
4397,0.01357770000004166,0.0021502000004147703,0.0021695000000363507
4398,0.012843900000007125,0.0028513000002021727,0.002540200000112236
4399,0.016997900000205846,0.0035979999997834966,0.0030744000000595406
4400,0.015466599999854225,0.002861500000108208,0.0024262000001726847
4401,0.021997300000293762,0.004590099999859376,0.004180100000212406
4402,0.016392200000154844,0.003956600000037724,0.003472899999906076
4403,0.020254900000054477,0.0016879999998309358,0.0013989999997647828
4404,0.01501959999995961,0.002554899999722693,0.0035981999999421532
4405,0.01543549999996685,0.0040570999999545165,0.003451000000040949
4406,0.01756710000017847,0.0019434000000728702,0.0035139000001436216
4407,0.014661700000033306,0.003870500000175525,0.003548000000137108
4408,0.01899840000032782,0.0024130000001605367,0.003359700000146404
4409,0.01964010000028793,0.0017773999998098589,0.003410000000258151
4410,0.017620000000079017,0.0030046000001675566,0.0035575000001699664
4411,0.017025999999987107,0.0018866000000343774,0.0033321999999316176
4412,0.01713289999997869,0.0038013000003047637,0.0031832999998187006
4413,0.01674060000004829,0.0016869999999471474,0.0035732999999709136
4414,0.01962969999976849,0.003925999999864871,0.0035597999999481544
4415,0.013692800000171701,0.002937500000371074,0.002465799999754381
4416,0.02113999999983207,0.00409929999977976,0.003674600000067585
4417,0.013275899999825924,0.004279299999780051,0.003373200000169163
4418,0.014364099999966129,0.0038033000000723405,0.0033033999998224317
4419,0.018141300000024785,0.005546200000026147,0.004421099999945
4420,0.0162651000000551,0.0021864000000277883,0.001862299999629613
4421,0.01254689999996117,0.0023228000000017346,0.0034915000001092267
4422,0.0101702000001751,0.0022436999997808016,0.003347200000007433
4423,0.012881699999979901,0.0033782000000428525,0.0021498999999494117
4424,0.015821499999674415,0.001656399999774294,0.00284590000001117
4425,0.020146199999999226,0.0021498999999494117,0.0030827999999019084
4426,0.013902300000154355,0.004777799999828858,0.003997100000106002
4427,0.016631999999844993,0.002066800000193325,0.0030815999998594634
4428,0.016339799999968818,0.004182399999990594,0.0014562999999725434
4429,0.01855619999969349,0.0038788999995631457,0.003389200000128767
4430,0.016051600000082544,0.0036915000000590226,0.003585599999951228
4431,0.012293199999930948,0.0024161999999705586,0.0016669999999976426
4432,0.015652200000204175,0.0017837999998846499,0.0018701999997574603
4433,0.12746169999991253,0.001845800000410236,0.0015628000001015607
4434,0.013675100000000384,0.003916599999683967,0.003532799999902636
4435,0.014704900000197085,0.0036693999995804916,0.003481599999759055
4436,0.01637399999981426,0.0040635000000293076,0.0037248999997245846
4437,0.0145580999997037,0.0030176999998730025,0.0029681999999411346
4438,0.016321200000220415,0.003871299999900657,0.0020088000001123874
4439,0.012677499999881547,0.0036058000000593893,0.0036933999999746447
4440,0.014939500000309636,0.00400000000036016,0.0028925000001436274
4441,0.015261099999861472,0.004131799999868235,0.003581099999792059
4442,0.019552599999769882,0.00519220000023779,0.004466100000172446
4443,0.017504299999927753,0.002495299999736744,0.003402800000003481
4444,0.010876099999677535,0.003893300000072486,0.0035806000000775384
4445,0.019131300000026386,0.003978299999744195,0.003578299999844603
4446,0.019698499999776686,0.0022426000000450586,0.003059900000152993
4447,0.014584999999897263,0.001919100000122853,0.00405689999979586
4448,0.01818909999974494,0.002975200000037148,0.004229399999985617
4449,0.02049929999975575,0.005004100000405742,0.004151000000092608
4450,0.02098439999963375,0.0036847000001216657,0.0033011000000442436
4451,0.021403499999905762,0.004532499999641004,0.003271000000040658
4452,0.01651869999977862,0.003917499999715801,0.0038585000002058223
4453,0.01577420000012353,0.004690599999776168,0.00401579999970636
4454,0.016054299999723298,0.001750700000229699,0.0014970000001994777
4455,0.019854600000144274,0.0037398999998004,0.004192600000351376
4456,0.023677799999859417,0.005331999999725667,0.004453600000033475
4457,0.025212200000169105,0.0049397000002500135,0.004590699999880599
4458,0.023434000000179367,0.004734599999665079,0.004427500000019791
4459,0.017475999999987835,0.003681500000311644,0.003368000000136817
4460,0.018926899999769375,0.0015253000001393957,0.0012714999998024723
4461,0.011385299999801646,0.0019147999996675935,0.0025399000001016248
4462,0.018076100000143924,0.004840999999942142,0.003983200000220677
4463,0.014394499999980326,0.004417999999986932,0.0033757999999579624
4464,0.01168310000002748,0.0037210000000413856,0.0033105000002251472
4465,0.012905500000215397,0.0025737000000845,0.004038499999751366
4466,0.020424700000148732,0.00439749999986816,0.0039026999997986422
4467,0.022334700000101293,0.004517900000337249,0.0038021000000298955
4468,0.023317799999858835,0.004605099999935192,0.0042013000002043555
4469,0.024323499999809428,0.0045933999999761,0.004121999999824766
4470,0.024549300000217045,0.0045236999999360705,0.004056300000229385
4471,0.02064959999961502,0.004594900000029156,0.00429870000016308
4472,0.017436300000099436,0.004884599999968486,0.004786599999988539
4473,0.019708499999978812,0.003038599999854341,0.004577600000175153
4474,0.023661300000185292,0.002181299999847397,0.001557399999910558
4475,0.014716700000008132,0.0036807999999837193,0.003371199999946839
4476,0.01889419999997699,0.003970199999912438,0.003921899999568268
4477,0.014279099999839673,0.003964400000313617,0.003491699999813136
4478,0.018624700000145822,0.004034700000374869,0.003767499999867141
4479,0.021652800000083516,0.004279600000245409,0.0039187000002129935
4480,0.019031700000141427,0.004073600000083388,0.003461200000401732
4481,0.02164889999994557,0.0016249999998763087,0.0014003999999658845
4482,0.021711100000175065,0.003595899999709218,0.0038711000001967477
4483,0.02242549999982657,0.0042997999998988234,0.0040570999999545165
4484,0.02130459999989398,0.004687900000135414,0.0043657000001076085
4485,0.021813100000144914,0.003965200000038749,0.003548000000137108
4486,0.01570880000008401,0.004526400000031572,0.00410520000014003
4487,0.015926200000194513,0.004206000000067434,0.004036499999983789
4488,0.022722499999872525,0.0043138000000908505,0.003947899999729998
4489,0.022300400000403897,0.004135500000302272,0.0037002999997639563
4490,0.017126700000062556,0.0038500000000567525,0.003702900000007503
4491,0.01624409999976706,0.0017987000001085107,0.00375869999970746
4492,0.018018300000221643,0.003936900000098831,0.0038423999999395164
4493,0.02620389999992767,0.0054556999998567335,0.004664399999910529
4494,0.021744800000305986,0.0041959999998653075,0.0029044000002613757
4495,0.022956799999974464,0.0046194999999897846,0.0029948999999760417
4496,0.01892199999974764,0.004667000000154076,0.003638199999841163
4497,0.01658289999977569,0.0020697999998446903,0.0020733000001200708
4498,0.01419450000003053,0.002625300000090647,0.002825200000188488
4499,0.013832900000124937,0.004078200000094512,0.0015002999998614541
4500,0.014766299999791954,0.002761199999895325,0.0028027000003021385
4501,0.021093500000006316,0.0028968000001441396,0.004174500000317494
4502,0.021192600000176753,0.001609699999789882,0.002341900000374153
4503,0.021777099999781058,0.004401600000164763,0.003837299999759125
4504,0.022937400000046182,0.004372400000193011,0.0023215999999592896
4505,0.02573080000001937,0.003925299999991694,0.002644999999574793
4506,0.020576100000198494,0.002418500000203494,0.0035419000000729284
4507,0.019664400000237947,0.00324030000001585,0.00419049999982235
4508,0.01651209999999992,0.004204299999855721,0.003545499999745516
4509,0.012002899999970396,0.004097100000308274,0.003698200000144425
4510,0.01640799999995579,0.0027070999999523337,0.0029053000002932095
4511,0.013653500000145868,0.0038151999997353414,0.0033004000001710665
4512,0.014682300000004034,0.0019475999997666804,0.0037659999998140847
4513,0.01658759999963877,0.004489299999931973,0.001975900000161346
4514,0.014863200000036159,0.002959999999802676,0.00285200000007535
4515,0.01610000000027867,0.003962799999953859,0.0035781999999926484
4516,0.01702370000020892,0.003567899999779911,0.0038451000000350177
4517,0.018514500000037515,0.0021129000001565146,0.003351999999722466
4518,0.018744199999673583,0.004547000000002299,0.00404419999995298
4519,0.02101410000022952,0.0019192999998267624,0.004374299999653886
4520,0.011165899999923568,0.001791500000308588,0.0015984000001481036
4521,0.013588700000127574,0.0033315000000584405,0.00357720000010886
4522,0.009225900000274123,0.001670399999966321,0.0013604000000668748
4523,0.013830100000177481,0.0037299000000530214,0.0033948999998756335
4524,0.014033400000244,0.004091499999958614,0.0038244000002123357
4525,0.019011200000022654,0.0035238999998910003,0.003263799999785988
4526,0.017348300000321615,0.004364999999779684,0.003970199999912438
4527,0.015197799999896233,0.0036276999999245163,0.003924599999663769
4528,0.02123559999972713,0.0045974999998179555,0.00361350000002858
4529,0.023197999999865715,0.00363950000019031,0.0033268000001953624
4530,0.018830699999853096,0.003722899999957008,0.003173700000388635
4531,0.016202000000248518,0.0025571999999556283,0.0022446000002673827
4532,0.02119010000023991,0.004123000000163302,0.003838199999790959
4533,0.01618849999977101,0.0035082999997939623,0.0037623999996867497
4534,0.015830199999982142,0.0025885999998536136,0.003533999999945081
4535,0.013480099999924278,0.002308999999968364,0.0018978000002789486
4536,0.01572779999969498,0.006460599999627448,0.003924099999949249
4537,0.009663299999829178,0.0016086999999060936,0.0015404999999191205
4538,0.009595100000296952,0.0038825999999971827,0.0033439000003454566
4539,0.017521400000077847,0.00422630000002755,0.003761899999972229
4540,0.02039680000007138,0.0040003999997679784,0.0033524999998917338
4541,0.02138890000014726,0.0027810000001409207,0.004049399999985326
4542,0.02194499999995969,0.004402900000059162,0.004190099999959784
4543,0.021081699999740522,0.0042065000002367015,0.004002300000138348
4544,0.016786900000170135,0.0017958000003091001,0.0016569999997955165
4545,0.022069999999985157,0.0039744999999129504,0.003499999999803549
4546,0.019953800000166666,0.0025416000003133377,0.004320999999890773
4547,0.018364500000188855,0.004005700000107026,0.003669799999897805
4548,0.016652799999974377,0.0020506000000750646,0.003735599999799888
4549,0.016230499999892345,0.00298320000001695,0.0020178999998279323
4550,0.016513000000031752,0.0019380999997338222,0.0035367000000405824
4551,0.016743099999985134,0.0039263000003302295,0.003545200000189652
4552,0.015617499999734719,0.0022389999999177235,0.0020179000002826797
4553,0.01352740000038466,0.0023756000000503263,0.0016529999998056155
4554,0.009370500000386528,0.0015407999999297317,0.0025344000000586675
4555,0.015124699999887525,0.004096399999980349,0.003607600000123057
4556,0.020856799999819486,0.003929400000288297,0.0034469000001990935
4557,0.01826309999978548,0.004577300000164541,0.0039987999998629675
4558,0.018311400000129652,0.0038760000002184825,0.003669299999728537
4559,0.011073900000155845,0.0009258000000045286,0.0007624999998370185
4560,0.006643199999871285,0.0009485000000495347,0.0007669999999961874
4561,0.006704400000216992,0.0013578999996752827,0.0008973999997579085
4562,0.007593100000121922,0.0010001000000556814,0.0007949000000735396
4563,0.00691240000014659,0.0016132000000652624,0.0009250999996766041
4564,0.006290499999977328,0.0015293000001292967,0.0011233999998694344
4565,0.008574100000259932,0.0017657999997027218,0.0010825999997905456
4566,0.006256899999698362,0.0009514000003036927,0.0007803999997122446
4567,0.0068861999998262036,0.0010638999997354404,0.0008694000002833491
4568,0.007569999999759602,0.0009936999999808904,0.0008290999999189808
4569,0.006702200000290759,0.0010445999996591127,0.0008207000000766129
4570,0.006567500000073778,0.0015247000001181732,0.0010433000002194603
4571,0.00747799999999188,0.0014427999999497843,0.0008705000000190921
4572,0.007799599999998463,0.001019799999994575,0.000829399999929592
4573,0.006570300000021234,0.0009799999997994746,0.0007996999997885723
4574,0.0070446999998239335,0.0009756000004017551,0.0007749000001240347
4575,0.006687200000214943,0.0018005999995693855,0.0008679999996275001
4576,0.006304199999703997,0.0014593999999306106,0.001227299999754905
4577,0.007533599999987928,0.0009763000002749322,0.0007481000002371729
4578,0.0549458999998933,0.0009347000000161643,0.0007694999999330321
4579,0.006857099999706406,0.0014611999999942782,0.0012271000000509957
4580,0.0066490999997768085,0.000938399999995454,0.0007809000003362598
4581,0.006959300000289659,0.000947499999710999,0.0007611999999426189
4582,0.006271799999922223,0.0009215000000040163,0.000755700000354409
4583,0.006140299999970011,0.0009558000001561595,0.0007674999997107079
4584,0.006324200000108249,0.0009503999999651569,0.0007780000000821019
4585,0.006490100000064558,0.0009543000001031032,0.0007329000000027008
4586,0.007715299999745184,0.0009046999998645333,0.0007567000002381974
4587,0.006836399999883724,0.0009221999998771935,0.0009894999998323328
4588,0.006479599999693164,0.0016543000001547625,0.0013042000000496046
4589,0.006141899999875022,0.0015913000002001354,0.001352700000097684
4590,0.006694400000014866,0.0014045999996596947,0.0012080000001333246
4591,0.005517000000054395,0.0013460999998642365,0.0011811999997917155
4592,0.006123399999978574,0.0013906000003771624,0.001223799999934272
4593,0.005852300000242394,0.000841000000036729,0.0007159000001593085
4594,0.005922700000155601,0.0009086999998544343,0.0007456000003003282
4595,0.006406599999991158,0.0014892999997755396,0.0012780000001839653
4596,0.0061387000000650005,0.000876200000220706,0.0007669999999961874
4597,0.007268400000157271,0.0017609000001357344,0.0007933000001685286
4598,0.006793800000195915,0.0009275000002162415,0.0007626000001437205
4599,0.006855999999970663,0.0009054000001924578,0.0007571999999527179
4600,0.006693899999845598,0.0009125999999923806,0.0007614000001012755
4601,0.006830499999978201,0.0009328999999524967,0.0007838000001356704
4602,0.00722040000027846,0.0009084999996957777,0.000751499999751104
4603,0.009789700000055745,0.0009118999996644561,0.0007734000000709784
4604,0.007451599999967584,0.0009433000000171887,0.0007625000002917659
4605,0.0067346000000725326,0.0009115999996538449,0.0007480999997824256
4606,0.007116000000223721,0.0009186000002046057,0.000754400000005262
4607,0.006837100000211649,0.0009785000002011657,0.000798199999735516
4608,0.0069484999999076535,0.0017213999999512453,0.0009499000002506364
4609,0.00700509999978749,0.0009571999999025138,0.0007728999999017105
4610,0.0058763000001818,0.00099499999987529,0.0007945000002109737
4611,0.00591389999999592,0.000984999999673164,0.0008318000000144821
4612,0.006320599999980914,0.0009506000001238135,0.0007811000000401691
4613,0.006220400000074733,0.0009858000003077905,0.0007968999998411164
4614,0.0070380000001932785,0.001606199999969249,0.0008101999997052189
4615,0.0063423000001421315,0.0009672999999565945,0.0007709999999860884
4616,0.006329299999833893,0.0014685999999528576,0.0008000000002539309
4617,0.006126799999947252,0.0014155999997456092,0.001198599999952421
4618,0.00585030000002007,0.0014080999999350752,0.0010161000000152853
4619,0.006379899999956251,0.0015476999997190433,0.0008389999998144049
4620,0.006824999999935244,0.0009454999999434222,0.000760699999773351
4621,0.006112399999892659,0.0014675000002171146,0.0010121000000253844
4622,0.006284399999913148,0.0009374999999636202,0.0008209000002352695
4623,0.007344699999976001,0.0010134999997717387,0.000771099999838043
4624,0.006186799999795767,0.0009153000000878819,0.0007614999999532301
4625,0.005991000000449276,0.0009173999997074134,0.000759600000037608
4626,0.007862000000386615,0.0016583000001446635,0.000798300000042218
4627,0.006934500000170374,0.0009168999999928928,0.0007695999997849867
4628,0.006559200000083365,0.001647300000058749,0.0012283000000934408
4629,0.006711799999720824,0.0009565999998812913,0.0007319999999708671
4630,0.006084200000259443,0.0009695999997347826,0.0011569000002964458
4631,0.0072118999996746425,0.0011279999998805579,0.0009368999999423977
4632,0.006354799999826355,0.0014968999998927757,0.0008950000001277658
4633,0.006496500000139349,0.0010513000001992623,0.0008832000003167195
4634,0.006789000000026135,0.001006599999982427,0.0007947999997668376
4635,0.007080600000335835,0.0010305000000698783,0.0008308999999826483
4636,0.006621200000154204,0.0009545000002617599,0.0007924999999886495
4637,0.007009699999798613,0.0010415000001557928,0.0007811000000401691
4638,0.0076226999999562395,0.0009879000003820693,0.0008119999997688865
4639,0.00666559999990568,0.0017616000000089116,0.0014599999999518332
4640,0.006807299999763927,0.0010317000001123233,0.0008643000001029577
4641,0.006874900000184425,0.0010195999998359184,0.0008138000002873014
4642,0.006446200000027602,0.0015625000000909495,0.0013281999999890104
4643,0.006556699999691773,0.0016739000002417015,0.001032600000144157
4644,0.0063559999998688,0.0010138000002370973,0.0007977000000209955
4645,0.007128900000225258,0.0009768999998414074,0.0007674000003135006
4646,0.006367499999669235,0.0014353999999912048,0.0012230000002091401
4647,0.0064433000002281915,0.0015004000001681561,0.0012370999997983745
4648,0.007230900000195106,0.0009488999999121006,0.0007602999999107851
4649,0.006427199999961886,0.0015822999998817977,0.0012729999998555286
4650,0.007189099999777682,0.00100590000010925,0.0008213000000978354
4651,0.0065973000000667525,0.0009297000001424749,0.0007695999997849867
4652,0.006728299999849696,0.001487600000018574,0.0012300000003051537
4653,0.006306499999936932,0.0009869000000435335,0.0007708000002821791
4654,0.006819100000029721,0.0015281999999388063,0.0012577000002238492
4655,0.006653400000232068,0.0011153999998896325,0.0007660999999643536
4656,0.007722699999703764,0.0010363000001234468,0.0008491999997204402
4657,0.006258099999740807,0.001508900000317226,0.001257400000213238
4658,0.007318700000269018,0.0009437999997317092,0.0007773000002089248
4659,0.007672499999898719,0.0009731999998621177,0.000961499999903026
4660,0.0070979000001898385,0.0010078999998768268,0.0008110000003398454
4661,0.006964199999856646,0.0009787999997570296,0.0007792000001245469
4662,0.007167600000229868,0.0009737000000313856,0.0008115999999063206
4663,0.007027900000139198,0.0009810000001380104,0.0007886000003054505
4664,0.006279199999880802,0.0009414000001015665,0.0007660999999643536
4665,0.006656900000052701,0.0009343000001535984,0.0007663999999749649
4666,0.005900400000427908,0.000955099999828235,0.0007780999999340565
4667,0.007322400000248308,0.0009288999999625958,0.0007929000003059627
4668,0.006485700000212091,0.0009207999996760918,0.0007709000001341337
4669,0.007346400000187714,0.0010319999996681872,0.0008575999995628081
4670,0.00679020000006858,0.001619699999992008,0.0011646000002656365
4671,0.006675999999970372,0.0010124999998879503,0.0007669999999961874
4672,0.0065015000000130385,0.0014412000000447733,0.0008010000001377193
4673,0.006339099999877362,0.00090730000010808,0.0028123000001869514
4674,0.009640899999794783,0.0009058999999069783,0.000753199999962817
4675,0.006956199999876844,0.0009038999996846542,0.000756800000090152
4676,0.007501899999624584,0.0009396999998898536,0.000751600000057806
4677,0.007258699999965756,0.0009807999999793537,0.0007792000001245469
4678,0.008282400000098278,0.0009305999997195613,0.0007571000001007633
4679,0.006844099999852915,0.0009309000001849199,0.0007998000000952743
4680,0.009576299999935145,0.0009324000002379762,0.000758000000132597
4681,0.007320299999719282,0.0009092000000237022,0.0007296999997379316
4682,0.00691179999967062,0.0008856999997988169,0.0007839999998395797
4683,0.007637700000032055,0.0009664999997767154,0.0007695999997849867
4684,0.0060493000000860775,0.0014301000001069042,0.0011781000002883957
4685,0.007124100000055478,0.0009011000001919456,0.0007487000002583954
4686,0.007364400000369642,0.0009402999999110762,0.0007669999999961874
4687,0.00810239999964324,0.000926799999888317,0.0007424999998875137
4688,0.00682299999971292,0.0009310000000368746,0.0007630000000062864
4689,0.006582600000001548,0.0010068999999930384,0.0007740000000922009
4690,0.007107500000074651,0.0009429000001546228,0.000777499999912834
4691,0.007984500000020489,0.0009150000000772707,0.0007561999996141822
4692,0.0064704000001256645,0.000907400000414782,0.0007287000003088906
4693,0.007345999999870401,0.0009301000000050408,0.0007757999997011211
4694,0.007521099999848957,0.000966699999935372,0.0007759999998597777
4695,0.006801900000027672,0.0009182999997392471,0.0007746000001134234
4696,0.00641940000014074,0.0009411000000909553,0.0007857000000512926
4697,0.007140000000163127,0.0009479999998802668,0.0007654000000911765
4698,0.007770499999878666,0.0009003000000120664,0.0007528999999522057
4699,0.008201500000268425,0.0009122999999817694,0.000763200000164943
4700,0.007562299999790412,0.0009417000001121778,0.0007542000003013527
4701,0.006501000000298518,0.0008932999999160529,0.0007563999997728388
4702,0.007215899999664543,0.000902100000075734,0.0007485999999516935
4703,0.00637109999979657,0.0008928999995987397,0.0007694999999330321
4704,0.007605400000102236,0.0009767000001374981,0.0007728999999017105
4705,0.006954599999971833,0.0009805999998206971,0.0007980000000316068
4706,0.006757699999980105,0.0010056999999505933,0.0008333000000675383
4707,0.006460399999923538,0.0009749999999257852,0.0008778999999776715
4708,0.006293500000083441,0.000993799999832845,0.0007827999997971347
4709,0.007103999999799271,0.001501899999766465,0.0012637999998332816
4710,0.007415199999741162,0.0016583999999966181,0.0013380999998844345
4711,0.0070378999998865766,0.0009204999996654806,0.0007840999996915343
4712,0.006445199999689066,0.0015321000000767526,0.001223400000071706
4713,0.006938500000160275,0.0014955000001464214,0.0007869999999456923
4714,0.00652280000031169,0.0008975999999165651,0.0007654999999431311
4715,0.006230599999980768,0.0009035000002768356,0.0007611999999426189
4716,0.006602100000236533,0.0009436000000278,0.000835800000004383
4717,0.006573600000137958,0.001549099999920145,0.0007923000002847402
4718,0.006712100000186183,0.0015752999997857842,0.0013127000001986744
4719,0.006845400000202062,0.0014417999996112485,0.0012308000000302854
4720,0.007125600000108534,0.0009430000000065775,0.000764800000069954
4721,0.006842000000233384,0.0015623000003870402,0.000819100000171602
4722,0.008145000000240543,0.000926900000195019,0.0007653000002392218
4723,0.05579119999993054,0.0009921000000758795,0.0008189000000129454
4724,0.006899400000293099,0.0009043000000019674,0.0007440999997925246
4725,0.006887599999572558,0.0014903000001140754,0.0012292000001252745
4726,0.006476600000041799,0.0014467999999396852,0.0010023999998338695
4727,0.006215800000063609,0.0008877999998730957,0.000739899999643967
4728,0.006648999999924854,0.0009494999999333231,0.0008321000000250933
4729,0.0076601999999184045,0.001862399999936315,0.0014098999999987427
4730,0.006820300000072166,0.0009442999999009771,0.0007757000003039138
4731,0.006139099999927566,0.0016829999999572465,0.0013793999996778439
4732,0.006679800000256364,0.001065400000243244,0.0008566999999857217
4733,0.006568100000095001,0.0009182999997392471,0.0007751999996798986
4734,0.007108899999821006,0.0017579999998815765,0.001416499999777443
4735,0.007654100000308972,0.0009655000003476744,0.0007875000001149601
4736,0.006777399999918998,0.0015051999998831889,0.0008081000000856875
4737,0.006209300000136864,0.0015880000000834116,0.0012972999998055457
4738,0.006599499999992986,0.001635199999782344,0.001397500000166474
4739,0.008174499999768159,0.0010146999998141837,0.0008029999999052961
4740,0.007571499999812659,0.001026599999931932,0.0008176999999705004
4741,0.006679600000097707,0.0017201000000568456,0.0008289000002150715
4742,0.006739500000094267,0.0010351000000810018,0.0008536999998796091
4743,0.007250000000112777,0.0010206000001744542,0.000847799999974086
4744,0.006397600000127568,0.0009731000000101631,0.0007685000000492437
4745,0.007236099999772705,0.0009663000000728061,0.0008043000002544431
4746,0.006822899999860965,0.0015933999998196668,0.0008686999999554246
4747,0.007485300000098505,0.0009672999999565945,0.0008432999998149171
4748,0.007075299999996787,0.0009792999999262975,0.000787899999977526
4749,0.006577999999990425,0.0010058000002572953,0.000793100000009872
4750,0.006301700000221899,0.003426700000090932,0.0008640000000923465
4751,0.006787700000131736,0.0009922999997797888,0.0007897999998931482
4752,0.0061241999997037055,0.0009503999999651569,0.0007623000001331093
4753,0.006837299999915558,0.001004599999760103,0.0008536000000276545
4754,0.006420400000024529,0.001134399999955349,0.0009058000000550237
4755,0.006849800000054529,0.0010786999996525992,0.0008022000001801644
4756,0.006181800000376825,0.0017803999999159714,0.0013760000001639128
4757,0.006986800000049698,0.001669300000230578,0.0011786999998548708
4758,0.006914699999924778,0.0009849000002759567,0.0007833999998183572
4759,0.007013099999767292,0.0009712000000945409,0.0007783000000927132
4760,0.007542300000295654,0.0010867000000871485,0.0008688999996593338
4761,0.006414299999960349,0.0009648999998717045,0.0008155999998962216
4762,0.00647209999988263,0.0009258999998564832,0.0007697999999436433
4763,0.0067247000001771084,0.0009803000002648332,0.0007934000000204833
4764,0.006980099999964295,0.0009750999997777399,0.0007751999996798986
4765,0.005842399999892223,0.0009355000001960434,0.0007708000002821791
4766,0.005950100000063685,0.0009356999998999527,0.0007725000000391447
4767,0.006696200000078534,0.0015585999999530031,0.0013441000000966596
4768,0.007913900000403373,0.0010032000000137486,0.0008124999999381544
4769,0.006326499999886437,0.0017770999997992476,0.001393000000007305
4770,0.006605500000205211,0.0009546999999656691,0.0007832999999664025
4771,0.007596200000079989,0.0009725999998408952,0.0007697999999436433
4772,0.006555200000093464,0.0018537999999352905,0.001094900000225607
4773,0.006837699999778124,0.0010032999998657033,0.0007906000000730273
4774,0.006150400000024092,0.0009924999999384454,0.0007900000000518048
4775,0.006379199999628327,0.001757399999860354,0.0014243000000533357
4776,0.0065200000003642344,0.0010177000003750436,0.0008021000003282097
4777,0.006245900000067195,0.0009479999998802668,0.0007735000003776804
4778,0.0069123000002946355,0.001818100000036793,0.0013453999999910593
4779,0.00900469999987763,0.0009675000001152512,0.0008416999999099062
4780,0.007325500000206375,0.0009933999999702792,0.0007793999998284562
4781,0.0069255000003067835,0.0010231000001112989,0.0008150999997269537
4782,0.00680659999989075,0.0017840000000433065,0.0009239000000889064
4783,0.007493699999940873,0.001011800000014773,0.0007985000002008746
4784,0.007082099999934144,0.0009826000000430213,0.000804700000117009
4785,0.006752400000095804,0.0017594000000826782,0.0008588000000600005
4786,0.007717399999819463,0.0010387000002083369,0.0008479999996779952
4787,0.0062291999997796665,0.001022599999942031,0.0008226999998441897
4788,0.006793200000174693,0.0010131000003639201,0.0008225999999922351
4789,0.007395800000267627,0.0009958999999071239,0.0008026999998946849
4790,0.006914900000083435,0.001015800000004674,0.0008164999999280553
4791,0.006120000000009895,0.0009688000000096508,0.0007881000001361826
4792,0.0064610999997967156,0.0010839999999916472,0.0008570999998482876
4793,0.007169799999701354,0.0010234999999738648,0.0008223999998335785
4794,0.006849399999737216,0.0010589000003164983,0.0008147000003191351
4795,0.007361299999956827,0.0010186999998040847,0.0008259999999609136
4796,0.0067672999998649175,0.0020476999998209067,0.0019277000001238775
4797,0.006656299999576731,0.001612700000350742,0.000849000000016531
4798,0.006528500000058557,0.0015518000000156462,0.0008527999998477753
4799,0.007646399999885034,0.001174400000309106,0.0010022000001299602
4800,0.006876500000089436,0.0010431000000608037,0.0008694999996805564
4801,0.006189100000028702,0.0014372000000548724,0.0012317000000621192
4802,0.006221900000127789,0.0009454000000914675,0.0007855999997445906
4803,0.007226900000205205,0.0011238000001867476,0.0008044000001063978
4804,0.006950299999971321,0.0009697999998934392,0.0007933000001685286
4805,0.006619100000079925,0.0009866000000329223,0.0007959999998092826
4806,0.006510400000024674,0.0009919999997691775,0.0007841000001462817
4807,0.007435299999997369,0.0009714000002531975,0.0007875000001149601
4808,0.006577699999979814,0.0009814999998525309,0.0007646000003660447
4809,0.007213899999896967,0.0009445000000596337,0.0007782000002407585
4810,0.00660329999982423,0.001483600000028673,0.001062499999989086
4811,0.008550800000193703,0.0009625000002415618,0.0007993999997779611
4812,0.006036400000084541,0.0014352999996845028,0.0012264999995750259
4813,0.009250300000076095,0.0017837999998846499,0.0013886000001548382
4814,0.007724500000222179,0.0012366999999358086,0.000776400000177091
4815,0.006981600000017352,0.0016362000001208798,0.0012934000001223467
4816,0.007511399999657442,0.0010062999999718159,0.000778800000261981
4817,0.006775299999844719,0.0009786000000531203,0.0008886000000529748
4818,0.006136399999832065,0.0009390000000166765,0.0008496000000377535
4819,0.009204500000123517,0.0010111999999935506,0.0008029000000533415
4820,0.00672549999990224,0.0009375999998155748,0.0007574999999633292
4821,0.006734200000209967,0.0011445999998613843,0.0009762999998201849
4822,0.006836399999883724,0.0014909000001352979,0.0012342999998509185
4823,0.006853400000181864,0.0009844999999586435,0.0008200000002034358
4824,0.0065457999999125605,0.0015493000000788015,0.0012566000000333588
4825,0.006564799999978277,0.0009574999999131251,0.0007890999995652237
4826,0.006475000000136788,0.0009384999998474086,0.0007763000003251364
4827,0.0068424000000959495,0.001267699999971228,0.0007966000002852525
4828,0.00658530000009705,0.0009377999999742315,0.0007713999998486543
4829,0.007316000000173517,0.0018279000000802625,0.0013361000001168577
4830,0.006134200000360579,0.0015776000000187196,0.0008631999999124673
4831,0.007420599999932165,0.0009523999997327337,0.0007835999999770138
4832,0.00688880000006975,0.0009494999999333231,0.0007623000001331093
4833,0.006425099999887607,0.0009368000000904431,0.0007739999996374536
4834,0.006901899999775196,0.0015505999999732012,0.0011881000000357744
4835,0.0064456000000063796,0.0014889999997649284,0.0012828000003537454
4836,0.006524200000058045,0.001009299999623181,0.0008161999999174441
4837,0.006701799999973446,0.001446100000066508,0.0012332000001151755
4838,0.006458199999997305,0.0009307000000262633,0.0007739999996374536
4839,0.005893999999898369,0.0014410999997380713,0.001219799999944371
4840,0.0066494999996393744,0.0015217999998640153,0.001283300000068266
4841,0.007120299999769486,0.0014689999998154235,0.0012961999996150553
4842,0.006994400000166934,0.0009933999999702792,0.0008306999998239917
4843,0.00838900000007925,0.0016166000000339409,0.0012936999996782106
4844,0.0065641000001051,0.0009104000000661472,0.0007157999998526066
4845,0.006762299999991228,0.0014894999999341962,0.001277599999866652
4846,0.00608250000004773,0.0014746000001650827,0.0012264000001778186
4847,0.0061295000000427535,0.0016313000000991451,0.0011566999996830418
4848,0.006849700000202574,0.0014535999998770421,0.0012427000001480337
4849,0.007067300000016985,0.0016102000004138972,0.0008204000000660017
4850,0.006454899999880581,0.001700400000117952,0.0010566999999355176
4851,0.00647579999986192,0.0015789999997650739,0.0010188000001107866
4852,0.006398699999863311,0.0014869999999973516,0.0012513000001490582
4853,0.00641700000005585,0.0009242000000995176,0.0007765000000290456
4854,0.006363800000144693,0.0016298000000460888,0.0008388000001104956
4855,0.007074999999986176,0.000965499999892927,0.0008035999999265186
4856,0.007378300000254967,0.0009681000001364737,0.0007705000002715678
4857,0.0063152000002446584,0.001462900000205991,0.0012523000000328466
4858,0.006658799999968323,0.0015260000000125729,0.0009678000001258624
4859,0.00799879999976838,0.0009567000001879933,0.0007930000001579174
4860,0.0060845000002700544,0.0014491000001726206,0.0011756999997487583
4861,0.006913499999882333,0.0009738999997352948,0.0007739000002402463
4862,0.007059499999741092,0.0009190000000671716,0.000759600000037608
4863,0.006546000000071217,0.0009718000001157634,0.0007934000000204833
4864,0.0060024999997949635,0.0009389999995619291,0.0007768000000396569
4865,0.007278300000052695,0.0009952999998859013,0.0007915999999568157
4866,0.007978600000114966,0.0009586999999555701,0.0008037000002332206
4867,0.007279400000243186,0.0009454000000914675,0.0007928999998512154
4868,0.055341000000225904,0.0009316999999100517,0.0007749999999759893
4869,0.008044199999858392,0.0017509000003883557,0.0012714999998024723
4870,0.006465899999966496,0.0014042999996490835,0.0010437000000820262
4871,0.006360400000176014,0.0016175999999177293,0.0012962999999217573
4872,0.006200799999987794,0.0014750000000276486,0.0012181000001874054
4873,0.006199700000252051,0.000903199999811477,0.0007470999998986372
4874,0.006724600000325154,0.0009442999999009771,0.0007590000000163855
4875,0.006295900000168331,0.0014421999999285617,0.00101070000027903
4876,0.006739000000379747,0.0009219000003213296,0.0007911000002422952
4877,0.0069653000000471366,0.0009529000003567489,0.0007918000001154724
4878,0.00748829999974987,0.0009463000001233013,0.0008063999998739746
4879,0.006385199999840552,0.000920100000257662,0.0007330999997066101
4880,0.007491100000152073,0.0009994000001825043,0.0008259000001089589
4881,0.006694499999866821,0.0010956999999507389,0.000749199999972916
4882,0.006280300000071293,0.000892799999746785,0.0007595000001856533
4883,0.006121599999914906,0.0009473000000070897,0.0009123000004365167
4884,0.0060258000003159395,0.0009392000001753331,0.0007765999998810003
4885,0.006697300000269024,0.0009758000001056644,0.0007744999998067215
4886,0.005957500000022264,0.0009313000000474858,0.000764800000069954
4887,0.008327699999881588,0.0010425999998915358,0.0007553999998890504
4888,0.006198900000072172,0.001495599999998376,0.0009701999997560051
4889,0.0059729999998126004,0.000904500000160624,0.0007631999997101957
4890,0.007926600000246253,0.0018362000000706757,0.0007970000001478184
4891,0.006122599999798695,0.001585399999839865,0.0008050000001276203
4892,0.007306500000140659,0.0009080999998332118,0.0007635000001755543
4893,0.005837900000187801,0.0009393000000272878,0.000758000000132597
4894,0.00608490000013262,0.0013988000000608736,0.0012088000003132038
4895,0.006200799999987794,0.001642100000026403,0.0012497000002440473
4896,0.006566900000052556,0.0009537000000818807,0.000781499999902735
4897,0.006086400000185677,0.0014393999999811058,0.001009900000099151
4898,0.006688700000268,0.0010367999998379673,0.000854200000048877
4899,0.006194399999913003,0.000945899999805988,0.0007602999999107851
4900,0.006499800000256073,0.0009313000000474858,0.0007612999997945735
4901,0.0061906000000817585,0.0015051999998831889,0.0008160999996107421
4902,0.005985499999951571,0.0009377999999742315,0.0007743999999547668
4903,0.007816599999841856,0.0009520999997221224,0.0007935999997243925
4904,0.00681380000014542,0.0008998000002975459,0.0007593000000269967
4905,0.006018900000071881,0.0009227000000464614,0.0007552000001851411
4906,0.006021500000315427,0.0009254000001419627,0.0007547000000158732
4907,0.006188700000166136,0.002010499999869353,0.0020491000000220083
4908,0.007670999999845662,0.000959099999818136,0.0007761000001664797
4909,0.006560600000284467,0.001956199999767705,0.0009383000001434993
4910,0.006779499999993277,0.0009082000001399138,0.0007828999996490893
4911,0.00624340000013035,0.0009672999999565945,0.0007768000000396569
4912,0.006560399999671063,0.0014920999997229956,0.0007918000001154724
4913,0.0070160000000214495,0.0009065000003829482,0.0007696999996369414
4914,0.0069575999996231985,0.0009313999998994404,0.0008416000000579515
4915,0.00643999999965672,0.0015816000000086206,0.0010455999999976484
4916,0.006732699999702163,0.0013936000000285276,0.0012560000000121363
4917,0.0063018999999258085,0.0009335999998256739,0.0007558000002063636
4918,0.00735709999980827,0.000951099999838334,0.0007700999999542546
4919,0.006396300000233168,0.0009010999997371982,0.0007673000000067987
4920,0.006363699999837991,0.0009553999998388463,0.000768699999753153
4921,0.0066907000000355765,0.0014937999999347085,0.0012083999999958905
4922,0.006166399999983696,0.0009615999997549807,0.0007795999999871128
4923,0.007290900000043621,0.0017491999997218954,0.0012363000000732427
4924,0.006323300000076415,0.0009288000001106411,0.0007807000001776032
4925,0.006892400000197085,0.0009839999997893756,0.0007590999998683401
4926,0.008009900000160997,0.0015094000000317465,0.0008346000004166854
4927,0.006221999999979744,0.0009448999999221996,0.000759499999730906
4928,0.00671409999995376,0.0009244999996553815,0.000804599999810307
4929,0.006053899999642454,0.0009369999997943523,0.0007611000000906643
4930,0.005776399999831483,0.0009053000003405032,0.0007765000000290456
4931,0.006429399999888119,0.0014750000000276486,0.0011687999999594467
4932,0.006782700000258046,0.0009076000001186912,0.0007965999998305051
4933,0.006641699999818229,0.0009688000000096508,0.0007810000001882145
4934,0.006176699999741686,0.001068900000063877,0.0007409999998344574
4935,0.0063095000000430446,0.0014622999997300212,0.0012391000000206986
4936,0.006143000000065513,0.0014535999998770421,0.0008043999996516504
4937,0.00782600000002276,0.0017005999998218613,0.0010219000000688538
4938,0.006528800000069168,0.0009808999998313084,0.0007778999997753999
4939,0.00625499999978274,0.00170029999981125,0.0012415000001055887
4940,0.007010400000126538,0.00093029999970895,0.000739899999643967
4941,0.006924599999820202,0.0009460999999646447,0.0007950999997774488
4942,0.00602019999996628,0.0015726999999969848,0.001231400000051508
4943,0.006315000000086002,0.0015731999997115054,0.0008602000002611021
4944,0.006435299999793642,0.001506000000063068,0.001235500000348111
4945,0.006311300000106712,0.0009245999999620835,0.0007642999999006861
4946,0.0061166999998931715,0.0009601000001566717,0.0007712999999966996
4947,0.006175500000153988,0.0014605999999730557,0.0012289000001146633
4948,0.006847199999810982,0.0009121999996750674,0.0007639000000381202
4949,0.00629609999987224,0.0009543999999550579,0.0007699000002503453
4950,0.0076613999999608495,0.000976999999693362,0.0007768999998916115
4951,0.006268199999794888,0.0009664999997767154,0.0007780000000821019
4952,0.007627399999819318,0.0012013000000479224,0.0008050999999795749
4953,0.006820099999913509,0.0020385999996506143,0.0008380999997825711
4954,0.00618350000013379,0.0009387000000060652,0.0007694000000810775
4955,0.005947999999989406,0.0009328999999524967,0.0007616000002599321
4956,0.005974700000024313,0.0009369999997943523,0.0008054999998421408
4957,0.006696200000078534,0.0020761999999194813,0.0012646999998651154
4958,0.00671650000003865,0.0009275000002162415,0.0007792999999765016
4959,0.006750800000190793,0.0009263000001737964,0.0007637000003342109
4960,0.0064029000000118685,0.0012052000001858687,0.0007678000001760665
4961,0.006857599999875674,0.0010322999996787985,0.0007811999998921237
4962,0.006013700000039535,0.0009501999998065003,0.0007934000000204833
4963,0.008249499999692489,0.001696799999990617,0.001010599999972328
4964,0.006519699999898876,0.000948800000060146,0.0007808000000295579
4965,0.0057575000000724685,0.0009270000000469736,0.0007544999998572166
4966,0.006688200000098732,0.0015763999999762746,0.0007528000001002511
4967,0.006449900000006892,0.0009134000001722598,0.0007578999998258951
4968,0.006100699999933568,0.0033075999999709893,0.0008425000000897853
4969,0.008268799999768817,0.0009635000001253502,0.0007755000001452572
4970,0.006497200000012526,0.000964400000157184,0.0007924999999886495
4971,0.006067399999665213,0.0018239000000903616,0.0012676000001192733
4972,0.0067632999998750165,0.0009555999999975029,0.0007647999996152066
4973,0.006356299999879411,0.0014796000000387721,0.0011939999999412976
4974,0.006573200000275392,0.001453000000310567,0.0012495000000853906
4975,0.00700490000008358,0.0009674000002632965,0.0007809999997334671
4976,0.006722299999637471,0.001411000000189233,0.0012111999999433465
4977,0.006461699999817938,0.0015011000000413333,0.0007759999998597777
4978,0.007793000000219763,0.0014523999998345971,0.0010194999999839638
4979,0.006425699999908829,0.0009572000003572612,0.0007818999997653009
4980,0.006906900000103633,0.0017548999999235093,0.0009194999997816922
4981,0.006422800000109419,0.000925199999983306,0.0007681000001866778
4982,0.00653329999977359,0.0009451999999328109,0.0007474999997612031
4983,0.006308600000011211,0.0009737000000313856,0.0008195999998861225
4984,0.006241400000362773,0.0009654000000409724,0.0007818999997653009
4985,0.006483199999820499,0.001547100000152568,0.0009327999996457947
4986,0.0069642000003113935,0.000978699999905075,0.0008194000001822133
4987,0.006523600000036822,0.0009770000001481094,0.0008034000002226094
4988,0.007788800000071205,0.0009531000000606582,0.0007805000000189466
4989,0.006602299999940442,0.0011438999999882071,0.0008176999999705004
4990,0.006888100000196573,0.0010044000000561937,0.0007872999999563035
4991,0.00624340000013035,0.0014280000000326254,0.0012323999999352964
4992,0.00622239999984231,0.0014561000002686342,0.0012249000001247623
4993,0.00608860000011191,0.0009907000003295252,0.0008059000001594541
4994,0.006077300000015384,0.0014507000000776316,0.0012262999998711166
4995,0.006316100000276492,0.0014703000001645705,0.0012397999998938758
4996,0.006499199999780103,0.0009657000000515836,0.0007823000000826141
4997,0.007079699999849254,0.001573399999870162,0.0011862000001201523
4998,0.007023499999831984,0.0009200999998029147,0.0007788999996591883
4999,0.007706299999881594,0.0009340000001429871,0.0007338999998864892
