arm,lap,compile_s,back_s,gc0_n,gc0_s,gc1_n,gc1_s,gc2_n,gc2_s
"C, gc on",1,0.06778409300000021,0.015021479999973053,11,0.0006332789999987654,0,0.0,0,0.0
"C, gc on",2,0.0413693670000157,0.013147182000011526,4,0.00027255500003775524,0,0.0,0,0.0
"C, gc on",3,0.03973187700000835,0.01287241600005018,2,8.214699994368857e-05,1,0.00040823500000897184,0,0.0
"C, gc on",4,0.04026204800004507,0.01292238600001383,3,0.0002059700000245357,0,0.0,0,0.0
"C, gc on",5,0.03964451299998473,0.013241681000067729,2,9.389799993186898e-05,1,0.000610629999982848,0,0.0
"C, gc on",6,0.03991823100000147,0.01335387400001764,3,0.00019224400000439346,0,0.0,0,0.0
"C, gc on",7,0.040059063000057904,0.013538208999989365,2,9.055199996055308e-05,1,0.0008469379999951343,0,0.0
"C, gc on",8,0.04085226500001227,0.013235259999987647,3,0.00019765499996537983,0,0.0,0,0.0
"C, gc on",9,0.03986899899996388,0.01343658099995082,2,9.044199998697877e-05,1,0.0007559260000107315,0,0.0
"C, gc on",10,0.03919176100009736,0.013617456000019956,3,0.0001943990000654594,0,0.0,0,0.0
"C, gc on",11,0.04126231200007169,0.01390152599992689,2,8.653500003674708e-05,1,0.0008140159999356911,0,0.0
"C, gc on",12,0.04104719299994031,0.01322619199993369,3,0.00028760700001839723,0,0.0,0,0.0
"C, gc on",13,0.04088719100002436,0.01360801700002412,2,0.00011180299998159171,1,0.000845926000010877,0,0.0
"C, gc on",14,0.04075791599996137,0.013316443000007894,3,0.00019912800007659825,0,0.0,0,0.0
"C, gc on",15,0.04097719199990024,0.013222605000009935,2,0.0001046989999622383,1,0.0008874149999655856,0,0.0
"C, gc on",16,0.03804277500000808,0.013481923000085771,3,0.0001976060000288271,0,0.0,0,0.0
"C, gc on",17,0.040563325999983135,0.013338766000060787,2,8.96509999392947e-05,1,0.0009532300000500982,0,0.0
"C, gc on",18,0.0406569629999467,0.012910702999988644,3,0.00019319699993047834,0,0.0,0,0.0
"C, gc on",19,0.04405911300000298,0.014097515999992538,2,0.0001372810000930258,1,0.0009693109999489025,0,0.0
"C, gc on",20,0.05092503000003035,0.0154683279999972,3,0.00039572200000748126,0,0.0,0,0.0
"C, gc on",21,0.044645195000043714,0.0772598899999366,2,0.0001748619998807044,1,0.0009065309999414239,0,0.0
"C, gc on",22,0.04010618899997098,0.01344936600003166,5,0.000273048999929415,0,0.0,0,0.0
"C, gc on",23,0.04056134099994324,0.013823130999981004,3,0.00021494799977972434,1,0.0003607650000958529,0,0.0
"C, gc on",24,0.040045255999984875,0.01690128600000662,4,0.0002727569999478874,0,0.0,0,0.0
"C, gc on",25,0.043963060000010046,0.014206362999971134,3,0.0003856130000485791,0,0.0,0,0.0
"C, gc on",26,0.04250412500005041,0.014256557999942743,3,0.0002527000000327462,0,0.0,0,0.0
"C, gc on",27,0.04202638399999614,0.014347590999932436,3,0.0003209999999853608,0,0.0,0,0.0
"C, gc on",28,0.04234668200001579,0.016230255999971632,3,0.00024002600002859253,0,0.0,0,0.0
"C, gc on",29,0.04911217299991222,0.016435900000033143,3,0.000440736999848923,0,0.0,0,0.0
"C, gc on",30,0.044070524000062505,0.014473019999968528,3,0.0003759550000950185,0,0.0,0,0.0
"C, gc on",31,0.04418393000003107,0.014210710000043036,3,0.00035314999990987417,0,0.0,0,0.0
"C, gc on",32,0.046284159000038017,0.01366325199990115,3,0.00031004900006337266,0,0.0,0,0.0
"C, gc on",33,0.03856815699998606,0.012752573000057055,3,0.0002235550000477815,0,0.0,0,0.0
"C, gc on",34,0.03807685599997512,0.01351130299997294,3,0.00022519900005590898,0,0.0,0,0.0
"C, gc on",35,0.0416998829999784,0.012989973999992799,3,0.0002221120000740484,0,0.0,0,0.0
"C, gc on",36,0.04521485699990535,0.013858924000032857,3,0.00022397600014301133,0,0.0,0,0.0
"C, gc on",37,0.04068761100006668,0.01413783800001056,3,0.00024088700001811958,0,0.0,0,0.0
"C, gc on",38,0.040678360000015346,0.01444622300004994,3,0.00027850899994064093,0,0.0,0,0.0
"C, gc on",39,0.043015792000005604,0.01341185499995845,3,0.00022618899993176456,0,0.0,0,0.0
"C, gc on",40,0.03902370299999802,0.014239115000009406,3,0.00019013999997241626,0,0.0,0,0.0
"C, gc on",41,0.0469856739999841,0.013902781999945546,3,0.0003506860000470624,0,0.0,0,0.0
"C, gc on",42,0.041567435999922964,0.014247551000039493,3,0.0001796119998971335,0,0.0,0,0.0
"C, gc on",43,0.11301180700002078,0.012957131000007394,5,0.0001886980001017946,0,0.0,1,0.07064908900008504
"C, gc on",44,0.0395979580000585,0.013996744999985822,3,0.00015370200003417267,1,0.0002100080000673188,0,0.0
"C, gc on",45,0.03985076200001458,0.013782358999947064,4,0.00023623900005986798,0,0.0,0,0.0
"C, gc on",46,0.04106140199996844,0.013728143999969689,2,0.0001423710001517975,1,0.000822612000092704,0,0.0
"C, gc on",47,0.039164109000012104,0.013705131000051551,3,0.00019941900006870128,0,0.0,0,0.0
"C, gc on",48,0.03959917500003485,0.01311112400003367,2,0.00012838399993597704,1,0.00075525399995513,0,0.0
"C, gc on",49,0.03954751700007364,0.013533110000025772,3,0.00019797600009496819,0,0.0,0,0.0
"C, gc on",50,0.0388536649999196,0.013206503999981578,2,0.00012687100002040097,1,0.0008126630000333535,0,0.0
"C, gc on",51,0.039466869000079896,0.014232773000003363,3,0.0002046289997679196,0,0.0,0,0.0
"C, gc on",52,0.04166192599996066,0.013457576999940102,2,0.00013294300003963144,1,0.0008488120000720301,0,0.0
"C, gc on",53,0.04792270199993709,0.013652656999965984,3,0.0003238349999037382,0,0.0,0,0.0
"C, gc on",54,0.0394411790000504,0.013553127000022869,2,0.0001252270000122735,1,0.0008600930000284279,0,0.0
"C, gc on",55,0.03940421899994817,0.013717459999952553,3,0.00021152099998289486,0,0.0,0,0.0
"C, gc on",56,0.04229867399999421,0.013372168999921996,2,0.00014181999995344086,1,0.0009455850000676946,0,0.0
"C, gc on",57,0.039654861000030905,0.01400857700002689,3,0.000202565999984472,0,0.0,0,0.0
"C, gc on",58,0.04097948100002213,0.013918702000069061,2,0.0001422609999508495,1,0.0011777860000847795,0,0.0
"C, gc on",59,0.038328650999915226,0.0132525330000135,3,0.00021703300001263415,0,0.0,0,0.0
"C, gc on",60,0.03957614099999773,0.01346893300001284,2,0.00012018799998259055,1,0.000944247000006726,0,0.0
"C, gc on",61,0.04058503599992491,0.013346939000030034,3,0.00021521000007851399,0,0.0,0,0.0
"C, gc on",62,0.039188674999991235,0.014084491999938109,2,0.00012104999984785536,1,0.0008571980000624535,0,0.0
"C, gc on",63,0.04009048599994003,0.013650442999960433,3,0.00020179300008749124,0,0.0,0,0.0
"C, gc on",64,0.10503024400009053,0.013483099000040966,2,5.6266999990839395e-05,1,0.000880611999946268,1,0.06277382999996917
"C, gc on",65,0.0404584560000103,0.013993458999948416,4,0.0002521680000882043,0,0.0,0,0.0
"C, gc on",66,0.039667288000032386,0.013307144999998854,2,0.0001673579999987851,1,0.0007843689999162962,0,0.0
"C, gc on",67,0.04084095200005322,0.013722503999929359,3,0.00021069100012027775,0,0.0,0,0.0
"C, gc on",68,0.039345744000002014,0.01294895599994561,2,0.00019625300001280266,1,0.0007103189999497772,0,0.0
"C, gc on",69,0.03905994000001556,0.014618976000065231,3,0.00019153400012328348,0,0.0,0,0.0
"C, gc on",70,0.04267564599990692,0.013633649999974295,2,0.00030413700005738065,1,0.0008036160000983728,0,0.0
"C, gc on",71,0.04049862699991991,0.013774057999967226,3,0.00021271299999625626,0,0.0,0,0.0
"C, gc on",72,0.03978589399991961,0.013454500999955599,2,0.0001789799998732633,1,0.0008049290000826659,0,0.0
"C, gc on",73,0.03996664199996758,0.013176897999983339,3,0.0001983060000156911,0,0.0,0,0.0
"C, gc on",74,0.04089725500000441,0.013679896999974517,2,0.0001876869999932751,1,0.0008146469999701367,0,0.0
"C, gc on",75,0.04035768899996128,0.013824743999975908,3,0.00020954699994035764,0,0.0,0,0.0
"C, gc on",76,0.03961318699998628,0.013682488999961606,2,0.00018732599994564225,1,0.000953661000039574,0,0.0
"C, gc on",77,0.03954723599997578,0.01369540199993935,3,0.00020585100003245316,0,0.0,0,0.0
"C, gc on",78,0.04052517699994951,0.014144320000013977,2,0.000215780000075938,1,0.000996170999997048,0,0.0
"C, gc on",79,0.04018509700006234,0.0138144589999456,3,0.0002491530000270359,0,0.0,0,0.0
"C, gc on",80,0.043266818000006424,0.013732473000004575,2,0.0002608059999147372,1,0.000989378999975088,0,0.0
"C, gc on",81,0.04154220299994904,0.013737343000002511,3,0.0002743999998529034,0,0.0,0,0.0
"C, gc on",82,0.042635840000002645,0.013475855999899977,2,0.00022548799995547597,1,0.0009827659999928073,0,0.0
"C, gc on",83,0.04160182700002224,0.013899911000066822,3,0.00024109599996791076,0,0.0,0,0.0
"C, gc on",84,0.04369749599993611,0.013891499000010299,2,0.00025404299992715096,1,0.0010208280000369996,0,0.0
"C, gc on",85,0.0407961419999765,0.014010266000013871,3,0.0003504559998646073,0,0.0,0,0.0
"C, gc on",86,0.11610044700000799,0.016295810999963578,4,0.00013874400008262455,1,0.0009489719999464796,1,0.0715504490000285
"C, gc on",87,0.05141015999993215,0.01909246900004291,4,0.0006026740001061626,0,0.0,0,0.0
"C, gc on",88,0.047181851000004826,0.014135999000018273,3,0.00023153900008310302,0,0.0,0,0.0
"C, gc on",89,0.04346806099999867,0.015354400999967766,3,0.0002460560000372425,0,0.0,0,0.0
"C, gc on",90,0.04034127299996726,0.013705101000027753,3,0.00031140199985202344,0,0.0,0,0.0
"C, gc on",91,0.04176595000001271,0.01412130000005618,3,0.00028971000017463666,0,0.0,0,0.0
"C, gc on",92,0.041460589000053005,0.013594321000027776,3,0.00029896800003825774,0,0.0,0,0.0
"C, gc on",93,0.041802638000035586,0.01513607399999728,3,0.0002446339999551128,0,0.0,0,0.0
"C, gc on",94,0.04021559500006333,0.01456285000006119,3,0.0002744209999718805,0,0.0,0,0.0
"C, gc on",95,0.04235560400002214,0.014174660999970001,3,0.0002383920000283979,0,0.0,0,0.0
"C, gc on",96,0.04482420399995135,0.013360787000010532,3,0.00033893299996634596,0,0.0,0,0.0
"C, gc on",97,0.04533238999999867,0.014902750000032938,3,0.0002732800001012947,0,0.0,0,0.0
"C, gc on",98,0.04606205899995075,0.014853146000064044,3,0.00036112599991611205,0,0.0,0,0.0
"C, gc on",99,0.04224406100001943,0.014624461999915184,3,0.0002535620000116978,0,0.0,0,0.0
"C, gc on",100,0.04147320699996726,0.014614758999982769,3,0.00029110299999501876,0,0.0,0,0.0
"C, gc on",101,0.041807575999996516,0.013766853999982231,3,0.00023415400016801868,0,0.0,0,0.0
"C, gc on",102,0.03918150699996659,0.013295023000068795,3,0.00023545800002011674,0,0.0,0,0.0
"C, gc on",103,0.039125075000015386,0.01418539700000565,3,0.00017370099999425292,0,0.0,0,0.0
"C, gc on",104,0.038605813000003764,0.013918061000026682,3,0.0002231149999261106,0,0.0,0,0.0
"C, gc on",105,0.04341024699999707,0.014015164000056757,3,0.00019772500002090965,0,0.0,0,0.0
"C, gc on",106,0.04268334500000037,0.014009269999974094,3,0.0002396049999333627,0,0.0,0,0.0
"C, gc on",107,0.04065789399999176,0.08827398999994784,3,0.00021729400009462552,0,0.0,0,0.0
"C, gc on",108,0.040726209000013114,0.013964803000021675,5,0.0002803029998403872,0,0.0,0,0.0
"C, gc on",109,0.04267048100007287,0.013606955000000198,3,0.00017049399991719838,1,0.00047578400005932053,0,0.0
"C, gc on",110,0.03897767599994495,0.013962239000079535,4,0.00027699600002506486,0,0.0,0,0.0
"C, gc on",111,0.0393215719999489,0.013435919000016838,2,0.00019445800000994495,1,0.0008486109999239488,0,0.0
"C, gc on",112,0.03850615999999718,0.013252873000055843,3,0.00019925799995235138,0,0.0,0,0.0
"C, gc on",113,0.040631268000083764,0.013386677999960739,2,0.000180692999947496,1,0.0007247859999779394,0,0.0
"C, gc on",114,0.03860203100009585,0.013615451000077883,3,0.0002722560000165686,0,0.0,0,0.0
"C, gc on",115,0.04234118099998341,0.013842151000062586,2,0.00019155299992235086,1,0.000777336000055584,0,0.0
"C, gc on",116,0.04390245600006892,0.014050947999976415,3,0.00027581300014389853,0,0.0,0,0.0
"C, gc on",117,0.041731222999942474,0.013278651999939939,2,0.000187234999998509,1,0.0007787079999843627,0,0.0
"C, gc on",118,0.03900166999994781,0.01360211500002606,3,0.0002819560000943966,0,0.0,0,0.0
"C, gc on",119,0.04130237800006853,0.013334278000002087,2,0.0002189460000181498,1,0.0008484310000085316,0,0.0
"C, gc on",120,0.04242888800001765,0.01380678500004251,3,0.00027146600007199595,0,0.0,0,0.0
"C, gc on",121,0.042875755999943976,0.014262217000009514,2,0.00022206200003438425,1,0.0008901500000320084,0,0.0
"C, gc on",122,0.03970088799997029,0.013460147000046163,3,0.00025283200000103534,0,0.0,0,0.0
"C, gc on",123,0.040508951999981946,0.013994922000051702,2,0.0001861630000803416,1,0.0008827660000179094,0,0.0
"C, gc on",124,0.041086948999918604,0.013678441999900315,3,0.00024410299999999552,0,0.0,0,0.0
"C, gc on",125,0.042287537999982305,0.01360314200007906,2,0.0002432820000421998,1,0.00084445400000277,0,0.0
"C, gc on",126,0.03928991199995835,0.013384692999920844,3,0.00026955199996336887,0,0.0,0,0.0
"C, gc on",127,0.03973398100004033,0.013308219000009558,2,0.00019450899992534687,1,0.0008611450000444165,0,0.0
"C, gc on",128,0.03758370700006708,0.013195885000072849,3,0.00023466400000415888,0,0.0,0,0.0
"C, gc on",129,0.11339905199997702,0.01329556300004242,4,0.00012331400000675785,1,0.0009060600000339036,1,0.07152275599992208
"C, gc on",130,0.039782478999995874,0.01418702499995561,4,0.0002445140000872925,0,0.0,0,0.0
"C, gc on",131,0.03920199499998489,0.013282038000056673,4,0.00024466399986522447,0,0.0,0,0.0
"C, gc on",132,0.039550693000023784,0.017224433000023964,2,0.00011635099997420184,1,0.0006205979999549527,0,0.0
"C, gc on",133,0.05559552599993367,0.018962754000085624,3,0.00046396099992307427,0,0.0,0,0.0
"C, gc on",134,0.04249240699994061,0.013911333000010018,2,0.0001746519999414886,1,0.0011817839999821445,0,0.0
"C, gc on",135,0.052141251999955784,0.021854283999914514,3,0.0005490830000098867,0,0.0,0,0.0
"C, gc on",136,0.057694926999943164,0.018532857000082004,2,0.00021703300001263415,1,0.0011038860000098794,0,0.0
"C, gc on",137,0.049210362000053465,0.014123786000027394,3,0.000330367999936243,0,0.0,0,0.0
"C, gc on",138,0.04993292899996504,0.015810780000037994,2,0.00015100600012374343,1,0.0010834369999201954,0,0.0
"C, gc on",139,0.0449840439999889,0.021896873000059713,3,0.0002859730000182026,0,0.0,0,0.0
"C, gc on",140,0.053673793000029946,0.014275704999931804,2,0.00022157099999731145,1,0.0013196749999906388,0,0.0
"C, gc on",141,0.043024714000011954,0.013995652000062364,3,0.0003538209999760511,0,0.0,0,0.0
"C, gc on",142,0.04433462499991947,0.01373460700006035,2,0.0001505659998883857,1,0.0010631079999257054,0,0.0
"C, gc on",143,0.042555502000027445,0.014443754000012632,3,0.00033010599997851386,0,0.0,0,0.0
"C, gc on",144,0.04353482699991673,0.014163571000040065,2,0.00012354400007552613,1,0.0010989769999696364,0,0.0
"C, gc on",145,0.04171394400009376,0.014165441000045575,3,0.000307433999978457,0,0.0,0,0.0
"C, gc on",146,0.04474717400000827,0.01339807900001233,2,0.0001520580000260452,1,0.001168678999988515,0,0.0
"C, gc on",147,0.041100880999920264,0.013891553999997086,3,0.0002596420000600119,0,0.0,0,0.0
"C, gc on",148,0.04307579000010264,0.013834658000064337,2,0.00011749299994789908,1,0.001075110999977369,0,0.0
"C, gc on",149,0.04151627399994595,0.013520651000021644,3,0.00026570500006073416,0,0.0,0,0.0
"C, gc on",150,0.04372279399990475,0.08540893099996083,2,0.00013678999994226615,1,0.0010158489999412268,0,0.0
"C, gc on",151,0.04531981600007384,0.013528143999906206,5,0.00041779400010000245,0,0.0,0,0.0
"C, gc on",152,0.04189057499991122,0.014412886000059189,3,0.00038878800000929914,1,0.000576614999999947,0,0.0
"C, gc on",153,0.043198546999974496,0.01448194500005684,4,0.00033653899993169034,0,0.0,0,0.0
"C, gc on",154,0.039734942999984924,0.0133915750000142,3,0.00028045399983511743,0,0.0,0,0.0
"C, gc on",155,0.04074022099996455,0.01408290900008069,3,0.00027075400009834993,0,0.0,0,0.0
"C, gc on",156,0.039787681999996494,0.013338285000031647,3,0.00026009399994109117,0,0.0,0,0.0
"C, gc on",157,0.03928102499992292,0.014266266000049654,3,0.00019396799996229674,0,0.0,0,0.0
"C, gc on",158,0.040439826000010726,0.013811218000000736,3,0.0002397950000840865,0,0.0,0,0.0
"C, gc on",159,0.04216985100003967,0.014667924000036692,3,0.00020786299990049883,0,0.0,0,0.0
"C, gc on",160,0.04074469299996508,0.013529037000012067,3,0.0002630490000683494,0,0.0,0,0.0
"C, gc on",161,0.04037242399999741,0.01418496199994479,3,0.00028357799999412237,0,0.0,0,0.0
"C, gc on",162,0.04043841199995768,0.013557396999999582,3,0.0002451750001455366,0,0.0,0,0.0
"C, gc on",163,0.042158548999964296,0.014225985000052788,3,0.00019445999998879415,0,0.0,0,0.0
"C, gc on",164,0.042858482999918124,0.013610700999947767,3,0.00026178699988577137,0,0.0,0,0.0
"C, gc on",165,0.038779958999953124,0.0139577710000367,3,0.00020467800015921966,0,0.0,0,0.0
"C, gc on",166,0.038481492999949296,0.013459524999916539,3,0.0002525899998317982,0,0.0,0,0.0
"C, gc on",167,0.04106440600003225,0.013904189999948358,3,0.00023959399993600528,0,0.0,0,0.0
"C, gc on",168,0.041229229999999006,0.013672617999986869,3,0.00024150899992037012,0,0.0,0,0.0
"C, gc on",169,0.04031861999999364,0.014099319999900217,3,0.00020361699989734916,0,0.0,0,0.0
"C, gc on",170,0.04000580699994316,0.013529848999951355,3,0.00023166000005403475,0,0.0,0,0.0
"C, gc on",171,0.0404959960000042,0.013600512000039089,3,0.0002044900001010319,0,0.0,0,0.0
"C, gc on",172,0.11897728500002813,0.013131941999972696,5,0.00022272199987583008,0,0.0,1,0.07669085299994549
"C, gc on",173,0.040116576999935205,0.013235901000030026,3,0.00016253900014362443,1,0.0002555460000621679,0,0.0
"C, gc on",174,0.04077313300001606,0.013365206000003127,4,0.00022150899997086526,0,0.0,0,0.0
"C, gc on",175,0.039449566000030245,0.013691624999978558,2,0.0001322709999840299,1,0.0007469280000123035,0,0.0
"C, gc on",176,0.041339382999922236,0.013426782999999887,3,0.00020609199998489203,0,0.0,0,0.0
"C, gc on",177,0.04214579999995749,0.013358352999944145,2,0.00014404399996692518,1,0.0009493019999808894,0,0.0
"C, gc on",178,0.04045127400002002,0.013893607999989399,3,0.0002214810000396028,0,0.0,0,0.0
"C, gc on",179,0.04095477900000333,0.01330718600002001,2,0.00015992399994502193,1,0.0009613550000722171,0,0.0
"C, gc on",180,0.03951771499998813,0.013898302999905354,3,0.00022226300006877864,0,0.0,0,0.0
"C, gc on",181,0.041671333000067534,0.013985464000029424,2,0.00013898499992137658,1,0.001146457000004375,0,0.0
"C, gc on",182,0.040738386999919385,0.01403332400002455,3,0.00023498599989579816,0,0.0,0,0.0
"C, gc on",183,0.04238325599999371,0.013470375999986572,2,0.00014080700009344582,1,0.0009654629999431563,0,0.0
"C, gc on",184,0.040457112000012785,0.014021482000089236,3,0.0002656289999549699,0,0.0,0,0.0
"C, gc on",185,0.042136672999959046,0.014296256999955403,2,0.00014434399997753644,1,0.001015668000036385,0,0.0
"C, gc on",186,0.04381475299999238,0.013157502000012755,3,0.0002454059999763558,0,0.0,0,0.0
"C, gc on",187,0.04339071300000796,0.01399366500004362,2,0.00013773200009836728,1,0.0009988570000132313,0,0.0
"C, gc on",188,0.040317992999916896,0.014682156000048963,3,0.00023809100002836203,0,0.0,0,0.0
"C, gc on",189,0.04274596300001576,0.014221213000041644,2,0.00016748799998822506,1,0.0010867430000871536,0,0.0
"C, gc on",190,0.043540692999954445,0.013400644000057582,3,0.00026989299999513605,0,0.0,0,0.0
"C, gc on",191,0.041103630000066005,0.014143634999982169,2,0.00016292900011194433,1,0.001003555000011147,0,0.0
"C, gc on",192,0.041237515000034364,0.013206056000058197,3,0.00026370199998382304,0,0.0,0,0.0
"C, gc on",193,0.10844031300007373,0.014363392999939606,2,7.134600002700608e-05,1,0.0010272600000007515,1,0.06775581200008673
"C, gc on",194,0.04062132000001384,0.01338809100002436,4,0.0002447950000714627,0,0.0,0,0.0
"C, gc on",195,0.04079508200004511,0.012913700000012795,3,0.00025211000024683017,1,0.000955775000079484,0,0.0
"C, gc on",196,0.03991506800002753,0.013794543000017256,3,0.0002106700001149875,0,0.0,0,0.0
"C, gc on",197,0.04119367599992074,0.013193101000069873,3,0.000267697000026601,0,0.0,0,0.0
"C, gc on",198,0.039968350999970426,0.01393885599998157,3,0.00021126100011770177,0,0.0,0,0.0
"C, gc on",199,0.039764902999991136,0.013369366000006266,3,0.0002661249999391657,0,0.0,0,0.0
"C, gc on",200,0.03931798600001457,0.014025490999983958,3,0.00020329700009824592,0,0.0,0,0.0
"C, gc on",201,0.040285702000005585,0.013446552000004885,3,0.00028890900000533293,0,0.0,0,0.0
"C, gc on",202,0.040244765000011284,0.014296956999942267,3,0.00019913800008453109,0,0.0,0,0.0
"C, gc on",203,0.03907372300000134,0.013396897000006902,3,0.00024716999996599043,0,0.0,0,0.0
"C, gc on",204,0.04252872099993965,0.013895235000063622,3,0.0002195350001557017,0,0.0,0,0.0
"C, gc on",205,0.03882815399992978,0.014063829999940936,3,0.0002529700002469326,0,0.0,0,0.0
"C, gc on",206,0.039374517000055675,0.013862681999967208,3,0.00021979799987548176,0,0.0,0,0.0
"C, gc on",207,0.04142727599992213,0.01406258200006505,3,0.0002815050000890551,0,0.0,0,0.0
"C, gc on",208,0.041867086000024756,0.014068456999893897,3,0.00020757400000093185,0,0.0,0,0.0
"C, gc on",209,0.04054552799993871,0.013139398000021174,3,0.0002439229999708914,0,0.0,0,0.0
"C, gc on",210,0.04223622599999999,0.014692987999978868,3,0.00020692300006430742,0,0.0,0,0.0
"C, gc on",211,0.043383449999964796,0.015109029000086593,3,0.0003987069999311643,0,0.0,0,0.0
"C, gc on",212,0.044082978000005824,0.016831653999929586,3,0.0002878060000739424,0,0.0,0,0.0
"C, gc on",213,0.04443163000007644,0.015725260000067465,3,0.00035031699997034593,0,0.0,0,0.0
"C, gc on",214,0.049903844000027675,0.01405822399999579,3,0.0003677480000305877,0,0.0,0,0.0
"C, gc on",215,0.12570598600007088,0.013310703999991347,5,0.0002945099998896694,0,0.0,1,0.08095314100000905
"C, gc on",216,0.04048842600002445,0.013803400000028887,3,0.00016593400005149306,1,0.0002446750000899556,0,0.0
"C, gc on",217,0.039353292999976475,0.014463170999988506,4,0.00023286199996164214,0,0.0,0,0.0
"C, gc on",218,0.042558046999943144,0.013617556999975022,2,0.000144753999961722,1,0.0008868740000025355,0,0.0
"C, gc on",219,0.040271915999937846,0.013508710999985851,3,0.0002151790000652909,0,0.0,0,0.0
"C, gc on",220,0.04102242099997966,0.013406685999939327,2,0.00015011499999673106,1,0.0010081039999931818,0,0.0
"C, gc on",221,0.042170240000018566,0.014072440999939317,3,0.0002273210000112158,0,0.0,0,0.0
"C, gc on",222,0.04256963000000269,0.013750575000017307,2,0.00013367400003971852,1,0.0010185749999891414,0,0.0
"C, gc on",223,0.04254541299997072,0.013736822000055326,3,0.0002389729999094925,0,0.0,0,0.0
"C, gc on",224,0.04125529800001004,0.013931569000078525,2,0.00014820000001236622,1,0.0009806819999766958,0,0.0
"C, gc on",225,0.042379093000022294,0.013700914999958513,3,0.00024329200005013263,0,0.0,0,0.0
"C, gc on",226,0.04331676700007847,0.014134192999904371,2,0.0001997499999788488,1,0.0011112800000319112,0,0.0
"C, gc on",227,0.0429446260000077,0.013423127000010027,3,0.0002465180000399414,0,0.0,0,0.0
"C, gc on",228,0.04212591800001064,0.013573272000030556,2,0.0001417989999481506,1,0.0009809930000983513,0,0.0
"C, gc on",229,0.038836500999991586,0.013162002000058237,3,0.00024003600003652537,0,0.0,0,0.0
"C, gc on",230,0.041369819000010466,0.014298950000011246,2,0.00014400299994576926,1,0.0010854009999547998,0,0.0
"C, gc on",231,0.039051720999964346,0.0132209519999833,3,0.00023651899994092673,0,0.0,0,0.0
"C, gc on",232,0.04546664500003317,0.01437447399996472,2,0.00014839200002825237,1,0.0010852610000711138,0,0.0
"C, gc on",233,0.040772412000023905,0.013562772000000223,3,0.00022006699998655677,0,0.0,0,0.0
"C, gc on",234,0.042502979000005325,0.014607599999976628,2,0.000155093999978817,1,0.0010312879999219149,0,0.0
"C, gc on",235,0.040595602999928815,0.013592503999916516,3,0.000240186000041831,0,0.0,0,0.0
"C, gc on",236,0.11178534699990905,0.014286331999983304,2,6.704799989165622e-05,1,0.0010896090000187542,1,0.07069721700008813
"C, gc on",237,0.04360309799994866,0.014113476000034098,4,0.0002773059999299221,0,0.0,0,0.0
"C, gc on",238,0.04008408000004238,0.013231363000045349,3,0.00030230500010475225,1,0.000786492999964139,0,0.0
"C, gc on",239,0.04188047299999198,0.014089151000007405,3,0.00023979499997039966,0,0.0,0,0.0
"C, gc on",240,0.04231735199994091,0.014149126000006618,3,0.00036414199996670504,0,0.0,0,0.0
"C, gc on",241,0.041981904000067516,0.01394229099992117,3,0.000244905000045037,0,0.0,0,0.0
"C, gc on",242,0.041328083000053084,0.01328032499998244,3,0.00030898700003945123,0,0.0,0,0.0
"C, gc on",243,0.04177735499990831,0.014262760999940838,3,0.00024328300014531123,0,0.0,0,0.0
"C, gc on",244,0.03988302899995233,0.013878793000003498,3,0.000285272000041914,0,0.0,0,0.0
"C, gc on",245,0.04013591800003269,0.014210202000072059,3,0.00024970599997686804,0,0.0,0,0.0
"C, gc on",246,0.04281316600008722,0.014085675000046649,3,0.00033688999997139035,0,0.0,0,0.0
"C, gc on",247,0.042176747999974395,0.014167000999918855,3,0.0003125630000795354,0,0.0,0,0.0
"C, gc on",248,0.03917964699996901,0.0140575230000195,3,0.00027550399988740537,0,0.0,0,0.0
"C, gc on",249,0.04090576600003715,0.014011113000037767,3,0.000227601999995386,0,0.0,0,0.0
"C, gc on",250,0.040623384000014084,0.013379003999943961,3,0.0003139049999845156,0,0.0,0,0.0
"C, gc on",251,0.041608123000060004,0.014518478000013602,3,0.00029531100005897315,0,0.0,0,0.0
"C, gc on",252,0.04148839499998758,0.01469558999997389,3,0.00034996300007605896,0,0.0,0,0.0
"C, gc on",253,0.045266063999974904,0.01443333600002461,3,0.00033386299992343993,0,0.0,0,0.0
"C, gc on",254,0.04219975700004852,0.014185165999947458,3,0.0002779170000621889,0,0.0,0,0.0
"C, gc on",255,0.04386818900002254,0.014995913999996446,3,0.000321069000051466,0,0.0,0,0.0
"C, gc on",256,0.04088398299995788,0.013215693000006468,3,0.0002827060000072379,0,0.0,0,0.0
"C, gc on",257,0.03958185199996933,0.014392287000077886,3,0.00020425800016710127,0,0.0,0,0.0
"C, gc on",258,0.11861032800004523,0.013180517000023428,5,0.00019490000011046504,0,0.0,1,0.07879024400006074
"C, gc on",259,0.0398489920000884,0.013411915999995472,3,0.00019008199990366847,1,0.0002613269999756085,0,0.0
"C, gc on",260,0.04008039400002872,0.013093481000055363,4,0.00022573900014322135,0,0.0,0,0.0
"C, gc on",261,0.039535614000101305,0.013930996999988565,2,0.00014501399994060193,1,0.0008814230000098178,0,0.0
"C, gc on",262,0.041001456999993025,0.013845325000033881,3,0.000239765000060288,0,0.0,0,0.0
"C, gc on",263,0.04210839400002442,0.014006123999934061,2,0.00016733699999349483,1,0.0010050289999981032,0,0.0
"C, gc on",264,0.04290352299994993,0.013690114000041831,3,0.0002390539998486929,0,0.0,0,0.0
"C, gc on",265,0.04140938099999403,0.013926423000043542,2,0.00015109700007087667,1,0.0010978049999721406,0,0.0
"C, gc on",266,0.03992480199997317,0.012990245000082723,3,0.00023986600001535408,0,0.0,0,0.0
"C, gc on",267,0.041938286000004155,0.014068402000020797,2,0.00013432499997634295,1,0.0010086249999403663,0,0.0
"C, gc on",268,0.0416862529999662,0.014386306000005789,3,0.00023408400011248887,0,0.0,0,0.0
"C, gc on",269,0.04157534499995563,0.014291291999938949,2,0.00013728099986565212,1,0.0009874549999722149,0,0.0
"C, gc on",270,0.04765715300004558,0.015482858000041233,3,0.0003096479999840085,0,0.0,0,0.0
"C, gc on",271,0.04590141599999242,0.014084018000062315,2,0.0003078430000869048,1,0.0011357960000850653,0,0.0
"C, gc on",272,0.04011101599996891,0.014079218999995646,3,0.00021694199995181407,0,0.0,0,0.0
"C, gc on",273,0.04184941699998035,0.014384819000042626,2,0.00013453499991555873,1,0.0009677879999117067,0,0.0
"C, gc on",274,0.04136786399999437,0.0141117690000101,3,0.00039491100005761837,0,0.0,0,0.0
"C, gc on",275,0.04271346299992729,0.014334823000012875,2,0.0001897699999062752,1,0.0010365279999859922,0,0.0
"C, gc on",276,0.04119626099998186,0.013038087000040832,3,0.00023215200008053216,0,0.0,0,0.0
"C, gc on",277,0.042108851000079994,0.013589827000032528,2,0.00014107799995599635,1,0.0010774260000516733,0,0.0
"C, gc on",278,0.038813216999983524,0.01343936799992207,3,0.00022465699998974742,0,0.0,0,0.0
"C, gc on",279,0.11404242899993733,0.012993241000003763,2,6.816999996317463e-05,1,0.001070923000042967,1,0.06990526300000965
"C, gc on",280,0.03957233799997084,0.021861048999994637,4,0.00024030700001276273,0,0.0,0,0.0
"C, gc on",281,0.05537404200003948,0.01412524099998791,3,0.0003409670000564802,1,0.0015003080000042246,0,0.0
"C, gc on",282,0.04091951699990659,0.013989622000053714,3,0.0002066909999030031,0,0.0,0,0.0
"C, gc on",283,0.04010058200003641,0.013737293999952271,3,0.00023898399990684993,0,0.0,0,0.0
"C, gc on",284,0.03966072500008977,0.013695955000002868,3,0.0002060219999293622,0,0.0,0,0.0
"C, gc on",285,0.04108446999998705,0.013728546999914215,3,0.0003501649999861911,0,0.0,0,0.0
"C, gc on",286,0.041433758000039234,0.014464754999949037,3,0.0002642599998807782,0,0.0,0,0.0
"C, gc on",287,0.040394620000029136,0.013837635000072623,3,0.0002769459999854007,0,0.0,0,0.0
"C, gc on",288,0.041545229000007566,0.013777540999967641,3,0.0004341129999829718,0,0.0,0,0.0
"C, gc on",289,0.03947432199993273,0.014135245000034047,3,0.00025100599998495454,0,0.0,0,0.0
"C, gc on",290,0.039447887000051196,0.014244797000060316,3,0.00020705299994006054,0,0.0,0,0.0
"C, gc on",291,0.039671813000040856,0.01340248300004987,3,0.00024063600005774788,0,0.0,0,0.0
"C, gc on",292,0.039567358999988755,0.014221402999964994,3,0.0002420390001134365,0,0.0,0,0.0
"C, gc on",293,0.0412970630000018,0.01334266399999251,3,0.0002903719999949317,0,0.0,0,0.0
"C, gc on",294,0.03988934999995308,0.014626146999944467,3,0.00022190100014540803,0,0.0,0,0.0
"C, gc on",295,0.040230718999964665,0.01384137100001226,3,0.00023727099994630407,0,0.0,0,0.0
"C, gc on",296,0.03982568599997194,0.01378638599999249,3,0.00022813400005361473,0,0.0,0,0.0
"C, gc on",297,0.04114073699997789,0.013699842000050921,3,0.0002542239999456797,0,0.0,0,0.0
"C, gc on",298,0.039212695000060194,0.014637268000001313,3,0.0002651239999522659,0,0.0,0,0.0
"C, gc on",299,0.03987450199997511,0.013949736999961715,3,0.0002412889999732215,0,0.0,0,0.0
"C, gc on",300,0.03759387600007358,0.014573256000062429,3,0.00020485900006406155,0,0.0,0,0.0
"C, gc on",301,0.11843495000005078,0.01427927199995338,5,0.00021858500008420378,0,0.0,1,0.07659312199996293
"C, gc on",302,0.04179243900000529,0.014432649000013953,3,0.00017708600000787555,1,0.000315299000021696,0,0.0
"C, gc on",303,0.05683983500000522,0.014114355000060641,4,0.000469551000037427,0,0.0,0,0.0
"C, gc on",304,0.04252438399998937,0.01419959600002585,2,0.00013209200005803723,1,0.000848470999926576,0,0.0
"C, gc on",305,0.040120192999893334,0.014145154000061666,3,0.0002059000000826927,0,0.0,0,0.0
"C, gc on",306,0.04163662700000259,0.014280535000011696,2,0.00014300100008313166,1,0.0009259279999014325,0,0.0
"C, gc on",307,0.03856473099995128,0.014017921000004208,3,0.00021959799994419882,0,0.0,0,0.0
"C, gc on",308,0.043047822999938035,0.013376277999896047,2,0.00014173900001424045,1,0.0013669510000227092,0,0.0
"C, gc on",309,0.04200947599997562,0.014298725000003287,3,0.0002480109999396518,0,0.0,0,0.0
"C, gc on",310,0.0425088690000166,0.013539648999994824,2,0.00016397100000631326,1,0.0010242339999422256,0,0.0
"C, gc on",311,0.04055003400003443,0.014176533999943786,3,0.00020819500002744462,0,0.0,0,0.0
"C, gc on",312,0.04225736199998664,0.013530850000051942,2,0.0001722770000469609,1,0.0011814440000534887,0,0.0
"C, gc on",313,0.04108794700005092,0.013430432000063774,3,0.00025918199980878853,0,0.0,0,0.0
"C, gc on",314,0.04060161200004586,0.013487658999906671,2,0.00015376299995750742,1,0.001036537999993925,0,0.0
"C, gc on",315,0.042142588000047,0.013244018000023061,3,0.0002506570001514774,0,0.0,0,0.0
"C, gc on",316,0.041429826000012326,0.013579153999899063,2,0.0001526099998727659,1,0.001073278000035316,0,0.0
"C, gc on",317,0.04152339299992036,0.013462772000025325,3,0.00021421600001758634,0,0.0,0,0.0
"C, gc on",318,0.044610254000076566,0.014769479000051433,2,0.00018552199992427632,1,0.0014852200000632365,0,0.0
"C, gc on",319,0.04756424800007153,0.013307156999985637,3,0.0003391750001355831,0,0.0,0,0.0
"C, gc on",320,0.050311651000015445,0.013607055999955264,2,0.00022417599996060744,1,0.0012257569999292173,0,0.0
"C, gc on",321,0.04129482899998038,0.014397236999911911,3,0.00035638700012441404,0,0.0,0,0.0
"C, gc on",322,0.12024107900003855,0.013728979000006802,2,8.654400005525531e-05,1,0.0013160290000087116,1,0.07235591100004513
"C, gc on",323,0.04126329399991846,0.013603981000073873,4,0.00027371999999559193,0,0.0,0,0.0
"C, gc on",324,0.05041935899998862,0.014971864000017376,2,0.00036867999995138234,1,0.0011368390000825457,0,0.0
"C, gc on",325,0.04252840699996341,0.014291967999952249,3,0.0002492240000719903,0,0.0,0,0.0
"C, gc on",326,0.044468714000004184,0.013493761999939125,2,0.00024987500000861473,1,0.0011115309999922829,0,0.0
"C, gc on",327,0.042137508999985585,0.013275317000079667,3,0.00029539100000874896,0,0.0,0,0.0
"C, gc on",328,0.04157377899991843,0.013467662000039127,2,0.00020095100001071842,1,0.0009040160000495234,0,0.0
"C, gc on",329,0.039743773999930454,0.013126915000043482,3,0.0002189450000287252,0,0.0,0,0.0
"C, gc on",330,0.04006376300003467,0.01367150800001582,2,0.00019629300004453398,1,0.0009802810000110185,0,0.0
"C, gc on",331,0.03835330599997633,0.013411424999958399,3,0.00025218899986612087,0,0.0,0,0.0
"C, gc on",332,0.045148175999997875,0.015492707000021255,2,0.00037548400007381133,1,0.0008583899999621281,0,0.0
"C, gc on",333,0.05344617200000812,0.014597987999991346,3,0.00046419099999184255,0,0.0,0,0.0
"C, gc on",334,0.052100526999993235,0.014651920999995127,2,0.00039924899988363904,1,0.0014392730000736265,0,0.0
"C, gc on",335,0.04154541499997322,0.01290504400003556,3,0.00024633799989715044,0,0.0,0,0.0
"C, gc on",336,0.04222257599997192,0.013315842999986671,2,0.0002592920000097365,1,0.0009490620000178751,0,0.0
"C, gc on",337,0.04070027599993864,0.01343645299994023,3,0.00024955500009582465,0,0.0,0,0.0
"C, gc on",338,0.04423001099996782,0.013432456000032289,2,0.00022310400004244002,1,0.0009828359999346503,0,0.0
"C, gc on",339,0.04012758400006078,0.013516342999992048,3,0.0002369100001260449,0,0.0,0,0.0
"C, gc on",340,0.04150603100003991,0.013094955000042319,2,0.00022346399998696143,1,0.0009821449999662946,0,0.0
"C, gc on",341,0.03905484699998851,0.01335686100003386,3,0.0002262990000190257,0,0.0,0,0.0
"C, gc on",342,0.0417664760000207,0.013614390000043386,2,0.000220208000087041,1,0.0009756020000395438,0,0.0
"C, gc on",343,0.040832312000020465,0.013784041999997498,3,0.0002389640000046711,0,0.0,0,0.0
"C, gc on",344,0.12438633099998242,0.013080837999950745,4,0.00010256500002014945,1,0.0010084749999350606,1,0.08197024100002182
"C, gc on",345,0.042166614000052505,0.013606306000042423,4,0.00023914500013688667,0,0.0,0,0.0
"C, gc on",346,0.041226298999959,0.013331182999991142,3,0.0001909319998958381,0,0.0,0,0.0
"C, gc on",347,0.04061770400005571,0.01416673999995055,3,0.0002175119999492381,0,0.0,0,0.0
"C, gc on",348,0.04045577099998354,0.013459535999913896,3,0.000247149000074387,0,0.0,0,0.0
"C, gc on",349,0.04014206399995146,0.01454699199996412,3,0.00019837600007122091,0,0.0,0,0.0
"C, gc on",350,0.04023258300003363,0.013271053000039501,3,0.00022871500004839618,0,0.0,0,0.0
"C, gc on",351,0.040018459999942024,0.01447887200004061,3,0.00019879699982539023,0,0.0,0,0.0
"C, gc on",352,0.04206590499995855,0.013486277000083646,3,0.00030245400000694644,0,0.0,0,0.0
"C, gc on",353,0.0403817749999007,0.014242056999933084,3,0.0002171729998963201,0,0.0,0,0.0
"C, gc on",354,0.06058181699995657,0.024607873000036307,3,0.0006742400000803173,0,0.0,0,0.0
"C, gc on",355,0.04276250199995957,0.014836225000067316,3,0.00025855100011540344,0,0.0,0,0.0
"C, gc on",356,0.046177582000041184,0.017466073000036886,3,0.00037511200002882106,0,0.0,0,0.0
"C, gc on",357,0.05608584399999472,0.018466723000074126,3,0.0004013730001588556,0,0.0,0,0.0
"C, gc on",358,0.04265194800007066,0.014332673000012619,3,0.00036126599991348485,0,0.0,0,0.0
"C, gc on",359,0.04222835400003078,0.01570276399991144,3,0.0002448940000476796,0,0.0,0,0.0
"C, gc on",360,0.04058998200002861,0.014018006000014793,3,0.00024047599993082258,0,0.0,0,0.0
"C, gc on",361,0.040297626999972636,0.014051268999992317,3,0.00021827299997312366,0,0.0,0,0.0
"C, gc on",362,0.039938559000006535,0.013978195000049709,3,0.00025219899998774054,0,0.0,0,0.0
"C, gc on",363,0.03999495100003969,0.014081603000022369,3,0.000249063999945065,0,0.0,0,0.0
"C, gc on",364,0.04136208199997782,0.013558380000063153,3,0.0002513569999109677,0,0.0,0,0.0
"C, gc on",365,0.03937784400000055,0.09632724799996595,3,0.00018844800001716067,0,0.0,0,0.0
"C, gc on",366,0.0413443529999995,0.013746380999918983,5,0.0002870660000553471,0,0.0,0,0.0
"C, gc on",367,0.0406183449999844,0.013446196000018062,3,0.0001927460000388237,1,0.00041719200009993074,0,0.0
"C, gc on",368,0.04054465500007609,0.014473932999976569,4,0.0002587820001735963,0,0.0,0,0.0
"C, gc on",369,0.04050699300000815,0.014083350999953836,2,0.0001782580000053713,1,0.000834243999975115,0,0.0
"C, gc on",370,0.043168477999984134,0.013921459000016512,3,0.0002854220000472196,0,0.0,0,0.0
"C, gc on",371,0.04054331199995431,0.013872475999960443,2,0.00021447699998589087,1,0.0008783779999248509,0,0.0
"C, gc on",372,0.04105657599995993,0.0138169450000305,3,0.0002484729999423507,0,0.0,0,0.0
"C, gc on",373,0.04318511799999669,0.013661374999969667,2,0.00023776099999395228,1,0.0009388920000219514,0,0.0
"C, gc on",374,0.03921905200002129,0.014159575999997287,3,0.0002280930000324588,0,0.0,0,0.0
"C, gc on",375,0.042005889999927604,0.01542288300004202,2,0.0001952609999307242,1,0.0009357970000110072,0,0.0
"C, gc on",376,0.0413435230000232,0.01316418600003999,3,0.00022573699993699847,0,0.0,0,0.0
"C, gc on",377,0.04282445399996959,0.013367001000005985,2,0.00020945800008576043,1,0.0009285630000022138,0,0.0
"C, gc on",378,0.040780753000035475,0.01347332299997106,3,0.00020507800002178556,0,0.0,0,0.0
"C, gc on",379,0.04245914000000539,0.013800108000054934,2,0.00021393600002284074,1,0.001103175000025658,0,0.0
"C, gc on",380,0.04086322499995276,0.013495785000031901,3,0.00021772300010525214,0,0.0,0,0.0
"C, gc on",381,0.041607827999996516,0.013909355999999207,2,0.00019237599997268262,1,0.0009280219999254768,0,0.0
"C, gc on",382,0.04100738399995407,0.013817216000006738,3,0.0002252780000162602,0,0.0,0,0.0
"C, gc on",383,0.04176113500000156,0.013762742000039907,2,0.00023368300014681154,1,0.0009417779999694176,0,0.0
"C, gc on",384,0.040804327000046214,0.013947442000016963,3,0.00036253199994007446,0,0.0,0,0.0
"C, gc on",385,0.04320685099992261,0.013301056000045719,2,0.0002532109999719978,1,0.0010852709999653598,0,0.0
"C, gc on",386,0.04009669499998836,0.013400533999970321,3,0.0002822969998987901,0,0.0,0,0.0
"C, gc on",387,0.11583638699994481,0.013533217000031073,4,0.00012736200005747378,1,0.0009770850000450082,1,0.07201277400008621
"C, gc on",388,0.041764986999965004,0.013944623000043066,4,0.000273510000170063,0,0.0,0,0.0
"C, gc on",389,0.03928659600001083,0.01344688300002872,4,0.0002920250000215674,0,0.0,0,0.0
"C, gc on",390,0.041677624999920226,0.01374213399992641,2,0.0001096780000580111,1,0.0006492329999900903,0,0.0
"C, gc on",391,0.03965487499999654,0.013756805999946664,3,0.00021361600011005066,0,0.0,0,0.0
"C, gc on",392,0.04267738900000495,0.014460817999975006,2,0.00012052900001435773,1,0.0010249250000242682,0,0.0
"C, gc on",393,0.042225766000001386,0.014161731000058353,3,0.00020679300007486745,0,0.0,0,0.0
"C, gc on",394,0.04210650200002419,0.01348887200003901,2,0.00017142599995167984,1,0.0010370290000309978,0,0.0
"C, gc on",395,0.04055252900002415,0.013393500999995922,3,0.00026480199994693976,0,0.0,0,0.0
"C, gc on",396,0.039356675000021824,0.01405414499993185,2,0.00013703999991321325,1,0.0011964220000209025,0,0.0
"C, gc on",397,0.04293552100000397,0.013402036999991651,3,0.00025285000015173864,0,0.0,0,0.0
"C, gc on",398,0.040708556000026874,0.01322464999998374,2,0.00011937600004330307,1,0.0011980439999206283,0,0.0
"C, gc on",399,0.041311009999958515,0.013238417000025038,3,0.00027775700004895043,0,0.0,0,0.0
"C, gc on",400,0.03995520600005875,0.01429333900000529,2,0.00011305400005312549,1,0.0010415369999918767,0,0.0
"C, gc on",401,0.039649986000085846,0.013395644999945944,3,0.00021938800000498304,0,0.0,0,0.0
"C, gc on",402,0.043930124999974396,0.013443694999978106,2,0.00015552600007140427,1,0.0011793200000056459,0,0.0
"C, gc on",403,0.04003591999992295,0.013293812000028993,3,0.0002457979999235249,0,0.0,0,0.0
"C, gc on",404,0.04036289999999099,0.013291891999983818,2,0.0001125029999684557,1,0.0010878250000132539,0,0.0
"C, gc on",405,0.03937085200004731,0.013510852999957024,3,0.00023093799995876907,0,0.0,0,0.0
"C, gc on",406,0.04023877800000264,0.013640621000035935,2,0.00012282299996968504,1,0.0010784270000385732,0,0.0
"C, gc on",407,0.040406162000067525,0.01312946899997769,3,0.00025571500009391457,0,0.0,0,0.0
"C, gc on",408,0.03923446700002842,0.08707834200004072,2,0.0001021540000465393,1,0.0011265690000072937,0,0.0
"C, gc on",409,0.03967468300004384,0.01332464099994013,5,0.00028777499983334565,0,0.0,0,0.0
"C, gc on",410,0.04040349199999582,0.013299796999945102,3,0.00018254799999795068,1,0.0006121029999803795,0,0.0
"C, gc on",411,0.03999256700001297,0.013800484000057622,4,0.0002520090000643904,0,0.0,0,0.0
"C, gc on",412,0.0423918720000529,0.013266489999978148,3,0.00032497799986686005,0,0.0,0,0.0
"C, gc on",413,0.0409742299999607,0.013928186000043752,3,0.0001953410001078737,0,0.0,0,0.0
"C, gc on",414,0.03886363200001597,0.013322306000077333,3,0.0002359980001074291,0,0.0,0,0.0
"C, gc on",415,0.03959623499997633,0.014355688000023292,3,0.00019899699998404685,0,0.0,0,0.0
"C, gc on",416,0.04017012499991779,0.013750608999998803,3,0.0002540929999668151,0,0.0,0,0.0
"C, gc on",417,0.041466573999969114,0.01445644499995069,3,0.0002180349999889586,0,0.0,0,0.0
"C, gc on",418,0.04070910699999786,0.013608860000090317,3,0.0002405779999890001,0,0.0,0,0.0
"C, gc on",419,0.04055720399992424,0.013899081000090519,3,0.00019614199993611692,0,0.0,0,0.0
"C, gc on",420,0.0410875740000165,0.013548574999958873,3,0.00033375400005297706,0,0.0,0,0.0
"C, gc on",421,0.04218007099996157,0.013716504000058194,3,0.00024319100009506656,0,0.0,0,0.0
"C, gc on",422,0.04000730500001737,0.013232294000090405,3,0.00023367299991150503,0,0.0,0,0.0
"C, gc on",423,0.03893052000000807,0.013742403000037484,3,0.00019932800012156804,0,0.0,0,0.0
"C, gc on",424,0.041207873999951516,0.013895715999979075,3,0.00025820000007570343,0,0.0,0,0.0
"C, gc on",425,0.04251037200003793,0.014389547999940078,3,0.00025183799982642086,0,0.0,0,0.0
"C, gc on",426,0.04236876899994968,0.013197940000054587,3,0.00026988200011146546,0,0.0,0,0.0
"C, gc on",427,0.038853017999940676,0.014367099999958555,3,0.00019136500009153679,0,0.0,0,0.0
"C, gc on",428,0.04186200200001622,0.013327916999969602,3,0.0002585219999673427,0,0.0,0,0.0
"C, gc on",429,0.04019210399997064,0.014804810999976326,3,0.0002051689999689188,0,0.0,0,0.0
"C, gc on",430,0.12005020800006605,0.013202448000015465,5,0.00021486799994363537,0,0.0,1,0.07750013999998373
"C, gc on",431,0.04083897300006356,0.013847373000089647,3,0.00024277099998926133,1,0.0002687100000002829,0,0.0
"C, gc on",432,0.039319788999932825,0.01383357600002455,4,0.00026255799991758977,0,0.0,0,0.0
"C, gc on",433,0.04144849199997225,0.013758703999997124,2,0.0001328029999285718,1,0.0008980549999932919,0,0.0
"C, gc on",434,0.04124328199998217,0.013968467000040619,3,0.00021458699995946517,0,0.0,0,0.0
"C, gc on",435,0.0416354210000236,0.013978238000049714,2,0.0001423200000090219,1,0.0009865229999377334,0,0.0
"C, gc on",436,0.040698490999943715,0.014308058000096935,3,0.00021657100000993523,0,0.0,0,0.0
"C, gc on",437,0.04027088499992715,0.013633948999995482,2,0.0001419000000169035,1,0.0011409769999772834,0,0.0
"C, gc on",438,0.04129648299999644,0.013229939999973794,3,0.00023557700001219928,0,0.0,0,0.0
"C, gc on",439,0.04188164300001063,0.013585305999981756,2,0.0001410480000458847,1,0.0011460150000175418,0,0.0
"C, gc on",440,0.039616161000026295,0.013312648000010086,3,0.0002854609999758395,0,0.0,0,0.0
"C, gc on",441,0.04146340500005863,0.01363852599990878,2,0.0001425310000513491,1,0.0010695610000084343,0,0.0
"C, gc on",442,0.04066755300004843,0.013963864000061221,3,0.0002511180000510649,0,0.0,0,0.0
"C, gc on",443,0.04181462700000793,0.013919263000047977,2,0.00014267099993503507,1,0.0011382320000166146,0,0.0
"C, gc on",444,0.0395211659999859,0.013059878000035496,3,0.00025153599995064724,0,0.0,0,0.0
"C, gc on",445,0.04210105099991779,0.013481437999985246,2,0.0001445439999088194,1,0.0010023529999898528,0,0.0
"C, gc on",446,0.038751299000068684,0.013970595999921898,3,0.0002597629999172568,0,0.0,0,0.0
"C, gc on",447,0.04085602600002858,0.013817476999975042,2,0.0001316590000897122,1,0.0011184740000089732,0,0.0
"C, gc on",448,0.04061614099998678,0.013532615000031,3,0.00022989700005382474,0,0.0,0,0.0
"C, gc on",449,0.039224267000008695,0.014350373999945987,2,0.0001374809999106219,1,0.0010555349999776809,0,0.0
"C, gc on",450,0.040968733999989126,0.01344107099998837,3,0.00022739100006674562,0,0.0,0,0.0
"C, gc on",451,0.11209368100003303,0.013547492999919086,2,6.802899997637724e-05,1,0.0010913529999925231,1,0.07008143899997776
"C, gc on",452,0.03938892999997279,0.013936451000063244,4,0.0002760940000143819,0,0.0,0,0.0
"C, gc on",453,0.04072284500000478,0.013533947000041735,2,0.00019295599997803947,1,0.0008193259999416114,0,0.0
"C, gc on",454,0.04063837900002909,0.013516288999994686,3,0.00024064599983830703,0,0.0,0,0.0
"C, gc on",455,0.04126122700006363,0.013968412000053831,2,0.0002173020000100223,1,0.0008927860000085275,0,0.0
"C, gc on",456,0.04211930600001779,0.01314775500009091,3,0.00021624199996495008,0,0.0,0,0.0
"C, gc on",457,0.04062622999992982,0.014006865000055768,2,0.00019850700005008548,1,0.0009028639999542065,0,0.0
"C, gc on",458,0.04268845499996132,0.01423175699994772,3,0.0002268309999635676,0,0.0,0,0.0
"C, gc on",459,0.04099805600003492,0.013520018999997774,2,0.0002030560000321202,1,0.0008711549999134149,0,0.0
"C, gc on",460,0.041045207000024675,0.013700070999902891,3,0.00023031699981856946,0,0.0,0,0.0
"C, gc on",461,0.04133122000007461,0.013935428000081629,2,0.00020907700002226193,1,0.0009148469999900044,0,0.0
"C, gc on",462,0.043733631000009154,0.013088469000081204,3,0.00021381599992764677,0,0.0,0,0.0
"C, gc on",463,0.04306521800003793,0.013593371999945703,2,0.00027150500000061584,1,0.0010097169999880862,0,0.0
"C, gc on",464,0.03886573500005852,0.013773549999996249,3,0.00022327299996049987,0,0.0,0,0.0
"C, gc on",465,0.05041725000000952,0.027524491999997736,2,0.00043856199999936507,1,0.0009507959999837112,0,0.0
"C, gc on",466,0.04248351199998979,0.01298548399995525,3,0.00025220800000624877,0,0.0,0,0.0
"C, gc on",467,0.040377125000077285,0.01388648399995418,2,0.00021096099999340368,1,0.0009135139999898456,0,0.0
"C, gc on",468,0.04586932000006527,0.014730949999943732,3,0.0003238040001178888,0,0.0,0,0.0
"C, gc on",469,0.05201873000009982,0.0195846829999482,2,0.0004977350000672232,1,0.001291080999976657,0,0.0
"C, gc on",470,0.04627090300004966,0.015005684000016117,3,0.0004033670001035716,0,0.0,0,0.0
"C, gc on",471,0.04331465500001741,0.013949856000067484,2,0.000277527000093869,1,0.0011412270000619174,0,0.0
"C, gc on",472,0.04332675400007702,0.014486137999938364,3,0.00043361499990624,0,0.0,0,0.0
"C, gc on",473,0.1402106289999665,0.013253252000026805,4,0.00022272299997894152,1,0.001448390000064137,1,0.08683940100002019
"C, gc on",474,0.043871823000017685,0.014256966999937504,4,0.0003503749999254069,0,0.0,0,0.0
"C, gc on",475,0.04132610099998146,0.013159814999994524,3,0.00019785599988608737,0,0.0,0,0.0
"C, gc on",476,0.038378113000021585,0.014021310000089215,3,0.00022402600006898865,0,0.0,0,0.0
"C, gc on",477,0.039453525999988415,0.01363565799999833,3,0.0002274220000799687,0,0.0,0,0.0
"C, gc on",478,0.04300610899997537,0.014174643000046672,3,0.00020367699994494615,0,0.0,0,0.0
"C, gc on",479,0.0416073740000229,0.013434586999892417,3,0.00025006499993196485,0,0.0,0,0.0
"C, gc on",480,0.04183033699996486,0.014492840000002616,3,0.00020994900012283324,0,0.0,0,0.0
"C, gc on",481,0.04018729300003088,0.013533263999988776,3,0.0002539320000778389,0,0.0,0,0.0
"C, gc on",482,0.042115940000030605,0.01548186299999088,3,0.00022744199998214754,0,0.0,0,0.0
"C, gc on",483,0.05416680900009396,0.015761655000005703,3,0.00045892099990396673,0,0.0,0,0.0
"C, gc on",484,0.04256710600009228,0.014626327999962996,3,0.0002385740000363512,0,0.0,0,0.0
"C, gc on",485,0.04261640099991837,0.013770008000051348,3,0.00025575600000138365,0,0.0,0,0.0
"C, gc on",486,0.040554960999998,0.015091050000023642,3,0.00020473799986575614,0,0.0,0,0.0
"C, gc on",487,0.04182844899992233,0.013515901000005215,3,0.0002439539999841145,0,0.0,0,0.0
"C, gc on",488,0.04161123599999428,0.014784945999963384,3,0.0002184249999572785,0,0.0,0,0.0
"C, gc on",489,0.04041998399998192,0.013418686000022717,3,0.00023114900000109628,0,0.0,0,0.0
"C, gc on",490,0.04240445800007819,0.014257579000059195,3,0.00021496899989870144,0,0.0,0,0.0
"C, gc on",491,0.04118756800005485,0.01340230400001019,3,0.00025401300013072614,0,0.0,0,0.0
"C, gc on",492,0.041432591999978285,0.014559461999965606,3,0.00022682000019358384,0,0.0,0,0.0
"C, gc on",493,0.04177740700004051,0.013236900999913814,3,0.00027636600020741753,0,0.0,0,0.0
"C, gc on",494,0.039582293999956164,0.0949560899999824,3,0.00020575099995312485,0,0.0,0,0.0
"C, gc on",495,0.039275287000009484,0.014367598000035287,5,0.0002767359999324981,0,0.0,0,0.0
"C, gc on",496,0.04060981500003891,0.014327112000046327,3,0.00019134400008624652,1,0.0004467679999606844,0,0.0
"C, gc on",497,0.039819349000026705,0.01379746099996737,4,0.00030502000004162255,0,0.0,0,0.0
"C, gc on",498,0.03933921399993778,0.013636402999964048,2,0.00020031099995776458,1,0.0007838379999611789,0,0.0
"C, gc on",499,0.039430276999951275,0.013992083000061939,3,0.00022338399992349878,0,0.0,0,0.0
"C, gc on",500,0.04054986699998153,0.013600741000004746,2,0.0002025950000188459,1,0.0009514859999626424,0,0.0
"C, gc on",501,0.038358546000040405,0.013189852000095925,3,0.0002230640000107087,0,0.0,0,0.0
"C, gc on",502,0.04072597100002895,0.013277878000053533,2,0.00019564199999422272,1,0.0008322800000541974,0,0.0
"C, gc on",503,0.03939287599996533,0.013700835999998162,3,0.0002210709999417304,0,0.0,0,0.0
"C, gc on",504,0.0406071059999249,0.013443181999946319,2,0.00020652199998494325,1,0.0011069180000049528,0,0.0
"C, gc on",505,0.039555105999966145,0.013339054999960354,3,0.0002527400000644775,0,0.0,0,0.0
"C, gc on",506,0.042764219999980924,0.014243752999959725,2,0.0001948900001025322,1,0.0008987969999907364,0,0.0
"C, gc on",507,0.0401712679999946,0.013552781000043979,3,0.00022435599998971156,0,0.0,0,0.0
"C, gc on",508,0.041095192999932806,0.01388191499995628,2,0.00020561999997426028,1,0.0009197359999006949,0,0.0
"C, gc on",509,0.03921155699993051,0.014180831999965449,3,0.00022625899987360754,0,0.0,0,0.0
"C, gc on",510,0.04238690400006817,0.01356056500003433,2,0.0002449859999842374,1,0.0013744689999839466,0,0.0
"C, gc on",511,0.039384314000017184,0.013525861000061923,3,0.00022097000010035117,0,0.0,0,0.0
"C, gc on",512,0.043033571000023585,0.013426962000039566,2,0.00021961599998121528,1,0.000982115000056183,0,0.0
"C, gc on",513,0.04378011999995124,0.013523204999955851,3,0.00023212100006730907,0,0.0,0,0.0
"C, gc on",514,0.04243779099999756,0.013674160999926244,2,0.00022073000002365006,1,0.0010306770000170218,0,0.0
"C, gc on",515,0.0409914749999416,0.013544800999966355,3,0.00023880300011569489,0,0.0,0,0.0
"C, gc on",516,0.1138639980000562,0.013853261999997812,4,0.0001237760001231436,1,0.0011872840000251017,1,0.07137737000005018
"C, gc on",517,0.040298354000015024,0.014499097999987498,4,0.00026065399993058236,0,0.0,0,0.0
"C, gc on",518,0.04257875700000113,0.013745673000016723,4,0.000279020999983004,0,0.0,0,0.0
"C, gc on",519,0.04036241999995127,0.013674713000000338,2,0.00013941500014880148,1,0.0006914929999766173,0,0.0
"C, gc on",520,0.04137268299996322,0.013779581999983748,3,0.00022393399990505714,0,0.0,0,0.0
"C, gc on",521,0.042571155000018734,0.013725719000035497,2,0.00010558099995705561,1,0.0010070820000009917,0,0.0
"C, gc on",522,0.04647009799998614,0.014373682999917037,3,0.0004047779999609702,0,0.0,0,0.0
"C, gc on",523,0.04827677200000835,0.01369762499996341,2,0.00020596999991084886,1,0.0011439319999908548,0,0.0
"C, gc on",524,0.04196331000002829,0.014560844000016004,3,0.0002850409999837211,0,0.0,0,0.0
"C, gc on",525,0.04525208399991243,0.014205917000026602,2,0.00011240399999223882,1,0.0010894079999843598,0,0.0
"C, gc on",526,0.04048775300009311,0.013433444000042982,3,0.00030818499999440974,0,0.0,0,0.0
"C, gc on",527,0.045599574999982906,0.01380884499997137,2,0.0001271009999754824,1,0.0011457660000360192,0,0.0
"C, gc on",528,0.03980731299998297,0.013725088000001051,3,0.000239774999954534,0,0.0,0,0.0
"C, gc on",529,0.04464956499998607,0.013714979000042149,2,0.00011306499993679608,1,0.0010770549999961077,0,0.0
"C, gc on",530,0.04294975400000567,0.014214792999950987,3,0.0002639530000578816,0,0.0,0,0.0
"C, gc on",531,0.04125429900000199,0.013595452000004116,2,0.00015207900003133545,1,0.0011673259999724905,0,0.0
"C, gc on",532,0.04507674500007397,0.013504404999935105,3,0.0003181840000934244,0,0.0,0,0.0
"C, gc on",533,0.04119080299994948,0.013760115000081896,2,0.00011508800002957287,1,0.0010923639999873558,0,0.0
"C, gc on",534,0.04233580699997219,0.014237424999919313,3,0.00035565500002121553,0,0.0,0,0.0
"C, gc on",535,0.044496343999981036,0.014059489000032954,2,0.0001409579999744892,1,0.001197443000023668,0,0.0
"C, gc on",536,0.04191519400001198,0.013666688000057547,3,0.00025708900000154244,0,0.0,0,0.0
"C, gc on",537,0.0411730839999791,0.0894954369999823,2,0.00010643100006291206,1,0.0011847089999719174,0,0.0
"C, gc on",538,0.04150776500000575,0.013553120999972634,5,0.00031209300004775287,0,0.0,0,0.0
"C, gc on",539,0.04099062499994943,0.01347010400002091,3,0.00021807499990700308,1,0.0006485709999424216,0,0.0
"C, gc on",540,0.043519563000018024,0.014702022999927067,4,0.000355543000068792,0,0.0,0,0.0
"C, gc on",541,0.039116739999940364,0.014108897000028264,3,0.0002363679999461965,0,0.0,0,0.0
"C, gc on",542,0.04020980600000712,0.01404182999999648,3,0.0002056309999716177,0,0.0,0,0.0
"C, gc on",543,0.04105513499996505,0.013866522000057557,3,0.00029098300001351163,0,0.0,0,0.0
"C, gc on",544,0.04025284699991971,0.0144807880000144,3,0.00021664200005488965,0,0.0,0,0.0
"C, gc on",545,0.039435600999922826,0.013522553000029802,3,0.0002736389999427047,0,0.0,0,0.0
"C, gc on",546,0.043036543999960486,0.01505664599994816,3,0.00020907599980546365,0,0.0,0,0.0
"C, gc on",547,0.04544154899997466,0.013508701999967343,3,0.0003628090000802331,0,0.0,0,0.0
"C, gc on",548,0.044635633999973834,0.014401641000063137,3,0.00021056999992197234,0,0.0,0,0.0
"C, gc on",549,0.040385959999980514,0.01486767099993358,3,0.000294549000045663,0,0.0,0,0.0
"C, gc on",550,0.04059441199990488,0.013767648999987614,3,0.00024344100006601366,0,0.0,0,0.0
"C, gc on",551,0.04007460499997251,0.013915289000010489,3,0.00032930499992289697,0,0.0,0,0.0
"C, gc on",552,0.044005837000099746,0.015467330999967999,3,0.00021522700012610585,0,0.0,0,0.0
"C, gc on",553,0.045037515999979405,0.015762701999960882,3,0.0004325849999986531,0,0.0,0,0.0
"C, gc on",554,0.043317246000015075,0.014308105000054638,3,0.00028379899993069557,0,0.0,0,0.0
"C, gc on",555,0.042714476000014656,0.014811270999985027,3,0.0003165709999848332,0,0.0,0,0.0
"C, gc on",556,0.04112149699994916,0.015313243999912629,3,0.0002660149999655914,0,0.0,0,0.0
"C, gc on",557,0.04067615700000715,0.015755050000052506,3,0.00040754299993750465,0,0.0,0,0.0
"C, gc on",558,0.040823862000024747,0.014781920000018545,3,0.00024034600005506945,0,0.0,0,0.0
"C, gc on",559,0.12087902600001144,0.01596719999997731,5,0.00020938900001965521,0,0.0,1,0.08059772499996143
"C, gc on",560,0.04454432500006078,0.013555421000091883,3,0.00019816700012142974,1,0.0003928959999939252,0,0.0
"C, gc on",561,0.042554365999990296,0.013721346000011181,4,0.0002503959999557992,0,0.0,0,0.0
"C, gc on",562,0.04095945300002768,0.014647640000021056,2,0.00013790200000585173,1,0.0010309570000117674,0,0.0
"C, gc on",563,0.041274200999964705,0.013706296999998813,3,0.0002093470000090747,0,0.0,0,0.0
"C, gc on",564,0.042392605000031836,0.013292057000057866,2,0.00016566399983730662,1,0.00100586899998234,0,0.0
"C, gc on",565,0.039582839999980024,0.013924777000056565,3,0.00023863299998083676,0,0.0,0,0.0
"C, gc on",566,0.04234578699993108,0.014116540999907556,2,0.00013949499998489046,1,0.0010110399999803121,0,0.0
"C, gc on",567,0.039313901000014084,0.013563709999971252,3,0.0002186049999863826,0,0.0,0,0.0
"C, gc on",568,0.042560535000006894,0.014369771000019682,2,0.00018419999992147496,1,0.0011953590000075565,0,0.0
"C, gc on",569,0.04489428399995177,0.01344506599991746,3,0.0003329130000793157,0,0.0,0,0.0
"C, gc on",570,0.042893004999996265,0.014349654999932682,2,0.00014286100008575886,1,0.0011356659999819385,0,0.0
"C, gc on",571,0.039625820999958705,0.013327552999953696,3,0.0002908620000425799,0,0.0,0,0.0
"C, gc on",572,0.04161239300003672,0.013851547999934155,2,0.00012977700009741966,1,0.0010544719999643348,0,0.0
"C, gc on",573,0.04029624499992224,0.013066096999978072,3,0.00025297900003806717,0,0.0,0,0.0
"C, gc on",574,0.042234454999970694,0.013791964999995798,2,0.00015614600010849244,1,0.0011047680000046967,0,0.0
"C, gc on",575,0.04188386900000296,0.013237391999950887,3,0.000265145000071243,0,0.0,0,0.0
"C, gc on",576,0.04148572399992645,0.013194780000048922,2,0.00013715000011416123,1,0.0011152869999477844,0,0.0
"C, gc on",577,0.04086957499998789,0.01443869199999881,3,0.00023972400003913208,0,0.0,0,0.0
"C, gc on",578,0.04005524799993054,0.013465103999919847,2,0.00014206999992438796,1,0.0011411469999984547,0,0.0
"C, gc on",579,0.039133416000026955,0.014087447000065367,3,0.00023601900011271937,0,0.0,0,0.0
"C, gc on",580,0.11973404899993056,0.013811883000016678,2,0.0001058909999755997,1,0.0012697399999979098,1,0.07513922200007528
"C, gc on",581,0.0420014879999826,0.013646208000068327,4,0.0003131430001985791,0,0.0,0,0.0
"C, gc on",582,0.04336853799998153,0.014266660999965097,3,0.0003255290000652167,1,0.0010887769999499142,0,0.0
"C, gc on",583,0.04650884000000133,0.014668754000012996,3,0.00030120099995656346,0,0.0,0,0.0
"C, gc on",584,0.042008063999901424,0.014344043999926726,3,0.00030674199979330297,0,0.0,0,0.0
"C, gc on",585,0.041348684000013236,0.01440507899997101,3,0.00021525800013932894,0,0.0,0,0.0
"C, gc on",586,0.040983379000067544,0.013176907000001847,3,0.0002533809999931691,0,0.0,0,0.0
"C, gc on",587,0.04013413899997431,0.014853649999963636,3,0.00023370500002783956,0,0.0,0,0.0
"C, gc on",588,0.042054103000054965,0.014283403000035833,3,0.00028103500005727255,0,0.0,0,0.0
"C, gc on",589,0.04136016600000403,0.014670819000002666,3,0.00038397999992412224,0,0.0,0,0.0
"C, gc on",590,0.04454466599997886,0.01440248399990196,3,0.00035143700006301515,0,0.0,0,0.0
"C, gc on",591,0.0419817790000252,0.014153572000054737,3,0.00032157100008589623,0,0.0,0,0.0
"C, gc on",592,0.04344594999997753,0.01416297499997654,3,0.00048420999996778846,0,0.0,0,0.0
"C, gc on",593,0.041374332000032155,0.014596072000017557,3,0.00024199999995744292,0,0.0,0,0.0
"C, gc on",594,0.04043428599993604,0.013498127000048044,3,0.00025486300012289576,0,0.0,0,0.0
"C, gc on",595,0.04056294200006505,0.013963781000029485,3,0.0002164110001103836,0,0.0,0,0.0
"C, gc on",596,0.03950764900002923,0.01367794899999808,3,0.00026882000008754403,0,0.0,0,0.0
"C, gc on",597,0.039731039000002966,0.014469977999965522,3,0.000212833999967188,0,0.0,0,0.0
"C, gc on",598,0.042237230999944586,0.013335969999957342,3,0.0003090159999601383,0,0.0,0,0.0
"C, gc on",599,0.04037012499998127,0.013963481000018874,3,0.00023808200012354064,0,0.0,0,0.0
"C, gc on",600,0.039235301000076106,0.013599580000004607,3,0.00027879900017069303,0,0.0,0,0.0
"C, gc on",601,0.04101519199991799,0.013902303999998367,3,0.00021775399989110156,0,0.0,0,0.0
"C, gc on",602,0.15119922899998528,0.013774205999993683,5,0.0006758209999588871,0,0.0,1,0.09927502100003949
"C, gc on",603,0.042163285000015094,0.014400461000036557,3,0.0001819659999000578,1,0.00033667899992906314,0,0.0
"C, gc on",604,0.04035501300006672,0.014206276000095386,4,0.0002451860000292072,0,0.0,0,0.0
"C, gc on",605,0.043155634999948234,0.013491919999978563,2,0.0001661049999484021,1,0.0012949690000141345,0,0.0
"C, gc on",606,0.043211093999957484,0.013971209999908751,3,0.00037391099999695143,0,0.0,0,0.0
"C, gc on",607,0.04790368900000885,0.014626574999965669,2,0.0001516970000920992,1,0.0015102470000556423,0,0.0
"C, gc on",608,0.05186024600004657,0.014291888000002473,3,0.00036909999994350073,0,0.0,0,0.0
"C, gc on",609,0.044804163999970115,0.01519068100003551,2,0.0001856629999110737,1,0.001357657999960793,0,0.0
"C, gc on",610,0.043334965000099146,0.014135082000052535,3,0.00031145000002652523,0,0.0,0,0.0
"C, gc on",611,0.042639093999923716,0.013537620999954925,2,0.0001859930000591703,1,0.0013405360000433575,0,0.0
"C, gc on",612,0.04289971899993361,0.014149719999977606,3,0.000314187999947535,0,0.0,0,0.0
"C, gc on",613,0.04092670700003964,0.014311918000089463,2,0.00016128599997955462,1,0.0010813130000997262,0,0.0
"C, gc on",614,0.04136007099998551,0.013556859000004806,3,0.00023800199994639115,0,0.0,0,0.0
"C, gc on",615,0.04235140599996612,0.013401082000086717,2,0.0001428420000593178,1,0.0010426200000210883,0,0.0
"C, gc on",616,0.04089936700006547,0.014746867999974711,3,0.00029617199993481336,0,0.0,0,0.0
"C, gc on",617,0.04547959199999241,0.013705802999993466,2,0.00018919000001460518,1,0.001145485000051849,0,0.0
"C, gc on",618,0.03952558200001022,0.01353617999996004,3,0.00027221699997426185,0,0.0,0,0.0
"C, gc on",619,0.04226151700004266,0.013443542999993952,2,0.00015921300007448735,1,0.0010816340000019409,0,0.0
"C, gc on",620,0.04192281199993886,0.0142554609999479,3,0.0002960509999638816,0,0.0,0,0.0
"C, gc on",621,0.04626841900005729,0.014036992000001192,2,0.00019858699988617445,1,0.0015263379999623794,0,0.0
"C, gc on",622,0.040439741999989565,0.013642666999999165,3,0.0002543230000355834,0,0.0,0,0.0
"C, gc on",623,0.11728547699999581,0.013963540000077046,2,7.646500000646483e-05,1,0.0013385309999875972,1,0.07195596400003978
"C, gc on",624,0.04391651399998864,0.01442979099999775,4,0.00034427200000664016,0,0.0,0,0.0
"C, gc on",625,0.04548601999999846,0.013769952999950874,3,0.00030234300004394754,1,0.0010033050000402,0,0.0
"C, gc on",626,0.041953580999916085,0.014815613999985544,3,0.00021809299994401954,0,0.0,0,0.0
"C, gc on",627,0.04568816300002254,0.014803375000042251,3,0.0005453059999354082,0,0.0,0,0.0
"C, gc on",628,0.043406630999925255,0.0144387130000041,3,0.00024794099999780883,0,0.0,0,0.0
"C, gc on",629,0.04030102900003385,0.013710165000020424,3,0.00028360900000734546,0,0.0,0,0.0
"C, gc on",630,0.03955678699992404,0.015195936000054644,3,0.00022415700004785322,0,0.0,0,0.0
"C, gc on",631,0.039150876000007884,0.013302554999995664,3,0.0002774560000489146,0,0.0,0,0.0
"C, gc on",632,0.03919103700002324,0.014174541999977919,3,0.00021331499988264113,0,0.0,0,0.0
"C, gc on",633,0.03969051700005366,0.013068981999936113,3,0.00024623699994208437,0,0.0,0,0.0
"C, gc on",634,0.04262146099995334,0.014363018999915766,3,0.00021509800012609048,0,0.0,0,0.0
"C, gc on",635,0.039806074000011904,0.013787366999963524,3,0.00034314200001972495,0,0.0,0,0.0
"C, gc on",636,0.04820014099993841,0.014058722999948259,3,0.0003879169998981524,0,0.0,0,0.0
"C, gc on",637,0.04297311699997408,0.013632282000003215,3,0.00034408300007271464,0,0.0,0,0.0
"C, gc on",638,0.04419492900001387,0.016160121000098115,3,0.0005828780000456391,0,0.0,0,0.0
"C, gc on",639,0.043421559999956116,0.014112574000023415,3,0.0004404459999705068,0,0.0,0,0.0
"C, gc on",640,0.04261178199999449,0.014683998999998948,3,0.0003079349999097758,0,0.0,0,0.0
"C, gc on",641,0.0455796859999964,0.013265545000081147,3,0.000364902000001166,0,0.0,0,0.0
"C, gc on",642,0.04276141699995151,0.014669235999917873,3,0.0002515780000749146,0,0.0,0,0.0
"C, gc on",643,0.04221299099992848,0.01442952900004002,3,0.0002772460001096988,0,0.0,0,0.0
"C, gc on",644,0.043272010000009686,0.014686599000015121,3,0.0002736399999321293,0,0.0,0,0.0
"C, gc on",645,0.12933896399999867,0.013273621000053026,5,0.00022666000018034538,0,0.0,1,0.08713456199996017
"C, gc on",646,0.04119052400005785,0.013883233000001383,3,0.00018332900003770192,1,0.0003232630000411518,0,0.0
"C, gc on",647,0.042303410000045005,0.013907150000022739,4,0.00024394299998675706,0,0.0,0,0.0
"C, gc on",648,0.047887274000004254,0.01453672299999198,2,0.00023895300000731368,1,0.0011861020000196731,0,0.0
"C, gc on",649,0.05210168399992199,0.01417259799995918,3,0.0004946800000880103,0,0.0,0,0.0
"C, gc on",650,0.0541900960000703,0.017048546999944847,2,0.00028252599997813377,1,0.0012535000000752916,0,0.0
"C, gc on",651,0.05348125800003345,0.014294866000000184,3,0.0006289739999374433,0,0.0,0,0.0
"C, gc on",652,0.04715143599992189,0.015650943999958145,2,0.00030374600009963615,1,0.0013378999999531516,0,0.0
"C, gc on",653,0.04479808199994295,0.013641906000088966,3,0.0002866350000658713,0,0.0,0,0.0
"C, gc on",654,0.045045006999998805,0.014412202000016805,2,0.00019411799996760237,1,0.0019283509999468151,0,0.0
"C, gc on",655,0.0539855050000142,0.01426749799998106,3,0.0005671660001098644,0,0.0,0,0.0
"C, gc on",656,0.04761512200002471,0.013959333000002516,2,0.00024281100002099265,1,0.0013088549999338284,0,0.0
"C, gc on",657,0.04041929999993954,0.01611760499997672,3,0.00030269400008364755,0,0.0,0,0.0
"C, gc on",658,0.044877818000031766,0.013781575999928464,2,0.00020082200001070305,1,0.001545174000057159,0,0.0
"C, gc on",659,0.0395280279999497,0.013413345999992998,3,0.0002680799999552619,0,0.0,0,0.0
"C, gc on",660,0.03977034599995477,0.01403031799998189,2,0.00014498600000933948,1,0.0010314780000726387,0,0.0
"C, gc on",661,0.04275769000003038,0.013402374999941458,3,0.00029852599993773765,0,0.0,0,0.0
"C, gc on",662,0.05214319800006706,0.014617753000038647,2,0.0001770659999920099,1,0.001429573999985223,0,0.0
"C, gc on",663,0.0427712140000267,0.01372302499999023,3,0.00035189800007628946,0,0.0,0,0.0
"C, gc on",664,0.043209000000047126,0.013862813999935497,2,0.00014277100001436338,1,0.0010944980000431315,0,0.0
"C, gc on",665,0.04086572700009583,0.01358713699994496,3,0.00023595900006512238,0,0.0,0,0.0
"C, gc on",666,0.11721592399999281,0.013534875999994256,2,6.504399993900734e-05,1,0.0011289039999837769,1,0.07506626999997934
"C, gc on",667,0.042477819000055206,0.013494680000007975,4,0.00024796099989998766,0,0.0,0,0.0
"C, gc on",668,0.04084461799993733,0.013514056999952118,2,0.00019180299989329797,1,0.0008048390000112704,0,0.0
"C, gc on",669,0.039741271000025336,0.013443793999954323,3,0.0002172419998487385,0,0.0,0,0.0
"C, gc on",670,0.04351061399995615,0.01379309200001444,2,0.00021774399999685556,1,0.0009771950000185825,0,0.0
"C, gc on",671,0.04206571099996381,0.013524177000022064,3,0.00025450199984788924,0,0.0,0,0.0
"C, gc on",672,0.04141085599997041,0.013612524999984998,2,0.00022727099997155165,1,0.000843811999970967,0,0.0
"C, gc on",673,0.04115119000005052,0.01369074299998374,3,0.00023922399998355104,0,0.0,0,0.0
"C, gc on",674,0.04225232800001777,0.013904714999966927,2,0.0003185249998978179,1,0.0009089459999813698,0,0.0
"C, gc on",675,0.04195909700001721,0.013423966000004839,3,0.00021633999995174236,0,0.0,0,0.0
"C, gc on",676,0.04229099299993777,0.013876966999987417,2,0.00021361699998578842,1,0.0009917230000837662,0,0.0
"C, gc on",677,0.03921193700000458,0.013219929000001684,3,0.00022265300003709854,0,0.0,0,0.0
"C, gc on",678,0.041406068000014784,0.013722446999963722,2,0.00021208299995123525,1,0.0009574179999845001,0,0.0
"C, gc on",679,0.0429161810000096,0.013139807000015935,3,0.00027748599995902623,0,0.0,0,0.0
"C, gc on",680,0.041344283999933396,0.014107134000028054,2,0.0002303469999560548,1,0.0009746409999706884,0,0.0
"C, gc on",681,0.04107002500006729,0.013678548999905615,3,0.00023410499989040545,0,0.0,0,0.0
"C, gc on",682,0.041360287999964385,0.013503334999995786,2,0.0002107800000885618,1,0.0010024929999872256,0,0.0
"C, gc on",683,0.04235078199997133,0.013779912000018157,3,0.00024326200002633414,0,0.0,0,0.0
"C, gc on",684,0.03996068300000388,0.013499880999916058,2,0.00020958899995093816,1,0.001028672999950686,0,0.0
"C, gc on",685,0.03911035400005858,0.01322639199997866,3,0.00022712199995567062,0,0.0,0,0.0
"C, gc on",686,0.039570539000010285,0.01353947400002653,2,0.0002520380000987643,1,0.0010423389999232313,0,0.0
"C, gc on",687,0.04159393899999486,0.01330087199994523,3,0.00024587600000813836,0,0.0,0,0.0
"C, gc on",688,0.11330222499998399,0.013666826999951809,4,0.00011319399993681145,1,0.0009998279999763326,1,0.07130280900003072
"C, gc on",689,0.04005958799996279,0.014383247000068877,4,0.000273739000022033,0,0.0,0,0.0
"C, gc on",690,0.04131418899999062,0.013763681999989785,4,0.0002923459999237821,0,0.0,0,0.0
"C, gc on",691,0.04095903300003556,0.013751318000004176,2,0.00011568900004021998,1,0.0007526690000076997,0,0.0
"C, gc on",692,0.03981981200001883,0.014405208000084713,3,0.00020579199986059393,0,0.0,0,0.0
"C, gc on",693,0.04416200100001788,0.014253761999952985,2,0.00011410699994485185,1,0.0011644010000964045,0,0.0
"C, gc on",694,0.040414612000063244,0.013345932999982324,3,0.0002595640000890853,0,0.0,0,0.0
"C, gc on",695,0.03903105400002005,0.013280675000032716,2,9.801600003811473e-05,1,0.0010392240000101083,0,0.0
"C, gc on",696,0.038975938000021415,0.012944866999987426,3,0.0002277000000958651,0,0.0,0,0.0
"C, gc on",697,0.04062395799996921,0.013933000999941214,2,0.00012832299989895546,1,0.001082295000060185,0,0.0
"C, gc on",698,0.04022659300005671,0.013186356999995041,3,0.00022153099996558012,0,0.0,0,0.0
"C, gc on",699,0.040813969000055295,0.013380714999925658,2,9.807699996144947e-05,1,0.0010287530000141487,0,0.0
"C, gc on",700,0.04080494099991938,0.013734540999962519,3,0.00021742199999152945,0,0.0,0,0.0
"C, gc on",701,0.042360498999983065,0.013563526999973874,2,0.00011139100001855695,1,0.001101019999964592,0,0.0
"C, gc on",702,0.04157553999993979,0.013109958999962146,3,0.00024202100007642002,0,0.0,0,0.0
"C, gc on",703,0.040780100000006314,0.013631861000021672,2,0.000132581000002574,1,0.001042039000026307,0,0.0
"C, gc on",704,0.040330691999997725,0.013028785999949832,3,0.00025963199993839225,0,0.0,0,0.0
"C, gc on",705,0.04305620100001306,0.013599969999972927,2,0.00015759899997647153,1,0.001167264999935469,0,0.0
"C, gc on",706,0.04060415100002501,0.01320090199999413,3,0.00023177000002760906,0,0.0,0,0.0
"C, gc on",707,0.04423297999994702,0.013220750000073167,2,0.0001250569999911022,1,0.0011785469999949783,0,0.0
"C, gc on",708,0.04040059399994789,0.013260415999980069,3,0.00025049499981832923,0,0.0,0,0.0
"C, gc on",709,0.04059833000007984,0.08579586999996991,2,0.0001061109999227483,1,0.001211960999967232,0,0.0
"C, gc on",710,0.04014860500001305,0.013366337999968891,5,0.00028458100007355824,0,0.0,0,0.0
"C, gc on",711,0.04038468400005968,0.013435437999987698,3,0.0001822350000111328,1,0.0007209080000620816,0,0.0
"C, gc on",712,0.04190569100001085,0.014148722999948404,4,0.00036870100007035944,0,0.0,0,0.0
"C, gc on",713,0.04280872999993335,0.013643133000073249,3,0.00034217999984775815,0,0.0,0,0.0
"C, gc on",714,0.04232129600006829,0.016497842000035234,3,0.00026797900011388265,0,0.0,0,0.0
"C, gc on",715,0.0392374859999336,0.013508336999962012,3,0.0002779379999537923,0,0.0,0,0.0
"C, gc on",716,0.04358937799997875,0.01417088400000921,3,0.00027506200001425896,0,0.0,0,0.0
"C, gc on",717,0.04290125199997874,0.013274924000029387,3,0.00033655000015642145,0,0.0,0,0.0
"C, gc on",718,0.03984523899998749,0.014722551999966527,3,0.00020325699983914092,0,0.0,0,0.0
"C, gc on",719,0.04091060700000071,0.013964142000077118,3,0.0002643909999733296,0,0.0,0,0.0
"C, gc on",720,0.042274320999922566,0.019020586999999978,3,0.00026827899989712023,0,0.0,0,0.0
"C, gc on",721,0.04320218299994849,0.01349121499993089,3,0.0003571180000108143,0,0.0,0,0.0
"C, gc on",722,0.039137295000045924,0.014762699000016255,3,0.00020745299991631327,0,0.0,0,0.0
"C, gc on",723,0.05081212200002483,0.01392333499995857,3,0.0003163000000085958,0,0.0,0,0.0
"C, gc on",724,0.042847509000011996,0.014814264999927218,3,0.00030956699993112125,0,0.0,0,0.0
"C, gc on",725,0.04178797700001269,0.013803306999989218,3,0.00030847599998651276,0,0.0,0,0.0
"C, gc on",726,0.03934263399992233,0.014213205000032758,3,0.00025594699991415837,0,0.0,0,0.0
"C, gc on",727,0.04740877799997634,0.013706804000094053,3,0.0003555149999101559,0,0.0,0,0.0
"C, gc on",728,0.0441170180000654,0.021536690000061753,3,0.00031910599989259936,0,0.0,0,0.0
"C, gc on",729,0.04291193400001703,0.015126680000093984,3,0.0003804620001801595,0,0.0,0,0.0
"C, gc on",730,0.044922401000007994,0.01420169999994414,3,0.0002449360000582601,0,0.0,0,0.0
"C, gc on",731,0.12286280600005739,0.013813843999969322,5,0.00024953499996627215,0,0.0,1,0.07904351600006976
"C, gc on",732,0.04198991800001295,0.01381098199999542,3,0.00019922900003166433,1,0.0003852110000934772,0,0.0
"C, gc on",733,0.04003147599996737,0.014849193000031846,4,0.00029351700004554004,0,0.0,0,0.0
"C, gc on",734,0.05044008799995936,0.015437640999948599,2,0.00023669899997003085,1,0.0013250360000256478,0,0.0
"C, gc on",735,0.045540705999997044,0.013902284999971926,3,0.00028994000001603126,0,0.0,0,0.0
"C, gc on",736,0.04362384600005953,0.013452792000066438,2,0.00017494200005785387,1,0.001087014000063391,0,0.0
"C, gc on",737,0.04082028100003754,0.013765517000024374,3,0.00021065900000394322,0,0.0,0,0.0
"C, gc on",738,0.04184820500006481,0.015083697000022767,2,0.00013288299987834762,1,0.001028242000074897,0,0.0
"C, gc on",739,0.04266458400002193,0.014468470999986494,3,0.0002439229999708914,0,0.0,0,0.0
"C, gc on",740,0.043225153999969734,0.014143203000003268,2,0.00021018999996158527,1,0.001408995000019786,0,0.0
"C, gc on",741,0.04094948800002385,0.013651890000005551,3,0.0002797910000253978,0,0.0,0,0.0
"C, gc on",742,0.05061232899993229,0.014061416999993526,2,0.00023929400003908086,1,0.0011993270001084966,0,0.0
"C, gc on",743,0.042862010000021655,0.013801935000060439,3,0.0002697630001193829,0,0.0,0,0.0
"C, gc on",744,0.042050768999956745,0.013769521999961398,2,0.00019408800005749072,1,0.001136778000045524,0,0.0
"C, gc on",745,0.040641293000021506,0.013642913000012413,3,0.00022824300003776443,0,0.0,0,0.0
"C, gc on",746,0.042525269999941884,0.013681695999935073,2,0.000141939999934948,1,0.0010468880000189529,0,0.0
"C, gc on",747,0.04313595100006751,0.017972076999967612,3,0.0002728980000483716,0,0.0,0,0.0
"C, gc on",748,0.06502768899997591,0.017471427000032236,2,0.0002623979999043513,1,0.0018295439999747032,0,0.0
"C, gc on",749,0.04413947000000462,0.014458342000011726,3,0.0002876660000765696,0,0.0,0,0.0
"C, gc on",750,0.044579170000019985,0.013915491000034308,2,0.00016555499996684375,1,0.0011904699999831792,0,0.0
"C, gc on",751,0.04377826400002505,0.013593729000035637,3,0.00023494699996717827,0,0.0,0,0.0
"C, gc on",752,0.1263348989999713,0.014871796000079485,2,7.801799995377223e-05,1,0.0011408860000301502,1,0.08366047100003016
"C, gc on",753,0.04462017800005924,0.01474924900003316,4,0.0003237140000464933,0,0.0,0,0.0
"C, gc on",754,0.046180671000001894,0.01471443699995234,3,0.0004449839999551841,1,0.0009448140000358762,0,0.0
"C, gc on",755,0.04359112000008736,0.01396386099997926,3,0.00032109999995100225,0,0.0,0,0.0
"C, gc on",756,0.0421331250000776,0.01575876000003973,3,0.0004180739999810612,0,0.0,0,0.0
"C, gc on",757,0.04314616899989687,0.014503964000027736,3,0.0002884279998625061,0,0.0,0,0.0
"C, gc on",758,0.045120793000023696,0.014590471000019534,3,0.0004838390000259096,0,0.0,0,0.0
"C, gc on",759,0.041751641000018935,0.014160145000005286,3,0.00029926799993518216,0,0.0,0,0.0
"C, gc on",760,0.04084769400003552,0.01352067100003751,3,0.00028688499992313155,0,0.0,0,0.0
"C, gc on",761,0.0415978889999451,0.014239514999985659,3,0.00022036800010027946,0,0.0,0,0.0
"C, gc on",762,0.05054521800002476,0.017767745000014656,3,0.0005217120000224895,0,0.0,0,0.0
"C, gc on",763,0.04009751099999903,0.015083752999998978,3,0.0002534210000249004,0,0.0,0,0.0
"C, gc on",764,0.044137255000009645,0.013573335999922165,3,0.0004909729999553747,0,0.0,0,0.0
"C, gc on",765,0.041923899000039455,0.014508220000038818,3,0.00026879999995799153,0,0.0,0,0.0
"C, gc on",766,0.04205273299999135,0.013507635999985723,3,0.00031469800001104886,0,0.0,0,0.0
"C, gc on",767,0.03952855099998942,0.01419510099992749,3,0.0002142680000360997,0,0.0,0,0.0
"C, gc on",768,0.0406771599999729,0.013961547999997492,3,0.00023532600005182758,0,0.0,0,0.0
"C, gc on",769,0.041791977999992014,0.014542780999931892,3,0.00021157200001198362,0,0.0,0,0.0
"C, gc on",770,0.0465682269999661,0.014125860000035573,3,0.0005070420000947706,0,0.0,0,0.0
"C, gc on",771,0.04117492199998196,0.014309883999999329,3,0.00022804299999279465,0,0.0,0,0.0
"C, gc on",772,0.04019363899999462,0.01380819700000302,3,0.00030667200007883366,0,0.0,0,0.0
"C, gc on",773,0.04087719599999673,0.014410956999995506,3,0.00020854700005656923,0,0.0,0,0.0
"C, gc on",774,0.12187509199998203,0.013747521000027518,5,0.00021579100018698227,0,0.0,1,0.08063296299997091
"C, gc on",775,0.04124451800009865,0.013578350000102546,3,0.0001987069998676816,1,0.0003742899999679139,0,0.0
"C, gc on",776,0.04125045000000682,0.014560672000015984,4,0.00023840300002575532,0,0.0,0,0.0
"C, gc on",777,0.04118159399990873,0.01432214200008275,2,0.0001559059999181045,1,0.0009129139999686231,0,0.0
"C, gc on",778,0.04227307100006783,0.013790028000016719,3,0.0002299160000802658,0,0.0,0,0.0
"C, gc on",779,0.04117933899999571,0.014042185999983303,2,0.0001586719999977504,1,0.001016370000002098,0,0.0
"C, gc on",780,0.04106505200002175,0.014038484000025164,3,0.0002456259999235044,0,0.0,0,0.0
"C, gc on",781,0.042704081000010774,0.013539004999984172,2,0.00014377199988757638,1,0.00106672599997637,0,0.0
"C, gc on",782,0.04123114399999395,0.013685081000062382,3,0.0002650220000077752,0,0.0,0,0.0
"C, gc on",783,0.04243527799997082,0.013841430000070432,2,0.000161907999995492,1,0.0011145760000772498,0,0.0
"C, gc on",784,0.04958003499996266,0.014332738999996764,3,0.00044955400005619595,0,0.0,0,0.0
"C, gc on",785,0.04390425799999775,0.013909979999993993,2,0.00015889100006916124,1,0.0010805809999965277,0,0.0
"C, gc on",786,0.0418457960000751,0.013542613000026904,3,0.0002702649999264395,0,0.0,0,0.0
"C, gc on",787,0.04190405499991812,0.013215933000083169,2,0.0001491529999384511,1,0.0010545420000198646,0,0.0
"C, gc on",788,0.0408664100000351,0.013767710000024636,3,0.00040154199984954175,0,0.0,0,0.0
"C, gc on",789,0.04060594099996706,0.01356158399994456,2,0.00013664899995546875,1,0.0011192550000487245,0,0.0
"C, gc on",790,0.039760430999990604,0.013283810999951129,3,0.0002400969999598601,0,0.0,0,0.0
"C, gc on",791,0.041914379999980156,0.013599847000023146,2,0.0001408780000247134,1,0.0011190239999905316,0,0.0
"C, gc on",792,0.0416636950000111,0.013206534999994801,3,0.0002738300001965399,0,0.0,0,0.0
"C, gc on",793,0.044392806000018936,0.014432431000045653,2,0.00023139899997204338,1,0.001385810999977366,0,0.0
"C, gc on",794,0.04154981800002133,0.013494661999970958,3,0.0002337639999723251,0,0.0,0,0.0
"C, gc on",795,0.12065347600002951,0.013710868000089249,2,7.662500001970329e-05,1,0.001221117999989474,1,0.07761936199995034
"C, gc on",796,0.04134395199992014,0.014522478000003503,4,0.00033245099996292993,0,0.0,0,0.0
"C, gc on",797,0.048058136000008744,0.013552991999972619,3,0.00037236800005757686,1,0.0009581289999687215,0,0.0
"C, gc on",798,0.04723293400002149,0.014967376999948101,3,0.00034052700016218296,0,0.0,0,0.0
"C, gc on",799,0.045606695999936164,0.014790662999985216,3,0.00036628500004098896,0,0.0,0,0.0
"C, gc on",800,0.04278120100002525,0.014725619000046208,3,0.0003062320000708496,0,0.0,0,0.0
"C, gc on",801,0.043897806000018136,0.013700953000011395,3,0.0003181629999744473,0,0.0,0,0.0
"C, gc on",802,0.041001407999942785,0.015385892000040258,3,0.00030186200001480756,0,0.0,0,0.0
"C, gc on",803,0.04324139400000604,0.01422627600004489,3,0.0004239950001192483,0,0.0,0,0.0
"C, gc on",804,0.04258111599995118,0.016007435999995323,3,0.0003240649999725065,0,0.0,0,0.0
"C, gc on",805,0.043819723000069644,0.014596748999906595,3,0.0004048389999979918,0,0.0,0,0.0
"C, gc on",806,0.042067405000011604,0.014738182999963101,3,0.0003131729998813171,0,0.0,0,0.0
"C, gc on",807,0.04600640099999964,0.013655545000005986,3,0.0004941789999293178,0,0.0,0,0.0
"C, gc on",808,0.043195383000011134,0.015076434999969024,3,0.00030153300008350925,0,0.0,0,0.0
"C, gc on",809,0.04496737600004508,0.01435811199996806,3,0.0003893300000754607,0,0.0,0,0.0
"C, gc on",810,0.04103665400009504,0.014564943999971547,3,0.0003267099999675338,0,0.0,0,0.0
"C, gc on",811,0.04533155900003294,0.013580833999981223,3,0.00040429800003494165,0,0.0,0,0.0
"C, gc on",812,0.04172739599994202,0.01488285600009931,3,0.0003129639999315259,0,0.0,0,0.0
"C, gc on",813,0.040891258999977254,0.013995302000012089,3,0.00041839400012122496,0,0.0,0,0.0
"C, gc on",814,0.04134242500003893,0.014747540000030313,3,0.00023852299989357562,0,0.0,0,0.0
"C, gc on",815,0.04278648600006818,0.014651066000055835,3,0.0003424999999879219,0,0.0,0,0.0
"C, gc on",816,0.04359252699998706,0.01506968199998937,3,0.00023990499983028712,0,0.0,0,0.0
"C, gc on",817,0.1275082710000106,0.014247981999915282,5,0.00030674200002067664,0,0.0,1,0.08381058600002689
"C, gc on",818,0.04244021800002429,0.015049803000010797,3,0.000256014999990839,1,0.0003440529999352293,0,0.0
"C, gc on",819,0.043271306000065124,0.013797797000052014,4,0.00031025900000258844,0,0.0,0,0.0
"C, gc on",820,0.04347076599992761,0.013836511000022256,2,0.00017614499995488586,1,0.0010935560000007172,0,0.0
"C, gc on",821,0.04332961599993723,0.015765814000019418,3,0.0003586010000162787,0,0.0,0,0.0
"C, gc on",822,0.0457655129999921,0.015032884999982343,2,0.00017832799994721427,1,0.0011167899999691144,0,0.0
"C, gc on",823,0.04522748500005491,0.014202146000002358,3,0.00029904799998803355,0,0.0,0,0.0
"C, gc on",824,0.04354313800001819,0.014444945999912306,2,0.00017945100012184412,1,0.0013465370000176335,0,0.0
"C, gc on",825,0.0430523310000126,0.015478678000022228,3,0.0003430319999324638,0,0.0,0,0.0
"C, gc on",826,0.04660344699993857,0.013954506000004585,2,0.00019976999999471445,1,0.0017587300000059258,0,0.0
"C, gc on",827,0.040352462999976524,0.015139661000034721,3,0.00029629200003000733,0,0.0,0,0.0
"C, gc on",828,0.04444036600000345,0.013903743000014401,2,0.00020261400004528696,1,0.0013564660000611184,0,0.0
"C, gc on",829,0.04138600800001768,0.014041439000038736,3,0.00032074900002498907,0,0.0,0,0.0
"C, gc on",830,0.04370106799990481,0.013655433000053563,2,0.0001702529999647595,1,0.0012198759999364484,0,0.0
"C, gc on",831,0.04104723400007515,0.013741630000026817,3,0.000346756999988429,0,0.0,0,0.0
"C, gc on",832,0.04399591200001396,0.015731302999938634,2,0.0001699520000784105,1,0.0011562650000769281,0,0.0
"C, gc on",833,0.0431351290000066,0.014749594000022626,3,0.0004229419998864614,0,0.0,0,0.0
"C, gc on",834,0.04357830499998272,0.014278805000003558,2,0.00016560400013077015,1,0.0011878960000331062,0,0.0
"C, gc on",835,0.04449358300007589,0.014075622999939696,3,0.00026346099991769734,0,0.0,0,0.0
"C, gc on",836,0.045445589999985714,0.014305460999935349,2,0.00016783799992481363,1,0.0012696300000243355,0,0.0
"C, gc on",837,0.04521942899998521,0.01371425900003942,3,0.00046422100001564104,0,0.0,0,0.0
"C, gc on",838,0.11897526600000674,0.0171751940000604,2,6.316000008155243e-05,1,0.0012409260000367794,1,0.07414818100005505
"C, gc on",839,0.06310539500009327,0.01403993700000683,4,0.0004987160000382573,0,0.0,0,0.0
"C, gc on",840,0.04357246800009307,0.014076256000066678,3,0.0003335530000185827,1,0.0008161499999914668,0,0.0
"C, gc on",841,0.045648990000017875,0.015448114999912832,3,0.0002685599998812904,0,0.0,0,0.0
"C, gc on",842,0.040902293000044665,0.014423174999933508,3,0.0002654330000950722,0,0.0,0,0.0
"C, gc on",843,0.04362254399995891,0.015074230000095667,3,0.0002644029998464248,0,0.0,0,0.0
"C, gc on",844,0.041890274000024874,0.013864993999959552,3,0.0003075029999308754,0,0.0,0,0.0
"C, gc on",845,0.04327955299993391,0.014473433999910412,3,0.00023091800005659024,0,0.0,0,0.0
"C, gc on",846,0.043893798999988576,0.014112990999933572,3,0.00035923199993703747,0,0.0,0,0.0
"C, gc on",847,0.041668564000019614,0.014847569999915322,3,0.0002526290001014786,0,0.0,0,0.0
"C, gc on",848,0.044801331000030586,0.013734816999999566,3,0.0003628070001013839,0,0.0,0,0.0
"C, gc on",849,0.0420188439999265,0.01582254599998123,3,0.0002661149999312329,0,0.0,0,0.0
"C, gc on",850,0.04171468200001982,0.013865967000015189,3,0.0003748110000287852,0,0.0,0,0.0
"C, gc on",851,0.04224187099998744,0.014887555999962387,3,0.0003149970000322355,0,0.0,0,0.0
"C, gc on",852,0.04399846699993759,0.013933513999973002,3,0.0004141659999277181,0,0.0,0,0.0
"C, gc on",853,0.04414787999996861,0.01486710699998639,3,0.0003077840000287324,0,0.0,0,0.0
"C, gc on",854,0.04254076000006535,0.01377721799997289,3,0.00041492799994102825,0,0.0,0,0.0
"C, gc on",855,0.0405629740000677,0.015365914999961205,3,0.00029017100007422414,0,0.0,0,0.0
"C, gc on",856,0.04169732700006534,0.01502401599998393,3,0.00035931200011418696,0,0.0,0,0.0
"C, gc on",857,0.04489984800000002,0.014208235999944918,3,0.00034904300002835953,0,0.0,0,0.0
"C, gc on",858,0.04035097100006624,0.01487443100006658,3,0.000307383999825106,0,0.0,0,0.0
"C, gc on",859,0.04227046500000142,0.01470210299999053,3,0.0002586609999752909,0,0.0,0,0.0
"C, gc on",860,0.12511720800000603,0.01464868799996566,5,0.00022466499990514421,0,0.0,1,0.08285805599996365
"C, gc on",861,0.041975719999982175,0.014092361999928471,3,0.0001984979999178904,1,0.0003975649999574671,0,0.0
"C, gc on",862,0.04363773700004003,0.013694842000063545,4,0.0003040259999806949,0,0.0,0,0.0
"C, gc on",863,0.042942720000041845,0.013965714999926604,2,0.00019325599998865073,1,0.0011231830000042464,0,0.0
"C, gc on",864,0.04193498000006457,0.013756628000010096,3,0.00026556499994967453,0,0.0,0,0.0
"C, gc on",865,0.04462697999997545,0.014151627999922312,2,0.00019659400004456984,1,0.0012374199999385382,0,0.0
"C, gc on",866,0.04350335600008748,0.01413150099995164,3,0.00022882400003254588,0,0.0,0,0.0
"C, gc on",867,0.04461829100000614,0.014625043000023652,2,0.00021195199997237069,1,0.001158981000003223,0,0.0
"C, gc on",868,0.04542846499998632,0.014038523999943209,3,0.00024174999998649582,0,0.0,0,0.0
"C, gc on",869,0.0433076549999214,0.01407064399995761,2,0.00018667400001959322,1,0.0012602630000628778,0,0.0
"C, gc on",870,0.044293164999999135,0.014079497000011543,3,0.0003376509999952759,0,0.0,0,0.0
"C, gc on",871,0.048618691999990915,0.013537417999941681,2,0.000254542999982732,1,0.0011648409999907017,0,0.0
"C, gc on",872,0.043452435000062906,0.013877992999937305,3,0.0002987080000593778,0,0.0,0,0.0
"C, gc on",873,0.04571606399997563,0.014060945999972319,2,0.0002481300000454212,1,0.001196281000034105,0,0.0
"C, gc on",874,0.0446831359998896,0.014769560999980058,3,0.00032751100013683754,0,0.0,0,0.0
"C, gc on",875,0.042396343999939745,0.014212533999966581,2,0.0001623389999849678,1,0.0011995280000292041,0,0.0
"C, gc on",876,0.04153950200009149,0.01374180499999511,3,0.0003143269999554832,0,0.0,0,0.0
"C, gc on",877,0.04194243300003109,0.015038164999964465,2,0.00022726099996361881,1,0.0012622570000075939,0,0.0
"C, gc on",878,0.04267404699999133,0.013294029999997292,3,0.0002561659999855692,0,0.0,0,0.0
"C, gc on",879,0.04439729399996395,0.013648852999949668,2,0.00015502500002639863,1,0.0013168709999717976,0,0.0
"C, gc on",880,0.040090073999976994,0.014702222999972037,3,0.0003328120001242496,0,0.0,0,0.0
"C, gc on",881,0.1213530320000018,0.01414795799996682,2,0.00011581000012483855,1,0.0014314370000647614,1,0.07611278700005641
"C, gc on",882,0.04319911199991111,0.014079632000061792,4,0.0002708250000296175,0,0.0,0,0.0
"C, gc on",883,0.04196313199997803,0.014252109000040036,3,0.00033581700006379833,1,0.0008495329999504975,0,0.0
"C, gc on",884,0.04139072499992835,0.014423483999962627,3,0.00021939699990980444,0,0.0,0,0.0
"C, gc on",885,0.04190633499990781,0.013880483999969329,3,0.00034853199997542106,0,0.0,0,0.0
"C, gc on",886,0.04426254700001664,0.014238664000004064,3,0.0002784280000014405,0,0.0,0,0.0
"C, gc on",887,0.043677536000018335,0.013611133000040354,3,0.00038497099990308925,0,0.0,0,0.0
"C, gc on",888,0.04355127700000594,0.014939173000016126,3,0.0002820770000653283,0,0.0,0,0.0
"C, gc on",889,0.04266934700001457,0.014336829999933798,3,0.00039408800012097345,0,0.0,0,0.0
"C, gc on",890,0.04063179800004946,0.014847529999997278,3,0.0002914550001378302,0,0.0,0,0.0
"C, gc on",891,0.04272318499999983,0.013797560999933012,3,0.000458039999898574,0,0.0,0,0.0
"C, gc on",892,0.042432997999981126,0.014488697999922806,3,0.0002996900000198366,0,0.0,0,0.0
"C, gc on",893,0.04219604399997934,0.01366035599994575,3,0.0003049189998591828,0,0.0,0,0.0
"C, gc on",894,0.04282967699998608,0.015003145000036966,3,0.00023915499991744582,0,0.0,0,0.0
"C, gc on",895,0.04121091900003648,0.014655856999979733,3,0.0003033149999964735,0,0.0,0,0.0
"C, gc on",896,0.045471678000012616,0.015376360000004752,3,0.00025291099996138655,0,0.0,0,0.0
"C, gc on",897,0.041985079000028236,0.014341578999960802,3,0.0003067430001237881,0,0.0,0,0.0
"C, gc on",898,0.04269146399997226,0.014803695999944466,3,0.0002162810000072568,0,0.0,0,0.0
"C, gc on",899,0.042499040000052446,0.014231658999960928,3,0.0003888379998215896,0,0.0,0,0.0
"C, gc on",900,0.04375479299994822,0.014659898999980214,3,0.00024396299988893588,0,0.0,0,0.0
"C, gc on",901,0.04422611200004667,0.015031269000019165,3,0.0004521790000353576,0,0.0,0,0.0
"C, gc on",902,0.04433345300003566,0.015038260999972408,3,0.0002879170000369413,0,0.0,0,0.0
"C, gc on",903,0.13542331799999374,0.022469173000104092,5,0.0003946079999650465,0,0.0,1,0.08708728500005236
"C, gc on",904,0.05456315900005393,0.016969668999990972,3,0.0003996280000819752,1,0.0004294160000881675,0,0.0
"C, gc on",905,0.050832205999995494,0.014521129999934601,4,0.000898021000011795,0,0.0,0,0.0
"C, gc on",906,0.04792319700004555,0.014583778999963215,2,0.0004660050000211413,1,0.0013559149999764486,0,0.0
"C, gc on",907,0.04372482099995523,0.013851383999963218,3,0.000312513999915609,0,0.0,0,0.0
"C, gc on",908,0.04410347999998976,0.014323794999995698,2,0.00018744600004083622,1,0.0011611349999611775,0,0.0
"C, gc on",909,0.04066810400001941,0.014000559999999496,3,0.00024353199989946006,0,0.0,0,0.0
"C, gc on",910,0.04403851699998995,0.013974637000046641,2,0.00018029199986813182,1,0.0016779060000544632,0,0.0
"C, gc on",911,0.043278684999904726,0.014197859999967477,3,0.0003139670000109618,0,0.0,0,0.0
"C, gc on",912,0.0460586990000138,0.01398344899996573,2,0.0002205890001505395,1,0.0014418169999999009,0,0.0
"C, gc on",913,0.041895995000004405,0.01398558299990782,3,0.0002809430000070279,0,0.0,0,0.0
"C, gc on",914,0.042737202000012076,0.013908014999969964,2,0.00017723600001318118,1,0.0011417480000091018,0,0.0
"C, gc on",915,0.04817830000001777,0.015390335999995841,3,0.0005925940000679475,0,0.0,0,0.0
"C, gc on",916,0.049542177000034826,0.015429797000024337,2,0.00021443699995415955,1,0.0012281220000431858,0,0.0
"C, gc on",917,0.04173541900001965,0.014214246999927127,3,0.00027192599998215883,0,0.0,0,0.0
"C, gc on",918,0.0428824910000003,0.014663585999983297,2,0.00020133299994995468,1,0.0011833669999532503,0,0.0
"C, gc on",919,0.04509990199994718,0.013384426000015992,3,0.00030032999984541675,0,0.0,0,0.0
"C, gc on",920,0.042268131000014364,0.014686675000007199,2,0.0001963729999943098,1,0.0012398740000207908,0,0.0
"C, gc on",921,0.045948598999984824,0.01382663100002901,3,0.0002560160000939504,0,0.0,0,0.0
"C, gc on",922,0.04183674199998677,0.014514563000034286,2,0.00028835700004492537,1,0.001258689999986018,0,0.0
"C, gc on",923,0.04653413599999112,0.01499235400001453,3,0.0002647630001320067,0,0.0,0,0.0
"C, gc on",924,0.11720783200007645,0.013379532000044492,2,7.876999995914957e-05,1,0.0012627170000314436,1,0.07350157999997009
"C, gc on",925,0.03951197300000331,0.013720816000045488,4,0.0003497019999940676,0,0.0,0,0.0
"C, gc on",926,0.04126742000005379,0.013713636000034057,3,0.00036484200006725587,1,0.0008278120000113631,0,0.0
"C, gc on",927,0.04460060099995644,0.013856078000003436,3,0.00023359300007541606,0,0.0,0,0.0
"C, gc on",928,0.04292194200002086,0.014053482000008444,3,0.0003921549999859053,0,0.0,0,0.0
"C, gc on",929,0.042726509999965856,0.014453297000045495,3,0.0002556749999484964,0,0.0,0,0.0
"C, gc on",930,0.04119473800005835,0.013650265000023865,3,0.0003690800000413219,0,0.0,0,0.0
"C, gc on",931,0.04267008400006489,0.014061046999927385,3,0.0002874959999417115,0,0.0,0,0.0
"C, gc on",932,0.04239337900003193,0.013512145000049713,3,0.0004008920001297156,0,0.0,0,0.0
"C, gc on",933,0.04185169599998062,0.014752523999959521,3,0.0002912429998787047,0,0.0,0,0.0
"C, gc on",934,0.04107642400003897,0.01624452700002621,3,0.0003133149999712259,0,0.0,0,0.0
"C, gc on",935,0.04402641000001495,0.01566623899998376,3,0.000288988000079371,0,0.0,0,0.0
"C, gc on",936,0.04396457500001816,0.013735228999962601,3,0.0003070839999281816,0,0.0,0,0.0
"C, gc on",937,0.043396482999924046,0.015327110000043831,3,0.0002611460000707666,0,0.0,0,0.0
"C, gc on",938,0.042553653000027225,0.015257362999932411,3,0.00027882899996711785,0,0.0,0,0.0
"C, gc on",939,0.04322133599998779,0.014352168999948844,3,0.00027230600005623273,0,0.0,0,0.0
"C, gc on",940,0.04436867899994468,0.013599289999888242,3,0.00031229300009272265,0,0.0,0,0.0
"C, gc on",941,0.04316339100000732,0.014276827000003323,3,0.0002412889999732215,0,0.0,0,0.0
"C, gc on",942,0.0400504980000278,0.01352700300003562,3,0.00035791999994216894,0,0.0,0,0.0
"C, gc on",943,0.041475085000001854,0.014685957999972743,3,0.00025169800005642173,0,0.0,0,0.0
"C, gc on",944,0.04294612399996822,0.014624075000028824,3,0.00040022899997893546,0,0.0,0,0.0
"C, gc on",945,0.04227386299999125,0.01498871700005111,3,0.0003098189999946044,0,0.0,0,0.0
"C, gc on",946,0.12510480599996754,0.014150104999998803,5,0.00025633599989305367,0,0.0,1,0.08204896899997038
"C, gc on",947,0.04319021200001316,0.014336378999928456,3,0.000235697999983131,1,0.0004863340000156313,0,0.0
"C, gc on",948,0.04023753400008445,0.014721090999955777,4,0.00029821499992976896,0,0.0,0,0.0
"C, gc on",949,0.04331071499996142,0.013425033999965308,2,0.00017525200007639796,1,0.0013870129999986602,0,0.0
"C, gc on",950,0.04074133699998583,0.014703666000059457,3,0.00030241400008890196,0,0.0,0,0.0
"C, gc on",951,0.04645882099998744,0.0135185569999976,2,0.0001478000000361135,1,0.0010447529999737526,0,0.0
"C, gc on",952,0.04170069399992826,0.013501405000056366,3,0.00030672199989112414,0,0.0,0,0.0
"C, gc on",953,0.04344403400000374,0.013626591999923221,2,0.0001511169999730555,1,0.0011591510000243943,0,0.0
"C, gc on",954,0.04329569099991204,0.013435840000056487,3,0.0003155790001301284,0,0.0,0,0.0
"C, gc on",955,0.04360618699990937,0.013894803999960459,2,0.00017521200004466664,1,0.001153429999931177,0,0.0
"C, gc on",956,0.04525280899997597,0.013897947000032218,3,0.0003192869999111281,0,0.0,0,0.0
"C, gc on",957,0.045354710999959025,0.014261177000093994,2,0.00017256800003906392,1,0.0011612649999506175,0,0.0
"C, gc on",958,0.04343739099999766,0.013411393000069438,3,0.00029925800004093617,0,0.0,0,0.0
"C, gc on",959,0.04238458100007847,0.013471266999999898,2,0.00019101199995930074,1,0.001204105999931926,0,0.0
"C, gc on",960,0.039840312000023914,0.013787787999945067,3,0.0003267610001103094,0,0.0,0,0.0
"C, gc on",961,0.04744703500000469,0.01416301000006115,2,0.0001712150001367263,1,0.0031056560000024547,0,0.0
"C, gc on",962,0.039432541999985915,0.014838041000075464,3,0.00031326399994213716,0,0.0,0,0.0
"C, gc on",963,0.046371145000080105,0.013455466999971577,2,0.00023466499999358348,1,0.0013867929999378248,0,0.0
"C, gc on",964,0.040966681000099925,0.013406774000031874,3,0.00029815700008839485,0,0.0,0,0.0
"C, gc on",965,0.04294809599991822,0.014689839999959986,2,0.00016849999997248233,1,0.0011435309999114907,0,0.0
"C, gc on",966,0.04536782000002404,0.014951943000028223,3,0.00034655900003599527,0,0.0,0,0.0
"C, gc on",967,0.12155558100005237,0.014394235000054323,2,8.732600008443114e-05,1,0.001322911999977805,1,0.07724323000002187
"C, gc on",968,0.04151845100000173,0.014320269999984703,4,0.0003317210000659543,0,0.0,0,0.0
"C, gc on",969,0.04440627899998617,0.014853906999974242,3,0.00036263699996652576,1,0.0008566469999777837,0,0.0
"C, gc on",970,0.05043884400004117,0.01507771700005378,3,0.00038877799988767947,0,0.0,0,0.0
"C, gc on",971,0.04356131000008645,0.013166317000013805,3,0.00040722299991102773,0,0.0,0,0.0
"C, gc on",972,0.041252733999954216,0.014617192000059731,3,0.00026862000004257425,0,0.0,0,0.0
"C, gc on",973,0.04360424799995144,0.013569729000096231,3,0.00031666999996105005,0,0.0,0,0.0
"C, gc on",974,0.042309744000021965,0.014317393000055745,3,0.0002670379999472061,0,0.0,0,0.0
"C, gc on",975,0.04173801000001731,0.014715094000052886,3,0.00027988199997253105,0,0.0,0,0.0
"C, gc on",976,0.04381648999992649,0.014495441000008213,3,0.00032134499997482635,0,0.0,0,0.0
"C, gc on",977,0.04439242299997659,0.015502488000038284,3,0.00031455800001367606,0,0.0,0,0.0
"C, gc on",978,0.04243194200000744,0.015280381000025045,3,0.00025984399997014407,0,0.0,0,0.0
"C, gc on",979,0.04153575500004081,0.014973092999980508,3,0.0002754219998450935,0,0.0,0,0.0
"C, gc on",980,0.042218180000077155,0.015169104999927185,3,0.0002614960000073552,0,0.0,0,0.0
"C, gc on",981,0.042235018000042146,0.013818129999890516,3,0.0003446539998321896,0,0.0,0,0.0
"C, gc on",982,0.040880195999989155,0.01407390999997915,3,0.0002338540000437206,0,0.0,0,0.0
"C, gc on",983,0.04800384899999699,0.01424017699991964,3,0.00047836799990363943,0,0.0,0,0.0
"C, gc on",984,0.04649726999991799,0.01447339899993949,3,0.00033253099991270574,0,0.0,0,0.0
"C, gc on",985,0.04315042599989738,0.013910260999978163,3,0.00040488900003765593,0,0.0,0,0.0
"C, gc on",986,0.039710666000019046,0.01432587900001181,3,0.00021301399988260528,0,0.0,0,0.0
"C, gc on",987,0.04457442499995068,0.013509704000057354,3,0.00038334800001393887,0,0.0,0,0.0
"C, gc on",988,0.04360761500004173,0.014211562000014055,3,0.0002654849998862119,0,0.0,0,0.0
"C, gc on",989,0.12692107700001998,0.014066055999933269,5,0.00025790899985622673,0,0.0,1,0.08362051400001747
"C, gc on",990,0.04101894000007178,0.013821301999996649,3,0.00022333499998694606,1,0.0005071229999202842,0,0.0
"C, gc on",991,0.041897456000015154,0.013915420999978778,4,0.0003037459998722625,0,0.0,0,0.0
"C, gc on",992,0.04172676300004241,0.013641497999969943,2,0.00014927299991995824,1,0.0011678880000545178,0,0.0
"C, gc on",993,0.042792006000013316,0.014538883999989594,3,0.00033476600003723433,0,0.0,0,0.0
"C, gc on",994,0.05046442300010767,0.016699281000001065,2,0.0002561359999617707,1,0.0015332620000663155,0,0.0
"C, gc on",995,0.047386093000000074,0.014731405000020459,3,0.00042947700001150224,0,0.0,0,0.0
"C, gc on",996,0.04710392800006957,0.015100174000053812,2,0.0001523089999864169,1,0.0011785279999685372,0,0.0
"C, gc on",997,0.043725091999931465,0.013395764000051713,3,0.0002943879999293131,0,0.0,0,0.0
"C, gc on",998,0.04544344999999339,0.01340816700007963,2,0.0002171120000866722,1,0.001183798000056413,0,0.0
"C, gc on",999,0.043267104000051404,0.014899638999963827,3,0.0003165300000773641,0,0.0,0,0.0
"C, gc on",1000,0.045581054999956905,0.01512301800005389,2,0.00017353000009734387,1,0.0014164589999836608,0,0.0
"C, gc off",1,0.04122087099995042,0.013456166999958441,0,0.0,0,0.0,0,0.0
"C, gc off",2,0.044302085000026636,0.013171776000035607,0,0.0,0,0.0,0,0.0
"C, gc off",3,0.04556531699995503,0.014350486000012097,0,0.0,0,0.0,0,0.0
"C, gc off",4,0.04151311300006455,0.016050048000010975,0,0.0,0,0.0,0,0.0
"C, gc off",5,0.043769666999992296,0.012984102000018538,0,0.0,0,0.0,0,0.0
"C, gc off",6,0.04158671699997285,0.013285113000051751,0,0.0,0,0.0,0,0.0
"C, gc off",7,0.044260205000000497,0.013573328999996193,0,0.0,0,0.0,0,0.0
"C, gc off",8,0.043612003000021105,0.014724147000038101,0,0.0,0,0.0,0,0.0
"C, gc off",9,0.04645988899994791,0.013636580000024878,0,0.0,0,0.0,0,0.0
"C, gc off",10,0.044313604000080886,0.013429557999984354,0,0.0,0,0.0,0,0.0
"C, gc off",11,0.045903043000066646,0.013181206000012935,0,0.0,0,0.0,0,0.0
"C, gc off",12,0.047968314000058854,0.013801003999901695,0,0.0,0,0.0,0,0.0
"C, gc off",13,0.04411597000000711,0.013551138000025276,0,0.0,0,0.0,0,0.0
"C, gc off",14,0.0436143169999923,0.014322664000019358,0,0.0,0,0.0,0,0.0
"C, gc off",15,0.043493165999962,0.012976598000022932,0,0.0,0,0.0,0,0.0
"C, gc off",16,0.041581608000001324,0.017191939999975148,0,0.0,0,0.0,0,0.0
"C, gc off",17,0.04513556500000959,0.0173053160000336,0,0.0,0,0.0,0,0.0
"C, gc off",18,0.044901220000042485,0.013045898000086709,0,0.0,0,0.0,0,0.0
"C, gc off",19,0.04211255600000641,0.013956199000062952,0,0.0,0,0.0,0,0.0
"C, gc off",20,0.041413177999970685,0.013435418999961257,0,0.0,0,0.0,0,0.0
"C, gc off",21,0.04534307899996293,0.013326541999958863,0,0.0,0,0.0,0,0.0
"C, gc off",22,0.0410545379999121,0.013126000000056592,0,0.0,0,0.0,0,0.0
"C, gc off",23,0.04061367999997856,0.014389235000066947,0,0.0,0,0.0,0,0.0
"C, gc off",24,0.040932850999979564,0.0133705649999456,0,0.0,0,0.0,0,0.0
"C, gc off",25,0.04559706299994559,0.01436679699997967,0,0.0,0,0.0,0,0.0
"C, gc off",26,0.044921157000089806,0.01435528100000738,0,0.0,0,0.0,0,0.0
"C, gc off",27,0.04148510099992109,0.013793217000056757,0,0.0,0,0.0,0,0.0
"C, gc off",28,0.04070131699995727,0.013949535000051583,0,0.0,0,0.0,0,0.0
"C, gc off",29,0.04184572799999842,0.013144226999997954,0,0.0,0,0.0,0,0.0
"C, gc off",30,0.04137240099998962,0.013160656000081872,0,0.0,0,0.0,0,0.0
"C, gc off",31,0.04366653700003553,0.013671416999955,0,0.0,0,0.0,0,0.0
"C, gc off",32,0.045771703000013986,0.021813765999922907,0,0.0,0,0.0,0,0.0
"C, gc off",33,0.05644513699996878,0.013642791999927795,0,0.0,0,0.0,0,0.0
"C, gc off",34,0.041580996999982744,0.013425130000086938,0,0.0,0,0.0,0,0.0
"C, gc off",35,0.0413892130000022,0.013568670999916321,0,0.0,0,0.0,0,0.0
"C, gc off",36,0.04368909499999063,0.014076144999989992,0,0.0,0,0.0,0,0.0
"C, gc off",37,0.045361329000002115,0.013476556000000528,0,0.0,0,0.0,0,0.0
"C, gc off",38,0.04025782899998376,0.013734938000084185,0,0.0,0,0.0,0,0.0
"C, gc off",39,0.04154447700000219,0.01413190100004158,0,0.0,0,0.0,0,0.0
"C, gc off",40,0.03954644100008409,0.014279556000019511,0,0.0,0,0.0,0,0.0
"C, gc off",41,0.04486142899997958,0.013263312000049154,0,0.0,0,0.0,0,0.0
"C, gc off",42,0.041618083000003026,0.014032351999958337,0,0.0,0,0.0,0,0.0
"C, gc off",43,0.044218839999984993,0.013253191999979208,0,0.0,0,0.0,0,0.0
"C, gc off",44,0.04257592399994792,0.013369816000022183,0,0.0,0,0.0,0,0.0
"C, gc off",45,0.041105021000021225,0.013526843000022382,0,0.0,0,0.0,0,0.0
"C, gc off",46,0.053398559000015666,0.014788668000051075,0,0.0,0,0.0,0,0.0
"C, gc off",47,0.045270260999927814,0.013853491999952894,0,0.0,0,0.0,0,0.0
"C, gc off",48,0.04231785000001764,0.015622567000036724,0,0.0,0,0.0,0,0.0
"C, gc off",49,0.04193224800008011,0.013914624999983971,0,0.0,0,0.0,0,0.0
"C, gc off",50,0.04456830899994202,0.014107365000086247,0,0.0,0,0.0,0,0.0
"C, gc off",51,0.047173348999990594,0.013472944999989522,0,0.0,0,0.0,0,0.0
"C, gc off",52,0.044565968999904726,0.014192741999977443,0,0.0,0,0.0,0,0.0
"C, gc off",53,0.04061237799999162,0.01375183899995136,0,0.0,0,0.0,0,0.0
"C, gc off",54,0.04373154399991108,0.01418144100000518,0,0.0,0,0.0,0,0.0
"C, gc off",55,0.0425215019999996,0.01412271399999554,0,0.0,0,0.0,0,0.0
"C, gc off",56,0.04211579699995127,0.013466258999983438,0,0.0,0,0.0,0,0.0
"C, gc off",57,0.04154522300007102,0.01382001499996477,0,0.0,0,0.0,0,0.0
"C, gc off",58,0.04284325399999034,0.01324421499998607,0,0.0,0,0.0,0,0.0
"C, gc off",59,0.041854370999999446,0.014901322000014261,0,0.0,0,0.0,0,0.0
"C, gc off",60,0.04074504499999421,0.013516673000026458,0,0.0,0,0.0,0,0.0
"C, gc off",61,0.03949935399998594,0.013577689000044302,0,0.0,0,0.0,0,0.0
"C, gc off",62,0.04115701299997454,0.01359664399990379,0,0.0,0,0.0,0,0.0
"C, gc off",63,0.04559253299999,0.013169504999950732,0,0.0,0,0.0,0,0.0
"C, gc off",64,0.04720904199996312,0.022801336000043193,0,0.0,0,0.0,0,0.0
"C, gc off",65,0.05048602799990931,0.013391425000008894,0,0.0,0,0.0,0,0.0
"C, gc off",66,0.042356500000096275,0.014579304999983833,0,0.0,0,0.0,0,0.0
"C, gc off",67,0.04199466800002938,0.012999911999941105,0,0.0,0,0.0,0,0.0
"C, gc off",68,0.039741251999998894,0.013551439000025312,0,0.0,0,0.0,0,0.0
"C, gc off",69,0.044932801999948424,0.013242055999967306,0,0.0,0,0.0,0,0.0
"C, gc off",70,0.041333942999926876,0.013889781999978368,0,0.0,0,0.0,0,0.0
"C, gc off",71,0.042874502000017856,0.013891364000073736,0,0.0,0,0.0,0,0.0
"C, gc off",72,0.039138418999982605,0.01355862800005525,0,0.0,0,0.0,0,0.0
"C, gc off",73,0.041432820000068205,0.013247197000055166,0,0.0,0,0.0,0,0.0
"C, gc off",74,0.041735063000032824,0.013864263000073151,0,0.0,0,0.0,0,0.0
"C, gc off",75,0.03980375200001163,0.01440149300003668,0,0.0,0,0.0,0,0.0
"C, gc off",76,0.0398472669999137,0.01360851599997659,0,0.0,0,0.0,0,0.0
"C, gc off",77,0.04209842399995978,0.013099090999958207,0,0.0,0,0.0,0,0.0
"C, gc off",78,0.04142234100004316,0.012842593999948804,0,0.0,0,0.0,0,0.0
"C, gc off",79,0.04471269200007555,0.013252501000010852,0,0.0,0,0.0,0,0.0
"C, gc off",80,0.04542771999990691,0.01313930599997093,0,0.0,0,0.0,0,0.0
"C, gc off",81,0.04154896599993663,0.013042692999988503,0,0.0,0,0.0,0,0.0
"C, gc off",82,0.044652132999999594,0.01729245199999241,0,0.0,0,0.0,0,0.0
"C, gc off",83,0.04845038900009513,0.013534732999914922,0,0.0,0,0.0,0,0.0
"C, gc off",84,0.04383207000000766,0.013958272000081706,0,0.0,0,0.0,0,0.0
"C, gc off",85,0.04954846800001178,0.018901140999901145,0,0.0,0,0.0,0,0.0
"C, gc off",86,0.04301407699995252,0.01276935400005641,0,0.0,0,0.0,0,0.0
"C, gc off",87,0.04404011999997692,0.01326848099995459,0,0.0,0,0.0,0,0.0
"C, gc off",88,0.05012330900001416,0.014328911000006883,0,0.0,0,0.0,0,0.0
"C, gc off",89,0.04336636100003943,0.01366218900000149,0,0.0,0,0.0,0,0.0
"C, gc off",90,0.041689958999995724,0.013487903000054757,0,0.0,0,0.0,0,0.0
"C, gc off",91,0.03942362099996899,0.013661737999996149,0,0.0,0,0.0,0,0.0
"C, gc off",92,0.0399816289999535,0.01318479299993669,0,0.0,0,0.0,0,0.0
"C, gc off",93,0.04003231700005472,0.013146029999916209,0,0.0,0,0.0,0,0.0
"C, gc off",94,0.040640940000002956,0.013554499999941072,0,0.0,0,0.0,0,0.0
"C, gc off",95,0.04327232399998593,0.013684051000041109,0,0.0,0,0.0,0,0.0
"C, gc off",96,0.04205942499993398,0.012986888000000363,0,0.0,0,0.0,0,0.0
"C, gc off",97,0.04002678599999854,0.013046050000070863,0,0.0,0,0.0,0,0.0
"C, gc off",98,0.04095639100000881,0.013060865999932503,0,0.0,0,0.0,0,0.0
"C, gc off",99,0.0412020979999852,0.013584332000050381,0,0.0,0,0.0,0,0.0
"C, gc off",100,0.040097471000080986,0.01367267900002389,0,0.0,0,0.0,0,0.0
"C, gc off",101,0.041671874000030584,0.013653291999958128,0,0.0,0,0.0,0,0.0
"C, gc off",102,0.04018565399996987,0.013056309000035071,0,0.0,0,0.0,0,0.0
"C, gc off",103,0.04619132000004811,0.013771797999993396,0,0.0,0,0.0,0,0.0
"C, gc off",104,0.04169332000003578,0.01313767400006327,0,0.0,0,0.0,0,0.0
"C, gc off",105,0.044533683000054225,0.013693256000010479,0,0.0,0,0.0,0,0.0
"C, gc off",106,0.042071319000001495,0.013491584000007606,0,0.0,0,0.0,0,0.0
"C, gc off",107,0.04261062700004459,0.014415829999961716,0,0.0,0,0.0,0,0.0
"C, gc off",108,0.05005698400009351,0.014226246000021092,0,0.0,0,0.0,0,0.0
"C, gc off",109,0.05998988200008171,0.015598511999996845,0,0.0,0,0.0,0,0.0
"C, gc off",110,0.04084962800004632,0.013615250000043488,0,0.0,0,0.0,0,0.0
"C, gc off",111,0.044212907999963136,0.01310052300004827,0,0.0,0,0.0,0,0.0
"C, gc off",112,0.047540213000047515,0.013353072999962023,0,0.0,0,0.0,0,0.0
"C, gc off",113,0.04220919800002321,0.01411500500000784,0,0.0,0,0.0,0,0.0
"C, gc off",114,0.043326976000003015,0.014910500000041793,0,0.0,0,0.0,0,0.0
"C, gc off",115,0.04048591699995541,0.012981817999957457,0,0.0,0,0.0,0,0.0
"C, gc off",116,0.05406918199992106,0.014014639000038187,0,0.0,0,0.0,0,0.0
"C, gc off",117,0.042953185999976995,0.01319219599997723,0,0.0,0,0.0,0,0.0
"C, gc off",118,0.042645938999953614,0.013127955000072689,0,0.0,0,0.0,0,0.0
"C, gc off",119,0.04018701000006786,0.013096916999984387,0,0.0,0,0.0,0,0.0
"C, gc off",120,0.04037222199997359,0.013312245000065559,0,0.0,0,0.0,0,0.0
"C, gc off",121,0.04134256399993319,0.013781150999989222,0,0.0,0,0.0,0,0.0
"C, gc off",122,0.042341346000057456,0.013340246999973715,0,0.0,0,0.0,0,0.0
"C, gc off",123,0.04238254799997776,0.013309641000091688,0,0.0,0,0.0,0,0.0
"C, gc off",124,0.03991023399998994,0.013688059000060093,0,0.0,0,0.0,0,0.0
"C, gc off",125,0.04205387400008931,0.013120551000042724,0,0.0,0,0.0,0,0.0
"C, gc off",126,0.03987523799992232,0.013703677999956199,0,0.0,0,0.0,0,0.0
"C, gc off",127,0.04101405000005798,0.013122284000019135,0,0.0,0,0.0,0,0.0
"C, gc off",128,0.04219419100002142,0.014066296999999395,0,0.0,0,0.0,0,0.0
"C, gc off",129,0.0425686810000343,0.01378829800000858,0,0.0,0,0.0,0,0.0
"C, gc off",130,0.03988918600009583,0.012908748999961972,0,0.0,0,0.0,0,0.0
"C, gc off",131,0.042617934000077184,0.013794546000099217,0,0.0,0,0.0,0,0.0
"C, gc off",132,0.04356313499999942,0.012804802000005111,0,0.0,0,0.0,0,0.0
"C, gc off",133,0.04173943599994345,0.013754589999962263,0,0.0,0,0.0,0,0.0
"C, gc off",134,0.040385520999961955,0.014177043000017875,0,0.0,0,0.0,0,0.0
"C, gc off",135,0.041081211999994593,0.013276442000005773,0,0.0,0,0.0,0,0.0
"C, gc off",136,0.042379186000061964,0.01302656300003946,0,0.0,0,0.0,0,0.0
"C, gc off",137,0.042220721000035155,0.013239106000014544,0,0.0,0,0.0,0,0.0
"C, gc off",138,0.043508326000051056,0.013192236999998386,0,0.0,0,0.0,0,0.0
"C, gc off",139,0.03944758599993747,0.013486083999964649,0,0.0,0,0.0,0,0.0
"C, gc off",140,0.03924845900007767,0.013953702999970119,0,0.0,0,0.0,0,0.0
"C, gc off",141,0.04113142299991068,0.013660702000038327,0,0.0,0,0.0,0,0.0
"C, gc off",142,0.039897125000038614,0.013932576999991397,0,0.0,0,0.0,0,0.0
"C, gc off",143,0.04325367599994934,0.01331417800008694,0,0.0,0,0.0,0,0.0
"C, gc off",144,0.041747943000018495,0.013182438999933765,0,0.0,0,0.0,0,0.0
"C, gc off",145,0.04197840599999836,0.013689450000015313,0,0.0,0,0.0,0,0.0
"C, gc off",146,0.04150142000003143,0.012910562000001846,0,0.0,0,0.0,0,0.0
"C, gc off",147,0.04172609299996566,0.013330590000009579,0,0.0,0,0.0,0,0.0
"C, gc off",148,0.04375890699998308,0.013632647999997971,0,0.0,0,0.0,0,0.0
"C, gc off",149,0.04428022100000817,0.013216362999969533,0,0.0,0,0.0,0,0.0
"C, gc off",150,0.043109168000000864,0.013006453999992118,0,0.0,0,0.0,0,0.0
"C, gc off",151,0.04245642900002622,0.013992356000017026,0,0.0,0,0.0,0,0.0
"C, gc off",152,0.03971161700007997,0.013450616999989506,0,0.0,0,0.0,0,0.0
"C, gc off",153,0.04822679300002619,0.013207856000008178,0,0.0,0,0.0,0,0.0
"C, gc off",154,0.04033786599995892,0.013493250000010448,0,0.0,0,0.0,0,0.0
"C, gc off",155,0.039939955000022564,0.01337842499992803,0,0.0,0,0.0,0,0.0
"C, gc off",156,0.04844628199998624,0.013449445999981435,0,0.0,0,0.0,0,0.0
"C, gc off",157,0.04039810000006128,0.01314810300004865,0,0.0,0,0.0,0,0.0
"C, gc off",158,0.042440899999974135,0.012819779999972525,0,0.0,0,0.0,0,0.0
"C, gc off",159,0.04283532799991008,0.012962820999973701,0,0.0,0,0.0,0,0.0
"C, gc off",160,0.04118728900004953,0.013068201999999474,0,0.0,0,0.0,0,0.0
"C, gc off",161,0.041242765000106374,0.013269071999957305,0,0.0,0,0.0,0,0.0
"C, gc off",162,0.041659705000029135,0.012917667000010624,0,0.0,0,0.0,0,0.0
"C, gc off",163,0.040249228999982734,0.013266287000078592,0,0.0,0,0.0,0,0.0
"C, gc off",164,0.04363415400007398,0.012937824000005094,0,0.0,0,0.0,0,0.0
"C, gc off",165,0.04357963099994322,0.013528050999980223,0,0.0,0,0.0,0,0.0
"C, gc off",166,0.04085285799999383,0.013855250999995405,0,0.0,0,0.0,0,0.0
"C, gc off",167,0.03939113399997041,0.013648017999912554,0,0.0,0,0.0,0,0.0
"C, gc off",168,0.0415997459999744,0.012834176999945157,0,0.0,0,0.0,0,0.0
"C, gc off",169,0.03998858900001778,0.013765695999950367,0,0.0,0,0.0,0,0.0
"C, gc off",170,0.04213509199996679,0.013495712999997522,0,0.0,0,0.0,0,0.0
"C, gc off",171,0.04430787399996916,0.013671467999984088,0,0.0,0,0.0,0,0.0
"C, gc off",172,0.04158809899990956,0.013765370999976767,0,0.0,0,0.0,0,0.0
"C, gc off",173,0.040906851999920946,0.013345868999977029,0,0.0,0,0.0,0,0.0
"C, gc off",174,0.043803845999946134,0.01507387000003746,0,0.0,0,0.0,0,0.0
"C, gc off",175,0.04483932300001925,0.01342757299994446,0,0.0,0,0.0,0,0.0
"C, gc off",176,0.04150483199998689,0.013120340999989821,0,0.0,0,0.0,0,0.0
"C, gc off",177,0.03943343699995694,0.01341944799992234,0,0.0,0,0.0,0,0.0
"C, gc off",178,0.039350794000029055,0.013521400999934485,0,0.0,0,0.0,0,0.0
"C, gc off",179,0.04316489499990439,0.01357181599996693,0,0.0,0,0.0,0,0.0
"C, gc off",180,0.04137082299996564,0.01434811699994043,0,0.0,0,0.0,0,0.0
"C, gc off",181,0.04283133000001271,0.013710951000007299,0,0.0,0,0.0,0,0.0
"C, gc off",182,0.04163400700008424,0.013057430999992903,0,0.0,0,0.0,0,0.0
"C, gc off",183,0.040880587000060586,0.01332076500000312,0,0.0,0,0.0,0,0.0
"C, gc off",184,0.04062372900000355,0.013299497000048177,0,0.0,0,0.0,0,0.0
"C, gc off",185,0.04254995999997391,0.013796699999943485,0,0.0,0,0.0,0,0.0
"C, gc off",186,0.04201370800001314,0.013857440000037968,0,0.0,0,0.0,0,0.0
"C, gc off",187,0.040637459999970815,0.013622522999980902,0,0.0,0,0.0,0,0.0
"C, gc off",188,0.04094102600004135,0.013228957000023911,0,0.0,0,0.0,0,0.0
"C, gc off",189,0.040827621999937946,0.013770418999911271,0,0.0,0,0.0,0,0.0
"C, gc off",190,0.04071517800002766,0.012973471999998765,0,0.0,0,0.0,0,0.0
"C, gc off",191,0.03990148299999419,0.013691511000047285,0,0.0,0,0.0,0,0.0
"C, gc off",192,0.04369240000005448,0.013302165000027344,0,0.0,0,0.0,0,0.0
"C, gc off",193,0.03911775000005946,0.013608100999931594,0,0.0,0,0.0,0,0.0
"C, gc off",194,0.04233502800002498,0.013484121000033156,0,0.0,0,0.0,0,0.0
"C, gc off",195,0.04270917799999552,0.013396916000033343,0,0.0,0,0.0,0,0.0
"C, gc off",196,0.041822524999929556,0.014241261999927701,0,0.0,0,0.0,0,0.0
"C, gc off",197,0.05174629700002242,0.013655090000042946,0,0.0,0,0.0,0,0.0
"C, gc off",198,0.05903286600005231,0.02045095999994828,0,0.0,0,0.0,0,0.0
"C, gc off",199,0.04572180299999218,0.01469317199996567,0,0.0,0,0.0,0,0.0
"C, gc off",200,0.04508724200002234,0.013907376000020122,0,0.0,0,0.0,0,0.0
"C, gc off",201,0.046454828999912934,0.012833325999963563,0,0.0,0,0.0,0,0.0
"C, gc off",202,0.04221583100002135,0.013475636000066515,0,0.0,0,0.0,0,0.0
"C, gc off",203,0.046283030000040526,0.014372828999967169,0,0.0,0,0.0,0,0.0
"C, gc off",204,0.04289113900006214,0.013396589000080894,0,0.0,0,0.0,0,0.0
"C, gc off",205,0.04729303599992818,0.014040346999991016,0,0.0,0,0.0,0,0.0
"C, gc off",206,0.04153043100006926,0.014094149000015932,0,0.0,0,0.0,0,0.0
"C, gc off",207,0.03943257800005995,0.013437844000009136,0,0.0,0,0.0,0,0.0
"C, gc off",208,0.04428273500002433,0.013635958999998365,0,0.0,0,0.0,0,0.0
"C, gc off",209,0.046717740000076446,0.013682717999927263,0,0.0,0,0.0,0,0.0
"C, gc off",210,0.04133014899991849,0.013232553999955599,0,0.0,0,0.0,0,0.0
"C, gc off",211,0.04127609800002574,0.013639476000093964,0,0.0,0,0.0,0,0.0
"C, gc off",212,0.04566444100009903,0.013807829000029415,0,0.0,0,0.0,0,0.0
"C, gc off",213,0.039319226999964485,0.01384658999995736,0,0.0,0,0.0,0,0.0
"C, gc off",214,0.039946568000004845,0.013144511000064085,0,0.0,0,0.0,0,0.0
"C, gc off",215,0.041734750000046006,0.013482977999956347,0,0.0,0,0.0,0,0.0
"C, gc off",216,0.0409610540000358,0.013444647000028453,0,0.0,0,0.0,0,0.0
"C, gc off",217,0.038962459000003946,0.01356920800003536,0,0.0,0,0.0,0,0.0
"C, gc off",218,0.04229765200000202,0.013359626000010394,0,0.0,0,0.0,0,0.0
"C, gc off",219,0.04329469100002825,0.013581563999991886,0,0.0,0,0.0,0,0.0
"C, gc off",220,0.04126607000000604,0.013737101000060647,0,0.0,0,0.0,0,0.0
"C, gc off",221,0.04211071300005642,0.013615955000091162,0,0.0,0,0.0,0,0.0
"C, gc off",222,0.040017351999949824,0.014787832000024537,0,0.0,0,0.0,0,0.0
"C, gc off",223,0.03988557699994999,0.013328085000011924,0,0.0,0,0.0,0,0.0
"C, gc off",224,0.04175320699994245,0.013429738000013458,0,0.0,0,0.0,0,0.0
"C, gc off",225,0.04167615799997293,0.012723937000032493,0,0.0,0,0.0,0,0.0
"C, gc off",226,0.039979583999979695,0.013423802000033902,0,0.0,0,0.0,0,0.0
"C, gc off",227,0.04263877500000035,0.014060725000035745,0,0.0,0,0.0,0,0.0
"C, gc off",228,0.04063046699991446,0.01313582000000224,0,0.0,0,0.0,0,0.0
"C, gc off",229,0.04300319499998295,0.013053313999989768,0,0.0,0,0.0,0,0.0
"C, gc off",230,0.04101500100000521,0.013153182999985802,0,0.0,0,0.0,0,0.0
"C, gc off",231,0.038731095000002824,0.01320979999991323,0,0.0,0,0.0,0,0.0
"C, gc off",232,0.040586468000014975,0.013127714999995987,0,0.0,0,0.0,0,0.0
"C, gc off",233,0.042059986000026583,0.013064403999919705,0,0.0,0,0.0,0,0.0
"C, gc off",234,0.03935736599999018,0.013679613000022073,0,0.0,0,0.0,0,0.0
"C, gc off",235,0.04110469199997624,0.01321546099995885,0,0.0,0,0.0,0,0.0
"C, gc off",236,0.04208815099991625,0.01409738000006655,0,0.0,0,0.0,0,0.0
"C, gc off",237,0.042478938000044764,0.014142425000045478,0,0.0,0,0.0,0,0.0
"C, gc off",238,0.04160548899994865,0.013161368000055518,0,0.0,0,0.0,0,0.0
"C, gc off",239,0.04133312399994793,0.013251370000034512,0,0.0,0,0.0,0,0.0
"C, gc off",240,0.04511806800007889,0.013507706000041253,0,0.0,0,0.0,0,0.0
"C, gc off",241,0.0454315020000422,0.01320401899999979,0,0.0,0,0.0,0,0.0
"C, gc off",242,0.04006519899996874,0.013289010999983475,0,0.0,0,0.0,0,0.0
"C, gc off",243,0.040576529000077244,0.012741861999984394,0,0.0,0,0.0,0,0.0
"C, gc off",244,0.04017120200001045,0.013377376999983426,0,0.0,0,0.0,0,0.0
"C, gc off",245,0.04169891000003645,0.012786495999989711,0,0.0,0,0.0,0,0.0
"C, gc off",246,0.03969962500002566,0.013325148999911107,0,0.0,0,0.0,0,0.0
"C, gc off",247,0.041595694000079675,0.013234428000032494,0,0.0,0,0.0,0,0.0
"C, gc off",248,0.04167329199992764,0.013364002999992408,0,0.0,0,0.0,0,0.0
"C, gc off",249,0.040596047000008184,0.013186265999934221,0,0.0,0,0.0,0,0.0
"C, gc off",250,0.040657261999967886,0.01313160200004404,0,0.0,0,0.0,0,0.0
"C, gc off",251,0.04052850000005037,0.012721563000013703,0,0.0,0,0.0,0,0.0
"C, gc off",252,0.041157150999993064,0.01353692099996806,0,0.0,0,0.0,0,0.0
"C, gc off",253,0.04184071000008771,0.012884263000046303,0,0.0,0,0.0,0,0.0
"C, gc off",254,0.03948198099999445,0.01314979599999333,0,0.0,0,0.0,0,0.0
"C, gc off",255,0.03958227700002226,0.013251158999992185,0,0.0,0,0.0,0,0.0
"C, gc off",256,0.04223318000003928,0.013499329999945076,0,0.0,0,0.0,0,0.0
"C, gc off",257,0.04044957799999338,0.013125360000003639,0,0.0,0,0.0,0,0.0
"C, gc off",258,0.042139657999996416,0.012955076000025656,0,0.0,0,0.0,0,0.0
"C, gc off",259,0.04248497200001111,0.0130944019999788,0,0.0,0,0.0,0,0.0
"C, gc off",260,0.04020613599993794,0.013105351999911363,0,0.0,0,0.0,0,0.0
"C, gc off",261,0.043721019999907185,0.014448542999957681,0,0.0,0,0.0,0,0.0
"C, gc off",262,0.040886657999976705,0.01320528100006868,0,0.0,0,0.0,0,0.0
"C, gc off",263,0.04048577700007172,0.013578206000033788,0,0.0,0,0.0,0,0.0
"C, gc off",264,0.0457824630000232,0.013364384000055907,0,0.0,0,0.0,0,0.0
"C, gc off",265,0.04150091999997585,0.013597515000014937,0,0.0,0,0.0,0,0.0
"C, gc off",266,0.04328210599999238,0.013247201000012865,0,0.0,0,0.0,0,0.0
"C, gc off",267,0.054853094999998575,0.013472921000015958,0,0.0,0,0.0,0,0.0
"C, gc off",268,0.041147303000002466,0.013467302999970343,0,0.0,0,0.0,0,0.0
"C, gc off",269,0.040945795999959955,0.013566963000016585,0,0.0,0,0.0,0,0.0
"C, gc off",270,0.040171645999976135,0.013384650999910264,0,0.0,0,0.0,0,0.0
"C, gc off",271,0.041623647999927016,0.013754363000089143,0,0.0,0,0.0,0,0.0
"C, gc off",272,0.04112767100002657,0.013576938000028349,0,0.0,0,0.0,0,0.0
"C, gc off",273,0.04116403500006527,0.01328485199996976,0,0.0,0,0.0,0,0.0
"C, gc off",274,0.041977213999985,0.013416573999961656,0,0.0,0,0.0,0,0.0
"C, gc off",275,0.04240935999996509,0.013524697999969248,0,0.0,0,0.0,0,0.0
"C, gc off",276,0.04343372400001044,0.013337121999938972,0,0.0,0,0.0,0,0.0
"C, gc off",277,0.0404823920000581,0.012938494999957584,0,0.0,0,0.0,0,0.0
"C, gc off",278,0.046567553999921074,0.013579271000025983,0,0.0,0,0.0,0,0.0
"C, gc off",279,0.04601075200002924,0.013406272999986868,0,0.0,0,0.0,0,0.0
"C, gc off",280,0.04342350000001716,0.013626114999965466,0,0.0,0,0.0,0,0.0
"C, gc off",281,0.042046270000014374,0.013476165999918521,0,0.0,0,0.0,0,0.0
"C, gc off",282,0.04171186500002477,0.013341033999950014,0,0.0,0,0.0,0,0.0
"C, gc off",283,0.039393173000007664,0.01319917999990139,0,0.0,0,0.0,0,0.0
"C, gc off",284,0.039186720999964564,0.012975566000022809,0,0.0,0,0.0,0,0.0
"C, gc off",285,0.03951405599991631,0.014890149999928326,0,0.0,0,0.0,0,0.0
"C, gc off",286,0.042210496000052444,0.012948834999974679,0,0.0,0,0.0,0,0.0
"C, gc off",287,0.04101125499994396,0.01304331500000444,0,0.0,0,0.0,0,0.0
"C, gc off",288,0.040476527999999234,0.012981427999989137,0,0.0,0,0.0,0,0.0
"C, gc off",289,0.043839413000000604,0.01304875399989669,0,0.0,0,0.0,0,0.0
"C, gc off",290,0.040970783999910054,0.013660034999929849,0,0.0,0,0.0,0,0.0
"C, gc off",291,0.04159052900001825,0.012985725999897113,0,0.0,0,0.0,0,0.0
"C, gc off",292,0.037949612000033994,0.013575900999967416,0,0.0,0,0.0,0,0.0
"C, gc off",293,0.03894737100006296,0.01342542500003674,0,0.0,0,0.0,0,0.0
"C, gc off",294,0.04208581000000322,0.013612306000027274,0,0.0,0,0.0,0,0.0
"C, gc off",295,0.04293867399996998,0.013787918000048194,0,0.0,0,0.0,0,0.0
"C, gc off",296,0.04019643799995265,0.013527312999940477,0,0.0,0,0.0,0,0.0
"C, gc off",297,0.04204236300006414,0.012981386000092243,0,0.0,0,0.0,0,0.0
"C, gc off",298,0.040331318999960786,0.013354654999943705,0,0.0,0,0.0,0,0.0
"C, gc off",299,0.03902742299999318,0.013204390000055355,0,0.0,0,0.0,0,0.0
"C, gc off",300,0.03950677800003177,0.013646239999957288,0,0.0,0,0.0,0,0.0
"C, gc off",301,0.040033078000078604,0.012970796999979939,0,0.0,0,0.0,0,0.0
"C, gc off",302,0.040560804000051576,0.014142852000077255,0,0.0,0,0.0,0,0.0
"C, gc off",303,0.040797354000005726,0.013734136000039143,0,0.0,0,0.0,0,0.0
"C, gc off",304,0.04228400600004534,0.014498777999961021,0,0.0,0,0.0,0,0.0
"C, gc off",305,0.0415701199999603,0.013647044999970603,0,0.0,0,0.0,0,0.0
"C, gc off",306,0.04382456700000148,0.014724636999972063,0,0.0,0,0.0,0,0.0
"C, gc off",307,0.04570297700001902,0.013626050999960171,0,0.0,0,0.0,0,0.0
"C, gc off",308,0.04190509700003986,0.01329958999997416,0,0.0,0,0.0,0,0.0
"C, gc off",309,0.03869317700002739,0.013628831999994873,0,0.0,0,0.0,0,0.0
"C, gc off",310,0.04471950000004199,0.013869086999989122,0,0.0,0,0.0,0,0.0
"C, gc off",311,0.044408680000060485,0.013607982000053198,0,0.0,0,0.0,0,0.0
"C, gc off",312,0.0426531820000946,0.013334357000076125,0,0.0,0,0.0,0,0.0
"C, gc off",313,0.04223804999992353,0.012875084000029346,0,0.0,0,0.0,0,0.0
"C, gc off",314,0.040588071000001946,0.013339898000026551,0,0.0,0,0.0,0,0.0
"C, gc off",315,0.041734358999974575,0.013050247000023774,0,0.0,0,0.0,0,0.0
"C, gc off",316,0.04839014300000599,0.014520207999908052,0,0.0,0,0.0,0,0.0
"C, gc off",317,0.043684159999997974,0.01286724999999933,0,0.0,0,0.0,0,0.0
"C, gc off",318,0.041208860999972785,0.013201766000065618,0,0.0,0,0.0,0,0.0
"C, gc off",319,0.039558377000048495,0.014523794999945494,0,0.0,0,0.0,0,0.0
"C, gc off",320,0.0427968349999901,0.013589304999982232,0,0.0,0,0.0,0,0.0
"C, gc off",321,0.04028529000004255,0.013713130999917666,0,0.0,0,0.0,0,0.0
"C, gc off",322,0.03947660500000438,0.013647338000055242,0,0.0,0,0.0,0,0.0
"C, gc off",323,0.041509876000077384,0.014525784000056774,0,0.0,0,0.0,0,0.0
"C, gc off",324,0.04002325399994788,0.013209849999952894,0,0.0,0,0.0,0,0.0
"C, gc off",325,0.04237513499992929,0.013373580000006768,0,0.0,0,0.0,0,0.0
"C, gc off",326,0.0421472980000317,0.013493724999989354,0,0.0,0,0.0,0,0.0
"C, gc off",327,0.04056773800004976,0.013437296000006427,0,0.0,0,0.0,0,0.0
"C, gc off",328,0.0406215450000218,0.013022022999962246,0,0.0,0,0.0,0,0.0
"C, gc off",329,0.043402475999982926,0.013263341999959266,0,0.0,0,0.0,0,0.0
"C, gc off",330,0.04078852299994651,0.013202757000044585,0,0.0,0,0.0,0,0.0
"C, gc off",331,0.0400145620000103,0.01437989299995479,0,0.0,0,0.0,0,0.0
"C, gc off",332,0.04130428200005554,0.01314747100002478,0,0.0,0,0.0,0,0.0
"C, gc off",333,0.04056645000002845,0.013527854000017214,0,0.0,0,0.0,0,0.0
"C, gc off",334,0.04236342199999399,0.013199422000070626,0,0.0,0,0.0,0,0.0
"C, gc off",335,0.04049403199996959,0.013111774999970294,0,0.0,0,0.0,0,0.0
"C, gc off",336,0.04008709100003216,0.012976005999917106,0,0.0,0,0.0,0,0.0
"C, gc off",337,0.03963221100002556,0.013536264999970626,0,0.0,0,0.0,0,0.0
"C, gc off",338,0.04089266000005409,0.013633729999924071,0,0.0,0,0.0,0,0.0
"C, gc off",339,0.040891723999948226,0.013199514999996609,0,0.0,0,0.0,0,0.0
"C, gc off",340,0.04059926800005087,0.01340783700004522,0,0.0,0,0.0,0,0.0
"C, gc off",341,0.04242728299993814,0.013430388999950083,0,0.0,0,0.0,0,0.0
"C, gc off",342,0.039945170000009966,0.014044404999935978,0,0.0,0,0.0,0,0.0
"C, gc off",343,0.04224530800001958,0.01377698099997815,0,0.0,0,0.0,0,0.0
"C, gc off",344,0.04092384900002344,0.013530790000004345,0,0.0,0,0.0,0,0.0
"C, gc off",345,0.04087235099996178,0.01387268899998162,0,0.0,0,0.0,0,0.0
"C, gc off",346,0.041556204000016805,0.013432383000008485,0,0.0,0,0.0,0,0.0
"C, gc off",347,0.0438026549999222,0.013616103000003932,0,0.0,0,0.0,0,0.0
"C, gc off",348,0.04717288200004077,0.01330540200001451,0,0.0,0,0.0,0,0.0
"C, gc off",349,0.04211390900002243,0.013344515999961004,0,0.0,0,0.0,0,0.0
"C, gc off",350,0.042473280000081104,0.013207836999981737,0,0.0,0,0.0,0,0.0
"C, gc off",351,0.04449982900007399,0.013139157000068735,0,0.0,0,0.0,0,0.0
"C, gc off",352,0.04485077399999682,0.013070104000007632,0,0.0,0,0.0,0,0.0
"C, gc off",353,0.04687043900003118,0.014413770000032855,0,0.0,0,0.0,0,0.0
"C, gc off",354,0.04194235699992532,0.013585013000010804,0,0.0,0,0.0,0,0.0
"C, gc off",355,0.04302871499999128,0.013794526000083351,0,0.0,0,0.0,0,0.0
"C, gc off",356,0.042297009999970214,0.013850371999978961,0,0.0,0,0.0,0,0.0
"C, gc off",357,0.04227183399996193,0.014213439999934963,0,0.0,0,0.0,0,0.0
"C, gc off",358,0.04589999200004513,0.01395848599997862,0,0.0,0,0.0,0,0.0
"C, gc off",359,0.04242992799993317,0.014819705999912003,0,0.0,0,0.0,0,0.0
"C, gc off",360,0.048943341000040164,0.014251017000106003,0,0.0,0,0.0,0,0.0
"C, gc off",361,0.052137958999992406,0.016713321999986874,0,0.0,0,0.0,0,0.0
"C, gc off",362,0.04323876399996607,0.013157089999936034,0,0.0,0,0.0,0,0.0
"C, gc off",363,0.04404832099999112,0.013707114999988335,0,0.0,0,0.0,0,0.0
"C, gc off",364,0.04180171400003019,0.013718294999989666,0,0.0,0,0.0,0,0.0
"C, gc off",365,0.04198863200008418,0.013346649000027355,0,0.0,0,0.0,0,0.0
"C, gc off",366,0.04235820199994578,0.012911552999980813,0,0.0,0,0.0,0,0.0
"C, gc off",367,0.041724655000052735,0.013709809000033601,0,0.0,0,0.0,0,0.0
"C, gc off",368,0.04126058299993929,0.013033274999997957,0,0.0,0,0.0,0,0.0
"C, gc off",369,0.042120129999943856,0.013008128000024044,0,0.0,0,0.0,0,0.0
"C, gc off",370,0.041417171000034614,0.014917396999976518,0,0.0,0,0.0,0,0.0
"C, gc off",371,0.04140798799994627,0.01425084299989976,0,0.0,0,0.0,0,0.0
"C, gc off",372,0.04087046200004352,0.013555898000049638,0,0.0,0,0.0,0,0.0
"C, gc off",373,0.041926506999971025,0.014130518000001757,0,0.0,0,0.0,0,0.0
"C, gc off",374,0.0473879770000849,0.013569281999934901,0,0.0,0,0.0,0,0.0
"C, gc off",375,0.043406433999962246,0.013754798999912055,0,0.0,0,0.0,0,0.0
"C, gc off",376,0.039482186999975966,0.013286977000007028,0,0.0,0,0.0,0,0.0
"C, gc off",377,0.0412719380000226,0.013708678000057262,0,0.0,0,0.0,0,0.0
"C, gc off",378,0.04016638099994907,0.013543013000003157,0,0.0,0,0.0,0,0.0
"C, gc off",379,0.043232992000071135,0.0141103060000205,0,0.0,0,0.0,0,0.0
"C, gc off",380,0.045775821000006545,0.015290751000065939,0,0.0,0,0.0,0,0.0
"C, gc off",381,0.04365251400008674,0.014411312999982329,0,0.0,0,0.0,0,0.0
"C, gc off",382,0.045417380000003504,0.01470218399992973,0,0.0,0,0.0,0,0.0
"C, gc off",383,0.07085068799995042,0.015557369000021026,0,0.0,0,0.0,0,0.0
"C, gc off",384,0.046040101000016875,0.014516451999952551,0,0.0,0,0.0,0,0.0
"C, gc off",385,0.043420508000053815,0.013889712000036525,0,0.0,0,0.0,0,0.0
"C, gc off",386,0.04794944800005396,0.013791173000072376,0,0.0,0,0.0,0,0.0
"C, gc off",387,0.04559686599998258,0.013173837999943316,0,0.0,0,0.0,0,0.0
"C, gc off",388,0.04113777499992466,0.013742911999997887,0,0.0,0,0.0,0,0.0
"C, gc off",389,0.04219218599996566,0.013123997000093368,0,0.0,0,0.0,0,0.0
"C, gc off",390,0.04189894900002855,0.015108537000060096,0,0.0,0,0.0,0,0.0
"C, gc off",391,0.04032621399994696,0.012913206999996873,0,0.0,0,0.0,0,0.0
"C, gc off",392,0.044075683000073695,0.013226022000026205,0,0.0,0,0.0,0,0.0
"C, gc off",393,0.041192057999978715,0.013274251999973785,0,0.0,0,0.0,0,0.0
"C, gc off",394,0.040656902000023365,0.01303731300004074,0,0.0,0,0.0,0,0.0
"C, gc off",395,0.04097138899999209,0.013415906000091127,0,0.0,0,0.0,0,0.0
"C, gc off",396,0.04012088000001768,0.013362970999992285,0,0.0,0,0.0,0,0.0
"C, gc off",397,0.04273704199999884,0.013706933999969806,0,0.0,0,0.0,0,0.0
"C, gc off",398,0.04023778600003425,0.013740642000016123,0,0.0,0,0.0,0,0.0
"C, gc off",399,0.044998169999985294,0.01349441599995771,0,0.0,0,0.0,0,0.0
"C, gc off",400,0.04151651900008346,0.0135846959999526,0,0.0,0,0.0,0,0.0
"C, gc off",401,0.0423016900000448,0.01339939999991202,0,0.0,0,0.0,0,0.0
"C, gc off",402,0.04178710799999408,0.013240978999988329,0,0.0,0,0.0,0,0.0
"C, gc off",403,0.042207576000009794,0.013496073999931468,0,0.0,0,0.0,0,0.0
"C, gc off",404,0.04036332299995138,0.013158048000036615,0,0.0,0,0.0,0,0.0
"C, gc off",405,0.04316391600002589,0.013165742000069258,0,0.0,0,0.0,0,0.0
"C, gc off",406,0.039381611000067096,0.013262590999943313,0,0.0,0,0.0,0,0.0
"C, gc off",407,0.042090379999990546,0.01302832600003967,0,0.0,0,0.0,0,0.0
"C, gc off",408,0.041548263999970914,0.01354274200002692,0,0.0,0,0.0,0,0.0
"C, gc off",409,0.04328473999999005,0.013330860999985816,0,0.0,0,0.0,0,0.0
"C, gc off",410,0.04097524600001634,0.014031025000008412,0,0.0,0,0.0,0,0.0
"C, gc off",411,0.04139814799998476,0.013205331999984082,0,0.0,0,0.0,0,0.0
"C, gc off",412,0.04035233700005847,0.013257462000069609,0,0.0,0,0.0,0,0.0
"C, gc off",413,0.040633458000002065,0.013325621000035426,0,0.0,0,0.0,0,0.0
"C, gc off",414,0.04148842799997965,0.013660005000019737,0,0.0,0,0.0,0,0.0
"C, gc off",415,0.04146161000005577,0.013782683999920664,0,0.0,0,0.0,0,0.0
"C, gc off",416,0.04069212399997468,0.013414467000075092,0,0.0,0,0.0,0,0.0
"C, gc off",417,0.04082381000000623,0.013301564000016697,0,0.0,0,0.0,0,0.0
"C, gc off",418,0.04078352700003052,0.013352141000041229,0,0.0,0,0.0,0,0.0
"C, gc off",419,0.04306775399993512,0.013440773000070294,0,0.0,0,0.0,0,0.0
"C, gc off",420,0.04560690400001022,0.013268172000039158,0,0.0,0,0.0,0,0.0
"C, gc off",421,0.04135617000008551,0.013146940000069662,0,0.0,0,0.0,0,0.0
"C, gc off",422,0.04316708899989408,0.01358396000000539,0,0.0,0,0.0,0,0.0
"C, gc off",423,0.041203118999987964,0.013048112999967998,0,0.0,0,0.0,0,0.0
"C, gc off",424,0.039908786000069085,0.01327764899997419,0,0.0,0,0.0,0,0.0
"C, gc off",425,0.04370830499999556,0.013190323000003445,0,0.0,0,0.0,0,0.0
"C, gc off",426,0.04023283099991204,0.015324043999953574,0,0.0,0,0.0,0,0.0
"C, gc off",427,0.04167701799997303,0.013675254999952813,0,0.0,0,0.0,0,0.0
"C, gc off",428,0.042231129000015244,0.013780794000012975,0,0.0,0,0.0,0,0.0
"C, gc off",429,0.04258402699997532,0.013536591000047338,0,0.0,0,0.0,0,0.0
"C, gc off",430,0.04286785500005408,0.01360633299998426,0,0.0,0,0.0,0,0.0
"C, gc off",431,0.04176019700003053,0.013663441999938186,0,0.0,0,0.0,0,0.0
"C, gc off",432,0.04339002100005018,0.013572558000078061,0,0.0,0,0.0,0,0.0
"C, gc off",433,0.047589946000016425,0.014024921999975959,0,0.0,0,0.0,0,0.0
"C, gc off",434,0.04314148399998885,0.013413276999926893,0,0.0,0,0.0,0,0.0
"C, gc off",435,0.04199978199994803,0.013443785000049502,0,0.0,0,0.0,0,0.0
"C, gc off",436,0.0424139119999154,0.013366958999995404,0,0.0,0,0.0,0,0.0
"C, gc off",437,0.043379890999972304,0.013622543999986192,0,0.0,0,0.0,0,0.0
"C, gc off",438,0.04190246100006334,0.013529473000062353,0,0.0,0,0.0,0,0.0
"C, gc off",439,0.04250574700006382,0.01335757599997578,0,0.0,0,0.0,0,0.0
"C, gc off",440,0.03950112200004696,0.013451143999986925,0,0.0,0,0.0,0,0.0
"C, gc off",441,0.04136329799996474,0.012791775999971833,0,0.0,0,0.0,0,0.0
"C, gc off",442,0.04027222199999869,0.013538354000047548,0,0.0,0,0.0,0,0.0
"C, gc off",443,0.04400962600004732,0.01372263500002191,0,0.0,0,0.0,0,0.0
"C, gc off",444,0.0407340069999691,0.013019088999953965,0,0.0,0,0.0,0,0.0
"C, gc off",445,0.039153651999981776,0.015064256999949066,0,0.0,0,0.0,0,0.0
"C, gc off",446,0.041289161999998214,0.013923079000051075,0,0.0,0,0.0,0,0.0
"C, gc off",447,0.043724419000000125,0.013267008999946484,0,0.0,0,0.0,0,0.0
"C, gc off",448,0.04320436399996197,0.013390472999958547,0,0.0,0,0.0,0,0.0
"C, gc off",449,0.0412846780000109,0.013502792000053887,0,0.0,0,0.0,0,0.0
"C, gc off",450,0.042341235999970195,0.013146750000032625,0,0.0,0,0.0,0,0.0
"C, gc off",451,0.04083904799995253,0.013234387000011338,0,0.0,0,0.0,0,0.0
"C, gc off",452,0.040456029999973,0.013186206000000311,0,0.0,0,0.0,0,0.0
"C, gc off",453,0.04222764400003598,0.013418752000006862,0,0.0,0,0.0,0,0.0
"C, gc off",454,0.04243377000000237,0.013277582999990045,0,0.0,0,0.0,0,0.0
"C, gc off",455,0.0430967590000364,0.013542962999963493,0,0.0,0,0.0,0,0.0
"C, gc off",456,0.042791484999952445,0.013449745999992047,0,0.0,0,0.0,0,0.0
"C, gc off",457,0.04244622099997741,0.01327928199998496,0,0.0,0,0.0,0,0.0
"C, gc off",458,0.04051784699993277,0.013262230000009367,0,0.0,0,0.0,0,0.0
"C, gc off",459,0.040746532000071056,0.01364043799992487,0,0.0,0,0.0,0,0.0
"C, gc off",460,0.0438222710000673,0.013385002999939388,0,0.0,0,0.0,0,0.0
"C, gc off",461,0.039810333999980685,0.013304019000088374,0,0.0,0,0.0,0,0.0
"C, gc off",462,0.040825783000059346,0.012857762000066941,0,0.0,0,0.0,0,0.0
"C, gc off",463,0.040961515000049076,0.013392195999927026,0,0.0,0,0.0,0,0.0
"C, gc off",464,0.04174810400002116,0.01293297999995957,0,0.0,0,0.0,0,0.0
"C, gc off",465,0.04343385399999988,0.013456308000058925,0,0.0,0,0.0,0,0.0
"C, gc off",466,0.04142628199997489,0.01477260700005445,0,0.0,0,0.0,0,0.0
"C, gc off",467,0.04053286800001388,0.013092227000015555,0,0.0,0,0.0,0,0.0
"C, gc off",468,0.04063856700008728,0.01315132000001995,0,0.0,0,0.0,0,0.0
"C, gc off",469,0.042545096000026206,0.013192889000038122,0,0.0,0,0.0,0,0.0
"C, gc off",470,0.03985661000001528,0.013526717999980065,0,0.0,0,0.0,0,0.0
"C, gc off",471,0.04346180200002436,0.014713228999994499,0,0.0,0,0.0,0,0.0
"C, gc off",472,0.04214023399993039,0.01311235499997565,0,0.0,0,0.0,0,0.0
"C, gc off",473,0.04305863199999749,0.012945071999979518,0,0.0,0,0.0,0,0.0
"C, gc off",474,0.042389866000007714,0.01366553599996223,0,0.0,0,0.0,0,0.0
"C, gc off",475,0.043446447000064836,0.013749470999982805,0,0.0,0,0.0,0,0.0
"C, gc off",476,0.04209632899994631,0.013687548000007155,0,0.0,0,0.0,0,0.0
"C, gc off",477,0.04238985100005266,0.013348703999895406,0,0.0,0,0.0,0,0.0
"C, gc off",478,0.04075490800005355,0.013572954999972353,0,0.0,0,0.0,0,0.0
"C, gc off",479,0.042255672000010236,0.013765509999984715,0,0.0,0,0.0,0,0.0
"C, gc off",480,0.04010669199999484,0.013353703000007044,0,0.0,0,0.0,0,0.0
"C, gc off",481,0.03991986799996994,0.013369432999979836,0,0.0,0,0.0,0,0.0
"C, gc off",482,0.04158483900005194,0.013170725999998467,0,0.0,0,0.0,0,0.0
"C, gc off",483,0.04051731100003053,0.013260556999966866,0,0.0,0,0.0,0,0.0
"C, gc off",484,0.041003674999956274,0.01524875699999484,0,0.0,0,0.0,0,0.0
"C, gc off",485,0.043556391000038275,0.013403077000020858,0,0.0,0,0.0,0,0.0
"C, gc off",486,0.04127745000005234,0.013613757000030091,0,0.0,0,0.0,0,0.0
"C, gc off",487,0.041107837999902586,0.0137789809999731,0,0.0,0,0.0,0,0.0
"C, gc off",488,0.0420843420000665,0.013461336999966989,0,0.0,0,0.0,0,0.0
"C, gc off",489,0.043530689000021994,0.013697736000040095,0,0.0,0,0.0,0,0.0
"C, gc off",490,0.040452793999975256,0.013671748999968258,0,0.0,0,0.0,0,0.0
"C, gc off",491,0.04153109100002439,0.013198398999975325,0,0.0,0,0.0,0,0.0
"C, gc off",492,0.04254584800003158,0.013061017999916658,0,0.0,0,0.0,0,0.0
"C, gc off",493,0.04052879699997902,0.013205482999978813,0,0.0,0,0.0,0,0.0
"C, gc off",494,0.04438056699996196,0.014733768000041891,0,0.0,0,0.0,0,0.0
"C, gc off",495,0.042247982999924716,0.013712463000047137,0,0.0,0,0.0,0,0.0
"C, gc off",496,0.04123094100009439,0.013498127999923781,0,0.0,0,0.0,0,0.0
"C, gc off",497,0.04272527400007675,0.013430199000026732,0,0.0,0,0.0,0,0.0
"C, gc off",498,0.044624849999991056,0.013306334000048992,0,0.0,0,0.0,0,0.0
"C, gc off",499,0.04169117499998265,0.013345177000019248,0,0.0,0,0.0,0,0.0
"C, gc off",500,0.04085668100003659,0.013079612999945311,0,0.0,0,0.0,0,0.0
"C, gc off",501,0.04558886600000278,0.013074071999994885,0,0.0,0,0.0,0,0.0
"C, gc off",502,0.03983051200009413,0.01305768099996385,0,0.0,0,0.0,0,0.0
"C, gc off",503,0.041056561000004876,0.013909784000020409,0,0.0,0,0.0,0,0.0
"C, gc off",504,0.04239494699993429,0.013361549000023842,0,0.0,0,0.0,0,0.0
"C, gc off",505,0.0444482100000414,0.01536058299996057,0,0.0,0,0.0,0,0.0
"C, gc off",506,0.04123048099995685,0.013949314000001323,0,0.0,0,0.0,0,0.0
"C, gc off",507,0.04246774099999584,0.01385839100009889,0,0.0,0,0.0,0,0.0
"C, gc off",508,0.042647842000064884,0.01314770299995871,0,0.0,0,0.0,0,0.0
"C, gc off",509,0.04170627799999238,0.013668376000055105,0,0.0,0,0.0,0,0.0
"C, gc off",510,0.042656518000057986,0.01308788899996216,0,0.0,0,0.0,0,0.0
"C, gc off",511,0.04098878100001002,0.013470174999952178,0,0.0,0,0.0,0,0.0
"C, gc off",512,0.04120988199997555,0.013715345000036905,0,0.0,0,0.0,0,0.0
"C, gc off",513,0.043526319999955376,0.013366035999979431,0,0.0,0,0.0,0,0.0
"C, gc off",514,0.04053543199995602,0.013615951000019777,0,0.0,0,0.0,0,0.0
"C, gc off",515,0.04214013299997532,0.01310053399993194,0,0.0,0,0.0,0,0.0
"C, gc off",516,0.04101389900006325,0.014680523000038193,0,0.0,0,0.0,0,0.0
"C, gc off",517,0.0486199189999752,0.013083119000043553,0,0.0,0,0.0,0,0.0
"C, gc off",518,0.043172577999939676,0.01325813100004325,0,0.0,0,0.0,0,0.0
"C, gc off",519,0.03941513399990981,0.013088730000049509,0,0.0,0,0.0,0,0.0
"C, gc off",520,0.04069206300005135,0.013230775000010908,0,0.0,0,0.0,0,0.0
"C, gc off",521,0.040708139999992454,0.013617950000025303,0,0.0,0,0.0,0,0.0
"C, gc off",522,0.04192384600003152,0.013668712000026062,0,0.0,0,0.0,0,0.0
"C, gc off",523,0.042143168000052356,0.013204203999976016,0,0.0,0,0.0,0,0.0
"C, gc off",524,0.04401894000000084,0.013004410000007738,0,0.0,0,0.0,0,0.0
"C, gc off",525,0.03987999600008152,0.013304891000075258,0,0.0,0,0.0,0,0.0
"C, gc off",526,0.03979922300004546,0.01332930099999885,0,0.0,0,0.0,0,0.0
"C, gc off",527,0.04199560900008237,0.013160976999984086,0,0.0,0,0.0,0,0.0
"C, gc off",528,0.0432221410000011,0.013869342000020879,0,0.0,0,0.0,0,0.0
"C, gc off",529,0.04354818100000557,0.013872890000016014,0,0.0,0,0.0,0,0.0
"C, gc off",530,0.04410801400001674,0.01312315600000602,0,0.0,0,0.0,0,0.0
"C, gc off",531,0.04479125099999237,0.013132953999956953,0,0.0,0,0.0,0,0.0
"C, gc off",532,0.042338716000017484,0.013219097999922269,0,0.0,0,0.0,0,0.0
"C, gc off",533,0.04321288500000264,0.014046668999981193,0,0.0,0,0.0,0,0.0
"C, gc off",534,0.04181705399992097,0.013694159000010586,0,0.0,0,0.0,0,0.0
"C, gc off",535,0.04356500300002608,0.013192717000038101,0,0.0,0,0.0,0,0.0
"C, gc off",536,0.04250564299991311,0.013349686000083238,0,0.0,0,0.0,0,0.0
"C, gc off",537,0.04386378000003788,0.013138915999888923,0,0.0,0,0.0,0,0.0
"C, gc off",538,0.04039458299996568,0.01350551199993788,0,0.0,0,0.0,0,0.0
"C, gc off",539,0.04047393500002272,0.013889925999933439,0,0.0,0,0.0,0,0.0
"C, gc off",540,0.04136595800002851,0.013447572000018226,0,0.0,0,0.0,0,0.0
"C, gc off",541,0.04332846900001641,0.013878685000008772,0,0.0,0,0.0,0,0.0
"C, gc off",542,0.04283934000000045,0.013467584999943938,0,0.0,0,0.0,0,0.0
"C, gc off",543,0.040325687999938964,0.013483614000051602,0,0.0,0,0.0,0,0.0
"C, gc off",544,0.042773684999929174,0.013546465000104035,0,0.0,0,0.0,0,0.0
"C, gc off",545,0.04389488499998606,0.013167741000074784,0,0.0,0,0.0,0,0.0
"C, gc off",546,0.04076618800002052,0.01320515300005809,0,0.0,0,0.0,0,0.0
"C, gc off",547,0.041436119999957555,0.013465156000052048,0,0.0,0,0.0,0,0.0
"C, gc off",548,0.04436593399998401,0.013597415999925033,0,0.0,0,0.0,0,0.0
"C, gc off",549,0.04132159400001001,0.013114257999973233,0,0.0,0,0.0,0,0.0
"C, gc off",550,0.04144307499996103,0.013601086999983636,0,0.0,0,0.0,0,0.0
"C, gc off",551,0.04227403700008381,0.013530188999993698,0,0.0,0,0.0,0,0.0
"C, gc off",552,0.04429988400011098,0.01341416399998252,0,0.0,0,0.0,0,0.0
"C, gc off",553,0.045835814000042774,0.01409848699995564,0,0.0,0,0.0,0,0.0
"C, gc off",554,0.05065817900003822,0.014965315000040391,0,0.0,0,0.0,0,0.0
"C, gc off",555,0.04961468800001967,0.014231934999997975,0,0.0,0,0.0,0,0.0
"C, gc off",556,0.04372759800003223,0.013392796999937673,0,0.0,0,0.0,0,0.0
"C, gc off",557,0.044577875999948446,0.013637280000011742,0,0.0,0,0.0,0,0.0
"C, gc off",558,0.04445668599998953,0.017410828000038236,0,0.0,0,0.0,0,0.0
"C, gc off",559,0.04277610500002993,0.01367362000007688,0,0.0,0,0.0,0,0.0
"C, gc off",560,0.045124340000029406,0.013204113999904621,0,0.0,0,0.0,0,0.0
"C, gc off",561,0.04068385699997634,0.013216953999972247,0,0.0,0,0.0,0,0.0
"C, gc off",562,0.0397095729999819,0.013262054999927386,0,0.0,0,0.0,0,0.0
"C, gc off",563,0.041170265999994626,0.013096084999915547,0,0.0,0,0.0,0,0.0
"C, gc off",564,0.040229790000012144,0.013099812000064048,0,0.0,0,0.0,0,0.0
"C, gc off",565,0.04359311600001092,0.01363981600002262,0,0.0,0,0.0,0,0.0
"C, gc off",566,0.040754417000016474,0.013075845000003028,0,0.0,0,0.0,0,0.0
"C, gc off",567,0.04129538400002275,0.013212114999987534,0,0.0,0,0.0,0,0.0
"C, gc off",568,0.04290645899993706,0.015057717999980014,0,0.0,0,0.0,0,0.0
"C, gc off",569,0.04128574000003482,0.014294866000000184,0,0.0,0,0.0,0,0.0
"C, gc off",570,0.04301325000005818,0.013646685000026082,0,0.0,0,0.0,0,0.0
"C, gc off",571,0.04882259900000463,0.020629728000017167,0,0.0,0,0.0,0,0.0
"C, gc off",572,0.04853177300003608,0.01382878099991558,0,0.0,0,0.0,0,0.0
"C, gc off",573,0.0417438999999149,0.01434026700007962,0,0.0,0,0.0,0,0.0
"C, gc off",574,0.04102257800002462,0.013437662000001183,0,0.0,0,0.0,0,0.0
"C, gc off",575,0.039753174999987095,0.01341862799995397,0,0.0,0,0.0,0,0.0
"C, gc off",576,0.0410440660000404,0.013255587000003288,0,0.0,0,0.0,0,0.0
"C, gc off",577,0.04231342799994309,0.01396216299997377,0,0.0,0,0.0,0,0.0
"C, gc off",578,0.04308002799996302,0.013689799999951902,0,0.0,0,0.0,0,0.0
"C, gc off",579,0.039588583999943694,0.013107264999916879,0,0.0,0,0.0,0,0.0
"C, gc off",580,0.041494262000014714,0.01395644199999424,0,0.0,0,0.0,0,0.0
"C, gc off",581,0.04149383499998294,0.014370919999919352,0,0.0,0,0.0,0,0.0
"C, gc off",582,0.04344658799993795,0.01350877799995942,0,0.0,0,0.0,0,0.0
"C, gc off",583,0.04241372300009516,0.013011053000013817,0,0.0,0,0.0,0,0.0
"C, gc off",584,0.041087803999971584,0.013680292999993071,0,0.0,0,0.0,0,0.0
"C, gc off",585,0.04401177599993389,0.013366894000000684,0,0.0,0,0.0,0,0.0
"C, gc off",586,0.047966760000008435,0.01430317599999853,0,0.0,0,0.0,0,0.0
"C, gc off",587,0.04535525799997231,0.013214447999985168,0,0.0,0,0.0,0,0.0
"C, gc off",588,0.04138971399993352,0.013121030999968752,0,0.0,0,0.0,0,0.0
"C, gc off",589,0.042371761999902446,0.01308388699999341,0,0.0,0,0.0,0,0.0
"C, gc off",590,0.04192995899995822,0.015490330000034191,0,0.0,0,0.0,0,0.0
"C, gc off",591,0.07223939499999688,0.014145014999940031,0,0.0,0,0.0,0,0.0
"C, gc off",592,0.04458394699997825,0.013885233999985758,0,0.0,0,0.0,0,0.0
"C, gc off",593,0.04311032799989789,0.019952693000050203,0,0.0,0,0.0,0,0.0
"C, gc off",594,0.0424182550000296,0.015279781000003823,0,0.0,0,0.0,0,0.0
"C, gc off",595,0.04358585199997833,0.01388596399999642,0,0.0,0,0.0,0,0.0
"C, gc off",596,0.051164897000035126,0.015622250999967946,0,0.0,0,0.0,0,0.0
"C, gc off",597,0.055266143999915585,0.02134043199998814,0,0.0,0,0.0,0,0.0
"C, gc off",598,0.054900441000086175,0.014897048000079849,0,0.0,0,0.0,0,0.0
"C, gc off",599,0.04855432500005463,0.013918436000039947,0,0.0,0,0.0,0,0.0
"C, gc off",600,0.042904833000079634,0.01600388099996053,0,0.0,0,0.0,0,0.0
"C, gc off",601,0.046048016999975516,0.014691314000060629,0,0.0,0,0.0,0,0.0
"C, gc off",602,0.043898591000015585,0.01407511800005068,0,0.0,0,0.0,0,0.0
"C, gc off",603,0.04448218100003487,0.014511561000063011,0,0.0,0,0.0,0,0.0
"C, gc off",604,0.05041205300005913,0.013534396999943965,0,0.0,0,0.0,0,0.0
"C, gc off",605,0.044031257000028745,0.013602205999973194,0,0.0,0,0.0,0,0.0
"C, gc off",606,0.044167436999941856,0.013741196999944805,0,0.0,0,0.0,0,0.0
"C, gc off",607,0.04173483999989003,0.013408627999979217,0,0.0,0,0.0,0,0.0
"C, gc off",608,0.04496122899990951,0.014352119000022867,0,0.0,0,0.0,0,0.0
"C, gc off",609,0.04857548000006773,0.013420260000089002,0,0.0,0,0.0,0,0.0
"C, gc off",610,0.046997540000006666,0.015841002000001936,0,0.0,0,0.0,0,0.0
"C, gc off",611,0.04633881300003395,0.013498738999942361,0,0.0,0,0.0,0,0.0
"C, gc off",612,0.040578503000006094,0.012872440000023744,0,0.0,0,0.0,0,0.0
"C, gc off",613,0.04091007299996363,0.012986336000039955,0,0.0,0,0.0,0,0.0
"C, gc off",614,0.04397767800003294,0.013366758000074697,0,0.0,0,0.0,0,0.0
"C, gc off",615,0.043751922999945236,0.013284816999998839,0,0.0,0,0.0,0,0.0
"C, gc off",616,0.04245779500001845,0.013330258999985745,0,0.0,0,0.0,0,0.0
"C, gc off",617,0.043652244999975665,0.013168511000003491,0,0.0,0,0.0,0,0.0
"C, gc off",618,0.04053508000004058,0.013361467999970955,0,0.0,0,0.0,0,0.0
"C, gc off",619,0.047997292999980345,0.013167374999966341,0,0.0,0,0.0,0,0.0
"C, gc off",620,0.044158911000067746,0.013042130999906476,0,0.0,0,0.0,0,0.0
"C, gc off",621,0.040932766000082665,0.013111083000012513,0,0.0,0,0.0,0,0.0
"C, gc off",622,0.040357748000019456,0.013564394000013635,0,0.0,0,0.0,0,0.0
"C, gc off",623,0.03919802699999764,0.013138203000039539,0,0.0,0,0.0,0,0.0
"C, gc off",624,0.04528339499995582,0.013549677000014526,0,0.0,0,0.0,0,0.0
"C, gc off",625,0.046396647999927154,0.013170175000027484,0,0.0,0,0.0,0,0.0
"C, gc off",626,0.041373152999995,0.013154966000001878,0,0.0,0,0.0,0,0.0
"C, gc off",627,0.04560482499994123,0.013240458000041144,0,0.0,0,0.0,0,0.0
"C, gc off",628,0.04301306599995769,0.013250857000002725,0,0.0,0,0.0,0,0.0
"C, gc off",629,0.04152223399989907,0.013237243000048693,0,0.0,0,0.0,0,0.0
"C, gc off",630,0.0425264729999526,0.014344850000043152,0,0.0,0,0.0,0,0.0
"C, gc off",631,0.040013153000018065,0.014649480000002768,0,0.0,0,0.0,0,0.0
"C, gc off",632,0.04184492100000625,0.013912941000057799,0,0.0,0,0.0,0,0.0
"C, gc off",633,0.04278808200001549,0.013175304000014876,0,0.0,0,0.0,0,0.0
"C, gc off",634,0.04451744299990423,0.014095491000034599,0,0.0,0,0.0,0,0.0
"C, gc off",635,0.041279695000071115,0.013538799000002655,0,0.0,0,0.0,0,0.0
"C, gc off",636,0.04388645899996391,0.013903125999945587,0,0.0,0,0.0,0,0.0
"C, gc off",637,0.04173566999998002,0.01308541299999888,0,0.0,0,0.0,0,0.0
"C, gc off",638,0.043751352000072075,0.014349655000046369,0,0.0,0,0.0,0,0.0
"C, gc off",639,0.04206874700003027,0.01438238100001854,0,0.0,0,0.0,0,0.0
"C, gc off",640,0.042065044999958445,0.01358917000004567,0,0.0,0,0.0,0,0.0
"C, gc off",641,0.04486186999997699,0.0142701689999285,0,0.0,0,0.0,0,0.0
"C, gc off",642,0.04097994100004598,0.013127733000033004,0,0.0,0,0.0,0,0.0
"C, gc off",643,0.041267519999905744,0.01315334299999904,0,0.0,0,0.0,0,0.0
"C, gc off",644,0.04147683799999413,0.013214559999937592,0,0.0,0,0.0,0,0.0
"C, gc off",645,0.042259263000005376,0.013972464000062246,0,0.0,0,0.0,0,0.0
"C, gc off",646,0.042726374999915606,0.01404174599997532,0,0.0,0,0.0,0,0.0
"C, gc off",647,0.04151694500001213,0.014333202999978312,0,0.0,0,0.0,0,0.0
"C, gc off",648,0.04521641400003773,0.013870335000092382,0,0.0,0,0.0,0,0.0
"C, gc off",649,0.042098409999994146,0.013572307999993427,0,0.0,0,0.0,0,0.0
"C, gc off",650,0.043314506999990954,0.013511093000033725,0,0.0,0,0.0,0,0.0
"C, gc off",651,0.04276688799996009,0.013475182999968638,0,0.0,0,0.0,0,0.0
"C, gc off",652,0.045962485000018205,0.012920480000047974,0,0.0,0,0.0,0,0.0
"C, gc off",653,0.04190187100005005,0.013091075000033925,0,0.0,0,0.0,0,0.0
"C, gc off",654,0.04031540400001177,0.014348412000003918,0,0.0,0,0.0,0,0.0
"C, gc off",655,0.043936704999964604,0.013559282000073836,0,0.0,0,0.0,0,0.0
"C, gc off",656,0.042022813999892605,0.012951981000014712,0,0.0,0,0.0,0,0.0
"C, gc off",657,0.04490109999994729,0.014174351000065144,0,0.0,0,0.0,0,0.0
"C, gc off",658,0.03944378699998197,0.013357390000010128,0,0.0,0,0.0,0,0.0
"C, gc off",659,0.0407441080000126,0.012997096000049169,0,0.0,0,0.0,0,0.0
"C, gc off",660,0.04090940100002172,0.013336248999962663,0,0.0,0,0.0,0,0.0
"C, gc off",661,0.042735119000099075,0.012950084999943101,0,0.0,0,0.0,0,0.0
"C, gc off",662,0.04030433200000516,0.01301051199993708,0,0.0,0,0.0,0,0.0
"C, gc off",663,0.041884282999944844,0.015821108000068307,0,0.0,0,0.0,0,0.0
"C, gc off",664,0.04941220999990037,0.013418993000072987,0,0.0,0,0.0,0,0.0
"C, gc off",665,0.05490645600002608,0.013691312999981164,0,0.0,0,0.0,0,0.0
"C, gc off",666,0.04608975700000428,0.015090199000042048,0,0.0,0,0.0,0,0.0
"C, gc off",667,0.04915060000007543,0.020299449000049208,0,0.0,0,0.0,0,0.0
"C, gc off",668,0.0499301589999277,0.013314246999925672,0,0.0,0,0.0,0,0.0
"C, gc off",669,0.04487773999994715,0.014662883999903897,0,0.0,0,0.0,0,0.0
"C, gc off",670,0.04085657200005244,0.013233563999961007,0,0.0,0,0.0,0,0.0
"C, gc off",671,0.04253509300008318,0.013681135000069844,0,0.0,0,0.0,0,0.0
"C, gc off",672,0.04801021799994487,0.013795306999895729,0,0.0,0,0.0,0,0.0
"C, gc off",673,0.04197444900000846,0.012986436000005597,0,0.0,0,0.0,0,0.0
"C, gc off",674,0.04522852000002331,0.01347569699998985,0,0.0,0,0.0,0,0.0
"C, gc off",675,0.042049183000017365,0.013630454000008285,0,0.0,0,0.0,0,0.0
"C, gc off",676,0.04325966800001879,0.014730447000033564,0,0.0,0,0.0,0,0.0
"C, gc off",677,0.04326966399992216,0.013331499000059921,0,0.0,0,0.0,0,0.0
"C, gc off",678,0.04508964800004378,0.013818431000004239,0,0.0,0,0.0,0,0.0
"C, gc off",679,0.046235486999989917,0.013539465999997446,0,0.0,0,0.0,0,0.0
"C, gc off",680,0.046559849999994185,0.014523849999932281,0,0.0,0,0.0,0,0.0
"C, gc off",681,0.04658626299999469,0.01413270900002317,0,0.0,0,0.0,0,0.0
"C, gc off",682,0.04437969900004646,0.013325994999945578,0,0.0,0,0.0,0,0.0
"C, gc off",683,0.041415097000026435,0.013723274999961177,0,0.0,0,0.0,0,0.0
"C, gc off",684,0.04543852099993728,0.014382120999925974,0,0.0,0,0.0,0,0.0
"C, gc off",685,0.053460745999927894,0.016241621000062878,0,0.0,0,0.0,0,0.0
"C, gc off",686,0.04522970899995471,0.013158857999997053,0,0.0,0,0.0,0,0.0
"C, gc off",687,0.04152115799990952,0.01604127099994912,0,0.0,0,0.0,0,0.0
"C, gc off",688,0.04426876899992749,0.01374017700004515,0,0.0,0,0.0,0,0.0
"C, gc off",689,0.04240294300007008,0.014392846000077952,0,0.0,0,0.0,0,0.0
"C, gc off",690,0.04177190299992617,0.014156899999989037,0,0.0,0,0.0,0,0.0
"C, gc off",691,0.04327238199994099,0.014199510000025839,0,0.0,0,0.0,0,0.0
"C, gc off",692,0.041176383999982136,0.014656381000008878,0,0.0,0,0.0,0,0.0
"C, gc off",693,0.0441553580000118,0.014021085999956995,0,0.0,0,0.0,0,0.0
"C, gc off",694,0.041931170999987444,0.013771986999927321,0,0.0,0,0.0,0,0.0
"C, gc off",695,0.04295007999996869,0.013226994999968156,0,0.0,0,0.0,0,0.0
"C, gc off",696,0.0402397899999869,0.013097917999971287,0,0.0,0,0.0,0,0.0
"C, gc off",697,0.03950605700003962,0.014219497999988562,0,0.0,0,0.0,0,0.0
"C, gc off",698,0.045250691999967785,0.013969393000024866,0,0.0,0,0.0,0,0.0
"C, gc off",699,0.043901251000079355,0.016022456999962742,0,0.0,0,0.0,0,0.0
"C, gc off",700,0.04259715099999539,0.01346255500004645,0,0.0,0,0.0,0,0.0
"C, gc off",701,0.0426581060000899,0.013217444000019896,0,0.0,0,0.0,0,0.0
"C, gc off",702,0.04257124599996587,0.013132122999991225,0,0.0,0,0.0,0,0.0
"C, gc off",703,0.04152530999999726,0.01306483499990918,0,0.0,0,0.0,0,0.0
"C, gc off",704,0.04163556100002097,0.01298370100005286,0,0.0,0,0.0,0,0.0
"C, gc off",705,0.04265092699995421,0.013749565000011899,0,0.0,0,0.0,0,0.0
"C, gc off",706,0.04172483899992585,0.013022615000068072,0,0.0,0,0.0,0,0.0
"C, gc off",707,0.042345602999944276,0.013435578999974496,0,0.0,0,0.0,0,0.0
"C, gc off",708,0.044915030999959527,0.01288796899996214,0,0.0,0,0.0,0,0.0
"C, gc off",709,0.046823915999993915,0.013523525999971753,0,0.0,0,0.0,0,0.0
"C, gc off",710,0.0415816879999511,0.013318260000005466,0,0.0,0,0.0,0,0.0
"C, gc off",711,0.043125480999947285,0.01303925500008063,0,0.0,0,0.0,0,0.0
"C, gc off",712,0.041409681999994064,0.013111133999927915,0,0.0,0,0.0,0,0.0
"C, gc off",713,0.04168299899993144,0.013008709000018825,0,0.0,0,0.0,0,0.0
"C, gc off",714,0.041723008000076334,0.01349301799996283,0,0.0,0,0.0,0,0.0
"C, gc off",715,0.04378761599991776,0.013882522000017161,0,0.0,0,0.0,0,0.0
"C, gc off",716,0.05790434899995489,0.019004362000032415,0,0.0,0,0.0,0,0.0
"C, gc off",717,0.04859359600004609,0.013603817999978673,0,0.0,0,0.0,0,0.0
"C, gc off",718,0.04231161300003805,0.01482475800003158,0,0.0,0,0.0,0,0.0
"C, gc off",719,0.04584262599996691,0.013544265000064115,0,0.0,0,0.0,0,0.0
"C, gc off",720,0.041168632999983856,0.013028426000005311,0,0.0,0,0.0,0,0.0
"C, gc off",721,0.044302073000039854,0.013911920000055034,0,0.0,0,0.0,0,0.0
"C, gc off",722,0.04066633400009323,0.013268301000039173,0,0.0,0,0.0,0,0.0
"C, gc off",723,0.04357874000004358,0.013367098999992777,0,0.0,0,0.0,0,0.0
"C, gc off",724,0.04356939700005569,0.013718035000010786,0,0.0,0,0.0,0,0.0
"C, gc off",725,0.040900417999978345,0.013058001999979751,0,0.0,0,0.0,0,0.0
"C, gc off",726,0.04162603800000397,0.01302081200003613,0,0.0,0,0.0,0,0.0
"C, gc off",727,0.041621396999971694,0.014288278999970316,0,0.0,0,0.0,0,0.0
"C, gc off",728,0.04294356799994148,0.014194365000093967,0,0.0,0,0.0,0,0.0
"C, gc off",729,0.04215412499991089,0.01402415600000495,0,0.0,0,0.0,0,0.0
"C, gc off",730,0.042783740999993825,0.013535679000028722,0,0.0,0,0.0,0,0.0
"C, gc off",731,0.04609612300009758,0.013595917999964513,0,0.0,0,0.0,0,0.0
"C, gc off",732,0.04490090000001601,0.013534577999962494,0,0.0,0,0.0,0,0.0
"C, gc off",733,0.04052421999995204,0.013690241999938735,0,0.0,0,0.0,0,0.0
"C, gc off",734,0.04159833999995044,0.013258160999953361,0,0.0,0,0.0,0,0.0
"C, gc off",735,0.04072761299994454,0.013393302999929801,0,0.0,0,0.0,0,0.0
"C, gc off",736,0.04100639599994338,0.013622693999991498,0,0.0,0,0.0,0,0.0
"C, gc off",737,0.043323664000013196,0.013775074000022869,0,0.0,0,0.0,0,0.0
"C, gc off",738,0.04506237099997179,0.0142315300000746,0,0.0,0,0.0,0,0.0
"C, gc off",739,0.04432969099991624,0.014964000999952987,0,0.0,0,0.0,0,0.0
"C, gc off",740,0.04249006300005931,0.013467940000055023,0,0.0,0,0.0,0,0.0
"C, gc off",741,0.04063135199999124,0.013641110000094159,0,0.0,0,0.0,0,0.0
"C, gc off",742,0.043131728999924235,0.013194892000001346,0,0.0,0,0.0,0,0.0
"C, gc off",743,0.041503751000050215,0.013662885000030656,0,0.0,0,0.0,0,0.0
"C, gc off",744,0.042916006999917045,0.014623368000002301,0,0.0,0,0.0,0,0.0
"C, gc off",745,0.043188803000020926,0.013014620000035393,0,0.0,0,0.0,0,0.0
"C, gc off",746,0.041087210000000596,0.01361425799996141,0,0.0,0,0.0,0,0.0
"C, gc off",747,0.04212809900002412,0.012878681999950459,0,0.0,0,0.0,0,0.0
"C, gc off",748,0.040244935000032456,0.013274543000079575,0,0.0,0,0.0,0,0.0
"C, gc off",749,0.042164370000023155,0.013849037999989378,0,0.0,0,0.0,0,0.0
"C, gc off",750,0.040835221999941496,0.013554422000083832,0,0.0,0,0.0,0,0.0
"C, gc off",751,0.04032404999998107,0.013248344999965411,0,0.0,0,0.0,0,0.0
"C, gc off",752,0.05432985200002349,0.018256382000004123,0,0.0,0,0.0,0,0.0
"C, gc off",753,0.05413923500009332,0.02005593299998054,0,0.0,0,0.0,0,0.0
"C, gc off",754,0.06385388300009254,0.018497900999932426,0,0.0,0,0.0,0,0.0
"C, gc off",755,0.05381313100008356,0.01327976800007491,0,0.0,0,0.0,0,0.0
"C, gc off",756,0.04244704500001717,0.013134827999920162,0,0.0,0,0.0,0,0.0
"C, gc off",757,0.039662113000076715,0.015053360999900178,0,0.0,0,0.0,0,0.0
"C, gc off",758,0.04135993700003837,0.013179732000025979,0,0.0,0,0.0,0,0.0
"C, gc off",759,0.04158983399997851,0.012947141000040574,0,0.0,0,0.0,0,0.0
"C, gc off",760,0.042863139999894884,0.013212404999990213,0,0.0,0,0.0,0,0.0
"C, gc off",761,0.043741880000084166,0.013837993000038296,0,0.0,0,0.0,0,0.0
"C, gc off",762,0.04253772699996716,0.013483032999943134,0,0.0,0,0.0,0,0.0
"C, gc off",763,0.04082472599998255,0.013119539000058467,0,0.0,0,0.0,0,0.0
"C, gc off",764,0.04176036199999089,0.013230891000034717,0,0.0,0,0.0,0,0.0
"C, gc off",765,0.04052268600003117,0.012906281000027775,0,0.0,0,0.0,0,0.0
"C, gc off",766,0.03977863900001921,0.01505283500000587,0,0.0,0,0.0,0,0.0
"C, gc off",767,0.04283854999994219,0.01300154900002326,0,0.0,0,0.0,0,0.0
"C, gc off",768,0.041023833000053855,0.013322964999929354,0,0.0,0,0.0,0,0.0
"C, gc off",769,0.04177633799997693,0.012700994000056198,0,0.0,0,0.0,0,0.0
"C, gc off",770,0.04027942499999426,0.0137471010000354,0,0.0,0,0.0,0,0.0
"C, gc off",771,0.04054518899999948,0.012853775000053247,0,0.0,0,0.0,0,0.0
"C, gc off",772,0.040364487999909215,0.013351156999988234,0,0.0,0,0.0,0,0.0
"C, gc off",773,0.04008731099997931,0.013343312999950285,0,0.0,0,0.0,0,0.0
"C, gc off",774,0.046267465000028096,0.014511771999991652,0,0.0,0,0.0,0,0.0
"C, gc off",775,0.042665446000000884,0.01298089500005517,0,0.0,0,0.0,0,0.0
"C, gc off",776,0.04367645000002085,0.013255395999976827,0,0.0,0,0.0,0,0.0
"C, gc off",777,0.04316761300003691,0.013209270000061224,0,0.0,0,0.0,0,0.0
"C, gc off",778,0.043704718999947545,0.016015603000028023,0,0.0,0,0.0,0,0.0
"C, gc off",779,0.0428461230000039,0.013340478000031908,0,0.0,0,0.0,0,0.0
"C, gc off",780,0.043204519000028085,0.013141690999987077,0,0.0,0,0.0,0,0.0
"C, gc off",781,0.03986225400001331,0.014209628999992674,0,0.0,0,0.0,0,0.0
"C, gc off",782,0.04269340899998042,0.013654024000061327,0,0.0,0,0.0,0,0.0
"C, gc off",783,0.04335208899999543,0.013617215000067517,0,0.0,0,0.0,0,0.0
"C, gc off",784,0.04223086899992268,0.013602551999952084,0,0.0,0,0.0,0,0.0
"C, gc off",785,0.04236991899995246,0.013131271000020206,0,0.0,0,0.0,0,0.0
"C, gc off",786,0.045882382999934634,0.014802772999928493,0,0.0,0,0.0,0,0.0
"C, gc off",787,0.044300150000026406,0.01334916999996949,0,0.0,0,0.0,0,0.0
"C, gc off",788,0.04798339799992846,0.013422845000036432,0,0.0,0,0.0,0,0.0
"C, gc off",789,0.04467581300002621,0.015876653000077567,0,0.0,0,0.0,0,0.0
"C, gc off",790,0.04448330800005351,0.013443153000025632,0,0.0,0,0.0,0,0.0
"C, gc off",791,0.04462271099998816,0.013452984000082324,0,0.0,0,0.0,0,0.0
"C, gc off",792,0.04187166700000944,0.013263371999983065,0,0.0,0,0.0,0,0.0
"C, gc off",793,0.039867771999979595,0.013250629000026493,0,0.0,0,0.0,0,0.0
"C, gc off",794,0.04164445800006433,0.013458492999916416,0,0.0,0,0.0,0,0.0
"C, gc off",795,0.043880300999944666,0.013465427000028285,0,0.0,0,0.0,0,0.0
"C, gc off",796,0.038870040000006156,0.014464170999985981,0,0.0,0,0.0,0,0.0
"C, gc off",797,0.044400625000093896,0.01339655499998571,0,0.0,0,0.0,0,0.0
"C, gc off",798,0.04205350800009455,0.013112376000094628,0,0.0,0,0.0,0,0.0
"C, gc off",799,0.04036446600002819,0.017126346000054582,0,0.0,0,0.0,0,0.0
"C, gc off",800,0.04302397599997221,0.013589772000045741,0,0.0,0,0.0,0,0.0
"C, gc off",801,0.04149212899994836,0.013020049000033396,0,0.0,0,0.0,0,0.0
"C, gc off",802,0.04537896699991961,0.01375308199999381,0,0.0,0,0.0,0,0.0
"C, gc off",803,0.041465586999947845,0.013196970999956648,0,0.0,0,0.0,0,0.0
"C, gc off",804,0.042262093999966055,0.013090244000068196,0,0.0,0,0.0,0,0.0
"C, gc off",805,0.041275917999996636,0.01322589100004734,0,0.0,0,0.0,0,0.0
"C, gc off",806,0.0418263820000675,0.013425273999928322,0,0.0,0,0.0,0,0.0
"C, gc off",807,0.042548097000008056,0.014419838999970125,0,0.0,0,0.0,0,0.0
"C, gc off",808,0.04538370499994926,0.013839375999964432,0,0.0,0,0.0,0,0.0
"C, gc off",809,0.04353139599993483,0.013474753000082274,0,0.0,0,0.0,0,0.0
"C, gc off",810,0.04302093499995863,0.01375742100003663,0,0.0,0,0.0,0,0.0
"C, gc off",811,0.04342326900007265,0.013742095999987214,0,0.0,0,0.0,0,0.0
"C, gc off",812,0.03894045200001983,0.013551810999956615,0,0.0,0,0.0,0,0.0
"C, gc off",813,0.043082658000002994,0.013111091999917335,0,0.0,0,0.0,0,0.0
"C, gc off",814,0.040754127000013796,0.013418427000033262,0,0.0,0,0.0,0,0.0
"C, gc off",815,0.04056013800004621,0.01382915600004253,0,0.0,0,0.0,0,0.0
"C, gc off",816,0.04243908499995541,0.013566886999910821,0,0.0,0,0.0,0,0.0
"C, gc off",817,0.042429738999999245,0.013862870000025396,0,0.0,0,0.0,0,0.0
"C, gc off",818,0.04316153799993572,0.01365915499991388,0,0.0,0,0.0,0,0.0
"C, gc off",819,0.04397902300001988,0.013340093000010711,0,0.0,0,0.0,0,0.0
"C, gc off",820,0.045297167000057925,0.013549931000056858,0,0.0,0,0.0,0,0.0
"C, gc off",821,0.04428220500005864,0.013574070999993637,0,0.0,0,0.0,0,0.0
"C, gc off",822,0.04706411200004368,0.015131452999980866,0,0.0,0,0.0,0,0.0
"C, gc off",823,0.04578816499997629,0.014586683000061385,0,0.0,0,0.0,0,0.0
"C, gc off",824,0.04152834800004257,0.013262760999964485,0,0.0,0,0.0,0,0.0
"C, gc off",825,0.04945268100004796,0.01438372999996318,0,0.0,0,0.0,0,0.0
"C, gc off",826,0.05134743799999342,0.014130117999911818,0,0.0,0,0.0,0,0.0
"C, gc off",827,0.04689778199997363,0.012957031000041752,0,0.0,0,0.0,0,0.0
"C, gc off",828,0.04534623400002147,0.013066027000036229,0,0.0,0,0.0,0,0.0
"C, gc off",829,0.045090348000030644,0.013229699000021355,0,0.0,0,0.0,0,0.0
"C, gc off",830,0.040752954000026875,0.013390642999979718,0,0.0,0,0.0,0,0.0
"C, gc off",831,0.04303151199997046,0.013896793999947477,0,0.0,0,0.0,0,0.0
"C, gc off",832,0.04216776599992045,0.013086836000070434,0,0.0,0,0.0,0,0.0
"C, gc off",833,0.042706247999944935,0.013486155999999028,0,0.0,0,0.0,0,0.0
"C, gc off",834,0.04358034300003055,0.013248118999968028,0,0.0,0,0.0,0,0.0
"C, gc off",835,0.04107441999997263,0.013353802999972686,0,0.0,0,0.0,0,0.0
"C, gc off",836,0.04086381500007974,0.013386506000074405,0,0.0,0,0.0,0,0.0
"C, gc off",837,0.042270526000038444,0.015866419999952086,0,0.0,0,0.0,0,0.0
"C, gc off",838,0.046235253999952874,0.014222162999999455,0,0.0,0,0.0,0,0.0
"C, gc off",839,0.04406011799994758,0.013891185999909794,0,0.0,0,0.0,0,0.0
"C, gc off",840,0.04652119100001073,0.013254674999984672,0,0.0,0,0.0,0,0.0
"C, gc off",841,0.03973325399999794,0.014248984000005294,0,0.0,0,0.0,0,0.0
"C, gc off",842,0.04239089499992588,0.013045889999943938,0,0.0,0,0.0,0,0.0
"C, gc off",843,0.03986315500003457,0.01387268899998162,0,0.0,0,0.0,0,0.0
"C, gc off",844,0.04448774599995886,0.013655025000048227,0,0.0,0,0.0,0,0.0
"C, gc off",845,0.042572600000085004,0.013604679999957625,0,0.0,0,0.0,0,0.0
"C, gc off",846,0.04032354800006033,0.012966860000005909,0,0.0,0,0.0,0,0.0
"C, gc off",847,0.04307708700002877,0.013134948000015356,0,0.0,0,0.0,0,0.0
"C, gc off",848,0.04186780200006979,0.013287537999985943,0,0.0,0,0.0,0,0.0
"C, gc off",849,0.04072838900003717,0.012944546999960949,0,0.0,0,0.0,0,0.0
"C, gc off",850,0.03970829100001083,0.01327908199993999,0,0.0,0,0.0,0,0.0
"C, gc off",851,0.04076168099993538,0.013276818000008461,0,0.0,0,0.0,0,0.0
"C, gc off",852,0.04142954999997528,0.015117512000074385,0,0.0,0,0.0,0,0.0
"C, gc off",853,0.042848524000078214,0.01350933999992776,0,0.0,0,0.0,0,0.0
"C, gc off",854,0.042514830000072834,0.014392936000035661,0,0.0,0,0.0,0,0.0
"C, gc off",855,0.05855563499994787,0.013517084000000068,0,0.0,0,0.0,0,0.0
"C, gc off",856,0.04246080800010077,0.013306072999967,0,0.0,0,0.0,0,0.0
"C, gc off",857,0.046659615999942616,0.013534486999901674,0,0.0,0,0.0,0,0.0
"C, gc off",858,0.04473143500001697,0.013570254999990539,0,0.0,0,0.0,0,0.0
"C, gc off",859,0.04184204700004557,0.01405807100002221,0,0.0,0,0.0,0,0.0
"C, gc off",860,0.04025391200002559,0.013546114000064335,0,0.0,0,0.0,0,0.0
"C, gc off",861,0.04300891900004444,0.013318136999941999,0,0.0,0,0.0,0,0.0
"C, gc off",862,0.04154949199994462,0.013635964999934913,0,0.0,0,0.0,0,0.0
"C, gc off",863,0.042968355999960295,0.012983861999941837,0,0.0,0,0.0,0,0.0
"C, gc off",864,0.04025529000000461,0.013403207000010298,0,0.0,0,0.0,0,0.0
"C, gc off",865,0.04384203099994011,0.014796921999959523,0,0.0,0,0.0,0,0.0
"C, gc off",866,0.03927208500010693,0.013488588999962303,0,0.0,0,0.0,0,0.0
"C, gc off",867,0.0418599559999393,0.013103828999987854,0,0.0,0,0.0,0,0.0
"C, gc off",868,0.04176375400004417,0.013116813999999977,0,0.0,0,0.0,0,0.0
"C, gc off",869,0.04032454200000757,0.013506453999980295,0,0.0,0,0.0,0,0.0
"C, gc off",870,0.04160397999999077,0.012917806000018572,0,0.0,0,0.0,0,0.0
"C, gc off",871,0.042161400999930265,0.013141208999968512,0,0.0,0,0.0,0,0.0
"C, gc off",872,0.04104699399999845,0.01304828400009228,0,0.0,0,0.0,0,0.0
"C, gc off",873,0.04040610699996705,0.013269392999973206,0,0.0,0,0.0,0,0.0
"C, gc off",874,0.041695825999909175,0.013077038000005814,0,0.0,0,0.0,0,0.0
"C, gc off",875,0.04225289199996496,0.013007876999949985,0,0.0,0,0.0,0,0.0
"C, gc off",876,0.04137573800005612,0.013329195999972399,0,0.0,0,0.0,0,0.0
"C, gc off",877,0.04037818399990556,0.013536048999981176,0,0.0,0,0.0,0,0.0
"C, gc off",878,0.04199934700000085,0.013157216000081462,0,0.0,0,0.0,0,0.0
"C, gc off",879,0.04583541400006652,0.013336010999978498,0,0.0,0,0.0,0,0.0
"C, gc off",880,0.04088330199999746,0.013212425999995503,0,0.0,0,0.0,0,0.0
"C, gc off",881,0.04626521099999081,0.014311230999965119,0,0.0,0,0.0,0,0.0
"C, gc off",882,0.04602326199994877,0.013768078999987665,0,0.0,0,0.0,0,0.0
"C, gc off",883,0.044065625000030195,0.01533115799998086,0,0.0,0,0.0,0,0.0
"C, gc off",884,0.04319397899996602,0.013473652000016045,0,0.0,0,0.0,0,0.0
"C, gc off",885,0.04164621199993235,0.013371166000069934,0,0.0,0,0.0,0,0.0
"C, gc off",886,0.042721380999978464,0.01312295599996105,0,0.0,0,0.0,0,0.0
"C, gc off",887,0.042448324000019966,0.012735299999917515,0,0.0,0,0.0,0,0.0
"C, gc off",888,0.04354823199992097,0.013042464000022846,0,0.0,0,0.0,0,0.0
"C, gc off",889,0.043328544000019065,0.01376626799992664,0,0.0,0,0.0,0,0.0
"C, gc off",890,0.04916875399999299,0.012982457000020986,0,0.0,0,0.0,0,0.0
"C, gc off",891,0.04423869400000058,0.013493789999984074,0,0.0,0,0.0,0,0.0
"C, gc off",892,0.03934951100006856,0.013011104000042906,0,0.0,0,0.0,0,0.0
"C, gc off",893,0.04588265200004571,0.012870797000005041,0,0.0,0,0.0,0,0.0
"C, gc off",894,0.03980986000010489,0.014640024999948764,0,0.0,0,0.0,0,0.0
"C, gc off",895,0.04202812200003336,0.013484231999996155,0,0.0,0,0.0,0,0.0
"C, gc off",896,0.04086354499997924,0.013698899000019082,0,0.0,0,0.0,0,0.0
"C, gc off",897,0.04312443699996038,0.013350508000030459,0,0.0,0,0.0,0,0.0
"C, gc off",898,0.042348144000015964,0.013494860999912817,0,0.0,0,0.0,0,0.0
"C, gc off",899,0.04364738100002796,0.013920810000058736,0,0.0,0,0.0,0,0.0
"C, gc off",900,0.04624658000000181,0.013229829000010795,0,0.0,0,0.0,0,0.0
"C, gc off",901,0.04093140800000583,0.013137202999928377,0,0.0,0,0.0,0,0.0
"C, gc off",902,0.04334127999993598,0.013989612000045781,0,0.0,0,0.0,0,0.0
"C, gc off",903,0.04462723999995433,0.01330535800002508,0,0.0,0,0.0,0,0.0
"C, gc off",904,0.042134592000024895,0.012952601999927538,0,0.0,0,0.0,0,0.0
"C, gc off",905,0.04511388499997793,0.012900212999966243,0,0.0,0,0.0,0,0.0
"C, gc off",906,0.04158064200009903,0.013545751999913591,0,0.0,0,0.0,0,0.0
"C, gc off",907,0.04078184999991663,0.013288579999993999,0,0.0,0,0.0,0,0.0
"C, gc off",908,0.04004976900000656,0.013323435999950561,0,0.0,0,0.0,0,0.0
"C, gc off",909,0.03871146900007716,0.013033717000098477,0,0.0,0,0.0,0,0.0
"C, gc off",910,0.04047167999999601,0.013049034999994547,0,0.0,0,0.0,0,0.0
"C, gc off",911,0.04123788699996567,0.013369973999942886,0,0.0,0,0.0,0,0.0
"C, gc off",912,0.041352318999997806,0.013437452000061967,0,0.0,0,0.0,0,0.0
"C, gc off",913,0.041441055999939636,0.013320417000045381,0,0.0,0,0.0,0,0.0
"C, gc off",914,0.043091469000046345,0.015458906000048955,0,0.0,0,0.0,0,0.0
"C, gc off",915,0.041364021000049433,0.014043582999988757,0,0.0,0,0.0,0,0.0
"C, gc off",916,0.0436567090000608,0.013629407000053106,0,0.0,0,0.0,0,0.0
"C, gc off",917,0.04501869900002475,0.013703051999982563,0,0.0,0,0.0,0,0.0
"C, gc off",918,0.041242663999923934,0.014058662000024924,0,0.0,0,0.0,0,0.0
"C, gc off",919,0.04460986699996283,0.013280686000030073,0,0.0,0,0.0,0,0.0
"C, gc off",920,0.04536428100004741,0.01337792900005752,0,0.0,0,0.0,0,0.0
"C, gc off",921,0.04276409299995976,0.013606835000018691,0,0.0,0,0.0,0,0.0
"C, gc off",922,0.04209069000000909,0.013750372000004063,0,0.0,0,0.0,0,0.0
"C, gc off",923,0.04151910400003089,0.013725123999961397,0,0.0,0,0.0,0,0.0
"C, gc off",924,0.04233027899999797,0.013310472999933154,0,0.0,0,0.0,0,0.0
"C, gc off",925,0.04172869800004264,0.012977599999999256,0,0.0,0,0.0,0,0.0
"C, gc off",926,0.04285273100003906,0.013311944000065523,0,0.0,0,0.0,0,0.0
"C, gc off",927,0.043349245000058545,0.013775804999909269,0,0.0,0,0.0,0,0.0
"C, gc off",928,0.04041212699996777,0.01340999000001375,0,0.0,0,0.0,0,0.0
"C, gc off",929,0.04430807599999298,0.013101776000098653,0,0.0,0,0.0,0,0.0
"C, gc off",930,0.04476748100000805,0.014376430999959666,0,0.0,0,0.0,0,0.0
"C, gc off",931,0.04202690400006759,0.013655897000035111,0,0.0,0,0.0,0,0.0
"C, gc off",932,0.043971009999950184,0.013323410999987573,0,0.0,0,0.0,0,0.0
"C, gc off",933,0.04122954899992237,0.013671849000047587,0,0.0,0,0.0,0,0.0
"C, gc off",934,0.041571994000037193,0.013156299999991461,0,0.0,0,0.0,0,0.0
"C, gc off",935,0.040740756999980476,0.013550646999988203,0,0.0,0,0.0,0,0.0
"C, gc off",936,0.04449636200001805,0.013899530000003324,0,0.0,0,0.0,0,0.0
"C, gc off",937,0.04808684900001481,0.01469342300003973,0,0.0,0,0.0,0,0.0
"C, gc off",938,0.05082199700007095,0.013201470000012705,0,0.0,0,0.0,0,0.0
"C, gc off",939,0.04498588700005257,0.013767357999995511,0,0.0,0,0.0,0,0.0
"C, gc off",940,0.04404552599999079,0.012976246999983232,0,0.0,0,0.0,0,0.0
"C, gc off",941,0.04316267199999402,0.01340186499999163,0,0.0,0,0.0,0,0.0
"C, gc off",942,0.041255789000047116,0.012872229999970841,0,0.0,0,0.0,0,0.0
"C, gc off",943,0.04138517499995942,0.013412765999987641,0,0.0,0,0.0,0,0.0
"C, gc off",944,0.04254314299998896,0.019658675000073345,0,0.0,0,0.0,0,0.0
"C, gc off",945,0.04895829400004459,0.013373735999948622,0,0.0,0,0.0,0,0.0
"C, gc off",946,0.04259622999995827,0.013347290999945471,0,0.0,0,0.0,0,0.0
"C, gc off",947,0.0450778670000318,0.013223015000107807,0,0.0,0,0.0,0,0.0
"C, gc off",948,0.03976943600002869,0.014073355999926207,0,0.0,0,0.0,0,0.0
"C, gc off",949,0.05256422999991628,0.021701442999983556,0,0.0,0,0.0,0,0.0
"C, gc off",950,0.045160157000054824,0.01348963200007347,0,0.0,0,0.0,0,0.0
"C, gc off",951,0.04140225899993766,0.012945869000077437,0,0.0,0,0.0,0,0.0
"C, gc off",952,0.04376548499999444,0.014617132000012134,0,0.0,0,0.0,0,0.0
"C, gc off",953,0.04363902400007191,0.013784406000013405,0,0.0,0,0.0,0,0.0
"C, gc off",954,0.04543525500002943,0.013612815999977101,0,0.0,0,0.0,0,0.0
"C, gc off",955,0.042770980000000236,0.013760056000023724,0,0.0,0,0.0,0,0.0
"C, gc off",956,0.04839435299993511,0.013545337999971707,0,0.0,0,0.0,0,0.0
"C, gc off",957,0.0457841869999811,0.014901157999929637,0,0.0,0,0.0,0,0.0
"C, gc off",958,0.04454766499998186,0.014350976999935483,0,0.0,0,0.0,0,0.0
"C, gc off",959,0.04158930300002339,0.01343078999991576,0,0.0,0,0.0,0,0.0
"C, gc off",960,0.043466606000038155,0.013394580999943173,0,0.0,0,0.0,0,0.0
"C, gc off",961,0.041167020999978376,0.013353864999999132,0,0.0,0,0.0,0,0.0
"C, gc off",962,0.04181736700002148,0.013649002999954973,0,0.0,0,0.0,0,0.0
"C, gc off",963,0.042223116000059235,0.012737754999989193,0,0.0,0,0.0,0,0.0
"C, gc off",964,0.042247861999953784,0.013462172000004102,0,0.0,0,0.0,0,0.0
"C, gc off",965,0.04067210200003046,0.014021099999922626,0,0.0,0,0.0,0,0.0
"C, gc off",966,0.04262285499999052,0.013035790000003544,0,0.0,0,0.0,0,0.0
"C, gc off",967,0.04442286300002252,0.01337772900001255,0,0.0,0,0.0,0,0.0
"C, gc off",968,0.04675269599999865,0.013751738999985719,0,0.0,0,0.0,0,0.0
"C, gc off",969,0.040082099999949605,0.013828085000000101,0,0.0,0,0.0,0,0.0
"C, gc off",970,0.04274472700001297,0.013682011000014427,0,0.0,0,0.0,0,0.0
"C, gc off",971,0.04131190200007495,0.01355549700008396,0,0.0,0,0.0,0,0.0
"C, gc off",972,0.05448461700007101,0.013409509999974034,0,0.0,0,0.0,0,0.0
"C, gc off",973,0.045867619999967246,0.013519158999997671,0,0.0,0,0.0,0,0.0
"C, gc off",974,0.04402733800009173,0.014068311999949401,0,0.0,0,0.0,0,0.0
"C, gc off",975,0.046506929999964086,0.014370084999995925,0,0.0,0,0.0,0,0.0
"C, gc off",976,0.04169057599995085,0.014276926999968964,0,0.0,0,0.0,0,0.0
"C, gc off",977,0.040314103000014256,0.013277528999992683,0,0.0,0,0.0,0,0.0
"C, gc off",978,0.04400398899997526,0.01378827899998214,0,0.0,0,0.0,0,0.0
"C, gc off",979,0.042255898999997044,0.012882039000032819,0,0.0,0,0.0,0,0.0
"C, gc off",980,0.04320672599999398,0.013547581000011633,0,0.0,0,0.0,0,0.0
"C, gc off",981,0.04294011900003625,0.013068882999959897,0,0.0,0,0.0,0,0.0
"C, gc off",982,0.04489689299998645,0.013829727999905117,0,0.0,0,0.0,0,0.0
"C, gc off",983,0.0412454910000406,0.013678820999984964,0,0.0,0,0.0,0,0.0
"C, gc off",984,0.04146399600006134,0.014397641000073236,0,0.0,0,0.0,0,0.0
"C, gc off",985,0.049403444999938984,0.013584888999957911,0,0.0,0,0.0,0,0.0
"C, gc off",986,0.048681424999927,0.013746240000045873,0,0.0,0,0.0,0,0.0
"C, gc off",987,0.043895943000052284,0.013445158000081392,0,0.0,0,0.0,0,0.0
"C, gc off",988,0.04285834400002386,0.01368116599996938,0,0.0,0,0.0,0,0.0
"C, gc off",989,0.04050976399992123,0.014744254999982331,0,0.0,0,0.0,0,0.0
"C, gc off",990,0.04545263300008173,0.0140002519999598,0,0.0,0,0.0,0,0.0
"C, gc off",991,0.04400955900007375,0.013810582000019167,0,0.0,0,0.0,0,0.0
"C, gc off",992,0.04276239599994369,0.014099108999971577,0,0.0,0,0.0,0,0.0
"C, gc off",993,0.04135143300004529,0.01358115599998655,0,0.0,0,0.0,0,0.0
"C, gc off",994,0.048986818999992465,0.014000832999954582,0,0.0,0,0.0,0,0.0
"C, gc off",995,0.042727814999921065,0.013666727999975592,0,0.0,0,0.0,0,0.0
"C, gc off",996,0.046232928999984324,0.015624361000050158,0,0.0,0,0.0,0,0.0
"C, gc off",997,0.04416547999994691,0.0132241689999546,0,0.0,0,0.0,0,0.0
"C, gc off",998,0.04014537100010784,0.014011694999908286,0,0.0,0,0.0,0,0.0
"C, gc off",999,0.05535607299998446,0.016347598000038488,0,0.0,0,0.0,0,0.0
"C, gc off",1000,0.041332076000003326,0.013106633000006696,0,0.0,0,0.0,0,0.0
"F, gc on",1,0.03895804700005101,0.0,4,0.00025314000004073023,0,0.0,0,0.0
"F, gc on",2,0.04039623300002404,0.0,3,0.00025982300007854064,0,0.0,0,0.0
"F, gc on",3,0.03901468999993085,0.0,3,0.00023291100012556853,0,0.0,0,0.0
"F, gc on",4,0.04070482500003436,0.0,1,0.00011811399997441185,1,0.0005751420000024154,0,0.0
"F, gc on",5,0.04266956499998287,0.0,2,0.00032180199991671543,0,0.0,0,0.0
"F, gc on",6,0.04484390400000393,0.0,2,0.00024934300006407284,0,0.0,0,0.0
"F, gc on",7,0.04438753600004475,0.0,2,0.0002446130000635094,0,0.0,0,0.0
"F, gc on",8,0.04793854000001829,0.0,2,0.0003867640000407846,0,0.0,0,0.0
"F, gc on",9,0.05062727399990763,0.0,2,0.00037859000008211297,0,0.0,0,0.0
"F, gc on",10,0.04254795400004241,0.0,1,0.00017160599998078396,1,0.0010701720000270143,0,0.0
"F, gc on",11,0.0632656699999643,0.0,2,0.0003769560000819183,0,0.0,0,0.0
"F, gc on",12,0.04391456900009416,0.0,2,0.0003522079999811467,0,0.0,0,0.0
"F, gc on",13,0.04474385900005018,0.0,2,0.00042568799995024165,0,0.0,0,0.0
"F, gc on",14,0.04191144000003533,0.0,2,0.00017876999993404752,0,0.0,0,0.0
"F, gc on",15,0.042905533999942236,0.0,2,0.0002659449999100616,0,0.0,0,0.0
"F, gc on",16,0.04512620900004549,0.0,1,0.00011591000009048003,1,0.0010662639999736712,0,0.0
"F, gc on",17,0.045533191999993505,0.0,2,0.00025237800002742006,0,0.0,0,0.0
"F, gc on",18,0.04209195800001453,0.0,2,0.0002782479999723364,0,0.0,0,0.0
"F, gc on",19,0.046220542000014575,0.0,2,0.0002790500000173779,0,0.0,0,0.0
"F, gc on",20,0.04722427299998344,0.0,2,0.0002984059998425437,0,0.0,0,0.0
"F, gc on",21,0.04592603699995834,0.0,2,0.00025055599996903766,0,0.0,0,0.0
"F, gc on",22,0.04570648099991104,0.0,1,0.00012005700000372599,1,0.0011507949999440825,0,0.0
"F, gc on",23,0.04493895399991743,0.0,2,0.0002714049999212875,0,0.0,0,0.0
"F, gc on",24,0.03980519499998536,0.0,2,0.00028038199991442525,0,0.0,0,0.0
"F, gc on",25,0.044298689000015656,0.0,2,0.0003713239998432982,0,0.0,0,0.0
"F, gc on",26,0.04215366599999015,0.0,2,0.0003729979998752242,0,0.0,0,0.0
"F, gc on",27,0.042785689999959686,0.0,2,0.00041203099999620463,0,0.0,0,0.0
"F, gc on",28,0.046351069999900574,0.0,1,8.297800002310396e-05,1,0.001603905000024497,0,0.0
"F, gc on",29,0.041487534999987474,0.0,2,0.00020806600002742925,0,0.0,0,0.0
"F, gc on",30,0.03830474799997319,0.0,2,0.00027954099994076387,0,0.0,0,0.0
"F, gc on",31,0.03751658099997712,0.0,2,0.000214007000181482,0,0.0,0,0.0
"F, gc on",32,0.043291175000035764,0.0,2,0.00027776600006745866,0,0.0,0,0.0
"F, gc on",33,0.04009192000000894,0.0,2,0.0002903010000636641,0,0.0,0,0.0
"F, gc on",34,0.042574633999947764,0.0,1,0.00015851099999508733,1,0.0012117210000042178,0,0.0
"F, gc on",35,0.04288393699994231,0.0,2,0.00018439899997702014,0,0.0,0,0.0
"F, gc on",36,0.043392358000005515,0.0,2,0.00027780799996435235,0,0.0,0,0.0
"F, gc on",37,0.0429558990000487,0.0,2,0.00024314199993114016,0,0.0,0,0.0
"F, gc on",38,0.040272293000043646,0.0,2,0.00030682299995987705,0,0.0,0,0.0
"F, gc on",39,0.03879994800001896,0.0,2,0.0002308079999693291,0,0.0,0,0.0
"F, gc on",40,0.045321901999955116,0.0,1,0.00010566100002051826,1,0.001106441000047198,0,0.0
"F, gc on",41,0.04162402400004339,0.0,2,0.00022547900005065458,0,0.0,0,0.0
"F, gc on",42,0.03689835199998015,0.0,2,0.0003604349999477563,0,0.0,0,0.0
"F, gc on",43,0.04310797799996635,0.0,2,0.00020415799997408612,0,0.0,0,0.0
"F, gc on",44,0.042034248999925694,0.0,2,0.00022512699990784313,0,0.0,0,0.0
"F, gc on",45,0.04310740199991869,0.0,2,0.000254122000001189,0,0.0,0,0.0
"F, gc on",46,0.04633904299998903,0.0,1,0.00013637900008234283,1,0.0011385110000219356,0,0.0
"F, gc on",47,0.04655820899995433,0.0,2,0.00028909999991810764,0,0.0,0,0.0
"F, gc on",48,0.04061765500000547,0.0,2,0.00025715800006764766,0,0.0,0,0.0
"F, gc on",49,0.041596661999960816,0.0,2,0.00037340900007620803,0,0.0,0,0.0
"F, gc on",50,0.04602848599995468,0.0,2,0.0004511359999241904,0,0.0,0,0.0
"F, gc on",51,0.03925664500002313,0.0,2,0.000276755000072626,0,0.0,0,0.0
"F, gc on",52,0.045079961999931584,0.0,1,0.00012353499994333106,1,0.0012876040000264766,0,0.0
"F, gc on",53,0.042730915999982244,0.0,2,0.0003068729999995412,0,0.0,0,0.0
"F, gc on",54,0.05280463700000837,0.0,2,0.0004252869999845643,0,0.0,0,0.0
"F, gc on",55,0.05396874400003071,0.0,2,0.00039083199999367935,0,0.0,0,0.0
"F, gc on",56,0.04898972400008006,0.0,2,0.00038988999995126505,0,0.0,0,0.0
"F, gc on",57,0.04327515400007087,0.0,2,0.00024020700004712126,0,0.0,0,0.0
"F, gc on",58,0.041960297000059654,0.0,1,0.00010541999995439255,1,0.0015742790000103923,0,0.0
"F, gc on",59,0.039030615999990914,0.0,2,0.00033748999999261287,0,0.0,0,0.0
"F, gc on",60,0.04540431699990677,0.0,2,0.00036888100009946356,0,0.0,0,0.0
"F, gc on",61,0.040955181000072116,0.0,2,0.00021521799999391078,0,0.0,0,0.0
"F, gc on",62,0.04187109900010455,0.0,2,0.0002661150000449197,0,0.0,0,0.0
"F, gc on",63,0.040491764000080366,0.0,2,0.0003031859999964581,0,0.0,0,0.0
"F, gc on",64,0.038401219999968816,0.0,1,8.692499989138014e-05,1,0.0011165200000959885,0,0.0
"F, gc on",65,0.04227653800001008,0.0,2,0.00023047799993491935,0,0.0,0,0.0
"F, gc on",66,0.042392557999960445,0.0,2,0.00027196700000331475,0,0.0,0,0.0
"F, gc on",67,0.04085697400000754,0.0,2,0.00030070100001466926,0,0.0,0,0.0
"F, gc on",68,0.04727937600000587,0.0,2,0.0003138749999607171,0,0.0,0,0.0
"F, gc on",69,0.04057068800000252,0.0,2,0.0003573980000055599,0,0.0,0,0.0
"F, gc on",70,0.04641599000001406,0.0,1,8.28170000204409e-05,1,0.001755473000002894,0,0.0
"F, gc on",71,0.04331625400004668,0.0,2,0.00020667099988713744,0,0.0,0,0.0
"F, gc on",72,0.0420557600000393,0.0,2,0.00023865299999670242,0,0.0,0,0.0
"F, gc on",73,0.04084909300001982,0.0,2,0.0002688810000108788,0,0.0,0,0.0
"F, gc on",74,0.03915798299999551,0.0,2,0.000322490999906222,0,0.0,0,0.0
"F, gc on",75,0.039900647000081335,0.0,2,0.00021698199986985856,0,0.0,0,0.0
"F, gc on",76,0.04287046600006761,0.0,1,0.00011374600001090585,1,0.0012521969999852445,0,0.0
"F, gc on",77,0.03885403900005713,0.0,2,0.0003425110000989662,0,0.0,0,0.0
"F, gc on",78,0.04271338800003832,0.0,2,0.00027154500003234716,0,0.0,0,0.0
"F, gc on",79,0.04077010900005007,0.0,2,0.0002158999999437583,0,0.0,0,0.0
"F, gc on",80,0.0435163229999489,0.0,2,0.00026145499998619925,0,0.0,0,0.0
"F, gc on",81,0.04403043699994669,0.0,2,0.00028984099992612755,0,0.0,0,0.0
"F, gc on",82,0.042186277999917365,0.0,1,0.0001325519999682001,1,0.0012510950000432786,0,0.0
"F, gc on",83,0.040981649999935144,0.0,2,0.0004327709999643048,0,0.0,0,0.0
"F, gc on",84,0.04355994599995938,0.0,2,0.00020571100003508036,0,0.0,0,0.0
"F, gc on",85,0.042474033000075906,0.0,2,0.00023110899996936496,0,0.0,0,0.0
"F, gc on",86,0.04596982999999,0.0,2,0.00024105700003929087,0,0.0,0,0.0
"F, gc on",87,0.0454940429999624,0.0,2,0.0002476010000691531,0,0.0,0,0.0
"F, gc on",88,0.03954755400002341,0.0,1,0.00012278299993795372,1,0.0011691199999859236,0,0.0
"F, gc on",89,0.05526835499995286,0.0,2,0.000342110000019602,0,0.0,0,0.0
"F, gc on",90,0.04485574099999212,0.0,2,0.0002621179999096057,0,0.0,0,0.0
"F, gc on",91,0.045019520999971974,0.0,2,0.0003043670000124621,0,0.0,0,0.0
"F, gc on",92,0.0435964389999981,0.0,2,0.0003194059999032106,0,0.0,0,0.0
"F, gc on",93,0.049174569999991036,0.0,2,0.0003006099999538492,0,0.0,0,0.0
"F, gc on",94,0.042472375999977885,0.0,1,0.00014166899995871063,1,0.0013824239999848942,0,0.0
"F, gc on",95,0.043695017000004555,0.0,2,0.0003677680000464534,0,0.0,0,0.0
"F, gc on",96,0.04132244799995988,0.0,2,0.0003191469999137553,0,0.0,0,0.0
"F, gc on",97,0.045742259000007834,0.0,2,0.00031030999991799035,0,0.0,0,0.0
"F, gc on",98,0.042864078999969024,0.0,2,0.0003179849999241924,0,0.0,0,0.0
"F, gc on",99,0.040625492999993185,0.0,2,0.00031479699998726574,0,0.0,0,0.0
"F, gc on",100,0.06320254499996736,0.0,1,0.0002520090000643904,1,0.0014939769999955388,0,0.0
"F, gc on",101,0.04416708799999469,0.0,2,0.00022031899993635307,0,0.0,0,0.0
"F, gc on",102,0.04262492199995904,0.0,2,0.0002364190000889721,0,0.0,0,0.0
"F, gc on",103,0.04145166299997527,0.0,2,0.0002692909998813775,0,0.0,0,0.0
"F, gc on",104,0.04011432300001161,0.0,2,0.000400549999994837,0,0.0,0,0.0
"F, gc on",105,0.04385996099995282,0.0,2,0.0003407109999216118,0,0.0,0,0.0
"F, gc on",106,0.052744804999974804,0.0,1,0.0001742910000075426,1,0.0013103380000529796,0,0.0
"F, gc on",107,0.041969962000052874,0.0,2,0.000369120999948791,0,0.0,0,0.0
"F, gc on",108,0.042655211999999665,0.0,2,0.00043468500007293187,0,0.0,0,0.0
"F, gc on",109,0.0387539129999368,0.0,2,0.0002451450000080513,0,0.0,0,0.0
"F, gc on",110,0.03742505799993978,0.0,2,0.00029820599991126073,0,0.0,0,0.0
"F, gc on",111,0.04171363000000383,0.0,2,0.00042445600001883577,0,0.0,0,0.0
"F, gc on",112,0.04178664899995965,0.0,1,9.950800006208738e-05,1,0.0012922130000561083,0,0.0
"F, gc on",113,0.04250710300004812,0.0,2,0.00027853900007812626,0,0.0,0,0.0
"F, gc on",114,0.045978000999980395,0.0,2,0.00034831100003884785,0,0.0,0,0.0
"F, gc on",115,0.042563723999933245,0.0,2,0.0003562969999393317,0,0.0,0,0.0
"F, gc on",116,0.046502733000011176,0.0,2,0.0003467080000518763,0,0.0,0,0.0
"F, gc on",117,0.04052260399998886,0.0,2,0.0003684199999725024,0,0.0,0,0.0
"F, gc on",118,0.046731128000033095,0.0,1,0.0001673579999987851,1,0.0017698699999755263,0,0.0
"F, gc on",119,0.04570167199995012,0.0,2,0.0004454959999975472,0,0.0,0,0.0
"F, gc on",120,0.041732316999969044,0.0,2,0.0003806430000850014,0,0.0,0,0.0
"F, gc on",121,0.04102660399996694,0.0,2,0.000293586999987383,0,0.0,0,0.0
"F, gc on",122,0.044897984000044744,0.0,2,0.0002612860000681394,0,0.0,0,0.0
"F, gc on",123,0.04895284500003072,0.0,2,0.0005226629999697252,0,0.0,0,0.0
"F, gc on",124,0.04356940399998166,0.0,1,9.971899999072775e-05,1,0.001193015000012565,0,0.0
"F, gc on",125,0.044203013000014835,0.0,2,0.0002761350000355378,0,0.0,0,0.0
"F, gc on",126,0.04359277300000031,0.0,2,0.0003101380000316567,0,0.0,0,0.0
"F, gc on",127,0.0420196269999451,0.0,2,0.0002788089999512522,0,0.0,0,0.0
"F, gc on",128,0.04028863600001387,0.0,2,0.00038291700002446305,0,0.0,0,0.0
"F, gc on",129,0.03977498000006108,0.0,2,0.00022440499992626428,0,0.0,0,0.0
"F, gc on",130,0.038264345000015965,0.0,1,0.00012844399998357403,1,0.0012966620000725015,0,0.0
"F, gc on",131,0.041833241000063026,0.0,2,0.0003847990000167556,0,0.0,0,0.0
"F, gc on",132,0.04655132599998524,0.0,2,0.0004707130000269899,0,0.0,0,0.0
"F, gc on",133,0.0532350740000993,0.0,2,0.0005616959999770188,0,0.0,0,0.0
"F, gc on",134,0.05105610200007504,0.0,2,0.00036573499994574377,0,0.0,0,0.0
"F, gc on",135,0.05002674399997886,0.0,2,0.0006168809999280711,0,0.0,0,0.0
"F, gc on",136,0.048334992000036436,0.0,1,0.00018925899996702356,1,0.0019898080000757545,0,0.0
"F, gc on",137,0.04479102299990245,0.0,2,0.00035176799997316266,0,0.0,0,0.0
"F, gc on",138,0.03777034300003379,0.0,2,0.0003146469999819601,0,0.0,0,0.0
"F, gc on",139,0.04101958600006128,0.0,2,0.00024537600006624416,0,0.0,0,0.0
"F, gc on",140,0.03734282199991412,0.0,2,0.00031522899996616616,0,0.0,0,0.0
"F, gc on",141,0.03928077000000485,0.0,2,0.00033347399994454463,0,0.0,0,0.0
"F, gc on",142,0.04259700700004032,0.0,1,0.00012685099989084847,1,0.0012377100000549035,0,0.0
"F, gc on",143,0.04122610899992196,0.0,2,0.00031891599996924924,0,0.0,0,0.0
"F, gc on",144,0.04251662900003339,0.0,2,0.000528654999925493,0,0.0,0,0.0
"F, gc on",145,0.041626020000080644,0.0,2,0.00022316299998692557,0,0.0,0,0.0
"F, gc on",146,0.04142018699997152,0.0,2,0.00023411400013628736,0,0.0,0,0.0
"F, gc on",147,0.03963910700008455,0.0,2,0.0003015130000676436,0,0.0,0,0.0
"F, gc on",148,0.041047230000003765,0.0,1,0.00012534800009689206,1,0.0013002090000782118,0,0.0
"F, gc on",149,0.04254381499993087,0.0,2,0.0002148779999515682,0,0.0,0,0.0
"F, gc on",150,0.043321102000049905,0.0,2,0.0003021940000280665,0,0.0,0,0.0
"F, gc on",151,0.037793120999936036,0.0,2,0.00033466400009274366,0,0.0,0,0.0
"F, gc on",152,0.040752450999889334,0.0,2,0.00019679399997585278,0,0.0,0,0.0
"F, gc on",153,0.04299226800003453,0.0,2,0.0002545419999933074,0,0.0,0,0.0
"F, gc on",154,0.045445200000017394,0.0,1,0.0001227630000357749,1,0.0012031249999608917,0,0.0
"F, gc on",155,0.04587044199990942,0.0,2,0.0002750429999878179,0,0.0,0,0.0
"F, gc on",156,0.04403161300001557,0.0,2,0.0002809840000281838,0,0.0,0,0.0
"F, gc on",157,0.04777933100001519,0.0,2,0.00024955400010640005,0,0.0,0,0.0
"F, gc on",158,0.04417690200000379,0.0,2,0.0002580299999408453,0,0.0,0,0.0
"F, gc on",159,0.04510366099998464,0.0,2,0.00032864900003914954,0,0.0,0,0.0
"F, gc on",160,0.04397544400001152,0.0,1,0.00012882400005764794,1,0.001279749999980595,0,0.0
"F, gc on",161,0.04050033099997563,0.0,2,0.0003585510000903014,0,0.0,0,0.0
"F, gc on",162,0.036510936000013317,0.0,2,0.00020586099992669915,0,0.0,0,0.0
"F, gc on",163,0.04346026200005326,0.0,2,0.00025311100000635633,0,0.0,0,0.0
"F, gc on",164,0.04128496600003473,0.0,2,0.0003011420000120779,0,0.0,0,0.0
"F, gc on",165,0.04153147500005616,0.0,2,0.000527933000057601,0,0.0,0,0.0
"F, gc on",166,0.04583600099999785,0.0,1,0.00011828499998500774,1,0.0018837370000710507,0,0.0
"F, gc on",167,0.04184281599998485,0.0,2,0.00020328599998720165,0,0.0,0,0.0
"F, gc on",168,0.044599774999937836,0.0,2,0.00022139999998671556,0,0.0,0,0.0
"F, gc on",169,0.04261356400002114,0.0,2,0.00024047700003393402,0,0.0,0,0.0
"F, gc on",170,0.038464140000087355,0.0,2,0.000322553000046355,0,0.0,0,0.0
"F, gc on",171,0.04081144700001005,0.0,2,0.0002881670000078884,0,0.0,0,0.0
"F, gc on",172,0.041475278000007165,0.0,1,9.316700004546874e-05,1,0.0012675860000399553,0,0.0
"F, gc on",173,0.04511418699996739,0.0,2,0.00027752799996960675,0,0.0,0,0.0
"F, gc on",174,0.04260503399996196,0.0,2,0.0002787789999274537,0,0.0,0,0.0
"F, gc on",175,0.04150979299993196,0.0,2,0.0003235439999116352,0,0.0,0,0.0
"F, gc on",176,0.04281566199995268,0.0,2,0.0003681289999803994,0,0.0,0,0.0
"F, gc on",177,0.0420523029999913,0.0,2,0.0002121729999089439,0,0.0,0,0.0
"F, gc on",178,0.04477256799998486,0.0,1,0.00011743300001398893,1,0.0012093760000198017,0,0.0
"F, gc on",179,0.0412974649999569,0.0,2,0.00029632299981585675,0,0.0,0,0.0
"F, gc on",180,0.0456952239999282,0.0,2,0.0003027540000175577,0,0.0,0,0.0
"F, gc on",181,0.04647714999998698,0.0,2,0.000317413000061606,0,0.0,0,0.0
"F, gc on",182,0.03940606300000127,0.0,2,0.0003459569999222367,0,0.0,0,0.0
"F, gc on",183,0.04013908600006744,0.0,2,0.00022600900001634727,0,0.0,0,0.0
"F, gc on",184,0.043057680999936565,0.0,1,9.736499998780346e-05,1,0.0012005700000372599,0,0.0
"F, gc on",185,0.042796578999968915,0.0,2,0.00027401099998769496,0,0.0,0,0.0
"F, gc on",186,0.04087888000003659,0.0,2,0.00033196000003954396,0,0.0,0,0.0
"F, gc on",187,0.040139833000012004,0.0,2,0.00039157300000169926,0,0.0,0,0.0
"F, gc on",188,0.04304855400005181,0.0,2,0.00021157200001198362,0,0.0,0,0.0
"F, gc on",189,0.03649700500000108,0.0,2,0.00033400400002392416,0,0.0,0,0.0
"F, gc on",190,0.04426584699990599,0.0,1,0.00018568299992693937,1,0.0015696599999728278,0,0.0
"F, gc on",191,0.04413393599998017,0.0,2,0.0003666860000066663,0,0.0,0,0.0
"F, gc on",192,0.044500242000026446,0.0,2,0.00048392899998361827,0,0.0,0,0.0
"F, gc on",193,0.044241758999987724,0.0,2,0.00026781799999753275,0,0.0,0,0.0
"F, gc on",194,0.047827439000002414,0.0,2,0.00024144899998645997,0,0.0,0,0.0
"F, gc on",195,0.058434777000002214,0.0,2,0.0005880860001070687,0,0.0,0,0.0
"F, gc on",196,0.04096242000002803,0.0,1,0.00012813299997560534,1,0.0012175020000313452,0,0.0
"F, gc on",197,0.03969237700005124,0.0,2,0.0003452749999723892,0,0.0,0,0.0
"F, gc on",198,0.0425422640000761,0.0,2,0.00031797299993741035,0,0.0,0,0.0
"F, gc on",199,0.044606113999975605,0.0,2,0.0003643310000143174,0,0.0,0,0.0
"F, gc on",200,0.0446769459999814,0.0,2,0.00039856700004747836,0,0.0,0,0.0
"F, gc on",201,0.046236036999971475,0.0,2,0.00036271900012252445,0,0.0,0,0.0
"F, gc on",202,0.0468267390000392,0.0,1,9.201399996072723e-05,1,0.0013342639999791572,0,0.0
"F, gc on",203,0.041205189000038445,0.0,2,0.0002898700000741883,0,0.0,0,0.0
"F, gc on",204,0.042055072999914955,0.0,2,0.00025730900017606473,0,0.0,0,0.0
"F, gc on",205,0.03963485999997829,0.0,2,0.0003138260001378512,0,0.0,0,0.0
"F, gc on",206,0.040313362000006236,0.0,2,0.000330997999981264,0,0.0,0,0.0
"F, gc on",207,0.04092735699998684,0.0,2,0.0003258980000282463,0,0.0,0,0.0
"F, gc on",208,0.04218848200002867,0.0,1,0.00011899599996922916,1,0.001293657000019266,0,0.0
"F, gc on",209,0.0392733070000304,0.0,2,0.000485993000097551,0,0.0,0,0.0
"F, gc on",210,0.03648419599994668,0.0,2,0.00022121999995761144,0,0.0,0,0.0
"F, gc on",211,0.04231868899989877,0.0,2,0.0003072140000313084,0,0.0,0,0.0
"F, gc on",212,0.039809996999906616,0.0,2,0.00044559499997376406,0,0.0,0,0.0
"F, gc on",213,0.043702892000055726,0.0,2,0.000247098999921036,0,0.0,0,0.0
"F, gc on",214,0.04101446300001044,0.0,1,9.897799998270784e-05,1,0.0012542919999987134,0,0.0
"F, gc on",215,0.04235911600005693,0.0,2,0.00033249099999466125,0,0.0,0,0.0
"F, gc on",216,0.04385400299997855,0.0,2,0.00034158900007241755,0,0.0,0,0.0
"F, gc on",217,0.04232316799993896,0.0,2,0.00034434400004101917,0,0.0,0,0.0
"F, gc on",218,0.042755739999961406,0.0,2,0.0003227329999617723,0,0.0,0,0.0
"F, gc on",219,0.04148873300005107,0.0,2,0.000231969999958892,0,0.0,0,0.0
"F, gc on",220,0.041987558999949215,0.0,1,0.00012174099992989795,1,0.001263468999923134,0,0.0
"F, gc on",221,0.04480230600006507,0.0,2,0.00034468400008336175,0,0.0,0,0.0
"F, gc on",222,0.04039900400005081,0.0,2,0.0003065930000047956,0,0.0,0,0.0
"F, gc on",223,0.042765673999952014,0.0,2,0.0003704829999833237,0,0.0,0,0.0
"F, gc on",224,0.040339615999982925,0.0,2,0.00022957500016218546,0,0.0,0,0.0
"F, gc on",225,0.045090757000025405,0.0,2,0.000318185000082849,0,0.0,0,0.0
"F, gc on",226,0.04247644300005504,0.0,1,0.00011883600006967754,1,0.0012628980000499723,0,0.0
"F, gc on",227,0.03927296699998806,0.0,2,0.0003910319999249623,0,0.0,0,0.0
"F, gc on",228,0.039146599999980936,0.0,2,0.00021554900001774513,0,0.0,0,0.0
"F, gc on",229,0.037738894000085565,0.0,2,0.00029527100014092866,0,0.0,0,0.0
"F, gc on",230,0.03878981000002568,0.0,2,0.00030312499995943654,0,0.0,0,0.0
"F, gc on",231,0.03887593199999628,0.0,2,0.00028947999999218155,0,0.0,0,0.0
"F, gc on",232,0.045017243000074814,0.0,1,0.00019406800004162506,1,0.0012949889999163133,0,0.0
"F, gc on",233,0.0422330349999811,0.0,2,0.00038141499999255757,0,0.0,0,0.0
"F, gc on",234,0.04192868999996335,0.0,2,0.0003331410000555479,0,0.0,0,0.0
"F, gc on",235,0.04088895299992146,0.0,2,0.0002309390000618805,0,0.0,0,0.0
"F, gc on",236,0.045476603999986764,0.0,2,0.0002788689999988492,0,0.0,0,0.0
"F, gc on",237,0.040552695000087624,0.0,2,0.00030366600014986034,0,0.0,0,0.0
"F, gc on",238,0.04361237400007667,0.0,1,0.0001404369999136179,1,0.0013203770000700388,0,0.0
"F, gc on",239,0.04429874999993899,0.0,2,0.0004290440000431772,0,0.0,0,0.0
"F, gc on",240,0.04576279799994154,0.0,2,0.0003782979999868985,0,0.0,0,0.0
"F, gc on",241,0.0389848099999881,0.0,2,0.00020486899995830754,0,0.0,0,0.0
"F, gc on",242,0.03971466500001952,0.0,2,0.000284500000020671,0,0.0,0,0.0
"F, gc on",243,0.04071112700000867,0.0,2,0.00039119199993820075,0,0.0,0,0.0
"F, gc on",244,0.042487744000027305,0.0,1,0.0001632800000379575,1,0.0015096660000608608,0,0.0
"F, gc on",245,0.04245980499990765,0.0,2,0.00020954700005404447,0,0.0,0,0.0
"F, gc on",246,0.04199838700003511,0.0,2,0.000295621999953255,0,0.0,0,0.0
"F, gc on",247,0.045455184000047666,0.0,2,0.0002941079999345675,0,0.0,0,0.0
"F, gc on",248,0.03844574699996883,0.0,2,0.000336128000071767,0,0.0,0,0.0
"F, gc on",249,0.04319747700003518,0.0,2,0.0002622079999810012,0,0.0,0,0.0
"F, gc on",250,0.0418641020000905,0.0,1,8.307699999932083e-05,1,0.0012711130000297999,0,0.0
"F, gc on",251,0.043088946000011674,0.0,2,0.00028467099991758005,0,0.0,0,0.0
"F, gc on",252,0.04092536799998925,0.0,2,0.0003082450000420067,0,0.0,0,0.0
"F, gc on",253,0.04124754999998004,0.0,2,0.00032294199991156347,0,0.0,0,0.0
"F, gc on",254,0.03931891700005963,0.0,2,0.0002324609999959648,0,0.0,0,0.0
"F, gc on",255,0.04208703899996635,0.0,2,0.0002886480000370284,0,0.0,0,0.0
"F, gc on",256,0.04070870299995022,0.0,1,0.000141869999993105,1,0.0012870339999153657,0,0.0
"F, gc on",257,0.043003640000051746,0.0,2,0.0003515680000418797,0,0.0,0,0.0
"F, gc on",258,0.04539411799999016,0.0,2,0.0003815239999767073,0,0.0,0,0.0
"F, gc on",259,0.04043945099999746,0.0,2,0.00023591800004396646,0,0.0,0,0.0
"F, gc on",260,0.03618379600004573,0.0,2,0.0002797509999936665,0,0.0,0,0.0
"F, gc on",261,0.042465086999982304,0.0,2,0.0003630700000485376,0,0.0,0,0.0
"F, gc on",262,0.04019476099995245,0.0,1,7.316900007481308e-05,1,0.0012641099999655125,0,0.0
"F, gc on",263,0.04467428199995993,0.0,2,0.0002684290000161127,0,0.0,0,0.0
"F, gc on",264,0.044392486999981884,0.0,2,0.00024923300009049854,0,0.0,0,0.0
"F, gc on",265,0.03689441999995324,0.0,2,0.0003177129999585304,0,0.0,0,0.0
"F, gc on",266,0.038733753000087745,0.0,2,0.0002180750000206899,0,0.0,0,0.0
"F, gc on",267,0.044580132999954,0.0,2,0.0002774680000356966,0,0.0,0,0.0
"F, gc on",268,0.040529700999968554,0.0,1,0.0001379319999159634,1,0.0012789580000571732,0,0.0
"F, gc on",269,0.03744774500000858,0.0,2,0.0003374419999317979,0,0.0,0,0.0
"F, gc on",270,0.039901159999999436,0.0,2,0.0002443539999603672,0,0.0,0,0.0
"F, gc on",271,0.03777803299999505,0.0,2,0.00034760000005462643,0,0.0,0,0.0
"F, gc on",272,0.0402866949999634,0.0,2,0.00027124499990804907,0,0.0,0,0.0
"F, gc on",273,0.04113773799997489,0.0,2,0.00029929699996955605,0,0.0,0,0.0
"F, gc on",274,0.0442323720000104,0.0,1,0.00015684800007420563,1,0.0012931649999927686,0,0.0
"F, gc on",275,0.043950495999979466,0.0,2,0.0003549350000184859,0,0.0,0,0.0
"F, gc on",276,0.04625798600000053,0.0,2,0.00032725099993058393,0,0.0,0,0.0
"F, gc on",277,0.03979128200001014,0.0,2,0.00040859599994291784,0,0.0,0,0.0
"F, gc on",278,0.041999360000090746,0.0,2,0.00020969799993508786,0,0.0,0,0.0
"F, gc on",279,0.04071591799993257,0.0,2,0.00027850899994064093,0,0.0,0,0.0
"F, gc on",280,0.043054356999959964,0.0,1,0.0001489220001076319,1,0.0012527690000752045,0,0.0
"F, gc on",281,0.11964296999997259,0.0,4,0.00020704199994270311,0,0.0,1,0.07842816400000174
"F, gc on",282,0.04271862099994905,0.0,3,0.00020615199991880218,0,0.0,0,0.0
"F, gc on",283,0.04414336100001037,0.0,3,0.00034125899992432096,0,0.0,0,0.0
"F, gc on",284,0.04204205499991076,0.0,1,0.00012845399999150686,1,0.0006068819999427433,0,0.0
"F, gc on",285,0.04084629200008294,0.0,2,0.0003582609999739361,0,0.0,0,0.0
"F, gc on",286,0.03885122400004093,0.0,2,0.00019600300004185556,0,0.0,0,0.0
"F, gc on",287,0.03909392000002754,0.0,2,0.000278888999901028,0,0.0,0,0.0
"F, gc on",288,0.03802573100006157,0.0,2,0.0002465780000875384,0,0.0,0,0.0
"F, gc on",289,0.045529543000043304,0.0,2,0.0002392350000945953,0,0.0,0,0.0
"F, gc on",290,0.04231897599993317,0.0,1,0.00012795300006018806,1,0.0010815029999093895,0,0.0
"F, gc on",291,0.04688335299999835,0.0,2,0.000256568000054358,0,0.0,0,0.0
"F, gc on",292,0.04042905400001473,0.0,2,0.00026540299995758687,0,0.0,0,0.0
"F, gc on",293,0.04196796200005792,0.0,2,0.0003950509999413043,0,0.0,0,0.0
"F, gc on",294,0.03841850200001318,0.0,2,0.00026088499998877523,0,0.0,0,0.0
"F, gc on",295,0.03854817199999161,0.0,2,0.0002750720000221918,0,0.0,0,0.0
"F, gc on",296,0.037997464000000036,0.0,1,7.287799996902322e-05,1,0.001079408999999032,0,0.0
"F, gc on",297,0.04313311300006717,0.0,2,0.000259173000017654,0,0.0,0,0.0
"F, gc on",298,0.03854768700000477,0.0,2,0.00028975099985473207,0,0.0,0,0.0
"F, gc on",299,0.041249719000006735,0.0,2,0.0002369299999145369,0,0.0,0,0.0
"F, gc on",300,0.04163484699995479,0.0,2,0.00023967499987520569,0,0.0,0,0.0
"F, gc on",301,0.04502480899998318,0.0,2,0.0002680489999420388,0,0.0,0,0.0
"F, gc on",302,0.04752814200003286,0.0,1,0.00012336399993273517,1,0.0011293539999996938,0,0.0
"F, gc on",303,0.042976275000000896,0.0,2,0.0003569890000107989,0,0.0,0,0.0
"F, gc on",304,0.045542016000013064,0.0,2,0.0003197769999587763,0,0.0,0,0.0
"F, gc on",305,0.05795716900001935,0.0,2,0.00047041300001637865,0,0.0,0,0.0
"F, gc on",306,0.047533608999970056,0.0,2,0.0004312979999667732,0,0.0,0,0.0
"F, gc on",307,0.04166951499996685,0.0,2,0.0003567479999446732,0,0.0,0,0.0
"F, gc on",308,0.04129628499993032,0.0,1,0.00021716300000207411,1,0.0015706520000549062,0,0.0
"F, gc on",309,0.051956399999994574,0.0,2,0.0004974940000010974,0,0.0,0,0.0
"F, gc on",310,0.0405078380000532,0.0,2,0.00037076499995691847,0,0.0,0,0.0
"F, gc on",311,0.045078121000074134,0.0,2,0.00033470500000021275,0,0.0,0,0.0
"F, gc on",312,0.0455037239999001,0.0,2,0.00033853299999009323,0,0.0,0,0.0
"F, gc on",313,0.044172205999984726,0.0,2,0.0003778770000053555,0,0.0,0,0.0
"F, gc on",314,0.04279614100005347,0.0,1,0.0001456969999935609,1,0.0014009000000214655,0,0.0
"F, gc on",315,0.04324210899994796,0.0,2,0.00032264300000406365,0,0.0,0,0.0
"F, gc on",316,0.0435202980000895,0.0,2,0.00029538100000081613,0,0.0,0,0.0
"F, gc on",317,0.04541796599994541,0.0,2,0.0002441340000132186,0,0.0,0,0.0
"F, gc on",318,0.04460688599999685,0.0,2,0.00027995099992494943,0,0.0,0,0.0
"F, gc on",319,0.04601650300003257,0.0,2,0.0002766260000726106,0,0.0,0,0.0
"F, gc on",320,0.04597669300005691,0.0,1,0.000119777999998405,1,0.001201842000000397,0,0.0
"F, gc on",321,0.04138207899995905,0.0,2,0.0004652940000369199,0,0.0,0,0.0
"F, gc on",322,0.038875678999943375,0.0,2,0.0004579489999514408,0,0.0,0,0.0
"F, gc on",323,0.04128782999998748,0.0,2,0.00023109899996143213,0,0.0,0,0.0
"F, gc on",324,0.042543682999962584,0.0,2,0.00025407199996152485,0,0.0,0,0.0
"F, gc on",325,0.03670455799999672,0.0,2,0.000355406000039693,0,0.0,0,0.0
"F, gc on",326,0.04278186499993808,0.0,1,0.00010948800002097414,1,0.0011982250000528438,0,0.0
"F, gc on",327,0.04124416599995584,0.0,2,0.00045131700005640596,0,0.0,0,0.0
"F, gc on",328,0.0399420740000096,0.0,2,0.00030924800000775576,0,0.0,0,0.0
"F, gc on",329,0.04141699900003459,0.0,2,0.000351447000070948,0,0.0,0,0.0
"F, gc on",330,0.04184174099998472,0.0,2,0.00021328599996195408,0,0.0,0,0.0
"F, gc on",331,0.04268158500008212,0.0,2,0.00026203900006294134,0,0.0,0,0.0
"F, gc on",332,0.0451812510000309,0.0,1,0.00012937499991494406,1,0.001241718000073888,0,0.0
"F, gc on",333,0.058425155999998424,0.0,2,0.0007134489999316429,0,0.0,0,0.0
"F, gc on",334,0.046685196999987966,0.0,2,0.00032644999998865387,0,0.0,0,0.0
"F, gc on",335,0.042200673000024835,0.0,2,0.0003481899999542293,0,0.0,0,0.0
"F, gc on",336,0.03752286099995672,0.0,2,0.00031078999995770573,0,0.0,0,0.0
"F, gc on",337,0.041354326000032415,0.0,2,0.0002911329999051304,0,0.0,0,0.0
"F, gc on",338,0.044791812000084974,0.0,1,0.00015137700006562227,1,0.0012081040000566645,0,0.0
"F, gc on",339,0.04025678599998628,0.0,2,0.0003431310000223675,0,0.0,0,0.0
"F, gc on",340,0.041661504999979115,0.0,2,0.0003025439999646551,0,0.0,0,0.0
"F, gc on",341,0.040494923000096605,0.0,2,0.000235397000096782,0,0.0,0,0.0
"F, gc on",342,0.03707845799999632,0.0,2,0.0003097180000395383,0,0.0,0,0.0
"F, gc on",343,0.04189680399997542,0.0,2,0.00024883200001113437,0,0.0,0,0.0
"F, gc on",344,0.0479183480000529,0.0,1,0.00010966900003950286,1,0.0013780360000055225,0,0.0
"F, gc on",345,0.04027770799996233,0.0,2,0.00023447500007023336,0,0.0,0,0.0
"F, gc on",346,0.03858378999996148,0.0,2,0.0002762450000091121,0,0.0,0,0.0
"F, gc on",347,0.044822150000072725,0.0,2,0.00037961999998969986,0,0.0,0,0.0
"F, gc on",348,0.04464675199994872,0.0,2,0.00037001199996211653,0,0.0,0,0.0
"F, gc on",349,0.04250625700001365,0.0,2,0.0003335739999101861,0,0.0,0,0.0
"F, gc on",350,0.04253790299992488,0.0,1,8.807699998669705e-05,1,0.0012101670000674858,0,0.0
"F, gc on",351,0.04385342000000492,0.0,2,0.00027818700004900165,0,0.0,0,0.0
"F, gc on",352,0.03998239099996681,0.0,2,0.00031325500003731577,0,0.0,0,0.0
"F, gc on",353,0.0442166290000614,0.0,2,0.00036870999997518084,0,0.0,0,0.0
"F, gc on",354,0.04420991100005267,0.0,2,0.0005110710000053587,0,0.0,0,0.0
"F, gc on",355,0.04907469399995534,0.0,2,0.0003048900001658694,0,0.0,0,0.0
"F, gc on",356,0.04048170900000514,0.0,1,0.00017018300002291653,1,0.0013918029999331338,0,0.0
"F, gc on",357,0.03916043100002753,0.0,2,0.00020874599999842758,0,0.0,0,0.0
"F, gc on",358,0.043670438999924954,0.0,2,0.00028129299994361645,0,0.0,0,0.0
"F, gc on",359,0.03684081699998387,0.0,2,0.0003134050000426214,0,0.0,0,0.0
"F, gc on",360,0.04269482600000174,0.0,2,0.0003198969999402834,0,0.0,0,0.0
"F, gc on",361,0.04126156899997113,0.0,2,0.00021051000010174903,0,0.0,0,0.0
"F, gc on",362,0.04487584599996808,0.0,1,0.00012088000005405775,1,0.0011975429999893095,0,0.0
"F, gc on",363,0.04404132100000879,0.0,2,0.0002736600001753686,0,0.0,0,0.0
"F, gc on",364,0.039569992999986425,0.0,2,0.0003575989999262674,0,0.0,0,0.0
"F, gc on",365,0.03842294100002164,0.0,2,0.00023027700012789865,0,0.0,0,0.0
"F, gc on",366,0.04249272699996709,0.0,2,0.0002666169999656631,0,0.0,0,0.0
"F, gc on",367,0.03912611600003402,0.0,2,0.0003378609999344917,0,0.0,0,0.0
"F, gc on",368,0.04326187799995296,0.0,1,0.0001904210000702733,1,0.0014683379999951285,0,0.0
"F, gc on",369,0.04145726100000502,0.0,2,0.00020478800001910713,0,0.0,0,0.0
"F, gc on",370,0.043555736000030265,0.0,2,0.0002725980001514472,0,0.0,0,0.0
"F, gc on",371,0.046198137999908795,0.0,2,0.0002645019999363285,0,0.0,0,0.0
"F, gc on",372,0.04383407199998146,0.0,2,0.0002796020000914723,0,0.0,0,0.0
"F, gc on",373,0.043852219000086734,0.0,2,0.0003113519999260461,0,0.0,0,0.0
"F, gc on",374,0.042463220000058755,0.0,1,0.00014996400000200083,1,0.0012995869999485876,0,0.0
"F, gc on",375,0.04405539399999725,0.0,2,0.00033144899987291865,0,0.0,0,0.0
"F, gc on",376,0.04416244699996241,0.0,2,0.0003466189999699054,0,0.0,0,0.0
"F, gc on",377,0.04086978600003022,0.0,2,0.00026373999992301833,0,0.0,0,0.0
"F, gc on",378,0.04317693699999836,0.0,2,0.00024379299998145143,0,0.0,0,0.0
"F, gc on",379,0.040483465999955115,0.0,2,0.0002971130001014899,0,0.0,0,0.0
"F, gc on",380,0.04189151100001709,0.0,1,0.00016343999993750913,1,0.0016935849999981656,0,0.0
"F, gc on",381,0.04328048799993667,0.0,2,0.00044365200005813676,0,0.0,0,0.0
"F, gc on",382,0.040958955000064634,0.0,2,0.00022994699997980206,0,0.0,0,0.0
"F, gc on",383,0.042150822999929005,0.0,2,0.0002758840000751661,0,0.0,0,0.0
"F, gc on",384,0.04565165099995738,0.0,2,0.0002591720000282294,0,0.0,0,0.0
"F, gc on",385,0.03919262699992032,0.0,2,0.00028919999999743595,0,0.0,0,0.0
"F, gc on",386,0.04314616900001056,0.0,1,8.122400004140218e-05,1,0.0017947379999441182,0,0.0
"F, gc on",387,0.04122879199996987,0.0,2,0.00024211000004470407,0,0.0,0,0.0
"F, gc on",388,0.03866726399996878,0.0,2,0.0002483110000639499,0,0.0,0,0.0
"F, gc on",389,0.041323497999997016,0.0,2,0.00036541299994041765,0,0.0,0,0.0
"F, gc on",390,0.05764515999999276,0.0,2,0.00040658199998233613,0,0.0,0,0.0
"F, gc on",391,0.046952840000017204,0.0,2,0.0003235439999116352,0,0.0,0,0.0
"F, gc on",392,0.04272298400007912,0.0,1,8.494100006828376e-05,1,0.0012219800000821124,0,0.0
"F, gc on",393,0.037854420000030586,0.0,2,0.00028023200002280646,0,0.0,0,0.0
"F, gc on",394,0.039105080000013004,0.0,2,0.0002523289999771805,0,0.0,0,0.0
"F, gc on",395,0.04629427500003658,0.0,2,0.0002869049999389972,0,0.0,0,0.0
"F, gc on",396,0.04069443299999875,0.0,2,0.0002393549999624156,0,0.0,0,0.0
"F, gc on",397,0.038447647999987566,0.0,2,0.00029844699997738644,0,0.0,0,0.0
"F, gc on",398,0.03657074900002044,0.0,1,7.646500000646483e-05,1,0.0012624969999706082,0,0.0
"F, gc on",399,0.04357414500009327,0.0,2,0.00027782700010448025,0,0.0,0,0.0
"F, gc on",400,0.04140807800001767,0.0,2,0.0002932570000666601,0,0.0,0,0.0
"F, gc on",401,0.04047021099995618,0.0,2,0.0005915330000334507,0,0.0,0,0.0
"F, gc on",402,0.04164651700000377,0.0,2,0.0002356969999937064,0,0.0,0,0.0
"F, gc on",403,0.03971561899993503,0.0,2,0.00027307799985010206,0,0.0,0,0.0
"F, gc on",404,0.0400842950000424,0.0,1,0.000188848999982838,1,0.0015449230000967873,0,0.0
"F, gc on",405,0.04458625099994151,0.0,2,0.00036516299996947055,0,0.0,0,0.0
"F, gc on",406,0.04259503599996606,0.0,2,0.00032078999993245816,0,0.0,0,0.0
"F, gc on",407,0.04312934600000062,0.0,2,0.00020424899992121937,0,0.0,0,0.0
"F, gc on",408,0.04177902699996139,0.0,2,0.00030074199992213835,0,0.0,0,0.0
"F, gc on",409,0.0469068029999562,0.0,2,0.0002892090000159442,0,0.0,0,0.0
"F, gc on",410,0.03947773300001245,0.0,1,0.00013238099995760422,1,0.0013278010000021823,0,0.0
"F, gc on",411,0.04213334500002475,0.0,2,0.00043976500012377073,0,0.0,0,0.0
"F, gc on",412,0.040847332999987884,0.0,2,0.00022782300004564604,0,0.0,0,0.0
"F, gc on",413,0.047206464999931086,0.0,2,0.000273108999977012,0,0.0,0,0.0
"F, gc on",414,0.04346344999999019,0.0,2,0.0002542619999985618,0,0.0,0,0.0
"F, gc on",415,0.04330333100006101,0.0,2,0.0002589119999356626,0,0.0,0,0.0
"F, gc on",416,0.045196424999971896,0.0,1,0.0001338839999789343,1,0.0012600730000258409,0,0.0
"F, gc on",417,0.041668802999993204,0.0,2,0.0003422199999931763,0,0.0,0,0.0
"F, gc on",418,0.04236904800006869,0.0,2,0.00039038099998833786,0,0.0,0,0.0
"F, gc on",419,0.043766436000055364,0.0,2,0.0003753729999971256,0,0.0,0,0.0
"F, gc on",420,0.04178756299995712,0.0,2,0.00021231200003057893,0,0.0,0,0.0
"F, gc on",421,0.040251721999993606,0.0,2,0.000327341999991404,0,0.0,0,0.0
"F, gc on",422,0.04364506000001711,0.0,1,0.0001548440000078699,1,0.0013353849999475642,0,0.0
"F, gc on",423,0.04430769500004317,0.0,2,0.0003329920000396669,0,0.0,0,0.0
"F, gc on",424,0.04295996799999102,0.0,2,0.00037614400014263083,0,0.0,0,0.0
"F, gc on",425,0.04368325300004017,0.0,2,0.0002817550000600022,0,0.0,0,0.0
"F, gc on",426,0.03862825999999586,0.0,2,0.0002237849998891761,0,0.0,0,0.0
"F, gc on",427,0.04101120399991487,0.0,2,0.000305310000044301,0,0.0,0,0.0
"F, gc on",428,0.04075728199995865,0.0,1,0.00018022200003997568,1,0.0015196150000065245,0,0.0
"F, gc on",429,0.04474647600000026,0.0,2,0.00033727999993971025,0,0.0,0,0.0
"F, gc on",430,0.046326891000035175,0.0,2,0.000280011999961971,0,0.0,0,0.0
"F, gc on",431,0.04060424200008583,0.0,2,0.00025747899996986234,0,0.0,0,0.0
"F, gc on",432,0.04166591199998493,0.0,2,0.00027576299999054754,0,0.0,0,0.0
"F, gc on",433,0.0418570090000685,0.0,2,0.00034804099993834825,0,0.0,0,0.0
"F, gc on",434,0.04166156899998441,0.0,1,0.00014110799997979484,1,0.0011799600000585997,0,0.0
"F, gc on",435,0.04513615400003346,0.0,2,0.00022500700004002283,0,0.0,0,0.0
"F, gc on",436,0.04272138199996789,0.0,2,0.00024302200006331987,0,0.0,0,0.0
"F, gc on",437,0.04452749200004291,0.0,2,0.00024546599991026596,0,0.0,0,0.0
"F, gc on",438,0.044735897999999,0.0,2,0.0002672980000397729,0,0.0,0,0.0
"F, gc on",439,0.042301305000023603,0.0,2,0.0003057820000549327,0,0.0,0,0.0
"F, gc on",440,0.04533748399990145,0.0,1,0.000128573999973014,1,0.0014646309999761797,0,0.0
"F, gc on",441,0.041989500999989104,0.0,2,0.00033414500001072156,0,0.0,0,0.0
"F, gc on",442,0.04010694799990233,0.0,2,0.0003139670000109618,0,0.0,0,0.0
"F, gc on",443,0.04385474699995484,0.0,2,0.00023226100006468187,0,0.0,0,0.0
"F, gc on",444,0.043922967999947105,0.0,2,0.0002512360000537228,0,0.0,0,0.0
"F, gc on",445,0.04100324900002761,0.0,2,0.0003283450000708399,0,0.0,0,0.0
"F, gc on",446,0.04749539099998401,0.0,1,0.0001508759999069298,1,0.0013049980000232608,0,0.0
"F, gc on",447,0.038942502000054446,0.0,2,0.00038121400007185,0,0.0,0,0.0
"F, gc on",448,0.04366849900009129,0.0,2,0.0005203689999007111,0,0.0,0,0.0
"F, gc on",449,0.044479082999941966,0.0,2,0.0003019829999857393,0,0.0,0,0.0
"F, gc on",450,0.04113804100006746,0.0,2,0.0002151790000652909,0,0.0,0,0.0
"F, gc on",451,0.04228341299995009,0.0,2,0.00027314900012243015,0,0.0,0,0.0
"F, gc on",452,0.041814133000002585,0.0,1,0.00012317400000938505,1,0.001276793999977599,0,0.0
"F, gc on",453,0.04520031699996707,0.0,2,0.0004526499999428779,0,0.0,0,0.0
"F, gc on",454,0.04415188699999817,0.0,2,0.00030361599999650934,0,0.0,0,0.0
"F, gc on",455,0.04399628099997699,0.0,2,0.0003914430000122593,0,0.0,0,0.0
"F, gc on",456,0.04196562599997833,0.0,2,0.00027421000004324014,0,0.0,0,0.0
"F, gc on",457,0.04156856200006587,0.0,2,0.0002300369999375107,0,0.0,0,0.0
"F, gc on",458,0.05425138299995069,0.0,1,0.00021583000000191532,1,0.0016789369999514747,0,0.0
"F, gc on",459,0.04143892100000812,0.0,2,0.0003140760001087983,0,0.0,0,0.0
"F, gc on",460,0.04358306699998593,0.0,2,0.00021534900008646218,0,0.0,0,0.0
"F, gc on",461,0.044048976999988554,0.0,2,0.0002267200000005687,0,0.0,0,0.0
"F, gc on",462,0.043764797999983784,0.0,2,0.00026209799989374005,0,0.0,0,0.0
"F, gc on",463,0.04270710900004815,0.0,2,0.00033466500008216826,0,0.0,0,0.0
"F, gc on",464,0.0503344300000208,0.0,1,0.0001586010000664828,1,0.0013553530000081082,0,0.0
"F, gc on",465,0.0429363089999697,0.0,2,0.0002604840000230979,0,0.0,0,0.0
"F, gc on",466,0.04481122899994716,0.0,2,0.00030083199999353383,0,0.0,0,0.0
"F, gc on",467,0.047555219999935616,0.0,2,0.00028335900003639836,0,0.0,0,0.0
"F, gc on",468,0.03878872500001762,0.0,2,0.00033941499998491054,0,0.0,0,0.0
"F, gc on",469,0.04215600300005917,0.0,2,0.0005332420000740967,0,0.0,0,0.0
"F, gc on",470,0.052982659000008425,0.0,1,0.00021849499989912147,1,0.001313825000011093,0,0.0
"F, gc on",471,0.0442457919999697,0.0,2,0.000332760999981474,0,0.0,0,0.0
"F, gc on",472,0.038608697999961805,0.0,2,0.00038918899997497647,0,0.0,0,0.0
"F, gc on",473,0.040580757999919115,0.0,2,0.00021480700002030062,0,0.0,0,0.0
"F, gc on",474,0.04044216399995548,0.0,2,0.00033836199997949734,0,0.0,0,0.0
"F, gc on",475,0.04251975299996502,0.0,2,0.0003559660000291842,0,0.0,0,0.0
"F, gc on",476,0.042391000000066015,0.0,1,0.00017671499995230988,1,0.0016871130000026824,0,0.0
"F, gc on",477,0.03963417099998878,0.0,2,0.00021931699996002862,0,0.0,0,0.0
"F, gc on",478,0.0382365860000391,0.0,2,0.0005574980000346841,0,0.0,0,0.0
"F, gc on",479,0.04088250499989954,0.0,2,0.0003586809999660545,0,0.0,0,0.0
"F, gc on",480,0.041097596999975394,0.0,2,0.0002683689999685157,0,0.0,0,0.0
"F, gc on",481,0.03896109200002229,0.0,2,0.00033734999999524007,0,0.0,0,0.0
"F, gc on",482,0.04242794499998581,0.0,1,0.0001563170000054015,1,0.0015512349999653452,0,0.0
"F, gc on",483,0.04063253000003897,0.0,2,0.00023543800011793792,0,0.0,0,0.0
"F, gc on",484,0.04078106199995091,0.0,2,0.000246677999939493,0,0.0,0,0.0
"F, gc on",485,0.04214881799998693,0.0,2,0.00033853299999009323,0,0.0,0,0.0
"F, gc on",486,0.04498479500000485,0.0,2,0.00035264899997855537,0,0.0,0,0.0
"F, gc on",487,0.041054079999980786,0.0,2,0.00040710200005378283,0,0.0,0,0.0
"F, gc on",488,0.04211955999994643,0.0,1,8.122499991713994e-05,1,0.0012767440000516217,0,0.0
"F, gc on",489,0.044861705999892365,0.0,2,0.00028051200001755205,0,0.0,0,0.0
"F, gc on",490,0.04181609700003719,0.0,2,0.0002816940000229806,0,0.0,0,0.0
"F, gc on",491,0.039809278000007,0.0,2,0.00034775999995417806,0,0.0,0,0.0
"F, gc on",492,0.04234953399998176,0.0,2,0.00039719500000501284,0,0.0,0,0.0
"F, gc on",493,0.04079622599999766,0.0,2,0.00024384199991800415,0,0.0,0,0.0
"F, gc on",494,0.04282316499995886,0.0,1,0.00015121799992812157,1,0.0012257680000402615,0,0.0
"F, gc on",495,0.04179600499992375,0.0,2,0.00034009399996648426,0,0.0,0,0.0
"F, gc on",496,0.04252587999997104,0.0,2,0.00034736899999643356,0,0.0,0,0.0
"F, gc on",497,0.04356655599997339,0.0,2,0.000300689999903625,0,0.0,0,0.0
"F, gc on",498,0.04534439199994722,0.0,2,0.00030821600000763283,0,0.0,0,0.0
"F, gc on",499,0.04258724199996777,0.0,2,0.00020717299992156768,0,0.0,0,0.0
"F, gc on",500,0.0433446649999496,0.0,1,0.0001145469999528359,1,0.0012565760000597948,0,0.0
"F, gc on",501,0.04471172999990358,0.0,2,0.0002933870000561001,0,0.0,0,0.0
"F, gc on",502,0.04013563199998771,0.0,2,0.00037951000001612556,0,0.0,0,0.0
"F, gc on",503,0.043318002999967575,0.0,2,0.00035858100000041304,0,0.0,0,0.0
"F, gc on",504,0.04449374599994371,0.0,2,0.0005041169999913109,0,0.0,0,0.0
"F, gc on",505,0.0410608099999763,0.0,2,0.00019071199994868948,0,0.0,0,0.0
"F, gc on",506,0.04382698999995682,0.0,1,0.00011019900000519556,1,0.0012703019999662502,0,0.0
"F, gc on",507,0.04380363600000692,0.0,2,0.0002689899999950285,0,0.0,0,0.0
"F, gc on",508,0.0466161760000432,0.0,2,0.00028234599994902965,0,0.0,0,0.0
"F, gc on",509,0.04226064699992094,0.0,2,0.00027938000005178765,0,0.0,0,0.0
"F, gc on",510,0.05683736299999964,0.0,2,0.0005274220000046626,0,0.0,0,0.0
"F, gc on",511,0.0516365160000305,0.0,2,0.00040632199988976936,0,0.0,0,0.0
"F, gc on",512,0.04738753000003726,0.0,1,0.00011228300002130709,1,0.001295669999990423,0,0.0
"F, gc on",513,0.042038058999992245,0.0,2,0.0002903010000636641,0,0.0,0,0.0
"F, gc on",514,0.043469238000056976,0.0,2,0.00032425500000954344,0,0.0,0,0.0
"F, gc on",515,0.04214125900000454,0.0,2,0.00037736599995241704,0,0.0,0,0.0
"F, gc on",516,0.04493567700001222,0.0,2,0.0003605040000138615,0,0.0,0,0.0
"F, gc on",517,0.04166940299990074,0.0,2,0.0003886270000066361,0,0.0,0,0.0
"F, gc on",518,0.042665226000053735,0.0,1,9.016100000280858e-05,1,0.0012945480000325915,0,0.0
"F, gc on",519,0.04449146300009943,0.0,2,0.0002911430000267501,0,0.0,0,0.0
"F, gc on",520,0.04125371099996755,0.0,2,0.00029429799997160444,0,0.0,0,0.0
"F, gc on",521,0.0424079869999332,0.0,2,0.0004336320000675187,0,0.0,0,0.0
"F, gc on",522,0.04441030700002102,0.0,2,0.00035932299999785755,0,0.0,0,0.0
"F, gc on",523,0.04612965700005134,0.0,2,0.0003579699999818331,0,0.0,0,0.0
"F, gc on",524,0.04735085499999059,0.0,1,0.00018191499998465588,1,0.0013705730000310723,0,0.0
"F, gc on",525,0.04577247500003523,0.0,2,0.0003542719999813926,0,0.0,0,0.0
"F, gc on",526,0.045556437999948685,0.0,2,0.000332551999917996,0,0.0,0,0.0
"F, gc on",527,0.04063456899996254,0.0,2,0.0005144870000322044,0,0.0,0,0.0
"F, gc on",528,0.04539582499990047,0.0,2,0.0005112299999154857,0,0.0,0,0.0
"F, gc on",529,0.04076693499996509,0.0,2,0.00022567899986825068,0,0.0,0,0.0
"F, gc on",530,0.04165484300006028,0.0,1,0.0001507659999333555,1,0.0013180830000010246,0,0.0
"F, gc on",531,0.04779884099991705,0.0,2,0.00033335300008729973,0,0.0,0,0.0
"F, gc on",532,0.0451040660000217,0.0,2,0.0002843400001211194,0,0.0,0,0.0
"F, gc on",533,0.0467219469999236,0.0,2,0.000334944999963227,0,0.0,0,0.0
"F, gc on",534,0.04820366499995998,0.0,2,0.0003635299999587005,0,0.0,0,0.0
"F, gc on",535,0.04226332200005345,0.0,2,0.0003291950000630095,0,0.0,0,0.0
"F, gc on",536,0.046555932000046596,0.0,1,0.000186604999953488,1,0.0015756719999444613,0,0.0
"F, gc on",537,0.0583614760000728,0.0,2,0.0006257389999291263,0,0.0,0,0.0
"F, gc on",538,0.03949286299996402,0.0,2,0.0003524489999335856,0,0.0,0,0.0
"F, gc on",539,0.04407166399994367,0.0,2,0.0003700829998933841,0,0.0,0,0.0
"F, gc on",540,0.04737351799997214,0.0,2,0.0005937380000204939,0,0.0,0,0.0
"F, gc on",541,0.04365395199999966,0.0,2,0.0004217709999920771,0,0.0,0,0.0
"F, gc on",542,0.04674513999998453,0.0,1,8.554200007893087e-05,1,0.0016200860000026296,0,0.0
"F, gc on",543,0.0414214139999558,0.0,2,0.00026075499999933527,0,0.0,0,0.0
"F, gc on",544,0.04274462599994422,0.0,2,0.00034241099990595103,0,0.0,0,0.0
"F, gc on",545,0.04054463699992539,0.0,2,0.0002804219999461566,0,0.0,0,0.0
"F, gc on",546,0.04287390999991203,0.0,2,0.0004241639999236213,0,0.0,0,0.0
"F, gc on",547,0.04240202300002238,0.0,2,0.00035476400000789,0,0.0,0,0.0
"F, gc on",548,0.04548244500006149,0.0,1,0.00012391500001740496,1,0.0016143249999913678,0,0.0
"F, gc on",549,0.043827977999967516,0.0,2,0.0002897800000027928,0,0.0,0,0.0
"F, gc on",550,0.04479487900005097,0.0,2,0.0003126440000187358,0,0.0,0,0.0
"F, gc on",551,0.04256281999994371,0.0,2,0.0003088159999151685,0,0.0,0,0.0
"F, gc on",552,0.03829481700006454,0.0,2,0.00025093700003253616,0,0.0,0,0.0
"F, gc on",553,0.03707207499996912,0.0,2,0.0002177639998990344,0,0.0,0,0.0
"F, gc on",554,0.04330144300001848,0.0,1,0.0001512869999942268,1,0.0013181020000274657,0,0.0
"F, gc on",555,0.04571917900000244,0.0,2,0.0002749219999031993,0,0.0,0,0.0
"F, gc on",556,0.04341444399994998,0.0,2,0.00023751999992782658,0,0.0,0,0.0
"F, gc on",557,0.04162393199999315,0.0,2,0.0002833569999438623,0,0.0,0,0.0
"F, gc on",558,0.04006082500006869,0.0,2,0.0002247770000849414,0,0.0,0,0.0
"F, gc on",559,0.04139635600006386,0.0,2,0.0002486109999608743,0,0.0,0,0.0
"F, gc on",560,0.04235826800004361,0.0,1,9.839699998792639e-05,1,0.001860482999973101,0,0.0
"F, gc on",561,0.04111601399995379,0.0,2,0.0002852010001106464,0,0.0,0,0.0
"F, gc on",562,0.03709843599995111,0.0,2,0.00020961699999588745,0,0.0,0,0.0
"F, gc on",563,0.04200614800004132,0.0,2,0.0002669269998705204,0,0.0,0,0.0
"F, gc on",564,0.04176917699999194,0.0,2,0.00026978300002156175,0,0.0,0,0.0
"F, gc on",565,0.04311864199996762,0.0,2,0.0003119929998547377,0,0.0,0,0.0
"F, gc on",566,0.047199669000065114,0.0,1,9.518100000605045e-05,1,0.0014006689999632727,0,0.0
"F, gc on",567,0.11233086900006128,0.0,4,0.00019212400013657316,0,0.0,1,0.07206160700002329
"F, gc on",568,0.04237500000010641,0.0,4,0.00025064600004043314,0,0.0,0,0.0
"F, gc on",569,0.03904681599999549,0.0,3,0.00022929500005375303,0,0.0,0,0.0
"F, gc on",570,0.04368881900006727,0.0,1,0.00016468299997995928,1,0.0004931260000375914,0,0.0
"F, gc on",571,0.04161256100007904,0.0,2,0.00023870300003636657,0,0.0,0,0.0
"F, gc on",572,0.03751381499989748,0.0,2,0.00017179500002839632,0,0.0,0,0.0
"F, gc on",573,0.041726764000031835,0.0,2,0.00023462499996185215,0,0.0,0,0.0
"F, gc on",574,0.03939727099998436,0.0,2,0.0002759339998874566,0,0.0,0,0.0
"F, gc on",575,0.0403759020000507,0.0,2,0.00017237800000202697,0,0.0,0,0.0
"F, gc on",576,0.04009876300005999,0.0,1,0.00011174200005825696,1,0.0010867330000792208,0,0.0
"F, gc on",577,0.03897073600001022,0.0,2,0.00020879500004866713,0,0.0,0,0.0
"F, gc on",578,0.04135572899997442,0.0,2,0.00019546999999420223,0,0.0,0,0.0
"F, gc on",579,0.04014220399994883,0.0,2,0.00021052000010968186,0,0.0,0,0.0
"F, gc on",580,0.03813638600001923,0.0,2,0.00020386700009566994,0,0.0,0,0.0
"F, gc on",581,0.0426054419999673,0.0,2,0.00019395900005747535,0,0.0,0,0.0
"F, gc on",582,0.03987109000001965,0.0,1,0.00011541900005340722,1,0.0010916630000110672,0,0.0
"F, gc on",583,0.039644961000021794,0.0,2,0.0002127140000993677,0,0.0,0,0.0
"F, gc on",584,0.04502356199998303,0.0,2,0.0003114009999762857,0,0.0,0,0.0
"F, gc on",585,0.046403743000041686,0.0,2,0.00028335800004697376,0,0.0,0,0.0
"F, gc on",586,0.040227826999966965,0.0,2,0.0003621569999268104,0,0.0,0,0.0
"F, gc on",587,0.03659379800001261,0.0,2,0.00025496400007796183,0,0.0,0,0.0
"F, gc on",588,0.044677115000013146,0.0,1,0.00014725000005455513,1,0.0016443719999870154,0,0.0
"F, gc on",589,0.041412694999962696,0.0,2,0.00024251900003946503,0,0.0,0,0.0
"F, gc on",590,0.04138184300006742,0.0,2,0.00029620299994803645,0,0.0,0,0.0
"F, gc on",591,0.04741704699995353,0.0,2,0.0002617469999677269,0,0.0,0,0.0
"F, gc on",592,0.04730261299994254,0.0,2,0.00040227399995274027,0,0.0,0,0.0
"F, gc on",593,0.046318049999968025,0.0,2,0.0011420990000488018,0,0.0,0,0.0
"F, gc on",594,0.04298741600007361,0.0,1,0.00013071800003672251,1,0.0013045270000020537,0,0.0
"F, gc on",595,0.03978712000002815,0.0,2,0.00026250899998103705,0,0.0,0,0.0
"F, gc on",596,0.04048034699997061,0.0,2,0.00028308699995704956,0,0.0,0,0.0
"F, gc on",597,0.04255166999996618,0.0,2,0.000274580999985119,0,0.0,0,0.0
"F, gc on",598,0.039926225000044724,0.0,2,0.00023988600003121974,0,0.0,0,0.0
"F, gc on",599,0.04205598800001553,0.0,2,0.00033788199993978196,0,0.0,0,0.0
"F, gc on",600,0.04722674900006041,0.0,1,0.00010850600006051536,1,0.0018187529999522667,0,0.0
"F, gc on",601,0.06014416000004985,0.0,2,0.0005088159999786512,0,0.0,0,0.0
"F, gc on",602,0.03920531599999322,0.0,2,0.0002126629999565921,0,0.0,0,0.0
"F, gc on",603,0.03920095199998741,0.0,2,0.0001848310000696074,0,0.0,0,0.0
"F, gc on",604,0.037521207999930084,0.0,2,0.00021193300005961646,0,0.0,0,0.0
"F, gc on",605,0.03951855999991949,0.0,2,0.0002042879999635261,0,0.0,0,0.0
"F, gc on",606,0.04130419099999472,0.0,1,0.00011710199999015458,1,0.0011702020000257107,0,0.0
"F, gc on",607,0.040275849000067865,0.0,2,0.00025274099994021526,0,0.0,0,0.0
"F, gc on",608,0.03767766999999367,0.0,2,0.00018623300002218457,0,0.0,0,0.0
"F, gc on",609,0.03888407700003427,0.0,2,0.00023374299996703485,0,0.0,0,0.0
"F, gc on",610,0.04398453900000732,0.0,2,0.0002910829999791531,0,0.0,0,0.0
"F, gc on",611,0.04019560099993669,0.0,2,0.00022316399997635017,0,0.0,0,0.0
"F, gc on",612,0.036334861000000274,0.0,1,0.00011226399999486603,1,0.0011449639999909778,0,0.0
"F, gc on",613,0.03776397499996165,0.0,2,0.00040688199987926055,0,0.0,0,0.0
"F, gc on",614,0.0425241720000713,0.0,2,0.00020299500010878546,0,0.0,0,0.0
"F, gc on",615,0.04360813400001007,0.0,2,0.00020705299994006054,0,0.0,0,0.0
"F, gc on",616,0.03899916900002154,0.0,2,0.00022837399990294216,0,0.0,0,0.0
"F, gc on",617,0.03953514600004837,0.0,2,0.0002030560000321202,0,0.0,0,0.0
"F, gc on",618,0.043377197000040724,0.0,1,0.00010972899997341301,1,0.0011866229999668576,0,0.0
"F, gc on",619,0.04075511899998219,0.0,2,0.00020259599989458366,0,0.0,0,0.0
"F, gc on",620,0.0370693059999212,0.0,2,0.0001976459999468716,0,0.0,0,0.0
"F, gc on",621,0.039363084000001436,0.0,2,0.00021520900008908939,0,0.0,0,0.0
"F, gc on",622,0.038138365999998314,0.0,2,0.0002280930000324588,0,0.0,0,0.0
"F, gc on",623,0.04102595200004089,0.0,2,0.00019334699993578397,0,0.0,0,0.0
"F, gc on",624,0.042125427999962994,0.0,1,0.0001090969999495428,1,0.0013237829999752648,0,0.0
"F, gc on",625,0.038320461000012074,0.0,2,0.00022370400006366253,0,0.0,0,0.0
"F, gc on",626,0.03984895700000379,0.0,2,0.00018570299994280504,0,0.0,0,0.0
"F, gc on",627,0.0379085040000291,0.0,2,0.000227601999995386,0,0.0,0,0.0
"F, gc on",628,0.04160856800001511,0.0,2,0.0002287639999849489,0,0.0,0,0.0
"F, gc on",629,0.04002200700006142,0.0,2,0.00031520800007456273,0,0.0,0,0.0
"F, gc on",630,0.04134781099992324,0.0,1,0.00016582399996423192,1,0.0012379300000020521,0,0.0
"F, gc on",631,0.04021745700003976,0.0,2,0.00021432700009427208,0,0.0,0,0.0
"F, gc on",632,0.04208956599995872,0.0,2,0.00020747399992160354,0,0.0,0,0.0
"F, gc on",633,0.04096555199998875,0.0,2,0.00020239400009813835,0,0.0,0,0.0
"F, gc on",634,0.04070491300001322,0.0,2,0.00038064199998188997,0,0.0,0,0.0
"F, gc on",635,0.03827428600004623,0.0,2,0.00019601199994667695,0,0.0,0,0.0
"F, gc on",636,0.043343152000034024,0.0,1,0.00011460799998985749,1,0.0012124619998985509,0,0.0
"F, gc on",637,0.038416807999965386,0.0,2,0.0002336229999855277,0,0.0,0,0.0
"F, gc on",638,0.040212582999970437,0.0,2,0.00018521200001941907,0,0.0,0,0.0
"F, gc on",639,0.04037668000000849,0.0,2,0.00020381699994231894,0,0.0,0,0.0
"F, gc on",640,0.041428697000014836,0.0,2,0.0002786089999062824,0,0.0,0,0.0
"F, gc on",641,0.03989672700004121,0.0,2,0.00025146799998765346,0,0.0,0,0.0
"F, gc on",642,0.047304703000008885,0.0,1,0.00013140900000507827,1,0.0019845479999958116,0,0.0
"F, gc on",643,0.03924219999998968,0.0,2,0.00021917599997323123,0,0.0,0,0.0
"F, gc on",644,0.03914150100001734,0.0,2,0.00023487599992222385,0,0.0,0,0.0
"F, gc on",645,0.040146036999999524,0.0,2,0.00021131199991941685,0,0.0,0,0.0
"F, gc on",646,0.043900615999973525,0.0,2,0.00021210199986398948,0,0.0,0,0.0
"F, gc on",647,0.04217784499996924,0.0,2,0.00022230199999739853,0,0.0,0,0.0
"F, gc on",648,0.03804499800003214,0.0,1,0.00014042600002994732,1,0.0012797699999964607,0,0.0
"F, gc on",649,0.03530585600003633,0.0,2,0.00019245600003614527,0,0.0,0,0.0
"F, gc on",650,0.03719465899996521,0.0,2,0.00021842500007096532,0,0.0,0,0.0
"F, gc on",651,0.041706695000016225,0.0,2,0.0002066030000378305,0,0.0,0,0.0
"F, gc on",652,0.03764171800003169,0.0,2,0.00023053699999309174,0,0.0,0,0.0
"F, gc on",653,0.037773266000044714,0.0,2,0.00020360700011679,0,0.0,0,0.0
"F, gc on",654,0.04051628000001983,0.0,1,0.00012662099993576703,1,0.0012467770000057499,0,0.0
"F, gc on",655,0.040066755999987436,0.0,2,0.0003283639999835941,0,0.0,0,0.0
"F, gc on",656,0.03897312099991268,0.0,2,0.00029584200001409044,0,0.0,0,0.0
"F, gc on",657,0.043261119999897346,0.0,2,0.000278309000009358,0,0.0,0,0.0
"F, gc on",658,0.04384310099999311,0.0,2,0.0003134160000399788,0,0.0,0,0.0
"F, gc on",659,0.04705386800003453,0.0,2,0.00027519300010681036,0,0.0,0,0.0
"F, gc on",660,0.04467123400002038,0.0,1,0.0001407070000141175,1,0.001342719000035686,0,0.0
"F, gc on",661,0.04383331700000781,0.0,2,0.000458992000062608,0,0.0,0,0.0
"F, gc on",662,0.04956375799997659,0.0,2,0.0004949189999479131,0,0.0,0,0.0
"F, gc on",663,0.047864695000043866,0.0,2,0.00033603800000037154,0,0.0,0,0.0
"F, gc on",664,0.04360959799998909,0.0,2,0.00036676600007012894,0,0.0,0,0.0
"F, gc on",665,0.04323892400009299,0.0,2,0.0002749420000327518,0,0.0,0,0.0
"F, gc on",666,0.04383032700002332,0.0,1,0.0001276629999438228,1,0.001584116999993057,0,0.0
"F, gc on",667,0.044499957999960316,0.0,2,0.0002324420000832106,0,0.0,0,0.0
"F, gc on",668,0.04125389399996493,0.0,2,0.0002598830000124508,0,0.0,0,0.0
"F, gc on",669,0.040387199999941004,0.0,2,0.0002017629999500059,0,0.0,0,0.0
"F, gc on",670,0.03905248599994593,0.0,2,0.00035485400007928547,0,0.0,0,0.0
"F, gc on",671,0.04147113800001989,0.0,2,0.00035558500007937255,0,0.0,0,0.0
"F, gc on",672,0.04251849100000982,0.0,1,0.00020412799995028763,1,0.0015207169999484904,0,0.0
"F, gc on",673,0.04595106900001156,0.0,2,0.0002846099999942453,0,0.0,0,0.0
"F, gc on",674,0.0468113719999792,0.0,2,0.0003003099999432379,0,0.0,0,0.0
"F, gc on",675,0.049609809000003224,0.0,2,0.00041463700006261206,0,0.0,0,0.0
"F, gc on",676,0.05066872899999453,0.0,2,0.00037766700006613974,0,0.0,0,0.0
"F, gc on",677,0.04320017600002757,0.0,2,0.0003864189999376322,0,0.0,0,0.0
"F, gc on",678,0.04091482600006202,0.0,1,0.00012643000002299232,1,0.0012847790000023451,0,0.0
"F, gc on",679,0.044062301000053594,0.0,2,0.00043427499997505947,0,0.0,0,0.0
"F, gc on",680,0.04632593500002713,0.0,2,0.0002672670000265498,0,0.0,0,0.0
"F, gc on",681,0.03907776500000182,0.0,2,0.0001993289999973058,0,0.0,0,0.0
"F, gc on",682,0.04566985000008117,0.0,2,0.00025825000000168075,0,0.0,0,0.0
"F, gc on",683,0.04181949899998472,0.0,2,0.00020870599985300942,0,0.0,0,0.0
"F, gc on",684,0.04067498599999908,0.0,1,0.00012096000000383356,1,0.0012713639999901716,0,0.0
"F, gc on",685,0.04581342200003746,0.0,2,0.00024118800013184227,0,0.0,0,0.0
"F, gc on",686,0.043615237999915735,0.0,2,0.00022703100000853738,0,0.0,0,0.0
"F, gc on",687,0.042899178999959986,0.0,2,0.00022310399992875318,0,0.0,0,0.0
"F, gc on",688,0.03814714199995706,0.0,2,0.00019702400004462106,0,0.0,0,0.0
"F, gc on",689,0.04254077400003098,0.0,2,0.00039101199990909663,0,0.0,0,0.0
"F, gc on",690,0.041381647000093835,0.0,1,0.0001416889999745763,1,0.0019131220000190297,0,0.0
"F, gc on",691,0.0414484939999511,0.0,2,0.00025322099997993064,0,0.0,0,0.0
"F, gc on",692,0.04403886299996884,0.0,2,0.00020235400006640702,0,0.0,0,0.0
"F, gc on",693,0.04274982000004002,0.0,2,0.00027485199996135634,0,0.0,0,0.0
"F, gc on",694,0.04422516700003598,0.0,2,0.000244193000071391,0,0.0,0,0.0
"F, gc on",695,0.040145148000078734,0.0,2,0.00025686700007554464,0,0.0,0,0.0
"F, gc on",696,0.04383419500004493,0.0,1,0.00011551000000054046,1,0.0012508050000406001,0,0.0
"F, gc on",697,0.04239045799999985,0.0,2,0.00020896700004868762,0,0.0,0,0.0
"F, gc on",698,0.04441719499993724,0.0,2,0.00019380900016585656,0,0.0,0,0.0
"F, gc on",699,0.04284980900001756,0.0,2,0.00020528899995042593,0,0.0,0,0.0
"F, gc on",700,0.04354954500001895,0.0,2,0.00020889699987947097,0,0.0,0,0.0
"F, gc on",701,0.04434329599996545,0.0,2,0.00021468700003879349,0,0.0,0,0.0
"F, gc on",702,0.04271881599993321,0.0,1,0.0001414390000036292,1,0.0013206470000568515,0,0.0
"F, gc on",703,0.043848366999895916,0.0,2,0.00022993599998244463,0,0.0,0,0.0
"F, gc on",704,0.04120179199992435,0.0,2,0.0002232539999340588,0,0.0,0,0.0
"F, gc on",705,0.04140971600008925,0.0,2,0.00020081099989965878,0,0.0,0,0.0
"F, gc on",706,0.0407345080000141,0.0,2,0.00022390399999494548,0,0.0,0,0.0
"F, gc on",707,0.04267327000002297,0.0,2,0.00024942400000327325,0,0.0,0,0.0
"F, gc on",708,0.044993944999987434,0.0,1,0.00011867499995332764,1,0.0013410359999852517,0,0.0
"F, gc on",709,0.04277117000003727,0.0,2,0.0002059610001197143,0,0.0,0,0.0
"F, gc on",710,0.041392943999994714,0.0,2,0.00020271400001092843,0,0.0,0,0.0
"F, gc on",711,0.03992003200005456,0.0,2,0.0002248969999527617,0,0.0,0,0.0
"F, gc on",712,0.03966847100002724,0.0,2,0.00026686699993661023,0,0.0,0,0.0
"F, gc on",713,0.040410659999906784,0.0,2,0.0002207179999231812,0,0.0,0,0.0
"F, gc on",714,0.0427722489999951,0.0,1,0.00012063899998793204,1,0.0012949189999744704,0,0.0
"F, gc on",715,0.044223013000078026,0.0,2,0.00023245099998803198,0,0.0,0,0.0
"F, gc on",716,0.04222750899998573,0.0,2,0.00022144000001844688,0,0.0,0,0.0
"F, gc on",717,0.043749998000066626,0.0,2,0.00023016700015432434,0,0.0,0,0.0
"F, gc on",718,0.04152129800002058,0.0,2,0.00027052400002958166,0,0.0,0,0.0
"F, gc on",719,0.03967351999995117,0.0,2,0.00021070999991934514,0,0.0,0,0.0
"F, gc on",720,0.042877777000057904,0.0,1,0.00013939500001924898,1,0.0013172410000379386,0,0.0
"F, gc on",721,0.04060410199997477,0.0,2,0.0002494839999371834,0,0.0,0,0.0
"F, gc on",722,0.04193365399999038,0.0,2,0.0002595220000785048,0,0.0,0,0.0
"F, gc on",723,0.04172907299994222,0.0,2,0.00020999900004881056,0,0.0,0,0.0
"F, gc on",724,0.04105229300000701,0.0,2,0.00026641499994184414,0,0.0,0,0.0
"F, gc on",725,0.04033270000002176,0.0,2,0.00032788199996502954,0,0.0,0,0.0
"F, gc on",726,0.03946346599991557,0.0,1,0.00010839599997325422,1,0.001415167000004658,0,0.0
"F, gc on",727,0.04353047199992943,0.0,2,0.00022271299997100868,0,0.0,0,0.0
"F, gc on",728,0.04273724699999093,0.0,2,0.0002625090000947239,0,0.0,0,0.0
"F, gc on",729,0.038930373999960466,0.0,2,0.00019995000002381857,0,0.0,0,0.0
"F, gc on",730,0.04099247800002104,0.0,2,0.00021228299999620504,0,0.0,0,0.0
"F, gc on",731,0.04448248500000318,0.0,2,0.0002527800000962088,0,0.0,0,0.0
"F, gc on",732,0.0436870450000697,0.0,1,0.00011205199996311421,1,0.001311600000008184,0,0.0
"F, gc on",733,0.04425406500001827,0.0,2,0.0002570980000200507,0,0.0,0,0.0
"F, gc on",734,0.04482075700002497,0.0,2,0.0002400460000444582,0,0.0,0,0.0
"F, gc on",735,0.04187572600005751,0.0,2,0.0002481110000189801,0,0.0,0,0.0
"F, gc on",736,0.03996623000000454,0.0,2,0.0002047479999873758,0,0.0,0,0.0
"F, gc on",737,0.0466568389999793,0.0,2,0.0002213700000766039,0,0.0,0,0.0
"F, gc on",738,0.049435925000011594,0.0,1,0.00011278399995262589,1,0.0014344440000968461,0,0.0
"F, gc on",739,0.04475393899997471,0.0,2,0.00021960599997328245,0,0.0,0,0.0
"F, gc on",740,0.03986584099993706,0.0,2,0.00019911799995497859,0,0.0,0,0.0
"F, gc on",741,0.04101632799995514,0.0,2,0.00021142099990356655,0,0.0,0,0.0
"F, gc on",742,0.04000509399998009,0.0,2,0.00024104800013446948,0,0.0,0,0.0
"F, gc on",743,0.04011050899998736,0.0,2,0.00019807600006060966,0,0.0,0,0.0
"F, gc on",744,0.04291493299990634,0.0,1,0.00011307499994472892,1,0.0014135149999674468,0,0.0
"F, gc on",745,0.04139439199991557,0.0,2,0.00023099899988210382,0,0.0,0,0.0
"F, gc on",746,0.04197026500003176,0.0,2,0.00022136000006867107,0,0.0,0,0.0
"F, gc on",747,0.039627833000054125,0.0,2,0.00021007899999858637,0,0.0,0,0.0
"F, gc on",748,0.0420237509999879,0.0,2,0.00023366300001725904,0,0.0,0,0.0
"F, gc on",749,0.039922992000015256,0.0,2,0.00024384300002111559,0,0.0,0,0.0
"F, gc on",750,0.04438078800001222,0.0,1,0.00012467700003071513,1,0.0013202760000012859,0,0.0
"F, gc on",751,0.0440877600000249,0.0,2,0.00019846700001835416,0,0.0,0,0.0
"F, gc on",752,0.04325842100001864,0.0,2,0.00020703300003788172,0,0.0,0,0.0
"F, gc on",753,0.044341656999904444,0.0,2,0.00022027899990462174,0,0.0,0,0.0
"F, gc on",754,0.04354073199999675,0.0,2,0.00023331299996698363,0,0.0,0,0.0
"F, gc on",755,0.04331957199997305,0.0,2,0.00024249100010820257,0,0.0,0,0.0
"F, gc on",756,0.04430336499990517,0.0,1,0.00011040000003958994,1,0.0012909599998920385,0,0.0
"F, gc on",757,0.039931373000058556,0.0,2,0.00021702199990158988,0,0.0,0,0.0
"F, gc on",758,0.044108105999953295,0.0,2,0.00019643299992821994,0,0.0,0,0.0
"F, gc on",759,0.04274994600007176,0.0,2,0.000236169000118025,0,0.0,0,0.0
"F, gc on",760,0.03934373799995683,0.0,2,0.0002105099999880622,0,0.0,0,0.0
"F, gc on",761,0.04089416199997231,0.0,2,0.0002424809999865829,0,0.0,0,0.0
"F, gc on",762,0.039189429999964887,0.0,1,0.0001566670000556769,1,0.0012733580000485745,0,0.0
"F, gc on",763,0.04396816299993134,0.0,2,0.00025244000005386624,0,0.0,0,0.0
"F, gc on",764,0.042843874999903164,0.0,2,0.0002681400001165457,0,0.0,0,0.0
"F, gc on",765,0.041620550000061485,0.0,2,0.0002748319999454907,0,0.0,0,0.0
"F, gc on",766,0.04362952500002848,0.0,2,0.00022262300001330004,0,0.0,0,0.0
"F, gc on",767,0.04276791000006597,0.0,2,0.0002005210000106672,0,0.0,0,0.0
"F, gc on",768,0.041831740000020545,0.0,1,0.00012373499998830084,1,0.0012831960000312392,0,0.0
"F, gc on",769,0.04271932199992534,0.0,2,0.00024860200005605293,0,0.0,0,0.0
"F, gc on",770,0.042262991000029615,0.0,2,0.0003334430000450084,0,0.0,0,0.0
"F, gc on",771,0.040066259000013815,0.0,2,0.00019292599995424098,0,0.0,0,0.0
"F, gc on",772,0.04021274900003391,0.0,2,0.0002086760000565846,0,0.0,0,0.0
"F, gc on",773,0.041259164000052806,0.0,2,0.00030530000003636815,0,0.0,0,0.0
"F, gc on",774,0.043401260999985425,0.0,1,0.00012512800003605662,1,0.001366574000030596,0,0.0
"F, gc on",775,0.04112584300003164,0.0,2,0.00020365700004276732,0,0.0,0,0.0
"F, gc on",776,0.042019538999966244,0.0,2,0.00020369699984712497,0,0.0,0,0.0
"F, gc on",777,0.04060857000001761,0.0,2,0.00023620699994353345,0,0.0,0,0.0
"F, gc on",778,0.040687681000008524,0.0,2,0.0002627399999255431,0,0.0,0,0.0
"F, gc on",779,0.041495292999911726,0.0,2,0.00021801299999424373,0,0.0,0,0.0
"F, gc on",780,0.04292316499993376,0.0,1,0.00012631999993573118,1,0.0013308459999734623,0,0.0
"F, gc on",781,0.042185343999904035,0.0,2,0.00022932499996386468,0,0.0,0,0.0
"F, gc on",782,0.0407355899999402,0.0,2,0.00025867099998322374,0,0.0,0,0.0
"F, gc on",783,0.04441188200007673,0.0,2,0.00023714000008112635,0,0.0,0,0.0
"F, gc on",784,0.0399194560000069,0.0,2,0.000200600999960443,0,0.0,0,0.0
"F, gc on",785,0.043480618999979015,0.0,2,0.0002527499999587235,0,0.0,0,0.0
"F, gc on",786,0.04219280200004505,0.0,1,0.0001240049999751136,1,0.001347118000012415,0,0.0
"F, gc on",787,0.04310453999994479,0.0,2,0.0003137160000505901,0,0.0,0,0.0
"F, gc on",788,0.03987815799996497,0.0,2,0.0001941279999755352,0,0.0,0,0.0
"F, gc on",789,0.04258471200000713,0.0,2,0.00023584800010212348,0,0.0,0,0.0
"F, gc on",790,0.04508965599995918,0.0,2,0.0002885569998625215,0,0.0,0,0.0
"F, gc on",791,0.04063660299993899,0.0,2,0.0002355360001047302,0,0.0,0,0.0
"F, gc on",792,0.04107236999993802,0.0,1,0.00013161999993371865,1,0.0013306260000263137,0,0.0
"F, gc on",793,0.04095750399994813,0.0,2,0.00020623199998226482,0,0.0,0,0.0
"F, gc on",794,0.03997940600004313,0.0,2,0.00032909400010794343,0,0.0,0,0.0
"F, gc on",795,0.04003627199995208,0.0,2,0.00023325300003307348,0,0.0,0,0.0
"F, gc on",796,0.04117703900010383,0.0,2,0.00019245500004672067,0,0.0,0,0.0
"F, gc on",797,0.040942894999943746,0.0,2,0.00020695399985015683,0,0.0,0,0.0
"F, gc on",798,0.046456422999995084,0.0,1,0.00011353600007169007,1,0.0013392729999850417,0,0.0
"F, gc on",799,0.04206412399992132,0.0,2,0.00022406499999760854,0,0.0,0,0.0
"F, gc on",800,0.04011563400001705,0.0,2,0.00022297299994988862,0,0.0,0,0.0
"F, gc on",801,0.04096894899998915,0.0,2,0.00019287700001768826,0,0.0,0,0.0
"F, gc on",802,0.04184844399992471,0.0,2,0.00023474500005704613,0,0.0,0,0.0
"F, gc on",803,0.038021728000103394,0.0,2,0.00024052599997048674,0,0.0,0,0.0
"F, gc on",804,0.04100197700006447,0.0,1,0.00010642200004440383,1,0.001433080999959202,0,0.0
"F, gc on",805,0.04213309499994011,0.0,2,0.0002585299998827395,0,0.0,0,0.0
"F, gc on",806,0.04793127300001743,0.0,2,0.00024407299997619702,0,0.0,0,0.0
"F, gc on",807,0.04371937700000217,0.0,2,0.00021460699997533084,0,0.0,0,0.0
"F, gc on",808,0.04133727400005682,0.0,2,0.00023083800010681443,0,0.0,0,0.0
"F, gc on",809,0.04301467900006628,0.0,2,0.0002729980000140131,0,0.0,0,0.0
"F, gc on",810,0.04164971599993805,0.0,1,0.0001562060000424026,1,0.0013970929999231885,0,0.0
"F, gc on",811,0.04363230100000237,0.0,2,0.00021306399992226943,0,0.0,0,0.0
"F, gc on",812,0.04431942100006836,0.0,2,0.0001993580000316797,0,0.0,0,0.0
"F, gc on",813,0.04242641299993011,0.0,2,0.00023496599999361933,0,0.0,0,0.0
"F, gc on",814,0.04265199000008124,0.0,2,0.00023799200005214516,0,0.0,0,0.0
"F, gc on",815,0.04203491800001302,0.0,2,0.0002344260000199938,0,0.0,0,0.0
"F, gc on",816,0.046891658000049574,0.0,1,0.00012623999998595536,1,0.001522831999977825,0,0.0
"F, gc on",817,0.039718245000017305,0.0,2,0.00022245200000270415,0,0.0,0,0.0
"F, gc on",818,0.03991982699994878,0.0,2,0.00019414799999140087,0,0.0,0,0.0
"F, gc on",819,0.04680875299993659,0.0,2,0.00021883499994146405,0,0.0,0,0.0
"F, gc on",820,0.04068937300007747,0.0,2,0.00024670800007697835,0,0.0,0,0.0
"F, gc on",821,0.04161650399998962,0.0,2,0.00023638799996206217,0,0.0,0,0.0
"F, gc on",822,0.05719969599999786,0.0,1,0.0002171219999809182,1,0.0028442300000506293,0,0.0
"F, gc on",823,0.04836132500008716,0.0,2,0.0003848410000273361,0,0.0,0,0.0
"F, gc on",824,0.041633380999996916,0.0,2,0.00019237499998325802,0,0.0,0,0.0
"F, gc on",825,0.042292922000001454,0.0,2,0.0002042180000216831,0,0.0,0,0.0
"F, gc on",826,0.040411459999972976,0.0,2,0.00021552999999130407,0,0.0,0,0.0
"F, gc on",827,0.041943859000070915,0.0,2,0.0003273009999702481,0,0.0,0,0.0
"F, gc on",828,0.04457155500006138,0.0,1,0.00014767100003609812,1,0.001272185999937392,0,0.0
"F, gc on",829,0.0489701960000275,0.0,2,0.00036568400003034185,0,0.0,0,0.0
"F, gc on",830,0.04244375400003264,0.0,2,0.0003008209999961764,0,0.0,0,0.0
"F, gc on",831,0.040432269999996606,0.0,2,0.00019259600003351807,0,0.0,0,0.0
"F, gc on",832,0.04377959999999348,0.0,2,0.00022991699995600356,0,0.0,0,0.0
"F, gc on",833,0.037798791000000165,0.0,2,0.00024470500011375407,0,0.0,0,0.0
"F, gc on",834,0.041687368999987484,0.0,1,0.0001061620000655239,1,0.0012626579999732712,0,0.0
"F, gc on",835,0.04106785099997978,0.0,2,0.0002238459999261977,0,0.0,0,0.0
"F, gc on",836,0.03616642999998021,0.0,2,0.0002343239999618163,0,0.0,0,0.0
"F, gc on",837,0.041668146000006345,0.0,2,0.0002011430001402914,0,0.0,0,0.0
"F, gc on",838,0.04283322699996006,0.0,2,0.00024671799997122434,0,0.0,0,0.0
"F, gc on",839,0.041368823999960114,0.0,2,0.00025339000001167733,0,0.0,0,0.0
"F, gc on",840,0.041961789999959365,0.0,1,0.00011492900000575901,1,0.001304446999938591,0,0.0
"F, gc on",841,0.04117489999998725,0.0,2,0.0001952820000497013,0,0.0,0,0.0
"F, gc on",842,0.04131507199997486,0.0,2,0.0002237349999631988,0,0.0,0,0.0
"F, gc on",843,0.0387444799999912,0.0,2,0.00024856199991063477,0,0.0,0,0.0
"F, gc on",844,0.038886886999989656,0.0,2,0.00021268299997245776,0,0.0,0,0.0
"F, gc on",845,0.03899558600005548,0.0,2,0.00022421599999233877,0,0.0,0,0.0
"F, gc on",846,0.040948385999968195,0.0,1,0.00014019599996117904,1,0.0013543709999339626,0,0.0
"F, gc on",847,0.040883200000052966,0.0,2,0.0002225729999736359,0,0.0,0,0.0
"F, gc on",848,0.04192045500008135,0.0,2,0.00021892600000228413,0,0.0,0,0.0
"F, gc on",849,0.04443202499999188,0.0,2,0.0002432810000527752,0,0.0,0,0.0
"F, gc on",850,0.03861694800002624,0.0,2,0.00022277300001860567,0,0.0,0,0.0
"F, gc on",851,0.03805306799995378,0.0,2,0.00025202799997714465,0,0.0,0,0.0
"F, gc on",852,0.039662394000060885,0.0,1,0.0001219609999907334,1,0.0012626570000975335,0,0.0
"F, gc on",853,0.04201559199998428,0.0,2,0.0002257179999105574,0,0.0,0,0.0
"F, gc on",854,0.0427917399999842,0.0,2,0.00019621299998107133,0,0.0,0,0.0
"F, gc on",855,0.038665575999971225,0.0,2,0.00021727299997564842,0,0.0,0,0.0
"F, gc on",856,0.03986339699997643,0.0,2,0.00024878300007458165,0,0.0,0,0.0
"F, gc on",857,0.04045774800010804,0.0,2,0.00018465000005107868,0,0.0,0,0.0
"F, gc on",858,0.04385772499995255,0.0,1,0.0001306380000869467,1,0.0012988359999326349,0,0.0
"F, gc on",859,0.042448692999982995,0.0,2,0.0002353869998614755,0,0.0,0,0.0
"F, gc on",860,0.04256520600006297,0.0,2,0.00024741000004269154,0,0.0,0,0.0
"F, gc on",861,0.04134129999999914,0.0,2,0.00019744500002616405,0,0.0,0,0.0
"F, gc on",862,0.046588463999910346,0.0,2,0.00035904200001368736,0,0.0,0,0.0
"F, gc on",863,0.042485925000050884,0.0,2,0.00026103499999408086,0,0.0,0,0.0
"F, gc on",864,0.044493274999922505,0.0,1,0.00019145300007039623,1,0.0014394229999652453,0,0.0
"F, gc on",865,0.04155027899992092,0.0,2,0.0003507960000206367,0,0.0,0,0.0
"F, gc on",866,0.04396383099992818,0.0,2,0.0003628289999824119,0,0.0,0,0.0
"F, gc on",867,0.04620254999997542,0.0,2,0.0005414979999613934,0,0.0,0,0.0
"F, gc on",868,0.04001349999998638,0.0,2,0.00025592600002255494,0,0.0,0,0.0
"F, gc on",869,0.0417884910000339,0.0,2,0.00024349199998141557,0,0.0,0,0.0
"F, gc on",870,0.04381196299993917,0.0,1,0.00011519800000314717,1,0.00131086899989441,0,0.0
"F, gc on",871,0.05054480599994804,0.0,2,0.0004934469999398061,0,0.0,0,0.0
"F, gc on",872,0.04233066899996629,0.0,2,0.00024516500002391695,0,0.0,0,0.0
"F, gc on",873,0.04340266499991685,0.0,2,0.00032958600013444084,0,0.0,0,0.0
"F, gc on",874,0.0410606689999895,0.0,2,0.00028140500012341363,0,0.0,0,0.0
"F, gc on",875,0.039525789000094846,0.0,2,0.00023598799998580944,0,0.0,0,0.0
"F, gc on",876,0.04253585900005419,0.0,1,0.00010608100001263665,1,0.0014629879999574769,0,0.0
"F, gc on",877,0.03987515300002542,0.0,2,0.00020836499993492907,0,0.0,0,0.0
"F, gc on",878,0.04497052600004281,0.0,2,0.000229085999990275,0,0.0,0,0.0
"F, gc on",879,0.04393981500004429,0.0,2,0.00022687099999529892,0,0.0,0,0.0
"F, gc on",880,0.038970972000015536,0.0,2,0.00024318100008713373,0,0.0,0,0.0
"F, gc on",881,0.04479300499997407,0.0,2,0.0006240039998601787,0,0.0,0,0.0
"F, gc on",882,0.11519230599992625,0.0,1,1.837499996781844e-05,1,0.0014810720000468791,1,0.07426560999999765
"F, gc on",883,0.040953424000008454,0.0,4,0.0002916340000638229,0,0.0,0,0.0
"F, gc on",884,0.03958256700002494,0.0,3,0.00021625000010772055,0,0.0,0,0.0
"F, gc on",885,0.03682182499994724,0.0,2,0.00021853500004453963,0,0.0,0,0.0
"F, gc on",886,0.03901104200008376,0.0,1,7.345900007749151e-05,1,0.0007200469999588677,0,0.0
"F, gc on",887,0.03777826099997128,0.0,2,0.00021845499998107698,0,0.0,0,0.0
"F, gc on",888,0.039510098000050675,0.0,2,0.00018141499992907484,0,0.0,0,0.0
"F, gc on",889,0.041345690000071045,0.0,2,0.00018999099995653523,0,0.0,0,0.0
"F, gc on",890,0.03912070500007303,0.0,2,0.00020214300013776665,0,0.0,0,0.0
"F, gc on",891,0.03954392299999654,0.0,2,0.00019297699998332973,0,0.0,0,0.0
"F, gc on",892,0.04282984199994644,0.0,1,8.780699999988428e-05,1,0.0010947389999955703,0,0.0
"F, gc on",893,0.04291809000005742,0.0,2,0.00019689499993091886,0,0.0,0,0.0
"F, gc on",894,0.0398787749999201,0.0,2,0.00026381199995739735,0,0.0,0,0.0
"F, gc on",895,0.04195454199998494,0.0,2,0.0001786989998890931,0,0.0,0,0.0
"F, gc on",896,0.04322819000003619,0.0,2,0.00022620000004280882,0,0.0,0,0.0
"F, gc on",897,0.037565981999932774,0.0,2,0.00023830200007068925,0,0.0,0,0.0
"F, gc on",898,0.04054873600000519,0.0,1,7.32490000245889e-05,1,0.0011180519999243188,0,0.0
"F, gc on",899,0.04053634900003544,0.0,2,0.00019237499998325802,0,0.0,0,0.0
"F, gc on",900,0.03899752200004514,0.0,2,0.00021874600008686684,0,0.0,0,0.0
"F, gc on",901,0.03874915100004728,0.0,2,0.00018109400002686016,0,0.0,0,0.0
"F, gc on",902,0.0396816890000764,0.0,2,0.0002145279999012928,0,0.0,0,0.0
"F, gc on",903,0.040516796000019895,0.0,2,0.00023922399998355104,0,0.0,0,0.0
"F, gc on",904,0.038434917000017776,0.0,1,9.074199999759003e-05,1,0.0011037459998988197,0,0.0
"F, gc on",905,0.039917532999993455,0.0,2,0.0002308089999587537,0,0.0,0,0.0
"F, gc on",906,0.0431791459999431,0.0,2,0.0002773859998796979,0,0.0,0,0.0
"F, gc on",907,0.03974482399996759,0.0,2,0.00020445899997412198,0,0.0,0,0.0
"F, gc on",908,0.04095797399997991,0.0,2,0.00020236500006376446,0,0.0,0,0.0
"F, gc on",909,0.039271562000067206,0.0,2,0.0002248570000347172,0,0.0,0,0.0
"F, gc on",910,0.045072345999983554,0.0,1,0.00010102199996708805,1,0.0012183129999812081,0,0.0
"F, gc on",911,0.040461057999891636,0.0,2,0.00020199300001877418,0,0.0,0,0.0
"F, gc on",912,0.04100860400001238,0.0,2,0.00019830599990200426,0,0.0,0,0.0
"F, gc on",913,0.042529993000016475,0.0,2,0.00021856499995465128,0,0.0,0,0.0
"F, gc on",914,0.042272159000049214,0.0,2,0.0002270400000270456,0,0.0,0,0.0
"F, gc on",915,0.04045518400005221,0.0,2,0.00019498000006024085,0,0.0,0,0.0
"F, gc on",916,0.038464078999936646,0.0,1,8.935999994719168e-05,1,0.0011761330000581438,0,0.0
"F, gc on",917,0.03768032499999663,0.0,2,0.00020739299998240313,0,0.0,0,0.0
"F, gc on",918,0.03932175099998858,0.0,2,0.00023479599997244804,0,0.0,0,0.0
"F, gc on",919,0.040966716000070846,0.0,2,0.0002023949999738761,0,0.0,0,0.0
"F, gc on",920,0.04271195899991653,0.0,2,0.00020122200010064262,0,0.0,0,0.0
"F, gc on",921,0.044169630000055804,0.0,2,0.00023461500006760616,0,0.0,0,0.0
"F, gc on",922,0.041007326999988436,0.0,1,9.678399999302201e-05,1,0.0012359759999753805,0,0.0
"F, gc on",923,0.04033483500006696,0.0,2,0.00021943699994153576,0,0.0,0,0.0
"F, gc on",924,0.0404705420000937,0.0,2,0.00017701599995234574,0,0.0,0,0.0
"F, gc on",925,0.04403503200001069,0.0,2,0.00023945499992805708,0,0.0,0,0.0
"F, gc on",926,0.038612397999941095,0.0,2,0.00021843499996521132,0,0.0,0,0.0
"F, gc on",927,0.03787933700004942,0.0,2,0.00021629100001518964,0,0.0,0,0.0
"F, gc on",928,0.04170046700005514,0.0,1,8.30980000046111e-05,1,0.0012285130000009303,0,0.0
"F, gc on",929,0.04238828500001546,0.0,2,0.00020556000004035013,0,0.0,0,0.0
"F, gc on",930,0.040431177999948886,0.0,2,0.0002414480001107222,0,0.0,0,0.0
"F, gc on",931,0.04292133499995998,0.0,2,0.00018551099992691888,0,0.0,0,0.0
"F, gc on",932,0.043916330000001835,0.0,2,0.00021252400006233074,0,0.0,0,0.0
"F, gc on",933,0.04021006799996485,0.0,2,0.00020529999994778336,0,0.0,0,0.0
"F, gc on",934,0.045208708000018305,0.0,1,9.397799999533163e-05,1,0.0042504299999563955,0,0.0
"F, gc on",935,0.04065719799996259,0.0,2,0.00023232099999859201,0,0.0,0,0.0
"F, gc on",936,0.040635169999973186,0.0,2,0.00018639500001427223,0,0.0,0,0.0
"F, gc on",937,0.0428464400000621,0.0,2,0.00019908900003429153,0,0.0,0,0.0
"F, gc on",938,0.04281885600005353,0.0,2,0.0002169529999491715,0,0.0,0,0.0
"F, gc on",939,0.039742380999996385,0.0,2,0.00024907199997414864,0,0.0,0,0.0
"F, gc on",940,0.04085084899998037,0.0,1,8.047200003602484e-05,1,0.001201531999981853,0,0.0
"F, gc on",941,0.044792342999926404,0.0,2,0.00022069999999985157,0,0.0,0,0.0
"F, gc on",942,0.04088995500001147,0.0,2,0.00020992800000385614,0,0.0,0,0.0
"F, gc on",943,0.03874668900004963,0.0,2,0.000308064000023478,0,0.0,0,0.0
"F, gc on",944,0.04226361700000325,0.0,2,0.0001993890000449028,0,0.0,0,0.0
"F, gc on",945,0.04159801899993454,0.0,2,0.00019926899994970881,0,0.0,0,0.0
"F, gc on",946,0.0403370740000355,0.0,1,8.410999998886837e-05,1,0.0012556840000570446,0,0.0
"F, gc on",947,0.04259315800004515,0.0,2,0.0002367790000334935,0,0.0,0,0.0
"F, gc on",948,0.04018114399991646,0.0,2,0.00018601399995077372,0,0.0,0,0.0
"F, gc on",949,0.042200476999937564,0.0,2,0.00020581100000072183,0,0.0,0,0.0
"F, gc on",950,0.04325804400002653,0.0,2,0.0002175839999836171,0,0.0,0,0.0
"F, gc on",951,0.04191960499997549,0.0,2,0.00021872499996788974,0,0.0,0,0.0
"F, gc on",952,0.04191388200001711,0.0,1,8.208600002035382e-05,1,0.0011787079999976413,0,0.0
"F, gc on",953,0.04361250800002381,0.0,2,0.00023331299996698363,0,0.0,0,0.0
"F, gc on",954,0.04176150000000689,0.0,2,0.00021079099997223238,0,0.0,0,0.0
"F, gc on",955,0.038817520999941735,0.0,2,0.0002373410000018339,0,0.0,0,0.0
"F, gc on",956,0.04047108399993249,0.0,2,0.00018527200006701605,0,0.0,0,0.0
"F, gc on",957,0.0419571500000302,0.0,2,0.00021716300000207411,0,0.0,0,0.0
"F, gc on",958,0.044063388000040504,0.0,1,0.00010113199994066235,1,0.0012763739999854806,0,0.0
"F, gc on",959,0.04323259299997062,0.0,2,0.0002238149999129746,0,0.0,0,0.0
"F, gc on",960,0.040891386999987844,0.0,2,0.00019780499997068546,0,0.0,0,0.0
"F, gc on",961,0.042868819999966945,0.0,2,0.00023679000003085093,0,0.0,0,0.0
"F, gc on",962,0.03947524800003066,0.0,2,0.0002225630000793899,0,0.0,0,0.0
"F, gc on",963,0.04251206499998261,0.0,2,0.0002399050000576608,0,0.0,0,0.0
"F, gc on",964,0.04258215699996981,0.0,1,0.00011203299993667315,1,0.0013823539999293644,0,0.0
"F, gc on",965,0.040836542000079135,0.0,2,0.0001934570000230451,0,0.0,0,0.0
"F, gc on",966,0.044044353000003866,0.0,2,0.00020285499999772583,0,0.0,0,0.0
"F, gc on",967,0.040817386000071565,0.0,2,0.0002182839999704811,0,0.0,0,0.0
"F, gc on",968,0.04322191300002487,0.0,2,0.00022509699988404464,0,0.0,0,0.0
"F, gc on",969,0.04208454199999778,0.0,2,0.00022382600002401887,0,0.0,0,0.0
"F, gc on",970,0.04091096299998753,0.0,1,7.975200003329519e-05,1,0.001248890999931973,0,0.0
"F, gc on",971,0.03904662599995845,0.0,2,0.0002041380000719073,0,0.0,0,0.0
"F, gc on",972,0.039396298999918145,0.0,2,0.00018879799995374924,0,0.0,0,0.0
"F, gc on",973,0.04030665599998429,0.0,2,0.00021209200008343032,0,0.0,0,0.0
"F, gc on",974,0.04370785900005103,0.0,2,0.0002347360000385379,0,0.0,0,0.0
"F, gc on",975,0.042636010000023816,0.0,2,0.00021689200002583675,0,0.0,0,0.0
"F, gc on",976,0.04138680400001249,0.0,1,9.391800006142148e-05,1,0.001539312999966569,0,0.0
"F, gc on",977,0.03918842799998856,0.0,2,0.00022979599998507183,0,0.0,0,0.0
"F, gc on",978,0.04229992599994148,0.0,2,0.00020603199993729504,0,0.0,0,0.0
"F, gc on",979,0.040886898999929144,0.0,2,0.0002248270000109187,0,0.0,0,0.0
"F, gc on",980,0.0372037749999663,0.0,2,0.00019007199989573564,0,0.0,0,0.0
"F, gc on",981,0.04014239000002817,0.0,2,0.00021819400001277245,0,0.0,0,0.0
"F, gc on",982,0.04165307300002041,0.0,1,0.00010751400009212375,1,0.0013580490000322243,0,0.0
"F, gc on",983,0.03656018800006677,0.0,2,0.000224585999944793,0,0.0,0,0.0
"F, gc on",984,0.040006676999951196,0.0,2,0.0002598529999886523,0,0.0,0,0.0
"F, gc on",985,0.037571247999949264,0.0,2,0.0001973749998569474,0,0.0,0,0.0
"F, gc on",986,0.037004428000045664,0.0,2,0.0002500439999266746,0,0.0,0,0.0
"F, gc on",987,0.04043781099994703,0.0,2,0.00021441699993829388,0,0.0,0,0.0
"F, gc on",988,0.042052537000017765,0.0,1,9.288599994761171e-05,1,0.0013401240000803227,0,0.0
"F, gc on",989,0.04168819999995321,0.0,2,0.00022990699994807073,0,0.0,0,0.0
"F, gc on",990,0.039392926999994415,0.0,2,0.00020584100002452033,0,0.0,0,0.0
"F, gc on",991,0.04149341999993794,0.0,2,0.0002088470000671805,0,0.0,0,0.0
"F, gc on",992,0.04037402500000553,0.0,2,0.0002077950000511919,0,0.0,0,0.0
"F, gc on",993,0.040000445000032414,0.0,2,0.00021851500002867397,0,0.0,0,0.0
"F, gc on",994,0.04065867500003151,0.0,1,7.574400001431059e-05,1,0.0012527889999773834,0,0.0
"F, gc on",995,0.04405766900003982,0.0,2,0.0003043079999542897,0,0.0,0,0.0
"F, gc on",996,0.04005403799999385,0.0,2,0.00024988400002712297,0,0.0,0,0.0
"F, gc on",997,0.03949013700002979,0.0,2,0.00023549800005184807,0,0.0,0,0.0
"F, gc on",998,0.04112951800004794,0.0,2,0.0002077640000379688,0,0.0,0,0.0
"F, gc on",999,0.036931177000042226,0.0,2,0.00027007199992112874,0,0.0,0,0.0
"F, gc on",1000,0.0445948279999584,0.0,1,7.731599998805905e-05,1,0.0014227510000637267,0,0.0
