arm,iteration,time_ms
gc_enabled,0,2.32030000006489
gc_enabled,1,1.569500000186963
gc_enabled,2,1.482900000155496
gc_enabled,3,1.52909999997064
gc_enabled,4,1.5176999995674123
gc_enabled,5,1.5754000005472335
gc_enabled,6,1.5176000006249524
gc_enabled,7,1.7047999999704189
gc_enabled,8,1.7046000002665096
gc_enabled,9,1.661199999944074
gc_enabled,10,1.487700000325276
gc_enabled,11,2.130100000613311
gc_enabled,12,2.515999999559426
gc_enabled,13,2.658099999280239
gc_enabled,14,1.4551000003848458
gc_enabled,15,2.000200000111363
gc_enabled,16,1.5738000001874752
gc_enabled,17,1.4959000000089873
gc_enabled,18,1.5128000004551723
gc_enabled,19,1.5336999995270162
gc_enabled,20,1.5788999999131192
gc_enabled,21,1.4541999998982647
gc_enabled,22,1.6881000001376378
gc_enabled,23,1.4897000000928529
gc_enabled,24,1.932699999997567
gc_enabled,25,1.6101999999591499
gc_enabled,26,2.7941000007558614
gc_enabled,27,1.5553000002910267
gc_enabled,28,3.200499999366002
gc_enabled,29,1.554999999825668
gc_enabled,30,1.4470999994955491
gc_enabled,31,1.494299999649229
gc_enabled,32,1.5496000005441601
gc_enabled,33,1.5664000002288958
gc_enabled,34,1.5327000000979751
gc_enabled,35,1.595400000041991
gc_enabled,36,1.552599999740778
gc_enabled,37,1.671600000008766
gc_enabled,38,1.5321999999287073
gc_enabled,39,1.443699999981618
gc_enabled,40,1.68519999988348
gc_enabled,41,1.4275000003181049
gc_enabled,42,1.3639999997394625
gc_enabled,43,1.2311999998928513
gc_enabled,44,2.701500000512169
gc_enabled,45,1.342300000032992
gc_enabled,46,1.2956000000485801
gc_enabled,47,1.4029000003574765
gc_enabled,48,1.2686999998550164
gc_enabled,49,1.3525999993362348
gc_enabled,50,1.2864999998782878
gc_enabled,51,1.3397000002441928
gc_enabled,52,1.3459000001603272
gc_enabled,53,1.3197999996918952
gc_enabled,54,1.3238999999884982
gc_enabled,55,1.4962000004743459
gc_enabled,56,1.3373000001593027
gc_enabled,57,1.3001000006624963
gc_enabled,58,1.3847000000168919
gc_enabled,59,1.57870000020921
gc_enabled,60,1.501799999459763
gc_enabled,61,1.4673000005132053
gc_enabled,62,1.569799999742827
gc_enabled,63,1.4727999996466679
gc_enabled,64,1.3627999996970175
gc_enabled,65,1.2960000003658934
gc_enabled,66,1.2665000003835303
gc_enabled,67,1.533499999823107
gc_enabled,68,1.3373000001593027
gc_enabled,69,1.427000000148837
gc_enabled,70,1.2836999994760845
gc_enabled,71,1.3694999997824198
gc_enabled,72,1.2433000001692562
gc_enabled,73,1.3522999997803709
gc_enabled,74,1.2100000003556488
gc_enabled,75,1.298799999858602
gc_enabled,76,1.3483000002452172
gc_enabled,77,1.276299999517505
gc_enabled,78,1.2673999999606167
gc_enabled,79,1.2980000001334702
gc_enabled,80,1.5985999998520128
gc_enabled,81,1.4445000006162445
gc_enabled,82,1.3004000002183602
gc_enabled,83,1.388300000144227
gc_enabled,84,1.361900000119931
gc_enabled,85,1.3484999999491265
gc_enabled,86,1.2693999997281935
gc_enabled,87,1.3095000003886526
gc_enabled,88,1.2488000002122135
gc_enabled,89,1.319599999987986
gc_enabled,90,1.3842999996995786
gc_enabled,91,1.3804000000163796
gc_enabled,92,1.2335999999777414
gc_enabled,93,1.5621000002283836
gc_enabled,94,2.2284999995463295
gc_enabled,95,1.5806000001248321
gc_enabled,96,1.543899999887799
gc_enabled,97,1.3477000002239947
gc_enabled,98,1.9394999999349238
gc_enabled,99,1.5536999999312684
gc_enabled,100,1.2968999999429798
gc_enabled,101,1.508800000010524
gc_enabled,102,1.5347000007750466
gc_enabled,103,1.4381000000867061
gc_enabled,104,1.5057999999044114
gc_enabled,105,1.3398000000961474
gc_enabled,106,1.3893000004827627
gc_enabled,107,1.3352999994822312
gc_enabled,108,1.669700000093144
gc_enabled,109,1.455599999644619
gc_enabled,110,1.4694999999846914
gc_enabled,111,1.3318000001163455
gc_enabled,112,1.3548999995691702
gc_enabled,113,1.2640999993891455
gc_enabled,114,1.3864000002286048
gc_enabled,115,1.2826000001950888
gc_enabled,116,1.300900000387628
gc_enabled,117,1.23150000035821
gc_enabled,118,1.2964999996256665
gc_enabled,119,1.3048999999227817
gc_enabled,120,1.2483000000429456
gc_enabled,121,1.2650999997276813
gc_enabled,122,1.315200000135519
gc_enabled,123,1.395500000398897
gc_enabled,124,1.3554999995903927
gc_enabled,125,1.3697000003958237
gc_enabled,126,1.2569999998959247
gc_enabled,127,1.2577999996210565
gc_enabled,128,1.3876000002710498
gc_enabled,129,1.3586000004579546
gc_enabled,130,1.2393999995765625
gc_enabled,131,1.235400000041409
gc_enabled,132,1.272900000003574
gc_enabled,133,1.5538999996351777
gc_enabled,134,1.2521999997261446
gc_enabled,135,1.4248999996198108
gc_enabled,136,1.4949000005799462
gc_enabled,137,1.355399999738438
gc_enabled,138,1.287899999624642
gc_enabled,139,1.2644000007639988
gc_enabled,140,1.2337000007391907
gc_enabled,141,2.8122000003349967
gc_enabled,142,1.3030000000071595
gc_enabled,143,1.4010999993843143
gc_enabled,144,1.3386000000537024
gc_enabled,145,1.5957999994498095
gc_enabled,146,1.2648000001718174
gc_enabled,147,1.2896999996883096
gc_enabled,148,1.215500000398606
gc_enabled,149,1.382000000376138
gc_enabled,150,1.5750000002299203
gc_enabled,151,1.3296999995873193
gc_enabled,152,1.302900000155205
gc_enabled,153,1.5038000001368346
gc_enabled,154,1.3204000006226124
gc_enabled,155,1.272900000003574
gc_enabled,156,1.34280000020226
gc_enabled,157,2.748099999735132
gc_enabled,158,1.4649999993707752
gc_enabled,159,1.4573999997082865
gc_enabled,160,1.2852999998358428
gc_enabled,161,1.221100000293518
gc_enabled,162,1.429400000233727
gc_enabled,163,1.2149000003773835
gc_enabled,164,1.2215000006108312
gc_enabled,165,1.2286999999560066
gc_enabled,166,1.3926000001447392
gc_enabled,167,1.3116999998601386
gc_enabled,168,1.4184999999997672
gc_enabled,169,1.27749999955995
gc_enabled,170,1.4215000001058797
gc_enabled,171,1.3055999997959589
gc_enabled,172,1.3347000003705034
gc_enabled,173,1.297800000429561
gc_enabled,174,2.347599999666272
gc_enabled,175,1.3160999997126055
gc_enabled,176,1.401199999236269
gc_enabled,177,1.3707999996768194
gc_enabled,178,1.36579999980313
gc_enabled,179,1.3697000003958237
gc_enabled,180,1.3484999999491265
gc_enabled,181,1.2867999994341517
gc_enabled,182,1.2937999999849126
gc_enabled,183,1.2979000002815155
gc_enabled,184,1.3255000003482564
gc_enabled,185,1.2578999994730111
gc_enabled,186,1.3122000000294065
gc_enabled,187,1.3802000003124704
gc_enabled,188,1.3441999999486143
gc_enabled,189,1.326100000369479
gc_enabled,190,2.5931000000127824
gc_enabled,191,1.3673000003109337
gc_enabled,192,1.3286000003063236
gc_enabled,193,1.402599999892118
gc_enabled,194,1.2882999999419553
gc_enabled,195,1.4065999994272715
gc_enabled,196,1.3146000001142966
gc_enabled,197,1.5669999993406236
gc_enabled,198,1.2851999999838881
gc_enabled,199,1.3897999997425359
gc_enabled,200,1.2817999995604623
gc_enabled,201,1.4072999993004487
gc_enabled,202,1.3032999995630234
gc_enabled,203,1.2103999997634673
gc_enabled,204,1.259800000298128
gc_enabled,205,1.266100000066217
gc_enabled,206,1.2517000004663714
gc_enabled,207,1.249499999175896
gc_enabled,208,1.3022000002820278
gc_enabled,209,1.2868000003436464
gc_enabled,210,1.226400000632566
gc_enabled,211,1.3229000005594571
gc_enabled,212,1.2902999997095321
gc_enabled,213,1.4182000004439033
gc_enabled,214,1.470799999879091
gc_enabled,215,1.278900000215799
gc_enabled,216,1.2587000001076376
gc_enabled,217,1.314200000706478
gc_enabled,218,1.2487000003602589
gc_enabled,219,1.2592999992193654
gc_enabled,220,1.2159000007159193
gc_enabled,221,1.3024999998378917
gc_enabled,222,1.2940999995407765
gc_enabled,223,1.240499999767053
gc_enabled,224,1.366000000416534
gc_enabled,225,1.4029999992999365
gc_enabled,226,1.2999000000490923
gc_enabled,227,1.3531999993574573
gc_enabled,228,1.2802999999621534
gc_enabled,229,1.2858000000051106
gc_enabled,230,1.2814000001526438
gc_enabled,231,1.4206000005287933
gc_enabled,232,1.3301999997565872
gc_enabled,233,1.4104000001680106
gc_enabled,234,1.2600000000020373
gc_enabled,235,1.3640999995914171
gc_enabled,236,1.258100000086415
gc_enabled,237,1.3444999995044782
gc_enabled,238,1.4067000001887209
gc_enabled,239,1.2558999997054343
gc_enabled,240,1.5631999995093793
gc_enabled,241,1.3085999999020714
gc_enabled,242,1.295800000661984
gc_enabled,243,1.2637999998332816
gc_enabled,244,1.3060999999652267
gc_enabled,245,1.2409000000843662
gc_enabled,246,1.23879999955534
gc_enabled,247,1.1994000005870475
gc_enabled,248,1.4655999993919977
gc_enabled,249,1.279400000385067
gc_enabled,250,1.2656999997489038
gc_enabled,251,1.2136000004829839
gc_enabled,252,1.2490000008256175
gc_enabled,253,1.2415999999575433
gc_enabled,254,1.2053000000378233
gc_enabled,255,1.2944999998580897
gc_enabled,256,1.3652999996338622
gc_enabled,257,1.2649999998757266
gc_enabled,258,1.2569999998959247
gc_enabled,259,1.278200000342622
gc_enabled,260,1.409599999533384
gc_enabled,261,1.5175999997154577
gc_enabled,262,1.3822999999320018
gc_enabled,263,1.2931000001117354
gc_enabled,264,1.4006000001245411
gc_enabled,265,1.2759999999616412
gc_enabled,266,1.2501000001066132
gc_enabled,267,1.2930000002597808
gc_enabled,268,1.4046999995116494
gc_enabled,269,1.2373999998089857
gc_enabled,270,1.2292999999772292
gc_enabled,271,1.435000000128639
gc_enabled,272,1.2760999998135958
gc_enabled,273,1.2987000000066473
gc_enabled,274,1.3843999995515333
gc_enabled,275,1.3017999999647145
gc_enabled,276,1.2839000000894885
gc_enabled,277,1.3000999997530016
gc_enabled,278,1.338699999905657
gc_enabled,279,1.3501000003088848
gc_enabled,280,1.2894000001324457
gc_enabled,281,1.298799999858602
gc_enabled,282,1.408399999490939
gc_enabled,283,1.670399999966321
gc_enabled,284,1.3397999991866527
gc_enabled,285,1.269900000806956
gc_enabled,286,1.2454000006982824
gc_enabled,287,2.764799999567913
gc_enabled,288,1.3540999998440384
gc_enabled,289,1.2908999997307546
gc_enabled,290,1.2510999995356542
gc_enabled,291,1.364599999760685
gc_enabled,292,1.2778999998772633
gc_enabled,293,1.258600000255683
gc_enabled,294,1.3453999999910593
gc_enabled,295,1.383699999678356
gc_enabled,296,1.2737999995806604
gc_enabled,297,1.2601999997059465
gc_enabled,298,1.2995999995837337
gc_enabled,299,1.4068999998926301
gc_enabled,300,1.2700999996013707
gc_enabled,301,1.3275999999677879
gc_enabled,302,1.2277000005269656
gc_enabled,303,2.6953999995384947
gc_enabled,304,1.2932999998156447
gc_enabled,305,1.232499999787251
gc_enabled,306,1.3368999998419895
gc_enabled,307,1.2695000004896428
gc_enabled,308,1.2398999997458304
gc_enabled,309,1.3131999994584476
gc_enabled,310,1.3078000001769396
gc_enabled,311,1.3695000006919145
gc_enabled,312,1.2330999998084735
gc_enabled,313,1.276500000130909
gc_enabled,314,1.453800000490446
gc_enabled,315,1.347899999927904
gc_enabled,316,1.3251999998828978
gc_enabled,317,1.4381000000867061
gc_enabled,318,1.3700999998036423
gc_enabled,319,1.344999999673746
gc_enabled,320,1.2468999993870966
gc_enabled,321,1.4393999999811058
gc_enabled,322,1.3988000000608736
gc_enabled,323,1.442499999939173
gc_enabled,324,1.4203000000634347
gc_enabled,325,1.2995999995837337
gc_enabled,326,1.3724000000365777
gc_enabled,327,1.384199999847624
gc_enabled,328,1.7095000002882443
gc_enabled,329,2.680700000382785
gc_enabled,330,1.5475999998670886
gc_enabled,331,1.323400000728725
gc_enabled,332,1.307499999711581
gc_enabled,333,1.2785000008079805
gc_enabled,334,1.3963000001240289
gc_enabled,335,1.2435999997251201
gc_enabled,336,1.283300000068266
gc_enabled,337,1.4639000000897795
gc_enabled,338,1.2640000004466856
gc_enabled,339,1.3080999997328036
gc_enabled,340,1.2040999999953783
gc_enabled,341,1.2802999999621534
gc_enabled,342,1.2381000005916576
gc_enabled,343,1.2638999996852363
gc_enabled,344,1.2002000003121793
gc_enabled,345,1.192300000184332
gc_enabled,346,1.2230000002091401
gc_enabled,347,1.3849000006302958
gc_enabled,348,1.2186999992991332
gc_enabled,349,1.2174000003142282
gc_enabled,350,1.2485999995988095
gc_enabled,351,1.2575999999171472
gc_enabled,352,1.2513000001490582
gc_enabled,353,1.2260000003152527
gc_enabled,354,1.2434000000212109
gc_enabled,355,1.7700000007607741
gc_enabled,356,1.4962000004743459
gc_enabled,357,1.2872000006609596
gc_enabled,358,1.434499999959371
gc_enabled,359,1.5250000005835318
gc_enabled,360,1.3259999996080296
gc_enabled,361,1.2956999999005347
gc_enabled,362,1.4295999999376363
gc_enabled,363,1.3935999995737802
gc_enabled,364,1.3191999996706727
gc_enabled,365,1.2498000005507492
gc_enabled,366,1.5542000001005363
gc_enabled,367,1.3232999999672757
gc_enabled,368,1.2067999996361323
gc_enabled,369,1.4038999997865176
gc_enabled,370,1.30650000028254
gc_enabled,371,1.3382999995883438
gc_enabled,372,1.241400000253634
gc_enabled,373,1.2502999998105224
gc_enabled,374,1.3146999999662512
gc_enabled,375,1.206300000376359
gc_enabled,376,1.2741999998979736
gc_enabled,377,1.2926999997944222
gc_enabled,378,1.298299999689334
gc_enabled,379,1.2731999995594379
gc_enabled,380,1.324199999544362
gc_enabled,381,1.2364000003799447
gc_enabled,382,1.2948000003234483
gc_enabled,383,1.389500000186672
gc_enabled,384,1.4472000002569985
gc_enabled,385,1.258100000086415
gc_enabled,386,1.4754000003449619
gc_enabled,387,1.2733000003208872
gc_enabled,388,1.4262000004237052
gc_enabled,389,1.3182000002416316
gc_enabled,390,1.3610999994853046
gc_enabled,391,1.268500000151107
gc_enabled,392,1.2880999993285513
gc_enabled,393,1.2290000004213653
gc_enabled,394,1.3424999997369014
gc_enabled,395,1.245299999936833
gc_enabled,396,1.2163999999756925
gc_enabled,397,1.2863000001743785
gc_enabled,398,1.3206000003265217
gc_enabled,399,1.1806000002252404
gc_enabled,400,1.2362999996184953
gc_enabled,401,1.2278000003789202
gc_enabled,402,1.4431999998123501
gc_enabled,403,1.2751999993270147
gc_enabled,404,1.2540999996417668
gc_enabled,405,1.3810999998895568
gc_enabled,406,1.3732999996136641
gc_enabled,407,1.2992000001759152
gc_enabled,408,1.3196999998399406
gc_enabled,409,1.4310999995359452
gc_enabled,410,1.3364999995246762
gc_enabled,411,1.250399999662477
gc_enabled,412,1.2507000001278357
gc_enabled,413,1.3013999996474013
gc_enabled,414,1.2413000004016794
gc_enabled,415,1.2454999996407423
gc_enabled,416,1.219600000695209
gc_enabled,417,2.5945999996110913
gc_enabled,418,1.270499999918684
gc_enabled,419,1.204199999847333
gc_enabled,420,1.315700000304787
gc_enabled,421,1.3254999994387617
gc_enabled,422,1.2262999998711166
gc_enabled,423,1.2917000003653811
gc_enabled,424,1.1969999995926628
gc_enabled,425,1.339899999948102
gc_enabled,426,1.2333000004218775
gc_enabled,427,1.666299999669718
gc_enabled,428,1.7698999999993248
gc_enabled,429,2.131300000655756
gc_enabled,430,1.4767999991818215
gc_enabled,431,1.244099999894388
gc_enabled,432,1.2585000004037283
gc_enabled,433,2.790399999867077
gc_enabled,434,1.2388999994072947
gc_enabled,435,1.2113000002500485
gc_enabled,436,1.2618000000657048
gc_enabled,437,1.2630000001081498
gc_enabled,438,1.2311000000408967
gc_enabled,439,1.2190999996164464
gc_enabled,440,1.2937999999849126
gc_enabled,441,1.2550999999803025
gc_enabled,442,1.2253999993845355
gc_enabled,443,1.230799999575538
gc_enabled,444,1.2638999996852363
gc_enabled,445,1.5693000004830537
gc_enabled,446,1.2684000002991525
gc_enabled,447,1.2074000005668495
gc_enabled,448,1.2974999999642023
gc_enabled,449,1.3429999999061693
gc_enabled,450,1.2989999995625112
gc_enabled,451,1.2771000001521315
gc_enabled,452,1.455599999644619
gc_enabled,453,1.293499999519554
gc_enabled,454,1.2521999997261446
gc_enabled,455,1.4522999999826425
gc_enabled,456,1.2994000007893192
gc_enabled,457,1.359200000479177
gc_enabled,458,1.2540999996417668
gc_enabled,459,1.2808000001314213
gc_enabled,460,1.3548000006267102
gc_enabled,461,1.2248000002728077
gc_enabled,462,1.206800000545627
gc_enabled,463,1.3535000007323106
gc_enabled,464,1.3263999999253429
gc_enabled,465,1.2058000002070912
gc_enabled,466,1.284299999497307
gc_enabled,467,1.2323000000833417
gc_enabled,468,1.3069000005998532
gc_enabled,469,1.2212999999974272
gc_enabled,470,1.3314999996509869
gc_enabled,471,1.2701999994533253
gc_enabled,472,1.3699999999516876
gc_enabled,473,1.2597000004461734
gc_enabled,474,1.2579000003825058
gc_enabled,475,1.293700000132958
gc_enabled,476,1.4845999994577141
gc_enabled,477,1.2488000002122135
gc_enabled,478,1.2170999998488696
gc_enabled,479,1.242899999851943
gc_enabled,480,1.2937999999849126
gc_enabled,481,1.3104999998176936
gc_enabled,482,1.246499999979278
gc_enabled,483,1.392199999827426
gc_enabled,484,1.2454999996407423
gc_enabled,485,1.2938999998368672
gc_enabled,486,1.2671000004047528
gc_enabled,487,1.3066000001344946
gc_enabled,488,1.2373999998089857
gc_enabled,489,1.4337000002342393
gc_enabled,490,1.2944999998580897
gc_enabled,491,1.3225000002421439
gc_enabled,492,1.2575999999171472
gc_enabled,493,1.377699999466131
gc_enabled,494,1.283000000512402
gc_enabled,495,1.4866000001347857
gc_enabled,496,1.2986000001546927
gc_enabled,497,1.5306000004784437
gc_enabled,498,1.3947999996162253
gc_enabled,499,1.3722000003326684
gc_enabled,500,1.2758000002577319
gc_enabled,501,1.311600000008184
gc_enabled,502,1.3116999998601386
gc_enabled,503,1.3300999999046326
gc_enabled,504,1.286699999582197
gc_enabled,505,1.2597000004461734
gc_enabled,506,1.310100000409875
gc_enabled,507,1.3375000007727067
gc_enabled,508,1.2715000002572197
gc_enabled,509,1.3109000001350068
gc_enabled,510,1.1989000004177797
gc_enabled,511,1.3320999996722094
gc_enabled,512,1.2036000007356051
gc_enabled,513,1.5737999992779805
gc_enabled,514,1.3537999993786798
gc_enabled,515,1.311600000008184
gc_enabled,516,1.4926000003470108
gc_enabled,517,1.3526000002457295
gc_enabled,518,1.2435999997251201
gc_enabled,519,1.4209999999366119
gc_enabled,520,1.387100000101782
gc_enabled,521,1.280399999814108
gc_enabled,522,1.2991000003239606
gc_enabled,523,1.2055999995936872
gc_enabled,524,1.3160999997126055
gc_enabled,525,1.22060000012425
gc_enabled,526,1.2364000003799447
gc_enabled,527,1.226899999892339
gc_enabled,528,1.2838999991799938
gc_enabled,529,1.231299999744806
gc_enabled,530,1.4336000003822846
gc_enabled,531,1.2472999997044099
gc_enabled,532,1.3430999997581239
gc_enabled,533,1.1927000005016453
gc_enabled,534,1.411799999914365
gc_enabled,535,1.253000000360771
gc_enabled,536,1.442200000383309
gc_enabled,537,1.3871999999537366
gc_enabled,538,1.289300000280491
gc_enabled,539,1.2227999995957362
gc_enabled,540,1.334599999609054
gc_enabled,541,1.2986000001546927
gc_enabled,542,1.270499999918684
gc_enabled,543,1.2149000003773835
gc_enabled,544,1.3572999996540602
gc_enabled,545,1.2858000000051106
gc_enabled,546,1.197399999909976
gc_enabled,547,1.220399999510846
gc_enabled,548,1.5024000003904803
gc_enabled,549,1.2732000004689326
gc_enabled,550,1.2661999999181717
gc_enabled,551,1.2971999994988437
gc_enabled,552,1.2497999996412545
gc_enabled,553,1.2664999994740356
gc_enabled,554,1.215500000398606
gc_enabled,555,1.3850000004822505
gc_enabled,556,1.2505999993663863
gc_enabled,557,1.2333999993643374
gc_enabled,558,1.286900000195601
gc_enabled,559,1.276500000130909
gc_enabled,560,1.2541000005512615
gc_enabled,561,1.2270000006537884
gc_enabled,562,1.2117999995098216
gc_enabled,563,2.615200000036566
gc_enabled,564,1.3073999998596264
gc_enabled,565,1.3881999993827776
gc_enabled,566,1.6166000004886882
gc_enabled,567,1.4356000001498614
gc_enabled,568,1.305399999182555
gc_enabled,569,1.2737000006382004
gc_enabled,570,1.319300000432122
gc_enabled,571,1.3070000004518079
gc_enabled,572,1.212899999700312
gc_enabled,573,1.7933999997694627
gc_enabled,574,1.457999999729509
gc_enabled,575,1.5118999999685911
gc_enabled,576,1.289599999836355
gc_enabled,577,1.226899999892339
gc_enabled,578,1.3889000001654495
gc_enabled,579,2.678800000467163
gc_enabled,580,1.4812999997957377
gc_enabled,581,1.3274000002638786
gc_enabled,582,1.306000000113272
gc_enabled,583,1.2968999999429798
gc_enabled,584,1.3073000000076718
gc_enabled,585,1.2445000002117013
gc_enabled,586,1.434499999959371
gc_enabled,587,1.4162999996187864
gc_enabled,588,1.341399999546411
gc_enabled,589,1.2759000001096865
gc_enabled,590,1.3080999997328036
gc_enabled,591,1.3402000004134607
gc_enabled,592,1.2463000002753688
gc_enabled,593,1.2382000004436122
gc_enabled,594,1.2761000007230905
gc_enabled,595,1.2921000006826944
gc_enabled,596,1.2188000000605825
gc_enabled,597,1.2265999994269805
gc_enabled,598,1.4400000000023283
gc_enabled,599,1.4479999999821302
gc_enabled,600,1.320500000474567
gc_enabled,601,1.2925999999424675
gc_enabled,602,1.3011000000915374
gc_enabled,603,1.205399999889778
gc_enabled,604,1.2604000003193505
gc_enabled,605,1.2383999992380268
gc_enabled,606,1.3567999994847924
gc_enabled,607,1.2289000005694106
gc_enabled,608,1.282300000639225
gc_enabled,609,1.2866000006397371
gc_enabled,610,1.3382999995883438
gc_enabled,611,1.3138999993316247
gc_enabled,612,1.2193000002298504
gc_enabled,613,1.2329000001045642
gc_enabled,614,1.922299999932875
gc_enabled,615,2.013199999964854
gc_enabled,616,1.950099999703525
gc_enabled,617,1.617199999600416
gc_enabled,618,1.4186999997036764
gc_enabled,619,1.2864999998782878
gc_enabled,620,1.425500000550528
gc_enabled,621,1.3317999992068508
gc_enabled,622,1.3299999991431832
gc_enabled,623,1.387100000101782
gc_enabled,624,1.2839000000894885
gc_enabled,625,1.281800000469957
gc_enabled,626,1.3134999999238062
gc_enabled,627,1.2483000000429456
gc_enabled,628,1.3047000002188724
gc_enabled,629,1.3414999993983656
gc_enabled,630,1.3465999991240096
gc_enabled,631,1.2436999995770748
gc_enabled,632,1.2090999998690677
gc_enabled,633,1.3791999999739346
gc_enabled,634,1.3349999999263673
gc_enabled,635,1.3599000003523543
gc_enabled,636,1.302900000155205
gc_enabled,637,1.3109999999869615
gc_enabled,638,1.403299999765295
gc_enabled,639,1.2639999995371909
gc_enabled,640,1.3576999999713735
gc_enabled,641,1.2955000001966255
gc_enabled,642,1.2034000001222012
gc_enabled,643,1.2085000007573399
gc_enabled,644,1.219699999637669
gc_enabled,645,1.2645999995584134
gc_enabled,646,1.232700000400655
gc_enabled,647,1.2164999998276471
gc_enabled,648,1.60409999989497
gc_enabled,649,1.4096999993853387
gc_enabled,650,1.2838000002375338
gc_enabled,651,1.3073999998596264
gc_enabled,652,1.3281000001370558
gc_enabled,653,1.3518000005205977
gc_enabled,654,1.2659000003623078
gc_enabled,655,1.3033000004725181
gc_enabled,656,1.3380000000324799
gc_enabled,657,1.3303999994604965
gc_enabled,658,1.2180000003354507
gc_enabled,659,1.457700000173645
gc_enabled,660,1.2967000002390705
gc_enabled,661,1.4143999997031642
gc_enabled,662,1.2505999993663863
gc_enabled,663,1.5120999996725004
gc_enabled,664,1.6037000004871516
gc_enabled,665,1.4006999999764957
gc_enabled,666,1.3656999999511754
gc_enabled,667,1.3071000003037625
gc_enabled,668,1.3381999997363891
gc_enabled,669,1.3239999998404528
gc_enabled,670,1.2021000002278015
gc_enabled,671,1.3477000002239947
gc_enabled,672,1.3683999995919294
gc_enabled,673,1.273800000490155
gc_enabled,674,1.2662999997701263
gc_enabled,675,1.2153000006946968
gc_enabled,676,2.6530999994065496
gc_enabled,677,1.2400000005072798
gc_enabled,678,1.361699999506527
gc_enabled,679,1.2974000001122477
gc_enabled,680,1.3497999998435262
gc_enabled,681,1.2480999994295416
gc_enabled,682,1.251100000445149
gc_enabled,683,1.264900000023772
gc_enabled,684,1.4057999997021398
gc_enabled,685,1.5705999994679587
gc_enabled,686,1.3539999999920838
gc_enabled,687,1.2832000002163113
gc_enabled,688,1.3929999995525577
gc_enabled,689,1.2053000000378233
gc_enabled,690,1.2206999999762047
gc_enabled,691,1.205600000503182
gc_enabled,692,2.791099999740254
gc_enabled,693,1.2743999996018829
gc_enabled,694,1.4748000003237394
gc_enabled,695,1.3144000004103873
gc_enabled,696,1.2388999994072947
gc_enabled,697,1.4037000000826083
gc_enabled,698,1.2355999997453182
gc_enabled,699,1.2499000004027039
gc_enabled,700,1.3117999997120933
gc_enabled,701,1.3263000000733882
gc_enabled,702,1.2972000004083384
gc_enabled,703,1.4587000005121808
gc_enabled,704,1.2824999994336395
gc_enabled,705,1.341399999546411
gc_enabled,706,1.2332999995123828
gc_enabled,707,1.3951000000815839
gc_enabled,708,1.3460000000122818
gc_enabled,709,2.558399999543326
gc_enabled,710,1.280399999814108
gc_enabled,711,1.307700000324985
gc_enabled,712,1.341399999546411
gc_enabled,713,1.4280000004873727
gc_enabled,714,1.2864000000263331
gc_enabled,715,1.4950999993743608
gc_enabled,716,1.2422999998307205
gc_enabled,717,1.2727000002996647
gc_enabled,718,1.312800000050629
gc_enabled,719,1.2126000001444481
gc_enabled,720,1.2911000003441586
gc_enabled,721,1.5905000000202563
gc_enabled,722,1.3105000007271883
gc_enabled,723,1.3443000007100636
gc_enabled,724,1.220399999510846
gc_enabled,725,2.8367000004436704
gc_enabled,726,1.2721000002784422
gc_enabled,727,1.247000000148546
gc_enabled,728,1.3429000000542146
gc_enabled,729,1.2399000006553251
gc_enabled,730,1.2563000000227476
gc_enabled,731,1.2251999996806262
gc_enabled,732,1.3143000005584327
gc_enabled,733,1.3044000006630085
gc_enabled,734,1.2752999991789693
gc_enabled,735,1.3124000006428105
gc_enabled,736,1.3731999997617095
gc_enabled,737,1.2394999994285172
gc_enabled,738,1.2980000001334702
gc_enabled,739,1.1942000000999542
gc_enabled,740,1.2907999998788
gc_enabled,741,1.225699999849894
gc_enabled,742,1.2353000001894543
gc_enabled,743,1.1802000008174218
gc_enabled,744,1.2739000003421097
gc_enabled,745,1.2614999996003462
gc_enabled,746,1.6487000002598506
gc_enabled,747,1.3742000001002452
gc_enabled,748,1.378800000566116
gc_enabled,749,1.305000000684231
gc_enabled,750,1.2422999998307205
gc_enabled,751,1.4766999993298668
gc_enabled,752,1.3465000001815497
gc_enabled,753,1.2763000004269998
gc_enabled,754,1.322000000072876
gc_enabled,755,1.420700000380748
gc_enabled,756,1.3536000005842652
gc_enabled,757,1.2472999997044099
gc_enabled,758,1.3417000000117696
gc_enabled,759,1.3265999996292521
gc_enabled,760,1.312800000050629
gc_enabled,761,1.2759000001096865
gc_enabled,762,1.2613999997483916
gc_enabled,763,1.3045000005149632
gc_enabled,764,1.3564000000769738
gc_enabled,765,1.2468000004446367
gc_enabled,766,1.262700000552286
gc_enabled,767,1.2278000003789202
gc_enabled,768,1.4510000000882428
gc_enabled,769,1.4037000000826083
gc_enabled,770,1.3632000000143307
gc_enabled,771,1.485099999626982
gc_enabled,772,1.3527999999496387
gc_enabled,773,1.3876000002710498
gc_enabled,774,1.26780000027793
gc_enabled,775,1.2980000001334702
gc_enabled,776,1.2765999999828637
gc_enabled,777,1.2692000000242842
gc_enabled,778,1.2091999997210223
gc_enabled,779,1.4653999996880884
gc_enabled,780,1.2728000001516193
gc_enabled,781,1.2252999995325808
gc_enabled,782,1.425299999937124
gc_enabled,783,1.3286000003063236
gc_enabled,784,1.249100000677572
gc_enabled,785,1.2442999995982973
gc_enabled,786,1.2457000002541463
gc_enabled,787,1.359799999590905
gc_enabled,788,1.28839999979391
gc_enabled,789,1.1799000003520632
gc_enabled,790,1.488200000494544
gc_enabled,791,1.3816999999107793
gc_enabled,792,1.3085000000501168
gc_enabled,793,1.3233999998192303
gc_enabled,794,1.3917000005676528
gc_enabled,795,1.4077999994697166
gc_enabled,796,1.2579999993249658
gc_enabled,797,1.2371000002531218
gc_enabled,798,1.3521999999284162
gc_enabled,799,1.3550000003306195
gc_enabled,800,1.280699999369972
gc_enabled,801,1.3013000007049413
gc_enabled,802,1.2560000004668836
gc_enabled,803,1.350599999568658
gc_enabled,804,1.241699999809498
gc_enabled,805,1.1958000004597125
gc_enabled,806,1.2873999994553742
gc_enabled,807,1.2341000001470093
gc_enabled,808,1.2683999993896578
gc_enabled,809,1.229800000146497
gc_enabled,810,1.4261000005717506
gc_enabled,811,1.2538999999378575
gc_enabled,812,1.2694000006376882
gc_enabled,813,1.2917000003653811
gc_enabled,814,1.3143000005584327
gc_enabled,815,1.3760000001639128
gc_enabled,816,1.2688999995589256
gc_enabled,817,1.2558000007629744
gc_enabled,818,1.3324999999895226
gc_enabled,819,1.345499999843014
gc_enabled,820,1.2357999994492275
gc_enabled,821,1.2630000001081498
gc_enabled,822,2.6683999994929763
gc_enabled,823,1.2178999995740014
gc_enabled,824,1.2612000000444823
gc_enabled,825,1.232700000400655
gc_enabled,826,1.3761000000158674
gc_enabled,827,1.3126000003467198
gc_enabled,828,1.3530999995055026
gc_enabled,829,1.3123999997333158
gc_enabled,830,1.3396000003922381
gc_enabled,831,1.2418000005709473
gc_enabled,832,1.2539999997898121
gc_enabled,833,1.3422000001810375
gc_enabled,834,1.3412000007519964
gc_enabled,835,1.5514999995502876
gc_enabled,836,1.2085999996997998
gc_enabled,837,1.428499999747146
gc_enabled,838,3.1091000000742497
gc_enabled,839,1.3862999994671554
gc_enabled,840,1.2606999998752144
gc_enabled,841,1.2735000000247965
gc_enabled,842,1.2654000001930399
gc_enabled,843,1.2509000007412396
gc_enabled,844,1.3197999996918952
gc_enabled,845,1.3199000004533445
gc_enabled,846,1.2462000004234142
gc_enabled,847,1.2382000004436122
gc_enabled,848,1.2356999995972728
gc_enabled,849,1.285700000153156
gc_enabled,850,1.2587999999595922
gc_enabled,851,1.2330999998084735
gc_enabled,852,1.2718999996650382
gc_enabled,853,1.3063999995210906
gc_enabled,854,1.1853999994855258
gc_enabled,855,1.345700000456418
gc_enabled,856,1.2442999995982973
gc_enabled,857,1.4349000002766843
gc_enabled,858,1.419500000338303
gc_enabled,859,1.4154000000417
gc_enabled,860,1.358000000436732
gc_enabled,861,1.3051000005361857
gc_enabled,862,1.279400000385067
gc_enabled,863,1.2359000002106768
gc_enabled,864,1.2768999995387276
gc_enabled,865,1.3223999994806945
gc_enabled,866,1.2896999996883096
gc_enabled,867,1.280699999369972
gc_enabled,868,1.4522000001306878
gc_enabled,869,1.3667000002897112
gc_enabled,870,1.3496999999915715
gc_enabled,871,1.2850000002799788
gc_enabled,872,1.4941999997972744
gc_enabled,873,1.472500000090804
gc_enabled,874,1.3459000001603272
gc_enabled,875,1.3628999995489721
gc_enabled,876,1.285499999539752
gc_enabled,877,1.2563000000227476
gc_enabled,878,1.3177000000723638
gc_enabled,879,1.2677999993684352
gc_enabled,880,1.355899999907706
gc_enabled,881,1.2593000001288601
gc_enabled,882,1.385900000059337
gc_enabled,883,1.3767999998890446
gc_enabled,884,1.295100000788807
gc_enabled,885,1.203900000291469
gc_enabled,886,1.3318000001163455
gc_enabled,887,1.1895999996340834
gc_enabled,888,1.4486999998553074
gc_enabled,889,1.3007000006837188
gc_enabled,890,1.2489999999161228
gc_enabled,891,1.2500000002546585
gc_enabled,892,1.237299999957031
gc_enabled,893,1.2713999994957703
gc_enabled,894,1.2835999996241299
gc_enabled,895,1.1957000006077578
gc_enabled,896,1.323200000115321
gc_enabled,897,1.377399999910267
gc_enabled,898,1.2763000004269998
gc_enabled,899,1.4375000000654836
gc_enabled,900,1.2341000001470093
gc_enabled,901,1.374999999825377
gc_enabled,902,1.2996999994356884
gc_enabled,903,1.2517000004663714
gc_enabled,904,1.2378999999782536
gc_enabled,905,1.3893999994252226
gc_enabled,906,1.2814000001526438
gc_enabled,907,1.219400000081805
gc_enabled,908,1.5481999998883111
gc_enabled,909,1.3613999999506632
gc_enabled,910,1.3211000004957896
gc_enabled,911,1.223500000378408
gc_enabled,912,1.2317999999140739
gc_enabled,913,1.2913000000480679
gc_enabled,914,1.2079999996785773
gc_enabled,915,1.2538999999378575
gc_enabled,916,1.3096000002406072
gc_enabled,917,1.3603999996121274
gc_enabled,918,1.247700000021723
gc_enabled,919,1.4247999997678562
gc_enabled,920,1.2967000002390705
gc_enabled,921,1.3455999996949686
gc_enabled,922,1.3886000006095855
gc_enabled,923,1.3399999998000567
gc_enabled,924,1.3558000000557513
gc_enabled,925,1.3450000005832408
gc_enabled,926,1.3108000002830522
gc_enabled,927,1.2840999997933977
gc_enabled,928,1.3980999992782017
gc_enabled,929,1.3741000002482906
gc_enabled,930,1.2538000000859029
gc_enabled,931,1.2180000003354507
gc_enabled,932,1.2367999997877632
gc_enabled,933,1.340100000561506
gc_enabled,934,1.2096999998902902
gc_enabled,935,1.2741999998979736
gc_enabled,936,1.2514999998529674
gc_enabled,937,1.2191000005259411
gc_enabled,938,1.2406999994709622
gc_enabled,939,1.2493000003814814
gc_enabled,940,1.4029000003574765
gc_enabled,941,1.2764000002789544
gc_enabled,942,1.2234000005264534
gc_enabled,943,1.2360000000626314
gc_enabled,944,1.2978999993720208
gc_enabled,945,1.1953000002904446
gc_enabled,946,1.3458999992508325
gc_enabled,947,1.2287999998079613
gc_enabled,948,1.253500000530039
gc_enabled,949,1.2456000004021917
gc_enabled,950,1.2434999998731655
gc_enabled,951,1.4031999999133404
gc_enabled,952,2.8038000000378815
gc_enabled,953,1.3134000000718515
gc_enabled,954,1.237599999512895
gc_enabled,955,1.2206999999762047
gc_enabled,956,1.3280000002851011
gc_enabled,957,1.2540000006993068
gc_enabled,958,1.2667000000874395
gc_enabled,959,1.391999999214022
gc_enabled,960,1.2932999998156447
gc_enabled,961,1.2507999999797903
gc_enabled,962,1.2930000002597808
gc_enabled,963,1.2918999991597957
gc_enabled,964,1.6836999993756763
gc_enabled,965,1.3182000002416316
gc_enabled,966,1.4137000007394818
gc_enabled,967,1.2876000000687782
gc_enabled,968,2.808299999742303
gc_enabled,969,1.284200000554847
gc_enabled,970,1.2632999996640137
gc_enabled,971,1.3291000004755915
gc_enabled,972,1.2864999998782878
gc_enabled,973,1.2489000000641681
gc_enabled,974,1.3785000001007575
gc_enabled,975,1.3044999996054685
gc_enabled,976,1.2839000000894885
gc_enabled,977,1.2837999993280391
gc_enabled,978,1.2234000005264534
gc_enabled,979,1.3989999997647828
gc_enabled,980,1.252300000487594
gc_enabled,981,1.2397000000419212
gc_enabled,982,1.2708000003840425
gc_enabled,983,1.264900000023772
gc_enabled,984,1.301199999943492
gc_enabled,985,1.438899999811838
gc_enabled,986,1.4313000001493492
gc_enabled,987,1.3978000006318325
gc_enabled,988,1.2557999998534797
gc_enabled,989,1.5211999998427927
gc_enabled,990,1.2670000005527982
gc_enabled,991,1.4024000001882087
gc_enabled,992,1.2722999999823514
gc_enabled,993,1.2139999998908024
gc_enabled,994,1.3194000002840767
gc_enabled,995,1.3044999996054685
gc_enabled,996,1.3294000000314554
gc_enabled,997,1.2851000001319335
gc_enabled,998,1.3741000002482906
gc_enabled,999,1.5659999999115826
gc_enabled,1000,1.4467000000877306
gc_enabled,1001,1.481499999499647
gc_enabled,1002,1.4433999995162594
gc_enabled,1003,1.4873999998599174
gc_enabled,1004,1.3351999996302766
gc_enabled,1005,1.5624999996362021
gc_enabled,1006,1.471300000048359
gc_enabled,1007,1.4328999995996128
gc_enabled,1008,1.5711999994891812
gc_enabled,1009,1.5020999999251217
gc_enabled,1010,1.3731999997617095
gc_enabled,1011,1.418000000739994
gc_enabled,1012,1.3700999998036423
gc_enabled,1013,1.6058999999586376
gc_enabled,1014,1.5607000004820293
gc_enabled,1015,1.541200000247045
gc_enabled,1016,1.6088000002127956
gc_enabled,1017,1.4557000004060683
gc_enabled,1018,1.6559000005145208
gc_enabled,1019,1.495700000305078
gc_enabled,1020,1.3871999999537366
gc_enabled,1021,1.3552999998864834
gc_enabled,1022,1.355899999907706
gc_enabled,1023,1.3355999999475898
gc_enabled,1024,1.2809999998353305
gc_enabled,1025,1.256200000170793
gc_enabled,1026,1.3212000003477442
gc_enabled,1027,1.2195999997857143
gc_enabled,1028,1.2263999997230712
gc_enabled,1029,1.2040999999953783
gc_enabled,1030,1.296399999773712
gc_enabled,1031,1.2142000005042064
gc_enabled,1032,1.6295999994326849
gc_enabled,1033,1.4655000004495378
gc_enabled,1034,1.6381000004912494
gc_enabled,1035,1.4443000000028405
gc_enabled,1036,1.6809999997349223
gc_enabled,1037,1.4320000000225264
gc_enabled,1038,1.5532000006714952
gc_enabled,1039,1.5330000005633337
gc_enabled,1040,1.3961999993625795
gc_enabled,1041,1.6556000000491622
gc_enabled,1042,1.799100000425824
gc_enabled,1043,1.506399999925634
gc_enabled,1044,1.4639000000897795
gc_enabled,1045,1.3475999994625454
gc_enabled,1046,1.716100000521692
gc_enabled,1047,1.372800000353891
gc_enabled,1048,1.3160999997126055
gc_enabled,1049,1.4911000007487019
gc_enabled,1050,1.4293000003817724
gc_enabled,1051,1.6519999999218271
gc_enabled,1052,1.4602000001104898
gc_enabled,1053,1.5614000003552064
gc_enabled,1054,1.4902000002621207
gc_enabled,1055,1.7604999993636739
gc_enabled,1056,1.43350000053033
gc_enabled,1057,1.508299999841256
gc_enabled,1058,1.5207000005830196
gc_enabled,1059,1.591500000358792
gc_enabled,1060,1.5083999996932107
gc_enabled,1061,1.4090000004216563
gc_enabled,1062,1.5705999994679587
gc_enabled,1063,1.6372000000046683
gc_enabled,1064,1.4704999994137324
gc_enabled,1065,1.3094999994791579
gc_enabled,1066,1.2640999993891455
gc_enabled,1067,1.8106000006810063
gc_enabled,1068,1.564400000461319
gc_enabled,1069,1.5232999994623242
gc_enabled,1070,1.3782000005448936
gc_enabled,1071,1.3926000001447392
gc_enabled,1072,1.405200000590412
gc_enabled,1073,1.380599999720289
gc_enabled,1074,1.3920000001235167
gc_enabled,1075,1.6770000001997687
gc_enabled,1076,1.4420999996218598
gc_enabled,1077,1.5059999996083206
gc_enabled,1078,1.4205999996192986
gc_enabled,1079,1.872900000307709
gc_enabled,1080,1.4380000002347515
gc_enabled,1081,1.3929999995525577
gc_enabled,1082,1.8638999999893713
gc_enabled,1083,3.156700000545243
gc_enabled,1084,1.5592999998261803
gc_enabled,1085,1.8280000003869645
gc_enabled,1086,1.6785999996500323
gc_enabled,1087,1.6688999994585174
gc_enabled,1088,1.564499999403779
gc_enabled,1089,1.6233000005740905
gc_enabled,1090,1.5722999996796716
gc_enabled,1091,1.5866000003370573
gc_enabled,1092,1.455800000258023
gc_enabled,1093,1.5822999994270504
gc_enabled,1094,1.574899999468471
gc_enabled,1095,1.5526999995927326
gc_enabled,1096,1.5266000000337954
gc_enabled,1097,1.5166000002864166
gc_enabled,1098,3.4974999998667045
gc_enabled,1099,1.5628999999535154
gc_enabled,1100,1.6673000000082538
gc_enabled,1101,1.6930000001593726
gc_enabled,1102,1.635800000258314
gc_enabled,1103,1.47460000061983
gc_enabled,1104,1.5669999993406236
gc_enabled,1105,1.479700000345474
gc_enabled,1106,1.7763000005288632
gc_enabled,1107,1.8097000001944252
gc_enabled,1108,1.6931999998632818
gc_enabled,1109,1.643300000068848
gc_enabled,1110,1.7003000002659974
gc_enabled,1111,1.705200000287732
gc_enabled,1112,1.684699999714212
gc_enabled,1113,1.5666999997847597
gc_enabled,1114,3.1021999993754434
gc_enabled,1115,1.628099999834376
gc_enabled,1116,1.7451000003347872
gc_enabled,1117,1.6844000001583481
gc_enabled,1118,1.624900000024354
gc_enabled,1119,1.579900000251655
gc_enabled,1120,1.9338000001880573
gc_enabled,1121,1.7017000000123517
gc_enabled,1122,1.8496000002414803
gc_enabled,1123,1.513600000180304
gc_enabled,1124,1.4583000001948676
gc_enabled,1125,1.6044000003603287
gc_enabled,1126,1.5338000002884655
gc_enabled,1127,1.570999999785272
gc_enabled,1128,1.4693000002807821
gc_enabled,1129,1.7418000006728107
gc_enabled,1130,1.6789999999673455
gc_enabled,1131,1.8135000000256696
gc_enabled,1132,1.6190999995160382
gc_enabled,1133,1.8561000006229733
gc_enabled,1134,1.5777999997226289
gc_enabled,1135,2.458699999806413
gc_enabled,1136,1.5536000000793138
gc_enabled,1137,1.8239999999423162
gc_enabled,1138,1.5752999997857842
gc_enabled,1139,1.6233999995165505
gc_enabled,1140,1.5812999999980093
gc_enabled,1141,1.6461000004710513
gc_enabled,1142,1.4845999994577141
gc_enabled,1143,1.3259999996080296
gc_enabled,1144,1.292999999350286
gc_enabled,1145,1.729699999486911
gc_enabled,1146,2.4329999996552942
gc_enabled,1147,1.6177999996216386
gc_enabled,1148,1.9366999995327205
gc_enabled,1149,1.8700999999055057
gc_enabled,1150,1.5498000002480694
gc_enabled,1151,1.8823999998858199
gc_enabled,1152,1.6076000001703505
gc_enabled,1153,1.6560000003664754
gc_enabled,1154,1.6351000003851368
gc_enabled,1155,1.581399999849964
gc_enabled,1156,1.6003999999156804
gc_enabled,1157,1.66940000053728
gc_enabled,1158,1.6248000001723995
gc_enabled,1159,1.771799999914947
gc_enabled,1160,1.607000000149128
gc_enabled,1161,1.790699999219214
gc_enabled,1162,1.651099999435246
gc_enabled,1163,1.6754000007495051
gc_enabled,1164,1.890800000182935
gc_enabled,1165,1.5836999991734046
gc_enabled,1166,1.5837000000828994
gc_enabled,1167,1.3427000003503053
gc_enabled,1168,1.5413999999509542
gc_enabled,1169,1.3248000004750793
gc_enabled,1170,1.4271999998527463
gc_enabled,1171,1.3724000000365777
gc_enabled,1172,1.3682999997399747
gc_enabled,1173,1.5896000004431698
gc_enabled,1174,1.3879999996788683
gc_enabled,1175,1.4699999992444646
gc_enabled,1176,1.299700000345183
gc_enabled,1177,1.2665000003835303
gc_enabled,1178,1.3028000003032503
gc_enabled,1179,1.3044999996054685
gc_enabled,1180,1.398499999595515
gc_enabled,1181,1.2802999999621534
gc_enabled,1182,1.3787999996566214
gc_enabled,1183,1.2355999997453182
gc_enabled,1184,1.311600000008184
gc_enabled,1185,1.246000000719505
gc_enabled,1186,1.2793999994755723
gc_enabled,1187,1.397999999426247
gc_enabled,1188,1.4473999999609077
gc_enabled,1189,1.268500000151107
gc_enabled,1190,1.3443000007100636
gc_enabled,1191,1.2746000002152869
gc_enabled,1192,1.442499999939173
gc_enabled,1193,1.2703000002147746
gc_enabled,1194,1.2285000002520974
gc_enabled,1195,1.318399999945541
gc_enabled,1196,1.2698000000455067
gc_enabled,1197,1.3329000003068359
gc_enabled,1198,1.263199999812059
gc_enabled,1199,1.3090000002193847
gc_enabled,1200,1.2688999995589256
gc_enabled,1201,1.2514000000010128
gc_enabled,1202,1.347899999927904
gc_enabled,1203,1.3860000008207862
gc_enabled,1204,1.2833999999202206
gc_enabled,1205,1.259800000298128
gc_enabled,1206,1.3056999996479135
gc_enabled,1207,1.425500000550528
gc_enabled,1208,1.2907000000268454
gc_enabled,1209,1.2653999992835452
gc_enabled,1210,1.3184999997974955
gc_enabled,1211,2.7875000005224138
gc_enabled,1212,1.3421999992715428
gc_enabled,1213,1.2568000001920154
gc_enabled,1214,1.5119999998205458
gc_enabled,1215,1.4639000000897795
gc_enabled,1216,1.3275999999677879
gc_enabled,1217,1.6003000000637257
gc_enabled,1218,2.232699999694887
gc_enabled,1219,3.0428999998548534
gc_enabled,1220,1.6431000003649388
gc_enabled,1221,1.5407999999297317
gc_enabled,1222,1.3465000001815497
gc_enabled,1223,1.3736999999309774
gc_enabled,1224,1.8836999997802195
gc_enabled,1225,1.2557999998534797
gc_enabled,1226,1.3465000001815497
gc_enabled,1227,2.8110999992350116
gc_enabled,1228,1.3184999997974955
gc_enabled,1229,1.5771000007589464
gc_enabled,1230,1.3122000000294065
gc_enabled,1231,1.2509999996836996
gc_enabled,1232,1.3214000000516535
gc_enabled,1233,1.1963000006289803
gc_enabled,1234,1.1726000002454384
gc_enabled,1235,1.3461000007737312
gc_enabled,1236,1.2647000003198627
gc_enabled,1237,1.2485000006563496
gc_enabled,1238,1.2393000006341026
gc_enabled,1239,1.1994000005870475
gc_enabled,1240,1.288600000407314
gc_enabled,1241,1.2292000001252745
gc_enabled,1242,1.2136000004829839
gc_enabled,1243,1.2149999993198435
gc_enabled,1244,2.455499999996391
gc_enabled,1245,1.2948000003234483
gc_enabled,1246,1.2346000003162771
gc_enabled,1247,1.352700000097684
gc_enabled,1248,1.4010999993843143
gc_enabled,1249,1.2510999995356542
gc_enabled,1250,1.2346000003162771
gc_enabled,1251,1.250899999831745
gc_enabled,1252,1.3618000002679764
gc_enabled,1253,1.210499999615422
gc_enabled,1254,1.225200000590121
gc_enabled,1255,1.4304000005722628
gc_enabled,1256,1.3867999996364233
gc_enabled,1257,1.3192999995226273
gc_enabled,1258,1.228600000104052
gc_enabled,1259,1.289099999667087
gc_enabled,1260,2.7130000007673516
gc_enabled,1261,1.3574000004155096
gc_enabled,1262,1.250600000275881
gc_enabled,1263,1.3153999998394283
gc_enabled,1264,1.3988999999128282
gc_enabled,1265,1.258600000255683
gc_enabled,1266,1.2248000002728077
gc_enabled,1267,1.3277999996716972
gc_enabled,1268,1.2507000001278357
gc_enabled,1269,1.2226000008013216
gc_enabled,1270,1.2109999997846899
gc_enabled,1271,1.3064999993730453
gc_enabled,1272,1.3192999995226273
gc_enabled,1273,1.2445999991541612
gc_enabled,1274,1.2769000004482223
gc_enabled,1275,1.2740000001940643
gc_enabled,1276,1.23639999947045
gc_enabled,1277,1.2544000001071254
gc_enabled,1278,1.2264999995750259
gc_enabled,1279,1.2792999996236176
gc_enabled,1280,1.2409000000843662
gc_enabled,1281,1.2231000000610948
gc_enabled,1282,1.3226000000940985
gc_enabled,1283,1.3051999994786456
gc_enabled,1284,1.236099999914586
gc_enabled,1285,1.241699999809498
gc_enabled,1286,1.2848999995185295
gc_enabled,1287,1.766900000802707
gc_enabled,1288,1.2724999996862607
gc_enabled,1289,1.3208999998823856
gc_enabled,1290,1.3417999998637242
gc_enabled,1291,1.6194999998333515
gc_enabled,1292,1.3230999993538717
gc_enabled,1293,1.6413999992437311
gc_enabled,1294,1.4221999999790569
gc_enabled,1295,1.3670999996975297
gc_enabled,1296,1.2656999997489038
gc_enabled,1297,1.306299999669136
gc_enabled,1298,1.3705000001209555
gc_enabled,1299,1.4714999997522682
gc_enabled,1300,1.2434999998731655
gc_enabled,1301,1.2524000003395486
gc_enabled,1302,1.3707999996768194
gc_enabled,1303,1.325600000200211
gc_enabled,1304,1.7164999999295105
gc_enabled,1305,1.2543000002551707
gc_enabled,1306,1.309400000536698
gc_enabled,1307,1.3078000001769396
gc_enabled,1308,1.2135999995734892
gc_enabled,1309,1.280100000258244
gc_enabled,1310,1.2762000005750451
gc_enabled,1311,1.2533999997685896
gc_enabled,1312,1.2906000001748907
gc_enabled,1313,1.1946999993597274
gc_enabled,1314,1.36579999980313
gc_enabled,1315,1.369699999486329
gc_enabled,1316,1.3278000005811919
gc_enabled,1317,1.352000000224507
gc_enabled,1318,1.3075999995635357
gc_enabled,1319,1.4215999999578344
gc_enabled,1320,1.2409000000843662
gc_enabled,1321,1.199100000121689
gc_enabled,1322,1.3131000005159876
gc_enabled,1323,1.2302999994062702
gc_enabled,1324,1.2940999995407765
gc_enabled,1325,1.2815000000045984
gc_enabled,1326,1.271400000405265
gc_enabled,1327,1.2397000000419212
gc_enabled,1328,1.4301999999588588
gc_enabled,1329,1.2982000007468741
gc_enabled,1330,1.3699999999516876
gc_enabled,1331,1.3023000001339824
gc_enabled,1332,1.2748000008286908
gc_enabled,1333,1.245599999492697
gc_enabled,1334,1.3756000007560942
gc_enabled,1335,1.264900000023772
gc_enabled,1336,1.338900000519061
gc_enabled,1337,1.3171000000511413
gc_enabled,1338,1.2876000000687782
gc_enabled,1339,1.245299999936833
gc_enabled,1340,1.2490999997680774
gc_enabled,1341,1.4783000005991198
gc_enabled,1342,1.384499999403488
gc_enabled,1343,1.3408000004346832
gc_enabled,1344,1.3037999997322913
gc_enabled,1345,1.4109000003372785
gc_enabled,1346,1.3339999995878316
gc_enabled,1347,1.3368999998419895
gc_enabled,1348,1.2313999995967606
gc_enabled,1349,1.393399999869871
gc_enabled,1350,1.2430999995558523
gc_enabled,1351,1.429699999789591
gc_enabled,1352,1.2718999996650382
gc_enabled,1353,1.257400000213238
gc_enabled,1354,1.7377000003762078
gc_enabled,1355,1.4092000001255656
gc_enabled,1356,1.2729999998555286
gc_enabled,1357,2.97359999967739
gc_enabled,1358,1.3691000003746012
gc_enabled,1359,1.3266000005387468
gc_enabled,1360,1.6623000001345645
gc_enabled,1361,1.6372000000046683
gc_enabled,1362,1.487700000325276
gc_enabled,1363,1.5535000002273591
gc_enabled,1364,1.5038000001368346
gc_enabled,1365,1.669700000093144
gc_enabled,1366,1.4879000000291853
gc_enabled,1367,2.0719999993161764
gc_enabled,1368,1.5166000002864166
gc_enabled,1369,1.6982999995889259
gc_enabled,1370,1.4947999998184969
gc_enabled,1371,1.3682999997399747
gc_enabled,1372,1.5631999995093793
gc_enabled,1373,3.432999999859021
gc_enabled,1374,1.561799999763025
gc_enabled,1375,1.5019000002212124
gc_enabled,1376,1.7760000000635046
gc_enabled,1377,1.3750999996773317
gc_enabled,1378,1.287899999624642
gc_enabled,1379,1.3436999997793464
gc_enabled,1380,1.3288999998621875
gc_enabled,1381,1.4941999997972744
gc_enabled,1382,1.2851000001319335
gc_enabled,1383,1.3862999994671554
gc_enabled,1384,1.4455000000452856
gc_enabled,1385,1.2688000006164657
gc_enabled,1386,1.3107999993735575
gc_enabled,1387,1.325899999756075
gc_enabled,1388,1.2873000005129143
gc_enabled,1389,1.258300000699819
gc_enabled,1390,1.2618000000657048
gc_enabled,1391,1.2359000002106768
gc_enabled,1392,1.3203999997131177
gc_enabled,1393,1.2242000002515852
gc_enabled,1394,1.2389000003167894
gc_enabled,1395,1.2439000001904787
gc_enabled,1396,1.2862000003224239
gc_enabled,1397,1.3031999997110688
gc_enabled,1398,1.2275999997655163
gc_enabled,1399,1.275300000088464
gc_enabled,1400,1.5027999997982988
gc_enabled,1401,1.4092999999775202
gc_enabled,1402,1.3034999992669327
gc_enabled,1403,1.361200000246754
gc_enabled,1404,1.316699999733828
gc_enabled,1405,1.2237000000823173
gc_enabled,1406,1.242600000296079
gc_enabled,1407,1.531700000668934
gc_enabled,1408,1.341800000773219
gc_enabled,1409,1.289099999667087
gc_enabled,1410,1.2473999995563645
gc_enabled,1411,1.2153999996371567
gc_enabled,1412,1.2546999996629893
gc_enabled,1413,1.3939000000391388
gc_enabled,1414,1.330699999925855
gc_enabled,1415,1.2538000000859029
gc_enabled,1416,1.260099999853992
gc_enabled,1417,1.256200000170793
gc_enabled,1418,1.3504999997167033
gc_enabled,1419,1.2539999997898121
gc_enabled,1420,1.1758000000554603
gc_enabled,1421,1.3438999994832557
gc_enabled,1422,1.2157000001025153
gc_enabled,1423,1.6109999996842816
gc_enabled,1424,1.3070000004518079
gc_enabled,1425,1.66099999933067
gc_enabled,1426,1.308499999140622
gc_enabled,1427,1.2587999999595922
gc_enabled,1428,1.2456000004021917
gc_enabled,1429,1.381299999593466
gc_enabled,1430,1.3591999995696824
gc_enabled,1431,1.227699999617471
gc_enabled,1432,2.5353000000905013
gc_enabled,1433,1.5524000000368687
gc_enabled,1434,1.2792999996236176
gc_enabled,1435,1.2356999995972728
gc_enabled,1436,1.3214999999036081
gc_enabled,1437,1.3139000002411194
gc_enabled,1438,1.226200000019162
gc_enabled,1439,1.307999999880849
gc_enabled,1440,1.324199999544362
gc_enabled,1441,1.363699999274104
gc_enabled,1442,1.3683999995919294
gc_enabled,1443,1.2640000004466856
gc_enabled,1444,1.2814000001526438
gc_enabled,1445,1.2061000006724498
gc_enabled,1446,1.3284999995448743
gc_enabled,1447,1.2040999999953783
gc_enabled,1448,1.275500000701868
gc_enabled,1449,1.2665000003835303
gc_enabled,1450,1.2383000002955669
gc_enabled,1451,1.5378999996755738
gc_enabled,1452,1.2640999993891455
gc_enabled,1453,1.2391000000206986
gc_enabled,1454,1.226200000019162
gc_enabled,1455,1.2200999999549822
gc_enabled,1456,1.3702999995075515
gc_enabled,1457,1.2188000000605825
gc_enabled,1458,1.3004000002183602
gc_enabled,1459,1.2175000001661829
gc_enabled,1460,1.3138000003891648
gc_enabled,1461,1.317899999776273
gc_enabled,1462,1.2323000000833417
gc_enabled,1463,1.235899999301182
gc_enabled,1464,1.5478999994229525
gc_enabled,1465,1.3189999999667634
gc_enabled,1466,1.3914000001022941
gc_enabled,1467,1.3340000004973263
gc_enabled,1468,1.5092000003278372
gc_enabled,1469,1.2667000000874395
gc_enabled,1470,1.2397999998938758
gc_enabled,1471,1.326100000369479
gc_enabled,1472,1.3369000007514842
gc_enabled,1473,1.2993999998798245
gc_enabled,1474,1.2658000005103531
gc_enabled,1475,1.3400999996520113
gc_enabled,1476,1.311600000008184
gc_enabled,1477,1.3043999997535138
gc_enabled,1478,1.2657999996008584
gc_enabled,1479,1.346699999885459
gc_enabled,1480,1.2192000003778958
gc_enabled,1481,1.3108000002830522
gc_enabled,1482,1.2717999998130836
gc_enabled,1483,1.2821999998777756
gc_enabled,1484,1.411000000189233
gc_enabled,1485,1.2641000002986402
gc_enabled,1486,1.3685000003533787
gc_enabled,1487,2.781700000014098
gc_enabled,1488,1.212899999700312
gc_enabled,1489,1.2560999994093436
gc_enabled,1490,1.3063999995210906
gc_enabled,1491,1.3719000007768045
gc_enabled,1492,1.2557999998534797
gc_enabled,1493,1.2356999995972728
gc_enabled,1494,1.2057999992975965
gc_enabled,1495,1.3136999996277154
gc_enabled,1496,1.3537000004362199
gc_enabled,1497,1.2299999998504063
gc_enabled,1498,1.242899999851943
gc_enabled,1499,1.30410000019765
gc_enabled,1500,1.2202000007164315
gc_enabled,1501,1.4430000001084409
gc_enabled,1502,1.4268999993873877
gc_enabled,1503,3.202199999577715
gc_enabled,1504,1.3063999995210906
gc_enabled,1505,1.3469999994413229
gc_enabled,1506,1.3281999999890104
gc_enabled,1507,1.4508999993267935
gc_enabled,1508,1.4285000006566406
gc_enabled,1509,1.2807000002794666
gc_enabled,1510,1.4925000004950562
gc_enabled,1511,1.3054000000920496
gc_enabled,1512,1.261999999769614
gc_enabled,1513,1.6473999994559563
gc_enabled,1514,1.2948000003234483
gc_enabled,1515,1.219900000251073
gc_enabled,1516,1.240200000211189
gc_enabled,1517,1.2178000006315415
gc_enabled,1518,1.7941000005521346
gc_enabled,1519,1.1973000000580214
gc_enabled,1520,1.2899999992441735
gc_enabled,1521,1.2661999999181717
gc_enabled,1522,1.2698999998974614
gc_enabled,1523,1.3329000003068359
gc_enabled,1524,1.2612000000444823
gc_enabled,1525,1.2497000006987946
gc_enabled,1526,1.2868000003436464
gc_enabled,1527,1.3033000004725181
gc_enabled,1528,1.3692000002265559
gc_enabled,1529,1.285700000153156
gc_enabled,1530,1.3200000003052992
gc_enabled,1531,1.2697000001935521
gc_enabled,1532,1.2539999997898121
gc_enabled,1533,1.3155999995433376
gc_enabled,1534,1.313000000664033
gc_enabled,1535,1.204400000460737
gc_enabled,1536,1.2753999999404186
gc_enabled,1537,1.2049999995724647
gc_enabled,1538,1.2913000000480679
gc_enabled,1539,1.2249000001247623
gc_enabled,1540,1.2621000005310634
gc_enabled,1541,1.302900000155205
gc_enabled,1542,1.3116999998601386
gc_enabled,1543,1.2614999996003462
gc_enabled,1544,1.3042000000496046
gc_enabled,1545,1.2522999995780992
gc_enabled,1546,1.3853000000381144
gc_enabled,1547,1.2234999994689133
gc_enabled,1548,1.2628000004042406
gc_enabled,1549,1.228399999490648
gc_enabled,1550,1.3245000000097207
gc_enabled,1551,1.2954999992871308
gc_enabled,1552,1.2110999996366445
gc_enabled,1553,1.631999999517575
gc_enabled,1554,1.3266999994812068
gc_enabled,1555,1.2279000002308749
gc_enabled,1556,1.2328000002526096
gc_enabled,1557,1.411200000802637
gc_enabled,1558,1.3531999993574573
gc_enabled,1559,1.3281999999890104
gc_enabled,1560,1.4553999999407097
gc_enabled,1561,1.3941999995950027
gc_enabled,1562,1.2250999998286716
gc_enabled,1563,1.2533999997685896
gc_enabled,1564,1.2377999992168043
gc_enabled,1565,1.4055999999982305
gc_enabled,1566,1.240200000211189
gc_enabled,1567,1.2084999998478452
gc_enabled,1568,1.3305000002219458
gc_enabled,1569,1.2915999996039318
gc_enabled,1570,1.390700000229117
gc_enabled,1571,1.2708000003840425
gc_enabled,1572,1.244300000507792
gc_enabled,1573,1.3588000001618639
gc_enabled,1574,1.294400000006135
gc_enabled,1575,1.279400000385067
gc_enabled,1576,1.2190999996164464
gc_enabled,1577,1.3137000005372101
gc_enabled,1578,1.2272000003576977
gc_enabled,1579,1.2216000004627858
gc_enabled,1580,1.2721000002784422
gc_enabled,1581,1.2990999994144659
gc_enabled,1582,1.2355999997453182
gc_enabled,1583,1.6155000002981978
gc_enabled,1584,1.239000000168744
gc_enabled,1585,1.3175000003684545
gc_enabled,1586,1.4788999997108476
gc_enabled,1587,1.3052000003881403
gc_enabled,1588,1.2216999994052458
gc_enabled,1589,1.1807999999291496
gc_enabled,1590,1.7583999997441424
gc_enabled,1591,1.2064999991707737
gc_enabled,1592,1.3977999997223378
gc_enabled,1593,1.2708999993265024
gc_enabled,1594,1.3897999997425359
gc_enabled,1595,1.504699999713921
gc_enabled,1596,1.2986000001546927
gc_enabled,1597,1.220399999510846
gc_enabled,1598,1.3619999999718857
gc_enabled,1599,1.281399999243149
gc_enabled,1600,1.3566999996328377
gc_enabled,1601,1.2403999999150983
gc_enabled,1602,1.2899000003017136
gc_enabled,1603,1.2298999999984517
gc_enabled,1604,1.2560999994093436
gc_enabled,1605,1.3451000004351954
gc_enabled,1606,1.3288999998621875
gc_enabled,1607,1.2309000003369874
gc_enabled,1608,1.2265000004845206
gc_enabled,1609,1.3152999999874737
gc_enabled,1610,1.4563000004272908
gc_enabled,1611,1.2022000000797561
gc_enabled,1612,1.3675999998667976
gc_enabled,1613,1.2525000001915032
gc_enabled,1614,1.3570000000981963
gc_enabled,1615,1.4162999996187864
gc_enabled,1616,1.2499000004027039
gc_enabled,1617,1.2110999996366445
gc_enabled,1618,1.2565999995786115
gc_enabled,1619,1.2031999995087972
gc_enabled,1620,1.357300000563555
gc_enabled,1621,1.2927999996463768
gc_enabled,1622,1.3403000002654153
gc_enabled,1623,1.3313999997990322
gc_enabled,1624,1.2335000001257868
gc_enabled,1625,1.3598000005003996
gc_enabled,1626,1.208000000588072
gc_enabled,1627,1.2083999999958905
gc_enabled,1628,1.2751000003845547
gc_enabled,1629,1.2775000004694448
gc_enabled,1630,1.3591999995696824
gc_enabled,1631,1.2377999992168043
gc_enabled,1632,1.2070000002495362
gc_enabled,1633,2.639199999975972
gc_enabled,1634,1.2277000005269656
gc_enabled,1635,1.3479999997798586
gc_enabled,1636,1.293400000577094
gc_enabled,1637,1.3515999999071937
gc_enabled,1638,1.4354000004459522
gc_enabled,1639,1.274300000659423
gc_enabled,1640,1.3421000003290828
gc_enabled,1641,1.2940999995407765
gc_enabled,1642,1.3311000002431683
gc_enabled,1643,1.3274000002638786
gc_enabled,1644,1.2212999999974272
gc_enabled,1645,1.3281999999890104
gc_enabled,1646,1.294400000006135
gc_enabled,1647,1.221100000293518
gc_enabled,1648,1.250399999662477
gc_enabled,1649,2.6412999995955033
gc_enabled,1650,1.3699999999516876
gc_enabled,1651,1.2270999995962484
gc_enabled,1652,1.2768999995387276
gc_enabled,1653,1.291999999921245
gc_enabled,1654,1.2338999995336053
gc_enabled,1655,1.5805000002728775
gc_enabled,1656,1.3280000002851011
gc_enabled,1657,1.2650000007852213
gc_enabled,1658,1.278200000342622
gc_enabled,1659,1.2600000000020373
gc_enabled,1660,1.2900000001536682
gc_enabled,1661,1.236600000083854
gc_enabled,1662,1.222099999722559
gc_enabled,1663,1.3097999999445165
gc_enabled,1664,1.40449999980774
gc_enabled,1665,1.2177000007795868
gc_enabled,1666,1.330900000539259
gc_enabled,1667,1.2526999998954125
gc_enabled,1668,1.5518000000156462
gc_enabled,1669,1.2563999998747022
gc_enabled,1670,1.3650000000779983
gc_enabled,1671,1.2605000001713051
gc_enabled,1672,1.3239999998404528
gc_enabled,1673,1.258100000086415
gc_enabled,1674,1.2771000001521315
gc_enabled,1675,1.3395000005402835
gc_enabled,1676,1.3483000002452172
gc_enabled,1677,1.2221999995745136
gc_enabled,1678,1.296100000217848
gc_enabled,1679,1.3361999999688123
gc_enabled,1680,1.4053000004423666
gc_enabled,1681,1.2933999996675993
gc_enabled,1682,1.3930999994045123
gc_enabled,1683,1.3087000006635208
gc_enabled,1684,1.307700000324985
gc_enabled,1685,1.3715000004594913
gc_enabled,1686,1.3380999998844345
gc_enabled,1687,1.2447999997675652
gc_enabled,1688,1.3231000002633664
gc_enabled,1689,1.2558999997054343
gc_enabled,1690,1.3337999998839223
gc_enabled,1691,1.266600000235485
gc_enabled,1692,1.391900000271562
gc_enabled,1693,1.2514999998529674
gc_enabled,1694,1.2284999993426027
gc_enabled,1695,1.297800000429561
gc_enabled,1696,1.2950999998793122
gc_enabled,1697,1.3496999999915715
gc_enabled,1698,1.4054000002943212
gc_enabled,1699,1.385399999890069
gc_enabled,1700,1.5272999999069725
gc_enabled,1701,1.1990999992121942
gc_enabled,1702,1.2447999997675652
gc_enabled,1703,1.3153999998394283
gc_enabled,1704,1.236600000083854
gc_enabled,1705,1.328500000454369
gc_enabled,1706,1.2073000007148948
gc_enabled,1707,1.23879999955534
gc_enabled,1708,1.2983999995412887
gc_enabled,1709,1.3398000000961474
gc_enabled,1710,1.3295999997353647
gc_enabled,1711,1.3447999999698368
gc_enabled,1712,1.2088000003132038
gc_enabled,1713,1.256200000170793
gc_enabled,1714,1.2385999998514308
gc_enabled,1715,1.345700000456418
gc_enabled,1716,1.2788999993063044
gc_enabled,1717,1.231299999744806
gc_enabled,1718,1.4793999998801155
gc_enabled,1719,1.3613999999506632
gc_enabled,1720,1.465700000153447
gc_enabled,1721,1.3180000005377224
gc_enabled,1722,1.3451000004351954
gc_enabled,1723,1.431800000318617
gc_enabled,1724,1.2686000000030617
gc_enabled,1725,1.4200000005075708
gc_enabled,1726,1.2652000004891306
gc_enabled,1727,1.416399999470741
gc_enabled,1728,1.413900000443391
gc_enabled,1729,1.3240999996924074
gc_enabled,1730,1.3073999998596264
gc_enabled,1731,1.3534999998228159
gc_enabled,1732,1.2725000005957554
gc_enabled,1733,1.3294000000314554
gc_enabled,1734,1.5193999997791252
gc_enabled,1735,1.3001000006624963
gc_enabled,1736,1.2523999994300539
gc_enabled,1737,1.2768999995387276
gc_enabled,1738,1.3109999999869615
gc_enabled,1739,1.2876000000687782
gc_enabled,1740,1.393399999869871
gc_enabled,1741,1.2984000004507834
gc_enabled,1742,1.3409000002866378
gc_enabled,1743,1.256699999430566
gc_enabled,1744,1.2335000001257868
gc_enabled,1745,1.2648000001718174
gc_enabled,1746,2.9761000005237292
gc_enabled,1747,1.2606000000232598
gc_enabled,1748,1.3472000000547268
gc_enabled,1749,1.2940999995407765
gc_enabled,1750,1.566100000673032
gc_enabled,1751,1.371100000142178
gc_enabled,1752,1.6246999994109501
gc_enabled,1753,1.2669000007008435
gc_enabled,1754,1.3724000000365777
gc_enabled,1755,1.2729999998555286
gc_enabled,1756,1.5248999998220825
gc_enabled,1757,1.2876000000687782
gc_enabled,1758,1.3139999991835793
gc_enabled,1759,1.286699999582197
gc_enabled,1760,1.2019000005238922
gc_enabled,1761,1.3596999997389503
gc_enabled,1762,2.7520000003278255
gc_enabled,1763,1.2333000004218775
gc_enabled,1764,1.4648000005763606
gc_enabled,1765,1.30899999930989
gc_enabled,1766,1.3120000003254972
gc_enabled,1767,1.4327999997476581
gc_enabled,1768,1.2302999994062702
gc_enabled,1769,1.2771000001521315
gc_enabled,1770,1.2181000001874054
gc_enabled,1771,1.504999999269785
gc_enabled,1772,1.2287999998079613
gc_enabled,1773,1.2002000003121793
gc_enabled,1774,1.2125000002924935
gc_enabled,1775,1.2633000005735084
gc_enabled,1776,1.2692999998762389
gc_enabled,1777,1.2194999999337597
gc_enabled,1778,1.2422999998307205
gc_enabled,1779,2.484300000105577
gc_enabled,1780,1.2485000006563496
gc_enabled,1781,1.392899999700603
gc_enabled,1782,1.281599999856553
gc_enabled,1783,1.3973999994050246
gc_enabled,1784,1.28839999979391
gc_enabled,1785,1.233699999829696
gc_enabled,1786,1.2139999998908024
gc_enabled,1787,1.367500000014843
gc_enabled,1788,1.3073999998596264
gc_enabled,1789,1.2852999998358428
gc_enabled,1790,1.2006000006294926
gc_enabled,1791,1.331200000095123
gc_enabled,1792,1.2236000002303626
gc_enabled,1793,1.2137000003349385
gc_enabled,1794,1.289099999667087
gc_enabled,1795,2.6852000000872067
gc_enabled,1796,1.2681999996857485
gc_enabled,1797,1.250800000889285
gc_enabled,1798,1.310399999965739
gc_enabled,1799,1.3393999997788342
gc_enabled,1800,1.2572000005093287
gc_enabled,1801,1.2254000002940302
gc_enabled,1802,1.3044999996054685
gc_enabled,1803,1.2176000000181375
gc_enabled,1804,1.3388999996095663
gc_enabled,1805,1.5825000000404543
gc_enabled,1806,1.7252999996344442
gc_enabled,1807,1.2974999999642023
gc_enabled,1808,1.23639999947045
gc_enabled,1809,1.3828999999532243
gc_enabled,1810,1.2894000001324457
gc_enabled,1811,1.3483000002452172
gc_enabled,1812,1.3589000000138185
gc_enabled,1813,1.3329000003068359
gc_enabled,1814,1.3910999996369355
gc_enabled,1815,1.263699999981327
gc_enabled,1816,1.8490000002202578
gc_enabled,1817,2.129899999999907
gc_enabled,1818,4.6005000003788155
gc_enabled,1819,1.9922999999835156
gc_enabled,1820,1.665599999796541
gc_enabled,1821,1.2692999998762389
gc_enabled,1822,1.3403000002654153
gc_enabled,1823,1.3516999997591483
gc_enabled,1824,1.2860999995609745
gc_enabled,1825,1.4393999999811058
gc_enabled,1826,1.366299999972398
gc_enabled,1827,1.2638999996852363
gc_enabled,1828,1.2474999994083191
gc_enabled,1829,1.223599999320868
gc_enabled,1830,1.36090000069089
gc_enabled,1831,1.3215999997555627
gc_enabled,1832,1.236099999914586
gc_enabled,1833,1.2737999995806604
gc_enabled,1834,1.2618999999176594
gc_enabled,1835,1.6400000004068715
gc_enabled,1836,1.354699999865261
gc_enabled,1837,1.2810999996872852
gc_enabled,1838,1.3699999999516876
gc_enabled,1839,1.2666999991779448
gc_enabled,1840,1.2593999999808148
gc_enabled,1841,1.3430999997581239
gc_enabled,1842,1.2916000005134265
gc_enabled,1843,1.2509999996836996
gc_enabled,1844,1.2200999999549822
gc_enabled,1845,1.2848000005760696
gc_enabled,1846,1.2339000004431
gc_enabled,1847,1.2664000005315756
gc_enabled,1848,1.4489000004687114
gc_enabled,1849,1.4131999996607192
gc_enabled,1850,1.4307999999800813
gc_enabled,1851,1.4297999996415456
gc_enabled,1852,1.3072000001557171
gc_enabled,1853,1.3476999993145
gc_enabled,1854,1.230099999702361
gc_enabled,1855,1.4800999997532926
gc_enabled,1856,1.2817999995604623
gc_enabled,1857,1.293499999519554
gc_enabled,1858,1.2831999993068166
gc_enabled,1859,1.2798999996448401
gc_enabled,1860,1.258100000086415
gc_enabled,1861,1.2816000007660477
gc_enabled,1862,1.3659000005645794
gc_enabled,1863,1.3555000004998874
gc_enabled,1864,1.2633999995159684
gc_enabled,1865,1.3523999996323255
gc_enabled,1866,1.3090000002193847
gc_enabled,1867,1.2304000001677196
gc_enabled,1868,1.2852999998358428
gc_enabled,1869,1.3730000000578002
gc_enabled,1870,1.318399999945541
gc_enabled,1871,1.2364000003799447
gc_enabled,1872,1.3811999997415114
gc_enabled,1873,1.3598000005003996
gc_enabled,1874,1.2766999998348183
gc_enabled,1875,1.236099999914586
gc_enabled,1876,1.2269999997442937
gc_enabled,1877,1.325600000200211
gc_enabled,1878,1.3211000004957896
gc_enabled,1879,1.2292999999772292
gc_enabled,1880,1.325399999586807
gc_enabled,1881,1.2272000003576977
gc_enabled,1882,1.3368999998419895
gc_enabled,1883,1.2668999997913488
gc_enabled,1884,1.346499999272055
gc_enabled,1885,1.2672000002567074
gc_enabled,1886,1.2287999998079613
gc_enabled,1887,1.3486999996530358
gc_enabled,1888,1.3317000002643908
gc_enabled,1889,1.2425000004441245
gc_enabled,1890,1.293700000132958
gc_enabled,1891,1.332400000137568
gc_enabled,1892,3.088200000092911
gc_enabled,1893,1.4772000004086294
gc_enabled,1894,1.318100000389677
gc_enabled,1895,1.2851999999838881
gc_enabled,1896,1.3134000000718515
gc_enabled,1897,1.2855000004492467
gc_enabled,1898,1.2876000000687782
gc_enabled,1899,1.4142999998512096
gc_enabled,1900,1.3663999998243526
gc_enabled,1901,1.2356999995972728
gc_enabled,1902,1.299700000345183
gc_enabled,1903,1.2139000000388478
gc_enabled,1904,1.337700000476616
gc_enabled,1905,1.2706999996225932
gc_enabled,1906,1.2391999998726533
gc_enabled,1907,1.2415999999575433
gc_enabled,1908,2.79690000024857
gc_enabled,1909,1.4588000003641355
gc_enabled,1910,1.2642000001505949
gc_enabled,1911,1.3320000007297494
gc_enabled,1912,1.285499999539752
gc_enabled,1913,1.303600000028382
gc_enabled,1914,1.365099999929953
gc_enabled,1915,1.3173999996070052
gc_enabled,1916,1.315499999691383
gc_enabled,1917,1.3276999998197425
gc_enabled,1918,1.2497000006987946
gc_enabled,1919,1.4155999997456092
gc_enabled,1920,1.2449999994714744
gc_enabled,1921,1.2953000004927162
gc_enabled,1922,1.296399999773712
gc_enabled,1923,1.3126000003467198
gc_enabled,1924,1.387799999974959
gc_enabled,1925,1.270499999918684
gc_enabled,1926,1.2694999995801481
gc_enabled,1927,1.3456000006044633
gc_enabled,1928,1.2365000002318993
gc_enabled,1929,1.3290999995660968
gc_enabled,1930,1.3139000002411194
gc_enabled,1931,1.3153999998394283
gc_enabled,1932,1.3263999999253429
gc_enabled,1933,1.246799999535142
gc_enabled,1934,1.4486999998553074
gc_enabled,1935,1.3591999995696824
gc_enabled,1936,1.2611000001925277
gc_enabled,1937,1.453800000490446
gc_enabled,1938,1.259800000298128
gc_enabled,1939,1.389500000186672
gc_enabled,1940,1.2932999998156447
gc_enabled,1941,1.3327000006029266
gc_enabled,1942,1.4572000000043772
gc_enabled,1943,1.2615999994523008
gc_enabled,1944,1.4095000005909242
gc_enabled,1945,1.2768999995387276
gc_enabled,1946,1.1903999993592151
gc_enabled,1947,1.2435999997251201
gc_enabled,1948,1.2652000004891306
gc_enabled,1949,1.1982999994870625
gc_enabled,1950,1.3410000001385924
gc_enabled,1951,1.474900000175694
gc_enabled,1952,1.3598000005003996
gc_enabled,1953,1.2965000005351612
gc_enabled,1954,1.3078000001769396
gc_enabled,1955,1.228399999490648
gc_enabled,1956,1.2641000002986402
gc_enabled,1957,1.2313999995967606
gc_enabled,1958,1.226200000019162
gc_enabled,1959,1.360000000204309
gc_enabled,1960,1.2879999994765967
gc_enabled,1961,1.2177999997220468
gc_enabled,1962,1.2858000000051106
gc_enabled,1963,1.3294000000314554
gc_enabled,1964,1.4184000001478125
gc_enabled,1965,1.2498000005507492
gc_enabled,1966,1.241400000253634
gc_enabled,1967,1.2460999996619648
gc_enabled,1968,1.2360000000626314
gc_enabled,1969,1.3146000001142966
gc_enabled,1970,1.240700000380457
gc_enabled,1971,1.2014999992970843
gc_enabled,1972,1.2697000001935521
gc_enabled,1973,1.1760999996113242
gc_enabled,1974,1.3680000001841108
gc_enabled,1975,1.441000000340864
gc_enabled,1976,1.3742999999521999
gc_enabled,1977,1.2645999995584134
gc_enabled,1978,1.2466000007407274
gc_enabled,1979,1.5499999999519787
gc_enabled,1980,1.3030000000071595
gc_enabled,1981,1.2059000000590459
gc_enabled,1982,1.2228000005052309
gc_enabled,1983,1.6720000003260793
gc_enabled,1984,1.3613000000987086
gc_enabled,1985,1.32229999962874
gc_enabled,1986,1.2368999996397179
gc_enabled,1987,1.385100000334205
gc_enabled,1988,1.2698000000455067
gc_enabled,1989,1.2712999996438157
gc_enabled,1990,1.2624000000869273
gc_enabled,1991,1.442200000383309
gc_enabled,1992,1.2673999999606167
gc_enabled,1993,1.2720000004264875
gc_enabled,1994,1.2712999996438157
gc_enabled,1995,1.2988999997105566
gc_enabled,1996,1.3792999998258892
gc_enabled,1997,1.2618999999176594
gc_enabled,1998,1.2352000003374997
gc_enabled,1999,1.3254000004963018
gc_enabled,2000,1.2021000002278015
gc_enabled,2001,1.3072000001557171
gc_enabled,2002,1.2061000006724498
gc_enabled,2003,1.292999999350286
gc_enabled,2004,1.2281999997867388
gc_enabled,2005,1.1936999999306863
gc_enabled,2006,1.3602999997601728
gc_enabled,2007,1.2605000001713051
gc_enabled,2008,1.2269999997442937
gc_enabled,2009,1.2642000001505949
gc_enabled,2010,1.2925999999424675
gc_enabled,2011,1.2980999999854248
gc_enabled,2012,1.2344000006123679
gc_enabled,2013,1.2534000006780843
gc_enabled,2014,1.3308999996297644
gc_enabled,2015,1.2309000003369874
gc_enabled,2016,1.310100000409875
gc_enabled,2017,1.277999999729218
gc_enabled,2018,1.3654000003953115
gc_enabled,2019,1.369900000099733
gc_enabled,2020,1.2483000000429456
gc_enabled,2021,1.3625999999931082
gc_enabled,2022,2.7481000006446266
gc_enabled,2023,1.4126000005489914
gc_enabled,2024,1.258399999642279
gc_enabled,2025,1.2514000000010128
gc_enabled,2026,1.460600000427803
gc_enabled,2027,1.3990000006742775
gc_enabled,2028,1.2701000005108654
gc_enabled,2029,1.28350000068167
gc_enabled,2030,1.30410000019765
gc_enabled,2031,1.2683000004471978
gc_enabled,2032,1.226200000019162
gc_enabled,2033,1.1902999995072605
gc_enabled,2034,1.3627000007545575
gc_enabled,2035,1.222399999278423
gc_enabled,2036,1.376900000650494
gc_enabled,2037,1.2440000000424334
gc_enabled,2038,2.696300000025076
gc_enabled,2039,1.3054999999440042
gc_enabled,2040,1.2464000001273234
gc_enabled,2041,1.3191000007282128
gc_enabled,2042,1.3143999995008926
gc_enabled,2043,1.2320999994699378
gc_enabled,2044,1.259899999240588
gc_enabled,2045,1.2519000001702807
gc_enabled,2046,1.297300000260293
gc_enabled,2047,1.2962999999217573
gc_enabled,2048,1.2403999999150983
gc_enabled,2049,1.3290999995660968
gc_enabled,2050,1.227699999617471
gc_enabled,2051,1.2948000003234483
gc_enabled,2052,1.2231999999130494
gc_enabled,2053,1.2667000000874395
gc_enabled,2054,1.2318999997660285
gc_enabled,2055,1.2417999996614526
gc_enabled,2056,1.2986000001546927
gc_enabled,2057,1.2950000000273576
gc_enabled,2058,1.224999999976717
gc_enabled,2059,1.2122999996790895
gc_enabled,2060,1.2403999999150983
gc_enabled,2061,1.3983999997435603
gc_enabled,2062,1.2759999999616412
gc_enabled,2063,1.2364999993224046
gc_enabled,2064,1.2510000005931943
gc_enabled,2065,1.4846999993096688
gc_enabled,2066,1.3134000000718515
gc_enabled,2067,1.297800000429561
gc_enabled,2068,1.2277999994694255
gc_enabled,2069,1.4117000000624103
gc_enabled,2070,1.227199999448203
gc_enabled,2071,1.2495000000853906
gc_enabled,2072,1.2489000000641681
gc_enabled,2073,1.4537999995809514
gc_enabled,2074,1.277000000300177
gc_enabled,2075,1.250699999218341
gc_enabled,2076,1.2446999999156105
gc_enabled,2077,1.2876999999207328
gc_enabled,2078,1.296100000217848
gc_enabled,2079,1.2507000001278357
gc_enabled,2080,1.2135999995734892
gc_enabled,2081,1.3685000003533787
gc_enabled,2082,1.269000000320375
gc_enabled,2083,1.219699999637669
gc_enabled,2084,1.283300000068266
gc_enabled,2085,1.3152999999874737
gc_enabled,2086,1.2640000004466856
gc_enabled,2087,1.2163000001237378
gc_enabled,2088,1.4150000006338814
gc_enabled,2089,1.2280000000828295
gc_enabled,2090,1.3148999996701605
gc_enabled,2091,1.281599999856553
gc_enabled,2092,1.3571999998021056
gc_enabled,2093,1.2611000001925277
gc_enabled,2094,1.234899999872141
gc_enabled,2095,1.2471000000005006
gc_enabled,2096,1.3196000008974806
gc_enabled,2097,1.2341000001470093
gc_enabled,2098,1.2069999993400415
gc_enabled,2099,1.3459000001603272
gc_enabled,2100,1.2849000004280242
gc_enabled,2101,1.3087000006635208
gc_enabled,2102,1.2292999999772292
gc_enabled,2103,1.4377999996213475
gc_enabled,2104,1.3979000004837872
gc_enabled,2105,1.3030999998591142
gc_enabled,2106,1.3179999996282277
gc_enabled,2107,1.2382999993860722
gc_enabled,2108,1.4697000005980954
gc_enabled,2109,1.3064999993730453
gc_enabled,2110,1.2447999997675652
gc_enabled,2111,1.2472999997044099
gc_enabled,2112,1.401399999849673
gc_enabled,2113,1.4339999997901032
gc_enabled,2114,1.2488000002122135
gc_enabled,2115,1.2062000005244045
gc_enabled,2116,1.3874000005671405
gc_enabled,2117,1.2450000003809691
gc_enabled,2118,1.210499999615422
gc_enabled,2119,1.2668999997913488
gc_enabled,2120,1.228899999659916
gc_enabled,2121,1.514100000349572
gc_enabled,2122,1.253599999472499
gc_enabled,2123,1.2434000000212109
gc_enabled,2124,1.3131000005159876
gc_enabled,2125,1.277700000173354
gc_enabled,2126,1.278900000215799
gc_enabled,2127,1.3552999998864834
gc_enabled,2128,1.2047000000166008
gc_enabled,2129,1.3163000003260095
gc_enabled,2130,1.2668000008488889
gc_enabled,2131,1.2676000005740207
gc_enabled,2132,1.2769000004482223
gc_enabled,2133,1.31379999947967
gc_enabled,2134,1.2732000004689326
gc_enabled,2135,1.2395999992804718
gc_enabled,2136,1.27269999939017
gc_enabled,2137,1.2828999997509527
gc_enabled,2138,1.252799999747367
gc_enabled,2139,1.2340000002950546
gc_enabled,2140,1.2519000001702807
gc_enabled,2141,1.4809000003879191
gc_enabled,2142,1.3085999999020714
gc_enabled,2143,1.2730999997074832
gc_enabled,2144,1.2537000002339482
gc_enabled,2145,1.4670999998998013
gc_enabled,2146,1.3663999998243526
gc_enabled,2147,1.2815000000045984
gc_enabled,2148,1.2572999994517886
gc_enabled,2149,1.3138000003891648
gc_enabled,2150,1.3761000000158674
gc_enabled,2151,1.3567000005423324
gc_enabled,2152,1.2277999994694255
gc_enabled,2153,1.199799999994866
gc_enabled,2154,1.479999999901338
gc_enabled,2155,1.2944999998580897
gc_enabled,2156,1.3870000002498273
gc_enabled,2157,1.2185000005047186
gc_enabled,2158,1.2764000002789544
gc_enabled,2159,1.2489999999161228
gc_enabled,2160,1.3453000001391047
gc_enabled,2161,1.3567000005423324
gc_enabled,2162,1.6640999992887373
gc_enabled,2163,1.3229000005594571
gc_enabled,2164,1.3724000000365777
gc_enabled,2165,1.2442999995982973
gc_enabled,2166,1.3125000004947651
gc_enabled,2167,1.5296999999918626
gc_enabled,2168,3.278600000157894
gc_enabled,2169,1.3641000005009118
gc_enabled,2170,1.2858999998570653
gc_enabled,2171,1.2703000002147746
gc_enabled,2172,1.3964999998279382
gc_enabled,2173,1.35859999954846
gc_enabled,2174,1.3755999998465995
gc_enabled,2175,1.337700000476616
gc_enabled,2176,1.3847000000168919
gc_enabled,2177,1.2360000000626314
gc_enabled,2178,1.2679000001298846
gc_enabled,2179,1.3590999997177278
gc_enabled,2180,1.448799999707262
gc_enabled,2181,1.3229000005594571
gc_enabled,2182,1.2305999998716288
gc_enabled,2183,1.2630000001081498
gc_enabled,2184,2.720899999985704
gc_enabled,2185,1.291999999921245
gc_enabled,2186,1.2245000007169438
gc_enabled,2187,1.5526999995927326
gc_enabled,2188,1.3393999997788342
gc_enabled,2189,1.376199999867822
gc_enabled,2190,1.3110999998389161
gc_enabled,2191,1.386899999488378
gc_enabled,2192,1.3224999993326492
gc_enabled,2193,1.4332000000649714
gc_enabled,2194,1.2867000004916918
gc_enabled,2195,1.3767999998890446
gc_enabled,2196,1.2765999999828637
gc_enabled,2197,1.3809000001856475
gc_enabled,2198,1.2783000001945766
gc_enabled,2199,1.27020000036282
gc_enabled,2200,1.5195999994830345
gc_enabled,2201,1.2762000005750451
gc_enabled,2202,1.2923000003866036
gc_enabled,2203,1.288100000238046
gc_enabled,2204,1.2698000000455067
gc_enabled,2205,1.3680000001841108
gc_enabled,2206,1.2852999998358428
gc_enabled,2207,1.3699999999516876
gc_enabled,2208,1.2200000001030276
gc_enabled,2209,1.2268000000403845
gc_enabled,2210,1.3357000007090392
gc_enabled,2211,1.3299000002007233
gc_enabled,2212,1.3477000002239947
gc_enabled,2213,1.3099999996484257
gc_enabled,2214,1.2578000005305512
gc_enabled,2215,1.3139999991835793
gc_enabled,2216,1.2198000003991183
gc_enabled,2217,1.3294000000314554
gc_enabled,2218,1.2489000000641681
gc_enabled,2219,1.2748999997711508
gc_enabled,2220,1.3096000002406072
gc_enabled,2221,1.294600000619539
gc_enabled,2222,1.263499999367923
gc_enabled,2223,1.7086999996536179
gc_enabled,2224,1.387799999974959
gc_enabled,2225,1.2296999993850477
gc_enabled,2226,1.319099999818718
gc_enabled,2227,1.3305000002219458
gc_enabled,2228,1.2561000003188383
gc_enabled,2229,1.2539999997898121
gc_enabled,2230,1.3746000004175585
gc_enabled,2231,1.3966999995318474
gc_enabled,2232,1.298500000302738
gc_enabled,2233,1.433099999303522
gc_enabled,2234,1.5208999993774341
gc_enabled,2235,1.291999999921245
gc_enabled,2236,1.2574999991556979
gc_enabled,2237,1.2784000000465312
gc_enabled,2238,1.2605000001713051
gc_enabled,2239,1.245099999323429
gc_enabled,2240,1.2275999997655163
gc_enabled,2241,1.2539999997898121
gc_enabled,2242,1.3238999999884982
gc_enabled,2243,1.3044000006630085
gc_enabled,2244,1.2568000001920154
gc_enabled,2245,1.2807999992219266
gc_enabled,2246,1.284700000724115
gc_enabled,2247,1.2433000001692562
gc_enabled,2248,1.2715000002572197
gc_enabled,2249,1.2458999999580556
gc_enabled,2250,1.298299999689334
gc_enabled,2251,1.3533999999708612
gc_enabled,2252,1.2692999998762389
gc_enabled,2253,1.2532000000646804
gc_enabled,2254,1.3294000000314554
gc_enabled,2255,1.2188000000605825
gc_enabled,2256,1.4175000005707261
gc_enabled,2257,1.2465999998312327
gc_enabled,2258,1.2708000003840425
gc_enabled,2259,1.2365000002318993
gc_enabled,2260,1.2263999997230712
gc_enabled,2261,1.2188999999125372
gc_enabled,2262,1.316900000347232
gc_enabled,2263,1.2650999997276813
gc_enabled,2264,1.300900000387628
gc_enabled,2265,1.2642000001505949
gc_enabled,2266,1.338699999905657
gc_enabled,2267,1.2183999997432693
gc_enabled,2268,1.2643000000025495
gc_enabled,2269,1.364800000374089
gc_enabled,2270,1.2151000000812928
gc_enabled,2271,1.3354000002436806
gc_enabled,2272,1.2439000001904787
gc_enabled,2273,1.4891000000716303
gc_enabled,2274,1.2901000000056229
gc_enabled,2275,1.2536000003819936
gc_enabled,2276,1.3685999992958386
gc_enabled,2277,1.3046999993093777
gc_enabled,2278,1.2153999996371567
gc_enabled,2279,1.4368000001923065
gc_enabled,2280,1.263400000425463
gc_enabled,2281,2.981300000101328
gc_enabled,2282,1.2401000003592344
gc_enabled,2283,1.2793999994755723
gc_enabled,2284,1.2889999998151325
gc_enabled,2285,1.2996999994356884
gc_enabled,2286,1.3724999998885323
gc_enabled,2287,1.5402999997604638
gc_enabled,2288,1.4160000000629225
gc_enabled,2289,1.3893000004827627
gc_enabled,2290,1.306799999838404
gc_enabled,2291,1.2929000004078262
gc_enabled,2292,1.2377000002743443
gc_enabled,2293,1.4289000000644592
gc_enabled,2294,1.2403999999150983
gc_enabled,2295,1.1970999994446174
gc_enabled,2296,1.3974999992569792
gc_enabled,2297,3.0169999999998254
gc_enabled,2298,1.3337999998839223
gc_enabled,2299,1.5510000002905144
gc_enabled,2300,1.2608999995791237
gc_enabled,2301,1.3349999999263673
gc_enabled,2302,1.3059999992037774
gc_enabled,2303,1.3462999995681457
gc_enabled,2304,1.272900000003574
gc_enabled,2305,1.2568000001920154
gc_enabled,2306,1.3828000001012697
gc_enabled,2307,1.225699999849894
gc_enabled,2308,1.214599999912025
gc_enabled,2309,1.2262999998711166
gc_enabled,2310,1.3408000004346832
gc_enabled,2311,1.2299999998504063
gc_enabled,2312,1.2269999997442937
gc_enabled,2313,1.1858999996547936
gc_enabled,2314,2.6896000008491683
gc_enabled,2315,1.2618000000657048
gc_enabled,2316,1.2581999999383697
gc_enabled,2317,1.5882999996392755
gc_enabled,2318,1.5498999991905293
gc_enabled,2319,1.302900000155205
gc_enabled,2320,1.232700000400655
gc_enabled,2321,1.4387999999598833
gc_enabled,2322,1.3275999999677879
gc_enabled,2323,1.3543000004574424
gc_enabled,2324,1.2371000002531218
gc_enabled,2325,1.278900000215799
gc_enabled,2326,1.3225000002421439
gc_enabled,2327,1.228399999490648
gc_enabled,2328,1.216700000441051
gc_enabled,2329,1.1980999997831532
gc_enabled,2330,2.5321000002804794
gc_enabled,2331,1.2644000007639988
gc_enabled,2332,1.2917000003653811
gc_enabled,2333,1.320800000030431
gc_enabled,2334,1.294600000619539
gc_enabled,2335,1.2237000000823173
gc_enabled,2336,1.239000000168744
gc_enabled,2337,1.2403000000631437
gc_enabled,2338,1.2591000004249508
gc_enabled,2339,1.2412000005497248
gc_enabled,2340,1.1826999998447718
gc_enabled,2341,1.3132000003679423
gc_enabled,2342,1.2305000000196742
gc_enabled,2343,1.241900000422902
gc_enabled,2344,1.2355000008028583
gc_enabled,2345,1.2768999995387276
gc_enabled,2346,1.3453999999910593
gc_enabled,2347,1.2200000001030276
gc_enabled,2348,1.301499999499356
gc_enabled,2349,1.3477000002239947
gc_enabled,2350,1.2368999996397179
gc_enabled,2351,1.23879999955534
gc_enabled,2352,1.3355000000956352
gc_enabled,2353,1.315700000304787
gc_enabled,2354,1.3610999994853046
gc_enabled,2355,1.2305000000196742
gc_enabled,2356,1.257199999599834
gc_enabled,2357,1.3976000000184285
gc_enabled,2358,1.3818999996146886
gc_enabled,2359,1.2865999997302424
gc_enabled,2360,1.245500000550237
gc_enabled,2361,1.3806000006297836
gc_enabled,2362,1.225999999405758
gc_enabled,2363,1.3661000002684887
gc_enabled,2364,1.2189999997644918
gc_enabled,2365,1.4915000001565204
gc_enabled,2366,1.2648000001718174
gc_enabled,2367,1.234199999998964
gc_enabled,2368,1.3027000004512956
gc_enabled,2369,1.4275999992605648
gc_enabled,2370,1.2513000001490582
gc_enabled,2371,1.3123999997333158
gc_enabled,2372,1.2239999996381812
gc_enabled,2373,1.480500000070606
gc_enabled,2374,1.2475000003178138
gc_enabled,2375,1.2725999995382153
gc_enabled,2376,1.2452000000848784
gc_enabled,2377,1.2877999997726874
gc_enabled,2378,1.3455999996949686
gc_enabled,2379,1.2403000000631437
gc_enabled,2380,1.27509999947506
gc_enabled,2381,1.322000000072876
gc_enabled,2382,1.23879999955534
gc_enabled,2383,1.3668000001416658
gc_enabled,2384,1.2778000000253087
gc_enabled,2385,1.2439999991329387
gc_enabled,2386,1.4228000000002794
gc_enabled,2387,1.312599999437225
gc_enabled,2388,1.4221000001271022
gc_enabled,2389,1.2920999997731997
gc_enabled,2390,1.226899999892339
gc_enabled,2391,1.258600000255683
gc_enabled,2392,1.2673999999606167
gc_enabled,2393,1.3251000000309432
gc_enabled,2394,1.206300000376359
gc_enabled,2395,1.2194999999337597
gc_enabled,2396,1.32469999971363
gc_enabled,2397,1.2311000000408967
gc_enabled,2398,1.3020999995205784
gc_enabled,2399,1.2427000001480337
gc_enabled,2400,1.4483000004474889
gc_enabled,2401,1.2931000001117354
gc_enabled,2402,1.2563000000227476
gc_enabled,2403,1.368700000057288
gc_enabled,2404,1.345499999843014
gc_enabled,2405,1.217999999425956
gc_enabled,2406,1.249199999620032
gc_enabled,2407,1.35009999939939
gc_enabled,2408,1.5423000004375353
gc_enabled,2409,1.2280999999347841
gc_enabled,2410,1.2071000001014909
gc_enabled,2411,1.3410000001385924
gc_enabled,2412,1.277700000173354
gc_enabled,2413,1.350500000626198
gc_enabled,2414,1.2102999999115127
gc_enabled,2415,1.2920000008307397
gc_enabled,2416,1.244600000063656
gc_enabled,2417,2.5894000000334927
gc_enabled,2418,2.4905000000217115
gc_enabled,2419,2.1589999996649567
gc_enabled,2420,1.7905000004247995
gc_enabled,2421,1.327399999354384
gc_enabled,2422,1.4629999996031984
gc_enabled,2423,1.4197999998941668
gc_enabled,2424,1.230099999702361
gc_enabled,2425,1.4077999994697166
gc_enabled,2426,1.3017999999647145
gc_enabled,2427,2.79210000007879
gc_enabled,2428,1.2553999995361664
gc_enabled,2429,1.2403999999150983
gc_enabled,2430,1.3395999994827434
gc_enabled,2431,1.281599999856553
gc_enabled,2432,1.2321000003794325
gc_enabled,2433,1.2655999998969492
gc_enabled,2434,1.3400999996520113
gc_enabled,2435,1.4316999995571678
gc_enabled,2436,1.3103000001137843
gc_enabled,2437,1.2546999996629893
gc_enabled,2438,1.2832000002163113
gc_enabled,2439,1.2992000001759152
gc_enabled,2440,1.3022000002820278
gc_enabled,2441,1.2429000007614377
gc_enabled,2442,1.4943000005587237
gc_enabled,2443,2.8941000000486383
gc_enabled,2444,1.4465000003838213
gc_enabled,2445,1.318899999205314
gc_enabled,2446,1.3406999996732338
gc_enabled,2447,1.2656999997489038
gc_enabled,2448,1.2263999997230712
gc_enabled,2449,1.4572999998563319
gc_enabled,2450,1.4907999993738486
gc_enabled,2451,1.2644000007639988
gc_enabled,2452,1.2747000000672415
gc_enabled,2453,1.3510999997379258
gc_enabled,2454,1.3329000003068359
gc_enabled,2455,1.7411999997420935
gc_enabled,2456,1.249199999620032
gc_enabled,2457,1.2287999998079613
gc_enabled,2458,1.3115000001562294
gc_enabled,2459,1.2086000006092945
gc_enabled,2460,1.3261999993119389
gc_enabled,2461,1.2483999998949002
gc_enabled,2462,1.2606000000232598
gc_enabled,2463,1.25209999987419
gc_enabled,2464,1.2537000002339482
gc_enabled,2465,1.328099999227561
gc_enabled,2466,1.4313000001493492
gc_enabled,2467,1.2427999999999884
gc_enabled,2468,1.290500000322936
gc_enabled,2469,1.2509999996836996
gc_enabled,2470,1.4580000006390037
gc_enabled,2471,1.3059000002613175
gc_enabled,2472,1.3586999994004145
gc_enabled,2473,1.2864999998782878
gc_enabled,2474,1.4559999999619322
gc_enabled,2475,1.3644000000567758
gc_enabled,2476,1.2585000004037283
gc_enabled,2477,1.4690999996673781
gc_enabled,2478,1.300900000387628
gc_enabled,2479,1.3069999995423132
gc_enabled,2480,1.331400000708527
gc_enabled,2481,1.2603999994098558
gc_enabled,2482,1.2049000006300048
gc_enabled,2483,1.4397000004464644
gc_enabled,2484,1.4572000000043772
gc_enabled,2485,1.3352000005397713
gc_enabled,2486,1.2754999997923733
gc_enabled,2487,1.2858999998570653
gc_enabled,2488,1.2852999998358428
gc_enabled,2489,1.2118999993617763
gc_enabled,2490,1.352700000097684
gc_enabled,2491,1.4520999993692385
gc_enabled,2492,1.253599999472499
gc_enabled,2493,1.245599999492697
gc_enabled,2494,1.2551999998322572
gc_enabled,2495,1.4702000007673632
gc_enabled,2496,1.2765999999828637
gc_enabled,2497,1.3441999999486143
gc_enabled,2498,1.2397000000419212
gc_enabled,2499,1.3070999993942678
gc_enabled,2500,1.2987000000066473
gc_enabled,2501,1.35009999939939
gc_enabled,2502,1.2748999997711508
gc_enabled,2503,1.3447999999698368
gc_enabled,2504,1.2089000001651584
gc_enabled,2505,1.2966000003871159
gc_enabled,2506,1.3602999997601728
gc_enabled,2507,1.3146999999662512
gc_enabled,2508,1.2952000006407616
gc_enabled,2509,1.271199999791861
gc_enabled,2510,1.3938000001871842
gc_enabled,2511,1.2563000000227476
gc_enabled,2512,1.1993999996775528
gc_enabled,2513,1.2153999996371567
gc_enabled,2514,1.2845999999626656
gc_enabled,2515,1.3292000003275461
gc_enabled,2516,1.2555000002976158
gc_enabled,2517,1.2111999994885991
gc_enabled,2518,1.3197999996918952
gc_enabled,2519,1.2422999998307205
gc_enabled,2520,1.1969000006502029
gc_enabled,2521,1.214599999912025
gc_enabled,2522,1.286699999582197
gc_enabled,2523,1.2950999998793122
gc_enabled,2524,1.2249000001247623
gc_enabled,2525,1.315499999691383
gc_enabled,2526,1.451199999792152
gc_enabled,2527,1.2765999999828637
gc_enabled,2528,1.2977999995200662
gc_enabled,2529,1.2736999997287057
gc_enabled,2530,1.4377000006788876
gc_enabled,2531,1.2919000000692904
gc_enabled,2532,1.1957000006077578
gc_enabled,2533,1.3036999998803367
gc_enabled,2534,1.5291999998225947
gc_enabled,2535,1.2625999997908366
gc_enabled,2536,1.254799999514944
gc_enabled,2537,1.2374000007184804
gc_enabled,2538,1.452399999834597
gc_enabled,2539,1.2254000002940302
gc_enabled,2540,1.2549000002763933
gc_enabled,2541,1.255700000001525
gc_enabled,2542,1.2630999999601045
gc_enabled,2543,1.2921999996251543
gc_enabled,2544,1.3379000001805252
gc_enabled,2545,1.4277000000220141
gc_enabled,2546,1.2611000001925277
gc_enabled,2547,1.218499999595224
gc_enabled,2548,1.3088999994579353
gc_enabled,2549,1.3300999999046326
gc_enabled,2550,1.2115999998059124
gc_enabled,2551,1.335300000391726
gc_enabled,2552,1.232200000231387
gc_enabled,2553,1.4194000004863483
gc_enabled,2554,1.2543000002551707
gc_enabled,2555,1.207599999361264
gc_enabled,2556,1.2133000000176253
gc_enabled,2557,2.730600000177219
gc_enabled,2558,1.295899999604444
gc_enabled,2559,1.2652999994315905
gc_enabled,2560,1.2879000005341368
gc_enabled,2561,1.3263999999253429
gc_enabled,2562,1.2707999994745478
gc_enabled,2563,1.4615000000048894
gc_enabled,2564,1.2572000005093287
gc_enabled,2565,1.299999999901047
gc_enabled,2566,1.3859999999112915
gc_enabled,2567,1.2813000003006891
gc_enabled,2568,1.3412999996944563
gc_enabled,2569,1.4063999997233623
gc_enabled,2570,1.2462000004234142
gc_enabled,2571,1.2698999998974614
gc_enabled,2572,1.2260000003152527
gc_enabled,2573,2.9192000001785345
gc_enabled,2574,1.2658000005103531
gc_enabled,2575,1.2385999998514308
gc_enabled,2576,1.2939999996888218
gc_enabled,2577,1.4977999999246094
gc_enabled,2578,1.3215999997555627
gc_enabled,2579,1.2765999999828637
gc_enabled,2580,1.2784000000465312
gc_enabled,2581,1.874100000350154
gc_enabled,2582,1.3171999999030959
gc_enabled,2583,1.2551999998322572
gc_enabled,2584,1.294999999117863
gc_enabled,2585,1.2588999998115469
gc_enabled,2586,1.2658000005103531
gc_enabled,2587,1.260799999727169
gc_enabled,2588,1.2998000001971377
gc_enabled,2589,1.2227999995957362
gc_enabled,2590,1.3151000002835644
gc_enabled,2591,1.2230000002091401
gc_enabled,2592,1.2984999993932433
gc_enabled,2593,1.2202999996588915
gc_enabled,2594,1.320500000474567
gc_enabled,2595,1.3460000000122818
gc_enabled,2596,1.3311000002431683
gc_enabled,2597,1.2230000002091401
gc_enabled,2598,1.2591999993674108
gc_enabled,2599,1.296399999773712
gc_enabled,2600,1.4158000003590132
gc_enabled,2601,1.36099999963335
gc_enabled,2602,1.2308999994274927
gc_enabled,2603,1.2824999994336395
gc_enabled,2604,1.299700000345183
gc_enabled,2605,1.3704000002690009
gc_enabled,2606,1.2710999999399064
gc_enabled,2607,1.2546000007205294
gc_enabled,2608,1.3049999997747364
gc_enabled,2609,1.2463000002753688
gc_enabled,2610,1.350599999568658
gc_enabled,2611,1.219900000251073
gc_enabled,2612,1.4821000004303642
gc_enabled,2613,1.3860999997632462
gc_enabled,2614,1.2926999997944222
gc_enabled,2615,1.3608000008389354
gc_enabled,2616,1.311600000008184
gc_enabled,2617,1.2556000001495704
gc_enabled,2618,1.3707999996768194
gc_enabled,2619,1.2448999996195198
gc_enabled,2620,1.4084000004004338
gc_enabled,2621,1.3814000003549154
gc_enabled,2622,1.247900000635127
gc_enabled,2623,1.3156000004528323
gc_enabled,2624,1.2379999998302083
gc_enabled,2625,1.668999999310472
gc_enabled,2626,1.2907999998788
gc_enabled,2627,1.3272000005599693
gc_enabled,2628,1.261999999769614
gc_enabled,2629,1.3567000005423324
gc_enabled,2630,1.3388000006671064
gc_enabled,2631,1.3390000003710156
gc_enabled,2632,1.2321000003794325
gc_enabled,2633,1.2221999995745136
gc_enabled,2634,1.2200000001030276
gc_enabled,2635,1.344000000244705
gc_enabled,2636,1.2188000000605825
gc_enabled,2637,1.2359000002106768
gc_enabled,2638,1.346499999272055
gc_enabled,2639,1.3380999998844345
gc_enabled,2640,1.3079000000288943
gc_enabled,2641,1.2438000003385241
gc_enabled,2642,1.2737999995806604
gc_enabled,2643,1.3435000000754371
gc_enabled,2644,1.2683000004471978
gc_enabled,2645,1.261500000509841
gc_enabled,2646,1.2679999999818392
gc_enabled,2647,1.3087999996059807
gc_enabled,2648,1.3087999996059807
gc_enabled,2649,1.2373999998089857
gc_enabled,2650,1.2587000001076376
gc_enabled,2651,1.2908999997307546
gc_enabled,2652,1.2212999999974272
gc_enabled,2653,1.4172000001053675
gc_enabled,2654,1.59680000069784
gc_enabled,2655,1.4413999997486826
gc_enabled,2656,1.487000000452099
gc_enabled,2657,1.3552000000345288
gc_enabled,2658,1.2263999997230712
gc_enabled,2659,1.3329000003068359
gc_enabled,2660,1.2987000000066473
gc_enabled,2661,1.2293999998291838
gc_enabled,2662,1.3219000002209214
gc_enabled,2663,1.4177000002746354
gc_enabled,2664,1.3207000001784763
gc_enabled,2665,1.264600000467908
gc_enabled,2666,1.2045000003126916
gc_enabled,2667,1.3417000000117696
gc_enabled,2668,1.3146999999662512
gc_enabled,2669,1.22910000027332
gc_enabled,2670,1.3172999997550505
gc_enabled,2671,1.248400000804395
gc_enabled,2672,1.386899999488378
gc_enabled,2673,1.2225999998918269
gc_enabled,2674,1.4501999994536163
gc_enabled,2675,1.2311000000408967
gc_enabled,2676,1.2901000000056229
gc_enabled,2677,1.2773999997079954
gc_enabled,2678,1.1939999994865502
gc_enabled,2679,1.3594000001830864
gc_enabled,2680,1.3147999998182058
gc_enabled,2681,1.2424000005921698
gc_enabled,2682,1.2197999994896236
gc_enabled,2683,1.255499999388121
gc_enabled,2684,1.2906000001748907
gc_enabled,2685,1.2210999993840232
gc_enabled,2686,1.201799999762443
gc_enabled,2687,1.2648000001718174
gc_enabled,2688,1.229800000146497
gc_enabled,2689,1.2621000005310634
gc_enabled,2690,1.2643999998545041
gc_enabled,2691,1.266100000066217
gc_enabled,2692,1.3043999997535138
gc_enabled,2693,1.247700000021723
gc_enabled,2694,1.592499999787833
gc_enabled,2695,1.3976999998703832
gc_enabled,2696,1.395500000398897
gc_enabled,2697,1.2892999993709964
gc_enabled,2698,1.321000000643835
gc_enabled,2699,1.311600000008184
gc_enabled,2700,1.24720000076195
gc_enabled,2701,1.2255999999979394
gc_enabled,2702,1.2568000001920154
gc_enabled,2703,2.6608999996824423
gc_enabled,2704,1.4319000001705717
gc_enabled,2705,1.4287999993030098
gc_enabled,2706,1.280899999983376
gc_enabled,2707,1.3342000002012355
gc_enabled,2708,1.2314999994487152
gc_enabled,2709,1.2546000007205294
gc_enabled,2710,1.3366000002861256
gc_enabled,2711,1.3056999996479135
gc_enabled,2712,1.299999999901047
gc_enabled,2713,1.2488000002122135
gc_enabled,2714,1.299700000345183
gc_enabled,2715,1.3255000003482564
gc_enabled,2716,1.2344999995548278
gc_enabled,2717,1.2877999997726874
gc_enabled,2718,1.2212000001454726
gc_enabled,2719,2.6451000003362424
gc_enabled,2720,1.310399999965739
gc_enabled,2721,1.2630000001081498
gc_enabled,2722,1.3299000002007233
gc_enabled,2723,1.281899999412417
gc_enabled,2724,1.2268000000403845
gc_enabled,2725,1.2575000000651926
gc_enabled,2726,1.227400000061607
gc_enabled,2727,1.3064999993730453
gc_enabled,2728,1.2034000001222012
gc_enabled,2729,1.2384999999994761
gc_enabled,2730,1.332400000137568
gc_enabled,2731,1.3032999995630234
gc_enabled,2732,1.2345000004643225
gc_enabled,2733,1.225699999849894
gc_enabled,2734,1.2692000000242842
gc_enabled,2735,1.218700000208628
gc_enabled,2736,1.3295999997353647
gc_enabled,2737,1.3772999991488177
gc_enabled,2738,1.351500000055239
gc_enabled,2739,1.3982999998916057
gc_enabled,2740,1.3146000001142966
gc_enabled,2741,1.2413000004016794
gc_enabled,2742,1.2563999998747022
gc_enabled,2743,1.3288999998621875
gc_enabled,2744,1.237500000570435
gc_enabled,2745,1.2891000005765818
gc_enabled,2746,1.3163000003260095
gc_enabled,2747,1.2499000004027039
gc_enabled,2748,1.2792999996236176
gc_enabled,2749,1.471500000661763
gc_enabled,2750,1.3835999998264015
gc_enabled,2751,1.2430000006133923
gc_enabled,2752,1.3000999997530016
gc_enabled,2753,1.3197999996918952
gc_enabled,2754,1.3834000001224922
gc_enabled,2755,1.3072000001557171
gc_enabled,2756,1.2519000001702807
gc_enabled,2757,1.28839999979391
gc_enabled,2758,1.3432999994620332
gc_enabled,2759,1.3060999999652267
gc_enabled,2760,1.276799999686773
gc_enabled,2761,1.2292999999772292
gc_enabled,2762,1.3248000004750793
gc_enabled,2763,1.2605000001713051
gc_enabled,2764,1.2078999998266227
gc_enabled,2765,1.2826000001950888
gc_enabled,2766,1.351799999611103
gc_enabled,2767,1.2287999998079613
gc_enabled,2768,1.391900000271562
gc_enabled,2769,1.346699999885459
gc_enabled,2770,1.2613999997483916
gc_enabled,2771,1.2371000002531218
gc_enabled,2772,1.359200000479177
gc_enabled,2773,1.3994999999340507
gc_enabled,2774,1.2513000001490582
gc_enabled,2775,1.3368999998419895
gc_enabled,2776,1.3104999998176936
gc_enabled,2777,1.4160999999148771
gc_enabled,2778,1.2629000002561952
gc_enabled,2779,1.2397999998938758
gc_enabled,2780,1.3971000007586554
gc_enabled,2781,1.3607999999294407
gc_enabled,2782,1.4455000000452856
gc_enabled,2783,1.240700000380457
gc_enabled,2784,1.2709000002359971
gc_enabled,2785,1.3184999997974955
gc_enabled,2786,1.2286999999560066
gc_enabled,2787,1.3478000000759494
gc_enabled,2788,1.2780999995811726
gc_enabled,2789,1.312599999437225
gc_enabled,2790,1.2647000003198627
gc_enabled,2791,1.269999999749416
gc_enabled,2792,2.107600000272214
gc_enabled,2793,1.6755999995439197
gc_enabled,2794,1.28599999970902
gc_enabled,2795,1.3059000002613175
gc_enabled,2796,1.2902999997095321
gc_enabled,2797,1.3742000001002452
gc_enabled,2798,1.2175000001661829
gc_enabled,2799,1.3724999998885323
gc_enabled,2800,1.241699999809498
gc_enabled,2801,1.3405000008788193
gc_enabled,2802,1.2674999998125713
gc_enabled,2803,1.2594999998327694
gc_enabled,2804,1.2937999999849126
gc_enabled,2805,1.234699999258737
gc_enabled,2806,1.2165999996796018
gc_enabled,2807,1.294699999561999
gc_enabled,2808,1.2988999997105566
gc_enabled,2809,1.261999999769614
gc_enabled,2810,1.3891999997213134
gc_enabled,2811,1.2512999992395635
gc_enabled,2812,1.383699999678356
gc_enabled,2813,1.26780000027793
gc_enabled,2814,1.2286999999560066
gc_enabled,2815,1.263900000594731
gc_enabled,2816,2.7331999999660184
gc_enabled,2817,1.260799999727169
gc_enabled,2818,1.2436000006346148
gc_enabled,2819,1.2606999998752144
gc_enabled,2820,1.3366000002861256
gc_enabled,2821,1.2461999995139195
gc_enabled,2822,1.3075000006210757
gc_enabled,2823,1.2672000002567074
gc_enabled,2824,1.3066000001344946
gc_enabled,2825,1.5195000005405745
gc_enabled,2826,1.2918000002173358
gc_enabled,2827,1.3378000003285706
gc_enabled,2828,1.675999999861233
gc_enabled,2829,1.3441999999486143
gc_enabled,2830,1.26780000027793
gc_enabled,2831,1.246499999979278
gc_enabled,2832,2.9726999991908087
gc_enabled,2833,1.3343999999051448
gc_enabled,2834,1.4722999994774
gc_enabled,2835,1.2974999999642023
gc_enabled,2836,1.2213999998493819
gc_enabled,2837,1.3883999999961816
gc_enabled,2838,1.3202000000092085
gc_enabled,2839,1.255999999557389
gc_enabled,2840,1.2311000000408967
gc_enabled,2841,1.3383000004978385
gc_enabled,2842,1.2891000005765818
gc_enabled,2843,1.2163000001237378
gc_enabled,2844,1.3351999996302766
gc_enabled,2845,1.2953000004927162
gc_enabled,2846,1.2054000007992727
gc_enabled,2847,1.228600000104052
gc_enabled,2848,1.2876000000687782
gc_enabled,2849,3.4872999995059217
gc_enabled,2850,1.438899999811838
gc_enabled,2851,1.2891999995190417
gc_enabled,2852,1.2867000004916918
gc_enabled,2853,1.3116999998601386
gc_enabled,2854,1.2784999998984858
gc_enabled,2855,1.2201999998069368
gc_enabled,2856,1.2409999999363208
gc_enabled,2857,1.666299999669718
gc_enabled,2858,1.3792999998258892
gc_enabled,2859,1.362100000733335
gc_enabled,2860,1.2035999998261104
gc_enabled,2861,1.6843000003063935
gc_enabled,2862,1.2645999995584134
gc_enabled,2863,1.246799999535142
gc_enabled,2864,1.253000000360771
gc_enabled,2865,3.0956000000514905
gc_enabled,2866,1.343700000688841
gc_enabled,2867,1.2851999999838881
gc_enabled,2868,1.3251000000309432
gc_enabled,2869,1.4585999997507315
gc_enabled,2870,1.370199999655597
gc_enabled,2871,1.3195000001360313
gc_enabled,2872,1.268799999706971
gc_enabled,2873,1.251800000318326
gc_enabled,2874,1.2565000006361515
gc_enabled,2875,1.2304000001677196
gc_enabled,2876,1.5780000003360328
gc_enabled,2877,1.2266000003364752
gc_enabled,2878,1.2180000003354507
gc_enabled,2879,1.2366999999358086
gc_enabled,2880,1.272399999834306
gc_enabled,2881,1.620099999854574
gc_enabled,2882,1.6252999994321726
gc_enabled,2883,1.4105000000199652
gc_enabled,2884,1.3807999994241982
gc_enabled,2885,1.2532000000646804
gc_enabled,2886,1.2907000000268454
gc_enabled,2887,1.234199999998964
gc_enabled,2888,1.2858000000051106
gc_enabled,2889,1.219600000695209
gc_enabled,2890,1.1999999996987754
gc_enabled,2891,1.320500000474567
gc_enabled,2892,1.3901000002078945
gc_enabled,2893,1.2642000001505949
gc_enabled,2894,1.4111000000411877
gc_enabled,2895,1.2563999998747022
gc_enabled,2896,1.3611000003947993
gc_enabled,2897,1.2710999999399064
gc_enabled,2898,1.2911999992866185
gc_enabled,2899,1.2510999995356542
gc_enabled,2900,1.3291999994180514
gc_enabled,2901,1.3008999994781334
gc_enabled,2902,1.2321000003794325
gc_enabled,2903,1.4089000005697017
gc_enabled,2904,1.4480999998340849
gc_enabled,2905,1.2633000005735084
gc_enabled,2906,1.3254000004963018
gc_enabled,2907,1.2280999999347841
gc_enabled,2908,1.366299999972398
gc_enabled,2909,1.3908000000810716
gc_enabled,2910,1.2339000004431
gc_enabled,2911,1.2715000002572197
gc_enabled,2912,1.266399999622081
gc_enabled,2913,1.234199999998964
gc_enabled,2914,1.2647000003198627
gc_enabled,2915,1.2902000007670722
gc_enabled,2916,1.326100000369479
gc_enabled,2917,1.2490999997680774
gc_enabled,2918,1.2157000001025153
gc_enabled,2919,1.3305000002219458
gc_enabled,2920,1.4220000002751476
gc_enabled,2921,1.5718000004198984
gc_enabled,2922,1.4143000007607043
gc_enabled,2923,1.457999999729509
gc_enabled,2924,1.3883999999961816
gc_enabled,2925,1.242899999851943
gc_enabled,2926,1.3330999991012504
gc_enabled,2927,1.3109000001350068
gc_enabled,2928,1.3380999998844345
gc_enabled,2929,1.2064000002283137
gc_enabled,2930,1.224499999807449
gc_enabled,2931,1.2772999998560408
gc_enabled,2932,1.4503000002150657
gc_enabled,2933,1.6606999997748062
gc_enabled,2934,1.280699999369972
gc_enabled,2935,1.3132000003679423
gc_enabled,2936,1.2409000000843662
gc_enabled,2937,1.2947999994139536
gc_enabled,2938,1.3292000003275461
gc_enabled,2939,1.3265999996292521
gc_enabled,2940,1.2233000006744987
gc_enabled,2941,1.2819999992643716
gc_enabled,2942,1.2656999997489038
gc_enabled,2943,1.5339999999923748
gc_enabled,2944,1.276500000130909
gc_enabled,2945,1.3138000003891648
gc_enabled,2946,1.3047000002188724
gc_enabled,2947,1.3006999997742241
gc_enabled,2948,1.254799999514944
gc_enabled,2949,1.258399999642279
gc_enabled,2950,1.2790000000677537
gc_enabled,2951,1.3682000007975148
gc_enabled,2952,1.3269999999465654
gc_enabled,2953,1.3238000001365435
gc_enabled,2954,1.3226999999460531
gc_enabled,2955,1.278699999602395
gc_enabled,2956,1.2896999996883096
gc_enabled,2957,1.259599999684724
gc_enabled,2958,1.3091000000713393
gc_enabled,2959,1.2967000002390705
gc_enabled,2960,1.3828999999532243
gc_enabled,2961,1.2568000001920154
gc_enabled,2962,2.99659999927826
gc_enabled,2963,1.4493999997284845
gc_enabled,2964,1.2865999997302424
gc_enabled,2965,2.032600000347884
gc_enabled,2966,1.3323000002856134
gc_enabled,2967,1.330999999481719
gc_enabled,2968,1.2843000004068017
gc_enabled,2969,1.3615999996545725
gc_enabled,2970,1.851899999564921
gc_enabled,2971,1.28590000076656
gc_enabled,2972,1.266399999622081
gc_enabled,2973,1.3085999999020714
gc_enabled,2974,1.3199000004533445
gc_enabled,2975,1.350500000626198
gc_enabled,2976,1.2680999998337938
gc_enabled,2977,1.3028000003032503
gc_enabled,2978,2.887399999963236
gc_enabled,2979,1.2876999999207328
gc_enabled,2980,1.3144000004103873
gc_enabled,2981,1.3040000003456953
gc_enabled,2982,1.272399999834306
gc_enabled,2983,1.2370999993436271
gc_enabled,2984,1.2357000005067675
gc_enabled,2985,1.3283000007504597
gc_enabled,2986,1.288199999180506
gc_enabled,2987,1.277999999729218
gc_enabled,2988,1.3724000000365777
gc_enabled,2989,1.3032999995630234
gc_enabled,2990,1.2862000003224239
gc_enabled,2991,1.2735000000247965
gc_enabled,2992,1.2876999999207328
gc_enabled,2993,1.3078000001769396
gc_enabled,2994,1.3515999999071937
gc_enabled,2995,1.3549999994211248
gc_enabled,2996,1.2302999994062702
gc_enabled,2997,1.4320000000225264
gc_enabled,2998,1.459400000385358
gc_enabled,2999,1.2739000003421097
gc_enabled,3000,1.2572999994517886
gc_enabled,3001,1.3043999997535138
gc_enabled,3002,1.2878000006821821
gc_enabled,3003,1.4232000003175926
gc_enabled,3004,1.2585999993461883
gc_enabled,3005,1.3122999998813611
gc_enabled,3006,1.437400000213529
gc_enabled,3007,1.3410000001385924
gc_enabled,3008,1.2776000003213994
gc_enabled,3009,1.3322000004336587
gc_enabled,3010,1.4512000007016468
gc_enabled,3011,1.3712999998460873
gc_enabled,3012,1.589100000273902
gc_enabled,3013,1.2778999998772633
gc_enabled,3014,1.345499999843014
gc_enabled,3015,1.2716000001091743
gc_enabled,3016,1.2667999999393942
gc_enabled,3017,1.9400000001041917
gc_enabled,3018,1.2901999998575775
gc_enabled,3019,1.237299999957031
gc_enabled,3020,1.2358000003587222
gc_enabled,3021,2.4692000006325543
gc_enabled,3022,2.6605000002746237
gc_enabled,3023,1.9720999998753541
gc_enabled,3024,1.4617999995607533
gc_enabled,3025,1.3082999994367128
gc_enabled,3026,1.3785000001007575
gc_enabled,3027,1.2287999998079613
gc_enabled,3028,1.2217000003147405
gc_enabled,3029,1.2125000002924935
gc_enabled,3030,1.383699999678356
gc_enabled,3031,1.2969000008524745
gc_enabled,3032,1.2266000003364752
gc_enabled,3033,1.2405000006765476
gc_enabled,3034,1.4768999999432708
gc_enabled,3035,1.3324999999895226
gc_enabled,3036,1.5741999995952938
gc_enabled,3037,1.2654000001930399
gc_enabled,3038,1.2713999994957703
gc_enabled,3039,1.2369000005492126
gc_enabled,3040,1.2125000002924935
gc_enabled,3041,1.341600000159815
gc_enabled,3042,1.284200000554847
gc_enabled,3043,1.2667999999393942
gc_enabled,3044,1.2345000004643225
gc_enabled,3045,1.3421000003290828
gc_enabled,3046,1.4882999994370039
gc_enabled,3047,1.2545999998110346
gc_enabled,3048,1.2365000002318993
gc_enabled,3049,1.3122999998813611
gc_enabled,3050,1.3069999995423132
gc_enabled,3051,1.3069000005998532
gc_enabled,3052,1.2851000001319335
gc_enabled,3053,1.2868000003436464
gc_enabled,3054,1.344000000244705
gc_enabled,3055,1.2412000005497248
gc_enabled,3056,1.2356999995972728
gc_enabled,3057,1.3055999997959589
gc_enabled,3058,1.209299999572977
gc_enabled,3059,1.209500000186381
gc_enabled,3060,1.2403999999150983
gc_enabled,3061,1.3179999996282277
gc_enabled,3062,1.2301999995543156
gc_enabled,3063,1.374999999825377
gc_enabled,3064,1.2374999996609404
gc_enabled,3065,1.2718999996650382
gc_enabled,3066,1.2188000000605825
gc_enabled,3067,1.2262999998711166
gc_enabled,3068,1.315700000304787
gc_enabled,3069,1.3165000000299187
gc_enabled,3070,1.2354999998933636
gc_enabled,3071,1.2405999996190076
gc_enabled,3072,1.2911000003441586
gc_enabled,3073,1.4172000001053675
gc_enabled,3074,1.28599999970902
gc_enabled,3075,1.3339999995878316
gc_enabled,3076,1.3479999997798586
gc_enabled,3077,1.376900000650494
gc_enabled,3078,1.3710000002902234
gc_enabled,3079,1.3718000000153552
gc_enabled,3080,1.3503999998647487
gc_enabled,3081,1.3306000000739004
gc_enabled,3082,1.644799999667157
gc_enabled,3083,1.5781000001879875
gc_enabled,3084,1.4587000005121808
gc_enabled,3085,1.4445999995587044
gc_enabled,3086,1.3272000005599693
gc_enabled,3087,1.2736999997287057
gc_enabled,3088,1.61500000012893
gc_enabled,3089,1.4062999998714076
gc_enabled,3090,1.3559999997596606
gc_enabled,3091,1.2383000002955669
gc_enabled,3092,2.8475999997681356
gc_enabled,3093,1.3831000005666283
gc_enabled,3094,1.4358000007632654
gc_enabled,3095,1.3528000008591334
gc_enabled,3096,1.3533999999708612
gc_enabled,3097,1.2715000002572197
gc_enabled,3098,1.3239999998404528
gc_enabled,3099,1.2183999997432693
gc_enabled,3100,1.3214000000516535
gc_enabled,3101,1.2331999996604281
gc_enabled,3102,1.2309999992794474
gc_enabled,3103,1.260799999727169
gc_enabled,3104,1.3327999995453865
gc_enabled,3105,1.311800000621588
gc_enabled,3106,1.3393000008363742
gc_enabled,3107,1.2867999994341517
gc_enabled,3108,2.8376999998727115
gc_enabled,3109,1.267599999664526
gc_enabled,3110,1.2543000002551707
gc_enabled,3111,1.424600000063947
gc_enabled,3112,1.3767999998890446
gc_enabled,3113,1.243100000465347
gc_enabled,3114,1.2207999998281593
gc_enabled,3115,1.3037999997322913
gc_enabled,3116,1.2165000007371418
gc_enabled,3117,1.3726000006499817
gc_enabled,3118,1.4210999997885665
gc_enabled,3119,1.3229000005594571
gc_enabled,3120,1.3530000005630427
gc_enabled,3121,1.2752000002365094
gc_enabled,3122,1.3005999999222695
gc_enabled,3123,1.2639999995371909
gc_enabled,3124,1.2418000005709473
gc_enabled,3125,1.350300000012794
gc_enabled,3126,1.3103000001137843
gc_enabled,3127,1.4154000000417
gc_enabled,3128,1.3809000001856475
gc_enabled,3129,1.8442000000504777
gc_enabled,3130,1.7035999999279738
gc_enabled,3131,1.645999999709602
gc_enabled,3132,1.5683999999964726
gc_enabled,3133,1.5511999999944237
gc_enabled,3134,1.6103000007205992
gc_enabled,3135,1.656600000387698
gc_enabled,3136,1.6372000000046683
gc_enabled,3137,1.5767000004416332
gc_enabled,3138,1.6850000001795706
gc_enabled,3139,1.7113000003519119
gc_enabled,3140,1.6409999998359126
gc_enabled,3141,1.5885999991951394
gc_enabled,3142,1.8164000002798275
gc_enabled,3143,1.4503000002150657
gc_enabled,3144,1.348899999356945
gc_enabled,3145,1.2930000002597808
gc_enabled,3146,1.2435000007826602
gc_enabled,3147,1.393399999869871
gc_enabled,3148,1.4768000000913162
gc_enabled,3149,1.2722999999823514
gc_enabled,3150,1.256699999430566
gc_enabled,3151,1.306299999669136
gc_enabled,3152,1.328500000454369
gc_enabled,3153,1.2356999995972728
gc_enabled,3154,1.1858999996547936
gc_enabled,3155,1.818299999285955
gc_enabled,3156,1.413699999829987
gc_enabled,3157,1.3058999993518228
gc_enabled,3158,1.2960999993083533
gc_enabled,3159,1.3595999998869956
gc_enabled,3160,1.2621000005310634
gc_enabled,3161,1.4239000001907698
gc_enabled,3162,1.3552000000345288
gc_enabled,3163,1.2930000002597808
gc_enabled,3164,1.3312999999470776
gc_enabled,3165,1.2695000004896428
gc_enabled,3166,1.2882000000900007
gc_enabled,3167,1.3402000004134607
gc_enabled,3168,1.2317000000621192
gc_enabled,3169,1.364899999316549
gc_enabled,3170,1.4174999996612314
gc_enabled,3171,1.261000000340573
gc_enabled,3172,1.2932999998156447
gc_enabled,3173,1.2563999998747022
gc_enabled,3174,1.7842999995991704
gc_enabled,3175,1.2701999994533253
gc_enabled,3176,1.2784999998984858
gc_enabled,3177,1.2298999999984517
gc_enabled,3178,1.4339999997901032
gc_enabled,3179,1.4522999999826425
gc_enabled,3180,1.3218999993114267
gc_enabled,3181,1.2473000006139046
gc_enabled,3182,1.3542999995479477
gc_enabled,3183,1.255000000128348
gc_enabled,3184,1.2894999999844003
gc_enabled,3185,1.2746000002152869
gc_enabled,3186,1.2913000000480679
gc_enabled,3187,1.2602999995579012
gc_enabled,3188,1.179700000648154
gc_enabled,3189,1.2560000004668836
gc_enabled,3190,1.222099999722559
gc_enabled,3191,1.5788999999131192
gc_enabled,3192,1.2697000001935521
gc_enabled,3193,1.244300000507792
gc_enabled,3194,1.2596999995366787
gc_enabled,3195,1.3099000007059658
gc_enabled,3196,1.2749999996231054
gc_enabled,3197,1.4381999999386608
gc_enabled,3198,1.2424999995346298
gc_enabled,3199,1.377399999910267
gc_enabled,3200,1.2466999996831873
gc_enabled,3201,1.2176000000181375
gc_enabled,3202,1.3272000005599693
gc_enabled,3203,1.3691000003746012
gc_enabled,3204,1.2839000000894885
gc_enabled,3205,1.2146999997639796
gc_enabled,3206,1.3364999995246762
gc_enabled,3207,1.3203999997131177
gc_enabled,3208,1.2661999999181717
gc_enabled,3209,1.2603999994098558
gc_enabled,3210,1.2553999995361664
gc_enabled,3211,1.417599999513186
gc_enabled,3212,1.3196999998399406
gc_enabled,3213,1.2759999999616412
gc_enabled,3214,1.3465000001815497
gc_enabled,3215,1.331200000095123
gc_enabled,3216,1.4566999998351093
gc_enabled,3217,1.272900000003574
gc_enabled,3218,1.2493000003814814
gc_enabled,3219,1.3072000001557171
gc_enabled,3220,1.2740000001940643
gc_enabled,3221,1.3436999997793464
gc_enabled,3222,1.2334000002738321
gc_enabled,3223,1.2316000002101646
gc_enabled,3224,1.2594999998327694
gc_enabled,3225,1.2955000001966255
gc_enabled,3226,1.4050999998289626
gc_enabled,3227,1.2212000001454726
gc_enabled,3228,1.215599999341066
gc_enabled,3229,1.216999999996915
gc_enabled,3230,1.2840999997933977
gc_enabled,3231,1.2213999998493819
gc_enabled,3232,1.2645000006159535
gc_enabled,3233,1.2531000002127257
gc_enabled,3234,1.4015000006111222
gc_enabled,3235,1.251800000318326
gc_enabled,3236,1.360700000077486
gc_enabled,3237,1.2343999997028732
gc_enabled,3238,2.63119999999617
gc_enabled,3239,1.2790000000677537
gc_enabled,3240,1.2368999996397179
gc_enabled,3241,1.2940999995407765
gc_enabled,3242,1.6304000000673113
gc_enabled,3243,1.4363000000230386
gc_enabled,3244,1.3343000000531902
gc_enabled,3245,1.4882999994370039
gc_enabled,3246,1.9156999996994273
gc_enabled,3247,1.5934999992168741
gc_enabled,3248,1.4068999998926301
gc_enabled,3249,1.2662999997701263
gc_enabled,3250,1.3070999993942678
gc_enabled,3251,1.297300000260293
gc_enabled,3252,1.2365000002318993
gc_enabled,3253,1.232700000400655
gc_enabled,3254,2.766900000096939
gc_enabled,3255,1.6808999998829677
gc_enabled,3256,1.3006999997742241
gc_enabled,3257,1.3337999998839223
gc_enabled,3258,1.4741000004505622
gc_enabled,3259,1.3819999994666432
gc_enabled,3260,1.4485000001513981
gc_enabled,3261,1.4203000000634347
gc_enabled,3262,1.5677000001232955
gc_enabled,3263,1.4392000002771965
gc_enabled,3264,1.3620999998238403
gc_enabled,3265,1.6078999997262144
gc_enabled,3266,1.3104999998176936
gc_enabled,3267,1.3453999999910593
gc_enabled,3268,1.4965000000302098
gc_enabled,3269,1.7919000001711538
gc_enabled,3270,1.5345000001616427
gc_enabled,3271,1.70579999939946
gc_enabled,3272,1.6612999997960287
gc_enabled,3273,1.5812999999980093
gc_enabled,3274,1.6054000006988645
gc_enabled,3275,1.5883000005487702
gc_enabled,3276,1.7010999999911292
gc_enabled,3277,1.6407000002800487
gc_enabled,3278,1.6000999994503218
gc_enabled,3279,1.561799999763025
gc_enabled,3280,1.5009999997346313
gc_enabled,3281,1.6390999999202904
gc_enabled,3282,1.4854999999442953
gc_enabled,3283,1.5740999997433391
gc_enabled,3284,1.5560000001642038
gc_enabled,3285,1.684699999714212
gc_enabled,3286,1.4836999998806277
gc_enabled,3287,1.6377000001739361
gc_enabled,3288,1.67429999964952
gc_enabled,3289,1.7606999999770778
gc_enabled,3290,1.5699000005042762
gc_enabled,3291,1.9238000004406786
gc_enabled,3292,1.5575000006720074
gc_enabled,3293,2.1711999997933162
gc_enabled,3294,1.6228999993472826
gc_enabled,3295,1.7852999999377062
gc_enabled,3296,1.4694000001327367
gc_enabled,3297,1.7014999993989477
gc_enabled,3298,1.563200000418874
gc_enabled,3299,1.450299999305571
gc_enabled,3300,1.3825999994878657
gc_enabled,3301,1.7066000000340864
gc_enabled,3302,1.5078999995239428
gc_enabled,3303,1.4295999999376363
gc_enabled,3304,1.6636000000289641
gc_enabled,3305,1.3264999997772975
gc_enabled,3306,1.2780999995811726
gc_enabled,3307,1.259899999240588
gc_enabled,3308,1.296199999160308
gc_enabled,3309,1.244300000507792
gc_enabled,3310,1.2645999995584134
gc_enabled,3311,1.3146999999662512
gc_enabled,3312,1.2673999999606167
gc_enabled,3313,1.2901000000056229
gc_enabled,3314,1.2417000007189927
gc_enabled,3315,1.2316000002101646
gc_enabled,3316,1.2851999999838881
gc_enabled,3317,1.371300000755582
gc_enabled,3318,1.3300999999046326
gc_enabled,3319,1.5378999996755738
gc_enabled,3320,2.0683000002463814
gc_enabled,3321,1.566599999932805
gc_enabled,3322,1.6219999997701962
gc_enabled,3323,1.4878000001772307
gc_enabled,3324,1.6132000000652624
gc_enabled,3325,1.5196999993349891
gc_enabled,3326,1.5051999998831889
gc_enabled,3327,1.5354000006482238
gc_enabled,3328,1.8430999998599873
gc_enabled,3329,1.9796000005953829
gc_enabled,3330,1.5364000000772648
gc_enabled,3331,1.4936999996280065
gc_enabled,3332,1.7401999994035577
gc_enabled,3333,1.600999999936903
gc_enabled,3334,2.122199999575969
gc_enabled,3335,1.5415999996548635
gc_enabled,3336,1.908700000058161
gc_enabled,3337,1.5671999999540276
gc_enabled,3338,1.4633999999205116
gc_enabled,3339,1.688500000454951
gc_enabled,3340,1.4573999997082865
gc_enabled,3341,1.5292999996745493
gc_enabled,3342,1.4610000007451163
gc_enabled,3343,1.4762999999220483
gc_enabled,3344,1.4399000001503737
gc_enabled,3345,1.459400000385358
gc_enabled,3346,1.5469999998458661
gc_enabled,3347,1.4861999998174724
gc_enabled,3348,1.4101000006121467
gc_enabled,3349,1.502500000242435
gc_enabled,3350,1.4858999993521138
gc_enabled,3351,3.0770000003030873
gc_enabled,3352,1.3167000006433227
gc_enabled,3353,1.317899999776273
gc_enabled,3354,1.311899999564048
gc_enabled,3355,1.3394999996307888
gc_enabled,3356,1.2914999997519772
gc_enabled,3357,1.255700000001525
gc_enabled,3358,1.241400000253634
gc_enabled,3359,1.4381000000867061
gc_enabled,3360,1.2424000005921698
gc_enabled,3361,1.3485999998010811
gc_enabled,3362,1.232700000400655
gc_enabled,3363,1.333399999566609
gc_enabled,3364,1.2691000001723296
gc_enabled,3365,1.2406999994709622
gc_enabled,3366,1.207799999974668
gc_enabled,3367,2.7967999994871207
gc_enabled,3368,1.2590000005729962
gc_enabled,3369,1.6295999994326849
gc_enabled,3370,1.6295999994326849
gc_enabled,3371,1.2728000001516193
gc_enabled,3372,1.3748999999734224
gc_enabled,3373,1.3905999994676677
gc_enabled,3374,1.2495999999373453
gc_enabled,3375,1.6310000000885339
gc_enabled,3376,1.363100000162376
gc_enabled,3377,1.3119000004735426
gc_enabled,3378,1.2101000002076034
gc_enabled,3379,1.2700999996013707
gc_enabled,3380,1.3022000002820278
gc_enabled,3381,1.2943000001541805
gc_enabled,3382,1.2899000003017136
gc_enabled,3383,1.219699999637669
gc_enabled,3384,2.8011000003971276
gc_enabled,3385,1.3092999997752486
gc_enabled,3386,1.219900000251073
gc_enabled,3387,1.3796000002912479
gc_enabled,3388,1.4326000000437489
gc_enabled,3389,1.2704000000667293
gc_enabled,3390,1.2676999995164806
gc_enabled,3391,1.216700000441051
gc_enabled,3392,1.398700000208919
gc_enabled,3393,1.235400000041409
gc_enabled,3394,1.2004999998680432
gc_enabled,3395,1.3390999993134756
gc_enabled,3396,1.298299999689334
gc_enabled,3397,1.2419999993653619
gc_enabled,3398,1.2237000000823173
gc_enabled,3399,1.1989999993602396
gc_enabled,3400,2.7477999992697733
gc_enabled,3401,1.2200000001030276
gc_enabled,3402,1.267300000108662
gc_enabled,3403,1.3016000002608052
gc_enabled,3404,1.239999999597785
gc_enabled,3405,1.2993000000278698
gc_enabled,3406,1.3028999992457102
gc_enabled,3407,1.2770999992426368
gc_enabled,3408,1.2521999997261446
gc_enabled,3409,1.3203999997131177
gc_enabled,3410,1.2475000003178138
gc_enabled,3411,1.3177000000723638
gc_enabled,3412,1.4194000004863483
gc_enabled,3413,1.5014999999038992
gc_enabled,3414,1.2870000000475557
gc_enabled,3415,1.381799999762734
gc_enabled,3416,1.2669000007008435
gc_enabled,3417,1.297300000260293
gc_enabled,3418,1.3185999996494502
gc_enabled,3419,1.3085000000501168
gc_enabled,3420,1.2043000006087823
gc_enabled,3421,1.288199999180506
gc_enabled,3422,1.256200000170793
gc_enabled,3423,1.2901999998575775
gc_enabled,3424,1.2920999997731997
gc_enabled,3425,1.2022999999317108
gc_enabled,3426,1.2815000000045984
gc_enabled,3427,1.2817999995604623
gc_enabled,3428,1.4094999996814295
gc_enabled,3429,1.296399999773712
gc_enabled,3430,1.2781000004906673
gc_enabled,3431,1.341600000159815
gc_enabled,3432,1.3487000005625305
gc_enabled,3433,1.25690000004397
gc_enabled,3434,1.2725000005957554
gc_enabled,3435,1.328299999840965
gc_enabled,3436,1.2844000002587563
gc_enabled,3437,1.264699999410368
gc_enabled,3438,1.2289999995118706
gc_enabled,3439,1.287899999624642
gc_enabled,3440,1.229800000146497
gc_enabled,3441,1.2968999999429798
gc_enabled,3442,1.283300000068266
gc_enabled,3443,1.6708000002836343
gc_enabled,3444,1.37910000012198
gc_enabled,3445,1.3461000007737312
gc_enabled,3446,1.3328999993973412
gc_enabled,3447,1.342500000646396
gc_enabled,3448,1.2192999993203557
gc_enabled,3449,1.330200000666082
gc_enabled,3450,1.3421999992715428
gc_enabled,3451,1.2335000001257868
gc_enabled,3452,1.3862000005246955
gc_enabled,3453,1.272900000003574
gc_enabled,3454,1.3502000001608394
gc_enabled,3455,1.4476000005743117
gc_enabled,3456,1.4045999996596947
gc_enabled,3457,1.3380000000324799
gc_enabled,3458,1.426499999979569
gc_enabled,3459,1.2386999997033854
gc_enabled,3460,1.2334000002738321
gc_enabled,3461,1.2683000004471978
gc_enabled,3462,1.318399999945541
gc_enabled,3463,1.3448999998217914
gc_enabled,3464,1.2969999997949344
gc_enabled,3465,1.3720000006287592
gc_enabled,3466,1.3318999999683
gc_enabled,3467,1.2325999996392056
gc_enabled,3468,1.2837000003855792
gc_enabled,3469,1.3122999998813611
gc_enabled,3470,1.368700000057288
gc_enabled,3471,1.2671000004047528
gc_enabled,3472,1.3760000001639128
gc_enabled,3473,1.412700000400946
gc_enabled,3474,1.399900000251364
gc_enabled,3475,1.2972999993507983
gc_enabled,3476,1.5051999998831889
gc_enabled,3477,1.2862999992648838
gc_enabled,3478,1.3467999997374136
gc_enabled,3479,1.2037000005875598
gc_enabled,3480,1.2087000004612491
gc_enabled,3481,1.2275999997655163
gc_enabled,3482,1.260799999727169
gc_enabled,3483,1.2523999994300539
gc_enabled,3484,1.2241999993420905
gc_enabled,3485,1.383200000418583
gc_enabled,3486,1.2442000006558374
gc_enabled,3487,1.3443999996525235
gc_enabled,3488,1.315499999691383
gc_enabled,3489,1.450499999918975
gc_enabled,3490,1.2938999998368672
gc_enabled,3491,1.2709000002359971
gc_enabled,3492,1.1975999996138853
gc_enabled,3493,1.336500000434171
gc_enabled,3494,1.2509000007412396
gc_enabled,3495,1.205399999889778
gc_enabled,3496,1.2790999999197084
gc_enabled,3497,2.6712999997471343
gc_enabled,3498,1.4700000001539593
gc_enabled,3499,1.4043000001038308
gc_enabled,3500,1.2752000002365094
gc_enabled,3501,1.2904999994134414
gc_enabled,3502,1.2381999995341175
gc_enabled,3503,1.20489999972051
gc_enabled,3504,1.2888000001112232
gc_enabled,3505,1.378599999952712
gc_enabled,3506,1.2052000001858687
gc_enabled,3507,1.3358999995034537
gc_enabled,3508,1.3537999993786798
gc_enabled,3509,1.3549999994211248
gc_enabled,3510,1.4650000002802699
gc_enabled,3511,1.2589999996635015
gc_enabled,3512,1.3139000002411194
gc_enabled,3513,2.8794999998353887
gc_enabled,3514,1.4924000006431015
gc_enabled,3515,1.414899999872432
gc_enabled,3516,1.3530000005630427
gc_enabled,3517,1.3687999999092426
gc_enabled,3518,1.2894999999844003
gc_enabled,3519,1.2802999999621534
gc_enabled,3520,1.3058000004093628
gc_enabled,3521,1.2480999994295416
gc_enabled,3522,1.31130000045232
gc_enabled,3523,1.2660000002142624
gc_enabled,3524,1.309899999796471
gc_enabled,3525,1.2862000003224239
gc_enabled,3526,1.209999999446154
gc_enabled,3527,1.2141000006522518
gc_enabled,3528,1.2962999999217573
gc_enabled,3529,1.1803999996118364
gc_enabled,3530,1.2715000002572197
gc_enabled,3531,1.2333999993643374
gc_enabled,3532,1.4520000004267786
gc_enabled,3533,1.2744999994538375
gc_enabled,3534,1.3189999999667634
gc_enabled,3535,1.2105000005249167
gc_enabled,3536,1.2802000001101987
gc_enabled,3537,1.2446999999156105
gc_enabled,3538,1.2590000005729962
gc_enabled,3539,1.2106999993193313
gc_enabled,3540,1.2784000000465312
gc_enabled,3541,1.2648000001718174
gc_enabled,3542,1.3032999995630234
gc_enabled,3543,1.3572000007116003
gc_enabled,3544,1.4578999998775544
gc_enabled,3545,1.2775000004694448
gc_enabled,3546,1.2903999995614868
gc_enabled,3547,1.4424000000872184
gc_enabled,3548,1.269000000320375
gc_enabled,3549,1.284500000110711
gc_enabled,3550,1.2452000000848784
gc_enabled,3551,1.2323000000833417
gc_enabled,3552,1.5288000004147762
gc_enabled,3553,1.2781999994331272
gc_enabled,3554,1.3610999994853046
gc_enabled,3555,1.3501000003088848
gc_enabled,3556,1.247700000021723
gc_enabled,3557,1.4611999995395308
gc_enabled,3558,1.270499999918684
gc_enabled,3559,1.4135000001260778
gc_enabled,3560,1.2065000000802684
gc_enabled,3561,1.3080999997328036
gc_enabled,3562,1.328299999840965
gc_enabled,3563,1.3068000007478986
gc_enabled,3564,1.278900000215799
gc_enabled,3565,1.2966000003871159
gc_enabled,3566,1.2647000003198627
gc_enabled,3567,1.2657999996008584
gc_enabled,3568,1.3453999999910593
gc_enabled,3569,1.3450999995257007
gc_enabled,3570,1.207799999974668
gc_enabled,3571,1.186999999845284
gc_enabled,3572,1.2630999999601045
gc_enabled,3573,1.2751000003845547
gc_enabled,3574,1.231000000188942
gc_enabled,3575,1.2933999996675993
gc_enabled,3576,1.2911999992866185
gc_enabled,3577,1.325699999142671
gc_enabled,3578,1.3049999997747364
gc_enabled,3579,1.2501000001066132
gc_enabled,3580,1.3610000005428446
gc_enabled,3581,1.263900000594731
gc_enabled,3582,1.1973000000580214
gc_enabled,3583,1.2213999998493819
gc_enabled,3584,1.3625999999931082
gc_enabled,3585,1.352000000224507
gc_enabled,3586,1.235199999428005
gc_enabled,3587,1.2469000002965913
gc_enabled,3588,1.2742999997499282
gc_enabled,3589,1.2170999998488696
gc_enabled,3590,1.2391000000206986
gc_enabled,3591,1.2618000000657048
gc_enabled,3592,1.2942000003022258
gc_enabled,3593,1.2915999996039318
gc_enabled,3594,1.2409000000843662
gc_enabled,3595,1.2638999996852363
gc_enabled,3596,1.3431000006676186
gc_enabled,3597,1.212800000757852
gc_enabled,3598,1.6389000002163812
gc_enabled,3599,1.2932999998156447
gc_enabled,3600,1.5099000002010143
gc_enabled,3601,1.2906000001748907
gc_enabled,3602,1.6434999997727573
gc_enabled,3603,1.313300000219897
gc_enabled,3604,1.3252999997348525
gc_enabled,3605,1.2444000003597466
gc_enabled,3606,1.3005999999222695
gc_enabled,3607,1.255000000128348
gc_enabled,3608,1.323700000284589
gc_enabled,3609,1.255499999388121
gc_enabled,3610,1.213100000313716
gc_enabled,3611,1.2745000003633322
gc_enabled,3612,1.2266000003364752
gc_enabled,3613,1.1834000006274437
gc_enabled,3614,1.2421999999787658
gc_enabled,3615,1.2743999996018829
gc_enabled,3616,1.2429999997038976
gc_enabled,3617,1.2246999995113583
gc_enabled,3618,1.3733000005231588
gc_enabled,3619,1.422899999852234
gc_enabled,3620,1.2968000000910251
gc_enabled,3621,1.262700000552286
gc_enabled,3622,1.2058000002070912
gc_enabled,3623,1.463099999455153
gc_enabled,3624,1.3632999998662854
gc_enabled,3625,1.6585000003033201
gc_enabled,3626,1.6058999999586376
gc_enabled,3627,5.273699999634118
gc_enabled,3628,1.6178999994735932
gc_enabled,3629,1.31980000060139
gc_enabled,3630,1.2696000003415975
gc_enabled,3631,1.2906000001748907
gc_enabled,3632,1.2715000002572197
gc_enabled,3633,1.1881000000357744
gc_enabled,3634,1.2361999997665407
gc_enabled,3635,1.345499999843014
gc_enabled,3636,1.3144000004103873
gc_enabled,3637,1.2028000001009787
gc_enabled,3638,1.1851999997816165
gc_enabled,3639,1.2667999999393942
gc_enabled,3640,1.2629000002561952
gc_enabled,3641,1.263499999367923
gc_enabled,3642,1.2200999999549822
gc_enabled,3643,2.8487999998105806
gc_enabled,3644,1.3523999996323255
gc_enabled,3645,1.3939999998910935
gc_enabled,3646,1.37670000003709
gc_enabled,3647,1.2536000003819936
gc_enabled,3648,1.3329000003068359
gc_enabled,3649,1.2557999998534797
gc_enabled,3650,1.3008999994781334
gc_enabled,3651,1.2297000002945424
gc_enabled,3652,1.2389000003167894
gc_enabled,3653,1.2421999999787658
gc_enabled,3654,1.280899999983376
gc_enabled,3655,1.2159999996583792
gc_enabled,3656,1.2185000005047186
gc_enabled,3657,1.2085999996997998
gc_enabled,3658,1.2427999999999884
gc_enabled,3659,1.1968000007982482
gc_enabled,3660,1.2034999999741558
gc_enabled,3661,1.2652999994315905
gc_enabled,3662,1.3547999997172155
gc_enabled,3663,1.2381999995341175
gc_enabled,3664,1.227100000505743
gc_enabled,3665,1.21820000003936
gc_enabled,3666,1.3143999995008926
gc_enabled,3667,1.2212000001454726
gc_enabled,3668,1.2751000003845547
gc_enabled,3669,1.32949999988341
gc_enabled,3670,1.300200000514451
gc_enabled,3671,1.3623999993797042
gc_enabled,3672,1.2582999997903244
gc_enabled,3673,1.231299999744806
gc_enabled,3674,1.3163000003260095
gc_enabled,3675,1.367500000014843
gc_enabled,3676,1.2280000000828295
gc_enabled,3677,1.2384999999994761
gc_enabled,3678,1.286900000195601
gc_enabled,3679,1.219400000081805
gc_enabled,3680,1.2882000000900007
gc_enabled,3681,1.233699999829696
gc_enabled,3682,1.4105999998719199
gc_enabled,3683,1.2233000006744987
gc_enabled,3684,1.503200000115612
gc_enabled,3685,1.3916000007156981
gc_enabled,3686,1.367500000014843
gc_enabled,3687,1.2292999999772292
gc_enabled,3688,1.247700000021723
gc_enabled,3689,1.4663000001746695
gc_enabled,3690,1.36819999988802
gc_enabled,3691,1.319599999987986
gc_enabled,3692,1.2603000004673959
gc_enabled,3693,1.4536999997289968
gc_enabled,3694,1.2688999995589256
gc_enabled,3695,1.3284000006024144
gc_enabled,3696,1.2313999995967606
gc_enabled,3697,1.2858000000051106
gc_enabled,3698,1.2753999999404186
gc_enabled,3699,1.3161999995645601
gc_enabled,3700,1.255700000001525
gc_enabled,3701,1.3022000002820278
gc_enabled,3702,1.2215999995532911
gc_enabled,3703,1.291999999921245
gc_enabled,3704,1.243899999280984
gc_enabled,3705,1.5752999997857842
gc_enabled,3706,1.2421999999787658
gc_enabled,3707,1.293700000132958
gc_enabled,3708,1.3189000001148088
gc_enabled,3709,1.3091000000713393
gc_enabled,3710,1.2563999998747022
gc_enabled,3711,1.278900000215799
gc_enabled,3712,1.23399999938556
gc_enabled,3713,1.299499999731779
gc_enabled,3714,1.578200000039942
gc_enabled,3715,1.3643000002048211
gc_enabled,3716,1.3032999995630234
gc_enabled,3717,1.3254999994387617
gc_enabled,3718,1.2409000000843662
gc_enabled,3719,1.2560000004668836
gc_enabled,3720,1.2261000001672073
gc_enabled,3721,1.2707999994745478
gc_enabled,3722,1.263699999981327
gc_enabled,3723,1.224799999363313
gc_enabled,3724,1.3337000000319676
gc_enabled,3725,1.2253999993845355
gc_enabled,3726,1.474900000175694
gc_enabled,3727,1.3344000008146395
gc_enabled,3728,1.2556000001495704
gc_enabled,3729,1.2305999998716288
gc_enabled,3730,1.3140999999450287
gc_enabled,3731,1.3546000000133063
gc_enabled,3732,1.2397000000419212
gc_enabled,3733,1.3296999995873193
gc_enabled,3734,1.2737999995806604
gc_enabled,3735,1.366299999972398
gc_enabled,3736,1.245800000106101
gc_enabled,3737,1.2441999997463427
gc_enabled,3738,1.3115000001562294
gc_enabled,3739,1.3314999996509869
gc_enabled,3740,1.2596000005942187
gc_enabled,3741,1.2776000003213994
gc_enabled,3742,1.2720000004264875
gc_enabled,3743,1.2502999998105224
gc_enabled,3744,1.2317000000621192
gc_enabled,3745,1.2001000004602247
gc_enabled,3746,1.3257999999041203
gc_enabled,3747,1.2102999999115127
gc_enabled,3748,1.3837999995303107
gc_enabled,3749,1.2400000005072798
gc_enabled,3750,1.2768999995387276
gc_enabled,3751,1.2120000001232256
gc_enabled,3752,1.187200000458688
gc_enabled,3753,1.1806000002252404
gc_enabled,3754,1.2933999996675993
gc_enabled,3755,1.1936000000787317
gc_enabled,3756,1.6339000003426918
gc_enabled,3757,1.4288000002125045
gc_enabled,3758,1.320599999417027
gc_enabled,3759,1.2907999998788
gc_enabled,3760,1.3167000006433227
gc_enabled,3761,1.4702999997098232
gc_enabled,3762,1.2458999999580556
gc_enabled,3763,1.247700000021723
gc_enabled,3764,1.3022000002820278
gc_enabled,3765,1.263199999812059
gc_enabled,3766,1.3116999998601386
gc_enabled,3767,1.2317000000621192
gc_enabled,3768,1.1841999994430807
gc_enabled,3769,1.3085999999020714
gc_enabled,3770,1.2159999996583792
gc_enabled,3771,1.4801999996052473
gc_enabled,3772,1.2468000004446367
gc_enabled,3773,2.6232999998683226
gc_enabled,3774,1.549900000100024
gc_enabled,3775,1.3015999993513105
gc_enabled,3776,1.2350999995760503
gc_enabled,3777,1.3405999998212792
gc_enabled,3778,1.2667000000874395
gc_enabled,3779,1.217299999552779
gc_enabled,3780,1.2809999998353305
gc_enabled,3781,1.309199999923294
gc_enabled,3782,1.267599999664526
gc_enabled,3783,1.334800000222458
gc_enabled,3784,1.2712000007013557
gc_enabled,3785,1.3254999994387617
gc_enabled,3786,1.2356999995972728
gc_enabled,3787,1.2740000001940643
gc_enabled,3788,1.2415000001055887
gc_enabled,3789,2.6954000004479894
gc_enabled,3790,1.3017000001127599
gc_enabled,3791,1.2050999994244194
gc_enabled,3792,1.3311999991856283
gc_enabled,3793,1.2533000008261297
gc_enabled,3794,1.2292000001252745
gc_enabled,3795,1.20249999963562
gc_enabled,3796,1.2608000006366638
gc_enabled,3797,1.2016000000585336
gc_enabled,3798,1.2698999998974614
gc_enabled,3799,1.2315999993006699
gc_enabled,3800,1.3771000003544032
gc_enabled,3801,1.3025999996898463
gc_enabled,3802,1.2342999998509185
gc_enabled,3803,1.200500000777538
gc_enabled,3804,1.274300000659423
gc_enabled,3805,1.229800000146497
gc_enabled,3806,1.4105000000199652
gc_enabled,3807,1.2863000001743785
gc_enabled,3808,1.3257000000521657
gc_enabled,3809,1.244099999894388
gc_enabled,3810,1.2624000000869273
gc_enabled,3811,1.2501000001066132
gc_enabled,3812,1.2896000007458497
gc_enabled,3813,1.2274999999135616
gc_enabled,3814,1.2334000002738321
gc_enabled,3815,1.286699999582197
gc_enabled,3816,1.3361000001168577
gc_enabled,3817,1.457999999729509
gc_enabled,3818,1.3576999999713735
gc_enabled,3819,1.2315999993006699
gc_enabled,3820,1.3015000004088506
gc_enabled,3821,1.188700000056997
gc_enabled,3822,1.249199999620032
gc_enabled,3823,1.2446999999156105
gc_enabled,3824,1.2892999993709964
gc_enabled,3825,1.2346000003162771
gc_enabled,3826,1.2972999993507983
gc_enabled,3827,1.20240000069316
gc_enabled,3828,1.2951999997312669
gc_enabled,3829,1.3171000000511413
gc_enabled,3830,1.2603999994098558
gc_enabled,3831,1.2395000003380119
gc_enabled,3832,1.2556000001495704
gc_enabled,3833,1.2173000004622736
gc_enabled,3834,1.206899999488087
gc_enabled,3835,1.3177999999243184
gc_enabled,3836,1.3661000002684887
gc_enabled,3837,1.2255999999979394
gc_enabled,3838,1.2980999999854248
gc_enabled,3839,1.3001999996049562
gc_enabled,3840,1.3405999998212792
gc_enabled,3841,1.247999999577587
gc_enabled,3842,1.2553999995361664
gc_enabled,3843,1.5195000005405745
gc_enabled,3844,1.2538999999378575
gc_enabled,3845,1.2672999991991674
gc_enabled,3846,1.2517000004663714
gc_enabled,3847,1.2796000000889762
gc_enabled,3848,1.2219999998706044
gc_enabled,3849,1.2381999995341175
gc_enabled,3850,1.2108000000807806
gc_enabled,3851,1.419999999598076
gc_enabled,3852,1.3699999999516876
gc_enabled,3853,1.2284000004001427
gc_enabled,3854,1.3146000001142966
gc_enabled,3855,1.316400000177964
gc_enabled,3856,1.2578999994730111
gc_enabled,3857,1.2709000002359971
gc_enabled,3858,1.3281999999890104
gc_enabled,3859,1.3652000006914022
gc_enabled,3860,1.3403000002654153
gc_enabled,3861,1.3359000004129484
gc_enabled,3862,1.2824000004911795
gc_enabled,3863,1.538800000162155
gc_enabled,3864,1.3060999999652267
gc_enabled,3865,1.2471000000005006
gc_enabled,3866,1.2189999997644918
gc_enabled,3867,1.4130999998087646
gc_enabled,3868,1.2170999998488696
gc_enabled,3869,1.193500000226777
gc_enabled,3870,1.2650999997276813
gc_enabled,3871,1.2334000002738321
gc_enabled,3872,1.294900000175403
gc_enabled,3873,1.2285000002520974
gc_enabled,3874,1.4830000000074506
gc_enabled,3875,1.307700000324985
gc_enabled,3876,1.238000000739703
gc_enabled,3877,1.282300000639225
gc_enabled,3878,1.3525000003937748
gc_enabled,3879,1.314500000262342
gc_enabled,3880,1.2924000002385583
gc_enabled,3881,1.2763000004269998
gc_enabled,3882,1.3224000003901892
gc_enabled,3883,1.2760999998135958
gc_enabled,3884,1.228600000104052
gc_enabled,3885,1.2550999999803025
gc_enabled,3886,2.750499999820022
gc_enabled,3887,1.3658999996550847
gc_enabled,3888,1.4444999997067498
gc_enabled,3889,1.2629000002561952
gc_enabled,3890,1.3153999998394283
gc_enabled,3891,1.23399999938556
gc_enabled,3892,1.2350000006335904
gc_enabled,3893,1.2623000002349727
gc_enabled,3894,1.2953000004927162
gc_enabled,3895,1.2437999994290294
gc_enabled,3896,1.3000999997530016
gc_enabled,3897,1.2241000003996305
gc_enabled,3898,1.342500000646396
gc_enabled,3899,1.3393999997788342
gc_enabled,3900,1.202700000249024
gc_enabled,3901,1.2214000007588766
gc_enabled,3902,2.8550999995786697
gc_enabled,3903,1.3469999994413229
gc_enabled,3904,1.4762000000700937
gc_enabled,3905,1.3774999997622217
gc_enabled,3906,1.2756999994962825
gc_enabled,3907,1.321700000517012
gc_enabled,3908,1.200500000777538
gc_enabled,3909,1.3209999997343402
gc_enabled,3910,1.277700000173354
gc_enabled,3911,1.2604000003193505
gc_enabled,3912,1.2170999998488696
gc_enabled,3913,1.2374999996609404
gc_enabled,3914,1.2900000001536682
gc_enabled,3915,1.2760999998135958
gc_enabled,3916,1.1850000000777072
gc_enabled,3917,1.3052000003881403
gc_enabled,3918,1.1902999995072605
gc_enabled,3919,2.369400000134192
gc_enabled,3920,1.345700000456418
gc_enabled,3921,1.2458999999580556
gc_enabled,3922,1.359500000035041
gc_enabled,3923,1.3385000002017478
gc_enabled,3924,1.3081999995847582
gc_enabled,3925,1.2391999998726533
gc_enabled,3926,1.2134999997215346
gc_enabled,3927,1.4608000001317123
gc_enabled,3928,1.2337999996816507
gc_enabled,3929,1.341300000603951
gc_enabled,3930,1.2483999998949002
gc_enabled,3931,1.3339000006453716
gc_enabled,3932,1.332400000137568
gc_enabled,3933,1.2377000002743443
gc_enabled,3934,1.2043000006087823
gc_enabled,3935,3.077299999858951
gc_enabled,3936,1.344999999673746
gc_enabled,3937,1.539799999591196
gc_enabled,3938,1.390999999784981
gc_enabled,3939,1.2169000001449604
gc_enabled,3940,1.356800000394287
gc_enabled,3941,1.3587000003099092
gc_enabled,3942,1.6385999997510226
gc_enabled,3943,1.2989999995625112
gc_enabled,3944,1.3286000003063236
gc_enabled,3945,1.3301999997565872
gc_enabled,3946,1.4754000003449619
gc_enabled,3947,1.479999999901338
gc_enabled,3948,1.8007999997280422
gc_enabled,3949,1.4580999995814636
gc_enabled,3950,1.6073999995569466
gc_enabled,3951,1.4495999994323938
gc_enabled,3952,1.5940000002956367
gc_enabled,3953,1.3470999992932775
gc_enabled,3954,1.5372000007118913
gc_enabled,3955,1.3838000004398054
gc_enabled,3956,1.5014000000519445
gc_enabled,3957,1.476399999774003
gc_enabled,3958,1.5079000004334375
gc_enabled,3959,1.5560000001642038
gc_enabled,3960,1.4443000000028405
gc_enabled,3961,1.289599999836355
gc_enabled,3962,1.3655000002472661
gc_enabled,3963,1.2907999998788
gc_enabled,3964,1.3124000006428105
gc_enabled,3965,1.993100000618142
gc_enabled,3966,1.4539000003424007
gc_enabled,3967,1.2875000002168235
gc_enabled,3968,1.2708999993265024
gc_enabled,3969,1.3613999999506632
gc_enabled,3970,1.5909000003375695
gc_enabled,3971,1.3506000004781527
gc_enabled,3972,1.4232000003175926
gc_enabled,3973,1.2582999997903244
gc_enabled,3974,1.4256000004024827
gc_enabled,3975,1.3083000003462075
gc_enabled,3976,1.3245000000097207
gc_enabled,3977,1.2370000004011672
gc_enabled,3978,1.3539000001401291
gc_enabled,3979,1.30650000028254
gc_enabled,3980,1.3293000001795008
gc_enabled,3981,1.4895000003889436
gc_enabled,3982,1.6559999994569807
gc_enabled,3983,1.506399999925634
gc_enabled,3984,1.4305000004242174
gc_enabled,3985,1.8517999997129664
gc_enabled,3986,1.3965999996798928
gc_enabled,3987,1.2860000006185146
gc_enabled,3988,1.5701000002081855
gc_enabled,3989,1.5776999998706742
gc_enabled,3990,1.4614000001529348
gc_enabled,3991,1.3044000006630085
gc_enabled,3992,1.3209999997343402
gc_enabled,3993,1.2785999997504405
gc_enabled,3994,1.1921999994228827
gc_enabled,3995,1.3495000002876623
gc_enabled,3996,1.2776000003213994
gc_enabled,3997,1.3337999998839223
gc_enabled,3998,1.2700000006589107
gc_enabled,3999,1.4414000006581773
gc_enabled,4000,1.5432000000146218
gc_enabled,4001,1.6253999992841273
gc_enabled,4002,1.477800000429852
gc_enabled,4003,1.5474000001631794
gc_enabled,4004,1.455300000088755
gc_enabled,4005,1.673099999607075
gc_enabled,4006,1.5222000001813285
gc_enabled,4007,1.464500000111002
gc_enabled,4008,1.4922000000296975
gc_enabled,4009,1.6045000002122833
gc_enabled,4010,1.5776000000187196
gc_enabled,4011,1.5196000003925292
gc_enabled,4012,1.5821999995750957
gc_enabled,4013,1.5498000002480694
gc_enabled,4014,3.507800000079442
gc_enabled,4015,3.5097999998470186
gc_enabled,4016,2.0467000003918656
gc_enabled,4017,1.504400000158057
gc_enabled,4018,1.6901000008147093
gc_enabled,4019,1.5705000005254988
gc_enabled,4020,1.7662999998719897
gc_enabled,4021,1.5328999998018844
gc_enabled,4022,1.6693000006853254
gc_enabled,4023,1.422899999852234
gc_enabled,4024,1.588600000104634
gc_enabled,4025,1.4633999999205116
gc_enabled,4026,1.7435999998269835
gc_enabled,4027,1.5002999998614541
gc_enabled,4028,2.300900000591355
gc_enabled,4029,1.5548000001217588
gc_enabled,4030,1.602199999979348
gc_enabled,4031,1.4675000002171146
gc_enabled,4032,3.4028999998554355
gc_enabled,4033,1.476100000218139
gc_enabled,4034,1.405200000590412
gc_enabled,4035,1.3071000003037625
gc_enabled,4036,1.3085999999020714
gc_enabled,4037,1.573600000483566
gc_enabled,4038,1.2870999998995103
gc_enabled,4039,1.2765999999828637
gc_enabled,4040,1.3027000004512956
gc_enabled,4041,1.7276999997193343
gc_enabled,4042,1.2673999999606167
gc_enabled,4043,1.255900000614929
gc_enabled,4044,1.3022000002820278
gc_enabled,4045,1.2371000002531218
gc_enabled,4046,1.2421999999787658
gc_enabled,4047,1.3694999997824198
gc_enabled,4048,4.4072000000596745
gc_enabled,4049,1.3291999994180514
gc_enabled,4050,1.9818999999188236
gc_enabled,4051,1.3409000002866378
gc_enabled,4052,1.2897999995402643
gc_enabled,4053,1.2466999996831873
gc_enabled,4054,1.72629999997298
gc_enabled,4055,1.3500000004569301
gc_enabled,4056,1.6698999997970532
gc_enabled,4057,1.3085000000501168
gc_enabled,4058,1.2319999996179831
gc_enabled,4059,1.3013000007049413
gc_enabled,4060,1.223500000378408
gc_enabled,4061,1.2318999997660285
gc_enabled,4062,1.2016000000585336
gc_enabled,4063,1.652500000091095
gc_enabled,4064,1.227100000505743
gc_enabled,4065,1.7769999994925456
gc_enabled,4066,1.1942999999519088
gc_enabled,4067,1.3602999997601728
gc_enabled,4068,1.241699999809498
gc_enabled,4069,1.290599999265396
gc_enabled,4070,1.7360000001644948
gc_enabled,4071,1.4645999999629566
gc_enabled,4072,1.9039999997403356
gc_enabled,4073,1.387100000101782
gc_enabled,4074,1.2658000005103531
gc_enabled,4075,1.328800000010233
gc_enabled,4076,1.2365000002318993
gc_enabled,4077,1.3848000007783412
gc_enabled,4078,1.25449999995908
gc_enabled,4079,1.444900000024063
gc_enabled,4080,1.2311999998928513
gc_enabled,4081,1.2668999997913488
gc_enabled,4082,1.4744000000064261
gc_enabled,4083,1.3116999998601386
gc_enabled,4084,1.3531000004149973
gc_enabled,4085,1.3801000004605157
gc_enabled,4086,1.3341999992917408
gc_enabled,4087,1.2660000002142624
gc_enabled,4088,1.512900000307127
gc_enabled,4089,1.3247999995655846
gc_enabled,4090,1.3303000005180365
gc_enabled,4091,1.455300000088755
gc_enabled,4092,1.445199999579927
gc_enabled,4093,1.6636000000289641
gc_enabled,4094,1.5766999995321385
gc_enabled,4095,1.7041999999491964
gc_enabled,4096,1.6321000002790242
gc_enabled,4097,1.5698999995947815
gc_enabled,4098,1.5379999995275284
gc_enabled,4099,1.4298000005510403
gc_enabled,4100,1.572199999827717
gc_enabled,4101,1.551399999698333
gc_enabled,4102,1.5734999997221166
gc_enabled,4103,1.5851000007387483
gc_enabled,4104,1.5905000000202563
gc_enabled,4105,1.5677000001232955
gc_enabled,4106,2.4007000001802226
gc_enabled,4107,1.4697999995405553
gc_enabled,4108,2.0623000000341563
gc_enabled,4109,2.752699999291508
gc_enabled,4110,1.7655999999988126
gc_enabled,4111,2.770799999780138
gc_enabled,4112,2.049099999567261
gc_enabled,4113,1.568300000144518
gc_enabled,4114,1.8454999999448773
gc_enabled,4115,1.6652999993311823
gc_enabled,4116,2.1628000004056958
gc_enabled,4117,1.4956000004531234
gc_enabled,4118,1.517499999863503
gc_enabled,4119,1.5905000000202563
gc_enabled,4120,1.5502000005653827
gc_enabled,4121,1.4412000000447733
gc_enabled,4122,1.389000000017404
gc_enabled,4123,1.4440999993894366
gc_enabled,4124,1.500800000030722
gc_enabled,4125,1.4744999998583808
gc_enabled,4126,1.3243999992482713
gc_enabled,4127,1.2924000002385583
gc_enabled,4128,1.2956999999005347
gc_enabled,4129,1.2136000004829839
gc_enabled,4130,1.2720000004264875
gc_enabled,4131,1.28839999979391
gc_enabled,4132,1.4184999999997672
gc_enabled,4133,1.1972000002060668
gc_enabled,4134,1.5645999992557336
gc_enabled,4135,1.3823999997839564
gc_enabled,4136,1.2061999996149098
gc_enabled,4137,1.230300000315765
gc_enabled,4138,1.283999999941443
gc_enabled,4139,1.322000000072876
gc_enabled,4140,1.2293999998291838
gc_enabled,4141,1.6842000004544389
gc_enabled,4142,1.42020000021148
gc_enabled,4143,1.329299999270006
gc_enabled,4144,1.2212999999974272
gc_enabled,4145,1.2275999997655163
gc_enabled,4146,1.3446000002659275
gc_enabled,4147,1.2487999993027188
gc_enabled,4148,1.5390999997180188
gc_enabled,4149,1.2313999995967606
gc_enabled,4150,1.4131999996607192
gc_enabled,4151,1.323499999671185
gc_enabled,4152,1.3000999997530016
gc_enabled,4153,1.2493000003814814
gc_enabled,4154,1.5059999996083206
gc_enabled,4155,1.2632999996640137
gc_enabled,4156,1.3328000004548812
gc_enabled,4157,1.7250000000785803
gc_enabled,4158,1.4082999996389844
gc_enabled,4159,1.216700000441051
gc_enabled,4160,1.3103000001137843
gc_enabled,4161,1.206899999488087
gc_enabled,4162,2.937500000371074
gc_enabled,4163,1.250399999662477
gc_enabled,4164,1.4602999999624444
gc_enabled,4165,1.215299999785202
gc_enabled,4166,1.293700000132958
gc_enabled,4167,1.2338999995336053
gc_enabled,4168,1.2188999999125372
gc_enabled,4169,1.2394999994285172
gc_enabled,4170,1.3522999997803709
gc_enabled,4171,1.332400000137568
gc_enabled,4172,1.226400000632566
gc_enabled,4173,1.347899999927904
gc_enabled,4174,1.2741999998979736
gc_enabled,4175,1.38159999914933
gc_enabled,4176,1.2698000000455067
gc_enabled,4177,1.2366999999358086
gc_enabled,4178,2.903800000240153
gc_enabled,4179,1.2141999995947117
gc_enabled,4180,1.6241000002992223
gc_enabled,4181,1.2860000006185146
gc_enabled,4182,1.3076000004730304
gc_enabled,4183,1.2454000006982824
gc_enabled,4184,1.2759000001096865
gc_enabled,4185,1.2811999995392398
gc_enabled,4186,1.2275999997655163
gc_enabled,4187,1.2472999997044099
gc_enabled,4188,1.2382000004436122
gc_enabled,4189,1.3429999999061693
gc_enabled,4190,1.2747999999191961
gc_enabled,4191,1.202999999804888
gc_enabled,4192,1.2719999995169928
gc_enabled,4193,1.418099999682454
gc_enabled,4194,1.9109999993816018
gc_enabled,4195,1.3751000005868264
gc_enabled,4196,1.8787999997584848
gc_enabled,4197,1.3435999999273918
gc_enabled,4198,1.2504999995144317
gc_enabled,4199,1.3813999994454207
gc_enabled,4200,1.218499999595224
gc_enabled,4201,1.2992000001759152
gc_enabled,4202,1.2269999997442937
gc_enabled,4203,1.8128000001524924
gc_enabled,4204,1.280399999814108
gc_enabled,4205,1.336099999207363
gc_enabled,4206,1.2764000002789544
gc_enabled,4207,1.2403000000631437
gc_enabled,4208,1.2189999997644918
gc_enabled,4209,1.338699999905657
gc_enabled,4210,1.4821000004303642
gc_enabled,4211,1.2074000005668495
gc_enabled,4212,1.4344000001074164
gc_enabled,4213,1.325899999756075
gc_enabled,4214,1.245800000106101
gc_enabled,4215,1.2292000001252745
gc_enabled,4216,1.2335000001257868
gc_enabled,4217,1.4116000002104556
gc_enabled,4218,1.304800000070827
gc_enabled,4219,1.372599999740487
gc_enabled,4220,1.2754999997923733
gc_enabled,4221,1.667999999881431
gc_enabled,4222,1.2771000001521315
gc_enabled,4223,1.2623999991774326
gc_enabled,4224,1.2489999999161228
gc_enabled,4225,1.3293000001795008
gc_enabled,4226,1.2241000003996305
gc_enabled,4227,1.2593999999808148
gc_enabled,4228,1.3833000002705376
gc_enabled,4229,1.265199999579636
gc_enabled,4230,1.6026000002966612
gc_enabled,4231,2.241399999547866
gc_enabled,4232,2.3597999997946317
gc_enabled,4233,2.2367000001395354
gc_enabled,4234,2.0667999997385778
gc_enabled,4235,2.948100000139675
gc_enabled,4236,2.415300000393472
gc_enabled,4237,2.771299999949406
gc_enabled,4238,9.199500000249827
gc_enabled,4239,1.5804000004209229
gc_enabled,4240,1.3724000000365777
gc_enabled,4241,1.261500000509841
gc_enabled,4242,1.2188999999125372
gc_enabled,4243,1.2868999992861063
gc_enabled,4244,1.3311999991856283
gc_enabled,4245,1.6642999999021413
gc_enabled,4246,1.4053999993848265
gc_enabled,4247,1.2198000003991183
gc_enabled,4248,1.4355000002979068
gc_enabled,4249,1.2424000005921698
gc_enabled,4250,1.4217999996617436
gc_enabled,4251,1.3328999993973412
gc_enabled,4252,1.2928000005558715
gc_enabled,4253,1.3218000003689667
gc_enabled,4254,1.2501999999585678
gc_enabled,4255,1.2323000000833417
gc_enabled,4256,1.3283999996929197
gc_enabled,4257,1.889899999696354
gc_enabled,4258,1.1961000000155764
gc_enabled,4259,1.3542999995479477
gc_enabled,4260,1.2746000002152869
gc_enabled,4261,1.5461000002687797
gc_enabled,4262,1.4360000004671747
gc_enabled,4263,1.5321999999287073
gc_enabled,4264,1.21820000003936
gc_enabled,4265,1.3147999998182058
gc_enabled,4266,1.7477999999755411
gc_enabled,4267,1.2561999992612982
gc_enabled,4268,1.2126000001444481
gc_enabled,4269,1.3238000001365435
gc_enabled,4270,1.2204999993628007
gc_enabled,4271,1.2446999999156105
gc_enabled,4272,1.2603000004673959
gc_enabled,4273,1.4682999999422464
gc_enabled,4274,1.2498999994932092
gc_enabled,4275,1.3881999993827776
gc_enabled,4276,1.254799999514944
gc_enabled,4277,1.2845999999626656
gc_enabled,4278,1.2403999999150983
gc_enabled,4279,1.343799999631301
gc_enabled,4280,1.3414999993983656
gc_enabled,4281,1.319599999987986
gc_enabled,4282,1.5280000006896444
gc_enabled,4283,1.3317000002643908
gc_enabled,4284,1.2686999998550164
gc_enabled,4285,1.3177000000723638
gc_enabled,4286,1.2364000003799447
gc_enabled,4287,1.2812000004487345
gc_enabled,4288,1.2164999998276471
gc_enabled,4289,1.5133000006244401
gc_enabled,4290,1.2138000001868932
gc_enabled,4291,1.2045000003126916
gc_enabled,4292,1.2532000000646804
gc_enabled,4293,1.2400999994497397
gc_enabled,4294,1.2061999996149098
gc_enabled,4295,1.2242000002515852
gc_enabled,4296,1.338900000519061
gc_enabled,4297,1.380300000164425
gc_enabled,4298,1.3601999999082182
gc_enabled,4299,1.276299999517505
gc_enabled,4300,1.293700000132958
gc_enabled,4301,1.2348000000201864
gc_enabled,4302,1.2070000002495362
gc_enabled,4303,1.556700000037381
gc_enabled,4304,1.2708999993265024
gc_enabled,4305,1.2448999996195198
gc_enabled,4306,1.23630000052799
gc_enabled,4307,1.3290999995660968
gc_enabled,4308,2.6849999994738027
gc_enabled,4309,1.1969999995926628
gc_enabled,4310,1.1951000005865353
gc_enabled,4311,1.2487000003602589
gc_enabled,4312,1.311600000008184
gc_enabled,4313,1.2599000001500826
gc_enabled,4314,1.9843000000037136
gc_enabled,4315,1.2279000002308749
gc_enabled,4316,1.2790999999197084
gc_enabled,4317,1.3606000002255314
gc_enabled,4318,1.2665000003835303
gc_enabled,4319,1.2677000004259753
gc_enabled,4320,1.312800000050629
gc_enabled,4321,1.3399999998000567
gc_enabled,4322,1.2759000001096865
gc_enabled,4323,1.2403000000631437
gc_enabled,4324,2.796200000375393
gc_enabled,4325,1.4114999994490063
gc_enabled,4326,1.2379999998302083
gc_enabled,4327,1.2280999999347841
gc_enabled,4328,1.2038000004395144
gc_enabled,4329,1.2333000004218775
gc_enabled,4330,1.2734000001728418
gc_enabled,4331,1.3402999993559206
gc_enabled,4332,1.2343999997028732
gc_enabled,4333,1.224799999363313
gc_enabled,4334,1.2824999994336395
gc_enabled,4335,1.3006999997742241
gc_enabled,4336,1.242899999851943
gc_enabled,4337,2.110999999786145
gc_enabled,4338,1.560800000333984
gc_enabled,4339,1.528400000097463
gc_enabled,4340,1.3456000006044633
gc_enabled,4341,1.5021999997770763
gc_enabled,4342,1.2262999998711166
gc_enabled,4343,1.9180999997843173
gc_enabled,4344,1.2657000006583985
gc_enabled,4345,1.524000000244996
gc_enabled,4346,1.3462999995681457
gc_enabled,4347,1.3443000007100636
gc_enabled,4348,1.2704000000667293
gc_enabled,4349,1.2870000000475557
gc_enabled,4350,1.2648000001718174
gc_enabled,4351,1.278699999602395
gc_enabled,4352,1.9015000007129856
gc_enabled,4353,1.2101000002076034
gc_enabled,4354,1.2144000002081157
gc_enabled,4355,1.3991999994686921
gc_enabled,4356,1.2264999995750259
gc_enabled,4357,1.2204999993628007
gc_enabled,4358,1.2657999996008584
gc_enabled,4359,1.4714999997522682
gc_enabled,4360,1.2563000000227476
gc_enabled,4361,1.227100000505743
gc_enabled,4362,1.214599999912025
gc_enabled,4363,1.995800000258896
gc_enabled,4364,1.4430000001084409
gc_enabled,4365,1.3387999997576117
gc_enabled,4366,1.2466000007407274
gc_enabled,4367,1.332400000137568
gc_enabled,4368,1.2632999996640137
gc_enabled,4369,1.2317999999140739
gc_enabled,4370,1.2055000006512273
gc_enabled,4371,1.2957999997524894
gc_enabled,4372,1.3079000000288943
gc_enabled,4373,1.2410999997882755
gc_enabled,4374,1.6352000002370914
gc_enabled,4375,1.2863000001743785
gc_enabled,4376,1.2342999998509185
gc_enabled,4377,1.2237000000823173
gc_enabled,4378,1.2563000000227476
gc_enabled,4379,1.3950000002296292
gc_enabled,4380,1.2464000001273234
gc_enabled,4381,1.2585999993461883
gc_enabled,4382,1.3081999995847582
gc_enabled,4383,1.323700000284589
gc_enabled,4384,1.2279000002308749
gc_enabled,4385,1.2965999994776212
gc_enabled,4386,1.2766999998348183
gc_enabled,4387,1.3589999998657731
gc_enabled,4388,1.2573999993037432
gc_enabled,4389,1.2008999992758618
gc_enabled,4390,1.509499999883701
gc_enabled,4391,1.2519000001702807
gc_enabled,4392,1.6040000000430155
gc_enabled,4393,1.2346000003162771
gc_enabled,4394,1.3189000001148088
gc_enabled,4395,1.2313999995967606
gc_enabled,4396,1.2931000001117354
gc_enabled,4397,1.2543000002551707
gc_enabled,4398,1.5020999999251217
gc_enabled,4399,1.638200000343204
gc_enabled,4400,1.314200000706478
gc_enabled,4401,1.2297999992370023
gc_enabled,4402,1.3300999999046326
gc_enabled,4403,1.3429000000542146
gc_enabled,4404,1.2793999994755723
gc_enabled,4405,1.2138000001868932
gc_enabled,4406,1.279400000385067
gc_enabled,4407,1.2667000000874395
gc_enabled,4408,1.4450999997279723
gc_enabled,4409,1.300900000387628
gc_enabled,4410,1.6814000000522356
gc_enabled,4411,1.2181000001874054
gc_enabled,4412,1.214599999912025
gc_enabled,4413,1.25690000004397
gc_enabled,4414,1.214399999298621
gc_enabled,4415,1.2237000000823173
gc_enabled,4416,1.233499999216292
gc_enabled,4417,1.3628000006065122
gc_enabled,4418,1.2284000004001427
gc_enabled,4419,1.8476000004739035
gc_enabled,4420,1.194999999825086
gc_enabled,4421,4.208899999866844
gc_enabled,4422,1.4082999996389844
gc_enabled,4423,1.622799999495328
gc_enabled,4424,1.251599999704922
gc_enabled,4425,1.2780999995811726
gc_enabled,4426,1.298299999689334
gc_enabled,4427,1.2118000004193163
gc_enabled,4428,1.2278000003789202
gc_enabled,4429,1.2981999998373794
gc_enabled,4430,1.8163000004278729
gc_enabled,4431,1.2471000000005006
gc_enabled,4432,1.2159999996583792
gc_enabled,4433,1.2908999997307546
gc_enabled,4434,1.2415000001055887
gc_enabled,4435,1.2352999992799596
gc_enabled,4436,1.2364000003799447
gc_enabled,4437,2.9000999993513688
gc_enabled,4438,1.2379999998302083
gc_enabled,4439,1.7773999998098589
gc_enabled,4440,1.278900000215799
gc_enabled,4441,1.2412000005497248
gc_enabled,4442,1.2873999994553742
gc_enabled,4443,1.1863999998240615
gc_enabled,4444,1.3639999997394625
gc_enabled,4445,1.2151000000812928
gc_enabled,4446,1.8940999998449115
gc_enabled,4447,1.2265999994269805
gc_enabled,4448,1.2334000002738321
gc_enabled,4449,1.1787000003096182
gc_enabled,4450,1.2415000001055887
gc_enabled,4451,1.236099999914586
gc_enabled,4452,1.237299999957031
gc_enabled,4453,1.3512000004993752
gc_enabled,4454,2.47880000006262
gc_enabled,4455,1.879200000075798
gc_enabled,4456,1.215299999785202
gc_enabled,4457,1.2121999998271349
gc_enabled,4458,1.3818999996146886
gc_enabled,4459,1.2369999994916725
gc_enabled,4460,1.2960000003658934
gc_enabled,4461,1.4203999999153893
gc_enabled,4462,1.4989999999670545
gc_enabled,4463,1.2338999995336053
gc_enabled,4464,1.8615999997564359
gc_enabled,4465,1.2481999992814963
gc_enabled,4466,1.2551999998322572
gc_enabled,4467,1.245299999936833
gc_enabled,4468,1.194700000269222
gc_enabled,4469,1.2326999994911603
gc_enabled,4470,2.571899999566085
gc_enabled,4471,1.2410999997882755
gc_enabled,4472,1.2587999999595922
gc_enabled,4473,1.7904000005728449
gc_enabled,4474,1.3161999995645601
gc_enabled,4475,1.2618000000657048
gc_enabled,4476,1.204400000460737
gc_enabled,4477,1.3189999999667634
gc_enabled,4478,1.262499999938882
gc_enabled,4479,1.188199999887729
gc_enabled,4480,1.1962999997194856
gc_enabled,4481,1.356599999780883
gc_enabled,4482,1.5026000000943895
gc_enabled,4483,1.3857999992978876
gc_enabled,4484,1.2834999997721752
gc_enabled,4485,1.3030000000071595
gc_enabled,4486,1.2189999997644918
gc_enabled,4487,1.2435999997251201
gc_enabled,4488,1.2139000000388478
gc_enabled,4489,1.3444000005620182
gc_enabled,4490,1.207599999361264
gc_enabled,4491,1.6383000001951586
gc_enabled,4492,1.2021000002278015
gc_enabled,4493,1.2594999998327694
gc_enabled,4494,1.3311999991856283
gc_enabled,4495,1.2393000006341026
gc_enabled,4496,1.2373999998089857
gc_enabled,4497,1.2644999997064588
gc_enabled,4498,1.4540000001943554
gc_enabled,4499,1.3073000000076718
gc_enabled,4500,1.254200000403216
gc_enabled,4501,1.2995000006412738
gc_enabled,4502,1.20009999955073
gc_enabled,4503,1.4159000002109678
gc_enabled,4504,1.2533999997685896
gc_enabled,4505,1.2802000001101987
gc_enabled,4506,1.2464000001273234
gc_enabled,4507,1.3915999998062034
gc_enabled,4508,1.2087000004612491
gc_enabled,4509,1.271499999347725
gc_enabled,4510,1.2035999998261104
gc_enabled,4511,1.2358000003587222
gc_enabled,4512,1.2278000003789202
gc_enabled,4513,1.2921999996251543
gc_enabled,4514,1.3094999994791579
gc_enabled,4515,1.2053000000378233
gc_enabled,4516,1.7182000001412234
gc_enabled,4517,1.2679999999818392
gc_enabled,4518,1.2410999997882755
gc_enabled,4519,1.2340000002950546
gc_enabled,4520,1.30899999930989
gc_enabled,4521,1.2552000007417519
gc_enabled,4522,1.419999999598076
gc_enabled,4523,1.2736999997287057
gc_enabled,4524,1.4050999998289626
gc_enabled,4525,1.2589000007210416
gc_enabled,4526,1.2802999999621534
gc_enabled,4527,1.6659000002618995
gc_enabled,4528,1.4081000008445699
gc_enabled,4529,1.292299999477109
gc_enabled,4530,1.2589000007210416
gc_enabled,4531,1.268799999706971
gc_enabled,4532,1.3079000000288943
gc_enabled,4533,1.262200000383018
gc_enabled,4534,1.224700000420853
gc_enabled,4535,1.207599999361264
gc_enabled,4536,1.2754999997923733
gc_enabled,4537,1.2136000004829839
gc_enabled,4538,1.8026000007012044
gc_enabled,4539,1.2168000002930057
gc_enabled,4540,1.3081000006422983
gc_enabled,4541,1.276299999517505
gc_enabled,4542,1.2226000008013216
gc_enabled,4543,1.278900000215799
gc_enabled,4544,1.4041000003999216
gc_enabled,4545,1.2673999999606167
gc_enabled,4546,1.2249000001247623
gc_enabled,4547,1.450299999305571
gc_enabled,4548,1.2643000000025495
gc_enabled,4549,1.1859000005642883
gc_enabled,4550,1.246299999365874
gc_enabled,4551,1.227400000061607
gc_enabled,4552,1.234899999872141
gc_enabled,4553,1.2237000000823173
gc_enabled,4554,1.2108000000807806
gc_enabled,4555,1.2597000004461734
gc_enabled,4556,1.447599999664817
gc_enabled,4557,1.28839999979391
gc_enabled,4558,1.2195999997857143
gc_enabled,4559,1.3238000001365435
gc_enabled,4560,1.1891000003743102
gc_enabled,4561,1.3908000000810716
gc_enabled,4562,1.2188000000605825
gc_enabled,4563,1.911899999868183
gc_enabled,4564,1.213199999256176
gc_enabled,4565,1.2016000000585336
gc_enabled,4566,1.280699999369972
gc_enabled,4567,2.8447000004234724
gc_enabled,4568,1.257199999599834
gc_enabled,4569,1.3421000003290828
gc_enabled,4570,1.2656999997489038
gc_enabled,4571,1.325800000813615
gc_enabled,4572,1.3248000004750793
gc_enabled,4573,1.3359000004129484
gc_enabled,4574,1.712500000394357
gc_enabled,4575,1.3331999998626998
gc_enabled,4576,1.2210999993840232
gc_enabled,4577,1.2697000001935521
gc_enabled,4578,1.224999999976717
gc_enabled,4579,1.3730000000578002
gc_enabled,4580,1.1980999997831532
gc_enabled,4581,1.916700000037963
gc_enabled,4582,1.2077000001227134
gc_enabled,4583,3.148499999952037
gc_enabled,4584,1.2824999994336395
gc_enabled,4585,1.3141999997969833
gc_enabled,4586,1.3567000005423324
gc_enabled,4587,1.2267000001884298
gc_enabled,4588,1.1978000002272893
gc_enabled,4589,1.2425999993865844
gc_enabled,4590,1.8111999997927342
gc_enabled,4591,1.2209999995320686
gc_enabled,4592,1.3951000000815839
gc_enabled,4593,1.5273999997589272
gc_enabled,4594,1.5560999991066637
gc_enabled,4595,1.572400000441121
gc_enabled,4596,1.4222999998310115
gc_enabled,4597,1.5771999997014063
gc_enabled,4598,1.5483999995922204
gc_enabled,4599,1.6484999996464467
gc_enabled,4600,1.444900000024063
gc_enabled,4601,1.6026000002966612
gc_enabled,4602,1.5299999995477265
gc_enabled,4603,1.6175999999177293
gc_enabled,4604,1.5170000006037299
gc_enabled,4605,1.6276999995170627
gc_enabled,4606,1.5993999995771446
gc_enabled,4607,1.4972999997553416
gc_enabled,4608,1.5296999999918626
gc_enabled,4609,1.5094000000317465
gc_enabled,4610,1.66700000045239
gc_enabled,4611,1.556199999868113
gc_enabled,4612,1.5400000002046
gc_enabled,4613,1.4537999995809514
gc_enabled,4614,1.5985000000000582
gc_enabled,4615,1.6203999994104379
gc_enabled,4616,1.500599999417318
gc_enabled,4617,1.5271000002030632
gc_enabled,4618,1.547799999570998
gc_enabled,4619,1.50370000028488
gc_enabled,4620,1.5108000006875955
gc_enabled,4621,1.468399999794201
gc_enabled,4622,1.7533000000184984
gc_enabled,4623,1.385900000059337
gc_enabled,4624,1.4336000003822846
gc_enabled,4625,1.5710999996372266
gc_enabled,4626,1.5425000001414446
gc_enabled,4627,1.6431000003649388
gc_enabled,4628,1.310100000409875
gc_enabled,4629,1.2608999995791237
gc_enabled,4630,1.2225000000398722
gc_enabled,4631,1.3811999997415114
gc_enabled,4632,1.2282000006962335
gc_enabled,4633,1.3656000000992208
gc_enabled,4634,1.1863999998240615
gc_enabled,4635,1.3215000008131028
gc_enabled,4636,1.2145000000600703
gc_enabled,4637,1.299999999901047
gc_enabled,4638,1.2084999998478452
gc_enabled,4639,1.3312999999470776
gc_enabled,4640,1.2475000003178138
gc_enabled,4641,1.1942999999519088
gc_enabled,4642,1.5630999996574246
gc_enabled,4643,1.2551999998322572
gc_enabled,4644,1.187200000458688
gc_enabled,4645,1.2151999999332475
gc_enabled,4646,1.1992999998255982
gc_enabled,4647,1.3863000003766501
gc_enabled,4648,1.2299999998504063
gc_enabled,4649,1.4888000005157664
gc_enabled,4650,1.3865000000805594
gc_enabled,4651,1.592999999957101
gc_enabled,4652,1.2440000000424334
gc_enabled,4653,1.3283999996929197
gc_enabled,4654,1.2918000002173358
gc_enabled,4655,1.3625999999931082
gc_enabled,4656,1.2867000004916918
gc_enabled,4657,1.561500000207161
gc_enabled,4658,1.701800000773801
gc_enabled,4659,1.3211999994382495
gc_enabled,4660,1.328500000454369
gc_enabled,4661,1.2004999998680432
gc_enabled,4662,1.9028000006073853
gc_enabled,4663,1.3189999999667634
gc_enabled,4664,1.2304000001677196
gc_enabled,4665,1.2548999993668986
gc_enabled,4666,1.3730000000578002
gc_enabled,4667,1.5441000005012029
gc_enabled,4668,1.5966999999363907
gc_enabled,4669,1.332199999524164
gc_enabled,4670,1.3591999995696824
gc_enabled,4671,1.2224000001879176
gc_enabled,4672,1.1897000003955327
gc_enabled,4673,1.6052999999374151
gc_enabled,4674,1.3582000001406414
gc_enabled,4675,1.2268000000403845
gc_enabled,4676,1.1946000004172674
gc_enabled,4677,1.2097999997422448
gc_enabled,4678,1.2955000001966255
gc_enabled,4679,1.1847000005218433
gc_enabled,4680,1.790199999959441
gc_enabled,4681,1.2083999999958905
gc_enabled,4682,1.6385999997510226
gc_enabled,4683,1.6261000000667991
gc_enabled,4684,1.3545000001613516
gc_enabled,4685,1.3533999999708612
gc_enabled,4686,1.2304000001677196
gc_enabled,4687,1.267099999495258
gc_enabled,4688,1.5343000004577334
gc_enabled,4689,1.7503999997643405
gc_enabled,4690,1.3640999995914171
gc_enabled,4691,1.4450999997279723
gc_enabled,4692,1.2520000000222353
gc_enabled,4693,1.307999999880849
gc_enabled,4694,1.2335000001257868
gc_enabled,4695,1.2681999996857485
gc_enabled,4696,1.2231999999130494
gc_enabled,4697,2.80410000050324
gc_enabled,4698,1.28839999979391
gc_enabled,4699,1.2692999998762389
gc_enabled,4700,1.4493999997284845
gc_enabled,4701,1.2805999995180173
gc_enabled,4702,1.2182999998913147
gc_enabled,4703,1.2391999998726533
gc_enabled,4704,1.1674999996102997
gc_enabled,4705,1.3610000005428446
gc_enabled,4706,1.3345000006665941
gc_enabled,4707,1.2544000001071254
gc_enabled,4708,1.34520000028715
gc_enabled,4709,1.929799999743409
gc_enabled,4710,1.273899999432615
gc_enabled,4711,1.206399999318819
gc_enabled,4712,1.2636000001293723
gc_enabled,4713,2.7878999999302323
gc_enabled,4714,1.3328999993973412
gc_enabled,4715,1.284500000110711
gc_enabled,4716,1.4030000002094312
gc_enabled,4717,1.222399999278423
gc_enabled,4718,1.2408999991748715
gc_enabled,4719,1.224700000420853
gc_enabled,4720,1.739399999678426
gc_enabled,4721,1.2216000004627858
gc_enabled,4722,1.1779999995269463
gc_enabled,4723,1.2255000001459848
gc_enabled,4724,1.2391999998726533
gc_enabled,4725,1.266399999622081
gc_enabled,4726,1.2205000002722954
gc_enabled,4727,1.2870000000475557
gc_enabled,4728,1.2639999995371909
gc_enabled,4729,1.6871999996510567
gc_enabled,4730,1.2781000004906673
gc_enabled,4731,1.2225000000398722
gc_enabled,4732,1.3139000002411194
gc_enabled,4733,1.1917000001631095
gc_enabled,4734,1.255000000128348
gc_enabled,4735,1.3396000003922381
gc_enabled,4736,1.3073999998596264
gc_enabled,4737,1.2545999998110346
gc_enabled,4738,1.9274000005680136
gc_enabled,4739,1.2839000000894885
gc_enabled,4740,1.3709000004382688
gc_enabled,4741,1.2608000006366638
gc_enabled,4742,1.2515000007624622
gc_enabled,4743,1.2083999999958905
gc_enabled,4744,1.2750000005326
gc_enabled,4745,1.2317999999140739
gc_enabled,4746,1.2825000003431342
gc_enabled,4747,1.2451000002329238
gc_enabled,4748,1.3162999994165148
gc_enabled,4749,1.463300000068557
gc_enabled,4750,1.356800000394287
gc_enabled,4751,1.232299999173847
gc_enabled,4752,1.3453999999910593
gc_enabled,4753,1.250600000275881
gc_enabled,4754,1.2318000008235686
gc_enabled,4755,1.20489999972051
gc_enabled,4756,1.2966000003871159
gc_enabled,4757,1.189699999486038
gc_enabled,4758,1.5379000005850685
gc_enabled,4759,1.2097999997422448
gc_enabled,4760,1.2493999993239413
gc_enabled,4761,1.1875999998665066
gc_enabled,4762,1.1867000002894201
gc_enabled,4763,1.2764999992214143
gc_enabled,4764,1.2034999999741558
gc_enabled,4765,1.196499999423395
gc_enabled,4766,1.2194999999337597
gc_enabled,4767,1.890800000182935
gc_enabled,4768,1.2490999997680774
gc_enabled,4769,1.2263000007806113
gc_enabled,4770,1.2423999996826751
gc_enabled,4771,1.2488000002122135
gc_enabled,4772,1.302199999372533
gc_enabled,4773,1.2093999994249316
gc_enabled,4774,1.6952000005403534
gc_enabled,4775,1.2575999999171472
gc_enabled,4776,1.3923000005888753
gc_enabled,4777,1.2245999996594037
gc_enabled,4778,1.2432000003173016
gc_enabled,4779,1.2802999999621534
gc_enabled,4780,1.307999999880849
gc_enabled,4781,1.2148999994678888
gc_enabled,4782,1.2589000007210416
gc_enabled,4783,1.8671000007088878
gc_enabled,4784,1.2306000007811235
gc_enabled,4785,1.2362999996184953
gc_enabled,4786,1.2502999998105224
gc_enabled,4787,1.3173999996070052
gc_enabled,4788,1.227199999448203
gc_enabled,4789,1.2507000001278357
gc_enabled,4790,1.3269999999465654
gc_enabled,4791,1.332400000137568
gc_enabled,4792,1.5375999992102152
gc_enabled,4793,1.1677000002237037
gc_enabled,4794,1.2108999999327352
gc_enabled,4795,1.2951999997312669
gc_enabled,4796,1.4573999997082865
gc_enabled,4797,1.357300000563555
gc_enabled,4798,1.204400000460737
gc_enabled,4799,1.3549000004786649
gc_enabled,4800,1.2638999996852363
gc_enabled,4801,1.2125000002924935
gc_enabled,4802,1.2031999995087972
gc_enabled,4803,1.5301000003091758
gc_enabled,4804,1.461899999412708
gc_enabled,4805,1.320500000474567
gc_enabled,4806,1.8650000001798617
gc_enabled,4807,1.265199999579636
gc_enabled,4808,1.2642000001505949
gc_enabled,4809,1.210200000059558
gc_enabled,4810,1.2113000002500485
gc_enabled,4811,1.26780000027793
gc_enabled,4812,1.255499999388121
gc_enabled,4813,1.3247000006231247
gc_enabled,4814,1.343000000815664
gc_enabled,4815,1.5062000002217246
gc_enabled,4816,1.4600999993490404
gc_enabled,4817,1.2749000006806455
gc_enabled,4818,1.2083999999958905
gc_enabled,4819,1.268500000151107
gc_enabled,4820,1.3376000006246613
gc_enabled,4821,1.2214999997013365
gc_enabled,4822,1.2207000008856994
gc_enabled,4823,1.2781999994331272
gc_enabled,4824,1.454600000215578
gc_enabled,4825,1.2962999999217573
gc_enabled,4826,1.169099999970058
gc_enabled,4827,1.2406000005285023
gc_enabled,4828,1.1877999995704158
gc_enabled,4829,1.278699999602395
gc_enabled,4830,1.2469000002965913
gc_enabled,4831,1.407900000231166
gc_enabled,4832,1.2483999998949002
gc_enabled,4833,1.7477999999755411
gc_enabled,4834,1.2160999995103339
gc_enabled,4835,1.2439000001904787
gc_enabled,4836,1.21579999995447
gc_enabled,4837,1.208300000143936
gc_enabled,4838,1.197399999909976
gc_enabled,4839,1.2526000000434578
gc_enabled,4840,1.2166000005890965
gc_enabled,4841,1.2037000005875598
gc_enabled,4842,1.656399999774294
gc_enabled,4843,2.8431999999156687
gc_enabled,4844,2.220800000031886
gc_enabled,4845,1.4307999999800813
gc_enabled,4846,1.266300000679621
gc_enabled,4847,1.333800000793417
gc_enabled,4848,1.289599999836355
gc_enabled,4849,1.2127999998483574
gc_enabled,4850,1.2157000001025153
gc_enabled,4851,1.265199999579636
gc_enabled,4852,1.7717000000629923
gc_enabled,4853,1.1970000005021575
gc_enabled,4854,1.2125999992349534
gc_enabled,4855,1.2588999998115469
gc_enabled,4856,1.1799000003520632
gc_enabled,4857,1.1865999995279708
gc_enabled,4858,1.4276000001700595
gc_enabled,4859,3.232199999729346
gc_enabled,4860,1.2593999999808148
gc_enabled,4861,1.4565999999831547
gc_enabled,4862,1.2708000003840425
gc_enabled,4863,1.3206000003265217
gc_enabled,4864,1.2292000001252745
gc_enabled,4865,1.2811999995392398
gc_enabled,4866,1.2659000003623078
gc_enabled,4867,1.2182999998913147
gc_enabled,4868,1.2071000001014909
gc_enabled,4869,1.2993999998798245
gc_enabled,4870,1.2531000002127257
gc_enabled,4871,1.374999999825377
gc_enabled,4872,1.2705999997706385
gc_enabled,4873,1.304800000070827
gc_enabled,4874,1.3035999991188874
gc_enabled,4875,1.371100000142178
gc_enabled,4876,1.2346000003162771
gc_enabled,4877,1.9376999998712563
gc_enabled,4878,2.7699000002030516
gc_enabled,4879,4.499899999245827
gc_enabled,4880,1.707899999928486
gc_enabled,4881,1.2466999996831873
gc_enabled,4882,1.2446999999156105
gc_enabled,4883,1.2210000004415633
gc_enabled,4884,1.2190000006739865
gc_enabled,4885,1.43350000053033
gc_enabled,4886,1.2692000000242842
gc_enabled,4887,1.2127999998483574
gc_enabled,4888,1.2573000003612833
gc_enabled,4889,1.2708000003840425
gc_enabled,4890,1.3196999998399406
gc_enabled,4891,1.1933000005228678
gc_enabled,4892,1.2292999999772292
gc_enabled,4893,1.2149000003773835
gc_enabled,4894,1.7361999998684041
gc_enabled,4895,1.4283999998951913
gc_enabled,4896,1.2593000001288601
gc_enabled,4897,1.227400000061607
gc_enabled,4898,1.2686999998550164
gc_enabled,4899,1.5235000000757282
gc_enabled,4900,1.2798999996448401
gc_enabled,4901,1.3736000000790227
gc_enabled,4902,1.302900000155205
gc_enabled,4903,2.0065999997314066
gc_enabled,4904,1.2621000005310634
gc_enabled,4905,1.2567000003400608
gc_enabled,4906,1.31130000045232
gc_enabled,4907,1.2696000003415975
gc_enabled,4908,1.2151999999332475
gc_enabled,4909,1.3733000005231588
gc_enabled,4910,1.227199999448203
gc_enabled,4911,1.2698999998974614
gc_enabled,4912,1.3951000000815839
gc_enabled,4913,1.4722999994774
gc_enabled,4914,1.733099999910337
gc_enabled,4915,1.242600000296079
gc_enabled,4916,1.223299999765004
gc_enabled,4917,1.3011000000915374
gc_enabled,4918,1.2061999996149098
gc_enabled,4919,1.2347000001682318
gc_enabled,4920,1.1902999995072605
gc_enabled,4921,1.8787999997584848
gc_enabled,4922,1.206300000376359
gc_enabled,4923,1.1827999996967264
gc_enabled,4924,1.2210000004415633
gc_enabled,4925,1.2652999994315905
gc_enabled,4926,1.2059000000590459
gc_enabled,4927,1.214599999912025
gc_enabled,4928,1.5030000004117028
gc_enabled,4929,1.2797999997928855
gc_enabled,4930,1.244600000063656
gc_enabled,4931,1.266100000066217
gc_enabled,4932,1.2069000003975816
gc_enabled,4933,1.3156999993952923
gc_enabled,4934,1.2764000002789544
gc_enabled,4935,1.2302999994062702
gc_enabled,4936,1.1982000005446025
gc_enabled,4937,1.5143999999054358
gc_enabled,4938,1.2230000002091401
gc_enabled,4939,1.1912999998457963
gc_enabled,4940,1.3630000003104215
gc_enabled,4941,1.2329000001045642
gc_enabled,4942,1.2313000006543007
gc_enabled,4943,1.2269999997442937
gc_enabled,4944,1.3635000004796893
gc_enabled,4945,1.2686000000030617
gc_enabled,4946,1.2748999997711508
gc_enabled,4947,1.1954999999943539
gc_enabled,4948,1.7751000004864181
gc_enabled,4949,1.214599999912025
gc_enabled,4950,1.2298999999984517
gc_enabled,4951,1.3176000002204091
gc_enabled,4952,1.4774999999644933
gc_enabled,4953,1.3173999996070052
gc_enabled,4954,1.3287000001582783
gc_enabled,4955,1.2977999995200662
gc_enabled,4956,2.8454000002966495
gc_enabled,4957,1.2180000003354507
gc_enabled,4958,1.2434000000212109
gc_enabled,4959,1.6923000002861954
gc_enabled,4960,1.2848999995185295
gc_enabled,4961,1.2004000000160886
gc_enabled,4962,1.2072999998054001
gc_enabled,4963,1.2108999999327352
gc_enabled,4964,1.272399999834306
gc_enabled,4965,1.2210999993840232
gc_enabled,4966,1.938999999765656
gc_enabled,4967,1.3447000001178822
gc_enabled,4968,1.8278999996255152
gc_enabled,4969,1.5573000000586035
gc_enabled,4970,1.4043999999557855
gc_enabled,4971,1.4492000000245753
gc_enabled,4972,3.417500000068685
gc_enabled,4973,1.3859999999112915
gc_enabled,4974,1.4924999995855615
gc_enabled,4975,1.4633999999205116
gc_enabled,4976,1.4177000002746354
gc_enabled,4977,1.4975000003687455
gc_enabled,4978,1.3018999998166692
gc_enabled,4979,1.6058999999586376
gc_enabled,4980,1.2034999999741558
gc_enabled,4981,1.6317999998136656
gc_enabled,4982,1.5762000002723653
gc_enabled,4983,1.4467999999396852
gc_enabled,4984,1.4331000002130168
gc_enabled,4985,1.5788999999131192
gc_enabled,4986,1.458299999285373
gc_enabled,4987,1.3767999998890446
gc_enabled,4988,1.6727000001992565
gc_enabled,4989,3.099600000496139
gc_enabled,4990,1.4405999991140561
gc_enabled,4991,1.3378000003285706
gc_enabled,4992,1.297800000429561
gc_enabled,4993,1.5146000005188398
gc_enabled,4994,1.5543999998044455
gc_enabled,4995,1.5064999997775885
gc_enabled,4996,1.2772999998560408
gc_enabled,4997,1.6137000002345303
gc_enabled,4998,1.2296999993850477
gc_enabled,4999,1.2763000004269998
gc_enabled,5000,1.2233999996169587
gc_enabled,5001,1.3012999997954466
gc_enabled,5002,1.229800000146497
gc_enabled,5003,1.2213999998493819
gc_enabled,5004,1.6530000002603629
gc_enabled,5005,2.54280000081053
gc_enabled,5006,1.427000000148837
gc_enabled,5007,1.2495000000853906
gc_enabled,5008,1.2522999995780992
gc_enabled,5009,1.2550999999803025
gc_enabled,5010,1.1917000001631095
gc_enabled,5011,1.2369999994916725
gc_enabled,5012,1.3068999996903585
gc_enabled,5013,1.903899999888381
gc_enabled,5014,1.2004999998680432
gc_enabled,5015,1.208099999530532
gc_enabled,5016,1.2427999999999884
gc_enabled,5017,1.2162000002717832
gc_enabled,5018,1.177799999823037
gc_enabled,5019,1.2439000001904787
gc_enabled,5020,1.9889000004695845
gc_enabled,5021,1.2447999997675652
gc_enabled,5022,1.7099000006055576
gc_enabled,5023,1.3664999996763072
gc_enabled,5024,1.3031999997110688
gc_enabled,5025,1.2628000004042406
gc_enabled,5026,1.2362999996184953
gc_enabled,5027,1.4839999994364916
gc_enabled,5028,1.314000000093074
gc_enabled,5029,1.4429000002564862
gc_enabled,5030,1.219400000081805
gc_enabled,5031,1.301400000556896
gc_enabled,5032,1.2643000000025495
gc_enabled,5033,1.2423999996826751
gc_enabled,5034,1.2555999992400757
gc_enabled,5035,1.2747000000672415
gc_enabled,5036,1.4199000006556162
gc_enabled,5037,1.2275999997655163
gc_enabled,5038,1.2335999999777414
gc_enabled,5039,1.2253000004420755
gc_enabled,5040,1.7772000001059496
gc_enabled,5041,1.2448999996195198
gc_enabled,5042,1.1725000003934838
gc_enabled,5043,1.2367999997877632
gc_enabled,5044,1.2604000003193505
gc_enabled,5045,1.2505000004239264
gc_enabled,5046,1.2074000005668495
gc_enabled,5047,1.3284999995448743
gc_enabled,5048,1.2650999997276813
gc_enabled,5049,1.1909000004379777
gc_enabled,5050,1.1892000002262648
gc_enabled,5051,1.2185000005047186
gc_enabled,5052,1.3174999994589598
gc_enabled,5053,1.3329000003068359
gc_enabled,5054,1.3890999998693587
gc_enabled,5055,1.280399999814108
gc_enabled,5056,1.3562000003730645
gc_enabled,5057,1.2425000004441245
gc_enabled,5058,1.1886999991475022
gc_enabled,5059,1.323400000728725
gc_enabled,5060,1.2360000000626314
gc_enabled,5061,1.3007999996261788
gc_enabled,5062,1.2422999998307205
gc_enabled,5063,1.395799999954761
gc_enabled,5064,1.2335999999777414
gc_enabled,5065,1.4246999999159016
gc_enabled,5066,1.2692000000242842
gc_enabled,5067,1.4251000002332148
gc_enabled,5068,1.247000000148546
gc_enabled,5069,1.2415999999575433
gc_enabled,5070,1.255700000001525
gc_enabled,5071,1.3261999993119389
gc_enabled,5072,1.8016999993051286
gc_enabled,5073,1.289800000449759
gc_enabled,5074,1.2708000003840425
gc_enabled,5075,1.3460000000122818
gc_enabled,5076,1.2279000002308749
gc_enabled,5077,1.340100000561506
gc_enabled,5078,1.3990999996167375
gc_enabled,5079,1.4093999998294748
gc_enabled,5080,1.222099999722559
gc_enabled,5081,1.7515000008643256
gc_enabled,5082,1.30650000028254
gc_enabled,5083,1.3013000007049413
gc_enabled,5084,1.3012999997954466
gc_enabled,5085,1.193299999613373
gc_enabled,5086,1.2263999997230712
gc_enabled,5087,1.1911999999938416
gc_enabled,5088,1.2357000005067675
gc_enabled,5089,1.2166000005890965
gc_enabled,5090,1.4161999997668318
gc_enabled,5091,1.211400000102003
gc_enabled,5092,1.229800000146497
gc_enabled,5093,1.2097999997422448
gc_enabled,5094,1.2481000003390363
gc_enabled,5095,1.2796999999409309
gc_enabled,5096,1.2339000004431
gc_enabled,5097,1.808099999834667
gc_enabled,5098,1.313099999606493
gc_enabled,5099,1.224999999976717
gc_enabled,5100,1.4325000001917942
gc_enabled,5101,1.2173000004622736
gc_enabled,5102,2.803999999741791
gc_enabled,5103,1.2720000004264875
gc_enabled,5104,1.21820000003936
gc_enabled,5105,1.205100000333914
gc_enabled,5106,2.0101999998587416
gc_enabled,5107,1.3886999995520455
gc_enabled,5108,1.3510999997379258
gc_enabled,5109,1.2969999997949344
gc_enabled,5110,1.4393999999811058
gc_enabled,5111,1.2722000001303968
gc_enabled,5112,1.3022999992244877
gc_enabled,5113,1.2269000008018338
gc_enabled,5114,1.3355999999475898
gc_enabled,5115,1.2348000000201864
gc_enabled,5116,1.3051000005361857
gc_enabled,5117,1.8959999997605337
gc_enabled,5118,2.8746999996656086
gc_enabled,5119,1.8201000002591172
gc_enabled,5120,1.404999999977008
gc_enabled,5121,1.4337000002342393
gc_enabled,5122,1.251100000445149
gc_enabled,5123,1.3187000004108995
gc_enabled,5124,1.2372000001050765
gc_enabled,5125,1.3343999999051448
gc_enabled,5126,1.5892999999778112
gc_enabled,5127,1.1842999992950354
gc_enabled,5128,1.1975000006714254
gc_enabled,5129,1.282799999898998
gc_enabled,5130,1.2085999996997998
gc_enabled,5131,1.2190000006739865
gc_enabled,5132,1.213100000313716
gc_enabled,5133,1.8087000007653842
gc_enabled,5134,1.1800000002040179
gc_enabled,5135,1.7249000002266257
gc_enabled,5136,1.2045000003126916
gc_enabled,5137,1.3477999991664547
gc_enabled,5138,1.2635000002774177
gc_enabled,5139,1.218700000208628
gc_enabled,5140,1.221100000293518
gc_enabled,5141,1.2648000001718174
gc_enabled,5142,1.8546000001151697
gc_enabled,5143,1.2361999997665407
gc_enabled,5144,1.2477999998736777
gc_enabled,5145,1.368700000057288
gc_enabled,5146,1.2334000002738321
gc_enabled,5147,1.307700000324985
gc_enabled,5148,1.396999999997206
gc_enabled,5149,1.4054999992367812
gc_enabled,5150,1.2198000003991183
gc_enabled,5151,1.2701999994533253
gc_enabled,5152,1.460899999983667
gc_enabled,5153,1.2564999997266568
gc_enabled,5154,1.288100000238046
gc_enabled,5155,1.227400000061607
gc_enabled,5156,1.208300000143936
gc_enabled,5157,1.2384999999994761
gc_enabled,5158,1.3035000001764274
gc_enabled,5159,1.2434999998731655
gc_enabled,5160,1.7726000005495735
gc_enabled,5161,1.2835999996241299
gc_enabled,5162,1.8936999995275983
gc_enabled,5163,1.224999999976717
gc_enabled,5164,1.1696999999912805
gc_enabled,5165,1.2022999999317108
gc_enabled,5166,1.2374999996609404
gc_enabled,5167,1.1936999999306863
gc_enabled,5168,1.173900000139838
gc_enabled,5169,1.2681999996857485
gc_enabled,5170,1.2400000005072798
gc_enabled,5171,1.2258999995538034
gc_enabled,5172,1.2064999991707737
gc_enabled,5173,1.2326999994911603
gc_enabled,5174,1.2596000005942187
gc_enabled,5175,1.1954999999943539
gc_enabled,5176,1.6972000003079302
gc_enabled,5177,1.5253000001393957
gc_enabled,5178,1.6439000000900705
gc_enabled,5179,1.5716000007159892
gc_enabled,5180,2.0487000001594424
gc_enabled,5181,1.609400000234018
gc_enabled,5182,2.189699999689765
gc_enabled,5183,1.753900000039721
gc_enabled,5184,1.7256000000998029
gc_enabled,5185,1.4934999999240972
gc_enabled,5186,1.403299999765295
gc_enabled,5187,1.3527999999496387
gc_enabled,5188,1.2900000001536682
gc_enabled,5189,1.3926000001447392
gc_enabled,5190,1.2022000000797561
gc_enabled,5191,1.3269000000946107
gc_enabled,5192,1.2291999992157798
gc_enabled,5193,1.4496000003418885
gc_enabled,5194,1.257400000213238
gc_enabled,5195,1.2127999998483574
gc_enabled,5196,1.21820000003936
gc_enabled,5197,1.525299999229901
gc_enabled,5198,1.506399999925634
gc_enabled,5199,1.43839999964257
gc_enabled,5200,1.845300000240968
gc_enabled,5201,1.5210999999908381
gc_enabled,5202,1.7864999999801512
gc_enabled,5203,1.2538999999378575
gc_enabled,5204,1.2181999991298653
gc_enabled,5205,1.3870000002498273
gc_enabled,5206,1.2059000000590459
gc_enabled,5207,1.1875999998665066
gc_enabled,5208,1.1989000004177797
gc_enabled,5209,1.675999999861233
gc_enabled,5210,1.189399999930174
gc_enabled,5211,1.1954999999943539
gc_enabled,5212,1.1877000006279559
gc_enabled,5213,1.2962999999217573
gc_enabled,5214,1.2174999992566882
gc_enabled,5215,1.2503000007200171
gc_enabled,5216,1.223299999765004
gc_enabled,5217,1.1781000002883957
gc_enabled,5218,1.4244999993024976
gc_enabled,5219,1.2838000002375338
gc_enabled,5220,1.2671000004047528
gc_enabled,5221,1.2655000000449945
gc_enabled,5222,1.219900000251073
gc_enabled,5223,1.2384000001475215
gc_enabled,5224,1.2747000000672415
gc_enabled,5225,1.870000000053551
gc_enabled,5226,1.1901999996553059
gc_enabled,5227,1.2164999998276471
gc_enabled,5228,1.2608000006366638
gc_enabled,5229,1.2796000000889762
gc_enabled,5230,1.2190999996164464
gc_enabled,5231,1.359799999590905
gc_enabled,5232,3.1112999995457358
gc_enabled,5233,1.2514999998529674
gc_enabled,5234,1.2977999995200662
gc_enabled,5235,1.3308999996297644
gc_enabled,5236,1.9940000001952285
gc_enabled,5237,1.229599999533093
gc_enabled,5238,1.228600000104052
gc_enabled,5239,1.216999999996915
gc_enabled,5240,1.3514999991457444
gc_enabled,5241,1.2901999998575775
gc_enabled,5242,1.2827000000470434
gc_enabled,5243,1.3811999997415114
gc_enabled,5244,1.3494000004357076
gc_enabled,5245,2.1026000003985246
gc_enabled,5246,1.2628999993467005
gc_enabled,5247,1.2785000008079805
gc_enabled,5248,2.873800000088522
gc_enabled,5249,1.2159999996583792
gc_enabled,5250,1.2200000001030276
gc_enabled,5251,1.2551999998322572
gc_enabled,5252,1.2292999999772292
gc_enabled,5253,1.1897000003955327
gc_enabled,5254,1.7279000003327383
gc_enabled,5255,1.2260000003152527
gc_enabled,5256,1.1818000002676854
gc_enabled,5257,1.1934999993172823
gc_enabled,5258,1.1853000005430658
gc_enabled,5259,1.343799999631301
gc_enabled,5260,1.3496999999915715
gc_enabled,5261,1.7854000006991555
gc_enabled,5262,1.2304000001677196
gc_enabled,5263,1.2403999999150983
gc_enabled,5264,1.2225000000398722
gc_enabled,5265,1.2240999994901358
gc_enabled,5266,1.2025999994875747
gc_enabled,5267,1.2927999996463768
gc_enabled,5268,1.2465999998312327
gc_enabled,5269,1.309199999923294
gc_enabled,5270,1.4321999997264356
gc_enabled,5271,1.3900000003559398
gc_enabled,5272,1.5224999997371924
gc_enabled,5273,1.2488000002122135
gc_enabled,5274,1.2289999995118706
gc_enabled,5275,1.311800000621588
gc_enabled,5276,1.285499999539752
gc_enabled,5277,1.2877000008302275
gc_enabled,5278,1.210200000059558
gc_enabled,5279,1.7790000001696171
gc_enabled,5280,1.2698999998974614
gc_enabled,5281,1.543899999887799
gc_enabled,5282,1.255000000128348
gc_enabled,5283,1.3303000005180365
gc_enabled,5284,1.29319999996369
gc_enabled,5285,1.320800000030431
gc_enabled,5286,1.234899999872141
gc_enabled,5287,1.387100000101782
gc_enabled,5288,1.268799999706971
gc_enabled,5289,1.2420000002748566
gc_enabled,5290,1.2686000000030617
gc_enabled,5291,1.2618999999176594
gc_enabled,5292,1.1951999995289952
gc_enabled,5293,1.20009999955073
gc_enabled,5294,1.1850999999296619
gc_enabled,5295,1.2831000003643567
gc_enabled,5296,1.1712000004990841
gc_enabled,5297,1.2077000001227134
gc_enabled,5298,1.2415000001055887
gc_enabled,5299,1.8527000001995475
gc_enabled,5300,1.2513000001490582
gc_enabled,5301,1.3034999992669327
gc_enabled,5302,1.2758000002577319
gc_enabled,5303,1.2217000003147405
gc_enabled,5304,1.2204999993628007
gc_enabled,5305,1.2484999997468549
gc_enabled,5306,1.7809000000852393
gc_enabled,5307,1.267500000722066
gc_enabled,5308,1.2397000000419212
gc_enabled,5309,1.2655000000449945
gc_enabled,5310,1.2609000004886184
gc_enabled,5311,1.3748999999734224
gc_enabled,5312,1.2236999991728226
gc_enabled,5313,1.4105000000199652
gc_enabled,5314,1.311600000008184
gc_enabled,5315,1.509700000497105
gc_enabled,5316,1.2904000004709815
gc_enabled,5317,1.2302000004638103
gc_enabled,5318,1.3479999997798586
gc_enabled,5319,1.4121000003797235
gc_enabled,5320,1.280399999814108
gc_enabled,5321,1.286900000195601
gc_enabled,5322,1.8371999994997168
gc_enabled,5323,1.3714999995499966
gc_enabled,5324,1.2593000001288601
gc_enabled,5325,1.2798999996448401
gc_enabled,5326,1.4246999999159016
gc_enabled,5327,1.3546000000133063
gc_enabled,5328,1.2201999998069368
gc_enabled,5329,1.2885000005553593
gc_enabled,5330,1.2473000006139046
gc_enabled,5331,1.6808999998829677
gc_enabled,5332,1.2860999995609745
gc_enabled,5333,1.23150000035821
gc_enabled,5334,1.2191000005259411
gc_enabled,5335,1.2478999997256324
gc_enabled,5336,1.2856000003012014
gc_enabled,5337,1.2423999996826751
gc_enabled,5338,1.4767000002393615
gc_enabled,5339,1.2819000003219116
gc_enabled,5340,1.223799999934272
gc_enabled,5341,1.2058000002070912
gc_enabled,5342,1.2538999999378575
gc_enabled,5343,1.2546999996629893
gc_enabled,5344,1.3128999999025837
gc_enabled,5345,1.2545999998110346
gc_enabled,5346,1.2255999999979394
gc_enabled,5347,1.4382999997906154
gc_enabled,5348,1.2175000001661829
gc_enabled,5349,1.1864000007335562
gc_enabled,5350,1.2097999997422448
gc_enabled,5351,1.3240999996924074
gc_enabled,5352,1.2241999993420905
gc_enabled,5353,1.2217000003147405
gc_enabled,5354,1.4326999998957035
gc_enabled,5355,1.3236000004326343
gc_enabled,5356,1.6998000000967295
gc_enabled,5357,1.2415999999575433
gc_enabled,5358,1.2968000000910251
gc_enabled,5359,1.3298999992912286
gc_enabled,5360,1.2708999993265024
gc_enabled,5361,1.2176999998700921
gc_enabled,5362,1.245599999492697
gc_enabled,5363,1.1954999999943539
gc_enabled,5364,1.2161000004198286
gc_enabled,5365,1.7957000000023982
gc_enabled,5366,1.4348999993671896
gc_enabled,5367,1.3331000000107451
gc_enabled,5368,1.2972000004083384
gc_enabled,5369,1.2176999998700921
gc_enabled,5370,1.2931000001117354
gc_enabled,5371,1.2004999998680432
gc_enabled,5372,1.7329999991488876
gc_enabled,5373,1.2111000005461392
gc_enabled,5374,1.2918000002173358
gc_enabled,5375,1.2237000000823173
gc_enabled,5376,1.2409000000843662
gc_enabled,5377,1.232799999343115
gc_enabled,5378,2.704999999878055
gc_enabled,5379,1.3276999998197425
gc_enabled,5380,1.1963999995714403
gc_enabled,5381,1.1889999996128608
gc_enabled,5382,1.4392000002771965
gc_enabled,5383,1.277999999729218
gc_enabled,5384,1.2514999998529674
gc_enabled,5385,1.2452000000848784
gc_enabled,5386,1.3913999991927994
gc_enabled,5387,1.2642000001505949
gc_enabled,5388,1.2163000001237378
gc_enabled,5389,1.2217000003147405
gc_enabled,5390,1.303600000028382
gc_enabled,5391,1.2739000003421097
gc_enabled,5392,1.2046000001646462
gc_enabled,5393,1.3646999996126397
gc_enabled,5394,2.930999999989581
gc_enabled,5395,1.2316000002101646
gc_enabled,5396,1.28599999970902
gc_enabled,5397,1.4542999997502193
gc_enabled,5398,1.4453000003413763
gc_enabled,5399,1.2653000003410853
gc_enabled,5400,1.694100000349863
gc_enabled,5401,1.3550000003306195
gc_enabled,5402,1.2507999999797903
gc_enabled,5403,1.2706000006801332
gc_enabled,5404,1.220800000737654
gc_enabled,5405,1.3025999996898463
gc_enabled,5406,1.2820000001738663
gc_enabled,5407,1.3549999994211248
gc_enabled,5408,1.4016000004630769
gc_enabled,5409,1.341600000159815
gc_enabled,5410,1.3340999994397862
gc_enabled,5411,1.2215000006108312
gc_enabled,5412,1.2643000000025495
gc_enabled,5413,1.2621999994735233
gc_enabled,5414,1.218700000208628
gc_enabled,5415,1.2047999998685555
gc_enabled,5416,1.7151000001831562
gc_enabled,5417,1.2814000001526438
gc_enabled,5418,1.1889999996128608
gc_enabled,5419,1.2296000004425878
gc_enabled,5420,1.2189999997644918
gc_enabled,5421,1.4417000002140412
gc_enabled,5422,1.2046000001646462
gc_enabled,5423,1.2286999999560066
gc_enabled,5424,1.2222000004840083
gc_enabled,5425,1.4392999992196565
gc_enabled,5426,1.2231999999130494
gc_enabled,5427,1.212800000757852
gc_enabled,5428,1.223799999934272
gc_enabled,5429,1.25690000004397
gc_enabled,5430,1.2987000000066473
gc_enabled,5431,1.2342999998509185
gc_enabled,5432,1.1970000005021575
gc_enabled,5433,1.314299999648938
gc_enabled,5434,1.2125000002924935
gc_enabled,5435,1.2943000001541805
gc_enabled,5436,1.226899999892339
gc_enabled,5437,1.295800000661984
gc_enabled,5438,1.2188000000605825
gc_enabled,5439,1.3970999998491607
gc_enabled,5440,1.2421999999787658
gc_enabled,5441,1.280399999814108
gc_enabled,5442,1.2202999996588915
gc_enabled,5443,1.2919000000692904
gc_enabled,5444,1.34520000028715
gc_enabled,5445,1.2219999998706044
gc_enabled,5446,1.6069999992396333
gc_enabled,5447,1.2088000003132038
gc_enabled,5448,1.2613999997483916
gc_enabled,5449,1.2549000002763933
gc_enabled,5450,1.3407000005827285
gc_enabled,5451,1.3818999996146886
gc_enabled,5452,1.3242000004538568
gc_enabled,5453,1.2900000001536682
gc_enabled,5454,1.2380999996821629
gc_enabled,5455,1.713200000267534
gc_enabled,5456,1.3441999999486143
gc_enabled,5457,1.2100000003556488
gc_enabled,5458,1.2311000000408967
gc_enabled,5459,1.2433000001692562
gc_enabled,5460,1.2798000007023802
gc_enabled,5461,1.2548000004244386
gc_enabled,5462,1.2686000000030617
gc_enabled,5463,1.2121999998271349
gc_enabled,5464,1.271499999347725
gc_enabled,5465,1.2139999998908024
gc_enabled,5466,1.2163999999756925
gc_enabled,5467,1.31139999939478
gc_enabled,5468,1.3472999999066815
gc_enabled,5469,1.2569999998959247
gc_enabled,5470,1.4688999999634689
gc_enabled,5471,1.7164000000775559
gc_enabled,5472,1.3033000004725181
gc_enabled,5473,1.2157000001025153
gc_enabled,5474,1.2647999992623227
gc_enabled,5475,1.2016999999104883
gc_enabled,5476,1.2348000000201864
gc_enabled,5477,1.2487999993027188
gc_enabled,5478,1.3446999992083875
gc_enabled,5479,1.2906000001748907
gc_enabled,5480,1.8329000004086993
gc_enabled,5481,1.4085000002523884
gc_enabled,5482,1.314999999522115
gc_enabled,5483,1.3269999999465654
gc_enabled,5484,1.3136000006852555
gc_enabled,5485,1.3144000004103873
gc_enabled,5486,1.3063000005786307
gc_enabled,5487,1.3096000002406072
gc_enabled,5488,1.268500000151107
gc_enabled,5489,1.600700000381039
gc_enabled,5490,1.2273000002096524
gc_enabled,5491,3.250800000387244
gc_enabled,5492,1.3646999996126397
gc_enabled,5493,1.290599999265396
gc_enabled,5494,1.2822000007872703
gc_enabled,5495,1.3941999995950027
gc_enabled,5496,1.2815000000045984
gc_enabled,5497,1.3403000002654153
gc_enabled,5498,1.2059000000590459
gc_enabled,5499,1.3482999993357225
gc_enabled,5500,2.0215999993524747
gc_enabled,5501,2.0709000000351807
gc_enabled,5502,2.779200000077253
gc_enabled,5503,1.6658999993524048
gc_enabled,5504,1.4043999999557855
gc_enabled,5505,1.241699999809498
gc_enabled,5506,1.2705999997706385
gc_enabled,5507,3.161800000270887
gc_enabled,5508,1.4162000006763265
gc_enabled,5509,1.4864999993733363
gc_enabled,5510,1.2593999999808148
gc_enabled,5511,1.2245000007169438
gc_enabled,5512,1.2673999999606167
gc_enabled,5513,1.192099999570928
gc_enabled,5514,1.2052999991283286
gc_enabled,5515,1.3652999996338622
gc_enabled,5516,1.352000000224507
gc_enabled,5517,1.2417999996614526
gc_enabled,5518,1.2608999995791237
gc_enabled,5519,1.1714000002029934
gc_enabled,5520,1.4928999999028747
gc_enabled,5521,1.2403000000631437
gc_enabled,5522,2.006900000196765
gc_enabled,5523,1.1873000003106426
gc_enabled,5524,3.1892999995761784
gc_enabled,5525,1.2569999998959247
gc_enabled,5526,1.346199999716191
gc_enabled,5527,1.2335000001257868
gc_enabled,5528,1.3184999997974955
gc_enabled,5529,1.2449000005290145
gc_enabled,5530,1.2962000000698026
gc_enabled,5531,1.8269000001964741
gc_enabled,5532,1.5241000000969507
gc_enabled,5533,1.3489000002664397
gc_enabled,5534,1.2996000004932284
gc_enabled,5535,1.2272000003576977
gc_enabled,5536,1.2937999999849126
gc_enabled,5537,1.1924000000362867
gc_enabled,5538,1.3043999997535138
gc_enabled,5539,1.1936999999306863
gc_enabled,5540,2.757999999630556
gc_enabled,5541,1.2639999995371909
gc_enabled,5542,1.2194999999337597
gc_enabled,5543,1.261000000340573
gc_enabled,5544,1.2135000006310293
gc_enabled,5545,1.329700000496814
gc_enabled,5546,1.1805999993157457
gc_enabled,5547,1.2019000005238922
gc_enabled,5548,1.3550999992730794
gc_enabled,5549,1.203900000291469
gc_enabled,5550,1.2945999997100444
gc_enabled,5551,1.341300000603951
gc_enabled,5552,1.9260000008216593
gc_enabled,5553,1.224700000420853
gc_enabled,5554,1.2033000002702465
gc_enabled,5555,1.2568000001920154
gc_enabled,5556,1.2139999998908024
gc_enabled,5557,1.2366999999358086
gc_enabled,5558,1.2458999999580556
gc_enabled,5559,1.464799999666866
gc_enabled,5560,1.231000000188942
gc_enabled,5561,1.2071000001014909
gc_enabled,5562,1.4050999998289626
gc_enabled,5563,1.323499999671185
gc_enabled,5564,1.2768000005962676
gc_enabled,5565,1.2358000003587222
gc_enabled,5566,1.4034000005267444
gc_enabled,5567,1.3070000004518079
gc_enabled,5568,1.2369999994916725
gc_enabled,5569,1.301499999499356
gc_enabled,5570,1.2319999996179831
gc_enabled,5571,1.277999999729218
gc_enabled,5572,1.2032999993607518
gc_enabled,5573,1.3896000000386266
gc_enabled,5574,1.232499999787251
gc_enabled,5575,2.1527999997488223
gc_enabled,5576,1.2529999994512764
gc_enabled,5577,1.247700000021723
gc_enabled,5578,1.2643999998545041
gc_enabled,5579,1.3610000005428446
gc_enabled,5580,1.5319999993153033
gc_enabled,5581,1.2541999994937214
gc_enabled,5582,1.2596000005942187
gc_enabled,5583,1.3132000003679423
gc_enabled,5584,1.663899999584828
gc_enabled,5585,1.3423999998849467
gc_enabled,5586,1.2989999995625112
gc_enabled,5587,1.2668999997913488
gc_enabled,5588,1.2635000002774177
gc_enabled,5589,1.2228999994476908
gc_enabled,5590,1.3704000002690009
gc_enabled,5591,1.2425000004441245
gc_enabled,5592,1.2725000005957554
gc_enabled,5593,1.3614999998026178
gc_enabled,5594,1.280699999369972
gc_enabled,5595,1.2316000002101646
gc_enabled,5596,1.2452000000848784
gc_enabled,5597,1.2236000002303626
gc_enabled,5598,1.2964000006832066
gc_enabled,5599,1.1967999998887535
gc_enabled,5600,1.4387000001079286
gc_enabled,5601,1.2575000000651926
gc_enabled,5602,1.2915999996039318
gc_enabled,5603,1.4633999999205116
gc_enabled,5604,1.4132999995126738
gc_enabled,5605,1.2964000006832066
gc_enabled,5606,1.3331000000107451
gc_enabled,5607,1.2406000005285023
gc_enabled,5608,1.289300000280491
gc_enabled,5609,1.3654000003953115
gc_enabled,5610,1.313099999606493
gc_enabled,5611,1.2350000006335904
gc_enabled,5612,1.3293000001795008
gc_enabled,5613,1.2169000001449604
gc_enabled,5614,1.5843000001041219
gc_enabled,5615,1.5774000003148103
gc_enabled,5616,1.6503999995620688
gc_enabled,5617,1.5636000007361872
gc_enabled,5618,1.741500000207452
gc_enabled,5619,1.5653000000384054
gc_enabled,5620,1.559100000122271
gc_enabled,5621,1.5054000004965928
gc_enabled,5622,1.590399999258807
gc_enabled,5623,1.6044999993027886
gc_enabled,5624,1.7557000001033884
gc_enabled,5625,1.705200000287732
gc_enabled,5626,1.6947000003710855
gc_enabled,5627,1.6909000005398411
gc_enabled,5628,1.4513999994960614
gc_enabled,5629,1.4348000004247297
gc_enabled,5630,1.2704000000667293
gc_enabled,5631,1.3011000000915374
gc_enabled,5632,1.2498999994932092
gc_enabled,5633,1.3535999996747705
gc_enabled,5634,1.249400000233436
gc_enabled,5635,1.244600000063656
gc_enabled,5636,1.236600000083854
gc_enabled,5637,2.8007000000798143
gc_enabled,5638,1.3822999999320018
gc_enabled,5639,1.3370000006034388
gc_enabled,5640,1.5474000001631794
gc_enabled,5641,1.6615000004094327
gc_enabled,5642,2.0578000003297348
gc_enabled,5643,1.5732000001662527
gc_enabled,5644,2.763299999969604
gc_enabled,5645,1.6688000005160575
gc_enabled,5646,1.621299999897019
gc_enabled,5647,1.30410000019765
gc_enabled,5648,1.221800000166695
gc_enabled,5649,1.3172999997550505
gc_enabled,5650,1.2317000000621192
gc_enabled,5651,1.3171999999030959
gc_enabled,5652,1.2146999997639796
gc_enabled,5653,3.3842000002550776
gc_enabled,5654,1.286699999582197
gc_enabled,5655,1.738400000249385
gc_enabled,5656,1.3137000005372101
gc_enabled,5657,1.242899999851943
gc_enabled,5658,1.6071999998530373
gc_enabled,5659,1.7231000001629582
gc_enabled,5660,1.7689999995127437
gc_enabled,5661,1.5793000002304325
gc_enabled,5662,1.7440000001442968
gc_enabled,5663,1.5506999998251558
gc_enabled,5664,1.6683000003467896
gc_enabled,5665,1.6133999997691717
gc_enabled,5666,1.6208000006372458
gc_enabled,5667,1.6625999996904284
gc_enabled,5668,1.7701000006127288
gc_enabled,5669,1.650100000006205
gc_enabled,5670,1.586200000019744
gc_enabled,5671,1.6212000000450644
gc_enabled,5672,2.472999999554304
gc_enabled,5673,1.602400000592752
gc_enabled,5674,1.5280000006896444
gc_enabled,5675,1.5607999994244892
gc_enabled,5676,1.3833000002705376
gc_enabled,5677,1.280399999814108
gc_enabled,5678,1.246499999979278
gc_enabled,5679,1.3109999999869615
gc_enabled,5680,1.3018999998166692
gc_enabled,5681,1.6219999997701962
gc_enabled,5682,1.3066999999864493
gc_enabled,5683,1.5245999993567239
gc_enabled,5684,1.424399999450543
gc_enabled,5685,1.223500000378408
gc_enabled,5686,1.2655000000449945
gc_enabled,5687,1.4559999999619322
gc_enabled,5688,1.3239999998404528
gc_enabled,5689,1.3206000003265217
gc_enabled,5690,1.410099999702652
gc_enabled,5691,1.305300000240095
gc_enabled,5692,1.484100000197941
gc_enabled,5693,1.3393999997788342
gc_enabled,5694,1.3123999997333158
gc_enabled,5695,1.4314999998532585
gc_enabled,5696,1.2409000000843662
gc_enabled,5697,1.3315999995029415
gc_enabled,5698,1.2894999999844003
gc_enabled,5699,1.5970000004017493
gc_enabled,5700,1.2176000000181375
gc_enabled,5701,1.2745999993057922
gc_enabled,5702,1.2554000004456611
gc_enabled,5703,1.2156000002505607
gc_enabled,5704,1.5360000006694463
gc_enabled,5705,1.3774999997622217
gc_enabled,5706,1.23639999947045
gc_enabled,5707,1.3582000001406414
gc_enabled,5708,1.3096000002406072
gc_enabled,5709,1.380099999551021
gc_enabled,5710,1.863700000285462
gc_enabled,5711,1.279199999771663
gc_enabled,5712,1.2904999994134414
gc_enabled,5713,1.368700000057288
gc_enabled,5714,1.1684000000968808
gc_enabled,5715,1.2990999994144659
gc_enabled,5716,1.1802000008174218
gc_enabled,5717,1.4888000005157664
gc_enabled,5718,1.2176000000181375
gc_enabled,5719,1.241699999809498
gc_enabled,5720,1.3096000002406072
gc_enabled,5721,1.2251000007381663
gc_enabled,5722,1.2112000003980938
gc_enabled,5723,1.2267000001884298
gc_enabled,5724,1.990700000533252
gc_enabled,5725,1.3195000001360313
gc_enabled,5726,1.2369999994916725
gc_enabled,5727,1.2189999997644918
gc_enabled,5728,1.4632000002166023
gc_enabled,5729,1.3504999997167033
gc_enabled,5730,1.3883999999961816
gc_enabled,5731,1.2950000000273576
gc_enabled,5732,1.2962999999217573
gc_enabled,5733,1.56050000077812
gc_enabled,5734,1.2164000008851872
gc_enabled,5735,1.2448999996195198
gc_enabled,5736,1.3944000002084067
gc_enabled,5737,1.4307000001281267
gc_enabled,5738,1.2587999999595922
gc_enabled,5739,1.3005999999222695
gc_enabled,5740,1.3422000001810375
gc_enabled,5741,1.2660000002142624
gc_enabled,5742,1.8667000003915746
gc_enabled,5743,1.252300000487594
gc_enabled,5744,1.3241000006019021
gc_enabled,5745,1.2138000001868932
gc_enabled,5746,1.2811999995392398
gc_enabled,5747,1.2582999997903244
gc_enabled,5748,1.3070999993942678
gc_enabled,5749,1.9393999991734745
gc_enabled,5750,1.3005000000703149
gc_enabled,5751,1.6908999996303464
gc_enabled,5752,1.2360000000626314
gc_enabled,5753,1.2227000006532762
gc_enabled,5754,1.2718999996650382
gc_enabled,5755,1.2976000007256516
gc_enabled,5756,1.676999999290274
gc_enabled,5757,1.5052999997351435
gc_enabled,5758,1.7645999996602768
gc_enabled,5759,1.6193000001294422
gc_enabled,5760,2.199500000642729
gc_enabled,5761,1.5347999997175066
gc_enabled,5762,1.8338999998377403
gc_enabled,5763,1.6545999997106264
gc_enabled,5764,1.5406000002258224
gc_enabled,5765,1.6571999994994258
gc_enabled,5766,1.4897999999448075
gc_enabled,5767,3.6438999995880295
gc_enabled,5768,1.491899999564339
gc_enabled,5769,1.6058999999586376
gc_enabled,5770,1.523799999631592
gc_enabled,5771,1.7941000005521346
gc_enabled,5772,1.4914000003045658
gc_enabled,5773,1.7049999996743281
gc_enabled,5774,1.5393000003314228
gc_enabled,5775,2.540899999985413
gc_enabled,5776,1.5538999996351777
gc_enabled,5777,1.6494999999849824
gc_enabled,5778,1.511499999651278
gc_enabled,5779,1.6526999997950043
gc_enabled,5780,1.4412000000447733
gc_enabled,5781,1.3543999993999023
gc_enabled,5782,1.6046999999161926
gc_enabled,5783,4.2787000002135755
gc_enabled,5784,1.5714000001025852
gc_enabled,5785,1.6911000002437504
gc_enabled,5786,1.725099999930535
gc_enabled,5787,1.5679999996791594
gc_enabled,5788,1.5922000002319692
gc_enabled,5789,1.575799999955052
gc_enabled,5790,1.6857999999047024
gc_enabled,5791,1.6679000000294764
gc_enabled,5792,1.586700000189012
gc_enabled,5793,1.8676999998206156
gc_enabled,5794,1.767900000231748
gc_enabled,5795,2.5986000000557397
gc_enabled,5796,1.8130999997083563
gc_enabled,5797,1.5901000006124377
gc_enabled,5798,1.755100000082166
gc_enabled,5799,1.5478999994229525
gc_enabled,5800,1.5309000000343076
gc_enabled,5801,1.6448999995191116
gc_enabled,5802,1.6014000002542161
gc_enabled,5803,1.533200000267243
gc_enabled,5804,1.4433999995162594
gc_enabled,5805,1.5335999996750616
gc_enabled,5806,1.6323999998348881
gc_enabled,5807,1.577500000166765
gc_enabled,5808,1.5543999998044455
gc_enabled,5809,1.570999999785272
gc_enabled,5810,1.6556999999011168
gc_enabled,5811,1.5622999999322928
gc_enabled,5812,1.5545000005658949
gc_enabled,5813,1.9186999998055398
gc_enabled,5814,1.65859999924578
gc_enabled,5815,1.5539999994871323
gc_enabled,5816,1.5708000000813627
gc_enabled,5817,1.5488999997614883
gc_enabled,5818,1.697499999863794
gc_enabled,5819,1.5444000000570668
gc_enabled,5820,1.4565999999831547
gc_enabled,5821,1.8814999993992387
gc_enabled,5822,1.8399000000499655
gc_enabled,5823,1.4396000005945098
gc_enabled,5824,1.5270999992935685
gc_enabled,5825,1.406200000019453
gc_enabled,5826,1.6432000002168934
gc_enabled,5827,1.3555000004998874
gc_enabled,5828,1.3179999996282277
gc_enabled,5829,1.2747999999191961
gc_enabled,5830,1.964899999620684
gc_enabled,5831,1.4327999997476581
gc_enabled,5832,1.5616000000591157
gc_enabled,5833,1.3755999998465995
gc_enabled,5834,1.3242000004538568
gc_enabled,5835,1.4073000002099434
gc_enabled,5836,1.3183000000935863
gc_enabled,5837,1.4325000001917942
gc_enabled,5838,1.3358000005609938
gc_enabled,5839,1.4244000003600377
gc_enabled,5840,1.2953000004927162
gc_enabled,5841,1.2710999999399064
gc_enabled,5842,1.3659000005645794
gc_enabled,5843,1.262700000552286
gc_enabled,5844,1.2590999995154561
gc_enabled,5845,1.2676000005740207
gc_enabled,5846,1.358299999992596
gc_enabled,5847,1.3207999991209363
gc_enabled,5848,1.7419000005247653
gc_enabled,5849,1.4164000003802357
gc_enabled,5850,1.2394000004860573
gc_enabled,5851,1.5215000003081514
gc_enabled,5852,1.2831999993068166
gc_enabled,5853,1.4254000006985734
gc_enabled,5854,1.898299999993469
gc_enabled,5855,1.5355000005001784
gc_enabled,5856,1.4730000002600718
gc_enabled,5857,1.5391999995699734
gc_enabled,5858,1.4223000007405062
gc_enabled,5859,1.4643000004070927
gc_enabled,5860,1.304800000070827
gc_enabled,5861,1.3902000000598491
gc_enabled,5862,1.4468999997916399
gc_enabled,5863,2.0125999999436317
gc_enabled,5864,1.341800000773219
gc_enabled,5865,1.7164000000775559
gc_enabled,5866,1.487499999711872
gc_enabled,5867,1.3606000002255314
gc_enabled,5868,1.2625999997908366
gc_enabled,5869,1.2373999998089857
gc_enabled,5870,1.7873999995572376
gc_enabled,5871,1.506399999925634
gc_enabled,5872,1.5167999999903259
gc_enabled,5873,1.3922999996793806
gc_enabled,5874,1.5522000003329595
gc_enabled,5875,1.469599999836646
gc_enabled,5876,1.9328999997014762
gc_enabled,5877,1.4111000000411877
gc_enabled,5878,1.4786000001549837
gc_enabled,5879,1.462100000026112
gc_enabled,5880,1.3445999993564328
gc_enabled,5881,1.3394000006883289
gc_enabled,5882,1.3509999998859712
gc_enabled,5883,1.2216999994052458
gc_enabled,5884,1.2022999999317108
gc_enabled,5885,1.3411999998425017
gc_enabled,5886,1.3051999994786456
gc_enabled,5887,1.2262999998711166
gc_enabled,5888,1.3374000000112574
gc_enabled,5889,1.2076000002707588
gc_enabled,5890,1.2935000004290487
gc_enabled,5891,1.1978000002272893
gc_enabled,5892,2.0588999996107304
gc_enabled,5893,1.3027000004512956
gc_enabled,5894,1.3036999998803367
gc_enabled,5895,1.2870999998995103
gc_enabled,5896,1.2525000001915032
gc_enabled,5897,1.2186999992991332
gc_enabled,5898,1.2463000002753688
gc_enabled,5899,1.3533999999708612
gc_enabled,5900,1.2979000002815155
gc_enabled,5901,1.4161999997668318
gc_enabled,5902,1.2739000003421097
gc_enabled,5903,1.223599999320868
gc_enabled,5904,1.620300000467978
gc_enabled,5905,1.3070000004518079
gc_enabled,5906,1.2477999998736777
gc_enabled,5907,1.2766999998348183
gc_enabled,5908,1.3007000006837188
gc_enabled,5909,1.32709999979852
gc_enabled,5910,1.2020999993183068
gc_enabled,5911,1.2618999999176594
gc_enabled,5912,1.2393000006341026
gc_enabled,5913,2.7019999997719424
gc_enabled,5914,1.2465999998312327
gc_enabled,5915,1.9097000003966969
gc_enabled,5916,1.2264999995750259
gc_enabled,5917,1.3231000002633664
gc_enabled,5918,1.3300999999046326
gc_enabled,5919,1.3023000001339824
gc_enabled,5920,1.3946999997642706
gc_enabled,5921,1.3312999999470776
gc_enabled,5922,1.2544000001071254
gc_enabled,5923,1.225699999849894
gc_enabled,5924,1.709099999970931
gc_enabled,5925,1.4317000004666625
gc_enabled,5926,1.4860999999655178
gc_enabled,5927,1.4808000005359645
gc_enabled,5928,2.17510000038601
gc_enabled,5929,3.2794999997349805
gc_enabled,5930,2.0617999998648884
gc_enabled,5931,1.4271999998527463
gc_enabled,5932,1.5789999997650739
gc_enabled,5933,1.4471000004050438
gc_enabled,5934,1.4860999999655178
gc_enabled,5935,1.5480000001844019
gc_enabled,5936,1.4550000005328911
gc_enabled,5937,1.5087000001585693
gc_enabled,5938,1.3243999992482713
gc_enabled,5939,1.3590999997177278
gc_enabled,5940,1.3378000003285706
gc_enabled,5941,1.4813999996476923
gc_enabled,5942,1.3939000000391388
gc_enabled,5943,1.2620000006791088
gc_enabled,5944,1.2799999994967948
gc_enabled,5945,1.5610000000378932
gc_enabled,5946,1.5643000006093644
gc_enabled,5947,1.437199999600125
gc_enabled,5948,1.684900000327616
gc_enabled,5949,1.4791000003242516
gc_enabled,5950,1.5507999996771105
gc_enabled,5951,1.4128000002529006
gc_enabled,5952,1.5665000000808504
gc_enabled,5953,1.4198999997461215
gc_enabled,5954,1.822600000195962
gc_enabled,5955,1.4455000000452856
gc_enabled,5956,1.5292999996745493
gc_enabled,5957,1.5604000000166707
gc_enabled,5958,1.4143999997031642
gc_enabled,5959,1.3663999998243526
gc_enabled,5960,1.4411000001928187
gc_enabled,5961,2.017500000874861
gc_enabled,5962,1.3277999996716972
gc_enabled,5963,1.2935999993715086
gc_enabled,5964,1.4135999999780324
gc_enabled,5965,1.2581999999383697
gc_enabled,5966,1.38390000029176
gc_enabled,5967,1.2096999998902902
gc_enabled,5968,1.4252000000851694
gc_enabled,5969,1.2261000001672073
gc_enabled,5970,1.4736999992237543
gc_enabled,5971,1.2783000001945766
gc_enabled,5972,1.3478000000759494
gc_enabled,5973,1.2425999993865844
gc_enabled,5974,1.258100000086415
gc_enabled,5975,1.3681000000360655
gc_enabled,5976,1.3306000000739004
gc_enabled,5977,1.3446000002659275
gc_enabled,5978,1.2737000006382004
gc_enabled,5979,1.340100000561506
gc_enabled,5980,1.2759999999616412
gc_enabled,5981,1.2531000002127257
gc_enabled,5982,2.0356999993964564
gc_enabled,5983,1.6184999994948157
gc_enabled,5984,1.341099999990547
gc_enabled,5985,1.324900000327034
gc_enabled,5986,1.2442999995982973
gc_enabled,5987,1.5172000003076391
gc_enabled,5988,1.396099999510625
gc_enabled,5989,1.271699999961129
gc_enabled,5990,1.2122999996790895
gc_enabled,5991,1.2768000005962676
gc_enabled,5992,1.236600000083854
gc_enabled,5993,1.2466000007407274
gc_enabled,5994,1.247000000148546
gc_enabled,5995,1.3275000001158332
gc_enabled,5996,1.2069999993400415
gc_enabled,5997,1.2563000000227476
gc_enabled,5998,1.2317000000621192
gc_enabled,5999,1.3956000002508517
gc_enabled,6000,1.2460999996619648
gc_enabled,6001,1.2742999997499282
gc_enabled,6002,1.4147000001685228
gc_enabled,6003,1.2908999997307546
gc_enabled,6004,1.2350999995760503
gc_enabled,6005,1.2249000001247623
gc_enabled,6006,1.1970999994446174
gc_enabled,6007,1.2686999998550164
gc_enabled,6008,1.2959999994563987
gc_enabled,6009,1.2841999996453524
gc_enabled,6010,1.2120999999751803
gc_enabled,6011,1.2446999999156105
gc_enabled,6012,1.271499999347725
gc_enabled,6013,1.366299999972398
gc_enabled,6014,1.3371000004553935
gc_enabled,6015,1.2776000003213994
gc_enabled,6016,1.2785999997504405
gc_enabled,6017,1.536100000521401
gc_enabled,6018,1.35859999954846
gc_enabled,6019,1.4379000003827969
gc_enabled,6020,1.3103000001137843
gc_enabled,6021,1.38159999914933
gc_enabled,6022,1.3002999994569109
gc_enabled,6023,1.361900000119931
gc_enabled,6024,1.3617000004160218
gc_enabled,6025,1.3165000000299187
gc_enabled,6026,2.930999999989581
gc_enabled,6027,1.4019000000189408
gc_enabled,6028,1.2437999994290294
gc_enabled,6029,1.5551999995295773
gc_enabled,6030,1.3586000004579546
gc_enabled,6031,1.288600000407314
gc_enabled,6032,1.242600000296079
gc_enabled,6033,1.2139000000388478
gc_enabled,6034,1.9136000000798958
gc_enabled,6035,1.2069000003975816
gc_enabled,6036,1.2628000004042406
gc_enabled,6037,1.2434000000212109
gc_enabled,6038,1.3391000002229703
gc_enabled,6039,1.4418000000659958
gc_enabled,6040,1.2464000001273234
gc_enabled,6041,1.8895000002885354
gc_enabled,6042,2.901199999541859
gc_enabled,6043,1.6432000002168934
gc_enabled,6044,1.4471000004050438
gc_enabled,6045,1.2601999997059465
gc_enabled,6046,1.2568000001920154
gc_enabled,6047,1.2843000004068017
gc_enabled,6048,1.6050000003815512
gc_enabled,6049,1.2641000002986402
gc_enabled,6050,1.2775000004694448
gc_enabled,6051,1.2968999999429798
gc_enabled,6052,1.1916000003111549
gc_enabled,6053,1.3006999997742241
gc_enabled,6054,1.5338000002884655
gc_enabled,6055,1.543600000331935
gc_enabled,6056,1.3530999995055026
gc_enabled,6057,1.5750000002299203
gc_enabled,6058,1.245599999492697
gc_enabled,6059,3.3646000001681386
gc_enabled,6060,1.2304000001677196
gc_enabled,6061,1.2186000003566733
gc_enabled,6062,1.2417999996614526
gc_enabled,6063,1.2906000001748907
gc_enabled,6064,1.372300000184623
gc_enabled,6065,1.2673999999606167
gc_enabled,6066,1.3496999999915715
gc_enabled,6067,1.5027999997982988
gc_enabled,6068,1.2320000005274778
gc_enabled,6069,1.306000000113272
gc_enabled,6070,1.3046000003669178
gc_enabled,6071,1.505600000200502
gc_enabled,6072,1.2650000007852213
gc_enabled,6073,1.780499999767926
gc_enabled,6074,1.23150000035821
gc_enabled,6075,3.2688000001144246
gc_enabled,6076,1.564199999847915
gc_enabled,6077,1.8459000002621906
gc_enabled,6078,1.5241999999489053
gc_enabled,6079,2.3226999992402853
gc_enabled,6080,1.4031999999133404
gc_enabled,6081,1.533200000267243
gc_enabled,6082,2.1437000004880247
gc_enabled,6083,3.3995000003415043
gc_enabled,6084,1.586499999575608
gc_enabled,6085,1.5573000000586035
gc_enabled,6086,1.4776000007259427
gc_enabled,6087,1.4235999997254112
gc_enabled,6088,1.318399999945541
gc_enabled,6089,1.3958999998067156
gc_enabled,6090,1.3898999995944905
gc_enabled,6091,1.8588000002637273
gc_enabled,6092,1.4919999994162936
gc_enabled,6093,1.5547000002698041
gc_enabled,6094,1.560300000164716
gc_enabled,6095,1.6734000000724336
gc_enabled,6096,1.4244000003600377
gc_enabled,6097,1.4281999992817873
gc_enabled,6098,1.578200000039942
gc_enabled,6099,1.4857999995001592
gc_enabled,6100,1.5302000001611304
gc_enabled,6101,1.422899999852234
gc_enabled,6102,1.9830999999612686
gc_enabled,6103,1.458200000342913
gc_enabled,6104,1.4949999995224061
gc_enabled,6105,1.8938000002890476
gc_enabled,6106,1.874100000350154
gc_enabled,6107,1.7314999995505787
gc_enabled,6108,1.6752000001361012
gc_enabled,6109,1.599000000169326
gc_enabled,6110,1.8507000004319707
gc_enabled,6111,1.5899999998509884
gc_enabled,6112,2.1471000000019558
gc_enabled,6113,1.586200000019744
gc_enabled,6114,1.8534000000727247
gc_enabled,6115,1.5618999996149796
gc_enabled,6116,1.6794000002846587
gc_enabled,6117,1.4315999997052131
gc_enabled,6118,1.5106999999261461
gc_enabled,6119,1.5137999998842133
gc_enabled,6120,1.5270000003511086
gc_enabled,6121,1.4508000003843335
gc_enabled,6122,1.5013000011094846
gc_enabled,6123,1.6980999989755219
gc_enabled,6124,1.4123000000836328
gc_enabled,6125,1.4418999999179505
gc_enabled,6126,1.5978999999788357
gc_enabled,6127,1.4021999995748047
gc_enabled,6128,1.3342000002012355
gc_enabled,6129,1.3349000000744127
gc_enabled,6130,3.06549999913841
gc_enabled,6131,1.6390000000683358
gc_enabled,6132,1.731399999698624
gc_enabled,6133,1.6765000000305008
gc_enabled,6134,1.6037999994296115
gc_enabled,6135,1.6089999990072101
gc_enabled,6136,1.586200000019744
gc_enabled,6137,1.8297000005986774
gc_enabled,6138,1.786500000889646
gc_enabled,6139,1.6782999991846737
gc_enabled,6140,1.5531999997620005
gc_enabled,6141,1.9713999990926823
gc_enabled,6142,1.6565999994782032
gc_enabled,6143,1.6218000000662869
gc_enabled,6144,1.4750000009371433
gc_enabled,6145,1.826499999879161
gc_enabled,6146,1.5970999993442092
gc_enabled,6147,1.6305999997712206
gc_enabled,6148,1.7072000009648036
gc_enabled,6149,1.6971999993984355
gc_enabled,6150,1.6345000003639143
gc_enabled,6151,1.8710999993345467
gc_enabled,6152,1.6020999992178986
gc_enabled,6153,1.7987000010180054
gc_enabled,6154,1.8899999995483086
gc_enabled,6155,1.6990999993140576
gc_enabled,6156,2.2736999999324325
gc_enabled,6157,1.591500000358792
gc_enabled,6158,2.387799999269191
gc_enabled,6159,1.698000000033062
gc_enabled,6160,2.1713999994972255
gc_enabled,6161,1.6226999996433733
gc_enabled,6162,1.6073000006144866
gc_enabled,6163,1.765999999406631
gc_enabled,6164,1.6959999993559904
gc_enabled,6165,1.6978000003291527
gc_enabled,6166,1.5990000010788208
gc_enabled,6167,1.5767000004416332
gc_enabled,6168,1.705200000287732
gc_enabled,6169,4.243199999109493
gc_enabled,6170,1.67429999964952
gc_enabled,6171,1.6325999986293027
gc_enabled,6172,3.6242000005586306
gc_enabled,6173,1.529600000139908
gc_enabled,6174,1.640999998926418
gc_enabled,6175,1.4367999992828118
gc_enabled,6176,1.7535999995743623
gc_enabled,6177,1.4628000008087838
gc_enabled,6178,1.6910000013012905
gc_enabled,6179,1.576099999510916
gc_enabled,6180,2.380099998845253
gc_enabled,6181,1.6426999991381308
gc_enabled,6182,1.8037000008916948
gc_enabled,6183,1.7721000003803056
gc_enabled,6184,1.6489000008732546
gc_enabled,6185,1.7988999989029253
gc_enabled,6186,1.5660000008210773
gc_enabled,6187,1.4289999999164138
gc_enabled,6188,3.1042999999044696
gc_enabled,6189,1.4465000003838213
gc_enabled,6190,1.3119999985065078
gc_enabled,6191,1.3557000002037967
gc_enabled,6192,1.4799000000493834
gc_enabled,6193,1.2901999998575775
gc_enabled,6194,1.2979000002815155
gc_enabled,6195,1.4933999991626479
gc_enabled,6196,1.2784999998984858
gc_enabled,6197,1.4966999988246243
gc_enabled,6198,1.2850000002799788
gc_enabled,6199,1.4942999987397343
gc_enabled,6200,1.3005000000703149
gc_enabled,6201,1.295800000661984
gc_enabled,6202,1.314200000706478
gc_enabled,6203,1.4236000006349059
gc_enabled,6204,1.2747000000672415
gc_enabled,6205,1.3144999993528472
gc_enabled,6206,1.289800000449759
gc_enabled,6207,1.366000000416534
gc_enabled,6208,1.4556000005541136
gc_enabled,6209,1.311800000621588
gc_enabled,6210,1.2735999989672564
gc_enabled,6211,1.4079000011406606
gc_enabled,6212,1.335099999778322
gc_enabled,6213,1.330200000666082
gc_enabled,6214,1.3168000004952773
gc_enabled,6215,1.5321000009862473
gc_enabled,6216,1.3436999997793464
gc_enabled,6217,1.3980999992782017
gc_enabled,6218,1.2723999989248114
gc_enabled,6219,1.6719000013836194
gc_enabled,6220,1.3499000015144702
gc_enabled,6221,1.4145000004646135
gc_enabled,6222,1.762300000336836
gc_enabled,6223,1.3759000012214528
gc_enabled,6224,1.3801999994029757
gc_enabled,6225,1.2574000011227326
gc_enabled,6226,1.391699999658158
gc_enabled,6227,1.2986000001546927
gc_enabled,6228,1.332600000750972
gc_enabled,6229,1.3302999996085418
gc_enabled,6230,1.3262000011309283
gc_enabled,6231,1.237500000570435
gc_enabled,6232,1.661199999944074
gc_enabled,6233,1.3134000000718515
gc_enabled,6234,1.5182999995886348
gc_enabled,6235,1.2557000009110197
gc_enabled,6236,1.3834000001224922
gc_enabled,6237,1.269400001547183
gc_enabled,6238,1.2696999983745627
gc_enabled,6239,1.2721000002784422
gc_enabled,6240,1.323299999057781
gc_enabled,6241,1.229800000146497
gc_enabled,6242,1.245700001163641
gc_enabled,6243,1.2335999999777414
gc_enabled,6244,1.4907999993738486
gc_enabled,6245,1.2544000001071254
gc_enabled,6246,1.2635999992198776
gc_enabled,6247,1.2471999998524552
gc_enabled,6248,1.2805000005755574
gc_enabled,6249,1.2068999985785922
gc_enabled,6250,1.2057999992975965
gc_enabled,6251,1.2361000008240808
gc_enabled,6252,1.3003000003664056
gc_enabled,6253,1.2483999998949002
gc_enabled,6254,1.2654999991354998
gc_enabled,6255,1.3624999992316589
gc_enabled,6256,1.2169000001449604
gc_enabled,6257,1.4907000004313886
gc_enabled,6258,1.6052000009949552
gc_enabled,6259,1.6775000003690366
gc_enabled,6260,1.352999999653548
gc_enabled,6261,1.3854999997420236
gc_enabled,6262,1.3330999991012504
gc_enabled,6263,1.3017999990552198
gc_enabled,6264,1.2735999989672564
gc_enabled,6265,1.5217000000120606
gc_enabled,6266,1.3018999998166692
gc_enabled,6267,1.3955999984318623
gc_enabled,6268,1.2706999987130985
gc_enabled,6269,1.4341999994940124
gc_enabled,6270,1.3079000000288943
gc_enabled,6271,1.3319999998202547
gc_enabled,6272,1.3620999998238403
gc_enabled,6273,1.3015000004088506
gc_enabled,6274,1.2722999999823514
gc_enabled,6275,1.327399999354384
gc_enabled,6276,1.2698000009550015
gc_enabled,6277,1.2745000003633322
gc_enabled,6278,1.2573000003612833
gc_enabled,6279,1.2764999992214143
gc_enabled,6280,1.2789000011252938
gc_enabled,6281,1.3789000004180707
gc_enabled,6282,1.442299999325769
gc_enabled,6283,1.3209999997343402
gc_enabled,6284,1.26290000116569
gc_enabled,6285,1.2991999992664205
gc_enabled,6286,1.2270000006537884
gc_enabled,6287,1.3922999987698859
gc_enabled,6288,1.2788000003638444
gc_enabled,6289,1.2537999991764082
gc_enabled,6290,1.3021000013395678
gc_enabled,6291,1.2176000000181375
gc_enabled,6292,1.2043999995512422
gc_enabled,6293,1.2176000000181375
gc_enabled,6294,1.239299999724608
gc_enabled,6295,1.2081999993824866
gc_enabled,6296,1.2786000006599352
gc_enabled,6297,1.254299999345676
gc_enabled,6298,1.316699999733828
gc_enabled,6299,1.2315999993006699
gc_enabled,6300,1.201799999762443
gc_enabled,6301,1.2563000000227476
gc_enabled,6302,2.878999999666121
gc_enabled,6303,1.3679000003321562
gc_enabled,6304,1.2800999993487494
gc_enabled,6305,1.3091000000713393
gc_enabled,6306,1.3380000000324799
gc_enabled,6307,1.3029999990976648
gc_enabled,6308,1.5229000000545057
gc_enabled,6309,1.333300000624149
gc_enabled,6310,1.3491000008798437
gc_enabled,6311,1.2984999993932433
gc_enabled,6312,1.304899999013287
gc_enabled,6313,1.3343999999051448
gc_enabled,6314,1.38639999931911
gc_enabled,6315,1.2610999983735383
gc_enabled,6316,1.2763000013364945
gc_enabled,6317,1.218499999595224
gc_enabled,6318,3.1732000006741146
gc_enabled,6319,1.2514000009105075
gc_enabled,6320,1.2162000002717832
gc_enabled,6321,1.34760000037204
gc_enabled,6322,1.2227999995957362
gc_enabled,6323,1.2292999999772292
gc_enabled,6324,1.2835999987146351
gc_enabled,6325,1.2574000011227326
gc_enabled,6326,1.2038000004395144
gc_enabled,6327,1.2642999990930548
gc_enabled,6328,1.3242999993963167
gc_enabled,6329,1.4271000000007916
gc_enabled,6330,1.2265999994269805
gc_enabled,6331,1.2712999996438157
gc_enabled,6332,1.3134999990143115
gc_enabled,6333,1.248100001248531
gc_enabled,6334,1.1775000002671732
gc_enabled,6335,1.211499999044463
gc_enabled,6336,1.222000000780099
gc_enabled,6337,1.275500000701868
gc_enabled,6338,1.244000000951928
gc_enabled,6339,1.1937999988731463
gc_enabled,6340,1.1759999997593695
gc_enabled,6341,1.2700999996013707
gc_enabled,6342,1.2814999990951037
gc_enabled,6343,1.249499999175896
gc_enabled,6344,1.222500000949367
gc_enabled,6345,1.2932999998156447
gc_enabled,6346,1.2394999994285172
gc_enabled,6347,1.2324999988777563
gc_enabled,6348,1.259500000742264
gc_enabled,6349,1.287400000364869
gc_enabled,6350,1.4326000000437489
gc_enabled,6351,1.3035000010859221
gc_enabled,6352,1.385699999445933
gc_enabled,6353,1.3736000000790227
gc_enabled,6354,1.2669999996433035
gc_enabled,6355,1.215599999341066
gc_enabled,6356,1.4260999996622559
gc_enabled,6357,1.3455000007525086
gc_enabled,6358,1.4470999994955491
gc_enabled,6359,1.2768999986292329
gc_enabled,6360,1.2341000001470093
gc_enabled,6361,1.3165000000299187
gc_enabled,6362,1.2420999992173165
gc_enabled,6363,1.2687999987974763
gc_enabled,6364,1.2359000011201715
gc_enabled,6365,1.3538000002881745
gc_enabled,6366,1.2098999995941995
gc_enabled,6367,1.3080999997328036
gc_enabled,6368,1.2764000002789544
gc_enabled,6369,1.261299999896437
gc_enabled,6370,1.1930000000575092
gc_enabled,6371,1.244899998710025
gc_enabled,6372,1.2723999989248114
gc_enabled,6373,1.2362999987090006
gc_enabled,6374,1.390599998558173
gc_enabled,6375,1.2781999994331272
gc_enabled,6376,1.3131999985489529
gc_enabled,6377,1.2292999999772292
gc_enabled,6378,1.251800000318326
gc_enabled,6379,1.2670000014622929
gc_enabled,6380,1.2593000010383548
gc_enabled,6381,1.2476000010792632
gc_enabled,6382,1.2174000003142282
gc_enabled,6383,1.210700000228826
gc_enabled,6384,1.255999999557389
gc_enabled,6385,1.2385999998514308
gc_enabled,6386,1.213899999129353
gc_enabled,6387,1.2618000000657048
gc_enabled,6388,1.3043999988440191
gc_enabled,6389,1.1901999987458112
gc_enabled,6390,1.2764000002789544
gc_enabled,6391,1.2234999994689133
gc_enabled,6392,1.3017999990552198
gc_enabled,6393,1.2100000003556488
gc_enabled,6394,1.2098999995941995
gc_enabled,6395,1.3810000000376021
gc_enabled,6396,1.3042999999015592
gc_enabled,6397,1.2546999987534946
gc_enabled,6398,1.2145999990025302
gc_enabled,6399,1.407699999617762
gc_enabled,6400,1.3133000011293916
gc_enabled,6401,1.4699999992444646
gc_enabled,6402,1.2191000005259411
gc_enabled,6403,1.2004000000160886
gc_enabled,6404,1.180900000690599
gc_enabled,6405,1.2516000006144168
gc_enabled,6406,1.1945999995077727
gc_enabled,6407,1.2160999995103339
gc_enabled,6408,1.5318000005208887
gc_enabled,6409,1.3135000008333009
gc_enabled,6410,1.2074999995093094
gc_enabled,6411,1.1918000000150641
gc_enabled,6412,1.2461999995139195
gc_enabled,6413,1.2891000005765818
gc_enabled,6414,1.1933000005228678
gc_enabled,6415,1.1919000007765135
gc_enabled,6416,1.3187000004108995
gc_enabled,6417,1.4336999993247446
gc_enabled,6418,1.3078000010864343
gc_enabled,6419,1.403900001605507
gc_enabled,6420,1.2397999998938758
gc_enabled,6421,1.2793999994755723
gc_enabled,6422,1.2230000011186348
gc_enabled,6423,1.2133999989600852
gc_enabled,6424,1.1875999989570118
gc_enabled,6425,1.3347000003705034
gc_enabled,6426,1.2667000009969342
gc_enabled,6427,1.1725000003934838
gc_enabled,6428,1.2316000011196593
gc_enabled,6429,1.3698000002477784
gc_enabled,6430,1.2353000001894543
gc_enabled,6431,1.2050000004819594
gc_enabled,6432,1.1913999987882562
gc_enabled,6433,1.2279999991733348
gc_enabled,6434,1.2265999994269805
gc_enabled,6435,1.2888999990536831
gc_enabled,6436,1.2709000002359971
gc_enabled,6437,1.186900000902824
gc_enabled,6438,1.55570000060834
gc_enabled,6439,1.505899999756366
gc_enabled,6440,1.4646999989054166
gc_enabled,6441,1.4886000008118572
gc_enabled,6442,1.4757000008103205
gc_enabled,6443,1.3342999991436955
gc_enabled,6444,1.3747000011790078
gc_enabled,6445,1.245299999936833
gc_enabled,6446,1.2374000016279751
gc_enabled,6447,1.2917000003653811
gc_enabled,6448,2.7111999988846947
gc_enabled,6449,1.247000000148546
gc_enabled,6450,1.2055000006512273
gc_enabled,6451,1.5122000004339498
gc_enabled,6452,1.3881000013498124
gc_enabled,6453,1.24119999964023
gc_enabled,6454,1.5964000012900215
gc_enabled,6455,1.4723000003868947
gc_enabled,6456,1.4160999999148771
gc_enabled,6457,1.3479000008373987
gc_enabled,6458,1.2146999997639796
gc_enabled,6459,1.2141000006522518
gc_enabled,6460,1.3985000005050097
gc_enabled,6461,1.2360999990050914
gc_enabled,6462,1.2901000009151176
gc_enabled,6463,1.165400000900263
gc_enabled,6464,3.206800000043586
gc_enabled,6465,1.3214000009611482
gc_enabled,6466,1.2301000006118556
gc_enabled,6467,1.2611000001925277
gc_enabled,6468,1.2085000016668346
gc_enabled,6469,1.196499999423395
gc_enabled,6470,1.2126000001444481
gc_enabled,6471,1.2459000008675503
gc_enabled,6472,1.2146999997639796
gc_enabled,6473,1.2425999993865844
gc_enabled,6474,1.1978000002272893
gc_enabled,6475,1.3049999997747364
gc_enabled,6476,1.2399000006553251
gc_enabled,6477,1.205300000947318
gc_enabled,6478,1.2841999996453524
gc_enabled,6479,1.2588999998115469
gc_enabled,6480,1.233499999216292
gc_enabled,6481,1.4290999988588737
gc_enabled,6482,1.2884999996458646
gc_enabled,6483,1.3282999989314703
gc_enabled,6484,1.244600000063656
gc_enabled,6485,1.3873999996576458
gc_enabled,6486,1.2993000000278698
gc_enabled,6487,1.3765000003331807
gc_enabled,6488,1.2796999999409309
gc_enabled,6489,1.4115000012679957
gc_enabled,6490,1.2187000011181226
gc_enabled,6491,1.2936000002810033
gc_enabled,6492,1.2462000013329089
gc_enabled,6493,1.280800001040916
gc_enabled,6494,1.311899999564048
gc_enabled,6495,1.3135999997757608
gc_enabled,6496,1.2599000001500826
gc_enabled,6497,1.2307999986660434
gc_enabled,6498,1.2146999997639796
gc_enabled,6499,1.298799999858602
gc_enabled,6500,1.2169000001449604
gc_enabled,6501,1.2254999983269954
gc_enabled,6502,1.2550999999803025
gc_enabled,6503,1.382299999022507
gc_enabled,6504,1.2660999982472276
gc_enabled,6505,1.3108000002830522
gc_enabled,6506,1.2282999996386934
gc_enabled,6507,1.3306999990163604
gc_enabled,6508,1.295100000788807
gc_enabled,6509,1.2772000009135809
gc_enabled,6510,1.2198000003991183
gc_enabled,6511,1.329799999439274
gc_enabled,6512,1.2679999999818392
gc_enabled,6513,1.210600001286366
gc_enabled,6514,1.3115000001562294
gc_enabled,6515,1.2049000015394995
gc_enabled,6516,1.260099999853992
gc_enabled,6517,1.2746000011247816
gc_enabled,6518,1.2757000004057772
gc_enabled,6519,1.2372000001050765
gc_enabled,6520,1.3147999998182058
gc_enabled,6521,1.2981999989278847
gc_enabled,6522,1.3187999993533595
gc_enabled,6523,1.2401999993016943
gc_enabled,6524,1.2028999990434386
gc_enabled,6525,1.4336999993247446
gc_enabled,6526,1.3510999997379258
gc_enabled,6527,1.2420000002748566
gc_enabled,6528,1.2511999993876088
gc_enabled,6529,1.3642000012623612
gc_enabled,6530,1.6018000005715294
gc_enabled,6531,1.471200001105899
gc_enabled,6532,1.4138999995338963
gc_enabled,6533,1.2986999990971526
gc_enabled,6534,1.5580999988742406
gc_enabled,6535,1.3555999994423473
gc_enabled,6536,1.2599000001500826
gc_enabled,6537,1.2800000004062895
gc_enabled,6538,1.3615000007121125
gc_enabled,6539,1.250199999049073
gc_enabled,6540,1.262400000996422
gc_enabled,6541,1.2716000001091743
gc_enabled,6542,1.2769000004482223
gc_enabled,6543,1.232799999343115
gc_enabled,6544,1.2344999995548278
gc_enabled,6545,1.1850999999296619
gc_enabled,6546,1.2336999989202013
gc_enabled,6547,1.2616000003617955
gc_enabled,6548,1.2480000004870817
gc_enabled,6549,1.3302999996085418
gc_enabled,6550,1.2136999994254438
gc_enabled,6551,1.253000000360771
gc_enabled,6552,1.2570999988383846
gc_enabled,6553,1.277999999729218
gc_enabled,6554,1.2158000008639647
gc_enabled,6555,1.2045000003126916
gc_enabled,6556,1.2163999999756925
gc_enabled,6557,1.4807000006840099
gc_enabled,6558,1.2631000008695992
gc_enabled,6559,1.214399999298621
gc_enabled,6560,1.4174000007187715
gc_enabled,6561,3.105699999650824
gc_enabled,6562,1.2728000001516193
gc_enabled,6563,1.2674999998125713
gc_enabled,6564,1.2303999992582249
gc_enabled,6565,1.3586000004579546
gc_enabled,6566,1.2313000006543007
gc_enabled,6567,1.3370000015129335
gc_enabled,6568,1.2864000000263331
gc_enabled,6569,1.576799999384093
gc_enabled,6570,1.3278000005811919
gc_enabled,6571,1.2737999986711657
gc_enabled,6572,1.2613999988388969
gc_enabled,6573,1.5536999999312684
gc_enabled,6574,1.282100000025821
gc_enabled,6575,1.2693000007857336
gc_enabled,6576,1.2306999997235835
gc_enabled,6577,2.930700000433717
gc_enabled,6578,1.287400000364869
gc_enabled,6579,1.4507000014418736
gc_enabled,6580,1.3214000009611482
gc_enabled,6581,1.2115000008634524
gc_enabled,6582,1.2962999990122626
gc_enabled,6583,1.2495999999373453
gc_enabled,6584,1.2405000015860423
gc_enabled,6585,1.2241000003996305
gc_enabled,6586,1.3242999993963167
gc_enabled,6587,1.20499999866297
gc_enabled,6588,1.1802999997598818
gc_enabled,6589,1.2848999995185295
gc_enabled,6590,1.2731999995594379
gc_enabled,6591,1.2590000005729962
gc_enabled,6592,1.2021000002278015
gc_enabled,6593,1.3044999996054685
gc_enabled,6594,2.511200000299141
gc_enabled,6595,1.2032000013277866
gc_enabled,6596,1.365599999189726
gc_enabled,6597,1.2744000014208723
gc_enabled,6598,1.301100001001032
gc_enabled,6599,1.2258999995538034
gc_enabled,6600,1.2353000001894543
gc_enabled,6601,1.2817999995604623
gc_enabled,6602,1.587499999004649
gc_enabled,6603,1.3927999989391537
gc_enabled,6604,1.2712999996438157
gc_enabled,6605,1.2540999996417668
gc_enabled,6606,1.2643999998545041
gc_enabled,6607,1.2554000004456611
gc_enabled,6608,1.2151999999332475
gc_enabled,6609,1.1933999994653277
gc_enabled,6610,2.7116000001115026
gc_enabled,6611,1.4530000007653143
gc_enabled,6612,1.2728999990940792
gc_enabled,6613,1.3072000001557171
gc_enabled,6614,1.4045999996596947
gc_enabled,6615,1.3200000012147939
gc_enabled,6616,1.266600000235485
gc_enabled,6617,1.280300000871648
gc_enabled,6618,1.3314999996509869
gc_enabled,6619,1.235199999428005
gc_enabled,6620,1.2124999993829988
gc_enabled,6621,1.2413000004016794
gc_enabled,6622,1.1842999992950354
gc_enabled,6623,1.5156999997998355
gc_enabled,6624,1.253500000530039
gc_enabled,6625,1.4348999993671896
gc_enabled,6626,1.3148999987606658
gc_enabled,6627,1.27020000036282
gc_enabled,6628,1.244000000951928
gc_enabled,6629,1.2611000001925277
gc_enabled,6630,1.2010999998892657
gc_enabled,6631,1.2091000007785624
gc_enabled,6632,1.3206999992689816
gc_enabled,6633,1.320899998972891
gc_enabled,6634,1.2647999992623227
gc_enabled,6635,1.2475000003178138
gc_enabled,6636,1.2638000007427763
gc_enabled,6637,1.3063999995210906
gc_enabled,6638,1.1955000009038486
gc_enabled,6639,1.2568000001920154
gc_enabled,6640,1.235600000654813
gc_enabled,6641,1.2704000000667293
gc_enabled,6642,1.2745999993057922
gc_enabled,6643,1.217200000610319
gc_enabled,6644,1.209000000017113
gc_enabled,6645,1.2810000007448252
gc_enabled,6646,1.2937999999849126
gc_enabled,6647,1.2790000000677537
gc_enabled,6648,1.3335000003280584
gc_enabled,6649,1.3193000013416167
gc_enabled,6650,1.3127999991411343
gc_enabled,6651,1.2736000007862458
gc_enabled,6652,1.2513999990915181
gc_enabled,6653,1.297599999816157
gc_enabled,6654,1.2725999986287206
gc_enabled,6655,1.468800001021009
gc_enabled,6656,1.2478999997256324
gc_enabled,6657,1.4408000006369548
gc_enabled,6658,1.3106999995216029
gc_enabled,6659,1.3032000006205635
gc_enabled,6660,1.3202000009187032
gc_enabled,6661,1.2406000005285023
gc_enabled,6662,1.2401999993016943
gc_enabled,6663,1.2189999997644918
gc_enabled,6664,1.2616000003617955
gc_enabled,6665,1.2403000000631437
gc_enabled,6666,1.2214999987918418
gc_enabled,6667,1.2480000004870817
gc_enabled,6668,1.411799999914365
gc_enabled,6669,1.2451999991753837
gc_enabled,6670,1.352200000837911
gc_enabled,6671,1.2516000006144168
gc_enabled,6672,1.355399999738438
gc_enabled,6673,1.2361999997665407
gc_enabled,6674,1.2478999997256324
gc_enabled,6675,1.2898999993922189
gc_enabled,6676,1.3748000001214677
gc_enabled,6677,1.2296000004425878
gc_enabled,6678,1.2275999997655163
gc_enabled,6679,1.2095999991288409
gc_enabled,6680,1.3230000004114117
gc_enabled,6681,1.2468000004446367
gc_enabled,6682,1.2138000001868932
gc_enabled,6683,1.2425999993865844
gc_enabled,6684,1.2747000000672415
gc_enabled,6685,1.2138000001868932
gc_enabled,6686,1.2459999998100102
gc_enabled,6687,1.2150000002293382
gc_enabled,6688,1.2965999994776212
gc_enabled,6689,1.2098999995941995
gc_enabled,6690,1.209500000186381
gc_enabled,6691,1.3284999986353796
gc_enabled,6692,1.4054000002943212
gc_enabled,6693,1.2745000003633322
gc_enabled,6694,1.303600000028382
gc_enabled,6695,1.388500000757631
gc_enabled,6696,1.3005000000703149
gc_enabled,6697,1.2721000002784422
gc_enabled,6698,1.260799999727169
gc_enabled,6699,1.5834999994694954
gc_enabled,6700,1.2982000007468741
gc_enabled,6701,1.3808999992761528
gc_enabled,6702,1.3287999991007382
gc_enabled,6703,1.3323999992280733
gc_enabled,6704,1.3015999993513105
gc_enabled,6705,1.2450000012904638
gc_enabled,6706,1.1918000000150641
gc_enabled,6707,2.8710999995382736
gc_enabled,6708,1.2497999996412545
gc_enabled,6709,1.2031000005663373
gc_enabled,6710,1.2771999990945915
gc_enabled,6711,1.3247000006231247
gc_enabled,6712,1.3889999991079094
gc_enabled,6713,2.2388000015780563
gc_enabled,6714,2.3939999991853256
gc_enabled,6715,2.5069999992410885
gc_enabled,6716,2.100899999277317
gc_enabled,6717,1.3540999989345437
gc_enabled,6718,1.3495000002876623
gc_enabled,6719,1.3956000002508517
gc_enabled,6720,1.427999999577878
gc_enabled,6721,1.2569999998959247
gc_enabled,6722,1.3280000002851011
gc_enabled,6723,2.9341999997996027
gc_enabled,6724,1.345700000456418
gc_enabled,6725,1.2397999998938758
gc_enabled,6726,1.2754999988828786
gc_enabled,6727,1.2771999990945915
gc_enabled,6728,1.2141999995947117
gc_enabled,6729,1.2357999985397328
gc_enabled,6730,1.3056000007054536
gc_enabled,6731,1.284900001337519
gc_enabled,6732,1.2520000000222353
gc_enabled,6733,1.3435000000754371
gc_enabled,6734,1.3047000011283671
gc_enabled,6735,1.3192999995226273
gc_enabled,6736,1.2247999984538183
gc_enabled,6737,1.3025999996898463
gc_enabled,6738,1.3267000013001962
gc_enabled,6739,1.2810999996872852
gc_enabled,6740,1.3085999999020714
gc_enabled,6741,1.5062000002217246
gc_enabled,6742,1.3734999993175734
gc_enabled,6743,1.2778000000253087
gc_enabled,6744,1.3552000000345288
gc_enabled,6745,1.3928000007581431
gc_enabled,6746,1.3302999996085418
gc_enabled,6747,1.2948000003234483
gc_enabled,6748,1.2621999994735233
gc_enabled,6749,1.2638000007427763
gc_enabled,6750,1.592799999343697
gc_enabled,6751,1.3503999998647487
gc_enabled,6752,1.2972999993507983
gc_enabled,6753,1.5591999999742256
gc_enabled,6754,1.4055999999982305
gc_enabled,6755,1.2560000013763783
gc_enabled,6756,1.3968000002932968
gc_enabled,6757,1.4756000000488712
gc_enabled,6758,1.3402000004134607
gc_enabled,6759,1.2748999997711508
gc_enabled,6760,1.3599999983853195
gc_enabled,6761,1.3283000007504597
gc_enabled,6762,1.2969999988854397
gc_enabled,6763,1.3295999997353647
gc_enabled,6764,1.3001000006624963
gc_enabled,6765,1.2169999990874203
gc_enabled,6766,1.3646999996126397
gc_enabled,6767,1.2805000005755574
gc_enabled,6768,1.26780000027793
gc_enabled,6769,1.280399999814108
gc_enabled,6770,1.1634999991656514
gc_enabled,6771,1.3031000016781036
gc_enabled,6772,1.2956999999005347
gc_enabled,6773,1.3768999997409992
gc_enabled,6774,1.262400000996422
gc_enabled,6775,1.3214000009611482
gc_enabled,6776,1.242800000909483
gc_enabled,6777,1.2394000004860573
gc_enabled,6778,1.2607000007847091
gc_enabled,6779,1.4554999997926643
gc_enabled,6780,1.3296999986778246
gc_enabled,6781,1.282799999898998
gc_enabled,6782,1.356599999780883
gc_enabled,6783,1.5371000008599367
gc_enabled,6784,1.4147000001685228
gc_enabled,6785,1.31139999939478
gc_enabled,6786,1.336200000878307
gc_enabled,6787,1.4805999999225605
gc_enabled,6788,1.3021000013395678
gc_enabled,6789,1.3135000008333009
gc_enabled,6790,1.3343999999051448
gc_enabled,6791,1.2434000000212109
gc_enabled,6792,1.191000001199427
gc_enabled,6793,1.201700000819983
gc_enabled,6794,1.2841999996453524
gc_enabled,6795,1.283999999941443
gc_enabled,6796,1.2943000001541805
gc_enabled,6797,1.198800000565825
gc_enabled,6798,1.2509999996836996
gc_enabled,6799,1.2534999987110496
gc_enabled,6800,1.253199998245691
gc_enabled,6801,1.2505999984568916
gc_enabled,6802,1.278400000956026
gc_enabled,6803,1.289300000280491
gc_enabled,6804,1.2971000014658784
gc_enabled,6805,1.2370999993436271
gc_enabled,6806,1.379899998937617
gc_enabled,6807,1.3340999994397862
gc_enabled,6808,1.2514999998529674
gc_enabled,6809,1.416600000084145
gc_enabled,6810,1.342300000032992
gc_enabled,6811,1.2260999992577126
gc_enabled,6812,1.2509999996836996
gc_enabled,6813,1.2391999989631586
gc_enabled,6814,1.3486000007105758
gc_enabled,6815,1.269400001547183
gc_enabled,6816,1.1873999992531026
gc_enabled,6817,1.264800001081312
gc_enabled,6818,1.3567999994847924
gc_enabled,6819,1.282799999898998
gc_enabled,6820,1.2538999999378575
gc_enabled,6821,1.3204999995650724
gc_enabled,6822,1.4212000005500158
gc_enabled,6823,1.2850999992224388
gc_enabled,6824,1.2243000001035398
gc_enabled,6825,1.326100000369479
gc_enabled,6826,1.2513000001490582
gc_enabled,6827,1.4677999988634838
gc_enabled,6828,1.3383999994402984
gc_enabled,6829,1.5614999992976664
gc_enabled,6830,1.351899998553563
gc_enabled,6831,1.30410000019765
gc_enabled,6832,1.327700001638732
gc_enabled,6833,1.3445999993564328
gc_enabled,6834,1.2145000000600703
gc_enabled,6835,1.2915999996039318
gc_enabled,6836,1.2178999986645067
gc_enabled,6837,2.8978999998798827
gc_enabled,6838,1.2590999995154561
gc_enabled,6839,1.2860999995609745
gc_enabled,6840,1.2593999999808148
gc_enabled,6841,1.3197000007494353
gc_enabled,6842,1.291099999434664
gc_enabled,6843,1.368900000670692
gc_enabled,6844,1.2817000006180024
gc_enabled,6845,1.4353000005939975
gc_enabled,6846,1.3658999996550847
gc_enabled,6847,1.2943000001541805
gc_enabled,6848,1.2474999984988244
gc_enabled,6849,1.3156999993952923
gc_enabled,6850,1.2492999994719867
gc_enabled,6851,1.2366999999358086
gc_enabled,6852,1.2981999989278847
gc_enabled,6853,2.9394999983196612
gc_enabled,6854,1.226899999892339
gc_enabled,6855,1.248600001417799
gc_enabled,6856,1.2449999994714744
gc_enabled,6857,1.3044999996054685
gc_enabled,6858,1.2294000007386785
gc_enabled,6859,1.2318999997660285
gc_enabled,6860,1.3323999992280733
gc_enabled,6861,1.2400000014167745
gc_enabled,6862,1.2378999999782536
gc_enabled,6863,1.2678999992203899
gc_enabled,6864,1.5122000004339498
gc_enabled,6865,1.4878999991196906
gc_enabled,6866,1.6271000004053349
gc_enabled,6867,1.5277000002242858
gc_enabled,6868,1.6716000009182608
gc_enabled,6869,1.4406999998755055
gc_enabled,6870,1.5867999991314718
gc_enabled,6871,1.4339999997901032
gc_enabled,6872,1.7000999996525934
gc_enabled,6873,1.4991000007285038
gc_enabled,6874,1.475300001402502
gc_enabled,6875,1.5074000002641696
gc_enabled,6876,1.6499000012117904
gc_enabled,6877,1.5812000001460547
gc_enabled,6878,1.471200001105899
gc_enabled,6879,1.836100000218721
gc_enabled,6880,1.675999999861233
gc_enabled,6881,1.584999999977299
gc_enabled,6882,1.5507999996771105
gc_enabled,6883,1.4455999989877455
gc_enabled,6884,1.63310000061756
gc_enabled,6885,1.5205999989120755
gc_enabled,6886,1.6118000003189081
gc_enabled,6887,1.5430000003107125
gc_enabled,6888,1.8202999999630265
gc_enabled,6889,1.5297999998438172
gc_enabled,6890,1.5206999996735249
gc_enabled,6891,1.5619000005244743
gc_enabled,6892,1.562200000989833
gc_enabled,6893,1.7017999998643063
gc_enabled,6894,1.5521000004810048
gc_enabled,6895,1.4406999998755055
gc_enabled,6896,1.6728999999031657
gc_enabled,6897,1.4943999995011836
gc_enabled,6898,1.4738000008946983
gc_enabled,6899,1.4140000002953457
gc_enabled,6900,1.5670999982830836
gc_enabled,6901,1.4151000013953308
gc_enabled,6902,1.7528000007587252
gc_enabled,6903,1.5060999994602753
gc_enabled,6904,1.5161999999691034
gc_enabled,6905,1.4535999998770421
gc_enabled,6906,1.3995999997860054
gc_enabled,6907,1.9333000000187894
gc_enabled,6908,1.5799000011611497
gc_enabled,6909,2.341899999009911
gc_enabled,6910,1.576899998326553
gc_enabled,6911,2.406100000371225
gc_enabled,6912,1.5996999991330085
gc_enabled,6913,2.0492000003287103
gc_enabled,6914,1.6354999988834606
gc_enabled,6915,1.95979999989504
gc_enabled,6916,1.5934999992168741
gc_enabled,6917,1.5156999997998355
gc_enabled,6918,4.278800000975025
gc_enabled,6919,1.6467000004922738
gc_enabled,6920,1.7745000004651956
gc_enabled,6921,1.521300000604242
gc_enabled,6922,1.5516999992541969
gc_enabled,6923,1.651000000492786
gc_enabled,6924,1.5905000000202563
gc_enabled,6925,1.7249000011361204
gc_enabled,6926,1.5832000008231262
gc_enabled,6927,1.959299999725772
gc_enabled,6928,1.726099999359576
gc_enabled,6929,1.4997999987826915
gc_enabled,6930,1.5793000002304325
gc_enabled,6931,1.561700000820565
gc_enabled,6932,1.5057000000524567
gc_enabled,6933,1.5000000003055902
gc_enabled,6934,1.7050999995262828
gc_enabled,6935,1.5103000005183276
gc_enabled,6936,1.7398999989381991
gc_enabled,6937,1.4937000014469959
gc_enabled,6938,1.4950999993743608
gc_enabled,6939,1.5616000000591157
gc_enabled,6940,1.5481999998883111
gc_enabled,6941,1.388500000757631
gc_enabled,6942,1.3646999996126397
gc_enabled,6943,1.6341000009560958
gc_enabled,6944,1.6580999999860069
gc_enabled,6945,1.423899999281275
gc_enabled,6946,1.5363000002253102
gc_enabled,6947,1.4252999990276294
gc_enabled,6948,1.8825999995897291
gc_enabled,6949,1.520199999504257
gc_enabled,6950,1.4680000003863825
gc_enabled,6951,1.4857000005576992
gc_enabled,6952,1.540999999633641
gc_enabled,6953,1.6555999991396675
gc_enabled,6954,1.5084999995451653
gc_enabled,6955,1.4726999997947132
gc_enabled,6956,1.398299998982111
gc_enabled,6957,1.4489999994111713
gc_enabled,6958,1.3115000001562294
gc_enabled,6959,1.4372000005096197
gc_enabled,6960,1.7284000005020062
gc_enabled,6961,1.5232999994623242
gc_enabled,6962,1.3585999986389652
gc_enabled,6963,1.4142999989417149
gc_enabled,6964,1.4480999998340849
gc_enabled,6965,1.4645999999629566
gc_enabled,6966,1.2919000000692904
gc_enabled,6967,1.3328000004548812
gc_enabled,6968,1.3656000010087155
gc_enabled,6969,1.5007000001787674
gc_enabled,6970,1.341099999990547
gc_enabled,6971,1.5815000006114133
gc_enabled,6972,1.314299999648938
gc_enabled,6973,1.3347999993129633
gc_enabled,6974,1.2369000014587073
gc_enabled,6975,1.3842999996995786
gc_enabled,6976,1.254700000572484
gc_enabled,6977,1.2263000007806113
gc_enabled,6978,1.2283000014576828
gc_enabled,6979,1.2630999990506098
gc_enabled,6980,1.3318999990588054
gc_enabled,6981,1.2339000004431
gc_enabled,6982,1.219699999637669
gc_enabled,6983,3.0227999995986465
gc_enabled,6984,1.4611999995395308
gc_enabled,6985,1.3767999989795499
gc_enabled,6986,1.354199999695993
gc_enabled,6987,1.473700000133249
gc_enabled,6988,1.3289999988046475
gc_enabled,6989,1.4286999994510552
gc_enabled,6990,1.3703999993595062
gc_enabled,6991,1.4312000002973946
gc_enabled,6992,1.5713000011601252
gc_enabled,6993,1.5606000015395693
gc_enabled,6994,1.5017000005173031
gc_enabled,6995,1.6864999997778796
gc_enabled,6996,1.5371999998023966
gc_enabled,6997,1.3266999994812068
gc_enabled,6998,1.4092000001255656
gc_enabled,6999,3.0898999993951293
gc_enabled,7000,1.5276000012818258
gc_enabled,7001,1.3347999993129633
gc_enabled,7002,1.5829000003577676
gc_enabled,7003,1.6047999997681472
gc_enabled,7004,1.3865000000805594
gc_enabled,7005,1.3693000000785105
gc_enabled,7006,1.5910000001895241
gc_enabled,7007,1.656399999774294
gc_enabled,7008,1.5098000003490597
gc_enabled,7009,1.3453000010485994
gc_enabled,7010,1.682900001469534
gc_enabled,7011,1.4592999996239087
gc_enabled,7012,1.6639999994367827
gc_enabled,7013,1.6891000013856683
gc_enabled,7014,1.5680000014981488
gc_enabled,7015,1.6133000008267118
gc_enabled,7016,1.5068000011524418
gc_enabled,7017,1.5072000005602604
gc_enabled,7018,1.4074999999138527
gc_enabled,7019,1.3939000000391388
gc_enabled,7020,1.4690999996673781
gc_enabled,7021,1.5346000000135973
gc_enabled,7022,1.6603000003669877
gc_enabled,7023,1.4413999997486826
gc_enabled,7024,1.4895999993314035
gc_enabled,7025,1.3948000014352147
gc_enabled,7026,1.4678999996249331
gc_enabled,7027,1.4470999994955491
gc_enabled,7028,1.3457999993988778
gc_enabled,7029,1.5102999986993382
gc_enabled,7030,1.6274999998131534
gc_enabled,7031,1.3670999996975297
gc_enabled,7032,1.4139000013528857
gc_enabled,7033,1.4914999992470257
gc_enabled,7034,1.5611999988323078
gc_enabled,7035,1.457400001527276
gc_enabled,7036,1.6429999996034894
gc_enabled,7037,1.4812999997957377
gc_enabled,7038,1.4420000006793998
gc_enabled,7039,1.4631000012741424
gc_enabled,7040,1.317800000833813
gc_enabled,7041,1.3718999998673098
gc_enabled,7042,1.3920000001235167
gc_enabled,7043,1.3413999986369163
gc_enabled,7044,1.352999999653548
gc_enabled,7045,1.4715999986947281
gc_enabled,7046,1.6288000006170478
gc_enabled,7047,1.5038000001368346
gc_enabled,7048,1.4211999987310264
gc_enabled,7049,1.6610000002401648
gc_enabled,7050,1.4704000004712725
gc_enabled,7051,1.5986999987944728
gc_enabled,7052,1.4730000002600718
gc_enabled,7053,1.534400000309688
gc_enabled,7054,2.610899999126559
gc_enabled,7055,3.002199999173172
gc_enabled,7056,1.5335000007326016
gc_enabled,7057,1.9511999998940155
gc_enabled,7058,1.5943999987939605
gc_enabled,7059,1.7460999988543335
gc_enabled,7060,1.5464000007341383
gc_enabled,7061,1.6923999992286554
gc_enabled,7062,1.555999999254709
gc_enabled,7063,1.4759999994566897
gc_enabled,7064,1.4260999996622559
gc_enabled,7065,1.6142000004037982
gc_enabled,7066,1.3762000016868114
gc_enabled,7067,1.793299999917508
gc_enabled,7068,1.3661000011779834
gc_enabled,7069,2.265899998747045
gc_enabled,7070,1.48799999988114
gc_enabled,7071,1.3628000015160069
gc_enabled,7072,1.52909999997064
gc_enabled,7073,1.460500001485343
gc_enabled,7074,1.489199999923585
gc_enabled,7075,1.344099999187165
gc_enabled,7076,1.702100000329665
gc_enabled,7077,1.6990999993140576
gc_enabled,7078,1.4694999990751967
gc_enabled,7079,1.3050999987171963
gc_enabled,7080,1.7012000007525785
gc_enabled,7081,1.4263000011851545
gc_enabled,7082,1.2394999994285172
gc_enabled,7083,1.306099999055732
gc_enabled,7084,1.2781000004906673
gc_enabled,7085,1.432099999874481
gc_enabled,7086,1.2426000012055738
gc_enabled,7087,1.7124999994848622
gc_enabled,7088,1.3348000011319527
gc_enabled,7089,1.2533999997685896
gc_enabled,7090,1.280499998756568
gc_enabled,7091,1.2435000007826602
gc_enabled,7092,1.9305000005260808
gc_enabled,7093,1.2455999985832023
gc_enabled,7094,2.359799998885137
gc_enabled,7095,1.4467000000877306
gc_enabled,7096,3.4580999999889173
gc_enabled,7097,1.2776999992638594
gc_enabled,7098,1.5984999990905635
gc_enabled,7099,1.245299999936833
gc_enabled,7100,1.2889999998151325
gc_enabled,7101,1.2701999985438306
gc_enabled,7102,1.253599999472499
gc_enabled,7103,1.2593999999808148
gc_enabled,7104,1.2912000001961133
gc_enabled,7105,1.2280999999347841
gc_enabled,7106,1.2199000011605676
gc_enabled,7107,1.2843000004068017
gc_enabled,7108,1.2864000000263331
gc_enabled,7109,1.2391999989631586
gc_enabled,7110,1.2798999996448401
gc_enabled,7111,1.1868999990838347
gc_enabled,7112,3.461300000708434
gc_enabled,7113,1.2435000007826602
gc_enabled,7114,1.4535999998770421
gc_enabled,7115,1.279199999771663
gc_enabled,7116,1.2369000014587073
gc_enabled,7117,1.3526000002457295
gc_enabled,7118,1.1878000004799105
gc_enabled,7119,1.348899999356945
gc_enabled,7120,1.2833999990107259
gc_enabled,7121,2.073200001177611
gc_enabled,7122,1.296399999773712
gc_enabled,7123,1.2138000001868932
gc_enabled,7124,1.254200000403216
gc_enabled,7125,1.2932000008731848
gc_enabled,7126,1.2995000015507685
gc_enabled,7127,1.186999999845284
gc_enabled,7128,1.6402000001107808
gc_enabled,7129,2.464200000758865
gc_enabled,7130,1.2096999998902902
gc_enabled,7131,1.2548999984574039
gc_enabled,7132,1.2733000003208872
gc_enabled,7133,1.2888000001112232
gc_enabled,7134,1.2030000016238773
gc_enabled,7135,1.3980000003357418
gc_enabled,7136,1.516000000265194
gc_enabled,7137,2.0578000003297348
gc_enabled,7138,1.2819999992643716
gc_enabled,7139,1.23879999955534
gc_enabled,7140,1.266100000066217
gc_enabled,7141,1.30899999930989
gc_enabled,7142,1.2199000011605676
gc_enabled,7143,1.2234000005264534
gc_enabled,7144,1.204199999847333
gc_enabled,7145,2.6376999994681682
gc_enabled,7146,1.213000001371256
gc_enabled,7147,1.2154999985796167
gc_enabled,7148,1.2741999998979736
gc_enabled,7149,1.1957000006077578
gc_enabled,7150,1.2329999990470242
gc_enabled,7151,1.6362000005756272
gc_enabled,7152,1.260799999727169
gc_enabled,7153,1.2330999998084735
gc_enabled,7154,1.2964000015927013
gc_enabled,7155,1.2056000014126766
gc_enabled,7156,1.3930999994045123
gc_enabled,7157,1.2040000001434237
gc_enabled,7158,1.3897999997425359
gc_enabled,7159,1.2026000003970694
gc_enabled,7160,1.3354000002436806
gc_enabled,7161,1.3068999996903585
gc_enabled,7162,1.2478999997256324
gc_enabled,7163,1.3966999995318474
gc_enabled,7164,1.2830000014218967
gc_enabled,7165,1.2814000001526438
gc_enabled,7166,1.2325000006967457
gc_enabled,7167,1.414899999872432
gc_enabled,7168,1.3466000000335043
gc_enabled,7169,1.2168000012025004
gc_enabled,7170,1.2313000006543007
gc_enabled,7171,1.1961000000155764
gc_enabled,7172,1.2870999998995103
gc_enabled,7173,1.2602999995579012
gc_enabled,7174,1.3135999997757608
gc_enabled,7175,1.2871999988419702
gc_enabled,7176,1.6214000006584683
gc_enabled,7177,1.2532000000646804
gc_enabled,7178,2.2146999999677064
gc_enabled,7179,1.2945999988005497
gc_enabled,7180,1.3058999993518228
gc_enabled,7181,1.3035000010859221
gc_enabled,7182,1.2127999998483574
gc_enabled,7183,1.5398000014101854
gc_enabled,7184,1.4632000002166023
gc_enabled,7185,1.3613000010082033
gc_enabled,7186,1.2921999987156596
gc_enabled,7187,1.99110000176006
gc_enabled,7188,1.2705999997706385
gc_enabled,7189,1.2004000000160886
gc_enabled,7190,1.2889999998151325
gc_enabled,7191,1.2279000002308749
gc_enabled,7192,1.2750000005326
gc_enabled,7193,1.2067000006936723
gc_enabled,7194,1.954499999555992
gc_enabled,7195,1.2805000005755574
gc_enabled,7196,1.230300000315765
gc_enabled,7197,1.2561000003188383
gc_enabled,7198,1.2390000010782387
gc_enabled,7199,1.382799999191775
gc_enabled,7200,1.2269000017113285
gc_enabled,7201,1.2752999991789693
gc_enabled,7202,1.2538999999378575
gc_enabled,7203,2.065600001515122
gc_enabled,7204,1.457700000173645
gc_enabled,7205,1.2459999998100102
gc_enabled,7206,1.2798999996448401
gc_enabled,7207,1.3124999986757757
gc_enabled,7208,1.3395000005402835
gc_enabled,7209,1.194799999211682
gc_enabled,7210,1.2743999996018829
gc_enabled,7211,1.2735000000247965
gc_enabled,7212,2.10010000046168
gc_enabled,7213,1.2728000001516193
gc_enabled,7214,1.3467000007949537
gc_enabled,7215,1.373700000840472
gc_enabled,7216,1.3503999998647487
gc_enabled,7217,1.2716000001091743
gc_enabled,7218,1.2882000009994954
gc_enabled,7219,1.3787000007141614
gc_enabled,7220,1.3245999998616753
gc_enabled,7221,1.3922000016464153
gc_enabled,7222,1.229399998919689
gc_enabled,7223,1.3140000010025688
gc_enabled,7224,1.2356999995972728
gc_enabled,7225,1.210799999171286
gc_enabled,7226,1.2138000001868932
gc_enabled,7227,1.1999999987892807
gc_enabled,7228,1.2346000003162771
gc_enabled,7229,1.213100000313716
gc_enabled,7230,1.920599999721162
gc_enabled,7231,1.1907999996765284
gc_enabled,7232,1.2590999995154561
gc_enabled,7233,1.2549000002763933
gc_enabled,7234,1.2853000007453375
gc_enabled,7235,1.2091999997210223
gc_enabled,7236,1.2177000007795868
gc_enabled,7237,1.4783000005991198
gc_enabled,7238,1.2805000005755574
gc_enabled,7239,1.2346000003162771
gc_enabled,7240,1.259500000742264
gc_enabled,7241,1.233499999216292
gc_enabled,7242,2.8603000009752577
gc_enabled,7243,1.2217999992572004
gc_enabled,7244,1.4614000010624295
gc_enabled,7245,1.2493999984144466
gc_enabled,7246,1.2950999989698175
gc_enabled,7247,1.2795000002370216
gc_enabled,7248,1.252300000487594
gc_enabled,7249,1.2381999986246228
gc_enabled,7250,1.344799999060342
gc_enabled,7251,1.2360000000626314
gc_enabled,7252,1.2707999994745478
gc_enabled,7253,1.534900000478956
gc_enabled,7254,1.4796999985264847
gc_enabled,7255,1.2545999998110346
gc_enabled,7256,1.246499999979278
gc_enabled,7257,1.2324999988777563
gc_enabled,7258,3.1822000000829576
gc_enabled,7259,1.2917000003653811
gc_enabled,7260,1.2917000003653811
gc_enabled,7261,1.4036000011401484
gc_enabled,7262,1.6238000007433584
gc_enabled,7263,1.2937999999849126
gc_enabled,7264,1.5495999996346654
gc_enabled,7265,1.3613999999506632
gc_enabled,7266,1.2757999993482372
gc_enabled,7267,1.277900000786758
gc_enabled,7268,1.2318000008235686
gc_enabled,7269,1.2870000009570504
gc_enabled,7270,1.2427000001480337
gc_enabled,7271,1.2666999991779448
gc_enabled,7272,1.2406999994709622
gc_enabled,7273,1.2979000002815155
gc_enabled,7274,1.1795999998867046
gc_enabled,7275,1.2646999985008733
gc_enabled,7276,1.2306000007811235
gc_enabled,7277,1.2944999998580897
gc_enabled,7278,1.332699999693432
gc_enabled,7279,1.2010999998892657
gc_enabled,7280,1.292299999477109
gc_enabled,7281,1.5000000003055902
gc_enabled,7282,1.3046000003669178
gc_enabled,7283,1.2483999998949002
gc_enabled,7284,1.3127000001986744
gc_enabled,7285,1.329399998212466
gc_enabled,7286,1.528400000097463
gc_enabled,7287,1.877700000477489
gc_enabled,7288,1.3030000009166542
gc_enabled,7289,1.3109000010445016
gc_enabled,7290,1.3288999998621875
gc_enabled,7291,1.2812999993911944
gc_enabled,7292,1.4774999999644933
gc_enabled,7293,1.356599999780883
gc_enabled,7294,1.4964000001782551
gc_enabled,7295,1.3226999999460531
gc_enabled,7296,1.4078999993216712
gc_enabled,7297,1.2478999997256324
gc_enabled,7298,1.6448000005766517
gc_enabled,7299,1.294699999561999
gc_enabled,7300,1.2230000011186348
gc_enabled,7301,1.2609000004886184
gc_enabled,7302,1.3581000002886867
gc_enabled,7303,1.2311999998928513
gc_enabled,7304,1.186999999845284
gc_enabled,7305,1.8219000012322795
gc_enabled,7306,1.3245999998616753
gc_enabled,7307,1.1873999992531026
gc_enabled,7308,1.239999999597785
gc_enabled,7309,1.321599998846068
gc_enabled,7310,1.3526000002457295
gc_enabled,7311,1.185899998745299
gc_enabled,7312,1.3755999989371048
gc_enabled,7313,1.1998999998468207
gc_enabled,7314,1.262499999938882
gc_enabled,7315,1.1819000010291347
gc_enabled,7316,1.226899999892339
gc_enabled,7317,1.2452000009943731
gc_enabled,7318,1.2829000006604474
gc_enabled,7319,1.7606000001251232
gc_enabled,7320,1.2097999988327501
gc_enabled,7321,2.172200000131852
gc_enabled,7322,2.512199998818687
gc_enabled,7323,2.7841999999509426
gc_enabled,7324,1.9446000005700625
gc_enabled,7325,1.4627000000473345
gc_enabled,7326,1.2588999998115469
gc_enabled,7327,1.2050999994244194
gc_enabled,7328,1.221300000906922
gc_enabled,7329,1.2550000010378426
gc_enabled,7330,1.2026999993395293
gc_enabled,7331,1.829699998779688
gc_enabled,7332,1.2930000011692755
gc_enabled,7333,1.523099999758415
gc_enabled,7334,1.2434000000212109
gc_enabled,7335,1.211900000271271
gc_enabled,7336,1.399800001308904
gc_enabled,7337,1.3185000007069902
gc_enabled,7338,1.280899999983376
gc_enabled,7339,1.1802000008174218
gc_enabled,7340,1.337499999863212
gc_enabled,7341,1.3682000007975148
gc_enabled,7342,1.5038000001368346
gc_enabled,7343,1.290500000322936
gc_enabled,7344,1.2210000004415633
gc_enabled,7345,1.2818000013794517
gc_enabled,7346,1.2218000010761898
gc_enabled,7347,1.1943999998038635
gc_enabled,7348,1.2110999996366445
gc_enabled,7349,1.7738999995344784
gc_enabled,7350,1.187500000014552
gc_enabled,7351,1.2195999988762196
gc_enabled,7352,1.2219000000186497
gc_enabled,7353,1.357000001007691
gc_enabled,7354,1.2332000005699228
gc_enabled,7355,1.214399999298621
gc_enabled,7356,1.9758999987971038
gc_enabled,7357,1.2334000002738321
gc_enabled,7358,1.2318999997660285
gc_enabled,7359,1.2525000001915032
gc_enabled,7360,1.281199998629745
gc_enabled,7361,1.2599000001500826
gc_enabled,7362,1.2587000001076376
gc_enabled,7363,1.3335999992705183
gc_enabled,7364,1.3073999998596264
gc_enabled,7365,1.1926000006496906
gc_enabled,7366,1.2617000011232449
gc_enabled,7367,1.3025999996898463
gc_enabled,7368,1.5048999994178303
gc_enabled,7369,1.3390999993134756
gc_enabled,7370,1.248200000190991
gc_enabled,7371,1.2469999983295565
gc_enabled,7372,3.2422000003862195
gc_enabled,7373,1.3524000005418202
gc_enabled,7374,1.8992999994225102
gc_enabled,7375,1.2863000010838732
gc_enabled,7376,1.301999998759129
gc_enabled,7377,1.2991000003239606
gc_enabled,7378,1.2813000012101838
gc_enabled,7379,1.3006999997742241
gc_enabled,7380,1.3392999990173848
gc_enabled,7381,1.4910000008967472
gc_enabled,7382,1.2426000012055738
gc_enabled,7383,1.2502999998105224
gc_enabled,7384,1.3770999994449085
gc_enabled,7385,1.2745000003633322
gc_enabled,7386,1.2263000007806113
gc_enabled,7387,1.2602000006154412
gc_enabled,7388,2.9654999998456333
gc_enabled,7389,1.2455999985832023
gc_enabled,7390,1.8209999998362036
gc_enabled,7391,1.3035000010859221
gc_enabled,7392,1.2456999993446516
gc_enabled,7393,1.2415999990480486
gc_enabled,7394,1.1920999986614333
gc_enabled,7395,1.2687999987974763
gc_enabled,7396,1.2021999991702614
gc_enabled,7397,1.2638999996852363
gc_enabled,7398,1.216799999383511
gc_enabled,7399,1.306900001509348
gc_enabled,7400,1.2236000002303626
gc_enabled,7401,1.2112000003980938
gc_enabled,7402,1.254700000572484
gc_enabled,7403,1.2824000004911795
gc_enabled,7404,1.6073999995569466
gc_enabled,7405,1.284099998883903
gc_enabled,7406,1.64039999981469
gc_enabled,7407,1.2993999989703298
gc_enabled,7408,1.3079000000288943
gc_enabled,7409,1.4004999993630918
gc_enabled,7410,1.2483999998949002
gc_enabled,7411,1.327399999354384
gc_enabled,7412,1.314999999522115
gc_enabled,7413,1.8187999994552229
gc_enabled,7414,1.247799998964183
gc_enabled,7415,1.2851999999838881
gc_enabled,7416,1.329700000496814
gc_enabled,7417,1.263600001038867
gc_enabled,7418,1.2178999986645067
gc_enabled,7419,1.3021999984630384
gc_enabled,7420,1.5453000014531426
gc_enabled,7421,1.3027000004512956
gc_enabled,7422,1.8892999996751314
gc_enabled,7423,1.343200001429068
gc_enabled,7424,1.3436000008368865
gc_enabled,7425,1.224999999976717
gc_enabled,7426,1.3217000014265068
gc_enabled,7427,1.302399999985937
gc_enabled,7428,1.2525000001915032
gc_enabled,7429,1.4360999994096346
gc_enabled,7430,1.2509999996836996
gc_enabled,7431,1.3039000004937407
gc_enabled,7432,1.2579000012920005
gc_enabled,7433,1.2324999988777563
gc_enabled,7434,1.2301000006118556
gc_enabled,7435,1.2984999993932433
gc_enabled,7436,1.2314999985392205
gc_enabled,7437,1.2366999999358086
gc_enabled,7438,1.3637000010930933
gc_enabled,7439,1.301199999943492
gc_enabled,7440,1.2075999984517694
gc_enabled,7441,1.3144000004103873
gc_enabled,7442,1.2696000012510922
gc_enabled,7443,1.294699999561999
gc_enabled,7444,1.2339000004431
gc_enabled,7445,1.8103000002156477
gc_enabled,7446,2.3416999993060017
gc_enabled,7447,2.026599999226164
gc_enabled,7448,1.85080000119342
gc_enabled,7449,1.9480999999359483
gc_enabled,7450,1.9779999984166352
gc_enabled,7451,1.8062999988615047
gc_enabled,7452,1.8084000003000256
gc_enabled,7453,1.8658000008144882
gc_enabled,7454,1.8677999996725703
gc_enabled,7455,1.8213000003015622
gc_enabled,7456,1.8882999993365956
gc_enabled,7457,1.8083000013575656
gc_enabled,7458,1.8699000011110911
gc_enabled,7459,2.0003000008728122
gc_enabled,7460,1.8918000005214708
gc_enabled,7461,1.8123999998351792
gc_enabled,7462,1.877700000477489
gc_enabled,7463,2.2064000004320405
gc_enabled,7464,1.3575999983004294
gc_enabled,7465,1.2255999990884447
gc_enabled,7466,1.358700001219404
gc_enabled,7467,1.2059000000590459
gc_enabled,7468,1.2005999997199979
gc_enabled,7469,1.2607000007847091
gc_enabled,7470,1.274300000659423
gc_enabled,7471,1.4955999995436287
gc_enabled,7472,1.8049999998765998
gc_enabled,7473,1.338699999905657
gc_enabled,7474,1.540999999633641
gc_enabled,7475,1.3254999994387617
gc_enabled,7476,1.232799999343115
gc_enabled,7477,1.202900000862428
gc_enabled,7478,1.2028000001009787
gc_enabled,7479,1.308200000494253
gc_enabled,7480,1.2205000002722954
gc_enabled,7481,1.3538999992306344
gc_enabled,7482,1.2458999990485609
gc_enabled,7483,1.3094999994791579
gc_enabled,7484,1.2707000005320879
gc_enabled,7485,1.187400001072092
gc_enabled,7486,1.2487000003602589
gc_enabled,7487,1.3424000007944414
gc_enabled,7488,1.7780999987735413
gc_enabled,7489,1.2198000003991183
gc_enabled,7490,1.1990000002697343
gc_enabled,7491,1.3016000011703
gc_enabled,7492,1.2165999996796018
gc_enabled,7493,1.2430000006133923
gc_enabled,7494,1.1850999999296619
gc_enabled,7495,1.6042999995988794
gc_enabled,7496,1.2475999992602738
gc_enabled,7497,1.234699999258737
gc_enabled,7498,1.2103999997634673
gc_enabled,7499,1.430800000889576
gc_enabled,7500,1.2461000005714595
gc_enabled,7501,1.1981999996351078
gc_enabled,7502,1.248200000190991
gc_enabled,7503,1.376199999867822
gc_enabled,7504,1.9322999996802537
gc_enabled,7505,1.2729999998555286
gc_enabled,7506,1.2658999985433184
gc_enabled,7507,1.307299999098177
gc_enabled,7508,1.2186999992991332
gc_enabled,7509,1.2071000001014909
gc_enabled,7510,1.3032999995630234
gc_enabled,7511,1.2091999997210223
gc_enabled,7512,1.2466000007407274
gc_enabled,7513,1.2034999999741558
gc_enabled,7514,1.2745999993057922
gc_enabled,7515,1.2124000004405389
gc_enabled,7516,1.4406999998755055
gc_enabled,7517,1.2026000003970694
gc_enabled,7518,2.832600001056562
gc_enabled,7519,1.231099999131402
gc_enabled,7520,1.2081000004400266
gc_enabled,7521,1.2267999991308898
gc_enabled,7522,1.3168999994377373
gc_enabled,7523,1.336399998763227
gc_enabled,7524,1.20249999963562
gc_enabled,7525,1.1955000009038486
gc_enabled,7526,1.356599999780883
gc_enabled,7527,1.1995000004390022
gc_enabled,7528,1.2728999990940792
gc_enabled,7529,1.3213000001996988
gc_enabled,7530,2.0291000000725035
gc_enabled,7531,1.2423999996826751
gc_enabled,7532,1.200500000777538
gc_enabled,7533,1.215599999341066
gc_enabled,7534,2.809900001011556
gc_enabled,7535,1.2721000002784422
gc_enabled,7536,1.2069000003975816
gc_enabled,7537,1.2585999993461883
gc_enabled,7538,1.2335000010352815
gc_enabled,7539,1.4429000002564862
gc_enabled,7540,1.2021999991702614
gc_enabled,7541,1.3859000009688316
gc_enabled,7542,1.2681999996857485
gc_enabled,7543,1.2165000007371418
gc_enabled,7544,1.2105999994673766
gc_enabled,7545,1.4443000000028405
gc_enabled,7546,1.3278000005811919
gc_enabled,7547,1.329899998381734
gc_enabled,7548,1.8768999998428626
gc_enabled,7549,1.291000000492204
gc_enabled,7550,1.2148999994678888
gc_enabled,7551,1.234699999258737
gc_enabled,7552,1.2198999993415782
gc_enabled,7553,1.3420999985100934
gc_enabled,7554,1.2337999996816507
gc_enabled,7555,1.2953000004927162
gc_enabled,7556,1.207899998917128
gc_enabled,7557,1.5045000000100117
gc_enabled,7558,1.209000000017113
gc_enabled,7559,1.1996000012004515
gc_enabled,7560,1.2513000001490582
gc_enabled,7561,1.3039000004937407
gc_enabled,7562,1.2425000004441245
gc_enabled,7563,1.2064000002283137
gc_enabled,7564,1.8893999986175913
gc_enabled,7565,1.284599999053171
gc_enabled,7566,1.2311999998928513
gc_enabled,7567,1.3269000010041054
gc_enabled,7568,1.2647999992623227
gc_enabled,7569,1.3147999998182058
gc_enabled,7570,1.3895000010961667
gc_enabled,7571,1.3908000000810716
gc_enabled,7572,1.2749999987136107
gc_enabled,7573,1.315900000918191
gc_enabled,7574,1.2366000009933487
gc_enabled,7575,1.8720999996730825
gc_enabled,7576,1.2349000007816358
gc_enabled,7577,1.3813000005029608
gc_enabled,7578,1.2407000012899516
gc_enabled,7579,1.317800000833813
gc_enabled,7580,1.2218000010761898
gc_enabled,7581,1.3873999996576458
gc_enabled,7582,1.2366000009933487
gc_enabled,7583,1.3579999995272374
gc_enabled,7584,1.316699999733828
gc_enabled,7585,1.2597000004461734
gc_enabled,7586,1.5244000005623093
gc_enabled,7587,1.4559999999619322
gc_enabled,7588,1.329799999439274
gc_enabled,7589,1.3030999998591142
gc_enabled,7590,1.2301999995543156
gc_enabled,7591,1.3510999997379258
gc_enabled,7592,1.3242000004538568
gc_enabled,7593,1.4097000002948334
gc_enabled,7594,1.2379999989207136
gc_enabled,7595,1.1916000003111549
gc_enabled,7596,1.2993999989703298
gc_enabled,7597,1.2311999998928513
gc_enabled,7598,1.2074999995093094
gc_enabled,7599,1.211999999213731
gc_enabled,7600,1.2865999997302424
gc_enabled,7601,1.1787999992520781
gc_enabled,7602,1.960499999768217
gc_enabled,7603,1.212699999086908
gc_enabled,7604,1.3878000008844538
gc_enabled,7605,1.227400000061607
gc_enabled,7606,1.2686999998550164
gc_enabled,7607,1.257999998415471
gc_enabled,7608,1.315499999691383
gc_enabled,7609,1.2374999987514457
gc_enabled,7610,1.2616000003617955
gc_enabled,7611,1.9661999995150836
gc_enabled,7612,1.52909999997064
gc_enabled,7613,1.250600000275881
gc_enabled,7614,1.3682000007975148
gc_enabled,7615,1.282100000025821
gc_enabled,7616,1.3991999985591974
gc_enabled,7617,1.2480999994295416
gc_enabled,7618,1.2484999988373602
gc_enabled,7619,1.3005999990127748
gc_enabled,7620,1.2193000002298504
gc_enabled,7621,1.2789000011252938
gc_enabled,7622,1.2710999999399064
gc_enabled,7623,1.3086000017210608
gc_enabled,7624,1.2346000003162771
gc_enabled,7625,1.3801000004605157
gc_enabled,7626,1.2851999999838881
gc_enabled,7627,1.6436000005342066
gc_enabled,7628,1.3278000005811919
gc_enabled,7629,2.069399999527377
gc_enabled,7630,1.3254999994387617
gc_enabled,7631,3.5058000012213597
gc_enabled,7632,1.2365000002318993
gc_enabled,7633,1.243300001078751
gc_enabled,7634,1.2040999990858836
gc_enabled,7635,1.2848000005760696
gc_enabled,7636,1.2701999985438306
gc_enabled,7637,1.3006000008317642
gc_enabled,7638,1.6854000004968839
gc_enabled,7639,1.406400000632857
gc_enabled,7640,1.2739000012516044
gc_enabled,7641,1.2960999993083533
gc_enabled,7642,1.2508999989222502
gc_enabled,7643,1.4307000001281267
gc_enabled,7644,1.2439000001904787
gc_enabled,7645,1.899700000649318
gc_enabled,7646,1.1907999996765284
gc_enabled,7647,2.97359999967739
gc_enabled,7648,1.2526000009529525
gc_enabled,7649,1.4639000000897795
gc_enabled,7650,1.2525999991339631
gc_enabled,7651,1.292999999350286
gc_enabled,7652,1.442799999495037
gc_enabled,7653,1.947900000232039
gc_enabled,7654,1.5028999987407587
gc_enabled,7655,1.8185000008088537
gc_enabled,7656,1.3867999987269286
gc_enabled,7657,1.2306000007811235
gc_enabled,7658,1.3347000003705034
gc_enabled,7659,1.1880000001838198
gc_enabled,7660,1.2645000006159535
gc_enabled,7661,1.2432999992597615
gc_enabled,7662,1.2174999992566882
gc_enabled,7663,1.235199999428005
gc_enabled,7664,2.532900000005611
gc_enabled,7665,1.4806999988650205
gc_enabled,7666,1.2339000004431
gc_enabled,7667,1.802700000553159
gc_enabled,7668,1.3281999999890104
gc_enabled,7669,1.3763000006292714
gc_enabled,7670,1.2889999998151325
gc_enabled,7671,1.2122999996790895
gc_enabled,7672,1.4408999995794147
gc_enabled,7673,1.246499999979278
gc_enabled,7674,1.5720000010333024
gc_enabled,7675,1.2296000004425878
gc_enabled,7676,1.2587999990500975
gc_enabled,7677,1.2003000010736287
gc_enabled,7678,1.179700000648154
gc_enabled,7679,1.16370000068855
gc_enabled,7680,2.708800000618794
gc_enabled,7681,1.5194999996310798
gc_enabled,7682,1.2191000005259411
gc_enabled,7683,1.3056999996479135
gc_enabled,7684,1.2229999992996454
gc_enabled,7685,1.2538999999378575
gc_enabled,7686,1.20009999955073
gc_enabled,7687,1.2292999999772292
gc_enabled,7688,1.4733999996678904
gc_enabled,7689,1.189399999930174
gc_enabled,7690,1.2163999999756925
gc_enabled,7691,1.402300000336254
gc_enabled,7692,1.2265999994269805
gc_enabled,7693,1.5827999995963182
gc_enabled,7694,1.3580000013462268
gc_enabled,7695,1.3473999988491414
gc_enabled,7696,1.2236000002303626
gc_enabled,7697,1.2328000011621043
gc_enabled,7698,1.2112000003980938
gc_enabled,7699,2.014600000620703
gc_enabled,7700,1.2289000005694106
gc_enabled,7701,1.2040999990858836
gc_enabled,7702,1.2291999992157798
gc_enabled,7703,1.2672999982896727
gc_enabled,7704,1.2968999999429798
gc_enabled,7705,1.2315999993006699
gc_enabled,7706,1.3347999993129633
gc_enabled,7707,1.3328000004548812
gc_enabled,7708,1.3780000008409843
gc_enabled,7709,1.307799999267445
gc_enabled,7710,1.2401999993016943
gc_enabled,7711,1.4756000000488712
gc_enabled,7712,1.2764000002789544
gc_enabled,7713,1.3061000008747214
gc_enabled,7714,1.2233000015839934
gc_enabled,7715,1.4873999989504227
gc_enabled,7716,1.2786000006599352
gc_enabled,7717,1.226200000019162
gc_enabled,7718,1.2070999982825015
gc_enabled,7719,1.2772999998560408
gc_enabled,7720,1.213100000313716
gc_enabled,7721,1.2147999987064395
gc_enabled,7722,1.3331000009202398
gc_enabled,7723,1.3926999999966938
gc_enabled,7724,1.2034999999741558
gc_enabled,7725,1.2010999998892657
gc_enabled,7726,1.1864000007335562
gc_enabled,7727,1.3070000004518079
gc_enabled,7728,1.1962999997194856
gc_enabled,7729,1.4721000006829854
gc_enabled,7730,1.2650000007852213
gc_enabled,7731,1.2476000010792632
gc_enabled,7732,1.259500000742264
gc_enabled,7733,1.2191000005259411
gc_enabled,7734,1.2955999991390854
gc_enabled,7735,1.3780000008409843
gc_enabled,7736,1.2643999998545041
gc_enabled,7737,1.229399998919689
gc_enabled,7738,1.7869999992399244
gc_enabled,7739,1.241699999809498
gc_enabled,7740,1.1967000009462936
gc_enabled,7741,1.2444999993022066
gc_enabled,7742,1.2968999999429798
gc_enabled,7743,1.3044000006630085
gc_enabled,7744,1.1847000005218433
gc_enabled,7745,1.3438000005407957
gc_enabled,7746,1.3939000000391388
gc_enabled,7747,1.2437000004865695
gc_enabled,7748,1.2276000015845057
gc_enabled,7749,1.3789000004180707
gc_enabled,7750,1.3610000005428446
gc_enabled,7751,1.2382999993860722
gc_enabled,7752,1.9480999999359483
gc_enabled,7753,1.3780999997834442
gc_enabled,7754,1.3521000000764616
gc_enabled,7755,1.3591000006272225
gc_enabled,7756,1.2040000001434237
gc_enabled,7757,1.2920999997731997
gc_enabled,7758,1.3199000004533445
gc_enabled,7759,1.2425000004441245
gc_enabled,7760,1.2411000006977702
gc_enabled,7761,1.6472999996040016
gc_enabled,7762,1.2007000004814472
gc_enabled,7763,1.1983000003965572
gc_enabled,7764,1.2427000001480337
gc_enabled,7765,1.351000000795466
gc_enabled,7766,1.2769999993906822
gc_enabled,7767,1.2451000002329238
gc_enabled,7768,1.4602999999624444
gc_enabled,7769,1.3051000005361857
gc_enabled,7770,1.2380999996821629
gc_enabled,7771,1.2492000005295267
gc_enabled,7772,1.23380000150064
gc_enabled,7773,1.3173999996070052
gc_enabled,7774,1.22910000027332
gc_enabled,7775,1.3294000000314554
gc_enabled,7776,1.2397999998938758
gc_enabled,7777,3.599400000894093
gc_enabled,7778,1.2813000012101838
gc_enabled,7779,1.7070000012608944
gc_enabled,7780,1.24119999964023
gc_enabled,7781,1.3032999995630234
gc_enabled,7782,1.2014000003546244
gc_enabled,7783,1.2520000000222353
gc_enabled,7784,1.4229999997041887
gc_enabled,7785,1.3604999985545874
gc_enabled,7786,1.5806999999767868
gc_enabled,7787,1.2686000009125564
gc_enabled,7788,1.2789000011252938
gc_enabled,7789,1.382000000376138
gc_enabled,7790,1.23870000061288
gc_enabled,7791,1.4278000016929582
gc_enabled,7792,1.242800000909483
gc_enabled,7793,3.3552000004419824
gc_enabled,7794,1.3536999995267252
gc_enabled,7795,1.5050000001792796
gc_enabled,7796,1.2941000004502712
gc_enabled,7797,1.2366999999358086
gc_enabled,7798,1.19769999946584
gc_enabled,7799,1.2712000007013557
gc_enabled,7800,1.2985000012122327
gc_enabled,7801,1.2581999999383697
gc_enabled,7802,1.419500000338303
gc_enabled,7803,1.217299999552779
gc_enabled,7804,1.2708000012935372
gc_enabled,7805,1.2236000002303626
gc_enabled,7806,1.2064999991707737
gc_enabled,7807,1.3099999996484257
gc_enabled,7808,1.2418000005709473
gc_enabled,7809,1.775400000042282
gc_enabled,7810,1.2972000004083384
gc_enabled,7811,1.6593999989709118
gc_enabled,7812,1.312599999437225
gc_enabled,7813,1.2397000009514159
gc_enabled,7814,1.2704000000667293
gc_enabled,7815,1.2138000001868932
gc_enabled,7816,1.3760999991063727
gc_enabled,7817,1.4430000010179356
gc_enabled,7818,1.3323000002856134
gc_enabled,7819,1.4365000006364426
gc_enabled,7820,1.770099999703234
gc_enabled,7821,1.2704000000667293
gc_enabled,7822,1.278400000956026
gc_enabled,7823,1.2545000008685747
gc_enabled,7824,1.2609999994310783
gc_enabled,7825,1.2162000002717832
gc_enabled,7826,1.2839000009989832
gc_enabled,7827,1.905600000100094
gc_enabled,7828,1.3694000008399598
gc_enabled,7829,1.297599999816157
gc_enabled,7830,1.2877000008302275
gc_enabled,7831,1.2239999996381812
gc_enabled,7832,1.4490999983536312
gc_enabled,7833,1.4109000003372785
gc_enabled,7834,1.3990999996167375
gc_enabled,7835,1.2818999985029222
gc_enabled,7836,1.5996000001905486
gc_enabled,7837,1.2807999992219266
gc_enabled,7838,1.2549000002763933
gc_enabled,7839,1.2211000012030127
gc_enabled,7840,1.189399999930174
gc_enabled,7841,1.3194000002840767
gc_enabled,7842,1.2072000008629402
gc_enabled,7843,1.2229000003571855
gc_enabled,7844,1.2764000002789544
gc_enabled,7845,1.595699999597855
gc_enabled,7846,1.2324000017542858
gc_enabled,7847,1.1913000016647857
gc_enabled,7848,1.284500000110711
gc_enabled,7849,1.3158000001567416
gc_enabled,7850,1.2475999992602738
gc_enabled,7851,1.216799999383511
gc_enabled,7852,1.426000000719796
gc_enabled,7853,1.2294999996811384
gc_enabled,7854,1.179299999421346
gc_enabled,7855,1.2096999998902902
gc_enabled,7856,1.2052999991283286
gc_enabled,7857,1.288100000238046
gc_enabled,7858,1.2575999990076525
gc_enabled,7859,1.3720000006287592
gc_enabled,7860,1.4236999995773658
gc_enabled,7861,1.271499999347725
gc_enabled,7862,1.2170999998488696
gc_enabled,7863,1.239200000782148
gc_enabled,7864,1.2551999989227625
gc_enabled,7865,1.2019000005238922
gc_enabled,7866,1.279600000998471
gc_enabled,7867,1.2200000001030276
gc_enabled,7868,1.2834999997721752
gc_enabled,7869,1.224499999807449
gc_enabled,7870,1.2526999998954125
gc_enabled,7871,1.2536000012914883
gc_enabled,7872,1.282100000025821
gc_enabled,7873,1.2633000005735084
gc_enabled,7874,1.2014999992970843
gc_enabled,7875,1.3670000007550698
gc_enabled,7876,1.3650000000779983
gc_enabled,7877,1.2819999992643716
gc_enabled,7878,1.376299998810282
gc_enabled,7879,1.2817000006180024
gc_enabled,7880,1.3380000000324799
gc_enabled,7881,1.350599999568658
gc_enabled,7882,1.3020999995205784
gc_enabled,7883,1.2275999997655163
gc_enabled,7884,1.3830999996571336
gc_enabled,7885,1.1928999992960598
gc_enabled,7886,1.3037999997322913
gc_enabled,7887,1.195900000311667
gc_enabled,7888,1.727700000628829
gc_enabled,7889,1.2033999992127065
gc_enabled,7890,1.2112000003980938
gc_enabled,7891,1.2621000005310634
gc_enabled,7892,1.3361000001168577
gc_enabled,7893,2.5640000003477326
gc_enabled,7894,2.246699999886914
gc_enabled,7895,3.6176000012346776
gc_enabled,7896,1.5919000015856
gc_enabled,7897,1.7833000001701294
gc_enabled,7898,1.3507000003301073
gc_enabled,7899,1.4979000006860588
gc_enabled,7900,1.3395999994827434
gc_enabled,7901,1.2140999988332624
gc_enabled,7902,1.2517000013758661
gc_enabled,7903,1.2413000004016794
gc_enabled,7904,1.2563000000227476
gc_enabled,7905,1.1962999997194856
gc_enabled,7906,1.3364000005822163
gc_enabled,7907,2.8055999991920544
gc_enabled,7908,1.2079999996785773
gc_enabled,7909,1.217299999552779
gc_enabled,7910,1.221300000906922
gc_enabled,7911,1.3669999989360804
gc_enabled,7912,1.2466000007407274
gc_enabled,7913,1.3533999990613665
gc_enabled,7914,1.3448000008793315
gc_enabled,7915,1.6259999993053498
gc_enabled,7916,1.3287000001582783
gc_enabled,7917,1.2316000011196593
gc_enabled,7918,1.3429999999061693
gc_enabled,7919,1.3264000008348376
gc_enabled,7920,1.2516999995568767
gc_enabled,7921,1.2332000005699228
gc_enabled,7922,1.2826999991375487
gc_enabled,7923,2.840299999661511
gc_enabled,7924,1.3728000012633856
gc_enabled,7925,1.2108999999327352
gc_enabled,7926,1.2475000003178138
gc_enabled,7927,1.232600001458195
gc_enabled,7928,1.2234999994689133
gc_enabled,7929,1.2365999991743593
gc_enabled,7930,1.284400001168251
gc_enabled,7931,1.2444999993022066
gc_enabled,7932,1.2348999989626464
gc_enabled,7933,1.2040999990858836
gc_enabled,7934,1.3092999997752486
gc_enabled,7935,1.1844000000564847
gc_enabled,7936,1.2420999992173165
gc_enabled,7937,1.2292999999772292
gc_enabled,7938,1.464299999497598
gc_enabled,7939,1.23399999938556
gc_enabled,7940,1.2643999998545041
gc_enabled,7941,1.3455000007525086
gc_enabled,7942,1.3151999992260244
gc_enabled,7943,1.2311000009503914
gc_enabled,7944,1.2160999995103339
gc_enabled,7945,1.2342000009084586
gc_enabled,7946,1.2588999998115469
gc_enabled,7947,1.6392000015912345
gc_enabled,7948,1.232700000400655
gc_enabled,7949,1.2427000001480337
gc_enabled,7950,1.2839000009989832
gc_enabled,7951,1.2122999996790895
gc_enabled,7952,1.2563999989652075
gc_enabled,7953,1.2446999990061158
gc_enabled,7954,1.73950000134937
gc_enabled,7955,1.2043000006087823
gc_enabled,7956,1.683799999227631
gc_enabled,7957,1.3494000013452023
gc_enabled,7958,1.4005000011820812
gc_enabled,7959,1.3266000005387468
gc_enabled,7960,1.2827000009565381
gc_enabled,7961,1.3340999994397862
gc_enabled,7962,1.3728000012633856
gc_enabled,7963,1.2669999996433035
gc_enabled,7964,1.2296000004425878
gc_enabled,7965,1.339100001132465
gc_enabled,7966,1.2645000006159535
gc_enabled,7967,1.2413000004016794
gc_enabled,7968,1.2057999992975965
gc_enabled,7969,1.2357999985397328
gc_enabled,7970,1.2955000001966255
gc_enabled,7971,1.1878999994223705
gc_enabled,7972,1.4135000001260778
gc_enabled,7973,1.260799999727169
gc_enabled,7974,1.3085000009596115
gc_enabled,7975,1.2055000006512273
gc_enabled,7976,1.1940999993385049
gc_enabled,7977,1.3216999996075174
gc_enabled,7978,1.2158999998064246
gc_enabled,7979,1.7568999992363388
gc_enabled,7980,1.2651999986701412
gc_enabled,7981,1.3225000002421439
gc_enabled,7982,1.2463999992178287
gc_enabled,7983,1.5661999987059971
gc_enabled,7984,1.2981999989278847
gc_enabled,7985,1.2760000008711359
gc_enabled,7986,1.191100000141887
gc_enabled,7987,1.225699999849894
gc_enabled,7988,1.2348000000201864
gc_enabled,7989,1.3251000000309432
gc_enabled,7990,1.2194999999337597
gc_enabled,7991,1.3373000001593027
gc_enabled,7992,1.2241000003996305
gc_enabled,7993,1.2972000004083384
gc_enabled,7994,1.2444000003597466
gc_enabled,7995,1.2919999990117503
gc_enabled,7996,1.2614999996003462
gc_enabled,7997,1.648600000407896
gc_enabled,7998,1.2004000000160886
gc_enabled,7999,1.430100001016399
gc_enabled,8000,1.298299999689334
gc_enabled,8001,1.2851000010414282
gc_enabled,8002,1.2386999987938907
gc_enabled,8003,1.2495999999373453
gc_enabled,8004,1.2250999989191769
gc_enabled,8005,1.2425999993865844
gc_enabled,8006,1.702800000202842
gc_enabled,8007,1.2838999991799938
gc_enabled,8008,1.1926999995921506
gc_enabled,8009,1.2105000005249167
gc_enabled,8010,1.3252000007923925
gc_enabled,8011,1.2073000016243896
gc_enabled,8012,1.23879999955534
gc_enabled,8013,1.5645999992557336
gc_enabled,8014,1.3096999991830671
gc_enabled,8015,1.1981000006926479
gc_enabled,8016,1.1934000012843171
gc_enabled,8017,1.2137000012444332
gc_enabled,8018,1.3744000007136492
gc_enabled,8019,1.195900000311667
gc_enabled,8020,1.609400000234018
gc_enabled,8021,1.2796999999409309
gc_enabled,8022,1.3103000001137843
gc_enabled,8023,1.3385999991442077
gc_enabled,8024,1.4367000003403518
gc_enabled,8025,1.267300000108662
gc_enabled,8026,1.29920000108541
gc_enabled,8027,1.2394999994285172
gc_enabled,8028,1.1862999999721069
gc_enabled,8029,1.692199999524746
gc_enabled,8030,1.2980999999854248
gc_enabled,8031,1.1904000002687098
gc_enabled,8032,1.2193000002298504
gc_enabled,8033,1.1842000003525754
gc_enabled,8034,1.286499998968793
gc_enabled,8035,1.2113000011595432
gc_enabled,8036,1.320899998972891
gc_enabled,8037,1.211800001328811
gc_enabled,8038,1.2031999995087972
gc_enabled,8039,1.2083999990863958
gc_enabled,8040,1.4854000000923406
gc_enabled,8041,1.3390000003710156
gc_enabled,8042,1.2711999988823663
gc_enabled,8043,2.0171000014670426
gc_enabled,8044,1.263699999981327
gc_enabled,8045,1.2414000011631288
gc_enabled,8046,1.2233000015839934
gc_enabled,8047,1.1942000000999542
gc_enabled,8048,1.239200000782148
gc_enabled,8049,1.2385000009089708
gc_enabled,8050,1.5619000005244743
gc_enabled,8051,1.220100000864477
gc_enabled,8052,1.2087999984942144
gc_enabled,8053,2.6097999998455634
gc_enabled,8054,1.2248000002728077
gc_enabled,8055,1.2009999991278164
gc_enabled,8056,1.222099999722559
gc_enabled,8057,1.401100000293809
gc_enabled,8058,1.2165999996796018
gc_enabled,8059,1.2361999997665407
gc_enabled,8060,1.2413000004016794
gc_enabled,8061,1.2909999986732146
gc_enabled,8062,1.2575000000651926
gc_enabled,8063,1.1955000009038486
gc_enabled,8064,1.2366999999358086
gc_enabled,8065,1.3371999993978534
gc_enabled,8066,1.6340999991371064
gc_enabled,8067,1.2138000001868932
gc_enabled,8068,1.1759999997593695
gc_enabled,8069,2.9269999995449325
gc_enabled,8070,1.2150000002293382
gc_enabled,8071,1.2941000004502712
gc_enabled,8072,1.2601000016729813
gc_enabled,8073,1.3204000006226124
gc_enabled,8074,1.2263000007806113
gc_enabled,8075,1.5643000006093644
gc_enabled,8076,1.2067000006936723
gc_enabled,8077,1.5973000008671079
gc_enabled,8078,1.2825999983760994
gc_enabled,8079,1.290500000322936
gc_enabled,8080,1.3312000010046177
gc_enabled,8081,1.3515999999071937
gc_enabled,8082,1.3736000000790227
gc_enabled,8083,1.23879999955534
gc_enabled,8084,1.4707000009366311
gc_enabled,8085,1.3944000002084067
gc_enabled,8086,1.9778999994741753
gc_enabled,8087,1.2913000009575626
gc_enabled,8088,1.3091999990137992
gc_enabled,8089,1.2635999992198776
gc_enabled,8090,1.2258999995538034
gc_enabled,8091,1.2150000002293382
gc_enabled,8092,1.3681000000360655
gc_enabled,8093,1.2299999998504063
gc_enabled,8094,1.1985000001004664
gc_enabled,8095,1.4890000002196757
gc_enabled,8096,1.326100000369479
gc_enabled,8097,1.232299999173847
gc_enabled,8098,1.2900999990961282
gc_enabled,8099,1.2871999988419702
gc_enabled,8100,1.3439999984257156
gc_enabled,8101,1.226299998961622
gc_enabled,8102,1.3072000001557171
gc_enabled,8103,1.2112999993405538
gc_enabled,8104,1.3190000008762581
gc_enabled,8105,1.244099999894388
gc_enabled,8106,1.3760000001639128
gc_enabled,8107,1.2956000009580748
gc_enabled,8108,1.394099999743048
gc_enabled,8109,1.2735000000247965
gc_enabled,8110,1.2956999999005347
gc_enabled,8111,1.7678000003797933
gc_enabled,8112,1.301100001001032
gc_enabled,8113,1.2299000009079464
gc_enabled,8114,1.3388999996095663
gc_enabled,8115,1.2638999996852363
gc_enabled,8116,1.470399998652283
gc_enabled,8117,1.2303999992582249
gc_enabled,8118,1.259699998627184
gc_enabled,8119,1.319599999987986
gc_enabled,8120,1.3901999991503544
gc_enabled,8121,1.2231000000610948
gc_enabled,8122,1.2413000004016794
gc_enabled,8123,1.2575000000651926
gc_enabled,8124,1.4429000002564862
gc_enabled,8125,1.264499998796964
gc_enabled,8126,1.2729999998555286
gc_enabled,8127,1.4300999991974095
gc_enabled,8128,1.2919000000692904
gc_enabled,8129,1.3305000011314405
gc_enabled,8130,1.2941000004502712
gc_enabled,8131,1.3039999994362006
gc_enabled,8132,1.2659999993047677
gc_enabled,8133,1.2152000017522369
gc_enabled,8134,1.241799998751958
gc_enabled,8135,1.2772999998560408
gc_enabled,8136,1.3445000004139729
gc_enabled,8137,1.2341999990894692
gc_enabled,8138,1.2254000012035249
gc_enabled,8139,1.2838000002375338
gc_enabled,8140,1.195900000311667
gc_enabled,8141,1.2280000009923242
gc_enabled,8142,1.2045000003126916
gc_enabled,8143,1.661700000113342
gc_enabled,8144,1.2788000003638444
gc_enabled,8145,1.2060999997629551
gc_enabled,8146,1.270999999178457
gc_enabled,8147,1.254200000403216
gc_enabled,8148,1.3718999998673098
gc_enabled,8149,1.4164000003802357
gc_enabled,8150,1.2843000004068017
gc_enabled,8151,1.3129999988450436
gc_enabled,8152,1.9480999999359483
gc_enabled,8153,1.2147999987064395
gc_enabled,8154,1.2962000000698026
gc_enabled,8155,1.2717000008706236
gc_enabled,8156,1.1995000004390022
gc_enabled,8157,1.3603999996121274
gc_enabled,8158,1.3080999997328036
gc_enabled,8159,1.5196000003925292
gc_enabled,8160,1.2483000009524403
gc_enabled,8161,1.2420000002748566
gc_enabled,8162,1.3135999997757608
gc_enabled,8163,1.2795000002370216
gc_enabled,8164,1.206599999932223
gc_enabled,8165,1.4094999987719348
gc_enabled,8166,3.3856999998533865
gc_enabled,8167,1.2753999999404186
gc_enabled,8168,1.6178999994735932
gc_enabled,8169,1.3581000002886867
gc_enabled,8170,1.322099999015336
gc_enabled,8171,1.264999998966232
gc_enabled,8172,1.2432999992597615
gc_enabled,8173,1.2384000001475215
gc_enabled,8174,1.2996000004932284
gc_enabled,8175,1.9001000000571366
gc_enabled,8176,1.2341999990894692
gc_enabled,8177,1.2105999994673766
gc_enabled,8178,1.3039000004937407
gc_enabled,8179,1.1835000004793983
gc_enabled,8180,1.239999999597785
gc_enabled,8181,1.206599999932223
gc_enabled,8182,2.894400000513997
gc_enabled,8183,1.245299999936833
gc_enabled,8184,1.6063999992184108
gc_enabled,8185,1.2823999986721901
gc_enabled,8186,1.2427000001480337
gc_enabled,8187,1.3051999994786456
gc_enabled,8188,1.205399999889778
gc_enabled,8189,1.512499999080319
gc_enabled,8190,1.250600000275881
gc_enabled,8191,1.2826000001950888
gc_enabled,8192,1.2643999998545041
gc_enabled,8193,1.1970000014116522
gc_enabled,8194,1.2218000010761898
gc_enabled,8195,1.241699999809498
gc_enabled,8196,1.2270999995962484
gc_enabled,8197,1.2719999995169928
gc_enabled,8198,1.3687000009667827
gc_enabled,8199,2.5289000004704576
gc_enabled,8200,1.9188000005669892
gc_enabled,8201,1.2171999987913296
gc_enabled,8202,1.2222999994264683
gc_enabled,8203,1.3882000002922723
gc_enabled,8204,1.232700000400655
gc_enabled,8205,1.232700000400655
gc_enabled,8206,1.2819000003219116
gc_enabled,8207,1.6875000001164153
gc_enabled,8208,1.3213000001996988
gc_enabled,8209,1.2960999993083533
gc_enabled,8210,1.3480999987223186
gc_enabled,8211,1.4107000006333692
gc_enabled,8212,1.2191000005259411
gc_enabled,8213,1.2129999995522667
gc_enabled,8214,1.3253999986773124
gc_enabled,8215,2.6502999990043463
gc_enabled,8216,1.9173999990016455
gc_enabled,8217,1.2091999997210223
gc_enabled,8218,1.2582999988808297
gc_enabled,8219,1.2277999994694255
gc_enabled,8220,1.2028999990434386
gc_enabled,8221,1.218400000652764
gc_enabled,8222,1.2788000003638444
gc_enabled,8223,1.8638000001374166
gc_enabled,8224,1.216700000441051
gc_enabled,8225,1.213199999256176
gc_enabled,8226,1.2772999998560408
gc_enabled,8227,1.203699999678065
gc_enabled,8228,1.2406999994709622
gc_enabled,8229,1.198399999339017
gc_enabled,8230,1.9986999996035593
gc_enabled,8231,1.2682000015047379
gc_enabled,8232,1.3275999990582932
gc_enabled,8233,1.2317000000621192
gc_enabled,8234,1.3550999992730794
gc_enabled,8235,1.2349999997240957
gc_enabled,8236,1.2623000002349727
gc_enabled,8237,1.2200999990454875
gc_enabled,8238,1.2640000004466856
gc_enabled,8239,1.4424000000872184
gc_enabled,8240,1.2524000012490433
gc_enabled,8241,1.1973999990004813
gc_enabled,8242,1.3436999997793464
gc_enabled,8243,1.201299999593175
gc_enabled,8244,1.2566000004881062
gc_enabled,8245,1.253500000530039
gc_enabled,8246,1.9903000011254335
gc_enabled,8247,1.292299999477109
gc_enabled,8248,1.8266999995830702
gc_enabled,8249,1.3302999996085418
gc_enabled,8250,1.3082999994367128
gc_enabled,8251,1.289800000449759
gc_enabled,8252,1.3143000014679274
gc_enabled,8253,1.2807999992219266
gc_enabled,8254,1.2986999990971526
gc_enabled,8255,1.3287000001582783
gc_enabled,8256,1.2492999994719867
gc_enabled,8257,1.3822000000800472
gc_enabled,8258,1.3302999996085418
gc_enabled,8259,1.2575999990076525
gc_enabled,8260,1.2239000006957212
gc_enabled,8261,1.2867000004916918
gc_enabled,8262,1.3254000004963018
gc_enabled,8263,1.2045999992551515
gc_enabled,8264,1.2422999989212258
gc_enabled,8265,1.2783000001945766
gc_enabled,8266,1.1854999993374804
gc_enabled,8267,1.2447999997675652
gc_enabled,8268,1.2218000010761898
gc_enabled,8269,1.2950000000273576
gc_enabled,8270,1.2334000002738321
gc_enabled,8271,1.345700000456418
gc_enabled,8272,1.3658000007126248
gc_enabled,8273,1.3079000000288943
gc_enabled,8274,1.2843999993492616
gc_enabled,8275,1.2306999997235835
gc_enabled,8276,1.326800000242656
gc_enabled,8277,1.3213999991421588
gc_enabled,8278,1.350500000626198
gc_enabled,8279,1.2060999997629551
gc_enabled,8280,1.254799999514944
gc_enabled,8281,1.3241999986348674
gc_enabled,8282,1.4436999990721233
gc_enabled,8283,1.2554000004456611
gc_enabled,8284,1.2642000001505949
gc_enabled,8285,1.349300000583753
gc_enabled,8286,1.226100001076702
gc_enabled,8287,1.339100001132465
gc_enabled,8288,1.273800000490155
gc_enabled,8289,1.8460999999660999
gc_enabled,8290,1.5247999999701278
gc_enabled,8291,1.8442999989929376
gc_enabled,8292,1.3337999989744276
gc_enabled,8293,1.305700001466903
gc_enabled,8294,1.3404999990598299
gc_enabled,8295,1.2325999996392056
gc_enabled,8296,1.2611999991349876
gc_enabled,8297,1.2527999988378724
gc_enabled,8298,1.2451000002329238
gc_enabled,8299,1.2788000003638444
gc_enabled,8300,1.4764000006834976
gc_enabled,8301,1.2282999996386934
gc_enabled,8302,1.564199999847915
gc_enabled,8303,1.2980999999854248
gc_enabled,8304,1.296300000831252
gc_enabled,8305,1.2647999992623227
gc_enabled,8306,1.1989000013272744
gc_enabled,8307,1.2420000002748566
gc_enabled,8308,1.2543000011646654
gc_enabled,8309,1.3717000001634005
gc_enabled,8310,1.2798000007023802
gc_enabled,8311,1.280399999814108
gc_enabled,8312,2.808799999911571
gc_enabled,8313,1.3792999998258892
gc_enabled,8314,1.2525000001915032
gc_enabled,8315,1.2499000004027039
gc_enabled,8316,1.2996999994356884
gc_enabled,8317,1.2223000012454577
gc_enabled,8318,1.512499999080319
gc_enabled,8319,1.2498999985837145
gc_enabled,8320,1.3136999987182207
gc_enabled,8321,1.23879999955534
gc_enabled,8322,1.2048000007780502
gc_enabled,8323,1.245800000106101
gc_enabled,8324,1.293900000746362
gc_enabled,8325,1.886000000013155
gc_enabled,8326,1.2098999995941995
gc_enabled,8327,1.2318000008235686
gc_enabled,8328,2.6584999995975522
gc_enabled,8329,1.307600001382525
gc_enabled,8330,1.231000000188942
gc_enabled,8331,1.3704000011784956
gc_enabled,8332,1.3132999993104022
gc_enabled,8333,1.3890999998693587
gc_enabled,8334,2.035999999861815
gc_enabled,8335,1.3111000007484108
gc_enabled,8336,1.2747999990097014
gc_enabled,8337,1.4066000003367662
gc_enabled,8338,1.2509999996836996
gc_enabled,8339,1.301199999943492
gc_enabled,8340,1.2346000003162771
gc_enabled,8341,1.362300001346739
gc_enabled,8342,1.2021999991702614
gc_enabled,8343,1.275599999644328
gc_enabled,8344,1.1961000000155764
gc_enabled,8345,1.294600000619539
gc_enabled,8346,1.2271000014152378
gc_enabled,8347,1.2977000005776063
gc_enabled,8348,1.207899998917128
gc_enabled,8349,1.2358000003587222
gc_enabled,8350,1.4595000011468073
gc_enabled,8351,1.2733999992633471
gc_enabled,8352,1.232700000400655
gc_enabled,8353,1.2484999988373602
gc_enabled,8354,1.2153000006946968
gc_enabled,8355,1.4952000001358101
gc_enabled,8356,1.251800000318326
gc_enabled,8357,1.3478000000759494
gc_enabled,8358,1.214399999298621
gc_enabled,8359,1.7274999991059303
gc_enabled,8360,1.214800000525429
gc_enabled,8361,1.3111999996908708
gc_enabled,8362,1.4831999997113599
gc_enabled,8363,1.2552999996842118
gc_enabled,8364,1.2743999996018829
gc_enabled,8365,1.2556000001495704
gc_enabled,8366,1.689000000624219
gc_enabled,8367,1.191100000141887
gc_enabled,8368,1.2974000001122477
gc_enabled,8369,1.2911000012536533
gc_enabled,8370,1.1973000000580214
gc_enabled,8371,1.291799999307841
gc_enabled,8372,1.2462000013329089
gc_enabled,8373,1.6491000005771639
gc_enabled,8374,1.2245000016264385
gc_enabled,8375,1.196499999423395
gc_enabled,8376,1.2683999993896578
gc_enabled,8377,1.2917000003653811
gc_enabled,8378,1.2819000003219116
gc_enabled,8379,1.2394000004860573
gc_enabled,8380,1.3507000003301073
gc_enabled,8381,1.1806999991677003
gc_enabled,8382,1.5477000015380327
gc_enabled,8383,1.189399999930174
gc_enabled,8384,1.3424000007944414
gc_enabled,8385,1.2186999992991332
gc_enabled,8386,1.368499999443884
gc_enabled,8387,1.23630000052799
gc_enabled,8388,1.317800000833813
gc_enabled,8389,1.7978999985643895
gc_enabled,8390,1.2418999995134072
gc_enabled,8391,1.1931000008189585
gc_enabled,8392,1.4114000005065463
gc_enabled,8393,1.2334000002738321
gc_enabled,8394,1.262099998712074
gc_enabled,8395,1.3107000013405923
gc_enabled,8396,1.324400000157766
gc_enabled,8397,1.1991000010311836
gc_enabled,8398,1.2707999994745478
gc_enabled,8399,1.300400001127855
gc_enabled,8400,1.2239999996381812
gc_enabled,8401,1.2088999992556637
gc_enabled,8402,1.2187000011181226
gc_enabled,8403,1.2990999985049712
gc_enabled,8404,1.6037000004871516
gc_enabled,8405,1.2944000009156298
gc_enabled,8406,1.2879999994765967
gc_enabled,8407,1.445100000637467
gc_enabled,8408,1.3116999998601386
gc_enabled,8409,1.204199999847333
gc_enabled,8410,1.2938999989273725
gc_enabled,8411,1.2984000004507834
gc_enabled,8412,1.2442999995982973
gc_enabled,8413,1.241699999809498
gc_enabled,8414,1.2824000004911795
gc_enabled,8415,1.5032999999675667
gc_enabled,8416,1.258800000869087
gc_enabled,8417,1.2378999999782536
gc_enabled,8418,1.2504999995144317
gc_enabled,8419,1.3840999999956694
gc_enabled,8420,1.1939999985770555
gc_enabled,8421,1.1868000001413748
gc_enabled,8422,1.2353000001894543
gc_enabled,8423,1.9095000006927876
gc_enabled,8424,1.198399999339017
gc_enabled,8425,1.2115999998059124
gc_enabled,8426,1.2539999988803174
gc_enabled,8427,1.2033999992127065
gc_enabled,8428,1.254299999345676
gc_enabled,8429,1.2263000007806113
gc_enabled,8430,1.3108999992255121
gc_enabled,8431,1.2034999999741558
gc_enabled,8432,1.8970000000990694
gc_enabled,8433,1.2558999987959396
gc_enabled,8434,1.2936000002810033
gc_enabled,8435,1.2810999996872852
gc_enabled,8436,1.2951999997312669
gc_enabled,8437,1.4795999995840248
gc_enabled,8438,1.3477000011334894
gc_enabled,8439,1.9811999991361517
gc_enabled,8440,1.2421999999787658
gc_enabled,8441,1.366099999358994
gc_enabled,8442,3.3106000009865966
gc_enabled,8443,1.561299999593757
gc_enabled,8444,1.307700000324985
gc_enabled,8445,1.3431999996100785
gc_enabled,8446,1.4615000000048894
gc_enabled,8447,1.293599998462014
gc_enabled,8448,1.3397000002441928
gc_enabled,8449,1.6354999988834606
gc_enabled,8450,1.6359999990527285
gc_enabled,8451,1.4800999997532926
gc_enabled,8452,1.5392000004794681
gc_enabled,8453,1.7552999997860752
gc_enabled,8454,1.7457000012655044
gc_enabled,8455,1.5231000015774043
gc_enabled,8456,1.7114000002038665
gc_enabled,8457,1.4788000007683877
gc_enabled,8458,3.63409999954456
gc_enabled,8459,1.2836999994760845
gc_enabled,8460,1.3729000002058456
gc_enabled,8461,1.378599999952712
gc_enabled,8462,1.3495999992301222
gc_enabled,8463,1.2573999993037432
gc_enabled,8464,1.2951999997312669
gc_enabled,8465,1.4412000000447733
gc_enabled,8466,1.3369999996939441
gc_enabled,8467,1.2995000015507685
gc_enabled,8468,1.4779000011913013
gc_enabled,8469,1.345700000456418
gc_enabled,8470,1.870400001280359
gc_enabled,8471,1.335799999651499
gc_enabled,8472,1.289399999222951
gc_enabled,8473,1.5676000002713408
gc_enabled,8474,1.2385999998514308
gc_enabled,8475,2.106800000547082
gc_enabled,8476,2.4508999995305203
gc_enabled,8477,2.5132999999186723
gc_enabled,8478,2.567300000009709
gc_enabled,8479,1.4670999989903066
gc_enabled,8480,1.3197999996918952
gc_enabled,8481,1.9722000015462982
gc_enabled,8482,1.5773000013723504
gc_enabled,8483,1.9893000007868977
gc_enabled,8484,1.5800000001036096
gc_enabled,8485,1.7201999999088002
gc_enabled,8486,1.5681000004406087
gc_enabled,8487,1.4592999996239087
gc_enabled,8488,1.8196000000898493
gc_enabled,8489,1.5865999994275626
gc_enabled,8490,1.7576999998709653
gc_enabled,8491,1.7639999987295596
gc_enabled,8492,1.6651000005367678
gc_enabled,8493,1.6969999996945262
gc_enabled,8494,1.5510999983234797
gc_enabled,8495,1.4914000003045658
gc_enabled,8496,1.5036000004329253
gc_enabled,8497,1.557600000523962
gc_enabled,8498,1.537399999506306
gc_enabled,8499,1.5949999997246778
gc_enabled,8500,1.5898000001470791
gc_enabled,8501,1.600499999767635
gc_enabled,8502,1.5923999999358784
gc_enabled,8503,1.5273000008164672
gc_enabled,8504,1.5251000004354864
gc_enabled,8505,1.5693999994255137
gc_enabled,8506,1.6705999987607356
gc_enabled,8507,1.4624000014009653
gc_enabled,8508,1.5216000010696007
gc_enabled,8509,1.6032000003178837
gc_enabled,8510,1.821199999540113
gc_enabled,8511,1.6345999993063742
gc_enabled,8512,1.644500000111293
gc_enabled,8513,1.6292000000248663
gc_enabled,8514,1.687399999354966
gc_enabled,8515,1.4382000008481555
gc_enabled,8516,2.0012000004498987
gc_enabled,8517,1.5781000001879875
gc_enabled,8518,2.1206000001257053
gc_enabled,8519,1.5526999995927326
gc_enabled,8520,1.5193999988696305
gc_enabled,8521,1.547099998788326
gc_enabled,8522,1.3964999998279382
gc_enabled,8523,1.6101999990496552
gc_enabled,8524,1.5015999997558538
gc_enabled,8525,1.5430999992531724
gc_enabled,8526,1.3782000005448936
gc_enabled,8527,1.5198999990388984
gc_enabled,8528,1.4590000009775395
gc_enabled,8529,1.5490000005229376
gc_enabled,8530,1.4960000007704366
gc_enabled,8531,1.4652999998361338
gc_enabled,8532,1.359599998977501
gc_enabled,8533,1.4627999989897944
gc_enabled,8534,1.4980000014475081
gc_enabled,8535,1.3144999993528472
gc_enabled,8536,1.3261999993119389
gc_enabled,8537,1.2007999994239071
gc_enabled,8538,1.2059999990015058
gc_enabled,8539,1.24119999964023
gc_enabled,8540,1.3117999988025986
gc_enabled,8541,1.4895999993314035
gc_enabled,8542,1.279199999771663
gc_enabled,8543,1.2941999993927311
gc_enabled,8544,1.3343000009626849
gc_enabled,8545,1.474499998948886
gc_enabled,8546,1.560099999551312
gc_enabled,8547,1.718299999993178
gc_enabled,8548,1.278400000956026
gc_enabled,8549,1.8617999994603451
gc_enabled,8550,1.244600000063656
gc_enabled,8551,1.2280999999347841
gc_enabled,8552,1.2339000004431
gc_enabled,8553,1.5014000000519445
gc_enabled,8554,1.4531999986502342
gc_enabled,8555,1.3180999994801823
gc_enabled,8556,1.447599999664817
gc_enabled,8557,1.4702000007673632
gc_enabled,8558,1.474999999118154
gc_enabled,8559,1.2855999993917067
gc_enabled,8560,1.2213999998493819
gc_enabled,8561,1.3156000004528323
gc_enabled,8562,1.2277000005269656
gc_enabled,8563,1.2122999996790895
gc_enabled,8564,1.1866000004374655
gc_enabled,8565,1.3096999991830671
gc_enabled,8566,1.4835000001767185
gc_enabled,8567,1.989500000490807
gc_enabled,8568,1.2692999989667442
gc_enabled,8569,1.3163000003260095
gc_enabled,8570,1.4718999991600867
gc_enabled,8571,1.2313999995967606
gc_enabled,8572,1.2853000007453375
gc_enabled,8573,1.2396000001899665
gc_enabled,8574,1.3727000005019363
gc_enabled,8575,1.2704000000667293
gc_enabled,8576,1.5056000011099968
gc_enabled,8577,1.435000000128639
gc_enabled,8578,1.2798999996448401
gc_enabled,8579,1.2597999993886333
gc_enabled,8580,1.342300000032992
gc_enabled,8581,1.4515000002575107
gc_enabled,8582,1.2239999996381812
gc_enabled,8583,1.9423000012466218
gc_enabled,8584,1.5049000012368197
gc_enabled,8585,1.355800000965246
gc_enabled,8586,1.6154000004462432
gc_enabled,8587,1.2994000007893192
gc_enabled,8588,3.2659999997122213
gc_enabled,8589,1.3711999999941327
gc_enabled,8590,1.4052999995328719
gc_enabled,8591,1.359500000035041
gc_enabled,8592,1.6906000000744825
gc_enabled,8593,1.318399999945541
gc_enabled,8594,1.314700000875746
gc_enabled,8595,1.2752000002365094
gc_enabled,8596,1.736799998980132
gc_enabled,8597,1.5991999989637407
gc_enabled,8598,1.5340999998443294
gc_enabled,8599,1.5745999990031123
gc_enabled,8600,1.7006999987643212
gc_enabled,8601,1.786099999662838
gc_enabled,8602,1.5591999999742256
gc_enabled,8603,1.3317000011738855
gc_enabled,8604,3.2899999987421324
gc_enabled,8605,1.7258000007132068
gc_enabled,8606,1.5872000003582798
gc_enabled,8607,1.7191000006278045
gc_enabled,8608,1.433800000086194
gc_enabled,8609,1.4399000010598684
gc_enabled,8610,1.2754999988828786
gc_enabled,8611,2.2148999996716157
gc_enabled,8612,1.4250999993237201
gc_enabled,8613,1.3908999990235316
gc_enabled,8614,1.4455999989877455
gc_enabled,8615,1.662399999986519
gc_enabled,8616,1.5864999986661132
gc_enabled,8617,1.4706000001751818
gc_enabled,8618,1.766599998518359
gc_enabled,8619,1.6168999991350574
gc_enabled,8620,1.5844999998080311
gc_enabled,8621,1.4824999998381827
gc_enabled,8622,2.363199999308563
gc_enabled,8623,2.383699998972588
gc_enabled,8624,2.4195000005420297
gc_enabled,8625,2.298399998835521
gc_enabled,8626,2.8638000003411435
gc_enabled,8627,5.282600001009996
gc_enabled,8628,1.5741999995952938
gc_enabled,8629,1.9357000001036795
gc_enabled,8630,1.4699000003020046
gc_enabled,8631,1.620500001081382
gc_enabled,8632,1.4824000008957228
gc_enabled,8633,1.5330000005633337
gc_enabled,8634,1.6886000012164004
gc_enabled,8635,1.5569999995932449
gc_enabled,8636,1.6740999999456108
gc_enabled,8637,1.5460999984497903
gc_enabled,8638,1.48559999979625
gc_enabled,8639,1.357899998765788
gc_enabled,8640,1.6068999993876787
gc_enabled,8641,1.4730000002600718
gc_enabled,8642,1.4274000004661502
gc_enabled,8643,1.485099999626982
gc_enabled,8644,1.6577999995206483
gc_enabled,8645,1.561399998536217
gc_enabled,8646,1.3433000003715279
gc_enabled,8647,1.595100000486127
gc_enabled,8648,2.498999998351792
gc_enabled,8649,1.5667000006942544
gc_enabled,8650,1.5600000006088521
gc_enabled,8651,1.436900000044261
gc_enabled,8652,1.2631000008695992
gc_enabled,8653,1.31139999939478
gc_enabled,8654,1.496499999120715
gc_enabled,8655,1.5696999998908723
gc_enabled,8656,1.6276000005746027
gc_enabled,8657,1.7073999988497235
gc_enabled,8658,1.5304999997169944
gc_enabled,8659,1.7109999989770586
gc_enabled,8660,1.2521000007836847
gc_enabled,8661,1.461800000470248
gc_enabled,8662,1.4800999997532926
gc_enabled,8663,1.3768999997409992
gc_enabled,8664,1.3141999988874886
gc_enabled,8665,1.5289000002667308
gc_enabled,8666,1.5468000001419568
gc_enabled,8667,1.284099998883903
gc_enabled,8668,1.7626000008021947
gc_enabled,8669,1.5146999994612997
gc_enabled,8670,1.7397999999957392
gc_enabled,8671,1.5053999995870981
gc_enabled,8672,1.540900000691181
gc_enabled,8673,1.3196999989304459
gc_enabled,8674,1.326100000369479
gc_enabled,8675,1.223799999934272
gc_enabled,8676,1.2361000008240808
gc_enabled,8677,1.483800000642077
gc_enabled,8678,1.3527000010071788
gc_enabled,8679,1.490800001192838
gc_enabled,8680,1.2870000009570504
gc_enabled,8681,1.2011999988317257
gc_enabled,8682,1.326899999185116
gc_enabled,8683,1.205499998832238
gc_enabled,8684,1.2550999999803025
gc_enabled,8685,1.2408000002324115
gc_enabled,8686,1.284500000110711
gc_enabled,8687,1.240499999767053
gc_enabled,8688,1.2682999986282084
gc_enabled,8689,1.2819999992643716
gc_enabled,8690,1.4738000008946983
gc_enabled,8691,1.2531000011222204
gc_enabled,8692,1.1974999997619307
gc_enabled,8693,1.448799999707262
gc_enabled,8694,1.3448999998217914
gc_enabled,8695,1.6101999990496552
gc_enabled,8696,1.362400000289199
gc_enabled,8697,1.5640000001440058
gc_enabled,8698,1.3159999998606509
gc_enabled,8699,2.055599999948754
gc_enabled,8700,1.897800000733696
gc_enabled,8701,4.2126999996980885
gc_enabled,8702,2.18470000072557
gc_enabled,8703,2.4931999996624654
gc_enabled,8704,1.5542999990429962
gc_enabled,8705,1.497400000516791
gc_enabled,8706,1.291000000492204
gc_enabled,8707,1.2444999993022066
gc_enabled,8708,1.2449999994714744
gc_enabled,8709,1.3035000010859221
gc_enabled,8710,1.4238000003388152
gc_enabled,8711,1.2894999999844003
gc_enabled,8712,1.2611999991349876
gc_enabled,8713,1.3289999988046475
gc_enabled,8714,1.445199999579927
gc_enabled,8715,1.5459999995073304
gc_enabled,8716,1.517799999419367
gc_enabled,8717,3.7806000000273343
gc_enabled,8718,1.605000001291046
gc_enabled,8719,1.7181999992317287
gc_enabled,8720,1.530399998955545
gc_enabled,8721,1.7241999994439539
gc_enabled,8722,1.6519000000698725
gc_enabled,8723,1.8020999996224418
gc_enabled,8724,1.556900000650785
gc_enabled,8725,1.665300000240677
gc_enabled,8726,1.5902999984973576
gc_enabled,8727,1.5352999998867745
gc_enabled,8728,1.5105000002222368
gc_enabled,8729,2.0607999995263526
gc_enabled,8730,1.6536000002815854
gc_enabled,8731,2.179299999625073
gc_enabled,8732,1.2822999997297302
gc_enabled,8733,1.2552999996842118
gc_enabled,8734,2.8548999998747604
gc_enabled,8735,1.3365000013436656
gc_enabled,8736,1.403099999151891
gc_enabled,8737,1.7714999994495884
gc_enabled,8738,2.328000000488828
gc_enabled,8739,1.3911000005464302
gc_enabled,8740,1.5103999994607875
gc_enabled,8741,1.4960000007704366
gc_enabled,8742,1.430899999832036
gc_enabled,8743,1.2879999994765967
gc_enabled,8744,1.2812999993911944
gc_enabled,8745,1.2308999994274927
gc_enabled,8746,1.3641999994433718
gc_enabled,8747,1.2171999987913296
gc_enabled,8748,1.2621000005310634
gc_enabled,8749,1.1735999996744795
gc_enabled,8750,2.8781000000890344
gc_enabled,8751,1.2729999998555286
gc_enabled,8752,1.2962000000698026
gc_enabled,8753,1.3331999998626998
gc_enabled,8754,1.2609000004886184
gc_enabled,8755,1.335099999778322
gc_enabled,8756,1.2373999998089857
gc_enabled,8757,1.2692999989667442
gc_enabled,8758,1.2674000008701114
gc_enabled,8759,1.4484999992419034
gc_enabled,8760,1.2528999995993217
gc_enabled,8761,1.5488000008190284
gc_enabled,8762,1.249400000233436
gc_enabled,8763,1.2735000000247965
gc_enabled,8764,1.283200001125806
gc_enabled,8765,1.4484000002994435
gc_enabled,8766,1.2941999993927311
gc_enabled,8767,1.3254000004963018
gc_enabled,8768,1.291799999307841
gc_enabled,8769,1.293099998292746
gc_enabled,8770,1.3579000005847774
gc_enabled,8771,1.2263000007806113
gc_enabled,8772,1.3668999999936204
gc_enabled,8773,1.369600000543869
gc_enabled,8774,1.2517000013758661
gc_enabled,8775,1.3257000009616604
gc_enabled,8776,1.2490000008256175
gc_enabled,8777,1.3515999999071937
gc_enabled,8778,1.2662999997701263
gc_enabled,8779,1.2645000006159535
gc_enabled,8780,1.4240000000427244
gc_enabled,8781,1.3710999992326833
gc_enabled,8782,1.2352000012469944
gc_enabled,8783,1.4649000004283153
gc_enabled,8784,1.2914999988424825
gc_enabled,8785,1.4045999996596947
gc_enabled,8786,1.3226999999460531
gc_enabled,8787,1.297599999816157
gc_enabled,8788,1.295499998377636
gc_enabled,8789,1.2878000015916768
gc_enabled,8790,1.3376999995671213
gc_enabled,8791,1.2415000001055887
gc_enabled,8792,1.2656000017159386
gc_enabled,8793,1.4057000007596798
gc_enabled,8794,1.2676000005740207
gc_enabled,8795,1.3960999986011302
gc_enabled,8796,1.2410999988787808
gc_enabled,8797,1.302399999985937
gc_enabled,8798,1.2544000001071254
gc_enabled,8799,1.2663000015891157
gc_enabled,8800,1.5774000003148103
gc_enabled,8801,1.2936999992234632
gc_enabled,8802,1.2415000001055887
gc_enabled,8803,1.4293000003817724
gc_enabled,8804,1.3492999987647636
gc_enabled,8805,1.3168999994377373
gc_enabled,8806,1.2644000016734935
gc_enabled,8807,1.3686000002053333
gc_enabled,8808,1.308200000494253
gc_enabled,8809,1.235000001543085
gc_enabled,8810,1.2927000007039169
gc_enabled,8811,1.302300001043477
gc_enabled,8812,1.5026000000943895
gc_enabled,8813,1.4511000008496922
gc_enabled,8814,1.2412000014592195
gc_enabled,8815,1.2829000006604474
gc_enabled,8816,1.3100000014674151
gc_enabled,8817,1.2986000001546927
gc_enabled,8818,1.2513000001490582
gc_enabled,8819,1.225699999849894
gc_enabled,8820,1.4314999989437638
gc_enabled,8821,1.3168000004952773
gc_enabled,8822,1.4055000010557706
gc_enabled,8823,1.2640000004466856
gc_enabled,8824,1.3137000005372101
gc_enabled,8825,1.23630000052799
gc_enabled,8826,1.424800000677351
gc_enabled,8827,1.410899998518289
gc_enabled,8828,1.3870000002498273
gc_enabled,8829,1.324499999100226
gc_enabled,8830,1.3176000011299038
gc_enabled,8831,1.2292999999772292
gc_enabled,8832,1.282100000025821
gc_enabled,8833,1.2275000008230563
gc_enabled,8834,1.2415000001055887
gc_enabled,8835,1.3409000002866378
gc_enabled,8836,1.259599999684724
gc_enabled,8837,1.305300000240095
gc_enabled,8838,1.2599999990925426
gc_enabled,8839,1.2800000004062895
gc_enabled,8840,1.330999999481719
gc_enabled,8841,1.2195999988762196
gc_enabled,8842,1.355899999907706
gc_enabled,8843,1.3063999995210906
gc_enabled,8844,1.2149000012868783
gc_enabled,8845,1.4744000000064261
gc_enabled,8846,1.285799999095616
gc_enabled,8847,3.434999998717103
gc_enabled,8848,1.3085999999020714
gc_enabled,8849,1.2495000009948853
gc_enabled,8850,1.260099999853992
gc_enabled,8851,1.3289999988046475
gc_enabled,8852,1.2936000002810033
gc_enabled,8853,1.305399999182555
gc_enabled,8854,1.24119999964023
gc_enabled,8855,1.326899999185116
gc_enabled,8856,1.2160999995103339
gc_enabled,8857,1.3342999991436955
gc_enabled,8858,1.4677999988634838
gc_enabled,8859,1.3235999995231396
gc_enabled,8860,1.3003000003664056
gc_enabled,8861,1.26780000027793
gc_enabled,8862,1.3262000011309283
gc_enabled,8863,3.010099999301019
gc_enabled,8864,1.2944999998580897
gc_enabled,8865,1.2576999997691019
gc_enabled,8866,1.3390000003710156
gc_enabled,8867,1.252300000487594
gc_enabled,8868,1.2722000010398915
gc_enabled,8869,1.2409000009938609
gc_enabled,8870,1.520600000731065
gc_enabled,8871,1.2876000000687782
gc_enabled,8872,1.330499999312451
gc_enabled,8873,1.2960999993083533
gc_enabled,8874,1.377900000079535
gc_enabled,8875,1.276299999517505
gc_enabled,8876,1.248200000190991
gc_enabled,8877,1.2793999994755723
gc_enabled,8878,1.2701999985438306
gc_enabled,8879,1.2095999991288409
gc_enabled,8880,1.2936999992234632
gc_enabled,8881,1.2039000012009637
gc_enabled,8882,1.3042999999015592
gc_enabled,8883,1.2300000016693957
gc_enabled,8884,2.073999999993248
gc_enabled,8885,1.3034999992669327
gc_enabled,8886,1.3292000003275461
gc_enabled,8887,1.3005000000703149
gc_enabled,8888,1.3236999984655995
gc_enabled,8889,1.4074000009713927
gc_enabled,8890,1.330900000539259
gc_enabled,8891,1.2810999996872852
gc_enabled,8892,1.3058000004093628
gc_enabled,8893,1.30410000019765
gc_enabled,8894,1.423899999281275
gc_enabled,8895,1.2855999993917067
gc_enabled,8896,1.2736999997287057
gc_enabled,8897,1.5275000005203765
gc_enabled,8898,1.3044000006630085
gc_enabled,8899,1.4068999989831354
gc_enabled,8900,1.2525000001915032
gc_enabled,8901,1.211400000102003
gc_enabled,8902,1.23150000035821
gc_enabled,8903,1.2953999994351761
gc_enabled,8904,1.3665999995282618
gc_enabled,8905,1.2643999998545041
gc_enabled,8906,1.336200000878307
gc_enabled,8907,1.3537000013457146
gc_enabled,8908,1.3020999995205784
gc_enabled,8909,1.1943999998038635
gc_enabled,8910,1.1914000006072456
gc_enabled,8911,1.5444000000570668
gc_enabled,8912,1.3438999994832557
gc_enabled,8913,1.263799998923787
gc_enabled,8914,1.4910000008967472
gc_enabled,8915,1.4367000003403518
gc_enabled,8916,1.267300000108662
gc_enabled,8917,1.2826000001950888
gc_enabled,8918,1.2255999990884447
gc_enabled,8919,1.4049999990675133
gc_enabled,8920,1.3424999997369014
gc_enabled,8921,1.2194000009912997
gc_enabled,8922,1.214300000356161
gc_enabled,8923,1.2810000007448252
gc_enabled,8924,1.198700001623365
gc_enabled,8925,1.221300000906922
gc_enabled,8926,1.2730999987979885
gc_enabled,8927,1.3978000006318325
gc_enabled,8928,1.244099999894388
gc_enabled,8929,1.758799999151961
gc_enabled,8930,1.5113999997993233
gc_enabled,8931,1.308200000494253
gc_enabled,8932,1.2858999998570653
gc_enabled,8933,1.2371000011626165
gc_enabled,8934,1.4222999998310115
gc_enabled,8935,1.2229000003571855
gc_enabled,8936,1.251100000445149
gc_enabled,8937,1.3125000004947651
gc_enabled,8938,1.3545000001613516
gc_enabled,8939,1.3248999985080445
gc_enabled,8940,1.2560000013763783
gc_enabled,8941,1.2212000001454726
gc_enabled,8942,1.27260000044771
gc_enabled,8943,1.2437000004865695
gc_enabled,8944,1.355899999907706
gc_enabled,8945,1.2743999996018829
gc_enabled,8946,1.3438000005407957
gc_enabled,8947,1.409599999533384
gc_enabled,8948,1.3079000000288943
gc_enabled,8949,1.2578999994730111
gc_enabled,8950,1.3973000004625646
gc_enabled,8951,1.3109000010445016
gc_enabled,8952,1.20249999963562
gc_enabled,8953,1.2623000002349727
gc_enabled,8954,1.5531999997620005
gc_enabled,8955,1.2503000016295118
gc_enabled,8956,1.3085999999020714
gc_enabled,8957,1.5423999993799953
gc_enabled,8958,1.3975999991089338
gc_enabled,8959,1.277900000786758
gc_enabled,8960,1.2093999994249316
gc_enabled,8961,1.2984999993932433
gc_enabled,8962,1.2243000001035398
gc_enabled,8963,1.2822999997297302
gc_enabled,8964,1.307299999098177
gc_enabled,8965,1.2903999995614868
gc_enabled,8966,1.2427000001480337
gc_enabled,8967,1.215599999341066
gc_enabled,8968,1.253000000360771
gc_enabled,8969,1.3045999985479284
gc_enabled,8970,1.2521999997261446
gc_enabled,8971,1.3213999991421588
gc_enabled,8972,1.3956000002508517
gc_enabled,8973,1.3017000001127599
gc_enabled,8974,1.2487999993027188
gc_enabled,8975,1.2509999996836996
gc_enabled,8976,1.3381999997363891
gc_enabled,8977,2.8609999990294455
gc_enabled,8978,1.2572000014188234
gc_enabled,8979,1.2574000011227326
gc_enabled,8980,1.2516999995568767
gc_enabled,8981,1.3722999992751284
gc_enabled,8982,1.2200000001030276
gc_enabled,8983,1.219199999468401
gc_enabled,8984,1.2211000012030127
gc_enabled,8985,1.2764999992214143
gc_enabled,8986,1.762399999279296
gc_enabled,8987,1.5426999998453539
gc_enabled,8988,1.648600000407896
gc_enabled,8989,1.8556999984866707
gc_enabled,8990,1.4392000011866912
gc_enabled,8991,1.3894999992771773
gc_enabled,8992,1.2705000008281786
gc_enabled,8993,3.1814000012673205
gc_enabled,8994,1.2556000001495704
gc_enabled,8995,1.55570000060834
gc_enabled,8996,1.5879999991739169
gc_enabled,8997,1.4972999997553416
gc_enabled,8998,1.5889999995124526
gc_enabled,8999,1.4728000005561626
gc_enabled,9000,1.6680000007909257
gc_enabled,9001,1.341099999990547
gc_enabled,9002,1.4946999999665422
gc_enabled,9003,1.30650000028254
gc_enabled,9004,1.5776000000187196
gc_enabled,9005,1.579799998580711
gc_enabled,9006,1.6880000002856832
gc_enabled,9007,1.660099998844089
gc_enabled,9008,1.6990999993140576
gc_enabled,9009,1.9248000007792143
gc_enabled,9010,1.8485999989934498
gc_enabled,9011,1.7377999993186677
gc_enabled,9012,2.112999998644227
gc_enabled,9013,1.678399999946123
gc_enabled,9014,1.6892999992705882
gc_enabled,9015,1.6165999986696988
gc_enabled,9016,1.666599999225582
gc_enabled,9017,1.5763999999762746
gc_enabled,9018,1.661700000113342
gc_enabled,9019,1.5674999995098915
gc_enabled,9020,1.5757000001030974
gc_enabled,9021,1.5249000007315772
gc_enabled,9022,1.4592000006814487
gc_enabled,9023,1.6881999999895925
gc_enabled,9024,1.7392000008840114
gc_enabled,9025,1.718800000162446
gc_enabled,9026,1.5602000003127614
gc_enabled,9027,1.5872999993007397
gc_enabled,9028,1.6460000006190967
gc_enabled,9029,1.6720000003260793
gc_enabled,9030,1.5342999995482387
gc_enabled,9031,1.849199999924167
gc_enabled,9032,1.633999998375657
gc_enabled,9033,1.4187000015226658
gc_enabled,9034,1.319099999818718
gc_enabled,9035,1.3047000011283671
gc_enabled,9036,1.5452000006916933
gc_enabled,9037,1.2972000004083384
gc_enabled,9038,1.2491000015870668
gc_enabled,9039,1.283300000068266
gc_enabled,9040,1.3376999995671213
gc_enabled,9041,1.402700001563062
gc_enabled,9042,1.3187999993533595
gc_enabled,9043,1.4634999988629716
gc_enabled,9044,1.2406000005285023
gc_enabled,9045,1.2275000008230563
gc_enabled,9046,1.4209999990271172
gc_enabled,9047,1.3252000007923925
gc_enabled,9048,1.3567000005423324
gc_enabled,9049,1.2333000013313722
gc_enabled,9050,1.3223999994806945
gc_enabled,9051,1.3521000000764616
gc_enabled,9052,1.2759000001096865
gc_enabled,9053,1.3355999999475898
gc_enabled,9054,1.2937999999849126
gc_enabled,9055,1.4692999993712874
gc_enabled,9056,1.3316000004124362
gc_enabled,9057,1.2225999998918269
gc_enabled,9058,1.2870000009570504
gc_enabled,9059,1.499800000601681
gc_enabled,9060,1.4535999998770421
gc_enabled,9061,1.281199998629745
gc_enabled,9062,1.3254999994387617
gc_enabled,9063,1.5604000000166707
gc_enabled,9064,1.3185000007069902
gc_enabled,9065,1.304899999013287
gc_enabled,9066,1.4143999997031642
gc_enabled,9067,1.5960000000632135
gc_enabled,9068,1.5311000006477116
gc_enabled,9069,1.4014000007591676
gc_enabled,9070,1.555399998323992
gc_enabled,9071,2.360799999223673
gc_enabled,9072,1.7454000008001458
gc_enabled,9073,2.5177999996230938
gc_enabled,9074,1.5688000003137859
gc_enabled,9075,1.330999999481719
gc_enabled,9076,1.4633999999205116
gc_enabled,9077,1.3417999998637242
gc_enabled,9078,1.2700000006589107
gc_enabled,9079,1.2913999999000225
gc_enabled,9080,1.3383000004978385
gc_enabled,9081,1.3296999986778246
gc_enabled,9082,1.5519999997195555
gc_enabled,9083,1.573100000314298
gc_enabled,9084,1.6376000003219815
gc_enabled,9085,1.5577000012854114
gc_enabled,9086,1.5693000004830537
gc_enabled,9087,1.5621000002283836
gc_enabled,9088,1.6454000015073689
gc_enabled,9089,1.5783999988343567
gc_enabled,9090,1.808899998650304
gc_enabled,9091,1.5514000006078277
gc_enabled,9092,1.7779000008886214
gc_enabled,9093,1.56299999980547
gc_enabled,9094,1.8448999999236548
gc_enabled,9095,1.4188999994075857
gc_enabled,9096,1.3679000003321562
gc_enabled,9097,1.2872000006609596
gc_enabled,9098,1.209000000017113
gc_enabled,9099,1.3512000004993752
gc_enabled,9100,1.3407000005827285
gc_enabled,9101,1.2072999998054001
gc_enabled,9102,1.2611000001925277
gc_enabled,9103,1.2652999994315905
gc_enabled,9104,1.4050999998289626
gc_enabled,9105,1.2778999989677686
gc_enabled,9106,1.2391999989631586
gc_enabled,9107,1.591599999301252
gc_enabled,9108,1.3033999985054834
gc_enabled,9109,1.2889999998151325
gc_enabled,9110,1.27260000044771
gc_enabled,9111,1.3632000009238254
gc_enabled,9112,1.3674000001628883
gc_enabled,9113,1.2574000011227326
gc_enabled,9114,1.2703000011242693
gc_enabled,9115,1.2918000011268305
gc_enabled,9116,1.3951999990240438
gc_enabled,9117,1.2485999995988095
gc_enabled,9118,1.2423999996826751
gc_enabled,9119,1.2862000003224239
gc_enabled,9120,1.2526999998954125
gc_enabled,9121,1.3151999992260244
gc_enabled,9122,1.4767000011488562
gc_enabled,9123,3.1816000009712297
gc_enabled,9124,1.9583000012062257
gc_enabled,9125,1.3163999992684694
gc_enabled,9126,1.317800000833813
gc_enabled,9127,1.3226000010035932
gc_enabled,9128,1.4266999987739837
gc_enabled,9129,1.4226000002963701
gc_enabled,9130,1.360299998850678
gc_enabled,9131,1.3331000009202398
gc_enabled,9132,1.246599998921738
gc_enabled,9133,1.3455999996949686
gc_enabled,9134,1.2425999993865844
gc_enabled,9135,1.315400000748923
gc_enabled,9136,1.2365000002318993
gc_enabled,9137,1.3956000002508517
gc_enabled,9138,1.3180999994801823
gc_enabled,9139,2.981300000101328
gc_enabled,9140,1.3251000000309432
gc_enabled,9141,1.3075999995635357
gc_enabled,9142,1.6077000000223052
gc_enabled,9143,1.6402000001107808
gc_enabled,9144,1.5103999994607875
gc_enabled,9145,1.5977000002749264
gc_enabled,9146,1.5461000002687797
gc_enabled,9147,1.700499999060412
gc_enabled,9148,1.489199999923585
gc_enabled,9149,1.3422000010905322
gc_enabled,9150,1.3519999993150122
gc_enabled,9151,1.5768000012030825
gc_enabled,9152,1.5077000007295283
gc_enabled,9153,1.5631999995093793
gc_enabled,9154,1.5930999998090556
gc_enabled,9155,1.3159999998606509
gc_enabled,9156,1.3146000001142966
gc_enabled,9157,1.239999999597785
gc_enabled,9158,1.3617000004160218
gc_enabled,9159,1.2816000016755424
gc_enabled,9160,1.2296000004425878
gc_enabled,9161,1.2529000014183111
gc_enabled,9162,1.2724000007438008
gc_enabled,9163,1.2604000003193505
gc_enabled,9164,1.2373999998089857
gc_enabled,9165,1.2932999998156447
gc_enabled,9166,1.3039999994362006
gc_enabled,9167,1.305300000240095
gc_enabled,9168,1.2810000007448252
gc_enabled,9169,1.2907999989693053
gc_enabled,9170,1.2976999987586169
gc_enabled,9171,1.3044999996054685
gc_enabled,9172,1.4223999987734715
gc_enabled,9173,1.3626999989355681
gc_enabled,9174,1.4061999991099583
gc_enabled,9175,1.2573000003612833
gc_enabled,9176,1.388099999530823
gc_enabled,9177,1.2430999995558523
gc_enabled,9178,1.279100000829203
gc_enabled,9179,1.3042999999015592
gc_enabled,9180,1.38150000020687
gc_enabled,9181,1.4061000001674984
gc_enabled,9182,1.3235000005806796
gc_enabled,9183,1.2212000001454726
gc_enabled,9184,1.2826999991375487
gc_enabled,9185,1.2379999989207136
gc_enabled,9186,1.42269999923883
gc_enabled,9187,1.239200000782148
gc_enabled,9188,1.260099999853992
gc_enabled,9189,1.3763999995717313
gc_enabled,9190,1.2996000004932284
gc_enabled,9191,1.2485999995988095
gc_enabled,9192,1.2452000009943731
gc_enabled,9193,1.2740000001940643
gc_enabled,9194,1.3389999985520262
gc_enabled,9195,1.2896000007458497
gc_enabled,9196,1.2611999991349876
gc_enabled,9197,1.4334000006783754
gc_enabled,9198,1.2492999994719867
gc_enabled,9199,1.2521000007836847
gc_enabled,9200,1.212699999086908
gc_enabled,9201,1.4678000006824732
gc_enabled,9202,1.242899999851943
gc_enabled,9203,1.1943999998038635
gc_enabled,9204,1.2491999987105373
gc_enabled,9205,1.3054000010015443
gc_enabled,9206,1.2618000000657048
gc_enabled,9207,1.284900001337519
gc_enabled,9208,1.260099999853992
gc_enabled,9209,1.4628999997512437
gc_enabled,9210,1.2729999998555286
gc_enabled,9211,1.3410000010480871
gc_enabled,9212,1.224999999976717
gc_enabled,9213,1.3240000007499475
gc_enabled,9214,1.267300000108662
gc_enabled,9215,1.2941000004502712
gc_enabled,9216,1.3405000008788193
gc_enabled,9217,1.3209999997343402
gc_enabled,9218,1.2153999996371567
gc_enabled,9219,1.2932999998156447
gc_enabled,9220,1.2188000000605825
gc_enabled,9221,1.2724999996862607
gc_enabled,9222,1.4587000005121808
gc_enabled,9223,1.5208000004349742
gc_enabled,9224,1.355899999907706
gc_enabled,9225,1.2841999996453524
gc_enabled,9226,1.2688000006164657
gc_enabled,9227,1.3015000004088506
gc_enabled,9228,1.4551999993273057
gc_enabled,9229,1.2788000003638444
gc_enabled,9230,1.271900000574533
gc_enabled,9231,1.2988999988010619
gc_enabled,9232,1.4458000005106442
gc_enabled,9233,1.5369000011560274
gc_enabled,9234,1.2647000003198627
gc_enabled,9235,1.2301999995543156
gc_enabled,9236,3.0851999999867985
gc_enabled,9237,1.2509000007412396
gc_enabled,9238,1.3108000002830522
gc_enabled,9239,1.2150000002293382
gc_enabled,9240,1.3584999996965053
gc_enabled,9241,1.281500000914093
gc_enabled,9242,1.2650000007852213
gc_enabled,9243,1.4711000003444497
gc_enabled,9244,1.2919000000692904
gc_enabled,9245,1.2667999999393942
gc_enabled,9246,1.292200000534649
gc_enabled,9247,1.2575000000651926
gc_enabled,9248,1.4301999999588588
gc_enabled,9249,1.2411000006977702
gc_enabled,9250,1.1888000008184463
gc_enabled,9251,1.2449999994714744
gc_enabled,9252,3.2262000004266156
gc_enabled,9253,1.45419999898877
gc_enabled,9254,1.4902999992045807
gc_enabled,9255,1.2497999996412545
gc_enabled,9256,1.27509999947506
gc_enabled,9257,1.262400000996422
gc_enabled,9258,1.3763999995717313
gc_enabled,9259,1.2475000003178138
gc_enabled,9260,1.2476999982027337
gc_enabled,9261,1.3132000003679423
gc_enabled,9262,1.249499999175896
gc_enabled,9263,1.2912000001961133
gc_enabled,9264,1.5369000011560274
gc_enabled,9265,1.5733000000182074
gc_enabled,9266,1.3032000006205635
gc_enabled,9267,1.2136000004829839
gc_enabled,9268,1.4860000010230578
gc_enabled,9269,2.7198999996471684
gc_enabled,9270,1.4408000006369548
gc_enabled,9271,1.2248999992152676
gc_enabled,9272,1.3242999993963167
gc_enabled,9273,1.38390000029176
gc_enabled,9274,1.303600000028382
gc_enabled,9275,1.3799999996990664
gc_enabled,9276,1.294600000619539
gc_enabled,9277,1.2810000007448252
gc_enabled,9278,1.3056000007054536
gc_enabled,9279,1.2741000009555137
gc_enabled,9280,1.2190000015834812
gc_enabled,9281,1.3171999999030959
gc_enabled,9282,1.3096999991830671
gc_enabled,9283,1.2757000004057772
gc_enabled,9284,1.2218000010761898
gc_enabled,9285,3.4921999995276565
gc_enabled,9286,1.2609999994310783
gc_enabled,9287,1.2504000005719718
gc_enabled,9288,1.3216999996075174
gc_enabled,9289,1.2991000003239606
gc_enabled,9290,1.373899998725392
gc_enabled,9291,1.2342999998509185
gc_enabled,9292,1.3039999994362006
gc_enabled,9293,1.2510999986261595
gc_enabled,9294,1.2537000002339482
gc_enabled,9295,1.370899999528774
gc_enabled,9296,1.295800000661984
gc_enabled,9297,1.1933000005228678
gc_enabled,9298,1.2879999994765967
gc_enabled,9299,1.2133000000176253
gc_enabled,9300,1.3156999993952923
gc_enabled,9301,1.2601999987964518
gc_enabled,9302,1.307700000324985
gc_enabled,9303,1.2998000001971377
gc_enabled,9304,1.3255999983812217
gc_enabled,9305,1.3765999992756406
gc_enabled,9306,1.267300000108662
gc_enabled,9307,1.463400001739501
gc_enabled,9308,1.6698999988875585
gc_enabled,9309,1.314999999522115
gc_enabled,9310,1.331400000708527
gc_enabled,9311,1.3026999986323062
gc_enabled,9312,1.4895999993314035
gc_enabled,9313,1.2602000006154412
gc_enabled,9314,1.2742999988404335
gc_enabled,9315,1.3560000006691553
gc_enabled,9316,1.3424000007944414
gc_enabled,9317,1.5984999990905635
gc_enabled,9318,1.3502999991032993
gc_enabled,9319,1.395799999954761
gc_enabled,9320,1.3280000002851011
gc_enabled,9321,1.2671999993472127
gc_enabled,9322,1.2976999987586169
gc_enabled,9323,1.3020999995205784
gc_enabled,9324,1.4195999992807629
gc_enabled,9325,1.3752999984717462
gc_enabled,9326,1.30410000019765
gc_enabled,9327,1.67180000062217
gc_enabled,9328,1.7554000005475245
gc_enabled,9329,1.6240999993897276
gc_enabled,9330,1.5722000007372117
gc_enabled,9331,1.686600000539329
gc_enabled,9332,1.7552999997860752
gc_enabled,9333,1.6864999997778796
gc_enabled,9334,1.6292000000248663
gc_enabled,9335,1.7115999999077758
gc_enabled,9336,1.5876000015850877
gc_enabled,9337,1.7597000005480368
gc_enabled,9338,1.5806999999767868
gc_enabled,9339,1.6713000004529022
gc_enabled,9340,1.4549000006809365
gc_enabled,9341,1.34760000037204
gc_enabled,9342,1.293499999519554
gc_enabled,9343,1.3116999998601386
gc_enabled,9344,1.3706999998248648
gc_enabled,9345,1.2303999992582249
gc_enabled,9346,1.3018999998166692
gc_enabled,9347,1.3823999997839564
gc_enabled,9348,1.3567000005423324
gc_enabled,9349,1.4483000013569836
gc_enabled,9350,1.4526000013574958
gc_enabled,9351,1.3047000011283671
gc_enabled,9352,1.5602999992552213
gc_enabled,9353,1.373000000967295
gc_enabled,9354,1.3548000006267102
gc_enabled,9355,1.323700000284589
gc_enabled,9356,1.3692000011360506
gc_enabled,9357,1.3111999996908708
gc_enabled,9358,1.5261000007740222
gc_enabled,9359,1.4448000001721084
gc_enabled,9360,1.2884000007034047
gc_enabled,9361,1.555200000439072
gc_enabled,9362,1.5911999998934334
gc_enabled,9363,2.183599999625585
gc_enabled,9364,1.5609000001859386
gc_enabled,9365,2.1077000001241686
gc_enabled,9366,1.4934999999240972
gc_enabled,9367,1.5387000003102003
gc_enabled,9368,1.5958000003593042
gc_enabled,9369,2.0480000002862653
gc_enabled,9370,1.4460999991570134
gc_enabled,9371,1.34529999922961
gc_enabled,9372,1.4018000001669861
gc_enabled,9373,1.2916999985463917
gc_enabled,9374,1.3561000014306046
gc_enabled,9375,1.3463000013871351
gc_enabled,9376,1.2623000002349727
gc_enabled,9377,1.3087999996059807
gc_enabled,9378,1.3301999988470925
gc_enabled,9379,1.2752000002365094
gc_enabled,9380,1.3380000000324799
gc_enabled,9381,1.363100000162376
gc_enabled,9382,3.6343000010674587
gc_enabled,9383,1.4787000000069384
gc_enabled,9384,1.324800001384574
gc_enabled,9385,1.2478999997256324
gc_enabled,9386,1.3703999993595062
gc_enabled,9387,1.5064999988680938
gc_enabled,9388,2.5913000008586096
gc_enabled,9389,1.5922000002319692
gc_enabled,9390,2.074500000162516
gc_enabled,9391,1.643399999011308
gc_enabled,9392,2.1452999990287935
gc_enabled,9393,1.7573000004631467
gc_enabled,9394,1.66700000045239
gc_enabled,9395,1.7837000013969373
gc_enabled,9396,1.576000000568456
gc_enabled,9397,1.536899999337038
gc_enabled,9398,3.2790999994176673
gc_enabled,9399,1.3610000005428446
gc_enabled,9400,1.3134000000718515
gc_enabled,9401,1.4248999996198108
gc_enabled,9402,1.2991000003239606
gc_enabled,9403,1.2850000002799788
gc_enabled,9404,1.244899998710025
gc_enabled,9405,1.3008999994781334
gc_enabled,9406,1.278699999602395
gc_enabled,9407,1.3371999993978534
gc_enabled,9408,1.2721000002784422
gc_enabled,9409,1.3876000011805445
gc_enabled,9410,1.538099999379483
gc_enabled,9411,1.5270000003511086
gc_enabled,9412,1.2874999993073288
gc_enabled,9413,1.4030000002094312
gc_enabled,9414,1.310199999352335
gc_enabled,9415,1.257600000826642
gc_enabled,9416,1.2907000000268454
gc_enabled,9417,1.3025999996898463
gc_enabled,9418,1.3115000001562294
gc_enabled,9419,1.2241999993420905
gc_enabled,9420,1.2781000004906673
gc_enabled,9421,1.3371000004553935
gc_enabled,9422,1.3361999990593176
gc_enabled,9423,1.545099999930244
gc_enabled,9424,1.6446999998152023
gc_enabled,9425,1.815899999201065
gc_enabled,9426,1.5817999992577825
gc_enabled,9427,1.8804000010277377
gc_enabled,9428,1.7014999993989477
gc_enabled,9429,2.297399998496985
gc_enabled,9430,1.6919000008783769
gc_enabled,9431,1.7519000011816388
gc_enabled,9432,1.551600000311737
gc_enabled,9433,1.4324999992822995
gc_enabled,9434,1.335899998593959
gc_enabled,9435,1.258399999642279
gc_enabled,9436,1.2937000010424526
gc_enabled,9437,1.2210999993840232
gc_enabled,9438,1.3477000011334894
gc_enabled,9439,1.2201999998069368
gc_enabled,9440,1.2303999992582249
gc_enabled,9441,1.3724000000365777
gc_enabled,9442,1.3193000013416167
gc_enabled,9443,1.3017999990552198
gc_enabled,9444,1.1851999988721218
gc_enabled,9445,1.1807000009866897
gc_enabled,9446,1.6246999985014554
gc_enabled,9447,1.2925000010000076
gc_enabled,9448,1.3650999990204582
gc_enabled,9449,1.2794000012945617
gc_enabled,9450,1.4472000002569985
gc_enabled,9451,1.2305000000196742
gc_enabled,9452,1.2344000006123679
gc_enabled,9453,1.2692000000242842
gc_enabled,9454,1.3484999999491265
gc_enabled,9455,1.3586999994004145
gc_enabled,9456,1.1908999986189883
gc_enabled,9457,1.2231999990035547
gc_enabled,9458,1.2858999998570653
gc_enabled,9459,1.2393999986670678
gc_enabled,9460,1.2960999993083533
gc_enabled,9461,1.2263999997230712
gc_enabled,9462,1.2822999997297302
gc_enabled,9463,1.4289999999164138
gc_enabled,9464,1.2664999994740356
gc_enabled,9465,1.4689999989059288
gc_enabled,9466,1.5294999993784586
gc_enabled,9467,1.4114999994490063
gc_enabled,9468,1.3039000004937407
gc_enabled,9469,1.303600000028382
gc_enabled,9470,1.3086999988445314
gc_enabled,9471,1.2299999998504063
gc_enabled,9472,1.3016999982937705
gc_enabled,9473,1.516400001492002
gc_enabled,9474,1.3159999998606509
gc_enabled,9475,1.5122999993764097
gc_enabled,9476,1.4038999997865176
gc_enabled,9477,1.3354000002436806
gc_enabled,9478,1.2655999998969492
gc_enabled,9479,1.2224999991303775
gc_enabled,9480,1.3689999996131519
gc_enabled,9481,1.3171999999030959
gc_enabled,9482,1.3305000011314405
gc_enabled,9483,1.2219000000186497
gc_enabled,9484,1.2991000003239606
gc_enabled,9485,1.366799999232171
gc_enabled,9486,1.2486999985412695
gc_enabled,9487,1.2853999996877974
gc_enabled,9488,1.2084999998478452
gc_enabled,9489,1.2836999994760845
gc_enabled,9490,1.278099998671678
gc_enabled,9491,1.2750000005326
gc_enabled,9492,1.2382000004436122
gc_enabled,9493,1.3662999990629032
gc_enabled,9494,1.2099999985366594
gc_enabled,9495,1.2884999996458646
gc_enabled,9496,1.334699998551514
gc_enabled,9497,1.2238999988767318
gc_enabled,9498,1.263299998754519
gc_enabled,9499,1.2576999997691019
gc_enabled,9500,1.3476999993145
gc_enabled,9501,1.2159999987488845
gc_enabled,9502,1.260000000911532
gc_enabled,9503,1.3017999990552198
gc_enabled,9504,1.3200000012147939
gc_enabled,9505,1.2576999997691019
gc_enabled,9506,1.3907000011386117
gc_enabled,9507,1.2689999985013856
gc_enabled,9508,1.3911999994888902
gc_enabled,9509,1.2301000006118556
gc_enabled,9510,1.290599999265396
gc_enabled,9511,1.2057000003551366
gc_enabled,9512,2.8448000011849217
gc_enabled,9513,1.259199998457916
gc_enabled,9514,1.2354000009509036
gc_enabled,9515,1.3070000004518079
gc_enabled,9516,1.4128000002529006
gc_enabled,9517,1.3070000004518079
gc_enabled,9518,1.3290999995660968
gc_enabled,9519,1.404799999363604
gc_enabled,9520,1.4240999989851844
gc_enabled,9521,1.2899000012112083
gc_enabled,9522,1.2188000000605825
gc_enabled,9523,1.3240999996924074
gc_enabled,9524,1.3466000000335043
gc_enabled,9525,1.262499999938882
gc_enabled,9526,1.2495999999373453
gc_enabled,9527,1.4360000004671747
gc_enabled,9528,3.04600000163191
gc_enabled,9529,1.2524999983725138
gc_enabled,9530,1.2747000000672415
gc_enabled,9531,1.3034000003244728
gc_enabled,9532,1.4375000009749783
gc_enabled,9533,1.3497999989340315
gc_enabled,9534,1.303699998970842
gc_enabled,9535,1.312900001721573
gc_enabled,9536,1.2442000006558374
gc_enabled,9537,1.3471999991452321
gc_enabled,9538,1.269000000320375
gc_enabled,9539,1.2509999996836996
gc_enabled,9540,1.241699999809498
gc_enabled,9541,1.203699999678065
gc_enabled,9542,1.6253999983746326
gc_enabled,9543,1.369799998428789
gc_enabled,9544,1.3271999996504746
gc_enabled,9545,1.288100000238046
gc_enabled,9546,1.2917000003653811
gc_enabled,9547,1.3259999996080296
gc_enabled,9548,1.2485000006563496
gc_enabled,9549,1.4055999999982305
gc_enabled,9550,1.2715000011667144
gc_enabled,9551,1.3328000004548812
gc_enabled,9552,1.242100001036306
gc_enabled,9553,1.2538000009953976
gc_enabled,9554,1.3259999996080296
gc_enabled,9555,1.3550000003306195
gc_enabled,9556,1.2060999997629551
gc_enabled,9557,1.3316999993548961
gc_enabled,9558,1.2215999995532911
gc_enabled,9559,1.5027999997982988
gc_enabled,9560,1.2662999997701263
gc_enabled,9561,1.20739999874786
gc_enabled,9562,1.4286000005085953
gc_enabled,9563,1.3758000004600035
gc_enabled,9564,1.372500000798027
gc_enabled,9565,1.2330999998084735
gc_enabled,9566,1.2974999990547076
gc_enabled,9567,1.3300999999046326
gc_enabled,9568,1.2745000003633322
gc_enabled,9569,1.2200999990454875
gc_enabled,9570,1.296300000831252
gc_enabled,9571,1.3495000002876623
gc_enabled,9572,1.3409000002866378
gc_enabled,9573,1.2301999995543156
gc_enabled,9574,1.3393999997788342
gc_enabled,9575,1.34520000028715
gc_enabled,9576,1.2643999998545041
gc_enabled,9577,1.2761999987560557
gc_enabled,9578,1.2882000009994954
gc_enabled,9579,1.2906000010843854
gc_enabled,9580,1.253599999472499
gc_enabled,9581,1.2645999995584134
gc_enabled,9582,1.3343999999051448
gc_enabled,9583,1.2344999995548278
gc_enabled,9584,1.2679999999818392
gc_enabled,9585,1.3462999995681457
gc_enabled,9586,1.323200000115321
gc_enabled,9587,1.2888999990536831
gc_enabled,9588,1.275500000701868
gc_enabled,9589,1.4307999990705866
gc_enabled,9590,1.291099999434664
gc_enabled,9591,1.1888999997609062
gc_enabled,9592,1.3576000001194188
gc_enabled,9593,1.264800001081312
gc_enabled,9594,1.3930000004620524
gc_enabled,9595,1.27029999930528
gc_enabled,9596,1.2337000007391907
gc_enabled,9597,1.2610000012500677
gc_enabled,9598,1.2962000000698026
gc_enabled,9599,1.3732999996136641
gc_enabled,9600,1.293900000746362
gc_enabled,9601,1.2968999999429798
gc_enabled,9602,1.4301999999588588
gc_enabled,9603,1.2431999984983122
gc_enabled,9604,1.2339000004431
gc_enabled,9605,1.426000000719796
gc_enabled,9606,1.289300000280491
gc_enabled,9607,1.245800000106101
gc_enabled,9608,1.2279999991733348
gc_enabled,9609,1.3780000008409843
gc_enabled,9610,1.2576999997691019
gc_enabled,9611,1.5208000004349742
gc_enabled,9612,1.2937999999849126
gc_enabled,9613,1.3068999996903585
gc_enabled,9614,1.2267000001884298
gc_enabled,9615,1.3643000002048211
gc_enabled,9616,1.2145000000600703
gc_enabled,9617,1.3281000010465505
gc_enabled,9618,1.2614999996003462
gc_enabled,9619,1.302900000155205
gc_enabled,9620,1.2866000015492318
gc_enabled,9621,1.1963999986619456
gc_enabled,9622,1.2940999986312818
gc_enabled,9623,1.2662999997701263
gc_enabled,9624,1.3070999993942678
gc_enabled,9625,1.2568000001920154
gc_enabled,9626,1.3073000009171665
gc_enabled,9627,1.3852000010956544
gc_enabled,9628,1.2370999993436271
gc_enabled,9629,1.2342999998509185
gc_enabled,9630,1.2368999996397179
gc_enabled,9631,1.312599999437225
gc_enabled,9632,1.3168999994377373
gc_enabled,9633,1.2717999998130836
gc_enabled,9634,1.2438999983714893
gc_enabled,9635,1.37910000012198
gc_enabled,9636,1.2103999997634673
gc_enabled,9637,1.1827999987872317
gc_enabled,9638,1.2326999985816656
gc_enabled,9639,1.2988999988010619
gc_enabled,9640,1.27020000036282
gc_enabled,9641,1.2109999988751952
gc_enabled,9642,1.394599999912316
gc_enabled,9643,1.3301999988470925
gc_enabled,9644,1.3044999996054685
gc_enabled,9645,1.3114000012137694
gc_enabled,9646,1.5363999991677701
gc_enabled,9647,1.4754000003449619
gc_enabled,9648,1.3008000005356735
gc_enabled,9649,1.258800000869087
gc_enabled,9650,1.3483999991876772
gc_enabled,9651,1.3027999993937556
gc_enabled,9652,1.3638000000355532
gc_enabled,9653,1.2394000004860573
gc_enabled,9654,1.367299999401439
gc_enabled,9655,1.2989000006200513
gc_enabled,9656,1.266100000066217
gc_enabled,9657,1.4085999991948484
gc_enabled,9658,2.807199998642318
gc_enabled,9659,1.2084999998478452
gc_enabled,9660,1.6464000000269152
gc_enabled,9661,1.3207999982114416
gc_enabled,9662,1.3963999990664888
gc_enabled,9663,1.2970000007044291
gc_enabled,9664,1.2520999989646953
gc_enabled,9665,1.7007000005833106
gc_enabled,9666,1.6133999997691717
gc_enabled,9667,1.5388000010716496
gc_enabled,9668,1.3334000013855984
gc_enabled,9669,1.3907999982620822
gc_enabled,9670,1.3538999992306344
gc_enabled,9671,1.24369999866758
gc_enabled,9672,1.2633999995159684
gc_enabled,9673,1.2659999993047677
gc_enabled,9674,2.991999999721884
gc_enabled,9675,1.2585999993461883
gc_enabled,9676,1.2461000005714595
gc_enabled,9677,3.063599999222788
gc_enabled,9678,2.1447999988595257
gc_enabled,9679,4.140799999731826
gc_enabled,9680,1.8817000000126427
gc_enabled,9681,1.443999999537482
gc_enabled,9682,1.2867999994341517
gc_enabled,9683,1.2480999994295416
gc_enabled,9684,1.2328000011621043
gc_enabled,9685,1.4806999988650205
gc_enabled,9686,1.5057000000524567
gc_enabled,9687,1.3328000004548812
gc_enabled,9688,1.2635000002774177
gc_enabled,9689,1.518100001703715
gc_enabled,9690,1.2536000012914883
gc_enabled,9691,1.2580999991769204
gc_enabled,9692,1.2177000007795868
gc_enabled,9693,1.5217000000120606
gc_enabled,9694,1.3135000008333009
gc_enabled,9695,1.2314999985392205
gc_enabled,9696,1.337400000920752
gc_enabled,9697,1.3550000003306195
gc_enabled,9698,1.312599999437225
gc_enabled,9699,1.2480000004870817
gc_enabled,9700,1.3272999985929346
gc_enabled,9701,1.3116999998601386
gc_enabled,9702,1.3741000002482906
gc_enabled,9703,1.3354999991861405
gc_enabled,9704,1.3218999993114267
gc_enabled,9705,1.354100000753533
gc_enabled,9706,1.2320999994699378
gc_enabled,9707,1.2778000000253087
gc_enabled,9708,1.3161000006221002
gc_enabled,9709,1.293599998462014
gc_enabled,9710,1.2989999995625112
gc_enabled,9711,1.244099999894388
gc_enabled,9712,1.2751000012940494
gc_enabled,9713,1.377800001137075
gc_enabled,9714,1.2788000003638444
gc_enabled,9715,1.3218999993114267
gc_enabled,9716,1.3173999996070052
gc_enabled,9717,1.2908999997307546
gc_enabled,9718,1.2592000002769055
gc_enabled,9719,1.3519999993150122
gc_enabled,9720,1.2707999994745478
gc_enabled,9721,1.3226000010035932
gc_enabled,9722,1.2272999993001577
gc_enabled,9723,1.2747999990097014
gc_enabled,9724,1.3364999995246762
gc_enabled,9725,1.2321999984123977
gc_enabled,9726,1.2456000004021917
gc_enabled,9727,1.2175000010756776
gc_enabled,9728,1.7360000001644948
gc_enabled,9729,1.3197000007494353
gc_enabled,9730,1.3906000003771624
gc_enabled,9731,1.3198000015108846
gc_enabled,9732,1.5919999987090705
gc_enabled,9733,1.6208000015467405
gc_enabled,9734,1.5174000000115484
gc_enabled,9735,1.400699999067001
gc_enabled,9736,1.4209000000846572
gc_enabled,9737,1.2711999988823663
gc_enabled,9738,1.2456000004021917
gc_enabled,9739,1.2507000010373304
gc_enabled,9740,1.3920000001235167
gc_enabled,9741,1.5036999993753852
gc_enabled,9742,1.7182000010507181
gc_enabled,9743,1.5671999990445329
gc_enabled,9744,1.7604999993636739
gc_enabled,9745,1.4923000017006416
gc_enabled,9746,1.5662999994674465
gc_enabled,9747,1.5877000005275477
gc_enabled,9748,1.5607000004820293
gc_enabled,9749,1.981399998840061
gc_enabled,9750,1.5538000006927177
gc_enabled,9751,1.618800000869669
gc_enabled,9752,1.5354000006482238
gc_enabled,9753,1.4893000006850343
gc_enabled,9754,1.5359000008174917
gc_enabled,9755,1.5447000005224254
gc_enabled,9756,1.6328999990946613
gc_enabled,9757,1.498100000389968
gc_enabled,9758,1.7659000004641712
gc_enabled,9759,1.586100001077284
gc_enabled,9760,1.8197000008512987
gc_enabled,9761,1.4847000002191635
gc_enabled,9762,2.1445000002131565
gc_enabled,9763,1.7133999990619486
gc_enabled,9764,1.4314000000013039
gc_enabled,9765,1.357099999950151
gc_enabled,9766,1.286900000195601
gc_enabled,9767,1.303600000028382
gc_enabled,9768,1.2533000008261297
gc_enabled,9769,1.2592000002769055
gc_enabled,9770,1.3646999996126397
gc_enabled,9771,2.8926999984832946
gc_enabled,9772,1.4690999996673781
gc_enabled,9773,1.5418999992107274
gc_enabled,9774,1.6864999997778796
gc_enabled,9775,1.6453999996883795
gc_enabled,9776,1.636700000744895
gc_enabled,9777,1.5754999985801987
gc_enabled,9778,1.3502999991032993
gc_enabled,9779,1.3572000007116003
gc_enabled,9780,1.4449999998760177
gc_enabled,9781,1.5375999992102152
gc_enabled,9782,1.5989000003173715
gc_enabled,9783,1.4293999993242323
gc_enabled,9784,1.3226999999460531
gc_enabled,9785,1.22910000027332
gc_enabled,9786,1.263699999981327
gc_enabled,9787,3.074600001127692
gc_enabled,9788,1.283999999941443
gc_enabled,9789,1.436299999113544
gc_enabled,9790,1.2468000004446367
gc_enabled,9791,1.2970000007044291
gc_enabled,9792,1.298799999858602
gc_enabled,9793,1.2757000004057772
gc_enabled,9794,1.3322000013431534
gc_enabled,9795,1.2057000003551366
gc_enabled,9796,1.3109000010445016
gc_enabled,9797,1.2467999986256473
gc_enabled,9798,1.2927999996463768
gc_enabled,9799,1.2163999999756925
gc_enabled,9800,1.2885999985883245
gc_enabled,9801,1.2432000003173016
gc_enabled,9802,1.2133000000176253
gc_enabled,9803,1.3589000009233132
gc_enabled,9804,2.5853999995888444
gc_enabled,9805,1.3132000003679423
gc_enabled,9806,1.2386999987938907
gc_enabled,9807,1.2325999996392056
gc_enabled,9808,1.3502000001608394
gc_enabled,9809,1.230300000315765
gc_enabled,9810,1.3658999996550847
gc_enabled,9811,1.306000000113272
gc_enabled,9812,1.2967000002390705
gc_enabled,9813,1.3561000014306046
gc_enabled,9814,1.3788999985990813
gc_enabled,9815,1.2835999987146351
gc_enabled,9816,1.3735000011365628
gc_enabled,9817,1.1897000003955327
gc_enabled,9818,1.3225999991846038
gc_enabled,9819,1.3794999995297985
gc_enabled,9820,2.91789999937464
gc_enabled,9821,1.3729000002058456
gc_enabled,9822,1.261999999769614
gc_enabled,9823,1.4256000013119774
gc_enabled,9824,1.242800000909483
gc_enabled,9825,1.2555000012071105
gc_enabled,9826,1.2521999997261446
gc_enabled,9827,1.323999998930958
gc_enabled,9828,1.732500000798609
gc_enabled,9829,1.2279000002308749
gc_enabled,9830,1.188299998830189
gc_enabled,9831,1.3459999991027871
gc_enabled,9832,1.22660000124597
gc_enabled,9833,1.4233999991120072
gc_enabled,9834,1.261200000953977
gc_enabled,9835,1.2597000004461734
gc_enabled,9836,1.2525000001915032
gc_enabled,9837,1.242999998794403
gc_enabled,9838,1.336200000878307
gc_enabled,9839,1.2757000004057772
gc_enabled,9840,1.2597000004461734
gc_enabled,9841,1.2971000014658784
gc_enabled,9842,1.3804999998683343
gc_enabled,9843,1.4664999998785788
gc_enabled,9844,1.3319999998202547
gc_enabled,9845,1.251800000318326
gc_enabled,9846,1.3894999992771773
gc_enabled,9847,1.295100000788807
gc_enabled,9848,1.2251000007381663
gc_enabled,9849,1.269000000320375
gc_enabled,9850,1.242100001036306
gc_enabled,9851,1.3111999996908708
gc_enabled,9852,1.2341999990894692
gc_enabled,9853,1.7612000010558404
gc_enabled,9854,1.2616000003617955
gc_enabled,9855,1.3018999998166692
gc_enabled,9856,1.3214999999036081
gc_enabled,9857,1.2841999996453524
gc_enabled,9858,1.3247999995655846
gc_enabled,9859,1.3666000013472512
gc_enabled,9860,1.239999999597785
gc_enabled,9861,1.4575000004697358
gc_enabled,9862,1.2795000002370216
gc_enabled,9863,1.5208999993774341
gc_enabled,9864,1.2403999990056036
gc_enabled,9865,1.2836000005336246
gc_enabled,9866,1.3560000006691553
gc_enabled,9867,1.2955000001966255
gc_enabled,9868,1.3331999998626998
gc_enabled,9869,1.2818999985029222
gc_enabled,9870,1.3977999988128431
gc_enabled,9871,1.311899999564048
gc_enabled,9872,1.2537999991764082
gc_enabled,9873,1.2920000008307397
gc_enabled,9874,1.3018999998166692
gc_enabled,9875,1.2814000001526438
gc_enabled,9876,1.390999999784981
gc_enabled,9877,1.2864000000263331
gc_enabled,9878,1.4014999997016275
gc_enabled,9879,1.280300000871648
gc_enabled,9880,1.2182999998913147
gc_enabled,9881,1.2509000007412396
gc_enabled,9882,1.3170000001991866
gc_enabled,9883,1.346499999272055
gc_enabled,9884,1.201299999593175
gc_enabled,9885,1.2532999990071403
gc_enabled,9886,1.360000000204309
gc_enabled,9887,1.2603000013768906
gc_enabled,9888,1.3627999996970175
gc_enabled,9889,1.3108999992255121
gc_enabled,9890,1.31379999947967
gc_enabled,9891,1.3120999992679572
gc_enabled,9892,1.2352000012469944
gc_enabled,9893,1.3127000001986744
gc_enabled,9894,1.3276999998197425
gc_enabled,9895,1.2034999999741558
gc_enabled,9896,1.4663000001746695
gc_enabled,9897,1.2967000002390705
gc_enabled,9898,1.4510000000882428
gc_enabled,9899,1.2836999994760845
gc_enabled,9900,1.2630999990506098
gc_enabled,9901,1.278699999602395
gc_enabled,9902,1.232299999173847
gc_enabled,9903,1.3168000004952773
gc_enabled,9904,1.4988000002631452
gc_enabled,9905,1.34040000011737
gc_enabled,9906,1.3441999999486143
gc_enabled,9907,1.2800999993487494
gc_enabled,9908,1.4728999994986225
gc_enabled,9909,1.4584000000468222
gc_enabled,9910,1.2890999987575924
gc_enabled,9911,1.2814000001526438
gc_enabled,9912,1.283200001125806
gc_enabled,9913,1.4429000002564862
gc_enabled,9914,1.3312999999470776
gc_enabled,9915,1.2344999995548278
gc_enabled,9916,1.2263000007806113
gc_enabled,9917,2.901100000599399
gc_enabled,9918,1.3540999989345437
gc_enabled,9919,1.2401000003592344
gc_enabled,9920,1.2308000004850328
gc_enabled,9921,1.3850999985152157
gc_enabled,9922,1.260099999853992
gc_enabled,9923,1.2879000005341368
gc_enabled,9924,1.2354999998933636
gc_enabled,9925,1.292299999477109
gc_enabled,9926,1.2338999986241106
gc_enabled,9927,1.2471000009099953
gc_enabled,9928,1.3664999987668125
gc_enabled,9929,1.3559999988501659
gc_enabled,9930,1.2868999983766116
gc_enabled,9931,1.2432000003173016
gc_enabled,9932,1.3026000015088357
gc_enabled,9933,3.086500000790693
gc_enabled,9934,1.2915000006614719
gc_enabled,9935,1.2201999998069368
gc_enabled,9936,1.3191000016377075
gc_enabled,9937,1.2805000005755574
gc_enabled,9938,1.3228999996499624
gc_enabled,9939,1.3598999994428596
gc_enabled,9940,1.3448000008793315
gc_enabled,9941,1.288600000407314
gc_enabled,9942,1.260799999727169
gc_enabled,9943,1.616400000784779
gc_enabled,9944,1.3300999999046326
gc_enabled,9945,1.2705999997706385
gc_enabled,9946,1.2544999990495853
gc_enabled,9947,1.3724000000365777
gc_enabled,9948,1.3812999986839714
gc_enabled,9949,1.23630000052799
gc_enabled,9950,1.3818999996146886
gc_enabled,9951,1.3290999995660968
gc_enabled,9952,1.4074000009713927
gc_enabled,9953,1.2631000008695992
gc_enabled,9954,1.2825000012526289
gc_enabled,9955,1.6632999995636055
gc_enabled,9956,1.4004999993630918
gc_enabled,9957,1.2894999999844003
gc_enabled,9958,1.266199999008677
gc_enabled,9959,1.2344000006123679
gc_enabled,9960,1.377900000079535
gc_enabled,9961,1.2463999992178287
gc_enabled,9962,1.4460999991570134
gc_enabled,9963,1.30890000036743
gc_enabled,9964,1.7351999995298684
gc_enabled,9965,1.5456999990419718
gc_enabled,9966,1.3280000002851011
gc_enabled,9967,1.5317000015784288
gc_enabled,9968,1.2790999990102137
gc_enabled,9969,1.2956000009580748
gc_enabled,9970,1.3030000009166542
gc_enabled,9971,1.2212999990879325
gc_enabled,9972,1.3156000004528323
gc_enabled,9973,1.3789000004180707
gc_enabled,9974,1.5790999987075338
gc_enabled,9975,1.2838000002375338
gc_enabled,9976,1.2096999998902902
gc_enabled,9977,1.4083000005484791
gc_enabled,9978,1.2005999997199979
gc_enabled,9979,1.2116999987483723
gc_enabled,9980,1.3137000005372101
gc_enabled,9981,1.3194999992265366
gc_enabled,9982,1.3290999995660968
gc_enabled,9983,1.2454000006982824
gc_enabled,9984,1.2079999996785773
gc_enabled,9985,1.4414999986911425
gc_enabled,9986,1.2735000000247965
gc_enabled,9987,1.3037999997322913
gc_enabled,9988,1.249499999175896
gc_enabled,9989,1.5101999997568782
gc_enabled,9990,1.2824000004911795
gc_enabled,9991,1.2489000000641681
gc_enabled,9992,1.353400000880356
gc_enabled,9993,1.4066000003367662
gc_enabled,9994,1.210700000228826
gc_enabled,9995,1.2400000014167745
gc_enabled,9996,1.243300001078751
gc_enabled,9997,1.4470000005530892
gc_enabled,9998,1.3344999988476047
gc_enabled,9999,1.2679999999818392
gc_disabled,0,1.5757000001030974
gc_disabled,1,1.5562999997200677
gc_disabled,2,1.5048999994178303
gc_disabled,3,1.483800000642077
gc_disabled,4,1.4514000013150508
gc_disabled,5,1.4898999997967621
gc_disabled,6,1.2970000007044291
gc_disabled,7,1.296399999773712
gc_disabled,8,1.227499999004067
gc_disabled,9,1.2519000010797754
gc_disabled,10,1.2606000000232598
gc_disabled,11,1.2418999995134072
gc_disabled,12,1.3233999998192303
gc_disabled,13,1.2704000000667293
gc_disabled,14,1.2003000010736287
gc_disabled,15,1.2813000012101838
gc_disabled,16,1.3496999999915715
gc_disabled,17,1.3806000006297836
gc_disabled,18,1.2854999986302573
gc_disabled,19,1.2476000010792632
gc_disabled,20,1.2519000010797754
gc_disabled,21,2.0474000011745375
gc_disabled,22,1.632699999390752
gc_disabled,23,1.4045999996596947
gc_disabled,24,1.4991000007285038
gc_disabled,25,1.4014999997016275
gc_disabled,26,2.0804999985557515
gc_disabled,27,1.4099999989412026
gc_disabled,28,1.507599999968079
gc_disabled,29,1.5051999998831889
gc_disabled,30,1.4441000002989313
gc_disabled,31,1.4532999994116835
gc_disabled,32,1.4478999983111862
gc_disabled,33,1.5653000009479001
gc_disabled,34,1.3993000011396362
gc_disabled,35,1.4964000001782551
gc_disabled,36,1.4145999994070735
gc_disabled,37,1.4841000011074357
gc_disabled,38,1.4508000003843335
gc_disabled,39,1.5571999992971541
gc_disabled,40,1.4327999997476581
gc_disabled,41,2.6361999989603646
gc_disabled,42,1.4542999997502193
gc_disabled,43,1.4869999995426042
gc_disabled,44,1.3968000002932968
gc_disabled,45,2.2910999996383907
gc_disabled,46,1.4351000008900883
gc_disabled,47,1.3913000002503395
gc_disabled,48,1.4351999998325482
gc_disabled,49,1.4075999988563126
gc_disabled,50,1.4396000005945098
gc_disabled,51,1.4926999992894707
gc_disabled,52,1.4754999992874218
gc_disabled,53,1.8885999998019543
gc_disabled,54,2.1099999994476093
gc_disabled,55,1.4525999995385064
gc_disabled,56,1.4874000007694121
gc_disabled,57,1.3022999992244877
gc_disabled,58,1.2843999993492616
gc_disabled,59,1.2801000011677388
gc_disabled,60,1.291799999307841
gc_disabled,61,1.3936000013927696
gc_disabled,62,1.27029999930528
gc_disabled,63,1.2382999993860722
gc_disabled,64,1.457700000173645
gc_disabled,65,1.2340000012045493
gc_disabled,66,1.3572999996540602
gc_disabled,67,1.256699999430566
gc_disabled,68,1.2385999998514308
gc_disabled,69,1.3039000004937407
gc_disabled,70,1.27029999930528
gc_disabled,71,1.2925999999424675
gc_disabled,72,1.2150000002293382
gc_disabled,73,1.3373000001593027
gc_disabled,74,1.401899999109446
gc_disabled,75,1.3018000008742092
gc_disabled,76,1.3545999991038116
gc_disabled,77,1.4037000000826083
gc_disabled,78,1.2681000007432885
gc_disabled,79,1.3134000000718515
gc_disabled,80,1.227400000061607
gc_disabled,81,1.4049000001250533
gc_disabled,82,1.2790999990102137
gc_disabled,83,1.2550999999803025
gc_disabled,84,1.3144000004103873
gc_disabled,85,1.381099998980062
gc_disabled,86,1.3858999991498422
gc_disabled,87,1.2674999998125713
gc_disabled,88,1.309300001594238
gc_disabled,89,1.2743999996018829
gc_disabled,90,1.2602999995579012
gc_disabled,91,1.3194000002840767
gc_disabled,92,1.252300000487594
gc_disabled,93,1.2376000013318844
gc_disabled,94,1.280399999814108
gc_disabled,95,1.214399999298621
gc_disabled,96,1.399900000251364
gc_disabled,97,1.2780000015482074
gc_disabled,98,1.2411000006977702
gc_disabled,99,1.2397999998938758
gc_disabled,100,1.2841999996453524
gc_disabled,101,2.072999999654712
gc_disabled,102,1.556400000481517
gc_disabled,103,1.5286000016203616
gc_disabled,104,1.4730999992025318
gc_disabled,105,1.4872000010655029
gc_disabled,106,1.750499999616295
gc_disabled,107,1.4902000002621207
gc_disabled,108,1.3436000008368865
gc_disabled,109,1.5566000001854263
gc_disabled,110,1.5753999996377388
gc_disabled,111,1.52189999971597
gc_disabled,112,1.4745000007678755
gc_disabled,113,1.4705000012327218
gc_disabled,114,1.4348999993671896
gc_disabled,115,1.4293000003817724
gc_disabled,116,1.3266999994812068
gc_disabled,117,1.4616999997087987
gc_disabled,118,1.2788000003638444
gc_disabled,119,1.3461000016832259
gc_disabled,120,1.3187999993533595
gc_disabled,121,1.2332000005699228
gc_disabled,122,1.2499999993451638
gc_disabled,123,1.3397000002441928
gc_disabled,124,1.2913999999000225
gc_disabled,125,1.2864000000263331
gc_disabled,126,1.2771000001521315
gc_disabled,127,1.2950000000273576
gc_disabled,128,1.2939999996888218
gc_disabled,129,1.2638000007427763
gc_disabled,130,1.2795000002370216
gc_disabled,131,1.2342999998509185
gc_disabled,132,1.3008999994781334
gc_disabled,133,1.2562000010802876
gc_disabled,134,1.318399999945541
gc_disabled,135,1.5210999990813434
gc_disabled,136,1.45169999996142
gc_disabled,137,1.6022999989218079
gc_disabled,138,1.3210000015533296
gc_disabled,139,1.2838000002375338
gc_disabled,140,1.364399999147281
gc_disabled,141,1.3168999994377373
gc_disabled,142,1.3291999985085567
gc_disabled,143,1.2526000009529525
gc_disabled,144,1.2795999991794815
gc_disabled,145,1.262499999938882
gc_disabled,146,1.3066999999864493
gc_disabled,147,1.3264999997772975
gc_disabled,148,1.2853999996877974
gc_disabled,149,1.3717000001634005
gc_disabled,150,1.5869000017119106
gc_disabled,151,1.4649999993707752
gc_disabled,152,1.3106999995216029
gc_disabled,153,1.2850999992224388
gc_disabled,154,1.2353999991319142
gc_disabled,155,1.335099999778322
gc_disabled,156,1.250600000275881
gc_disabled,157,1.2527999988378724
gc_disabled,158,1.227300001119147
gc_disabled,159,1.494099999035825
gc_disabled,160,1.3096000002406072
gc_disabled,161,1.2563999989652075
gc_disabled,162,1.2865999997302424
gc_disabled,163,1.3641000005009118
gc_disabled,164,1.3175999993109144
gc_disabled,165,1.2618000000657048
gc_disabled,166,1.3625999999931082
gc_disabled,167,1.2655000009544892
gc_disabled,168,1.3598000005003996
gc_disabled,169,1.3949000003776746
gc_disabled,170,1.3269999999465654
gc_disabled,171,1.2478999997256324
gc_disabled,172,1.3499000015144702
gc_disabled,173,1.2378999999782536
gc_disabled,174,1.2472999987949152
gc_disabled,175,1.250699999218341
gc_disabled,176,1.2753999999404186
gc_disabled,177,1.2692999989667442
gc_disabled,178,1.2421999999787658
gc_disabled,179,1.282100000025821
gc_disabled,180,1.258399999642279
gc_disabled,181,1.2759999990521464
gc_disabled,182,1.2579000012920005
gc_disabled,183,1.2829999996029073
gc_disabled,184,1.2611000001925277
gc_disabled,185,1.3752999984717462
gc_disabled,186,1.2631000008695992
gc_disabled,187,1.279600000998471
gc_disabled,188,1.2282999996386934
gc_disabled,189,1.2634999984584283
gc_disabled,190,1.2640000004466856
gc_disabled,191,1.2480000004870817
gc_disabled,192,1.6388999993068865
gc_disabled,193,1.3898000015615253
gc_disabled,194,1.2771000001521315
gc_disabled,195,1.2626999996427912
gc_disabled,196,1.2459999998100102
gc_disabled,197,1.3192999995226273
gc_disabled,198,1.3159999998606509
gc_disabled,199,1.2548000013339333
gc_disabled,200,1.2334000002738321
gc_disabled,201,1.2177000007795868
gc_disabled,202,1.4250000003812602
gc_disabled,203,1.2525000001915032
gc_disabled,204,1.3199000004533445
gc_disabled,205,1.2936999992234632
gc_disabled,206,1.2783000001945766
gc_disabled,207,1.4310000005934853
gc_disabled,208,1.253500000530039
gc_disabled,209,1.3930000004620524
gc_disabled,210,1.2979000002815155
gc_disabled,211,1.3775000006717164
gc_disabled,212,1.296300000831252
gc_disabled,213,1.2697000001935521
gc_disabled,214,1.2382999993860722
gc_disabled,215,1.3935999995737802
gc_disabled,216,1.2296000004425878
gc_disabled,217,1.3449999987642514
gc_disabled,218,1.2170999998488696
gc_disabled,219,1.2250999989191769
gc_disabled,220,1.2674999998125713
gc_disabled,221,1.2279000002308749
gc_disabled,222,1.3995999997860054
gc_disabled,223,1.2961000011273427
gc_disabled,224,1.2907999989693053
gc_disabled,225,1.3234999987616902
gc_disabled,226,1.2800000004062895
gc_disabled,227,1.3593000003311317
gc_disabled,228,1.324300001215306
gc_disabled,229,1.3644999999087304
gc_disabled,230,1.2804000016330974
gc_disabled,231,1.2901999998575775
gc_disabled,232,1.3622000005852897
gc_disabled,233,1.2526999998954125
gc_disabled,234,1.3782999994873535
gc_disabled,235,1.3981000010971911
gc_disabled,236,1.2932000008731848
gc_disabled,237,1.4436000001296634
gc_disabled,238,1.2747000000672415
gc_disabled,239,1.2124000004405389
gc_disabled,240,1.3051000005361857
gc_disabled,241,1.2757999993482372
gc_disabled,242,1.2180000012449455
gc_disabled,243,1.2360000000626314
gc_disabled,244,1.2640000004466856
gc_disabled,245,1.4193000006343937
gc_disabled,246,1.262400000996422
gc_disabled,247,1.2605000010807998
gc_disabled,248,1.27269999939017
gc_disabled,249,1.335799999651499
gc_disabled,250,1.2879000005341368
gc_disabled,251,1.2580000002344605
gc_disabled,252,1.30410000019765
gc_disabled,253,1.2825000012526289
gc_disabled,254,1.2424000015016645
gc_disabled,255,1.458600001569721
gc_disabled,256,1.282799999898998
gc_disabled,257,1.296300000831252
gc_disabled,258,1.3404999990598299
gc_disabled,259,1.2713999985862756
gc_disabled,260,1.3361999990593176
gc_disabled,261,1.2555000012071105
gc_disabled,262,1.2516000006144168
gc_disabled,263,1.2783999991370365
gc_disabled,264,1.2504000005719718
gc_disabled,265,1.220399999510846
gc_disabled,266,1.248200000190991
gc_disabled,267,1.2379999989207136
gc_disabled,268,1.5020999999251217
gc_disabled,269,1.2150000002293382
gc_disabled,270,1.3120999992679572
gc_disabled,271,1.2175000010756776
gc_disabled,272,1.4068000000406755
gc_disabled,273,1.2544000001071254
gc_disabled,274,1.2800999993487494
gc_disabled,275,1.2545999998110346
gc_disabled,276,1.2091999997210223
gc_disabled,277,1.4049999990675133
gc_disabled,278,1.2745999993057922
gc_disabled,279,1.2562999982037582
gc_disabled,280,1.3233999998192303
gc_disabled,281,1.2408999991748715
gc_disabled,282,1.2508999989222502
gc_disabled,283,1.2827000009565381
gc_disabled,284,1.267300000108662
gc_disabled,285,1.2979000002815155
gc_disabled,286,1.2564999997266568
gc_disabled,287,1.307799999267445
gc_disabled,288,2.690999999686028
gc_disabled,289,2.081900000121095
gc_disabled,290,3.165399999488727
gc_disabled,291,1.7977000006794697
gc_disabled,292,1.3269000010041054
gc_disabled,293,1.294799998504459
gc_disabled,294,1.3632999998662854
gc_disabled,295,1.2771999990945915
gc_disabled,296,1.2710999999399064
gc_disabled,297,1.2957999988429947
gc_disabled,298,1.2338999986241106
gc_disabled,299,1.4860000010230578
gc_disabled,300,1.2991999992664205
gc_disabled,301,1.3980000003357418
gc_disabled,302,1.246499999979278
gc_disabled,303,1.2533000008261297
gc_disabled,304,1.2789000011252938
gc_disabled,305,1.2495999999373453
gc_disabled,306,1.2587000001076376
gc_disabled,307,1.2361999997665407
gc_disabled,308,1.3359999993554084
gc_disabled,309,1.3115999990986893
gc_disabled,310,1.3106999995216029
gc_disabled,311,1.2353000001894543
gc_disabled,312,1.2716999990516342
gc_disabled,313,1.2280999999347841
gc_disabled,314,1.294799998504459
gc_disabled,315,1.303600000028382
gc_disabled,316,1.2039000012009637
gc_disabled,317,1.3149000005796552
gc_disabled,318,1.2411000006977702
gc_disabled,319,1.488699999754317
gc_disabled,320,1.3252999997348525
gc_disabled,321,1.2650999997276813
gc_disabled,322,1.3157000012142817
gc_disabled,323,1.3562999993155245
gc_disabled,324,1.2707999994745478
gc_disabled,325,1.305300000240095
gc_disabled,326,1.2569999998959247
gc_disabled,327,1.2449999994714744
gc_disabled,328,1.3025000007473864
gc_disabled,329,1.304800000070827
gc_disabled,330,1.4199999986885814
gc_disabled,331,1.2587000001076376
gc_disabled,332,1.2964999987161718
gc_disabled,333,1.2537000002339482
gc_disabled,334,1.3928000007581431
gc_disabled,335,1.2421999999787658
gc_disabled,336,1.2887000011687633
gc_disabled,337,1.3281999999890104
gc_disabled,338,1.2435999997251201
gc_disabled,339,1.3883000010537216
gc_disabled,340,1.41770000118413
gc_disabled,341,1.2471000009099953
gc_disabled,342,1.2917000003653811
gc_disabled,343,1.281599999856553
gc_disabled,344,1.3439999984257156
gc_disabled,345,1.6158999987965217
gc_disabled,346,1.4329000005091075
gc_disabled,347,1.322400001299684
gc_disabled,348,1.2377999992168043
gc_disabled,349,1.2748999997711508
gc_disabled,350,1.2937999999849126
gc_disabled,351,1.298799999858602
gc_disabled,352,1.3199000004533445
gc_disabled,353,1.2948000003234483
gc_disabled,354,1.324499999100226
gc_disabled,355,1.3400000007095514
gc_disabled,356,1.3385999991442077
gc_disabled,357,1.2704999990091892
gc_disabled,358,1.3066999999864493
gc_disabled,359,1.2676000005740207
gc_disabled,360,1.281500000914093
gc_disabled,361,1.4037000000826083
gc_disabled,362,1.3794000005873386
gc_disabled,363,1.3135000008333009
gc_disabled,364,1.2724000007438008
gc_disabled,365,1.2805999995180173
gc_disabled,366,1.4382999997906154
gc_disabled,367,1.251899999260786
gc_disabled,368,1.2888999990536831
gc_disabled,369,1.3158999990992015
gc_disabled,370,1.335799999651499
gc_disabled,371,1.3797000010526972
gc_disabled,372,1.2666999991779448
gc_disabled,373,1.3598000005003996
gc_disabled,374,1.280399999814108
gc_disabled,375,1.2502999998105224
gc_disabled,376,1.4073000002099434
gc_disabled,377,1.3490999990608543
gc_disabled,378,1.2432000003173016
gc_disabled,379,1.2900000001536682
gc_disabled,380,1.3455000007525086
gc_disabled,381,1.3744999996561091
gc_disabled,382,1.2888999990536831
gc_disabled,383,1.2557000009110197
gc_disabled,384,1.247700000021723
gc_disabled,385,1.3448999998217914
gc_disabled,386,1.2976999987586169
gc_disabled,387,1.292299999477109
gc_disabled,388,1.3834000001224922
gc_disabled,389,1.2504999995144317
gc_disabled,390,1.2710000009974465
gc_disabled,391,1.3621999987663003
gc_disabled,392,1.2722999999823514
gc_disabled,393,1.2557999998534797
gc_disabled,394,1.2860000006185146
gc_disabled,395,1.224999999976717
gc_disabled,396,1.4206999985617585
gc_disabled,397,1.2810000007448252
gc_disabled,398,1.2426000012055738
gc_disabled,399,1.2826999991375487
gc_disabled,400,1.494599999205093
gc_disabled,401,1.3990999996167375
gc_disabled,402,1.2587000001076376
gc_disabled,403,1.235899999301182
gc_disabled,404,1.3144000004103873
gc_disabled,405,1.3662000001204433
gc_disabled,406,1.322799998888513
gc_disabled,407,1.297599999816157
gc_disabled,408,1.2735000000247965
gc_disabled,409,1.302900000155205
gc_disabled,410,1.241699999809498
gc_disabled,411,1.389200000630808
gc_disabled,412,1.275599999644328
gc_disabled,413,1.2764999992214143
gc_disabled,414,1.2664000005315756
gc_disabled,415,1.2284999993426027
gc_disabled,416,1.4508000003843335
gc_disabled,417,1.2859999987995252
gc_disabled,418,1.3649000011355383
gc_disabled,419,1.3275000001158332
gc_disabled,420,1.3164000010874588
gc_disabled,421,1.34529999922961
gc_disabled,422,1.3288999998621875
gc_disabled,423,1.2267999991308898
gc_disabled,424,1.2825000012526289
gc_disabled,425,1.2353000001894543
gc_disabled,426,1.3639999997394625
gc_disabled,427,1.2234999994689133
gc_disabled,428,1.2248000002728077
gc_disabled,429,1.285600001210696
gc_disabled,430,1.2443000014172867
gc_disabled,431,1.4623999995819759
gc_disabled,432,1.2454000006982824
gc_disabled,433,1.214800000525429
gc_disabled,434,1.26780000027793
gc_disabled,435,1.2597999993886333
gc_disabled,436,1.336399998763227
gc_disabled,437,1.251100000445149
gc_disabled,438,1.2907000000268454
gc_disabled,439,1.3180000005377224
gc_disabled,440,1.2705999997706385
gc_disabled,441,1.3342000002012355
gc_disabled,442,1.2389999992592493
gc_disabled,443,1.3567000005423324
gc_disabled,444,1.300400001127855
gc_disabled,445,1.2275000008230563
gc_disabled,446,1.3859999999112915
gc_disabled,447,1.2593000010383548
gc_disabled,448,1.3288000009197276
gc_disabled,449,1.2556999990920303
gc_disabled,450,1.2582999988808297
gc_disabled,451,1.2998999991395976
gc_disabled,452,1.2427000001480337
gc_disabled,453,1.3250000010884833
gc_disabled,454,1.3693000000785105
gc_disabled,455,1.2736999997287057
gc_disabled,456,1.3337000000319676
gc_disabled,457,1.2353000001894543
gc_disabled,458,1.2531000011222204
gc_disabled,459,1.4188999994075857
gc_disabled,460,1.310100000409875
gc_disabled,461,1.2638999996852363
gc_disabled,462,1.2427000001480337
gc_disabled,463,1.3496999999915715
gc_disabled,464,1.282899998841458
gc_disabled,465,1.3555000004998874
gc_disabled,466,1.3328000004548812
gc_disabled,467,1.2669000007008435
gc_disabled,468,1.214300000356161
gc_disabled,469,1.2903000006190268
gc_disabled,470,1.2434000000212109
gc_disabled,471,1.3173000006645452
gc_disabled,472,1.3710000002902234
gc_disabled,473,1.2569999998959247
gc_disabled,474,1.3682000007975148
gc_disabled,475,1.233100001627463
gc_disabled,476,1.4421999985643197
gc_disabled,477,1.2883999988844153
gc_disabled,478,1.217200000610319
gc_disabled,479,1.2421999999787658
gc_disabled,480,1.258399999642279
gc_disabled,481,1.3908000000810716
gc_disabled,482,1.230300000315765
gc_disabled,483,1.297599999816157
gc_disabled,484,1.2769999993906822
gc_disabled,485,1.2805999995180173
gc_disabled,486,1.3490999990608543
gc_disabled,487,1.4072000012674835
gc_disabled,488,1.236800000697258
gc_disabled,489,1.389399998515728
gc_disabled,490,1.3507000003301073
gc_disabled,491,1.3834000001224922
gc_disabled,492,1.2855000004492467
gc_disabled,493,1.280499998756568
gc_disabled,494,1.2977000005776063
gc_disabled,495,1.2593000010383548
gc_disabled,496,1.4258999999583466
gc_disabled,497,1.2795999991794815
gc_disabled,498,1.3082999994367128
gc_disabled,499,1.2647999992623227
gc_disabled,500,1.3226000010035932
gc_disabled,501,1.3513000012608245
gc_disabled,502,1.3787000007141614
gc_disabled,503,1.3480999987223186
gc_disabled,504,1.2834999997721752
gc_disabled,505,1.245800000106101
gc_disabled,506,1.4015999986440875
gc_disabled,507,1.2872999996034196
gc_disabled,508,1.3180999994801823
gc_disabled,509,1.2704999990091892
gc_disabled,510,1.254700000572484
gc_disabled,511,1.7583999997441424
gc_disabled,512,1.2334000002738321
gc_disabled,513,1.2309000012464821
gc_disabled,514,1.3079000000288943
gc_disabled,515,1.2655000009544892
gc_disabled,516,1.3240999996924074
gc_disabled,517,1.3221999997767853
gc_disabled,518,1.2472999987949152
gc_disabled,519,1.2929000004078262
gc_disabled,520,1.280899999983376
gc_disabled,521,1.2234999994689133
gc_disabled,522,1.2884000007034047
gc_disabled,523,1.2604000003193505
gc_disabled,524,1.3049999997747364
gc_disabled,525,1.2604000003193505
gc_disabled,526,1.2437000004865695
gc_disabled,527,1.2851999999838881
gc_disabled,528,1.2574999982462032
gc_disabled,529,1.280499998756568
gc_disabled,530,1.27509999947506
gc_disabled,531,1.3032000006205635
gc_disabled,532,1.334599999609054
gc_disabled,533,1.2444999993022066
gc_disabled,534,1.4521999983116984
gc_disabled,535,1.440200001525227
gc_disabled,536,1.307799999267445
gc_disabled,537,1.3006999997742241
gc_disabled,538,1.2971000014658784
gc_disabled,539,1.3441999999486143
gc_disabled,540,1.286100001379964
gc_disabled,541,1.2406999994709622
gc_disabled,542,1.3189999990572687
gc_disabled,543,1.2201999998069368
gc_disabled,544,1.3211999994382495
gc_disabled,545,1.242100001036306
gc_disabled,546,1.3335000003280584
gc_disabled,547,1.34529999922961
gc_disabled,548,1.2849999984609894
gc_disabled,549,1.2864000000263331
gc_disabled,550,1.3223000005382346
gc_disabled,551,1.3317000011738855
gc_disabled,552,1.2707999994745478
gc_disabled,553,1.2555000012071105
gc_disabled,554,1.2769999993906822
gc_disabled,555,1.2851999999838881
gc_disabled,556,1.2536999984149588
gc_disabled,557,1.2776999992638594
gc_disabled,558,1.27749999955995
gc_disabled,559,1.3163000003260095
gc_disabled,560,1.246900001206086
gc_disabled,561,1.315400000748923
gc_disabled,562,1.3263000000733882
gc_disabled,563,1.220899999680114
gc_disabled,564,1.3099999996484257
gc_disabled,565,1.240400000824593
gc_disabled,566,1.3080999997328036
gc_disabled,567,1.240499999767053
gc_disabled,568,1.2251999996806262
gc_disabled,569,1.3718999998673098
gc_disabled,570,1.299900000958587
gc_disabled,571,1.2558999987959396
gc_disabled,572,1.2747999990097014
gc_disabled,573,1.3075999995635357
gc_disabled,574,1.3727000005019363
gc_disabled,575,1.2915999996039318
gc_disabled,576,1.3550000003306195
gc_disabled,577,1.3152000010450138
gc_disabled,578,1.3085999999020714
gc_disabled,579,1.3894999992771773
gc_disabled,580,1.3096999991830671
gc_disabled,581,1.2385000009089708
gc_disabled,582,1.4090000004216563
gc_disabled,583,1.2626999996427912
gc_disabled,584,1.3569000002462417
gc_disabled,585,1.4083000005484791
gc_disabled,586,1.2679999999818392
gc_disabled,587,1.3022000002820278
gc_disabled,588,1.250699999218341
gc_disabled,589,1.7774999996618135
gc_disabled,590,1.3140999999450287
gc_disabled,591,1.2966000012966106
gc_disabled,592,1.2753999999404186
gc_disabled,593,1.3242999993963167
gc_disabled,594,1.3787000007141614
gc_disabled,595,1.2576999997691019
gc_disabled,596,1.3502999991032993
gc_disabled,597,1.3209999997343402
gc_disabled,598,1.27509999947506
gc_disabled,599,1.323700000284589
gc_disabled,600,1.2383000012050616
gc_disabled,601,1.3959999996586703
gc_disabled,602,1.2728000001516193
gc_disabled,603,1.2724000007438008
gc_disabled,604,1.3218999993114267
gc_disabled,605,1.2576999997691019
gc_disabled,606,1.3359000004129484
gc_disabled,607,1.3211999994382495
gc_disabled,608,1.2666999991779448
gc_disabled,609,1.2724000007438008
gc_disabled,610,1.3184999988880008
gc_disabled,611,1.3085999999020714
gc_disabled,612,1.2634000013349578
gc_disabled,613,1.3825999994878657
gc_disabled,614,1.2434000000212109
gc_disabled,615,1.3079000000288943
gc_disabled,616,1.3008000005356735
gc_disabled,617,1.2891000005765818
gc_disabled,618,1.283999999941443
gc_disabled,619,1.3400999996520113
gc_disabled,620,1.2784999998984858
gc_disabled,621,1.3020999995205784
gc_disabled,622,1.2502999998105224
gc_disabled,623,1.2370000004011672
gc_disabled,624,1.2877000008302275
gc_disabled,625,1.3066000010439893
gc_disabled,626,1.2504999995144317
gc_disabled,627,1.2993000000278698
gc_disabled,628,1.2962000000698026
gc_disabled,629,1.3995999997860054
gc_disabled,630,1.260799999727169
gc_disabled,631,1.3746999993600184
gc_disabled,632,1.327399999354384
gc_disabled,633,1.4596000000892673
gc_disabled,634,1.282799999898998
gc_disabled,635,1.30650000028254
gc_disabled,636,1.3002999985474162
gc_disabled,637,1.3254999994387617
gc_disabled,638,1.394599999912316
gc_disabled,639,1.258399999642279
gc_disabled,640,1.2342000009084586
gc_disabled,641,1.2378999999782536
gc_disabled,642,1.2366000009933487
gc_disabled,643,1.2122999996790895
gc_disabled,644,1.284599999053171
gc_disabled,645,1.2579000012920005
gc_disabled,646,1.2540000006993068
gc_disabled,647,1.3135000008333009
gc_disabled,648,1.3526000002457295
gc_disabled,649,1.2757999993482372
gc_disabled,650,1.2604000003193505
gc_disabled,651,1.2296999993850477
gc_disabled,652,1.2267000001884298
gc_disabled,653,1.2165999996796018
gc_disabled,654,1.2231000000610948
gc_disabled,655,1.2532000000646804
gc_disabled,656,1.2652000004891306
gc_disabled,657,1.2557000009110197
gc_disabled,658,1.2301999995543156
gc_disabled,659,1.3818999996146886
gc_disabled,660,1.242800000909483
gc_disabled,661,1.329700000496814
gc_disabled,662,1.3001999996049562
gc_disabled,663,1.2659000003623078
gc_disabled,664,1.298299999689334
gc_disabled,665,1.2239000006957212
gc_disabled,666,1.323999998930958
gc_disabled,667,1.2667000009969342
gc_disabled,668,1.2943000001541805
gc_disabled,669,1.3457999993988778
gc_disabled,670,1.2654000001930399
gc_disabled,671,1.338600000963197
gc_disabled,672,1.2757000004057772
gc_disabled,673,1.2528999995993217
gc_disabled,674,1.2365000002318993
gc_disabled,675,1.3871000010112766
gc_disabled,676,1.489199999923585
gc_disabled,677,1.2418999995134072
gc_disabled,678,1.229399998919689
gc_disabled,679,1.3644999999087304
gc_disabled,680,1.310600000579143
gc_disabled,681,1.3429999999061693
gc_disabled,682,1.250199999049073
gc_disabled,683,1.2365000002318993
gc_disabled,684,1.3490000001183944
gc_disabled,685,1.2499999993451638
gc_disabled,686,1.3935999995737802
gc_disabled,687,1.2753000009979587
gc_disabled,688,1.227300001119147
gc_disabled,689,1.278400000956026
gc_disabled,690,1.3122000000294065
gc_disabled,691,1.4559000010194723
gc_disabled,692,1.252300000487594
gc_disabled,693,1.281599999856553
gc_disabled,694,1.2263000007806113
gc_disabled,695,1.2743999996018829
gc_disabled,696,1.3376000006246613
gc_disabled,697,1.2538000009953976
gc_disabled,698,1.259599999684724
gc_disabled,699,1.2558999987959396
gc_disabled,700,1.263199999812059
gc_disabled,701,1.3335000003280584
gc_disabled,702,1.4176999993651407
gc_disabled,703,1.2533999997685896
gc_disabled,704,1.2774000006174902
gc_disabled,705,1.3614999988931231
gc_disabled,706,1.3771000012638979
gc_disabled,707,1.2863999982073437
gc_disabled,708,1.2332999995123828
gc_disabled,709,1.3051999994786456
gc_disabled,710,1.2638000007427763
gc_disabled,711,1.386800000545918
gc_disabled,712,1.2979000002815155
gc_disabled,713,1.3086999988445314
gc_disabled,714,1.3486000007105758
gc_disabled,715,1.5416999995068181
gc_disabled,716,1.8330999992031138
gc_disabled,717,1.4418000009754905
gc_disabled,718,1.9928000001527835
gc_disabled,719,1.4565000001312
gc_disabled,720,1.4462999988609226
gc_disabled,721,1.3049999997747364
gc_disabled,722,1.372099999571219
gc_disabled,723,1.3312999999470776
gc_disabled,724,1.2195999988762196
gc_disabled,725,1.263199999812059
gc_disabled,726,1.4798000011069234
gc_disabled,727,1.5280000006896444
gc_disabled,728,1.5738000001874752
gc_disabled,729,1.4780000001337612
gc_disabled,730,1.4162999996187864
gc_disabled,731,1.3677999995707069
gc_disabled,732,1.5659999990020879
gc_disabled,733,1.5791000005265232
gc_disabled,734,1.5294000004359987
gc_disabled,735,1.5560000010736985
gc_disabled,736,1.443499999368214
gc_disabled,737,1.379899998937617
gc_disabled,738,1.5163999996730126
gc_disabled,739,1.64049999875715
gc_disabled,740,1.5269999985321192
gc_disabled,741,1.5286999987438321
gc_disabled,742,1.3173999996070052
gc_disabled,743,1.2783000001945766
gc_disabled,744,1.2793999994755723
gc_disabled,745,1.2864000000263331
gc_disabled,746,1.418300000295858
gc_disabled,747,1.3287999991007382
gc_disabled,748,1.295100000788807
gc_disabled,749,1.3080000007903436
gc_disabled,750,1.2578000005305512
gc_disabled,751,1.3509000000340166
gc_disabled,752,1.3340000004973263
gc_disabled,753,1.2829999996029073
gc_disabled,754,1.2896999996883096
gc_disabled,755,1.2961000011273427
gc_disabled,756,1.3123999997333158
gc_disabled,757,1.2427999990904937
gc_disabled,758,1.2896999996883096
gc_disabled,759,1.2419000013323966
gc_disabled,760,1.4009999995323597
gc_disabled,761,1.4220999983081128
gc_disabled,762,1.2488000011217082
gc_disabled,763,1.2361999997665407
gc_disabled,764,1.304800000070827
gc_disabled,765,1.2998000001971377
gc_disabled,766,1.331400000708527
gc_disabled,767,1.2522999986686045
gc_disabled,768,1.2308000004850328
gc_disabled,769,1.3153999989299336
gc_disabled,770,1.273899999432615
gc_disabled,771,1.2323999999352964
gc_disabled,772,1.2654999991354998
gc_disabled,773,1.2291999992157798
gc_disabled,774,1.2478999997256324
gc_disabled,775,1.2224999991303775
gc_disabled,776,1.246499999979278
gc_disabled,777,1.319500001045526
gc_disabled,778,1.246499999979278
gc_disabled,779,1.2721000002784422
gc_disabled,780,1.27029999930528
gc_disabled,781,1.2882000009994954
gc_disabled,782,1.2761999987560557
gc_disabled,783,1.2360999990050914
gc_disabled,784,1.283300000068266
gc_disabled,785,1.273899999432615
gc_disabled,786,1.2466999996831873
gc_disabled,787,1.264800001081312
gc_disabled,788,1.2541999985842267
gc_disabled,789,1.5562000007776078
gc_disabled,790,1.3662000001204433
gc_disabled,791,1.2659000003623078
gc_disabled,792,1.2817999995604623
gc_disabled,793,1.278099998671678
gc_disabled,794,1.3140000010025688
gc_disabled,795,1.2564999997266568
gc_disabled,796,1.2752000002365094
gc_disabled,797,1.2623999991774326
gc_disabled,798,1.3368999989324948
gc_disabled,799,1.3472999999066815
gc_disabled,800,1.2919000000692904
gc_disabled,801,1.2817000006180024
gc_disabled,802,1.2343999987933785
gc_disabled,803,1.223799999934272
gc_disabled,804,1.4609999998356216
gc_disabled,805,1.2853999996877974
gc_disabled,806,1.333899999735877
gc_disabled,807,1.322099999015336
gc_disabled,808,1.3226999999460531
gc_disabled,809,1.261299999896437
gc_disabled,810,1.3106999995216029
gc_disabled,811,1.2425999993865844
gc_disabled,812,1.2483999998949002
gc_disabled,813,1.2509999996836996
gc_disabled,814,1.6597000012552598
gc_disabled,815,1.2640999993891455
gc_disabled,816,1.2458999990485609
gc_disabled,817,1.2301999995543156
gc_disabled,818,1.2364000012894394
gc_disabled,819,1.3269000010041054
gc_disabled,820,1.3100000014674151
gc_disabled,821,1.2096000009478303
gc_disabled,822,1.2719999995169928
gc_disabled,823,1.2674999998125713
gc_disabled,824,1.2479999986680923
gc_disabled,825,1.2434000000212109
gc_disabled,826,1.2040000001434237
gc_disabled,827,1.245299999936833
gc_disabled,828,1.2643000009120442
gc_disabled,829,1.3128999999025837
gc_disabled,830,1.258800000869087
gc_disabled,831,1.2836000005336246
gc_disabled,832,1.2621000005310634
gc_disabled,833,1.3259000006655697
gc_disabled,834,1.312599999437225
gc_disabled,835,1.22910000027332
gc_disabled,836,1.2471000009099953
gc_disabled,837,1.3042999999015592
gc_disabled,838,1.2501000001066132
gc_disabled,839,1.3355000010051299
gc_disabled,840,1.2497999996412545
gc_disabled,841,1.3139000002411194
gc_disabled,842,1.2413000004016794
gc_disabled,843,1.2715999982901849
gc_disabled,844,1.373000000967295
gc_disabled,845,1.228500001161592
gc_disabled,846,1.2552999996842118
gc_disabled,847,1.392199999827426
gc_disabled,848,1.272199999220902
gc_disabled,849,1.4062999998714076
gc_disabled,850,1.3588000001618639
gc_disabled,851,1.2759000001096865
gc_disabled,852,1.3013000007049413
gc_disabled,853,1.2618000000657048
gc_disabled,854,1.2227000006532762
gc_disabled,855,1.2800000004062895
gc_disabled,856,1.239999999597785
gc_disabled,857,1.3091999990137992
gc_disabled,858,1.2345000013738172
gc_disabled,859,1.2549000002763933
gc_disabled,860,1.2389999992592493
gc_disabled,861,1.280399999814108
gc_disabled,862,1.259699998627184
gc_disabled,863,1.3170999991416465
gc_disabled,864,1.209500000186381
gc_disabled,865,1.2423000007402152
gc_disabled,866,1.2724000007438008
gc_disabled,867,1.2998000001971377
gc_disabled,868,1.258399999642279
gc_disabled,869,1.2581000009959098
gc_disabled,870,1.2996999994356884
gc_disabled,871,1.2645999995584134
gc_disabled,872,1.2695999994321028
gc_disabled,873,1.247000000148546
gc_disabled,874,1.3586000004579546
gc_disabled,875,1.3443999996525235
gc_disabled,876,1.392899999700603
gc_disabled,877,1.2994000007893192
gc_disabled,878,1.3192999995226273
gc_disabled,879,1.3818999996146886
gc_disabled,880,1.2610999983735383
gc_disabled,881,1.2590000005729962
gc_disabled,882,1.2437000004865695
gc_disabled,883,1.2315999993006699
gc_disabled,884,1.2348000000201864
gc_disabled,885,1.329799999439274
gc_disabled,886,1.2914999988424825
gc_disabled,887,1.2558999987959396
gc_disabled,888,1.2292999999772292
gc_disabled,889,1.310299998294795
gc_disabled,890,1.4116000002104556
gc_disabled,891,1.3562000003730645
gc_disabled,892,1.2665999984164955
gc_disabled,893,1.4029000012669712
gc_disabled,894,1.3094999994791579
gc_disabled,895,1.348199999483768
gc_disabled,896,1.2564999997266568
gc_disabled,897,1.2956999999005347
gc_disabled,898,1.2243000001035398
gc_disabled,899,1.2499000004027039
gc_disabled,900,1.2901000009151176
gc_disabled,901,1.2643999998545041
gc_disabled,902,1.5557999995507998
gc_disabled,903,1.2335999999777414
gc_disabled,904,1.2776000003213994
gc_disabled,905,1.2337999996816507
gc_disabled,906,1.6410999996878672
gc_disabled,907,2.434500000163098
gc_disabled,908,2.0097999986319337
gc_disabled,909,2.5105999993684236
gc_disabled,910,1.2805999995180173
gc_disabled,911,1.2320000005274778
gc_disabled,912,1.226200000019162
gc_disabled,913,1.2672000011662021
gc_disabled,914,1.319500001045526
gc_disabled,915,1.2834999997721752
gc_disabled,916,1.2423999996826751
gc_disabled,917,1.3146000001142966
gc_disabled,918,1.3538000002881745
gc_disabled,919,1.402300000336254
gc_disabled,920,1.2670999985857634
gc_disabled,921,1.2526000009529525
gc_disabled,922,1.2544000001071254
gc_disabled,923,1.2901000009151176
gc_disabled,924,1.398600001266459
gc_disabled,925,1.3125000004947651
gc_disabled,926,1.2160999995103339
gc_disabled,927,1.2311999998928513
gc_disabled,928,1.325600000200211
gc_disabled,929,1.279199999771663
gc_disabled,930,1.2645000006159535
gc_disabled,931,1.2415000001055887
gc_disabled,932,1.5137000009417534
gc_disabled,933,1.3328999993973412
gc_disabled,934,1.4345000017783605
gc_disabled,935,1.3392999990173848
gc_disabled,936,1.2497999996412545
gc_disabled,937,1.3109999999869615
gc_disabled,938,1.2657000006583985
gc_disabled,939,1.233499999216292
gc_disabled,940,1.2843000004068017
gc_disabled,941,1.244600000063656
gc_disabled,942,1.2790000000677537
gc_disabled,943,1.235199999428005
gc_disabled,944,1.261299999896437
gc_disabled,945,1.2834000008297153
gc_disabled,946,1.2628000004042406
gc_disabled,947,1.3032000006205635
gc_disabled,948,1.3042999999015592
gc_disabled,949,1.2923000012960983
gc_disabled,950,1.5452000006916933
gc_disabled,951,1.517700000476907
gc_disabled,952,1.5305999986594543
gc_disabled,953,1.4368000011018012
gc_disabled,954,1.5600000006088521
gc_disabled,955,1.4971000000514323
gc_disabled,956,1.5621000002283836
gc_disabled,957,1.556499999423977
gc_disabled,958,1.45169999996142
gc_disabled,959,1.6186000011657597
gc_disabled,960,1.3751000005868264
gc_disabled,961,1.3613999999506632
gc_disabled,962,1.508800000010524
gc_disabled,963,1.6163999989657896
gc_disabled,964,1.5232999994623242
gc_disabled,965,1.4776000007259427
gc_disabled,966,1.5093000001797918
gc_disabled,967,1.4527000002999557
gc_disabled,968,1.5014999989944045
gc_disabled,969,1.3294999989739154
gc_disabled,970,1.3307000008353498
gc_disabled,971,1.3923000005888753
gc_disabled,972,1.251800000318326
gc_disabled,973,1.3500000004569301
gc_disabled,974,1.2140999988332624
gc_disabled,975,1.432899998690118
gc_disabled,976,1.3018999998166692
gc_disabled,977,1.2318999997660285
gc_disabled,978,1.3429999999061693
gc_disabled,979,1.297099999646889
gc_disabled,980,1.333800000793417
gc_disabled,981,1.2836999994760845
gc_disabled,982,1.2315999993006699
gc_disabled,983,1.2677999984589405
gc_disabled,984,1.296300000831252
gc_disabled,985,1.3115000001562294
gc_disabled,986,1.249400000233436
gc_disabled,987,1.3359000004129484
gc_disabled,988,1.3108999992255121
gc_disabled,989,1.2736000007862458
gc_disabled,990,1.3409999992290977
gc_disabled,991,1.2357000014162622
gc_disabled,992,1.2403000000631437
gc_disabled,993,1.3331000009202398
gc_disabled,994,1.2427999990904937
gc_disabled,995,1.3438000005407957
gc_disabled,996,1.2412000014592195
gc_disabled,997,1.3860999988537515
gc_disabled,998,1.2951999997312669
gc_disabled,999,1.2633999995159684
gc_disabled,1000,1.286999999138061
gc_disabled,1001,1.282100000025821
gc_disabled,1002,1.2567000012495555
gc_disabled,1003,1.3940000008005882
gc_disabled,1004,1.6347000000678236
gc_disabled,1005,1.608200000191573
gc_disabled,1006,1.3397000002441928
gc_disabled,1007,1.2521999997261446
gc_disabled,1008,1.297099999646889
gc_disabled,1009,1.2442000006558374
gc_disabled,1010,1.38639999931911
gc_disabled,1011,1.23639999947045
gc_disabled,1012,1.2520000000222353
gc_disabled,1013,1.2597999993886333
gc_disabled,1014,1.4229000007617287
gc_disabled,1015,1.1925999988307012
gc_disabled,1016,1.237500000570435
gc_disabled,1017,1.3603000006696675
gc_disabled,1018,1.2789000011252938
gc_disabled,1019,1.2153999996371567
gc_disabled,1020,1.2907000000268454
gc_disabled,1021,1.4989999999670545
gc_disabled,1022,1.303199998801574
gc_disabled,1023,1.3600999991467688
gc_disabled,1024,1.2449000005290145
gc_disabled,1025,1.4807999996264698
gc_disabled,1026,1.2421999999787658
gc_disabled,1027,1.229899999088957
gc_disabled,1028,1.2447999997675652
gc_disabled,1029,1.2384000001475215
gc_disabled,1030,1.2476000010792632
gc_disabled,1031,1.27020000036282
gc_disabled,1032,1.2372999990475364
gc_disabled,1033,1.3091000000713393
gc_disabled,1034,1.2059000000590459
gc_disabled,1035,1.246900001206086
gc_disabled,1036,1.3366000002861256
gc_disabled,1037,1.2850999992224388
gc_disabled,1038,1.3330999991012504
gc_disabled,1039,1.2764999992214143
gc_disabled,1040,1.2370000004011672
gc_disabled,1041,1.5819000000192318
gc_disabled,1042,1.4991999996709637
gc_disabled,1043,1.6354999988834606
gc_disabled,1044,1.4353999995364575
gc_disabled,1045,1.4172000010148622
gc_disabled,1046,1.3799999996990664
gc_disabled,1047,1.3124999986757757
gc_disabled,1048,1.3661000011779834
gc_disabled,1049,1.2562000010802876
gc_disabled,1050,1.2692000000242842
gc_disabled,1051,1.315900000918191
gc_disabled,1052,1.2704000000667293
gc_disabled,1053,1.3189000001148088
gc_disabled,1054,1.3574000004155096
gc_disabled,1055,1.2564999997266568
gc_disabled,1056,1.288199999180506
gc_disabled,1057,1.2870000009570504
gc_disabled,1058,1.4976000002207002
gc_disabled,1059,1.4635999996244209
gc_disabled,1060,1.314299999648938
gc_disabled,1061,1.5991000000212807
gc_disabled,1062,1.4549000006809365
gc_disabled,1063,1.5457000008609612
gc_disabled,1064,1.5013000011094846
gc_disabled,1065,1.460699999370263
gc_disabled,1066,1.4781000008952105
gc_disabled,1067,1.2884000007034047
gc_disabled,1068,1.2863000010838732
gc_disabled,1069,1.2814000001526438
gc_disabled,1070,1.2248000002728077
gc_disabled,1071,1.2432999992597615
gc_disabled,1072,1.201799999762443
gc_disabled,1073,1.3080999997328036
gc_disabled,1074,1.2567000012495555
gc_disabled,1075,1.2421999999787658
gc_disabled,1076,1.2194999999337597
gc_disabled,1077,1.224999999976717
gc_disabled,1078,1.6521999987162417
gc_disabled,1079,1.3988999999128282
gc_disabled,1080,1.3042000009590993
gc_disabled,1081,1.3318999990588054
gc_disabled,1082,1.2606000000232598
gc_disabled,1083,1.3687000009667827
gc_disabled,1084,1.24119999964023
gc_disabled,1085,1.2317000000621192
gc_disabled,1086,1.2681000007432885
gc_disabled,1087,1.2507999999797903
gc_disabled,1088,1.244099999894388
gc_disabled,1089,1.4238000003388152
gc_disabled,1090,1.2693000007857336
gc_disabled,1091,1.3392999990173848
gc_disabled,1092,1.223399998707464
gc_disabled,1093,1.2371000011626165
gc_disabled,1094,1.377499998852727
gc_disabled,1095,1.2330999998084735
gc_disabled,1096,1.3094999994791579
gc_disabled,1097,1.23639999947045
gc_disabled,1098,1.2729000009130687
gc_disabled,1099,1.2730999987979885
gc_disabled,1100,1.2732000013784273
gc_disabled,1101,1.4031000009708805
gc_disabled,1102,1.2705999997706385
gc_disabled,1103,1.239299999724608
gc_disabled,1104,1.3507000003301073
gc_disabled,1105,1.2790000000677537
gc_disabled,1106,1.2467999986256473
gc_disabled,1107,1.3630000012199162
gc_disabled,1108,1.2473000006139046
gc_disabled,1109,1.289300000280491
gc_disabled,1110,1.2659999993047677
gc_disabled,1111,1.401100000293809
gc_disabled,1112,1.3340000004973263
gc_disabled,1113,1.2468999993870966
gc_disabled,1114,1.3164000010874588
gc_disabled,1115,1.2154999985796167
gc_disabled,1116,1.2488000011217082
gc_disabled,1117,1.2246000005688984
gc_disabled,1118,1.2320000005274778
gc_disabled,1119,1.2336999989202013
gc_disabled,1120,1.3245999998616753
gc_disabled,1121,1.2254000012035249
gc_disabled,1122,1.281699998799013
gc_disabled,1123,1.2145000000600703
gc_disabled,1124,1.253000000360771
gc_disabled,1125,1.262499999938882
gc_disabled,1126,1.220899999680114
gc_disabled,1127,1.3662000001204433
gc_disabled,1128,1.2743999996018829
gc_disabled,1129,1.2556999990920303
gc_disabled,1130,1.2417000016284874
gc_disabled,1131,1.2300999987928662
gc_disabled,1132,1.4823000001342734
gc_disabled,1133,1.4213000013114652
gc_disabled,1134,1.2662999997701263
gc_disabled,1135,1.2552999996842118
gc_disabled,1136,1.2418000005709473
gc_disabled,1137,1.3032999995630234
gc_disabled,1138,1.3971999997011153
gc_disabled,1139,1.2487000003602589
gc_disabled,1140,1.2982000007468741
gc_disabled,1141,1.2735999989672564
gc_disabled,1142,1.2320999994699378
gc_disabled,1143,1.2349999997240957
gc_disabled,1144,1.5364999999292195
gc_disabled,1145,1.7251999997824896
gc_disabled,1146,1.4611999995395308
gc_disabled,1147,1.6214999996009283
gc_disabled,1148,1.4664999998785788
gc_disabled,1149,1.5306000004784437
gc_disabled,1150,1.5922000002319692
gc_disabled,1151,1.4307000001281267
gc_disabled,1152,1.3300999999046326
gc_disabled,1153,1.5287999995052814
gc_disabled,1154,1.627000001462875
gc_disabled,1155,1.4494000006379792
gc_disabled,1156,1.4722000014444347
gc_disabled,1157,1.5987000006134622
gc_disabled,1158,1.4257000002544373
gc_disabled,1159,1.34030000117491
gc_disabled,1160,1.2676000005740207
gc_disabled,1161,1.2150999991717981
gc_disabled,1162,1.2357000014162622
gc_disabled,1163,1.251800000318326
gc_disabled,1164,1.2480999994295416
gc_disabled,1165,1.3027000004512956
gc_disabled,1166,1.2005999997199979
gc_disabled,1167,1.2841000007028924
gc_disabled,1168,1.219199999468401
gc_disabled,1169,1.3029999990976648
gc_disabled,1170,1.3003000003664056
gc_disabled,1171,1.2368999996397179
gc_disabled,1172,1.2502999998105224
gc_disabled,1173,1.2216000013722805
gc_disabled,1174,1.3185000007069902
gc_disabled,1175,1.461800000470248
gc_disabled,1176,1.3002999985474162
gc_disabled,1177,1.2316000011196593
gc_disabled,1178,1.3455000007525086
gc_disabled,1179,1.2688999995589256
gc_disabled,1180,1.2643999998545041
gc_disabled,1181,1.2485999995988095
gc_disabled,1182,1.7537000003358116
gc_disabled,1183,1.3388999996095663
gc_disabled,1184,1.2151999999332475
gc_disabled,1185,1.2723999989248114
gc_disabled,1186,1.2141999995947117
gc_disabled,1187,1.357099999950151
gc_disabled,1188,1.2552000007417519
gc_disabled,1189,1.1930000000575092
gc_disabled,1190,1.3997999994899146
gc_disabled,1191,1.197199999296572
gc_disabled,1192,1.2772999998560408
gc_disabled,1193,1.2667000009969342
gc_disabled,1194,1.2769999993906822
gc_disabled,1195,1.5483999995922204
gc_disabled,1196,1.2514999998529674
gc_disabled,1197,1.2667000009969342
gc_disabled,1198,1.3315999985934468
gc_disabled,1199,1.288500001464854
gc_disabled,1200,1.3496999999915715
gc_disabled,1201,1.2686999998550164
gc_disabled,1202,1.2490999997680774
gc_disabled,1203,1.2716999990516342
gc_disabled,1204,1.401899999109446
gc_disabled,1205,1.3689999996131519
gc_disabled,1206,1.2728999990940792
gc_disabled,1207,1.248299999133451
gc_disabled,1208,1.2550999999803025
gc_disabled,1209,1.2630000001081498
gc_disabled,1210,1.253500000530039
gc_disabled,1211,1.2655000009544892
gc_disabled,1212,1.2225999998918269
gc_disabled,1213,1.2925000010000076
gc_disabled,1214,1.242899999851943
gc_disabled,1215,1.2365999991743593
gc_disabled,1216,1.5500999998039333
gc_disabled,1217,1.2891000005765818
gc_disabled,1218,1.3768000007985393
gc_disabled,1219,1.380399999106885
gc_disabled,1220,1.3230000004114117
gc_disabled,1221,1.248299999133451
gc_disabled,1222,1.248299999133451
gc_disabled,1223,1.2722999999823514
gc_disabled,1224,1.257199999599834
gc_disabled,1225,1.3037000007898314
gc_disabled,1226,1.262499999938882
gc_disabled,1227,1.262400000996422
gc_disabled,1228,1.286900000195601
gc_disabled,1229,1.254299999345676
gc_disabled,1230,1.2698999998974614
gc_disabled,1231,1.2384999990899814
gc_disabled,1232,1.2033000002702465
gc_disabled,1233,1.3013000007049413
gc_disabled,1234,1.376199999867822
gc_disabled,1235,1.2509999996836996
gc_disabled,1236,1.295899999604444
gc_disabled,1237,1.258399999642279
gc_disabled,1238,1.7680000000837026
gc_disabled,1239,1.2654000001930399
gc_disabled,1240,1.2835000015911646
gc_disabled,1241,1.3100999985908857
gc_disabled,1242,1.240499999767053
gc_disabled,1243,1.5490999994653976
gc_disabled,1244,1.255599998330581
gc_disabled,1245,1.2519000010797754
gc_disabled,1246,1.2850999992224388
gc_disabled,1247,1.295899999604444
gc_disabled,1248,1.3538000002881745
gc_disabled,1249,1.2176999989605974
gc_disabled,1250,1.2568000001920154
gc_disabled,1251,1.2870999998995103
gc_disabled,1252,1.2646000013774028
gc_disabled,1253,1.231000000188942
gc_disabled,1254,1.2502999998105224
gc_disabled,1255,1.220899999680114
gc_disabled,1256,1.335000000835862
gc_disabled,1257,1.280899999983376
gc_disabled,1258,1.2800000004062895
gc_disabled,1259,1.2558999987959396
gc_disabled,1260,1.2504000005719718
gc_disabled,1261,1.4539000003424007
gc_disabled,1262,1.339200000074925
gc_disabled,1263,1.2980999999854248
gc_disabled,1264,1.2977999995200662
gc_disabled,1265,1.2326999985816656
gc_disabled,1266,1.3361000001168577
gc_disabled,1267,1.263199999812059
gc_disabled,1268,1.284500000110711
gc_disabled,1269,1.2674000008701114
gc_disabled,1270,1.2681999996857485
gc_disabled,1271,1.2401999993016943
gc_disabled,1272,1.2543000011646654
gc_disabled,1273,1.2908000007882947
gc_disabled,1274,1.4316000015242025
gc_disabled,1275,1.2396000001899665
gc_disabled,1276,1.2169999990874203
gc_disabled,1277,1.4102999994065613
gc_disabled,1278,1.2748999997711508
gc_disabled,1279,1.7031000006682007
gc_disabled,1280,1.2525000001915032
gc_disabled,1281,1.27020000036282
gc_disabled,1282,1.2802000001101987
gc_disabled,1283,1.2138000001868932
gc_disabled,1284,1.41530000109924
gc_disabled,1285,1.2409999999363208
gc_disabled,1286,1.2266999983694404
gc_disabled,1287,1.244099999894388
gc_disabled,1288,1.244199998836848
gc_disabled,1289,1.2650000007852213
gc_disabled,1290,1.3343999999051448
gc_disabled,1291,1.2748000008286908
gc_disabled,1292,1.3748999990639277
gc_disabled,1293,1.3104999998176936
gc_disabled,1294,1.392199999827426
gc_disabled,1295,1.2509000007412396
gc_disabled,1296,1.2466000007407274
gc_disabled,1297,1.3883999999961816
gc_disabled,1298,1.274300000659423
gc_disabled,1299,1.2519000010797754
gc_disabled,1300,1.2757999993482372
gc_disabled,1301,1.277900000786758
gc_disabled,1302,1.2420000002748566
gc_disabled,1303,1.595600000655395
gc_disabled,1304,1.3515999999071937
gc_disabled,1305,1.5342999995482387
gc_disabled,1306,1.3384999983827583
gc_disabled,1307,1.251100000445149
gc_disabled,1308,1.2267000001884298
gc_disabled,1309,1.234799998201197
gc_disabled,1310,1.3908000000810716
gc_disabled,1311,1.2358000003587222
gc_disabled,1312,1.3431000006676186
gc_disabled,1313,1.2896999996883096
gc_disabled,1314,1.2246000005688984
gc_disabled,1315,1.2986999990971526
gc_disabled,1316,1.2611000001925277
gc_disabled,1317,1.307700000324985
gc_disabled,1318,1.317100000960636
gc_disabled,1319,1.2704000000667293
gc_disabled,1320,1.2524000012490433
gc_disabled,1321,1.269000000320375
gc_disabled,1322,1.337499999863212
gc_disabled,1323,1.366099999358994
gc_disabled,1324,1.3563000011345139
gc_disabled,1325,1.2642999990930548
gc_disabled,1326,1.2667999999393942
gc_disabled,1327,1.3056000007054536
gc_disabled,1328,1.4123000000836328
gc_disabled,1329,1.275500000701868
gc_disabled,1330,1.2490999997680774
gc_disabled,1331,1.2949000010848977
gc_disabled,1332,1.2409999999363208
gc_disabled,1333,1.2386999987938907
gc_disabled,1334,1.2907999989693053
gc_disabled,1335,1.2489000000641681
gc_disabled,1336,1.3300000009621726
gc_disabled,1337,1.2802000001101987
gc_disabled,1338,1.2153000006946968
gc_disabled,1339,1.2634000013349578
gc_disabled,1340,1.283999999941443
gc_disabled,1341,1.2415999990480486
gc_disabled,1342,1.2213999998493819
gc_disabled,1343,1.2795000002370216
gc_disabled,1344,1.3608000008389354
gc_disabled,1345,1.2733999992633471
gc_disabled,1346,1.2858999998570653
gc_disabled,1347,1.2718999987555435
gc_disabled,1348,1.377800001137075
gc_disabled,1349,1.8079000001307577
gc_disabled,1350,1.2950000000273576
gc_disabled,1351,1.2258999995538034
gc_disabled,1352,1.3233000008767704
gc_disabled,1353,1.2335999999777414
gc_disabled,1354,1.318300001003081
gc_disabled,1355,1.2086999995517544
gc_disabled,1356,1.22910000027332
gc_disabled,1357,1.2728000001516193
gc_disabled,1358,1.2308000004850328
gc_disabled,1359,1.2397999998938758
gc_disabled,1360,1.2457999982871115
gc_disabled,1361,1.2421999999787658
gc_disabled,1362,1.3187000004108995
gc_disabled,1363,1.3316999993548961
gc_disabled,1364,1.2955999991390854
gc_disabled,1365,1.3061999998171814
gc_disabled,1366,1.3266999994812068
gc_disabled,1367,1.2676000005740207
gc_disabled,1368,1.4018000001669861
gc_disabled,1369,1.281599999856553
gc_disabled,1370,1.3854999997420236
gc_disabled,1371,1.2138000001868932
gc_disabled,1372,1.2888000001112232
gc_disabled,1373,1.2590999995154561
gc_disabled,1374,1.2650000007852213
gc_disabled,1375,1.4080999990255805
gc_disabled,1376,1.2399000006553251
gc_disabled,1377,1.272199999220902
gc_disabled,1378,1.2771000001521315
gc_disabled,1379,1.2138000001868932
gc_disabled,1380,1.2436000015441095
gc_disabled,1381,1.2418000005709473
gc_disabled,1382,1.3073999998596264
gc_disabled,1383,1.364700001431629
gc_disabled,1384,1.2635999992198776
gc_disabled,1385,1.2251000007381663
gc_disabled,1386,1.2986000001546927
gc_disabled,1387,1.246499999979278
gc_disabled,1388,1.2662999997701263
gc_disabled,1389,1.3136000015947502
gc_disabled,1390,1.2817000006180024
gc_disabled,1391,1.3908999990235316
gc_disabled,1392,1.3581999992311466
gc_disabled,1393,1.436200000171084
gc_disabled,1394,1.3498000007530209
gc_disabled,1395,1.2681999996857485
gc_disabled,1396,1.3259999996080296
gc_disabled,1397,1.2270999995962484
gc_disabled,1398,1.235899999301182
gc_disabled,1399,1.2752000002365094
gc_disabled,1400,1.2980999999854248
gc_disabled,1401,1.3460000009217765
gc_disabled,1402,1.3335000003280584
gc_disabled,1403,1.2381999986246228
gc_disabled,1404,1.242899999851943
gc_disabled,1405,1.2962000000698026
gc_disabled,1406,1.2176999989605974
gc_disabled,1407,1.2751000012940494
gc_disabled,1408,1.3182999991840916
gc_disabled,1409,1.41299999995681
gc_disabled,1410,1.3445000004139729
gc_disabled,1411,1.3806999995722435
gc_disabled,1412,1.4133000004221685
gc_disabled,1413,1.277900000786758
gc_disabled,1414,1.3973000004625646
gc_disabled,1415,1.4795000006415648
gc_disabled,1416,1.525599998785765
gc_disabled,1417,1.6782000002422137
gc_disabled,1418,1.479000000472297
gc_disabled,1419,1.717199998893193
gc_disabled,1420,1.5856999998504762
gc_disabled,1421,1.5816000013728626
gc_disabled,1422,1.5297000009013573
gc_disabled,1423,2.2533999999723164
gc_disabled,1424,1.520199999504257
gc_disabled,1425,1.494000000093365
gc_disabled,1426,1.5799000011611497
gc_disabled,1427,1.5184000003500842
gc_disabled,1428,1.403599999321159
gc_disabled,1429,1.3235000005806796
gc_disabled,1430,1.30640000134008
gc_disabled,1431,1.326899999185116
gc_disabled,1432,1.2305999989621341
gc_disabled,1433,1.2643000009120442
gc_disabled,1434,1.3724000000365777
gc_disabled,1435,1.3418999988061842
gc_disabled,1436,1.369600000543869
gc_disabled,1437,1.3079000000288943
gc_disabled,1438,1.3478000000759494
gc_disabled,1439,1.2227000006532762
gc_disabled,1440,1.4155999997456092
gc_disabled,1441,1.4274999994086102
gc_disabled,1442,1.3608000008389354
gc_disabled,1443,1.404700000421144
gc_disabled,1444,1.2633000005735084
gc_disabled,1445,1.254700000572484
gc_disabled,1446,1.3281999999890104
gc_disabled,1447,1.223700000991812
gc_disabled,1448,1.2688000006164657
gc_disabled,1449,1.3337999989744276
gc_disabled,1450,1.2805000005755574
gc_disabled,1451,1.424399999450543
gc_disabled,1452,1.4119999996182742
gc_disabled,1453,1.2628000004042406
gc_disabled,1454,1.3044999996054685
gc_disabled,1455,1.2693999997281935
gc_disabled,1456,1.496900000347523
gc_disabled,1457,1.3421999992715428
gc_disabled,1458,1.3131000014254823
gc_disabled,1459,1.2439999991329387
gc_disabled,1460,1.3488000004144851
gc_disabled,1461,1.2697000001935521
gc_disabled,1462,1.3686000002053333
gc_disabled,1463,1.260399998500361
gc_disabled,1464,1.3734000003751134
gc_disabled,1465,1.246599998921738
gc_disabled,1466,1.2507999999797903
gc_disabled,1467,1.2957999988429947
gc_disabled,1468,1.2635000002774177
gc_disabled,1469,1.3500000004569301
gc_disabled,1470,1.2647999992623227
gc_disabled,1471,1.297599999816157
gc_disabled,1472,1.2344999995548278
gc_disabled,1473,1.2514000009105075
gc_disabled,1474,1.2712999996438157
gc_disabled,1475,1.3455000007525086
gc_disabled,1476,1.2608000015461585
gc_disabled,1477,1.4534000001731329
gc_disabled,1478,1.5333000010286923
gc_disabled,1479,1.4559000010194723
gc_disabled,1480,1.3276999998197425
gc_disabled,1481,1.2681999996857485
gc_disabled,1482,1.333899999735877
gc_disabled,1483,1.2344000006123679
gc_disabled,1484,1.2719999995169928
gc_disabled,1485,1.2961999982508132
gc_disabled,1486,1.2773999987985007
gc_disabled,1487,1.3383000004978385
gc_disabled,1488,1.2540000006993068
gc_disabled,1489,1.240499999767053
gc_disabled,1490,1.2889000008726725
gc_disabled,1491,1.2701999985438306
gc_disabled,1492,1.3846000001649372
gc_disabled,1493,1.3010999991820427
gc_disabled,1494,1.2190000015834812
gc_disabled,1495,1.4041999984328868
gc_disabled,1496,1.2536000012914883
gc_disabled,1497,1.3367999999900348
gc_disabled,1498,1.2366000009933487
gc_disabled,1499,1.408800000717747
gc_disabled,1500,1.4721000006829854
gc_disabled,1501,1.2587000001076376
gc_disabled,1502,1.2728000001516193
gc_disabled,1503,1.4353000005939975
gc_disabled,1504,1.2608000015461585
gc_disabled,1505,1.3643000002048211
gc_disabled,1506,1.287400000364869
gc_disabled,1507,1.2581999999383697
gc_disabled,1508,1.3826999984303256
gc_disabled,1509,1.2684000012086472
gc_disabled,1510,1.2420999992173165
gc_disabled,1511,1.3871999999537366
gc_disabled,1512,1.2604000003193505
gc_disabled,1513,1.2936000002810033
gc_disabled,1514,1.2282000006962335
gc_disabled,1515,1.2764000002789544
gc_disabled,1516,1.2459999998100102
gc_disabled,1517,1.3509000000340166
gc_disabled,1518,1.3271999996504746
gc_disabled,1519,1.3029999990976648
gc_disabled,1520,1.4045999996596947
gc_disabled,1521,2.2153999998408835
gc_disabled,1522,2.6787999995576683
gc_disabled,1523,2.007400000366033
gc_disabled,1524,1.5352000009443145
gc_disabled,1525,1.3429999999061693
gc_disabled,1526,1.2774000006174902
gc_disabled,1527,1.226200000019162
gc_disabled,1528,1.2480999994295416
gc_disabled,1529,1.2674999998125713
gc_disabled,1530,1.2628000004042406
gc_disabled,1531,1.2528000006568618
gc_disabled,1532,1.2523999994300539
gc_disabled,1533,1.369699999486329
gc_disabled,1534,1.3813999994454207
gc_disabled,1535,1.2902999988000374
gc_disabled,1536,1.2471999998524552
gc_disabled,1537,1.3623999984702095
gc_disabled,1538,1.2182000009488547
gc_disabled,1539,1.2743999996018829
gc_disabled,1540,1.230300000315765
gc_disabled,1541,1.3840999999956694
gc_disabled,1542,1.2366999999358086
gc_disabled,1543,1.3345000006665941
gc_disabled,1544,1.2643999998545041
gc_disabled,1545,1.3269999999465654
gc_disabled,1546,1.4191999998729443
gc_disabled,1547,1.3515999999071937
gc_disabled,1548,1.2599000001500826
gc_disabled,1549,1.2658999985433184
gc_disabled,1550,1.323700000284589
gc_disabled,1551,1.255999999557389
gc_disabled,1552,1.273899999432615
gc_disabled,1553,1.2292999999772292
gc_disabled,1554,1.3412999996944563
gc_disabled,1555,1.2599000001500826
gc_disabled,1556,1.2280000009923242
gc_disabled,1557,1.2516999995568767
gc_disabled,1558,1.2588999998115469
gc_disabled,1559,1.2686999998550164
gc_disabled,1560,1.3536999995267252
gc_disabled,1561,1.2474999984988244
gc_disabled,1562,1.351700000668643
gc_disabled,1563,1.3139000002411194
gc_disabled,1564,1.30890000036743
gc_disabled,1565,1.3776000014331657
gc_disabled,1566,1.2781000004906673
gc_disabled,1567,1.3543000004574424
gc_disabled,1568,1.245700001163641
gc_disabled,1569,1.2305999989621341
gc_disabled,1570,1.241600000867038
gc_disabled,1571,1.271499999347725
gc_disabled,1572,1.2134999997215346
gc_disabled,1573,1.2578000005305512
gc_disabled,1574,1.2244000008649891
gc_disabled,1575,1.3492999987647636
gc_disabled,1576,1.2332999995123828
gc_disabled,1577,1.3007000015932135
gc_disabled,1578,1.2802000001101987
gc_disabled,1579,1.2382999993860722
gc_disabled,1580,1.5196000003925292
gc_disabled,1581,1.3918000004196074
gc_disabled,1582,1.344099999187165
gc_disabled,1583,1.2500000011641532
gc_disabled,1584,1.369600000543869
gc_disabled,1585,1.3811999997415114
gc_disabled,1586,1.3238999999884982
gc_disabled,1587,1.224599998749909
gc_disabled,1588,1.3642000012623612
gc_disabled,1589,1.2466000007407274
gc_disabled,1590,1.2599000001500826
gc_disabled,1591,1.278400000956026
gc_disabled,1592,1.2490999997680774
gc_disabled,1593,1.389299999573268
gc_disabled,1594,1.314700000875746
gc_disabled,1595,1.2076000002707588
gc_disabled,1596,1.2602000006154412
gc_disabled,1597,1.3158999990992015
gc_disabled,1598,1.2638999996852363
gc_disabled,1599,1.2676999995164806
gc_disabled,1600,1.216799999383511
gc_disabled,1601,1.3211999994382495
gc_disabled,1602,1.52660000094329
gc_disabled,1603,1.2754999988828786
gc_disabled,1604,1.300400001127855
gc_disabled,1605,1.278400000956026
gc_disabled,1606,1.421999999365653
gc_disabled,1607,1.3679000003321562
gc_disabled,1608,1.3349999990168726
gc_disabled,1609,1.3911000005464302
gc_disabled,1610,1.2601999987964518
gc_disabled,1611,1.410099999702652
gc_disabled,1612,1.27749999955995
gc_disabled,1613,1.2769999993906822
gc_disabled,1614,1.282799999898998
gc_disabled,1615,1.3877999990654644
gc_disabled,1616,1.2989000006200513
gc_disabled,1617,1.2573000003612833
gc_disabled,1618,1.225699999849894
gc_disabled,1619,1.330200000666082
gc_disabled,1620,1.2858999998570653
gc_disabled,1621,1.2275000008230563
gc_disabled,1622,1.3050999987171963
gc_disabled,1623,1.2748000008286908
gc_disabled,1624,1.518800001576892
gc_disabled,1625,1.2770000012096716
gc_disabled,1626,1.4283000000432367
gc_disabled,1627,1.301299998885952
gc_disabled,1628,1.3524999994842801
gc_disabled,1629,1.3414000004559057
gc_disabled,1630,1.2927999996463768
gc_disabled,1631,1.312599999437225
gc_disabled,1632,1.414100001056795
gc_disabled,1633,1.3223000005382346
gc_disabled,1634,1.2657999996008584
gc_disabled,1635,1.2640999993891455
gc_disabled,1636,1.306000000113272
gc_disabled,1637,1.3366000002861256
gc_disabled,1638,1.2604999992618104
gc_disabled,1639,1.2996999994356884
gc_disabled,1640,1.2989999995625112
gc_disabled,1641,1.2552999996842118
gc_disabled,1642,1.341600000159815
gc_disabled,1643,1.3018000008742092
gc_disabled,1644,1.2752999991789693
gc_disabled,1645,1.2430999995558523
gc_disabled,1646,1.2250999989191769
gc_disabled,1647,1.2924999991810182
gc_disabled,1648,1.3109999999869615
gc_disabled,1649,1.3753000002907356
gc_disabled,1650,1.3603000006696675
gc_disabled,1651,1.4041000013094163
gc_disabled,1652,1.2843999993492616
gc_disabled,1653,1.3133000011293916
gc_disabled,1654,1.2786000006599352
gc_disabled,1655,1.3335999992705183
gc_disabled,1656,1.2662999997701263
gc_disabled,1657,1.2549000002763933
gc_disabled,1658,1.22660000124597
gc_disabled,1659,1.2068000014551217
gc_disabled,1660,1.3883999999961816
gc_disabled,1661,1.2544999990495853
gc_disabled,1662,1.290500000322936
gc_disabled,1663,1.2596000015037134
gc_disabled,1664,1.2464000010368181
gc_disabled,1665,1.2913000009575626
gc_disabled,1666,1.2393000015435973
gc_disabled,1667,1.3204999995650724
gc_disabled,1668,1.3057999985903734
gc_disabled,1669,1.253099999303231
gc_disabled,1670,1.2511999993876088
gc_disabled,1671,1.3956999991933117
gc_disabled,1672,1.2528000006568618
gc_disabled,1673,1.3944000002084067
gc_disabled,1674,1.244600000063656
gc_disabled,1675,1.2749999987136107
gc_disabled,1676,1.3231999982963316
gc_disabled,1677,1.2545999998110346
gc_disabled,1678,1.2998000001971377
gc_disabled,1679,1.2332000005699228
gc_disabled,1680,1.244500001121196
gc_disabled,1681,1.357099999950151
gc_disabled,1682,1.2722000010398915
gc_disabled,1683,1.2686000009125564
gc_disabled,1684,1.3177999990148237
gc_disabled,1685,1.2069000003975816
gc_disabled,1686,1.373799999782932
gc_disabled,1687,1.2722999999823514
gc_disabled,1688,1.2735999989672564
gc_disabled,1689,1.2867000004916918
gc_disabled,1690,1.2802000001101987
gc_disabled,1691,1.2752000002365094
gc_disabled,1692,1.2654000001930399
gc_disabled,1693,1.3964000008854782
gc_disabled,1694,1.4091000011831056
gc_disabled,1695,1.2517000013758661
gc_disabled,1696,1.2907000000268454
gc_disabled,1697,1.2251999996806262
gc_disabled,1698,1.2487000003602589
gc_disabled,1699,1.2800000004062895
gc_disabled,1700,1.345600001513958
gc_disabled,1701,1.2344999995548278
gc_disabled,1702,1.2496999988798052
gc_disabled,1703,1.253099999303231
gc_disabled,1704,1.205499998832238
gc_disabled,1705,1.2720000013359822
gc_disabled,1706,1.254299999345676
gc_disabled,1707,1.3528999988920987
gc_disabled,1708,1.2642000001505949
gc_disabled,1709,1.3859999999112915
gc_disabled,1710,1.355499998680898
gc_disabled,1711,1.3044999996054685
gc_disabled,1712,1.4138000005914364
gc_disabled,1713,1.2993000000278698
gc_disabled,1714,1.3009999984205933
gc_disabled,1715,1.441500000510132
gc_disabled,1716,1.3504999988072086
gc_disabled,1717,1.273800000490155
gc_disabled,1718,1.258300000699819
gc_disabled,1719,1.3177000000723638
gc_disabled,1720,1.3693999990209704
gc_disabled,1721,1.2587999990500975
gc_disabled,1722,1.2505999984568916
gc_disabled,1723,1.272199999220902
gc_disabled,1724,1.228500001161592
gc_disabled,1725,1.4560999989043921
gc_disabled,1726,1.2683000004471978
gc_disabled,1727,1.2778999989677686
gc_disabled,1728,1.3112999986333307
gc_disabled,1729,1.2752999991789693
gc_disabled,1730,1.3777999993180856
gc_disabled,1731,1.2397999998938758
gc_disabled,1732,1.2145000000600703
gc_disabled,1733,1.2715000011667144
gc_disabled,1734,1.2337999996816507
gc_disabled,1735,1.2127999998483574
gc_disabled,1736,1.3459000001603272
gc_disabled,1737,1.273100000616978
gc_disabled,1738,1.255499999388121
gc_disabled,1739,1.242800000909483
gc_disabled,1740,1.3349000000744127
gc_disabled,1741,1.2695000004896428
gc_disabled,1742,1.2091000007785624
gc_disabled,1743,1.3373000001593027
gc_disabled,1744,1.216799999383511
gc_disabled,1745,1.249499999175896
gc_disabled,1746,1.2362999987090006
gc_disabled,1747,1.250600000275881
gc_disabled,1748,1.290599999265396
gc_disabled,1749,1.2749999987136107
gc_disabled,1750,1.2618000000657048
gc_disabled,1751,1.3020999995205784
gc_disabled,1752,1.2371000011626165
gc_disabled,1753,1.2630999990506098
gc_disabled,1754,1.3092999997752486
gc_disabled,1755,1.2678999992203899
gc_disabled,1756,1.3726000015594764
gc_disabled,1757,1.250500001333421
gc_disabled,1758,1.2907000000268454
gc_disabled,1759,1.412499999787542
gc_disabled,1760,1.2783999991370365
gc_disabled,1761,1.3537000013457146
gc_disabled,1762,1.276799999686773
gc_disabled,1763,1.3225999991846038
gc_disabled,1764,1.3238000010460382
gc_disabled,1765,1.2998000001971377
gc_disabled,1766,1.2294000007386785
gc_disabled,1767,1.2623000002349727
gc_disabled,1768,1.2556000001495704
gc_disabled,1769,1.3520000011340016
gc_disabled,1770,1.2703000011242693
gc_disabled,1771,1.27029999930528
gc_disabled,1772,1.2557000009110197
gc_disabled,1773,1.1995999993814621
gc_disabled,1774,1.3768000007985393
gc_disabled,1775,1.2626999996427912
gc_disabled,1776,1.2234000005264534
gc_disabled,1777,1.3054000010015443
gc_disabled,1778,1.3110999989294214
gc_disabled,1779,1.3716999983444111
gc_disabled,1780,1.3330000001587905
gc_disabled,1781,1.3318000001163455
gc_disabled,1782,1.3300000009621726
gc_disabled,1783,1.2479000015446218
gc_disabled,1784,1.2900999990961282
gc_disabled,1785,1.2443000014172867
gc_disabled,1786,1.3352000005397713
gc_disabled,1787,1.3598000005003996
gc_disabled,1788,1.2526999998954125
gc_disabled,1789,1.2476000010792632
gc_disabled,1790,1.280899999983376
gc_disabled,1791,1.2148999994678888
gc_disabled,1792,1.501799999459763
gc_disabled,1793,1.268500000151107
gc_disabled,1794,1.249400000233436
gc_disabled,1795,1.3144999993528472
gc_disabled,1796,1.2652000004891306
gc_disabled,1797,1.3013000007049413
gc_disabled,1798,1.2750000005326
gc_disabled,1799,1.2984999993932433
gc_disabled,1800,1.3567000005423324
gc_disabled,1801,1.254700000572484
gc_disabled,1802,1.4334000006783754
gc_disabled,1803,1.3006000008317642
gc_disabled,1804,1.237699998455355
gc_disabled,1805,1.288100000238046
gc_disabled,1806,1.2920999997731997
gc_disabled,1807,1.2516000006144168
gc_disabled,1808,1.2913999999000225
gc_disabled,1809,1.2587000001076376
gc_disabled,1810,1.3579999995272374
gc_disabled,1811,1.2972000004083384
gc_disabled,1812,1.2484999988373602
gc_disabled,1813,1.441000000340864
gc_disabled,1814,1.2652999994315905
gc_disabled,1815,1.278699999602395
gc_disabled,1816,1.262599998881342
gc_disabled,1817,1.3510999997379258
gc_disabled,1818,1.2962999990122626
gc_disabled,1819,1.2421999999787658
gc_disabled,1820,1.2811000015062746
gc_disabled,1821,1.3238000010460382
gc_disabled,1822,1.4820000014879042
gc_disabled,1823,1.3248999985080445
gc_disabled,1824,1.45419999898877
gc_disabled,1825,1.2765999999828637
gc_disabled,1826,1.4140999992378056
gc_disabled,1827,1.2533999997685896
gc_disabled,1828,1.3083000012557022
gc_disabled,1829,1.250699999218341
gc_disabled,1830,1.2270000006537884
gc_disabled,1831,1.390499999615713
gc_disabled,1832,1.2316000011196593
gc_disabled,1833,1.3116999998601386
gc_disabled,1834,1.255999999557389
gc_disabled,1835,1.2526999998954125
gc_disabled,1836,1.23630000052799
gc_disabled,1837,1.2619000008271541
gc_disabled,1838,1.2397999998938758
gc_disabled,1839,1.3355999999475898
gc_disabled,1840,1.3343999999051448
gc_disabled,1841,1.2423999996826751
gc_disabled,1842,1.2896999996883096
gc_disabled,1843,1.2901000009151176
gc_disabled,1844,1.4081999997870298
gc_disabled,1845,1.2667000009969342
gc_disabled,1846,1.3760000001639128
gc_disabled,1847,1.296399999773712
gc_disabled,1848,1.2219000000186497
gc_disabled,1849,1.2553999986266717
gc_disabled,1850,1.3127000001986744
gc_disabled,1851,1.2722000010398915
gc_disabled,1852,1.3165999989723787
gc_disabled,1853,1.2585000004037283
gc_disabled,1854,1.3045999985479284
gc_disabled,1855,1.4016999994055368
gc_disabled,1856,1.239200000782148
gc_disabled,1857,1.3835999998264015
gc_disabled,1858,1.305399999182555
gc_disabled,1859,1.2478000007831724
gc_disabled,1860,1.3134999990143115
gc_disabled,1861,1.2308999994274927
gc_disabled,1862,1.2566000004881062
gc_disabled,1863,1.246900001206086
gc_disabled,1864,1.3222999987192452
gc_disabled,1865,1.382000000376138
gc_disabled,1866,1.3462999995681457
gc_disabled,1867,1.3222000015957747
gc_disabled,1868,1.9790999995166203
gc_disabled,1869,1.3780999997834442
gc_disabled,1870,1.34760000037204
gc_disabled,1871,1.2819000003219116
gc_disabled,1872,1.3913000002503395
gc_disabled,1873,1.281199998629745
gc_disabled,1874,1.2328000011621043
gc_disabled,1875,1.2497000006987946
gc_disabled,1876,1.2526999998954125
gc_disabled,1877,1.2640000004466856
gc_disabled,1878,1.2380999996821629
gc_disabled,1879,1.339200000074925
gc_disabled,1880,1.3317000011738855
gc_disabled,1881,1.2287999998079613
gc_disabled,1882,1.256699999430566
gc_disabled,1883,1.2972999993507983
gc_disabled,1884,1.2836999994760845
gc_disabled,1885,1.279199999771663
gc_disabled,1886,1.3331000009202398
gc_disabled,1887,1.3328000004548812
gc_disabled,1888,1.3213999991421588
gc_disabled,1889,1.4638000011473196
gc_disabled,1890,1.3001999996049562
gc_disabled,1891,1.2463000002753688
gc_disabled,1892,1.2553000015032012
gc_disabled,1893,1.4200000005075708
gc_disabled,1894,1.2580000002344605
gc_disabled,1895,1.3185000007069902
gc_disabled,1896,1.2739000012516044
gc_disabled,1897,1.2532999990071403
gc_disabled,1898,1.2980000010429649
gc_disabled,1899,1.3184999988880008
gc_disabled,1900,1.3393000008363742
gc_disabled,1901,1.3467000007949537
gc_disabled,1902,1.2332000005699228
gc_disabled,1903,1.224999999976717
gc_disabled,1904,1.3524999994842801
gc_disabled,1905,1.2551999989227625
gc_disabled,1906,1.3498999996954808
gc_disabled,1907,1.2533999997685896
gc_disabled,1908,1.2265999994269805
gc_disabled,1909,1.375499999994645
gc_disabled,1910,1.3560999996116152
gc_disabled,1911,1.3070000004518079
gc_disabled,1912,1.2642000001505949
gc_disabled,1913,1.305300000240095
gc_disabled,1914,1.3342000002012355
gc_disabled,1915,1.2984999993932433
gc_disabled,1916,1.2643999998545041
gc_disabled,1917,1.3103999990562443
gc_disabled,1918,1.3459999991027871
gc_disabled,1919,1.3679000003321562
gc_disabled,1920,1.3748000001214677
gc_disabled,1921,1.2317000000621192
gc_disabled,1922,1.2937000010424526
gc_disabled,1923,1.2103000008210074
gc_disabled,1924,1.3971000007586554
gc_disabled,1925,1.2846999998146202
gc_disabled,1926,1.2786000006599352
gc_disabled,1927,1.381900001433678
gc_disabled,1928,1.2631000008695992
gc_disabled,1929,1.3593999992735917
gc_disabled,1930,1.2894999999844003
gc_disabled,1931,1.2650000007852213
gc_disabled,1932,1.3160999988031108
gc_disabled,1933,1.288600000407314
gc_disabled,1934,1.2986000001546927
gc_disabled,1935,1.552800000354182
gc_disabled,1936,1.5390999997180188
gc_disabled,1937,1.520100000561797
gc_disabled,1938,1.5275999994628364
gc_disabled,1939,1.8424999998387648
gc_disabled,1940,1.5650000004825415
gc_disabled,1941,1.9240000001445878
gc_disabled,1942,1.5327000000979751
gc_disabled,1943,1.525900001070113
gc_disabled,1944,1.3586999994004145
gc_disabled,1945,1.292200000534649
gc_disabled,1946,1.3025999996898463
gc_disabled,1947,1.2576999997691019
gc_disabled,1948,1.2835999987146351
gc_disabled,1949,1.3665999995282618
gc_disabled,1950,1.246599998921738
gc_disabled,1951,1.3688999988517025
gc_disabled,1952,1.3223999994806945
gc_disabled,1953,1.4343000002554618
gc_disabled,1954,1.3075000006210757
gc_disabled,1955,1.3197999996918952
gc_disabled,1956,1.3261999993119389
gc_disabled,1957,1.4960999997128965
gc_disabled,1958,1.3364000005822163
gc_disabled,1959,1.3328000004548812
gc_disabled,1960,1.3122000000294065
gc_disabled,1961,1.3280000002851011
gc_disabled,1962,1.2996999994356884
gc_disabled,1963,1.2341000001470093
gc_disabled,1964,1.2902999988000374
gc_disabled,1965,1.2549000002763933
gc_disabled,1966,1.3918999993620673
gc_disabled,1967,1.266600000235485
gc_disabled,1968,1.262099998712074
gc_disabled,1969,1.2718999987555435
gc_disabled,1970,1.34030000117491
gc_disabled,1971,1.2545999998110346
gc_disabled,1972,1.2741999998979736
gc_disabled,1973,1.3551000010920689
gc_disabled,1974,1.3111000007484108
gc_disabled,1975,1.3340000004973263
gc_disabled,1976,1.4073999991524033
gc_disabled,1977,1.5456000000995118
gc_disabled,1978,1.5664999991713557
gc_disabled,1979,1.357500001176959
gc_disabled,1980,1.6307999994751299
gc_disabled,1981,1.5377999989141244
gc_disabled,1982,1.5142000011110213
gc_disabled,1983,1.2532000000646804
gc_disabled,1984,1.3635999985126546
gc_disabled,1985,1.2686000009125564
gc_disabled,1986,1.2282999996386934
gc_disabled,1987,1.3323999992280733
gc_disabled,1988,1.2851999999838881
gc_disabled,1989,1.3642000012623612
gc_disabled,1990,1.2694999986706534
gc_disabled,1991,1.2599000001500826
gc_disabled,1992,1.2277000005269656
gc_disabled,1993,1.2349000007816358
gc_disabled,1994,1.2292000010347692
gc_disabled,1995,1.3698000002477784
gc_disabled,1996,1.2576999997691019
gc_disabled,1997,1.583299999765586
gc_disabled,1998,1.261299999896437
gc_disabled,1999,1.2790000000677537
gc_disabled,2000,1.3066999999864493
gc_disabled,2001,1.2758000011672266
gc_disabled,2002,1.3617999993584817
gc_disabled,2003,1.2315999993006699
gc_disabled,2004,1.2797999988833908
gc_disabled,2005,1.2282000006962335
gc_disabled,2006,1.2747000000672415
gc_disabled,2007,1.1918000000150641
gc_disabled,2008,1.4371999986906303
gc_disabled,2009,1.2739000012516044
gc_disabled,2010,1.2901000009151176
gc_disabled,2011,1.3567999994847924
gc_disabled,2012,1.223700000991812
gc_disabled,2013,1.3763999995717313
gc_disabled,2014,1.256699999430566
gc_disabled,2015,1.6207999997277511
gc_disabled,2016,1.2341000001470093
gc_disabled,2017,1.3003000003664056
gc_disabled,2018,1.3128000009601237
gc_disabled,2019,1.2904999985039467
gc_disabled,2020,1.4062000009289477
gc_disabled,2021,1.3047000011283671
gc_disabled,2022,1.3677999995707069
gc_disabled,2023,1.2853000007453375
gc_disabled,2024,1.3025000007473864
gc_disabled,2025,1.2929000004078262
gc_disabled,2026,1.241699999809498
gc_disabled,2027,1.2633999995159684
gc_disabled,2028,1.3085999999020714
gc_disabled,2029,1.290900001549744
gc_disabled,2030,1.2752999991789693
gc_disabled,2031,1.3882000002922723
gc_disabled,2032,1.2592999992193654
gc_disabled,2033,1.3859999999112915
gc_disabled,2034,1.2418999995134072
gc_disabled,2035,1.2502999998105224
gc_disabled,2036,1.2460999987524701
gc_disabled,2037,1.2623000002349727
gc_disabled,2038,1.3995999997860054
gc_disabled,2039,1.3845000012224773
gc_disabled,2040,1.3682999997399747
gc_disabled,2041,1.4246999999159016
gc_disabled,2042,1.335099999778322
gc_disabled,2043,1.251100000445149
gc_disabled,2044,1.2267000001884298
gc_disabled,2045,1.3290999995660968
gc_disabled,2046,1.3743999988946598
gc_disabled,2047,1.2422999989212258
gc_disabled,2048,1.2248000002728077
gc_disabled,2049,1.3282999989314703
gc_disabled,2050,1.2473000006139046
gc_disabled,2051,1.4041000013094163
gc_disabled,2052,1.2323999999352964
gc_disabled,2053,1.2267999991308898
gc_disabled,2054,1.2277000005269656
gc_disabled,2055,1.2635999992198776
gc_disabled,2056,1.2977000005776063
gc_disabled,2057,1.2688999995589256
gc_disabled,2058,1.2042999987897929
gc_disabled,2059,1.3955000013083918
gc_disabled,2060,1.38399999923422
gc_disabled,2061,1.311800000621588
gc_disabled,2062,1.2212000001454726
gc_disabled,2063,1.3806999995722435
gc_disabled,2064,1.365900001474074
gc_disabled,2065,1.2616000003617955
gc_disabled,2066,1.2639999986276962
gc_disabled,2067,1.338799998848117
gc_disabled,2068,1.2735000000247965
gc_disabled,2069,1.1967000009462936
gc_disabled,2070,1.291799999307841
gc_disabled,2071,1.2520000000222353
gc_disabled,2072,1.3968000002932968
gc_disabled,2073,1.258399999642279
gc_disabled,2074,1.219600000695209
gc_disabled,2075,1.2682000015047379
gc_disabled,2076,1.2212000001454726
gc_disabled,2077,1.2263000007806113
gc_disabled,2078,1.2640000004466856
gc_disabled,2079,1.2526999998954125
gc_disabled,2080,1.34280000020226
gc_disabled,2081,1.3734000003751134
gc_disabled,2082,1.2200000001030276
gc_disabled,2083,1.3312999999470776
gc_disabled,2084,1.23639999947045
gc_disabled,2085,1.3634999995701946
gc_disabled,2086,1.2669000007008435
gc_disabled,2087,1.2618000000657048
gc_disabled,2088,1.276799999686773
gc_disabled,2089,1.2354000009509036
gc_disabled,2090,1.2621999994735233
gc_disabled,2091,1.3237999992270488
gc_disabled,2092,1.2514999998529674
gc_disabled,2093,1.3455999996949686
gc_disabled,2094,1.2989999995625112
gc_disabled,2095,1.2043000006087823
gc_disabled,2096,1.2403000000631437
gc_disabled,2097,1.2475999992602738
gc_disabled,2098,1.3882000002922723
gc_disabled,2099,1.3242000004538568
gc_disabled,2100,1.2671999993472127
gc_disabled,2101,1.2353000001894543
gc_disabled,2102,1.2408999991748715
gc_disabled,2103,1.4339999997901032
gc_disabled,2104,1.2356999995972728
gc_disabled,2105,1.3103999990562443
gc_disabled,2106,1.3348000011319527
gc_disabled,2107,1.2228000014147256
gc_disabled,2108,1.3605000003735768
gc_disabled,2109,1.3090000011288794
gc_disabled,2110,1.3014000014663907
gc_disabled,2111,1.73470000117959
gc_disabled,2112,1.501000000644126
gc_disabled,2113,1.7870000010589138
gc_disabled,2114,1.7580999992787838
gc_disabled,2115,1.4955999995436287
gc_disabled,2116,1.4976000002207002
gc_disabled,2117,1.5309999998862622
gc_disabled,2118,1.6567000002396526
gc_disabled,2119,1.6556999999011168
gc_disabled,2120,1.554000000396627
gc_disabled,2121,1.5696000009484123
gc_disabled,2122,1.6025000004447065
gc_disabled,2123,1.51940000068862
gc_disabled,2124,1.8502999992051627
gc_disabled,2125,1.4934999999240972
gc_disabled,2126,1.3788999985990813
gc_disabled,2127,1.2894999999844003
gc_disabled,2128,1.2401000003592344
gc_disabled,2129,1.3405999998212792
gc_disabled,2130,1.2340000012045493
gc_disabled,2131,1.2972000004083384
gc_disabled,2132,1.264900000023772
gc_disabled,2133,1.2349000007816358
gc_disabled,2134,1.3461999988066964
gc_disabled,2135,1.2396000001899665
gc_disabled,2136,1.255999999557389
gc_disabled,2137,1.236800000697258
gc_disabled,2138,1.4583000011043623
gc_disabled,2139,1.4262999993661651
gc_disabled,2140,1.357799999823328
gc_disabled,2141,2.3148000000219326
gc_disabled,2142,2.4240000002464512
gc_disabled,2143,1.912399999127956
gc_disabled,2144,1.5662999994674465
gc_disabled,2145,1.291099999434664
gc_disabled,2146,1.3828999999532243
gc_disabled,2147,1.254299999345676
gc_disabled,2148,1.3276999998197425
gc_disabled,2149,1.433200000974466
gc_disabled,2150,1.3414999993983656
gc_disabled,2151,1.2499999993451638
gc_disabled,2152,1.2769000004482223
gc_disabled,2153,1.2735000000247965
gc_disabled,2154,1.3367999999900348
gc_disabled,2155,1.2867000004916918
gc_disabled,2156,1.246499999979278
gc_disabled,2157,1.2855999993917067
gc_disabled,2158,1.2593999999808148
gc_disabled,2159,1.3751999995292863
gc_disabled,2160,1.2939999996888218
gc_disabled,2161,1.2640999993891455
gc_disabled,2162,1.3175000003684545
gc_disabled,2163,1.2655999998969492
gc_disabled,2164,1.2435000007826602
gc_disabled,2165,1.2528000006568618
gc_disabled,2166,1.4037000000826083
gc_disabled,2167,1.4599000005546259
gc_disabled,2168,1.2814000001526438
gc_disabled,2169,1.338799998848117
gc_disabled,2170,1.262499999938882
gc_disabled,2171,1.2753999999404186
gc_disabled,2172,1.2526000009529525
gc_disabled,2173,1.3098999988869764
gc_disabled,2174,1.2321000012889272
gc_disabled,2175,1.2654000001930399
gc_disabled,2176,1.2756999985867878
gc_disabled,2177,1.2616999993042555
gc_disabled,2178,1.2217000003147405
gc_disabled,2179,1.2435999997251201
gc_disabled,2180,1.3347000003705034
gc_disabled,2181,1.2623000002349727
gc_disabled,2182,1.330499999312451
gc_disabled,2183,1.239299999724608
gc_disabled,2184,1.3369999996939441
gc_disabled,2185,1.3639999997394625
gc_disabled,2186,1.3470000012603123
gc_disabled,2187,1.2733999992633471
gc_disabled,2188,1.292999999350286
gc_disabled,2189,1.3075000006210757
gc_disabled,2190,1.250600000275881
gc_disabled,2191,1.3390999993134756
gc_disabled,2192,1.2031999995087972
gc_disabled,2193,1.6280999989248812
gc_disabled,2194,1.2846999998146202
gc_disabled,2195,1.4168999987305142
gc_disabled,2196,1.2809999989258358
gc_disabled,2197,1.2901000009151176
gc_disabled,2198,1.4444000007642899
gc_disabled,2199,1.2628000004042406
gc_disabled,2200,1.2538000009953976
gc_disabled,2201,1.2651999986701412
gc_disabled,2202,1.2716000001091743
gc_disabled,2203,1.2585000004037283
gc_disabled,2204,1.317499998549465
gc_disabled,2205,1.3173000006645452
gc_disabled,2206,1.3176999982533744
gc_disabled,2207,1.3115999990986893
gc_disabled,2208,1.2203000005683862
gc_disabled,2209,1.2523999994300539
gc_disabled,2210,1.3300999999046326
gc_disabled,2211,1.3699999999516876
gc_disabled,2212,1.2200000001030276
gc_disabled,2213,1.2729999998555286
gc_disabled,2214,1.3521000000764616
gc_disabled,2215,1.276700000744313
gc_disabled,2216,1.2385000009089708
gc_disabled,2217,1.3192000005801674
gc_disabled,2218,1.2305999989621341
gc_disabled,2219,1.450099998692167
gc_disabled,2220,1.2826999991375487
gc_disabled,2221,1.2497000006987946
gc_disabled,2222,1.254700000572484
gc_disabled,2223,1.3003999993088655
gc_disabled,2224,1.259199998457916
gc_disabled,2225,1.3075999995635357
gc_disabled,2226,1.3092999997752486
gc_disabled,2227,1.5481999998883111
gc_disabled,2228,1.3140999999450287
gc_disabled,2229,1.2666999991779448
gc_disabled,2230,1.268599999093567
gc_disabled,2231,1.2904999985039467
gc_disabled,2232,1.3197999996918952
gc_disabled,2233,1.5863999997236533
gc_disabled,2234,1.6415999998571351
gc_disabled,2235,1.3736000000790227
gc_disabled,2236,1.336299999820767
gc_disabled,2237,1.2705000008281786
gc_disabled,2238,1.2566000004881062
gc_disabled,2239,1.254299999345676
gc_disabled,2240,1.3610999994853046
gc_disabled,2241,1.264900000023772
gc_disabled,2242,1.3703999993595062
gc_disabled,2243,1.2365999991743593
gc_disabled,2244,1.2308999994274927
gc_disabled,2245,1.2937000010424526
gc_disabled,2246,1.2346000003162771
gc_disabled,2247,1.4009999995323597
gc_disabled,2248,1.2788000003638444
gc_disabled,2249,1.3146000001142966
gc_disabled,2250,1.2848000005760696
gc_disabled,2251,1.3324999999895226
gc_disabled,2252,1.2325999996392056
gc_disabled,2253,1.332699999693432
gc_disabled,2254,1.389700000800076
gc_disabled,2255,1.3593000003311317
gc_disabled,2256,1.3197000007494353
gc_disabled,2257,1.2798999996448401
gc_disabled,2258,1.2829999996029073
gc_disabled,2259,1.244199998836848
gc_disabled,2260,1.573199999256758
gc_disabled,2261,1.2825999983760994
gc_disabled,2262,1.2490999997680774
gc_disabled,2263,1.2736999997287057
gc_disabled,2264,1.2953000004927162
gc_disabled,2265,1.2696000012510922
gc_disabled,2266,1.2707000005320879
gc_disabled,2267,1.2222999994264683
gc_disabled,2268,1.2879000005341368
gc_disabled,2269,1.2356999995972728
gc_disabled,2270,1.3182000002416316
gc_disabled,2271,1.3061999998171814
gc_disabled,2272,1.2652000004891306
gc_disabled,2273,1.3383000004978385
gc_disabled,2274,1.344799999060342
gc_disabled,2275,1.2619000008271541
gc_disabled,2276,1.3194999992265366
gc_disabled,2277,1.3426999994408106
gc_disabled,2278,1.4066000003367662
gc_disabled,2279,1.2721000002784422
gc_disabled,2280,1.398200000039651
gc_disabled,2281,1.3132000003679423
gc_disabled,2282,1.2757999993482372
gc_disabled,2283,1.254200000403216
gc_disabled,2284,1.3564000000769738
gc_disabled,2285,1.2473999995563645
gc_disabled,2286,1.3190000008762581
gc_disabled,2287,1.3598000005003996
gc_disabled,2288,1.2764999992214143
gc_disabled,2289,1.27279999833263
gc_disabled,2290,1.279199999771663
gc_disabled,2291,1.2342000009084586
gc_disabled,2292,1.2831000003643567
gc_disabled,2293,1.268500000151107
gc_disabled,2294,1.3506999985111179
gc_disabled,2295,1.2895999989268603
gc_disabled,2296,1.276799999686773
gc_disabled,2297,1.4207999993232079
gc_disabled,2298,1.2769999993906822
gc_disabled,2299,1.4613000003009802
gc_disabled,2300,1.2915000006614719
gc_disabled,2301,1.5162999989115633
gc_disabled,2302,1.3009999984205933
gc_disabled,2303,1.2993999989703298
gc_disabled,2304,1.3828000010107644
gc_disabled,2305,1.2752000002365094
gc_disabled,2306,1.2676000005740207
gc_disabled,2307,1.3328000004548812
gc_disabled,2308,1.244000000951928
gc_disabled,2309,1.235100000485545
gc_disabled,2310,1.2824000004911795
gc_disabled,2311,1.207799999974668
gc_disabled,2312,1.4366999985213624
gc_disabled,2313,1.262400000996422
gc_disabled,2314,1.290500000322936
gc_disabled,2315,1.2510999986261595
gc_disabled,2316,1.239299999724608
gc_disabled,2317,1.2681999996857485
gc_disabled,2318,1.2618000000657048
gc_disabled,2319,1.284500000110711
gc_disabled,2320,1.3254000004963018
gc_disabled,2321,1.2593999999808148
gc_disabled,2322,1.2072999998054001
gc_disabled,2323,1.4967000006436137
gc_disabled,2324,1.4637000003858702
gc_disabled,2325,1.3973000004625646
gc_disabled,2326,1.2900000001536682
gc_disabled,2327,1.2772000009135809
gc_disabled,2328,1.3873999996576458
gc_disabled,2329,1.2662999997701263
gc_disabled,2330,1.3981000010971911
gc_disabled,2331,1.2950000000273576
gc_disabled,2332,1.2736999997287057
gc_disabled,2333,1.2762000005750451
gc_disabled,2334,1.3472000009642215
gc_disabled,2335,1.2294000007386785
gc_disabled,2336,1.3017000001127599
gc_disabled,2337,1.2418999995134072
gc_disabled,2338,1.3237999992270488
gc_disabled,2339,1.2890000016341219
gc_disabled,2340,1.3172999988455558
gc_disabled,2341,1.223799999934272
gc_disabled,2342,1.3627999996970175
gc_disabled,2343,1.3693999990209704
gc_disabled,2344,1.2735000000247965
gc_disabled,2345,1.2742999988404335
gc_disabled,2346,1.252300000487594
gc_disabled,2347,1.2372999990475364
gc_disabled,2348,1.3822000000800472
gc_disabled,2349,1.2735000000247965
gc_disabled,2350,1.3041999991401099
gc_disabled,2351,1.316799998676288
gc_disabled,2352,1.2587000001076376
gc_disabled,2353,1.6203999985009432
gc_disabled,2354,1.3533999990613665
gc_disabled,2355,1.335099999778322
gc_disabled,2356,1.313000000664033
gc_disabled,2357,1.2956999999005347
gc_disabled,2358,1.3090000011288794
gc_disabled,2359,1.3325999989319826
gc_disabled,2360,1.2619000008271541
gc_disabled,2361,1.3874999986001058
gc_disabled,2362,1.2721000002784422
gc_disabled,2363,1.2621999994735233
gc_disabled,2364,1.4347999986057403
gc_disabled,2365,1.223299999765004
gc_disabled,2366,1.3719999988097697
gc_disabled,2367,1.390900000842521
gc_disabled,2368,1.3235000005806796
gc_disabled,2369,1.2747000000672415
gc_disabled,2370,1.2953000004927162
gc_disabled,2371,1.3527999999496387
gc_disabled,2372,1.3032999995630234
gc_disabled,2373,1.242899999851943
gc_disabled,2374,1.3097999999445165
gc_disabled,2375,1.286999999138061
gc_disabled,2376,1.2566000004881062
gc_disabled,2377,1.2880000012955861
gc_disabled,2378,1.2642000001505949
gc_disabled,2379,1.3768999997409992
gc_disabled,2380,1.367200000458979
gc_disabled,2381,1.2614000006578863
gc_disabled,2382,1.2742999988404335
gc_disabled,2383,1.2810000007448252
gc_disabled,2384,1.2783000001945766
gc_disabled,2385,1.3816000009683194
gc_disabled,2386,1.2846999998146202
gc_disabled,2387,1.3548999995691702
gc_disabled,2388,1.248200000190991
gc_disabled,2389,1.3209999997343402
gc_disabled,2390,1.2735000000247965
gc_disabled,2391,1.34280000020226
gc_disabled,2392,1.34520000028715
gc_disabled,2393,1.3085999999020714
gc_disabled,2394,1.3264000008348376
gc_disabled,2395,1.288500001464854
gc_disabled,2396,1.2717999998130836
gc_disabled,2397,1.3171999999030959
gc_disabled,2398,1.2678999992203899
gc_disabled,2399,1.2552999996842118
gc_disabled,2400,1.3068999996903585
gc_disabled,2401,1.575599999341648
gc_disabled,2402,1.6735999997763429
gc_disabled,2403,1.4809000003879191
gc_disabled,2404,1.4210999997885665
gc_disabled,2405,1.4780999990762211
gc_disabled,2406,1.3610000005428446
gc_disabled,2407,1.8215000000054715
gc_disabled,2408,1.4348999993671896
gc_disabled,2409,1.5635999989171978
gc_disabled,2410,1.5169999987847405
gc_disabled,2411,1.4556999994965736
gc_disabled,2412,1.5467999983229674
gc_disabled,2413,1.4305000004242174
gc_disabled,2414,1.582099999723141
gc_disabled,2415,1.5039999998407438
gc_disabled,2416,1.6145000008691568
gc_disabled,2417,1.4874000007694121
gc_disabled,2418,1.3049000008322764
gc_disabled,2419,1.3221000008343253
gc_disabled,2420,1.4408000006369548
gc_disabled,2421,1.6150999999808846
gc_disabled,2422,1.479700000345474
gc_disabled,2423,1.469199998609838
gc_disabled,2424,1.514800000222749
gc_disabled,2425,1.4326999989862088
gc_disabled,2426,1.5411999993375503
gc_disabled,2427,1.442799999495037
gc_disabled,2428,1.514100000349572
gc_disabled,2429,1.5072000005602604
gc_disabled,2430,1.4586999986931914
gc_disabled,2431,1.677199999903678
gc_disabled,2432,1.546299999972689
gc_disabled,2433,1.5505999999732012
gc_disabled,2434,1.5965000002324814
gc_disabled,2435,1.5880999999353662
gc_disabled,2436,1.5414999998029089
gc_disabled,2437,1.4633000009780517
gc_disabled,2438,1.5531999997620005
gc_disabled,2439,1.4875000015308615
gc_disabled,2440,1.5106999999261461
gc_disabled,2441,1.430899999832036
gc_disabled,2442,1.614799999515526
gc_disabled,2443,1.5447000005224254
gc_disabled,2444,1.4726999997947132
gc_disabled,2445,1.4895000003889436
gc_disabled,2446,1.4661000004707603
gc_disabled,2447,1.5476999997190433
gc_disabled,2448,1.4714999997522682
gc_disabled,2449,1.8098000000463799
gc_disabled,2450,1.6462999992654659
gc_disabled,2451,1.4728999994986225
gc_disabled,2452,1.4808000014454592
gc_disabled,2453,1.5171999984886497
gc_disabled,2454,1.5171000013651792
gc_disabled,2455,1.3964000008854782
gc_disabled,2456,1.3810000000376021
gc_disabled,2457,1.281500000914093
gc_disabled,2458,1.3245999998616753
gc_disabled,2459,1.2362999987090006
gc_disabled,2460,1.2543000011646654
gc_disabled,2461,1.241600000867038
gc_disabled,2462,1.2657999996008584
gc_disabled,2463,1.2214000016683713
gc_disabled,2464,1.3574999993579695
gc_disabled,2465,1.3013999996474013
gc_disabled,2466,1.2678999992203899
gc_disabled,2467,1.244500001121196
gc_disabled,2468,1.3797999999951571
gc_disabled,2469,1.293499999519554
gc_disabled,2470,1.2955000001966255
gc_disabled,2471,1.2848000005760696
gc_disabled,2472,1.552700001411722
gc_disabled,2473,1.3702000014745863
gc_disabled,2474,1.3013000007049413
gc_disabled,2475,1.2724999996862607
gc_disabled,2476,1.271300001462805
gc_disabled,2477,1.3005000000703149
gc_disabled,2478,1.3155000015103724
gc_disabled,2479,1.360299998850678
gc_disabled,2480,1.7423999997845385
gc_disabled,2481,1.4246000009734416
gc_disabled,2482,1.690200000666664
gc_disabled,2483,1.466699999582488
gc_disabled,2484,1.651099999435246
gc_disabled,2485,1.5263999994203914
gc_disabled,2486,1.5534999984083697
gc_disabled,2487,1.521399999546702
gc_disabled,2488,1.56789999891771
gc_disabled,2489,1.4825999987806426
gc_disabled,2490,1.5492999991693068
gc_disabled,2491,1.587900000231457
gc_disabled,2492,1.4009000005898997
gc_disabled,2493,1.9214000003557885
gc_disabled,2494,1.4709999995830003
gc_disabled,2495,1.413699999829987
gc_disabled,2496,1.4914999992470257
gc_disabled,2497,1.4163000014377758
gc_disabled,2498,1.565800001117168
gc_disabled,2499,1.4338999990286538
gc_disabled,2500,2.6199000003543915
gc_disabled,2501,1.5469999998458661
gc_disabled,2502,1.7084000010072486
gc_disabled,2503,1.5497000003961148
gc_disabled,2504,1.6006000005290844
gc_disabled,2505,1.3324999999895226
gc_disabled,2506,1.2931000001117354
gc_disabled,2507,1.439899999240879
gc_disabled,2508,1.4601000002585351
gc_disabled,2509,1.5098000003490597
gc_disabled,2510,1.4222999998310115
gc_disabled,2511,1.411799999914365
gc_disabled,2512,1.3731000017287442
gc_disabled,2513,1.4656000003014924
gc_disabled,2514,1.4476000014838064
gc_disabled,2515,1.344000000244705
gc_disabled,2516,1.6007000012905337
gc_disabled,2517,1.584999999977299
gc_disabled,2518,1.433700001143734
gc_disabled,2519,1.5180999998847255
gc_disabled,2520,1.4793999998801155
gc_disabled,2521,1.5000999992480502
gc_disabled,2522,1.282799999898998
gc_disabled,2523,1.4186000007612165
gc_disabled,2524,1.248200000190991
gc_disabled,2525,1.2602999995579012
gc_disabled,2526,1.2585000004037283
gc_disabled,2527,1.437300001271069
gc_disabled,2528,1.3385000002017478
gc_disabled,2529,1.3228999996499624
gc_disabled,2530,1.2903999995614868
gc_disabled,2531,2.174600000216742
gc_disabled,2532,1.548299998830771
gc_disabled,2533,1.5253999990818556
gc_disabled,2534,1.5865999994275626
gc_disabled,2535,1.5347999997175066
gc_disabled,2536,1.6001000003598165
gc_disabled,2537,1.4885999989928678
gc_disabled,2538,1.483800000642077
gc_disabled,2539,1.6916000004130183
gc_disabled,2540,2.477700001691119
gc_disabled,2541,1.5394000001833774
gc_disabled,2542,2.1237000000837725
gc_disabled,2543,1.510799998868606
gc_disabled,2544,1.723600000332226
gc_disabled,2545,1.5779999994265381
gc_disabled,2546,1.5383999998448417
gc_disabled,2547,1.5613000014127465
gc_disabled,2548,1.5390000007755589
gc_disabled,2549,1.7306999998254469
gc_disabled,2550,1.6150000010384247
gc_disabled,2551,1.6673999998602085
gc_disabled,2552,3.1376999995700317
gc_disabled,2553,1.6037000004871516
gc_disabled,2554,1.8564000001788372
gc_disabled,2555,1.3639999997394625
gc_disabled,2556,1.41770000118413
gc_disabled,2557,1.3794000005873386
gc_disabled,2558,1.4277000009315088
gc_disabled,2559,1.4759999994566897
gc_disabled,2560,1.3226000010035932
gc_disabled,2561,1.4358999997057253
gc_disabled,2562,1.2927000007039169
gc_disabled,2563,1.2580000002344605
gc_disabled,2564,1.2650999997276813
gc_disabled,2565,1.2930000011692755
gc_disabled,2566,1.244099999894388
gc_disabled,2567,1.2731999995594379
gc_disabled,2568,1.2901000009151176
gc_disabled,2569,1.2593999999808148
gc_disabled,2570,1.2850000002799788
gc_disabled,2571,1.2358000003587222
gc_disabled,2572,1.2633000005735084
gc_disabled,2573,1.214800000525429
gc_disabled,2574,1.2198999993415782
gc_disabled,2575,1.2337999996816507
gc_disabled,2576,1.2354999998933636
gc_disabled,2577,1.2798000007023802
gc_disabled,2578,1.3161000006221002
gc_disabled,2579,1.289300000280491
gc_disabled,2580,1.3540999989345437
gc_disabled,2581,1.5008000009402167
gc_disabled,2582,1.3314999996509869
gc_disabled,2583,1.4169999994919635
gc_disabled,2584,1.2639999986276962
gc_disabled,2585,1.3441999999486143
gc_disabled,2586,1.2564999997266568
gc_disabled,2587,1.2361999997665407
gc_disabled,2588,1.3009999984205933
gc_disabled,2589,1.280399999814108
gc_disabled,2590,1.2606000000232598
gc_disabled,2591,1.27020000036282
gc_disabled,2592,1.2333999984548427
gc_disabled,2593,1.2728000001516193
gc_disabled,2594,1.3287999991007382
gc_disabled,2595,1.2454000006982824
gc_disabled,2596,1.3441000010061543
gc_disabled,2597,1.2507999999797903
gc_disabled,2598,1.2513000001490582
gc_disabled,2599,1.2526999998954125
gc_disabled,2600,1.2885999985883245
gc_disabled,2601,1.416699999026605
gc_disabled,2602,1.2836000005336246
gc_disabled,2603,1.2165999996796018
gc_disabled,2604,1.3197000007494353
gc_disabled,2605,1.2662999997701263
gc_disabled,2606,1.4590999999199994
gc_disabled,2607,1.3388999996095663
gc_disabled,2608,1.2671000004047528
gc_disabled,2609,1.4787000000069384
gc_disabled,2610,1.3473999988491414
gc_disabled,2611,1.2793000005331123
gc_disabled,2612,1.3729999991483055
gc_disabled,2613,1.2865999997302424
gc_disabled,2614,1.2812000004487345
gc_disabled,2615,1.2638999996852363
gc_disabled,2616,1.2561000003188383
gc_disabled,2617,1.3233999998192303
gc_disabled,2618,1.2753999999404186
gc_disabled,2619,1.2461999995139195
gc_disabled,2620,1.2521999997261446
gc_disabled,2621,1.3006000008317642
gc_disabled,2622,1.275599999644328
gc_disabled,2623,1.3135999997757608
gc_disabled,2624,1.2277000005269656
gc_disabled,2625,1.4501000005111564
gc_disabled,2626,1.3746000004175585
gc_disabled,2627,1.3020000005781185
gc_disabled,2628,1.2752999991789693
gc_disabled,2629,1.3490000001183944
gc_disabled,2630,1.4102999994065613
gc_disabled,2631,1.318399999945541
gc_disabled,2632,1.2651999986701412
gc_disabled,2633,1.2564999997266568
gc_disabled,2634,1.2614000006578863
gc_disabled,2635,1.2311999998928513
gc_disabled,2636,1.3515999999071937
gc_disabled,2637,1.3261999993119389
gc_disabled,2638,1.376199999867822
gc_disabled,2639,1.3082999994367128
gc_disabled,2640,1.2590000005729962
gc_disabled,2641,1.2635999992198776
gc_disabled,2642,1.2213999998493819
gc_disabled,2643,1.2451999991753837
gc_disabled,2644,1.2669999996433035
gc_disabled,2645,1.257600000826642
gc_disabled,2646,1.248200000190991
gc_disabled,2647,1.2657000006583985
gc_disabled,2648,1.2657999996008584
gc_disabled,2649,1.3044999996054685
gc_disabled,2650,1.264800001081312
gc_disabled,2651,1.2616000003617955
gc_disabled,2652,1.3325999989319826
gc_disabled,2653,1.3146000001142966
gc_disabled,2654,1.2931999990541954
gc_disabled,2655,1.4188999994075857
gc_disabled,2656,1.2549000002763933
gc_disabled,2657,1.2628000004042406
gc_disabled,2658,1.302900000155205
gc_disabled,2659,1.3533000001189066
gc_disabled,2660,1.2853000007453375
gc_disabled,2661,1.2674999998125713
gc_disabled,2662,1.2561999992612982
gc_disabled,2663,1.2335999999777414
gc_disabled,2664,1.2439000001904787
gc_disabled,2665,1.3257999999041203
gc_disabled,2666,1.3123999997333158
gc_disabled,2667,1.2444999993022066
gc_disabled,2668,1.4019999998708954
gc_disabled,2669,1.2640000004466856
gc_disabled,2670,1.3104999998176936
gc_disabled,2671,1.3328999993973412
gc_disabled,2672,1.3177000000723638
gc_disabled,2673,1.4479000001301756
gc_disabled,2674,1.2798999996448401
gc_disabled,2675,1.246900001206086
gc_disabled,2676,1.3785000010102522
gc_disabled,2677,1.2484000017138897
gc_disabled,2678,1.2621999994735233
gc_disabled,2679,1.267399999051122
gc_disabled,2680,1.2925999999424675
gc_disabled,2681,1.378300001306343
gc_disabled,2682,1.5132999997149454
gc_disabled,2683,1.3495000002876623
gc_disabled,2684,1.249400000233436
gc_disabled,2685,1.2633000005735084
gc_disabled,2686,1.3359999993554084
gc_disabled,2687,1.224499999807449
gc_disabled,2688,1.365599999189726
gc_disabled,2689,1.34510000134469
gc_disabled,2690,1.2545999998110346
gc_disabled,2691,1.3312999999470776
gc_disabled,2692,1.2669999996433035
gc_disabled,2693,1.281599999856553
gc_disabled,2694,1.2337999996816507
gc_disabled,2695,1.231000000188942
gc_disabled,2696,1.2219000000186497
gc_disabled,2697,1.3343000009626849
gc_disabled,2698,1.2860999995609745
gc_disabled,2699,1.4449999998760177
gc_disabled,2700,1.2964999987161718
gc_disabled,2701,1.2611000001925277
gc_disabled,2702,1.2597000004461734
gc_disabled,2703,1.2408999991748715
gc_disabled,2704,1.2313999995967606
gc_disabled,2705,1.2615000014193356
gc_disabled,2706,1.3305000011314405
gc_disabled,2707,1.2781000004906673
gc_disabled,2708,1.2437999994290294
gc_disabled,2709,1.3976000009279232
gc_disabled,2710,1.3378000003285706
gc_disabled,2711,1.2491999987105373
gc_disabled,2712,1.2468000004446367
gc_disabled,2713,1.4102999994065613
gc_disabled,2714,1.292999999350286
gc_disabled,2715,1.321200001257239
gc_disabled,2716,1.3080999997328036
gc_disabled,2717,1.3797999999951571
gc_disabled,2718,1.2418000005709473
gc_disabled,2719,1.2936000002810033
gc_disabled,2720,1.276700000744313
gc_disabled,2721,1.3038000015512807
gc_disabled,2722,1.3656000010087155
gc_disabled,2723,1.6619999987597112
gc_disabled,2724,1.4404000012291363
gc_disabled,2725,1.3476999993145
gc_disabled,2726,1.2722999999823514
gc_disabled,2727,1.4558999992004829
gc_disabled,2728,1.4248999996198108
gc_disabled,2729,1.289300000280491
gc_disabled,2730,1.2279999991733348
gc_disabled,2731,1.6962000008788891
gc_disabled,2732,1.3467999997374136
gc_disabled,2733,1.349300000583753
gc_disabled,2734,1.240400000824593
gc_disabled,2735,1.2235999984113732
gc_disabled,2736,1.27269999939017
gc_disabled,2737,1.3306999990163604
gc_disabled,2738,1.3357000007090392
gc_disabled,2739,1.2591000013344456
gc_disabled,2740,1.2567000012495555
gc_disabled,2741,1.3445000004139729
gc_disabled,2742,1.2560999984998489
gc_disabled,2743,1.2581999999383697
gc_disabled,2744,1.2643999998545041
gc_disabled,2745,1.2793999994755723
gc_disabled,2746,1.5643999995518243
gc_disabled,2747,1.5211000009003328
gc_disabled,2748,1.311899999564048
gc_disabled,2749,1.3691999993170612
gc_disabled,2750,1.2775000013789395
gc_disabled,2751,1.2838000002375338
gc_disabled,2752,1.2398999988363357
gc_disabled,2753,1.499300000432413
gc_disabled,2754,1.37919999906444
gc_disabled,2755,1.2916999985463917
gc_disabled,2756,1.4682999990327517
gc_disabled,2757,1.3097999999445165
gc_disabled,2758,1.2711999988823663
gc_disabled,2759,1.2665999984164955
gc_disabled,2760,1.4501999994536163
gc_disabled,2761,1.339200000074925
gc_disabled,2762,1.3320999987627147
gc_disabled,2763,1.2621999994735233
gc_disabled,2764,1.2982000007468741
gc_disabled,2765,1.3222000015957747
gc_disabled,2766,1.246499999979278
gc_disabled,2767,1.3653999994858168
gc_disabled,2768,1.3461999988066964
gc_disabled,2769,2.643300000272575
gc_disabled,2770,1.8036000001302455
gc_disabled,2771,1.5509999993810197
gc_disabled,2772,1.5684000009059673
gc_disabled,2773,1.328599999396829
gc_disabled,2774,2.0944000007148134
gc_disabled,2775,1.8283000008523231
gc_disabled,2776,1.7895000000862638
gc_disabled,2777,1.6618999998172512
gc_disabled,2778,1.3670999996975297
gc_disabled,2779,1.2878999987151474
gc_disabled,2780,1.7270000007556519
gc_disabled,2781,2.3003999995125923
gc_disabled,2782,1.8001999997068197
gc_disabled,2783,1.56050000077812
gc_disabled,2784,1.5883999985817354
gc_disabled,2785,1.605800000106683
gc_disabled,2786,1.6866999994817888
gc_disabled,2787,1.5192999999271706
gc_disabled,2788,1.5650000004825415
gc_disabled,2789,1.4466999982687412
gc_disabled,2790,1.3896000000386266
gc_disabled,2791,1.2657000006583985
gc_disabled,2792,1.2707999994745478
gc_disabled,2793,1.227400000061607
gc_disabled,2794,1.2753000009979587
gc_disabled,2795,1.505899999756366
gc_disabled,2796,1.3872999988961965
gc_disabled,2797,1.279299998714123
gc_disabled,2798,1.2753000009979587
gc_disabled,2799,1.2765999999828637
gc_disabled,2800,1.2601999987964518
gc_disabled,2801,1.427299999704701
gc_disabled,2802,1.2802999990526587
gc_disabled,2803,1.3550999992730794
gc_disabled,2804,1.244199998836848
gc_disabled,2805,1.2772000009135809
gc_disabled,2806,1.2317999990045791
gc_disabled,2807,1.2962999990122626
gc_disabled,2808,1.253599999472499
gc_disabled,2809,1.279100000829203
gc_disabled,2810,1.333899999735877
gc_disabled,2811,1.2865000007877825
gc_disabled,2812,1.3744999996561091
gc_disabled,2813,1.2888999990536831
gc_disabled,2814,1.294600000619539
gc_disabled,2815,1.2126000001444481
gc_disabled,2816,1.254700000572484
gc_disabled,2817,1.339200000074925
gc_disabled,2818,1.2420000002748566
gc_disabled,2819,1.2667000009969342
gc_disabled,2820,1.3056999996479135
gc_disabled,2821,1.2344000006123679
gc_disabled,2822,1.2724999996862607
gc_disabled,2823,1.298299999689334
gc_disabled,2824,1.2588999998115469
gc_disabled,2825,1.3025000007473864
gc_disabled,2826,1.2948999992659083
gc_disabled,2827,1.3635999985126546
gc_disabled,2828,1.3122000000294065
gc_disabled,2829,1.2360999990050914
gc_disabled,2830,1.2953000004927162
gc_disabled,2831,1.2201999998069368
gc_disabled,2832,1.306599999225
gc_disabled,2833,1.3030999998591142
gc_disabled,2834,1.2389000003167894
gc_disabled,2835,1.2990000013815006
gc_disabled,2836,1.3324999999895226
gc_disabled,2837,1.2645999995584134
gc_disabled,2838,1.2650000007852213
gc_disabled,2839,1.7299999999522697
gc_disabled,2840,1.2680999989242991
gc_disabled,2841,1.2889999998151325
gc_disabled,2842,1.2108999999327352
gc_disabled,2843,1.396999999997206
gc_disabled,2844,1.3018000008742092
gc_disabled,2845,1.2751000012940494
gc_disabled,2846,1.292200000534649
gc_disabled,2847,1.3269999999465654
gc_disabled,2848,1.2903000006190268
gc_disabled,2849,1.291799999307841
gc_disabled,2850,1.2607000007847091
gc_disabled,2851,1.283200001125806
gc_disabled,2852,1.2630000001081498
gc_disabled,2853,1.275599999644328
gc_disabled,2854,1.3849999995727558
gc_disabled,2855,1.2454999996407423
gc_disabled,2856,1.2917000003653811
gc_disabled,2857,1.251899999260786
gc_disabled,2858,1.341199998933007
gc_disabled,2859,1.3027000004512956
gc_disabled,2860,1.3347000003705034
gc_disabled,2861,1.2127000009058975
gc_disabled,2862,1.308200000494253
gc_disabled,2863,1.2810999996872852
gc_disabled,2864,1.2120999999751803
gc_disabled,2865,1.2746000011247816
gc_disabled,2866,1.2361999997665407
gc_disabled,2867,1.3316999993548961
gc_disabled,2868,1.2580000002344605
gc_disabled,2869,1.251800000318326
gc_disabled,2870,1.292100001592189
gc_disabled,2871,1.5853000004426576
gc_disabled,2872,1.2341999990894692
gc_disabled,2873,1.2163000010332325
gc_disabled,2874,1.2236000002303626
gc_disabled,2875,1.332699999693432
gc_disabled,2876,1.2490999997680774
gc_disabled,2877,1.2432999992597615
gc_disabled,2878,1.2822999997297302
gc_disabled,2879,1.2115000008634524
gc_disabled,2880,1.2712999996438157
gc_disabled,2881,1.2206999999762047
gc_disabled,2882,1.393399999869871
gc_disabled,2883,1.401100000293809
gc_disabled,2884,1.2888000001112232
gc_disabled,2885,1.2408999991748715
gc_disabled,2886,1.4604000007238938
gc_disabled,2887,1.2575000000651926
gc_disabled,2888,1.2643000009120442
gc_disabled,2889,1.2889000008726725
gc_disabled,2890,1.3286000012158183
gc_disabled,2891,1.2962000000698026
gc_disabled,2892,1.2721000002784422
gc_disabled,2893,1.2734000010823365
gc_disabled,2894,1.318399999945541
gc_disabled,2895,1.2736000007862458
gc_disabled,2896,1.275599999644328
gc_disabled,2897,1.4054000002943212
gc_disabled,2898,1.3107999984640628
gc_disabled,2899,1.3545999991038116
gc_disabled,2900,1.2887000011687633
gc_disabled,2901,1.2967000002390705
gc_disabled,2902,1.3740000013058307
gc_disabled,2903,1.2431000013748417
gc_disabled,2904,1.3472999999066815
gc_disabled,2905,1.3964000008854782
gc_disabled,2906,1.3111000007484108
gc_disabled,2907,1.2986000001546927
gc_disabled,2908,1.282100000025821
gc_disabled,2909,1.2666999991779448
gc_disabled,2910,1.2944999998580897
gc_disabled,2911,1.2846000008721603
gc_disabled,2912,1.2562000010802876
gc_disabled,2913,1.3182999991840916
gc_disabled,2914,1.2353000001894543
gc_disabled,2915,1.3579000005847774
gc_disabled,2916,1.2605000010807998
gc_disabled,2917,1.3073999998596264
gc_disabled,2918,1.2411000006977702
gc_disabled,2919,1.2105999994673766
gc_disabled,2920,1.2745999993057922
gc_disabled,2921,1.2784999998984858
gc_disabled,2922,1.257199999599834
gc_disabled,2923,1.250500001333421
gc_disabled,2924,1.3057999985903734
gc_disabled,2925,1.361200000246754
gc_disabled,2926,1.4383999987330753
gc_disabled,2927,1.332600000750972
gc_disabled,2928,1.3486999996530358
gc_disabled,2929,1.3748000001214677
gc_disabled,2930,1.253599999472499
gc_disabled,2931,1.4271999989432516
gc_disabled,2932,1.256400000784197
gc_disabled,2933,1.275500000701868
gc_disabled,2934,1.3218000003689667
gc_disabled,2935,1.3760000001639128
gc_disabled,2936,1.2253999993845355
gc_disabled,2937,1.2951999997312669
gc_disabled,2938,1.2437000004865695
gc_disabled,2939,1.3009000012971228
gc_disabled,2940,1.3064999984635506
gc_disabled,2941,1.375400001052185
gc_disabled,2942,1.317899999776273
gc_disabled,2943,1.2945999988005497
gc_disabled,2944,1.2686999998550164
gc_disabled,2945,1.232200000231387
gc_disabled,2946,1.2372999990475364
gc_disabled,2947,1.310100000409875
gc_disabled,2948,1.2166000014985912
gc_disabled,2949,1.2578000005305512
gc_disabled,2950,1.319599999987986
gc_disabled,2951,1.3069999986328185
gc_disabled,2952,1.2219000000186497
gc_disabled,2953,1.2556000001495704
gc_disabled,2954,1.2295000015001278
gc_disabled,2955,1.2616000003617955
gc_disabled,2956,1.2753999999404186
gc_disabled,2957,1.2830999985453673
gc_disabled,2958,1.3572999996540602
gc_disabled,2959,1.3759000012214528
gc_disabled,2960,1.2664999994740356
gc_disabled,2961,1.239299999724608
gc_disabled,2962,1.2129999995522667
gc_disabled,2963,1.2492000005295267
gc_disabled,2964,1.4830000000074506
gc_disabled,2965,1.2722000010398915
gc_disabled,2966,1.2667999999393942
gc_disabled,2967,1.2367999988782685
gc_disabled,2968,1.3876000011805445
gc_disabled,2969,1.2478999997256324
gc_disabled,2970,1.4115999983914662
gc_disabled,2971,1.3796000002912479
gc_disabled,2972,1.2418000005709473
gc_disabled,2973,1.4257999991968973
gc_disabled,2974,1.3959999996586703
gc_disabled,2975,1.362400000289199
gc_disabled,2976,1.3001000006624963
gc_disabled,2977,1.2807999992219266
gc_disabled,2978,1.2752000002365094
gc_disabled,2979,1.307299999098177
gc_disabled,2980,1.275599999644328
gc_disabled,2981,1.4406999998755055
gc_disabled,2982,1.3029999990976648
gc_disabled,2983,1.279100000829203
gc_disabled,2984,1.3445000004139729
gc_disabled,2985,1.2590000005729962
gc_disabled,2986,1.3667000002897112
gc_disabled,2987,1.235100000485545
gc_disabled,2988,1.2731999995594379
gc_disabled,2989,1.3136999987182207
gc_disabled,2990,1.3507999992725672
gc_disabled,2991,1.2150999991717981
gc_disabled,2992,1.4250999993237201
gc_disabled,2993,1.2372000001050765
gc_disabled,2994,1.8323999993299367
gc_disabled,2995,1.2044000013702316
gc_disabled,2996,1.2330999998084735
gc_disabled,2997,1.3561999985540751
gc_disabled,2998,1.264499998796964
gc_disabled,2999,1.4188999994075857
gc_disabled,3000,1.2425000004441245
gc_disabled,3001,1.3407999995251885
gc_disabled,3002,1.2825999983760994
gc_disabled,3003,1.2055000006512273
gc_disabled,3004,1.276799999686773
gc_disabled,3005,1.2398999988363357
gc_disabled,3006,1.4954999987821793
gc_disabled,3007,1.3694999997824198
gc_disabled,3008,1.2686999998550164
gc_disabled,3009,1.267300000108662
gc_disabled,3010,1.2915999996039318
gc_disabled,3011,1.2475000003178138
gc_disabled,3012,1.4664999998785788
gc_disabled,3013,1.2256000009074342
gc_disabled,3014,1.2292999999772292
gc_disabled,3015,1.3099999996484257
gc_disabled,3016,1.2325999996392056
gc_disabled,3017,1.2698999998974614
gc_disabled,3018,1.3017000001127599
gc_disabled,3019,1.327200001469464
gc_disabled,3020,1.4164000003802357
gc_disabled,3021,1.2753000009979587
gc_disabled,3022,1.290599999265396
gc_disabled,3023,1.2609999994310783
gc_disabled,3024,1.2347000010777265
gc_disabled,3025,1.2209000014991034
gc_disabled,3026,1.328400001511909
gc_disabled,3027,1.3015000004088506
gc_disabled,3028,1.421999999365653
gc_disabled,3029,1.286900000195601
gc_disabled,3030,1.22900000133086
gc_disabled,3031,1.2490999997680774
gc_disabled,3032,1.245700001163641
gc_disabled,3033,1.4007999998284504
gc_disabled,3034,1.2382999993860722
gc_disabled,3035,1.5952000012475764
gc_disabled,3036,1.3331999998626998
gc_disabled,3037,1.3266999994812068
gc_disabled,3038,1.2609999994310783
gc_disabled,3039,1.257199999599834
gc_disabled,3040,1.3279000013426412
gc_disabled,3041,1.2526999998954125
gc_disabled,3042,1.2814999990951037
gc_disabled,3043,1.3245999998616753
gc_disabled,3044,1.3172000017220853
gc_disabled,3045,1.257600000826642
gc_disabled,3046,1.5794000009918818
gc_disabled,3047,1.4836999998806277
gc_disabled,3048,1.3666999984707218
gc_disabled,3049,1.3223999994806945
gc_disabled,3050,1.2888000001112232
gc_disabled,3051,1.2451000002329238
gc_disabled,3052,1.2894999999844003
gc_disabled,3053,1.2588999998115469
gc_disabled,3054,1.1983000003965572
gc_disabled,3055,1.3159999998606509
gc_disabled,3056,1.2343999987933785
gc_disabled,3057,1.879400000689202
gc_disabled,3058,1.337499999863212
gc_disabled,3059,1.2288999987504212
gc_disabled,3060,1.2962000000698026
gc_disabled,3061,1.2753000009979587
gc_disabled,3062,1.4250999993237201
gc_disabled,3063,1.2855000004492467
gc_disabled,3064,1.2700999996013707
gc_disabled,3065,1.2397999998938758
gc_disabled,3066,1.3695999987248797
gc_disabled,3067,1.2391000000206986
gc_disabled,3068,1.3104999998176936
gc_disabled,3069,1.2674999998125713
gc_disabled,3070,1.2501000001066132
gc_disabled,3071,1.5149000009841984
gc_disabled,3072,1.329799999439274
gc_disabled,3073,1.2614000006578863
gc_disabled,3074,1.275599999644328
gc_disabled,3075,1.2800999993487494
gc_disabled,3076,1.2817000006180024
gc_disabled,3077,1.2830999985453673
gc_disabled,3078,1.2371000011626165
gc_disabled,3079,1.2186999992991332
gc_disabled,3080,1.284900001337519
gc_disabled,3081,1.2182000009488547
gc_disabled,3082,1.3483000002452172
gc_disabled,3083,1.255999999557389
gc_disabled,3084,1.27260000044771
gc_disabled,3085,1.2508999989222502
gc_disabled,3086,1.3303999985510018
gc_disabled,3087,1.2108999999327352
gc_disabled,3088,1.2618000000657048
gc_disabled,3089,1.2912999991385732
gc_disabled,3090,1.3533999990613665
gc_disabled,3091,1.3632000009238254
gc_disabled,3092,1.2616999993042555
gc_disabled,3093,1.2810999996872852
gc_disabled,3094,1.2186999992991332
gc_disabled,3095,1.2289000005694106
gc_disabled,3096,1.253500000530039
gc_disabled,3097,1.1966000001848442
gc_disabled,3098,1.2967999991815304
gc_disabled,3099,1.273100000616978
gc_disabled,3100,1.5239000003930414
gc_disabled,3101,1.4198000008036615
gc_disabled,3102,1.295899999604444
gc_disabled,3103,1.2826000001950888
gc_disabled,3104,1.3596999997389503
gc_disabled,3105,1.2795000002370216
gc_disabled,3106,1.3340000004973263
gc_disabled,3107,1.3870000002498273
gc_disabled,3108,1.2741999998979736
gc_disabled,3109,1.372599999740487
gc_disabled,3110,1.2635000002774177
gc_disabled,3111,1.303699998970842
gc_disabled,3112,1.2514000009105075
gc_disabled,3113,1.3944999991508666
gc_disabled,3114,1.4121999993221834
gc_disabled,3115,1.4148000009299722
gc_disabled,3116,1.3367999999900348
gc_disabled,3117,1.3557999991462566
gc_disabled,3118,1.2764999992214143
gc_disabled,3119,1.3084000001981622
gc_disabled,3120,1.3426000004983507
gc_disabled,3121,1.3108999992255121
gc_disabled,3122,1.2853999996877974
gc_disabled,3123,1.2528999995993217
gc_disabled,3124,1.3459000001603272
gc_disabled,3125,1.254799999514944
gc_disabled,3126,1.2353000001894543
gc_disabled,3127,1.2289999995118706
gc_disabled,3128,1.2401000003592344
gc_disabled,3129,1.2705999997706385
gc_disabled,3130,1.2826000001950888
gc_disabled,3131,1.228500001161592
gc_disabled,3132,1.2573999993037432
gc_disabled,3133,1.3049000008322764
gc_disabled,3134,1.2349000007816358
gc_disabled,3135,1.2566000004881062
gc_disabled,3136,1.335899998593959
gc_disabled,3137,1.3907000011386117
gc_disabled,3138,1.3018999998166692
gc_disabled,3139,1.298299999689334
gc_disabled,3140,1.2461999995139195
gc_disabled,3141,1.3181000012991717
gc_disabled,3142,1.3364999995246762
gc_disabled,3143,1.255999999557389
gc_disabled,3144,1.2033000002702465
gc_disabled,3145,1.2335999999777414
gc_disabled,3146,1.257600000826642
gc_disabled,3147,1.2650999997276813
gc_disabled,3148,1.2565999986691168
gc_disabled,3149,1.286499998968793
gc_disabled,3150,1.3603000006696675
gc_disabled,3151,1.2758000011672266
gc_disabled,3152,1.2672000011662021
gc_disabled,3153,1.2480999994295416
gc_disabled,3154,1.3176000011299038
gc_disabled,3155,1.2623000002349727
gc_disabled,3156,1.52429999980086
gc_disabled,3157,1.2546999987534946
gc_disabled,3158,1.2590999995154561
gc_disabled,3159,1.4358000007632654
gc_disabled,3160,1.2800999993487494
gc_disabled,3161,1.2719999995169928
gc_disabled,3162,1.297500000873697
gc_disabled,3163,1.3137000005372101
gc_disabled,3164,1.2014999992970843
gc_disabled,3165,1.3194000002840767
gc_disabled,3166,1.2589999987540068
gc_disabled,3167,1.2923999984195689
gc_disabled,3168,1.3144999993528472
gc_disabled,3169,1.2561999992612982
gc_disabled,3170,1.2679999999818392
gc_disabled,3171,1.2315999993006699
gc_disabled,3172,1.454600000215578
gc_disabled,3173,1.256400000784197
gc_disabled,3174,1.3282999989314703
gc_disabled,3175,1.2842999985878123
gc_disabled,3176,1.3080999997328036
gc_disabled,3177,1.2693000007857336
gc_disabled,3178,1.2662999997701263
gc_disabled,3179,1.2326999985816656
gc_disabled,3180,1.264900000023772
gc_disabled,3181,1.2882999999419553
gc_disabled,3182,1.2917000003653811
gc_disabled,3183,1.532000000224798
gc_disabled,3184,1.3376000006246613
gc_disabled,3185,1.2753999999404186
gc_disabled,3186,1.2657999996008584
gc_disabled,3187,1.224499999807449
gc_disabled,3188,1.3775999996141763
gc_disabled,3189,1.2860999995609745
gc_disabled,3190,1.3057999985903734
gc_disabled,3191,1.3448000008793315
gc_disabled,3192,1.389700000800076
gc_disabled,3193,1.2399000006553251
gc_disabled,3194,1.4181999995344086
gc_disabled,3195,1.3318000001163455
gc_disabled,3196,1.5078999986144481
gc_disabled,3197,1.2296000004425878
gc_disabled,3198,1.3342000002012355
gc_disabled,3199,1.3226000010035932
gc_disabled,3200,1.2573999993037432
gc_disabled,3201,1.4716000005137175
gc_disabled,3202,1.3620999998238403
gc_disabled,3203,1.23870000061288
gc_disabled,3204,1.296300000831252
gc_disabled,3205,1.314700000875746
gc_disabled,3206,1.327399999354384
gc_disabled,3207,1.2957999988429947
gc_disabled,3208,1.244500001121196
gc_disabled,3209,1.2521999997261446
gc_disabled,3210,1.2488000011217082
gc_disabled,3211,1.224900001034257
gc_disabled,3212,1.2952999986737268
gc_disabled,3213,1.3951000000815839
gc_disabled,3214,1.3171999999030959
gc_disabled,3215,1.3087999996059807
gc_disabled,3216,1.2335000010352815
gc_disabled,3217,1.3143999985913979
gc_disabled,3218,1.2730999987979885
gc_disabled,3219,1.2538999999378575
gc_disabled,3220,1.3185000007069902
gc_disabled,3221,1.2394999994285172
gc_disabled,3222,1.2383000012050616
gc_disabled,3223,1.2642999990930548
gc_disabled,3224,1.300400001127855
gc_disabled,3225,1.2824000004911795
gc_disabled,3226,1.3087999996059807
gc_disabled,3227,1.374999999825377
gc_disabled,3228,1.470100000005914
gc_disabled,3229,1.2765999999828637
gc_disabled,3230,1.2650999997276813
gc_disabled,3231,1.3259000006655697
gc_disabled,3232,1.2284999993426027
gc_disabled,3233,1.2848999995185295
gc_disabled,3234,1.2541999985842267
gc_disabled,3235,1.3061999998171814
gc_disabled,3236,1.3226999999460531
gc_disabled,3237,1.3152000010450138
gc_disabled,3238,1.3603999996121274
gc_disabled,3239,1.3483999991876772
gc_disabled,3240,1.2640000004466856
gc_disabled,3241,1.2798999996448401
gc_disabled,3242,1.275599999644328
gc_disabled,3243,1.3066000010439893
gc_disabled,3244,1.3368999989324948
gc_disabled,3245,1.4080000000831205
gc_disabled,3246,1.298399998631794
gc_disabled,3247,1.3460999998642365
gc_disabled,3248,1.2717999998130836
gc_disabled,3249,1.3545000001613516
gc_disabled,3250,1.2745000003633322
gc_disabled,3251,1.302900000155205
gc_disabled,3252,1.2655999998969492
gc_disabled,3253,1.2683999993896578
gc_disabled,3254,1.2009000001853565
gc_disabled,3255,1.2676999995164806
gc_disabled,3256,1.2913999999000225
gc_disabled,3257,1.218499999595224
gc_disabled,3258,1.288199999180506
gc_disabled,3259,1.3030999998591142
gc_disabled,3260,1.2839000009989832
gc_disabled,3261,1.2826999991375487
gc_disabled,3262,1.345700000456418
gc_disabled,3263,1.2839000009989832
gc_disabled,3264,1.3704000011784956
gc_disabled,3265,1.2418000005709473
gc_disabled,3266,1.2580000002344605
gc_disabled,3267,1.2129999995522667
gc_disabled,3268,1.3151999992260244
gc_disabled,3269,1.2864000000263331
gc_disabled,3270,1.298299999689334
gc_disabled,3271,1.3605999993160367
gc_disabled,3272,1.244099999894388
gc_disabled,3273,1.3446000011754222
gc_disabled,3274,1.2891999995190417
gc_disabled,3275,1.3544999983423622
gc_disabled,3276,1.3448000008793315
gc_disabled,3277,1.278699999602395
gc_disabled,3278,1.2931000001117354
gc_disabled,3279,1.4687000002595596
gc_disabled,3280,1.3026000015088357
gc_disabled,3281,2.227099999799975
gc_disabled,3282,1.5983000012056436
gc_disabled,3283,1.5898000001470791
gc_disabled,3284,1.5530000000580912
gc_disabled,3285,2.010300000620191
gc_disabled,3286,1.520600000731065
gc_disabled,3287,1.375499999994645
gc_disabled,3288,1.5150000017456478
gc_disabled,3289,1.4188000004651258
gc_disabled,3290,1.5494000017497456
gc_disabled,3291,1.3753000002907356
gc_disabled,3292,1.6067999986262294
gc_disabled,3293,1.5905999989627162
gc_disabled,3294,1.5255000016622944
gc_disabled,3295,1.3923000005888753
gc_disabled,3296,1.5241000000969507
gc_disabled,3297,1.5149999999266583
gc_disabled,3298,1.5791999994689832
gc_disabled,3299,1.4365000006364426
gc_disabled,3300,1.4763999988645082
gc_disabled,3301,1.4974999994592508
gc_disabled,3302,1.4274999994086102
gc_disabled,3303,1.564100000905455
gc_disabled,3304,1.357099999950151
gc_disabled,3305,1.5232999994623242
gc_disabled,3306,1.5941999990900513
gc_disabled,3307,1.4922000009391923
gc_disabled,3308,1.4950000004319008
gc_disabled,3309,1.3980999992782017
gc_disabled,3310,1.538099999379483
gc_disabled,3311,1.5666000017517945
gc_disabled,3312,1.4086999999562977
gc_disabled,3313,1.533299999209703
gc_disabled,3314,1.6271000004053349
gc_disabled,3315,1.38889999834646
gc_disabled,3316,1.4651999990746845
gc_disabled,3317,1.3467000007949537
gc_disabled,3318,2.1150999982637586
gc_disabled,3319,1.4360000004671747
gc_disabled,3320,1.5791000005265232
gc_disabled,3321,1.404700000421144
gc_disabled,3322,1.807699998607859
gc_disabled,3323,1.408800000717747
gc_disabled,3324,1.4489000004687114
gc_disabled,3325,1.3131000014254823
gc_disabled,3326,1.4807000006840099
gc_disabled,3327,1.4661999994132202
gc_disabled,3328,1.3388000006671064
gc_disabled,3329,1.2525999991339631
gc_disabled,3330,1.3939000000391388
gc_disabled,3331,1.4136000008875271
gc_disabled,3332,1.4675999991595745
gc_disabled,3333,1.3257999999041203
gc_disabled,3334,1.2858999998570653
gc_disabled,3335,1.3654999984282767
gc_disabled,3336,1.3103000001137843
gc_disabled,3337,1.369699999486329
gc_disabled,3338,1.3063999995210906
gc_disabled,3339,1.396999999997206
gc_disabled,3340,1.3902999999118038
gc_disabled,3341,1.2638000007427763
gc_disabled,3342,1.3037000007898314
gc_disabled,3343,1.3288999998621875
gc_disabled,3344,1.2425999993865844
gc_disabled,3345,1.282799999898998
gc_disabled,3346,1.287400000364869
gc_disabled,3347,1.254600001630024
gc_disabled,3348,1.336700001047575
gc_disabled,3349,1.3846999991073972
gc_disabled,3350,1.2712999996438157
gc_disabled,3351,1.2467999986256473
gc_disabled,3352,1.251899999260786
gc_disabled,3353,1.4506999996228842
gc_disabled,3354,1.2769999993906822
gc_disabled,3355,1.2287999998079613
gc_disabled,3356,1.2750000005326
gc_disabled,3357,1.4062999998714076
gc_disabled,3358,1.2332999995123828
gc_disabled,3359,1.2485999995988095
gc_disabled,3360,1.2325999996392056
gc_disabled,3361,1.2908000007882947
gc_disabled,3362,1.255999999557389
gc_disabled,3363,1.2176999989605974
gc_disabled,3364,1.257199999599834
gc_disabled,3365,1.332600000750972
gc_disabled,3366,1.2362999987090006
gc_disabled,3367,1.2829000006604474
gc_disabled,3368,1.2348999989626464
gc_disabled,3369,1.3646000006701797
gc_disabled,3370,1.2662000008276664
gc_disabled,3371,1.2198000003991183
gc_disabled,3372,1.326000001427019
gc_disabled,3373,1.272199999220902
gc_disabled,3374,1.2414000011631288
gc_disabled,3375,1.3550999992730794
gc_disabled,3376,1.2765000010404037
gc_disabled,3377,1.367200000458979
gc_disabled,3378,1.4633999999205116
gc_disabled,3379,1.4947999989090022
gc_disabled,3380,1.326500001596287
gc_disabled,3381,1.2682999986282084
gc_disabled,3382,1.2264000015420606
gc_disabled,3383,1.354699999865261
gc_disabled,3384,1.2188000000605825
gc_disabled,3385,1.2761999987560557
gc_disabled,3386,1.2329999990470242
gc_disabled,3387,1.3496000010491116
gc_disabled,3388,1.258399999642279
gc_disabled,3389,1.5829000003577676
gc_disabled,3390,1.4218999986042036
gc_disabled,3391,1.351799999611103
gc_disabled,3392,1.357500001176959
gc_disabled,3393,1.2771000001521315
gc_disabled,3394,1.23879999955534
gc_disabled,3395,1.235600000654813
gc_disabled,3396,1.320700001087971
gc_disabled,3397,1.2280000009923242
gc_disabled,3398,1.5268999995896593
gc_disabled,3399,1.2645000006159535
gc_disabled,3400,1.3516999988496536
gc_disabled,3401,1.2778000000253087
gc_disabled,3402,1.2096999998902902
gc_disabled,3403,1.3302999996085418
gc_disabled,3404,1.2478999997256324
gc_disabled,3405,1.297099999646889
gc_disabled,3406,1.2587000001076376
gc_disabled,3407,1.2386999987938907
gc_disabled,3408,1.2329999990470242
gc_disabled,3409,1.2827000009565381
gc_disabled,3410,1.2504000005719718
gc_disabled,3411,1.2138000001868932
gc_disabled,3412,1.3572000007116003
gc_disabled,3413,1.5050999991217395
gc_disabled,3414,1.316600000791368
gc_disabled,3415,1.2267000001884298
gc_disabled,3416,1.3188000011723489
gc_disabled,3417,1.6251999986707233
gc_disabled,3418,1.5836000002309447
gc_disabled,3419,1.3691000003746012
gc_disabled,3420,1.3378999992710305
gc_disabled,3421,1.2772999998560408
gc_disabled,3422,1.426000000719796
gc_disabled,3423,2.1797999997943407
gc_disabled,3424,1.6928999993979232
gc_disabled,3425,2.534600000217324
gc_disabled,3426,1.7759999991540099
gc_disabled,3427,1.4358000007632654
gc_disabled,3428,1.2915000006614719
gc_disabled,3429,1.266199999008677
gc_disabled,3430,1.5239000003930414
gc_disabled,3431,1.3182999991840916
gc_disabled,3432,1.2733000003208872
gc_disabled,3433,1.2862000003224239
gc_disabled,3434,1.394500000969856
gc_disabled,3435,1.3033000013820129
gc_disabled,3436,1.3543999993999023
gc_disabled,3437,1.289300000280491
gc_disabled,3438,1.2415000001055887
gc_disabled,3439,1.2920000008307397
gc_disabled,3440,1.27509999947506
gc_disabled,3441,1.291799999307841
gc_disabled,3442,1.2556999990920303
gc_disabled,3443,1.2284000004001427
gc_disabled,3444,1.382799999191775
gc_disabled,3445,1.2487000003602589
gc_disabled,3446,1.231099999131402
gc_disabled,3447,1.3330000001587905
gc_disabled,3448,1.2588999998115469
gc_disabled,3449,1.2623999991774326
gc_disabled,3450,1.2669999996433035
gc_disabled,3451,1.2499000004027039
gc_disabled,3452,1.2573000003612833
gc_disabled,3453,1.3122999989718664
gc_disabled,3454,1.2332999995123828
gc_disabled,3455,1.237199998286087
gc_disabled,3456,1.2284000004001427
gc_disabled,3457,1.5247999999701278
gc_disabled,3458,1.3002000014239457
gc_disabled,3459,1.245700001163641
gc_disabled,3460,1.2939999996888218
gc_disabled,3461,1.224999999976717
gc_disabled,3462,1.306599999225
gc_disabled,3463,1.3675999998667976
gc_disabled,3464,1.3108000002830522
gc_disabled,3465,1.3932999991084216
gc_disabled,3466,1.2917000003653811
gc_disabled,3467,1.2528000006568618
gc_disabled,3468,1.3030000009166542
gc_disabled,3469,1.288100000238046
gc_disabled,3470,1.4033999996172497
gc_disabled,3471,1.255499999388121
gc_disabled,3472,1.2397999998938758
gc_disabled,3473,1.2557999998534797
gc_disabled,3474,1.2149000012868783
gc_disabled,3475,1.4624999985244358
gc_disabled,3476,1.2706999987130985
gc_disabled,3477,1.2170999998488696
gc_disabled,3478,1.2925999999424675
gc_disabled,3479,1.4460999991570134
gc_disabled,3480,1.3603000006696675
gc_disabled,3481,1.289700001507299
gc_disabled,3482,1.2117000005673617
gc_disabled,3483,1.4197000000422122
gc_disabled,3484,1.2368999996397179
gc_disabled,3485,1.23150000035821
gc_disabled,3486,1.262499999938882
gc_disabled,3487,1.4109000003372785
gc_disabled,3488,1.2568999991344754
gc_disabled,3489,1.2550999999803025
gc_disabled,3490,1.2544999990495853
gc_disabled,3491,1.4461999999184627
gc_disabled,3492,1.245299999936833
gc_disabled,3493,1.275500000701868
gc_disabled,3494,1.2442000006558374
gc_disabled,3495,1.2487000003602589
gc_disabled,3496,1.2578000005305512
gc_disabled,3497,1.2420999992173165
gc_disabled,3498,1.2954000012541655
gc_disabled,3499,1.3064999984635506
gc_disabled,3500,1.330200000666082
gc_disabled,3501,1.2711999988823663
gc_disabled,3502,1.2580000002344605
gc_disabled,3503,1.3539999999920838
gc_disabled,3504,1.2851999999838881
gc_disabled,3505,1.3211999994382495
gc_disabled,3506,1.2528000006568618
gc_disabled,3507,1.2998999991395976
gc_disabled,3508,1.3054999999440042
gc_disabled,3509,1.328500000454369
gc_disabled,3510,1.251100000445149
gc_disabled,3511,1.3008999994781334
gc_disabled,3512,1.2974000001122477
gc_disabled,3513,1.2544000001071254
gc_disabled,3514,1.262599998881342
gc_disabled,3515,1.2634000013349578
gc_disabled,3516,1.2361999997665407
gc_disabled,3517,1.2604000003193505
gc_disabled,3518,1.2305999989621341
gc_disabled,3519,1.2610000012500677
gc_disabled,3520,1.314999999522115
gc_disabled,3521,1.22910000027332
gc_disabled,3522,1.2582999988808297
gc_disabled,3523,1.3128000009601237
gc_disabled,3524,1.3331999998626998
gc_disabled,3525,1.2848000005760696
gc_disabled,3526,1.3779999990219949
gc_disabled,3527,1.4027999986865325
gc_disabled,3528,1.4864999993733363
gc_disabled,3529,1.2862999992648838
gc_disabled,3530,1.380399999106885
gc_disabled,3531,1.344799999060342
gc_disabled,3532,1.2593999999808148
gc_disabled,3533,1.3646999996126397
gc_disabled,3534,1.2490999997680774
gc_disabled,3535,1.2618999990081647
gc_disabled,3536,1.2452000009943731
gc_disabled,3537,1.2826000001950888
gc_disabled,3538,1.2622000012925128
gc_disabled,3539,1.389200000630808
gc_disabled,3540,1.2567000012495555
gc_disabled,3541,1.2587000001076376
gc_disabled,3542,1.3574000004155096
gc_disabled,3543,1.259699998627184
gc_disabled,3544,1.2193000002298504
gc_disabled,3545,1.271400000405265
gc_disabled,3546,1.3779999990219949
gc_disabled,3547,1.363600000331644
gc_disabled,3548,1.3037999997322913
gc_disabled,3549,1.5113000008568633
gc_disabled,3550,1.3070000004518079
gc_disabled,3551,1.2996000004932284
gc_disabled,3552,1.5380000004370231
gc_disabled,3553,1.3020999995205784
gc_disabled,3554,1.30650000028254
gc_disabled,3555,1.3193999984650873
gc_disabled,3556,1.2757000004057772
gc_disabled,3557,1.2437000004865695
gc_disabled,3558,1.298799999858602
gc_disabled,3559,1.2135999986639945
gc_disabled,3560,1.3562000003730645
gc_disabled,3561,1.2391000000206986
gc_disabled,3562,1.2626999996427912
gc_disabled,3563,1.311700001679128
gc_disabled,3564,1.2406999994709622
gc_disabled,3565,1.4052999995328719
gc_disabled,3566,1.358299999992596
gc_disabled,3567,1.2806999984604772
gc_disabled,3568,1.2423999996826751
gc_disabled,3569,1.236800000697258
gc_disabled,3570,1.2748999997711508
gc_disabled,3571,1.2277000005269656
gc_disabled,3572,1.2886999993497739
gc_disabled,3573,1.412499999787542
gc_disabled,3574,1.2788999993063044
gc_disabled,3575,1.26290000116569
gc_disabled,3576,1.236700001754798
gc_disabled,3577,1.4114999994490063
gc_disabled,3578,1.2826000001950888
gc_disabled,3579,1.3378000003285706
gc_disabled,3580,1.2325000006967457
gc_disabled,3581,1.2659999993047677
gc_disabled,3582,1.2994000007893192
gc_disabled,3583,1.2699999988399213
gc_disabled,3584,1.280399999814108
gc_disabled,3585,1.3097999999445165
gc_disabled,3586,1.270999999178457
gc_disabled,3587,1.3438000005407957
gc_disabled,3588,1.222099999722559
gc_disabled,3589,1.2955000001966255
gc_disabled,3590,1.2693000007857336
gc_disabled,3591,1.2193000002298504
gc_disabled,3592,1.3342000002012355
gc_disabled,3593,1.2503000016295118
gc_disabled,3594,1.2678999992203899
gc_disabled,3595,1.2729999998555286
gc_disabled,3596,1.5378999996755738
gc_disabled,3597,1.2889999998151325
gc_disabled,3598,1.4197000000422122
gc_disabled,3599,1.245800000106101
gc_disabled,3600,1.3581999992311466
gc_disabled,3601,1.2471000009099953
gc_disabled,3602,1.2989999995625112
gc_disabled,3603,1.2882999999419553
gc_disabled,3604,1.2504999995144317
gc_disabled,3605,1.2401000003592344
gc_disabled,3606,1.3508000010915566
gc_disabled,3607,1.2655999998969492
gc_disabled,3608,1.307700000324985
gc_disabled,3609,1.3039000004937407
gc_disabled,3610,1.3312000010046177
gc_disabled,3611,1.305300000240095
gc_disabled,3612,1.2333999984548427
gc_disabled,3613,1.2242000011610799
gc_disabled,3614,1.2561000003188383
gc_disabled,3615,1.1997999990853714
gc_disabled,3616,1.299999999901047
gc_disabled,3617,1.2593999999808148
gc_disabled,3618,1.3133000011293916
gc_disabled,3619,1.273100000616978
gc_disabled,3620,1.3125000004947651
gc_disabled,3621,1.302900000155205
gc_disabled,3622,1.2722000010398915
gc_disabled,3623,1.2525000001915032
gc_disabled,3624,1.292999999350286
gc_disabled,3625,1.296399999773712
gc_disabled,3626,1.399800001308904
gc_disabled,3627,1.2420000002748566
gc_disabled,3628,1.2674999998125713
gc_disabled,3629,1.2294999996811384
gc_disabled,3630,1.3054000010015443
gc_disabled,3631,1.2691000010818243
gc_disabled,3632,1.2432000003173016
gc_disabled,3633,1.3388000006671064
gc_disabled,3634,1.2260000003152527
gc_disabled,3635,1.244899998710025
gc_disabled,3636,1.3808000003336929
gc_disabled,3637,1.320800000030431
gc_disabled,3638,1.2948000003234483
gc_disabled,3639,1.2389000003167894
gc_disabled,3640,1.2687000016740058
gc_disabled,3641,1.264900000023772
gc_disabled,3642,1.38639999931911
gc_disabled,3643,1.2391000000206986
gc_disabled,3644,1.4006000001245411
gc_disabled,3645,1.2735000000247965
gc_disabled,3646,1.1878999994223705
gc_disabled,3647,1.339899999948102
gc_disabled,3648,1.2389999992592493
gc_disabled,3649,1.3068999996903585
gc_disabled,3650,1.3216000006650575
gc_disabled,3651,1.31130000045232
gc_disabled,3652,1.2606999989657197
gc_disabled,3653,1.2753999999404186
gc_disabled,3654,1.4265999998315237
gc_disabled,3655,1.2769000004482223
gc_disabled,3656,1.2883999988844153
gc_disabled,3657,1.250600000275881
gc_disabled,3658,1.2717000008706236
gc_disabled,3659,1.2848000005760696
gc_disabled,3660,1.3373000001593027
gc_disabled,3661,1.292299999477109
gc_disabled,3662,1.2367999988782685
gc_disabled,3663,1.2216000013722805
gc_disabled,3664,1.3294999989739154
gc_disabled,3665,1.2228000014147256
gc_disabled,3666,1.376299998810282
gc_disabled,3667,1.3137000005372101
gc_disabled,3668,1.2694999986706534
gc_disabled,3669,1.2695000004896428
gc_disabled,3670,1.2972999993507983
gc_disabled,3671,1.260799999727169
gc_disabled,3672,1.2829999996029073
gc_disabled,3673,1.3651999997819075
gc_disabled,3674,1.2679999999818392
gc_disabled,3675,1.4352999987750081
gc_disabled,3676,1.3039999994362006
gc_disabled,3677,1.3251000000309432
gc_disabled,3678,1.2487999993027188
gc_disabled,3679,1.2525000001915032
gc_disabled,3680,1.3671999986399896
gc_disabled,3681,1.3448999998217914
gc_disabled,3682,1.2525000001915032
gc_disabled,3683,1.2979000002815155
gc_disabled,3684,1.271400000405265
gc_disabled,3685,1.3729999991483055
gc_disabled,3686,1.266100000066217
gc_disabled,3687,1.333899999735877
gc_disabled,3688,1.2688000006164657
gc_disabled,3689,1.3328999993973412
gc_disabled,3690,1.282899998841458
gc_disabled,3691,1.2478999997256324
gc_disabled,3692,1.235199999428005
gc_disabled,3693,1.4209999990271172
gc_disabled,3694,1.3539999999920838
gc_disabled,3695,1.303600000028382
gc_disabled,3696,1.297599999816157
gc_disabled,3697,1.2435000007826602
gc_disabled,3698,1.4406999998755055
gc_disabled,3699,1.3006999997742241
gc_disabled,3700,1.3836000016453909
gc_disabled,3701,1.2633000005735084
gc_disabled,3702,1.3667000002897112
gc_disabled,3703,1.2990999985049712
gc_disabled,3704,1.2790000000677537
gc_disabled,3705,1.2578999994730111
gc_disabled,3706,1.3354000002436806
gc_disabled,3707,1.2680999989242991
gc_disabled,3708,1.2225999998918269
gc_disabled,3709,1.3010999991820427
gc_disabled,3710,1.3396999984252034
gc_disabled,3711,1.3501000012183795
gc_disabled,3712,1.2781000004906673
gc_disabled,3713,1.2724999996862607
gc_disabled,3714,1.2657999996008584
gc_disabled,3715,1.2288999987504212
gc_disabled,3716,1.2284999993426027
gc_disabled,3717,1.317899999776273
gc_disabled,3718,1.223299999765004
gc_disabled,3719,1.2495000009948853
gc_disabled,3720,1.2793999994755723
gc_disabled,3721,1.2674999998125713
gc_disabled,3722,1.2059999990015058
gc_disabled,3723,1.397099998939666
gc_disabled,3724,1.3532000011764467
gc_disabled,3725,1.2566000004881062
gc_disabled,3726,1.430899999832036
gc_disabled,3727,1.250699999218341
gc_disabled,3728,1.30410000019765
gc_disabled,3729,1.2645999995584134
gc_disabled,3730,1.470100000005914
gc_disabled,3731,1.2722999999823514
gc_disabled,3732,1.2802000001101987
gc_disabled,3733,1.27020000036282
gc_disabled,3734,1.3192000005801674
gc_disabled,3735,1.3006999997742241
gc_disabled,3736,1.241699999809498
gc_disabled,3737,1.2776000003213994
gc_disabled,3738,1.2948000003234483
gc_disabled,3739,1.293300001634634
gc_disabled,3740,1.260099999853992
gc_disabled,3741,1.2931999990541954
gc_disabled,3742,1.4099999989412026
gc_disabled,3743,1.282799999898998
gc_disabled,3744,1.20489999972051
gc_disabled,3745,1.2737999986711657
gc_disabled,3746,1.3816999999107793
gc_disabled,3747,1.255499999388121
gc_disabled,3748,1.2323999999352964
gc_disabled,3749,1.2873999985458795
gc_disabled,3750,1.2676000005740207
gc_disabled,3751,1.323100001172861
gc_disabled,3752,1.214800000525429
gc_disabled,3753,1.2824999994336395
gc_disabled,3754,1.302900000155205
gc_disabled,3755,1.2638000007427763
gc_disabled,3756,1.2552999996842118
gc_disabled,3757,1.248299999133451
gc_disabled,3758,1.227800001288415
gc_disabled,3759,1.3381999997363891
gc_disabled,3760,1.2434000000212109
gc_disabled,3761,1.235299998370465
gc_disabled,3762,1.2340000012045493
gc_disabled,3763,1.3068999996903585
gc_disabled,3764,1.30650000028254
gc_disabled,3765,1.223399998707464
gc_disabled,3766,1.2995000015507685
gc_disabled,3767,1.2492000005295267
gc_disabled,3768,1.5068000011524418
gc_disabled,3769,1.2651000015466707
gc_disabled,3770,1.2862999992648838
gc_disabled,3771,1.2312999988353113
gc_disabled,3772,1.2729999998555286
gc_disabled,3773,1.2607000007847091
gc_disabled,3774,1.282799999898998
gc_disabled,3775,1.3753000002907356
gc_disabled,3776,1.359500000035041
gc_disabled,3777,1.2580999991769204
gc_disabled,3778,1.271900000574533
gc_disabled,3779,1.2607000007847091
gc_disabled,3780,1.3266999994812068
gc_disabled,3781,1.2759000001096865
gc_disabled,3782,1.4563000004272908
gc_disabled,3783,1.2795000002370216
gc_disabled,3784,1.2537000002339482
gc_disabled,3785,1.2828000017179875
gc_disabled,3786,1.333399999566609
gc_disabled,3787,1.2599999990925426
gc_disabled,3788,1.217200000610319
gc_disabled,3789,1.3644000009662705
gc_disabled,3790,1.2430999995558523
gc_disabled,3791,1.2153000006946968
gc_disabled,3792,1.306099999055732
gc_disabled,3793,1.229700001204037
gc_disabled,3794,1.279199999771663
gc_disabled,3795,1.2219999989611097
gc_disabled,3796,1.253000000360771
gc_disabled,3797,1.247000000148546
gc_disabled,3798,1.2919000000692904
gc_disabled,3799,1.2421999999787658
gc_disabled,3800,1.2807000002794666
gc_disabled,3801,1.3490000001183944
gc_disabled,3802,1.2977000005776063
gc_disabled,3803,1.2533000008261297
gc_disabled,3804,1.2655999998969492
gc_disabled,3805,1.2874999993073288
gc_disabled,3806,1.330499999312451
gc_disabled,3807,1.2105000005249167
gc_disabled,3808,1.3109000010445016
gc_disabled,3809,1.2977000005776063
gc_disabled,3810,1.3182000002416316
gc_disabled,3811,1.37919999906444
gc_disabled,3812,1.34289999914472
gc_disabled,3813,1.273899999432615
gc_disabled,3814,1.2611000001925277
gc_disabled,3815,1.2231000000610948
gc_disabled,3816,1.222099999722559
gc_disabled,3817,1.260000000911532
gc_disabled,3818,1.267399999051122
gc_disabled,3819,1.2244000008649891
gc_disabled,3820,1.2925000010000076
gc_disabled,3821,1.337499999863212
gc_disabled,3822,1.274300000659423
gc_disabled,3823,1.2784999998984858
gc_disabled,3824,1.200500000777538
gc_disabled,3825,1.442200000383309
gc_disabled,3826,1.258300000699819
gc_disabled,3827,1.383100001476123
gc_disabled,3828,1.241699999809498
gc_disabled,3829,1.3787999996566214
gc_disabled,3830,1.4283999989856966
gc_disabled,3831,1.2901000009151176
gc_disabled,3832,1.2877000008302275
gc_disabled,3833,1.263799998923787
gc_disabled,3834,1.2224000001879176
gc_disabled,3835,1.260799999727169
gc_disabled,3836,1.2573000003612833
gc_disabled,3837,1.3189000001148088
gc_disabled,3838,1.2538999999378575
gc_disabled,3839,1.2459000008675503
gc_disabled,3840,1.292999999350286
gc_disabled,3841,1.286800001253141
gc_disabled,3842,1.3039999994362006
gc_disabled,3843,1.266100000066217
gc_disabled,3844,1.348899999356945
gc_disabled,3845,1.3103000001137843
gc_disabled,3846,1.3302999996085418
gc_disabled,3847,1.2921999987156596
gc_disabled,3848,1.2198000003991183
gc_disabled,3849,1.343599999017897
gc_disabled,3850,1.2284000004001427
gc_disabled,3851,1.2556000001495704
gc_disabled,3852,1.4429999991989462
gc_disabled,3853,1.3240000007499475
gc_disabled,3854,1.3270999988890253
gc_disabled,3855,1.495600001362618
gc_disabled,3856,1.3111999996908708
gc_disabled,3857,1.464299999497598
gc_disabled,3858,1.2822999997297302
gc_disabled,3859,1.223799999934272
gc_disabled,3860,1.2630000001081498
gc_disabled,3861,1.2311999998928513
gc_disabled,3862,1.2050000004819594
gc_disabled,3863,1.3400999996520113
gc_disabled,3864,1.2747000000672415
gc_disabled,3865,1.2948000003234483
gc_disabled,3866,1.316699999733828
gc_disabled,3867,1.269799999136012
gc_disabled,3868,1.275599999644328
gc_disabled,3869,1.35499999851163
gc_disabled,3870,1.2501000001066132
gc_disabled,3871,1.2422999989212258
gc_disabled,3872,1.2414000011631288
gc_disabled,3873,1.2287000008655014
gc_disabled,3874,1.4793999998801155
gc_disabled,3875,1.3188000011723489
gc_disabled,3876,1.3854999997420236
gc_disabled,3877,1.306000000113272
gc_disabled,3878,1.2991999992664205
gc_disabled,3879,1.3438999994832557
gc_disabled,3880,1.2991000003239606
gc_disabled,3881,1.2913000009575626
gc_disabled,3882,1.3331999998626998
gc_disabled,3883,1.2552000007417519
gc_disabled,3884,1.2724000007438008
gc_disabled,3885,1.2724000007438008
gc_disabled,3886,1.2962999990122626
gc_disabled,3887,1.2662000008276664
gc_disabled,3888,1.2826999991375487
gc_disabled,3889,1.2394000004860573
gc_disabled,3890,1.2902999988000374
gc_disabled,3891,1.2389000003167894
gc_disabled,3892,1.2447000008251052
gc_disabled,3893,1.2707999994745478
gc_disabled,3894,1.2165999996796018
gc_disabled,3895,1.2279000002308749
gc_disabled,3896,1.228600000104052
gc_disabled,3897,1.3169999983801972
gc_disabled,3898,1.409599999533384
gc_disabled,3899,1.2635999992198776
gc_disabled,3900,1.4433000014832942
gc_disabled,3901,1.2508999989222502
gc_disabled,3902,1.2896999996883096
gc_disabled,3903,1.2437000004865695
gc_disabled,3904,1.3259999996080296
gc_disabled,3905,1.2243000001035398
gc_disabled,3906,1.2538000009953976
gc_disabled,3907,1.2260999992577126
gc_disabled,3908,1.298399998631794
gc_disabled,3909,1.2967999991815304
gc_disabled,3910,1.2960000003658934
gc_disabled,3911,1.245800000106101
gc_disabled,3912,1.2628999993467005
gc_disabled,3913,1.2117000005673617
gc_disabled,3914,1.2368999996397179
gc_disabled,3915,1.3438000005407957
gc_disabled,3916,1.229899999088957
gc_disabled,3917,1.2450999984139344
gc_disabled,3918,1.2874999993073288
gc_disabled,3919,1.5106000009836862
gc_disabled,3920,1.323200000115321
gc_disabled,3921,1.2736000007862458
gc_disabled,3922,1.290500000322936
gc_disabled,3923,1.4197999989846721
gc_disabled,3924,1.2604000003193505
gc_disabled,3925,1.2533999997685896
gc_disabled,3926,1.2014000003546244
gc_disabled,3927,1.2635000002774177
gc_disabled,3928,1.248999999006628
gc_disabled,3929,1.2224000001879176
gc_disabled,3930,1.271499999347725
gc_disabled,3931,1.3230999993538717
gc_disabled,3932,1.2311000009503914
gc_disabled,3933,1.2944999998580897
gc_disabled,3934,1.2855000004492467
gc_disabled,3935,1.2115999998059124
gc_disabled,3936,1.2853999996877974
gc_disabled,3937,1.2717999998130836
gc_disabled,3938,1.205800001116586
gc_disabled,3939,1.2321999984123977
gc_disabled,3940,1.395399998727953
gc_disabled,3941,1.27519999841752
gc_disabled,3942,1.2447999997675652
gc_disabled,3943,1.3679999992746161
gc_disabled,3944,1.27509999947506
gc_disabled,3945,1.4069999997445848
gc_disabled,3946,1.2968999999429798
gc_disabled,3947,1.2901000009151176
gc_disabled,3948,1.2527999988378724
gc_disabled,3949,1.2659999993047677
gc_disabled,3950,1.3084000001981622
gc_disabled,3951,1.2829999996029073
gc_disabled,3952,1.324300001215306
gc_disabled,3953,1.2729999998555286
gc_disabled,3954,1.223200000822544
gc_disabled,3955,1.2924999991810182
gc_disabled,3956,1.2038000004395144
gc_disabled,3957,1.349300000583753
gc_disabled,3958,1.295899999604444
gc_disabled,3959,1.2737000015476951
gc_disabled,3960,1.3235000005806796
gc_disabled,3961,1.2488000011217082
gc_disabled,3962,1.4377000006788876
gc_disabled,3963,1.3291000013850862
gc_disabled,3964,1.3466999989759643
gc_disabled,3965,1.2462999984563794
gc_disabled,3966,1.2616000003617955
gc_disabled,3967,1.219500001752749
gc_disabled,3968,1.2076999992132187
gc_disabled,3969,1.473700000133249
gc_disabled,3970,1.2747000000672415
gc_disabled,3971,1.2438000012480188
gc_disabled,3972,1.2010999998892657
gc_disabled,3973,1.4012999999977183
gc_disabled,3974,1.2894000010419404
gc_disabled,3975,1.2925999999424675
gc_disabled,3976,1.2948000003234483
gc_disabled,3977,1.2949000010848977
gc_disabled,3978,1.2475000003178138
gc_disabled,3979,1.2508999989222502
gc_disabled,3980,1.2604999992618104
gc_disabled,3981,1.2974000001122477
gc_disabled,3982,1.2456999993446516
gc_disabled,3983,1.257199999599834
gc_disabled,3984,1.3307999997778097
gc_disabled,3985,1.258399999642279
gc_disabled,3986,1.23870000061288
gc_disabled,3987,1.299900000958587
gc_disabled,3988,1.5440000006492482
gc_disabled,3989,1.3397000002441928
gc_disabled,3990,1.2826999991375487
gc_disabled,3991,1.263699999981327
gc_disabled,3992,1.3671999986399896
gc_disabled,3993,1.322000000072876
gc_disabled,3994,1.2126000001444481
gc_disabled,3995,1.363600000331644
gc_disabled,3996,1.330900000539259
gc_disabled,3997,1.2592000002769055
gc_disabled,3998,1.2526000009529525
gc_disabled,3999,1.210799999171286
gc_disabled,4000,1.3175000003684545
gc_disabled,4001,1.2643000009120442
gc_disabled,4002,1.2284000004001427
gc_disabled,4003,1.2549999992188532
gc_disabled,4004,1.299900000958587
gc_disabled,4005,1.329700000496814
gc_disabled,4006,1.364800000374089
gc_disabled,4007,1.3087999996059807
gc_disabled,4008,1.2853999996877974
gc_disabled,4009,1.273899999432615
gc_disabled,4010,1.2790999990102137
gc_disabled,4011,1.2466999996831873
gc_disabled,4012,1.289300000280491
gc_disabled,4013,1.2194999999337597
gc_disabled,4014,1.253599999472499
gc_disabled,4015,1.333300000624149
gc_disabled,4016,1.2643999998545041
gc_disabled,4017,1.3184999988880008
gc_disabled,4018,1.2897999986307696
gc_disabled,4019,1.253000000360771
gc_disabled,4020,1.2521999997261446
gc_disabled,4021,1.254700000572484
gc_disabled,4022,1.360000000204309
gc_disabled,4023,1.2810999996872852
gc_disabled,4024,1.282100000025821
gc_disabled,4025,1.2664000005315756
gc_disabled,4026,1.4093999998294748
gc_disabled,4027,1.2798000007023802
gc_disabled,4028,1.2353000001894543
gc_disabled,4029,1.2769000004482223
gc_disabled,4030,1.286499998968793
gc_disabled,4031,1.3638999989780132
gc_disabled,4032,1.2788999993063044
gc_disabled,4033,1.2318000008235686
gc_disabled,4034,1.2944000009156298
gc_disabled,4035,1.224499999807449
gc_disabled,4036,1.2526999998954125
gc_disabled,4037,1.2380999996821629
gc_disabled,4038,1.3615999996545725
gc_disabled,4039,1.2980999999854248
gc_disabled,4040,1.2744000014208723
gc_disabled,4041,1.3106999995216029
gc_disabled,4042,1.2850000002799788
gc_disabled,4043,1.2578999994730111
gc_disabled,4044,1.2414000011631288
gc_disabled,4045,1.253000000360771
gc_disabled,4046,1.244199998836848
gc_disabled,4047,1.2473999995563645
gc_disabled,4048,2.3844000006647548
gc_disabled,4049,2.243599999928847
gc_disabled,4050,2.963300001283642
gc_disabled,4051,1.819900000555208
gc_disabled,4052,1.3080000007903436
gc_disabled,4053,1.2655999998969492
gc_disabled,4054,1.2525000001915032
gc_disabled,4055,1.2998000001971377
gc_disabled,4056,1.2507999999797903
gc_disabled,4057,1.2708999984170077
gc_disabled,4058,1.2589999987540068
gc_disabled,4059,1.244099999894388
gc_disabled,4060,1.2320999994699378
gc_disabled,4061,1.3318999990588054
gc_disabled,4062,1.3171999999030959
gc_disabled,4063,1.2430000006133923
gc_disabled,4064,1.2568999991344754
gc_disabled,4065,1.2679000010393793
gc_disabled,4066,1.2043999995512422
gc_disabled,4067,1.263600001038867
gc_disabled,4068,1.2354000009509036
gc_disabled,4069,1.326899999185116
gc_disabled,4070,1.4408000006369548
gc_disabled,4071,1.2513999990915181
gc_disabled,4072,1.348199999483768
gc_disabled,4073,1.2399000006553251
gc_disabled,4074,1.2889000008726725
gc_disabled,4075,1.357199998892611
gc_disabled,4076,1.5636999996786471
gc_disabled,4077,1.2976999987586169
gc_disabled,4078,1.245700001163641
gc_disabled,4079,1.3388000006671064
gc_disabled,4080,1.3192999995226273
gc_disabled,4081,1.319599999987986
gc_disabled,4082,1.260000000911532
gc_disabled,4083,1.3151000002835644
gc_disabled,4084,1.3128000009601237
gc_disabled,4085,1.2889999998151325
gc_disabled,4086,1.2664999994740356
gc_disabled,4087,1.2394999994285172
gc_disabled,4088,1.2604999992618104
gc_disabled,4089,1.325699999142671
gc_disabled,4090,1.2413999993441394
gc_disabled,4091,1.2517000013758661
gc_disabled,4092,1.336200000878307
gc_disabled,4093,1.3342999991436955
gc_disabled,4094,1.3144000004103873
gc_disabled,4095,1.3536999995267252
gc_disabled,4096,1.254200000403216
gc_disabled,4097,1.2951999997312669
gc_disabled,4098,1.2047999989590608
gc_disabled,4099,1.246499999979278
gc_disabled,4100,1.2998999991395976
gc_disabled,4101,1.2420999992173165
gc_disabled,4102,1.2569999998959247
gc_disabled,4103,1.2795999991794815
gc_disabled,4104,1.2205999992147554
gc_disabled,4105,1.244099999894388
gc_disabled,4106,1.258800000869087
gc_disabled,4107,1.2900000001536682
gc_disabled,4108,1.3597999986814102
gc_disabled,4109,1.2498999985837145
gc_disabled,4110,1.2695999994321028
gc_disabled,4111,1.266100000066217
gc_disabled,4112,1.2652999994315905
gc_disabled,4113,1.3359000004129484
gc_disabled,4114,1.2829999996029073
gc_disabled,4115,1.278400000956026
gc_disabled,4116,1.2848000005760696
gc_disabled,4117,1.239999999597785
gc_disabled,4118,1.360000000204309
gc_disabled,4119,1.4396000005945098
gc_disabled,4120,1.2867999994341517
gc_disabled,4121,1.275599999644328
gc_disabled,4122,1.3050999987171963
gc_disabled,4123,1.266500001293025
gc_disabled,4124,1.2896999996883096
gc_disabled,4125,1.3063999995210906
gc_disabled,4126,1.2770000012096716
gc_disabled,4127,1.3157000012142817
gc_disabled,4128,1.2913000009575626
gc_disabled,4129,1.2150000002293382
gc_disabled,4130,1.3201000001572538
gc_disabled,4131,1.332600000750972
gc_disabled,4132,1.254700000572484
gc_disabled,4133,1.298299999689334
gc_disabled,4134,1.2790000000677537
gc_disabled,4135,1.31379999947967
gc_disabled,4136,1.2483000009524403
gc_disabled,4137,1.2862999992648838
gc_disabled,4138,1.3502999991032993
gc_disabled,4139,1.2539999988803174
gc_disabled,4140,1.4406999998755055
gc_disabled,4141,1.3010999991820427
gc_disabled,4142,1.2499000004027039
gc_disabled,4143,1.2532000000646804
gc_disabled,4144,1.2879000005341368
gc_disabled,4145,1.1876000007760013
gc_disabled,4146,1.2497999996412545
gc_disabled,4147,1.257199999599834
gc_disabled,4148,1.2509999996836996
gc_disabled,4149,1.2357000014162622
gc_disabled,4150,1.2944000009156298
gc_disabled,4151,1.243300001078751
gc_disabled,4152,1.3252000007923925
gc_disabled,4153,1.2907000000268454
gc_disabled,4154,1.2239999996381812
gc_disabled,4155,1.344799999060342
gc_disabled,4156,1.3429999999061693
gc_disabled,4157,1.3572000007116003
gc_disabled,4158,1.2676999995164806
gc_disabled,4159,1.2554000004456611
gc_disabled,4160,1.2545999998110346
gc_disabled,4161,1.3072000001557171
gc_disabled,4162,1.263699999981327
gc_disabled,4163,1.3219999982538866
gc_disabled,4164,1.375099998767837
gc_disabled,4165,1.2680999989242991
gc_disabled,4166,1.2227000006532762
gc_disabled,4167,1.2311999998928513
gc_disabled,4168,1.3354000002436806
gc_disabled,4169,1.439800000298419
gc_disabled,4170,1.2716000001091743
gc_disabled,4171,1.2450000012904638
gc_disabled,4172,1.351299999441835
gc_disabled,4173,1.227400000061607
gc_disabled,4174,1.2679999999818392
gc_disabled,4175,1.2358000003587222
gc_disabled,4176,1.2671000004047528
gc_disabled,4177,1.288500001464854
gc_disabled,4178,1.376100000925362
gc_disabled,4179,1.2442999995982973
gc_disabled,4180,1.3163999992684694
gc_disabled,4181,1.3752999984717462
gc_disabled,4182,1.2874999993073288
gc_disabled,4183,1.314299999648938
gc_disabled,4184,1.3311000002431683
gc_disabled,4185,1.278099998671678
gc_disabled,4186,1.2705999997706385
gc_disabled,4187,1.2407000012899516
gc_disabled,4188,1.2349000007816358
gc_disabled,4189,1.2943000001541805
gc_disabled,4190,1.2598000012076227
gc_disabled,4191,1.310100000409875
gc_disabled,4192,1.2697000001935521
gc_disabled,4193,1.3376999995671213
gc_disabled,4194,1.3340999994397862
gc_disabled,4195,1.3054999999440042
gc_disabled,4196,1.2406000005285023
gc_disabled,4197,1.264999998966232
gc_disabled,4198,1.2597000004461734
gc_disabled,4199,1.2809999989258358
gc_disabled,4200,1.3298000012582634
gc_disabled,4201,1.2990000013815006
gc_disabled,4202,1.302399999985937
gc_disabled,4203,1.2671000004047528
gc_disabled,4204,1.3013000007049413
gc_disabled,4205,1.2741999998979736
gc_disabled,4206,1.299999999901047
gc_disabled,4207,1.449999999749707
gc_disabled,4208,1.2707000005320879
gc_disabled,4209,1.3293000010889955
gc_disabled,4210,1.3140999999450287
gc_disabled,4211,1.2349000007816358
gc_disabled,4212,1.2557000009110197
gc_disabled,4213,1.2306999997235835
gc_disabled,4214,1.4661999994132202
gc_disabled,4215,1.234699999258737
gc_disabled,4216,1.2635999992198776
gc_disabled,4217,1.404799999363604
gc_disabled,4218,1.2752999991789693
gc_disabled,4219,1.3433999993139878
gc_disabled,4220,1.2520999989646953
gc_disabled,4221,1.326899999185116
gc_disabled,4222,1.3123999997333158
gc_disabled,4223,1.223200000822544
gc_disabled,4224,1.3114000012137694
gc_disabled,4225,1.3509000000340166
gc_disabled,4226,1.364700001431629
gc_disabled,4227,1.2415000001055887
gc_disabled,4228,1.2716999990516342
gc_disabled,4229,1.3217999985499773
gc_disabled,4230,1.2695000004896428
gc_disabled,4231,1.2618999990081647
gc_disabled,4232,1.2487000003602589
gc_disabled,4233,1.3670999996975297
gc_disabled,4234,1.2614999996003462
gc_disabled,4235,1.2495999999373453
gc_disabled,4236,1.2221000015415484
gc_disabled,4237,1.261999999769614
gc_disabled,4238,1.3069999986328185
gc_disabled,4239,1.1931000008189585
gc_disabled,4240,1.30650000028254
gc_disabled,4241,1.2758000011672266
gc_disabled,4242,1.2277000005269656
gc_disabled,4243,1.3466000000335043
gc_disabled,4244,1.1991000010311836
gc_disabled,4245,1.319599999987986
gc_disabled,4246,1.2882999999419553
gc_disabled,4247,1.244600000063656
gc_disabled,4248,1.318300001003081
gc_disabled,4249,1.3187000004108995
gc_disabled,4250,1.2699999988399213
gc_disabled,4251,1.3123000007908558
gc_disabled,4252,1.402800000505522
gc_disabled,4253,1.2799999985873
gc_disabled,4254,1.2858999998570653
gc_disabled,4255,1.2439000001904787
gc_disabled,4256,1.2028999990434386
gc_disabled,4257,1.2872999996034196
gc_disabled,4258,1.2473000006139046
gc_disabled,4259,1.2538000009953976
gc_disabled,4260,1.3259000006655697
gc_disabled,4261,1.2556000001495704
gc_disabled,4262,1.2248000002728077
gc_disabled,4263,1.282799999898998
gc_disabled,4264,1.3263000000733882
gc_disabled,4265,1.2942000012117205
gc_disabled,4266,1.2592000002769055
gc_disabled,4267,1.4167000008455943
gc_disabled,4268,1.299900000958587
gc_disabled,4269,1.4200000005075708
gc_disabled,4270,1.2807000002794666
gc_disabled,4271,1.3416999991022749
gc_disabled,4272,1.2924000002385583
gc_disabled,4273,1.2681999996857485
gc_disabled,4274,1.259199998457916
gc_disabled,4275,1.235899999301182
gc_disabled,4276,1.3087000006635208
gc_disabled,4277,1.2397999998938758
gc_disabled,4278,1.2316000011196593
gc_disabled,4279,1.3127000001986744
gc_disabled,4280,1.254799999514944
gc_disabled,4281,1.2413000004016794
gc_disabled,4282,1.2463999992178287
gc_disabled,4283,1.227499999004067
gc_disabled,4284,1.237599999512895
gc_disabled,4285,1.2153000006946968
gc_disabled,4286,1.317999998718733
gc_disabled,4287,1.2148999994678888
gc_disabled,4288,1.2420000002748566
gc_disabled,4289,1.2142999985371716
gc_disabled,4290,1.2764000002789544
gc_disabled,4291,1.2967000002390705
gc_disabled,4292,1.2034000010316959
gc_disabled,4293,1.3896000000386266
gc_disabled,4294,1.3426000004983507
gc_disabled,4295,1.3304000003699912
gc_disabled,4296,1.2920000008307397
gc_disabled,4297,1.2455000014597317
gc_disabled,4298,1.218499999595224
gc_disabled,4299,1.2792000015906524
gc_disabled,4300,1.2374000016279751
gc_disabled,4301,1.307299999098177
gc_disabled,4302,1.2103000008210074
gc_disabled,4303,1.27020000036282
gc_disabled,4304,1.2967999991815304
gc_disabled,4305,1.478599999245489
gc_disabled,4306,1.2967999991815304
gc_disabled,4307,1.2356999995972728
gc_disabled,4308,1.358700001219404
gc_disabled,4309,1.2561999992612982
gc_disabled,4310,1.2812999993911944
gc_disabled,4311,1.2129000006098067
gc_disabled,4312,1.2512999983300688
gc_disabled,4313,1.3613999999506632
gc_disabled,4314,1.2888999990536831
gc_disabled,4315,1.2758000011672266
gc_disabled,4316,1.4221000001271022
gc_disabled,4317,1.470100000005914
gc_disabled,4318,1.3908000000810716
gc_disabled,4319,1.2822999997297302
gc_disabled,4320,1.3086999988445314
gc_disabled,4321,1.2669000007008435
gc_disabled,4322,1.295100000788807
gc_disabled,4323,1.2750000005326
gc_disabled,4324,1.3433000003715279
gc_disabled,4325,1.226100001076702
gc_disabled,4326,1.295899999604444
gc_disabled,4327,1.3400000007095514
gc_disabled,4328,1.253500000530039
gc_disabled,4329,1.344000000244705
gc_disabled,4330,1.2442000006558374
gc_disabled,4331,1.2115000008634524
gc_disabled,4332,1.2769000004482223
gc_disabled,4333,1.225799998792354
gc_disabled,4334,1.2521999997261446
gc_disabled,4335,1.2549999992188532
gc_disabled,4336,1.2643000009120442
gc_disabled,4337,1.214800000525429
gc_disabled,4338,1.214300000356161
gc_disabled,4339,1.3686999991477933
gc_disabled,4340,1.3091000000713393
gc_disabled,4341,1.326100000369479
gc_disabled,4342,1.267300000108662
gc_disabled,4343,1.3213000001996988
gc_disabled,4344,1.2640999993891455
gc_disabled,4345,1.2455999985832023
gc_disabled,4346,1.2735999989672564
gc_disabled,4347,1.2580999991769204
gc_disabled,4348,1.26780000027793
gc_disabled,4349,1.2549000002763933
gc_disabled,4350,1.3527999999496387
gc_disabled,4351,1.4031000009708805
gc_disabled,4352,1.2463999992178287
gc_disabled,4353,1.2537000002339482
gc_disabled,4354,1.282799999898998
gc_disabled,4355,1.275500000701868
gc_disabled,4356,1.2176000000181375
gc_disabled,4357,1.253000000360771
gc_disabled,4358,1.2575999990076525
gc_disabled,4359,1.248200000190991
gc_disabled,4360,1.2956000009580748
gc_disabled,4361,1.2391000000206986
gc_disabled,4362,1.3083999983791728
gc_disabled,4363,1.280399999814108
gc_disabled,4364,1.2373999998089857
gc_disabled,4365,1.3402999993559206
gc_disabled,4366,1.3663000008818926
gc_disabled,4367,1.254299999345676
gc_disabled,4368,1.2411000006977702
gc_disabled,4369,1.2970000007044291
gc_disabled,4370,1.3127999991411343
gc_disabled,4371,1.2745000003633322
gc_disabled,4372,1.3466000000335043
gc_disabled,4373,1.2609000004886184
gc_disabled,4374,1.2950000000273576
gc_disabled,4375,1.2451000002329238
gc_disabled,4376,1.2750000005326
gc_disabled,4377,1.2124999993829988
gc_disabled,4378,1.2360999990050914
gc_disabled,4379,1.2781999994331272
gc_disabled,4380,1.261999999769614
gc_disabled,4381,1.2526999998954125
gc_disabled,4382,1.2805000005755574
gc_disabled,4383,1.218499999595224
gc_disabled,4384,1.2858999998570653
gc_disabled,4385,1.264900000023772
gc_disabled,4386,1.2590999995154561
gc_disabled,4387,1.3079000000288943
gc_disabled,4388,1.4360000004671747
gc_disabled,4389,1.2670999985857634
gc_disabled,4390,1.3066999999864493
gc_disabled,4391,1.2296999993850477
gc_disabled,4392,1.220399999510846
gc_disabled,4393,1.3252999997348525
gc_disabled,4394,1.385600000503473
gc_disabled,4395,1.2862999992648838
gc_disabled,4396,1.2635000002774177
gc_disabled,4397,1.3539999999920838
gc_disabled,4398,1.3185999996494502
gc_disabled,4399,1.2509999996836996
gc_disabled,4400,1.2771999990945915
gc_disabled,4401,1.3670999996975297
gc_disabled,4402,1.2626999996427912
gc_disabled,4403,1.3513000012608245
gc_disabled,4404,1.4305000004242174
gc_disabled,4405,1.2633000005735084
gc_disabled,4406,1.317999998718733
gc_disabled,4407,1.2280999999347841
gc_disabled,4408,1.3192000005801674
gc_disabled,4409,1.2485999995988095
gc_disabled,4410,1.2601000016729813
gc_disabled,4411,1.3562999993155245
gc_disabled,4412,1.281699998799013
gc_disabled,4413,1.2301999995543156
gc_disabled,4414,1.2769999993906822
gc_disabled,4415,1.2696000012510922
gc_disabled,4416,1.4907999993738486
gc_disabled,4417,1.2519000010797754
gc_disabled,4418,1.2764000002789544
gc_disabled,4419,1.2698000009550015
gc_disabled,4420,1.3314999996509869
gc_disabled,4421,1.2492999994719867
gc_disabled,4422,1.2224000001879176
gc_disabled,4423,1.263799998923787
gc_disabled,4424,1.2659999993047677
gc_disabled,4425,1.3369000007514842
gc_disabled,4426,1.2284999993426027
gc_disabled,4427,1.3690000014321413
gc_disabled,4428,1.3734000003751134
gc_disabled,4429,1.2925999999424675
gc_disabled,4430,1.2662999997701263
gc_disabled,4431,1.273800000490155
gc_disabled,4432,1.577700000780169
gc_disabled,4433,1.2236999991728226
gc_disabled,4434,1.2652000004891306
gc_disabled,4435,1.3797999999951571
gc_disabled,4436,1.2773999987985007
gc_disabled,4437,1.3455000007525086
gc_disabled,4438,1.2193000002298504
gc_disabled,4439,1.2817000006180024
gc_disabled,4440,1.2609000004886184
gc_disabled,4441,1.2529000014183111
gc_disabled,4442,1.3177999990148237
gc_disabled,4443,1.374900000882917
gc_disabled,4444,1.2628999993467005
gc_disabled,4445,1.3419000006251736
gc_disabled,4446,1.3501000012183795
gc_disabled,4447,1.238399998328532
gc_disabled,4448,1.2587999990500975
gc_disabled,4449,1.3063000005786307
gc_disabled,4450,1.2877999997726874
gc_disabled,4451,1.356699998723343
gc_disabled,4452,1.2545999998110346
gc_disabled,4453,1.2748000008286908
gc_disabled,4454,1.2549000002763933
gc_disabled,4455,1.2680999989242991
gc_disabled,4456,1.207799999974668
gc_disabled,4457,1.2740000001940643
gc_disabled,4458,1.2699999988399213
gc_disabled,4459,1.4924000006431015
gc_disabled,4460,1.2897999986307696
gc_disabled,4461,1.3021999984630384
gc_disabled,4462,1.2790999990102137
gc_disabled,4463,1.2562000010802876
gc_disabled,4464,1.235899999301182
gc_disabled,4465,1.4752000006410526
gc_disabled,4466,1.2647000003198627
gc_disabled,4467,1.4174999996612314
gc_disabled,4468,1.2705999997706385
gc_disabled,4469,1.3259999996080296
gc_disabled,4470,1.3224999984231545
gc_disabled,4471,1.414199999999255
gc_disabled,4472,1.2357000014162622
gc_disabled,4473,1.299900000958587
gc_disabled,4474,1.5290000010281801
gc_disabled,4475,1.547599998957594
gc_disabled,4476,1.3316999993548961
gc_disabled,4477,1.3218999993114267
gc_disabled,4478,1.3354999991861405
gc_disabled,4479,1.2507999999797903
gc_disabled,4480,1.7329999991488876
gc_disabled,4481,1.3347000003705034
gc_disabled,4482,1.2698000009550015
gc_disabled,4483,1.2950999989698175
gc_disabled,4484,1.2120999999751803
gc_disabled,4485,1.245800000106101
gc_disabled,4486,1.288199999180506
gc_disabled,4487,1.2752000002365094
gc_disabled,4488,1.2907999989693053
gc_disabled,4489,1.3591000006272225
gc_disabled,4490,1.2178000015410362
gc_disabled,4491,1.2415999990480486
gc_disabled,4492,1.2536000012914883
gc_disabled,4493,1.2439999991329387
gc_disabled,4494,1.3787999996566214
gc_disabled,4495,1.355899999907706
gc_disabled,4496,1.284500000110711
gc_disabled,4497,1.2712000007013557
gc_disabled,4498,1.2935000013385434
gc_disabled,4499,1.5235999999276828
gc_disabled,4500,1.3049999997747364
gc_disabled,4501,1.2452000009943731
gc_disabled,4502,1.3407999995251885
gc_disabled,4503,1.3891999988118187
gc_disabled,4504,1.3128999999025837
gc_disabled,4505,1.2590000005729962
gc_disabled,4506,1.2027000011585187
gc_disabled,4507,1.2566000004881062
gc_disabled,4508,1.2468000004446367
gc_disabled,4509,1.4054000002943212
gc_disabled,4510,1.402200001393794
gc_disabled,4511,1.2524000012490433
gc_disabled,4512,1.3160000016796403
gc_disabled,4513,1.23399999938556
gc_disabled,4514,1.540999999633641
gc_disabled,4515,1.307700000324985
gc_disabled,4516,1.2955000001966255
gc_disabled,4517,1.3092000008327886
gc_disabled,4518,1.3627000007545575
gc_disabled,4519,1.2332999995123828
gc_disabled,4520,1.3006999997742241
gc_disabled,4521,1.3206000003265217
gc_disabled,4522,1.3171999999030959
gc_disabled,4523,1.2965000005351612
gc_disabled,4524,2.0777999998244923
gc_disabled,4525,1.7537999992782716
gc_disabled,4526,1.4168999987305142
gc_disabled,4527,1.3740999984293012
gc_disabled,4528,1.2735000000247965
gc_disabled,4529,1.3092999997752486
gc_disabled,4530,1.3366000002861256
gc_disabled,4531,1.273800000490155
gc_disabled,4532,1.4310999995359452
gc_disabled,4533,1.3810000000376021
gc_disabled,4534,1.278699999602395
gc_disabled,4535,1.3330999991012504
gc_disabled,4536,1.2630000001081498
gc_disabled,4537,1.2899000012112083
gc_disabled,4538,1.2492999994719867
gc_disabled,4539,1.4082999987294897
gc_disabled,4540,1.2830000014218967
gc_disabled,4541,1.2854999986302573
gc_disabled,4542,1.260099999853992
gc_disabled,4543,1.3055999988864642
gc_disabled,4544,1.2964000015927013
gc_disabled,4545,1.338699999905657
gc_disabled,4546,1.3985000005050097
gc_disabled,4547,1.2165000007371418
gc_disabled,4548,1.2189999997644918
gc_disabled,4549,1.322400001299684
gc_disabled,4550,1.2880000012955861
gc_disabled,4551,1.2722999999823514
gc_disabled,4552,1.2850000002799788
gc_disabled,4553,1.2206999999762047
gc_disabled,4554,1.5738000001874752
gc_disabled,4555,1.486399998611887
gc_disabled,4556,1.2747000000672415
gc_disabled,4557,1.2970000007044291
gc_disabled,4558,1.4122000011411728
gc_disabled,4559,1.314200000706478
gc_disabled,4560,1.2740000001940643
gc_disabled,4561,1.224900001034257
gc_disabled,4562,1.4098999999987427
gc_disabled,4563,1.2672000011662021
gc_disabled,4564,1.423199999408098
gc_disabled,4565,1.2834999997721752
gc_disabled,4566,1.273899999432615
gc_disabled,4567,1.4244000012695324
gc_disabled,4568,1.2606000000232598
gc_disabled,4569,1.2851000010414282
gc_disabled,4570,1.3188000011723489
gc_disabled,4571,1.5194999996310798
gc_disabled,4572,1.3557000002037967
gc_disabled,4573,1.376199999867822
gc_disabled,4574,1.3146000001142966
gc_disabled,4575,1.3431999996100785
gc_disabled,4576,1.2771999990945915
gc_disabled,4577,1.467199999751756
gc_disabled,4578,1.297599999816157
gc_disabled,4579,1.251100000445149
gc_disabled,4580,1.301199999943492
gc_disabled,4581,1.2666999991779448
gc_disabled,4582,1.2507999999797903
gc_disabled,4583,1.2483000009524403
gc_disabled,4584,1.2697000001935521
gc_disabled,4585,1.2346000003162771
gc_disabled,4586,1.2461000005714595
gc_disabled,4587,1.2553999986266717
gc_disabled,4588,1.412499999787542
gc_disabled,4589,1.3005000000703149
gc_disabled,4590,1.316799998676288
gc_disabled,4591,1.2657000006583985
gc_disabled,4592,1.273100000616978
gc_disabled,4593,1.292999999350286
gc_disabled,4594,1.3001999996049562
gc_disabled,4595,1.2514000009105075
gc_disabled,4596,1.3896000000386266
gc_disabled,4597,1.3032999995630234
gc_disabled,4598,1.263699999981327
gc_disabled,4599,1.2745000003633322
gc_disabled,4600,1.2650999997276813
gc_disabled,4601,1.3359999993554084
gc_disabled,4602,1.3146000001142966
gc_disabled,4603,1.2231000000610948
gc_disabled,4604,1.2898999993922189
gc_disabled,4605,1.2650999997276813
gc_disabled,4606,1.297500000873697
gc_disabled,4607,1.256400000784197
gc_disabled,4608,1.2679999999818392
gc_disabled,4609,1.2550000010378426
gc_disabled,4610,1.3771000012638979
gc_disabled,4611,1.2145000000600703
gc_disabled,4612,1.3018000008742092
gc_disabled,4613,1.473299998906441
gc_disabled,4614,1.3503999998647487
gc_disabled,4615,1.314200000706478
gc_disabled,4616,1.2598000012076227
gc_disabled,4617,1.3655000002472661
gc_disabled,4618,1.3741999991907505
gc_disabled,4619,1.3175999993109144
gc_disabled,4620,1.3441999999486143
gc_disabled,4621,1.325699999142671
gc_disabled,4622,1.4250000003812602
gc_disabled,4623,1.2927999996463768
gc_disabled,4624,1.247700000021723
gc_disabled,4625,1.3495999992301222
gc_disabled,4626,1.2402000011206837
gc_disabled,4627,1.2337999996816507
gc_disabled,4628,1.248200000190991
gc_disabled,4629,1.2795999991794815
gc_disabled,4630,1.44929999987653
gc_disabled,4631,1.2798000007023802
gc_disabled,4632,1.3147999998182058
gc_disabled,4633,1.2634000013349578
gc_disabled,4634,1.2398999988363357
gc_disabled,4635,1.2532000000646804
gc_disabled,4636,1.3133000011293916
gc_disabled,4637,1.224999999976717
gc_disabled,4638,1.4044999988982454
gc_disabled,4639,1.2427000001480337
gc_disabled,4640,1.2614000006578863
gc_disabled,4641,1.330200000666082
gc_disabled,4642,1.2927999996463768
gc_disabled,4643,1.2485000006563496
gc_disabled,4644,1.295899999604444
gc_disabled,4645,1.3727999994443962
gc_disabled,4646,1.2955000001966255
gc_disabled,4647,1.3044999996054685
gc_disabled,4648,1.2275999997655163
gc_disabled,4649,1.4228000000002794
gc_disabled,4650,1.2834999997721752
gc_disabled,4651,1.3438000005407957
gc_disabled,4652,1.326100000369479
gc_disabled,4653,1.3263000000733882
gc_disabled,4654,1.2318000008235686
gc_disabled,4655,1.2812000004487345
gc_disabled,4656,1.3653999994858168
gc_disabled,4657,1.2901000009151176
gc_disabled,4658,1.3985000005050097
gc_disabled,4659,1.3092000008327886
gc_disabled,4660,1.3718000009248499
gc_disabled,4661,1.254799999514944
gc_disabled,4662,1.324400000157766
gc_disabled,4663,1.4359999986481853
gc_disabled,4664,1.2753999999404186
gc_disabled,4665,1.3920000001235167
gc_disabled,4666,1.2654999991354998
gc_disabled,4667,1.3242000004538568
gc_disabled,4668,1.3092999997752486
gc_disabled,4669,1.2932999998156447
gc_disabled,4670,1.31379999947967
gc_disabled,4671,1.3119000013830373
gc_disabled,4672,1.247700000021723
gc_disabled,4673,1.2776000003213994
gc_disabled,4674,1.2205000002722954
gc_disabled,4675,1.289300000280491
gc_disabled,4676,1.5652999991289107
gc_disabled,4677,1.7286000002059154
gc_disabled,4678,2.1096000000397908
gc_disabled,4679,1.5383000009023817
gc_disabled,4680,1.3441999999486143
gc_disabled,4681,1.3187000004108995
gc_disabled,4682,1.3491999998223037
gc_disabled,4683,1.2663000015891157
gc_disabled,4684,1.3087999996059807
gc_disabled,4685,1.266199999008677
gc_disabled,4686,1.2560999984998489
gc_disabled,4687,1.4168999987305142
gc_disabled,4688,1.304800000070827
gc_disabled,4689,1.445199999579927
gc_disabled,4690,1.293400000577094
gc_disabled,4691,1.3180999994801823
gc_disabled,4692,1.3618999983009417
gc_disabled,4693,1.3397999991866527
gc_disabled,4694,1.227400000061607
gc_disabled,4695,1.2423999996826751
gc_disabled,4696,1.3563000011345139
gc_disabled,4697,1.2341000001470093
gc_disabled,4698,1.299499999731779
gc_disabled,4699,1.3097999999445165
gc_disabled,4700,1.3147999998182058
gc_disabled,4701,1.2769000004482223
gc_disabled,4702,1.2329999990470242
gc_disabled,4703,1.3383999994402984
gc_disabled,4704,1.244199998836848
gc_disabled,4705,1.2626000007003313
gc_disabled,4706,1.3180999994801823
gc_disabled,4707,1.2920999997731997
gc_disabled,4708,1.2805000005755574
gc_disabled,4709,1.2450000012904638
gc_disabled,4710,1.3032000006205635
gc_disabled,4711,1.3978000006318325
gc_disabled,4712,1.3144000004103873
gc_disabled,4713,1.3120999992679572
gc_disabled,4714,1.2681999996857485
gc_disabled,4715,1.3070999993942678
gc_disabled,4716,1.3495999992301222
gc_disabled,4717,1.2555000012071105
gc_disabled,4718,1.3402000004134607
gc_disabled,4719,1.3377999985095812
gc_disabled,4720,1.337499999863212
gc_disabled,4721,1.2396000001899665
gc_disabled,4722,1.3026999986323062
gc_disabled,4723,1.3085999999020714
gc_disabled,4724,1.2919000000692904
gc_disabled,4725,1.3538999992306344
gc_disabled,4726,1.2609000004886184
gc_disabled,4727,1.2759000001096865
gc_disabled,4728,1.2272999993001577
gc_disabled,4729,1.2557999998534797
gc_disabled,4730,1.2745000003633322
gc_disabled,4731,1.2179000004834961
gc_disabled,4732,1.388099999530823
gc_disabled,4733,1.2215999995532911
gc_disabled,4734,1.3319999998202547
gc_disabled,4735,1.2957000017195242
gc_disabled,4736,1.3020999995205784
gc_disabled,4737,1.2917000003653811
gc_disabled,4738,1.2520000000222353
gc_disabled,4739,1.2347000010777265
gc_disabled,4740,1.3966999995318474
gc_disabled,4741,1.2788000003638444
gc_disabled,4742,1.279600000998471
gc_disabled,4743,1.2876000000687782
gc_disabled,4744,1.316799998676288
gc_disabled,4745,1.3401999985944713
gc_disabled,4746,1.2434000000212109
gc_disabled,4747,1.2170999998488696
gc_disabled,4748,1.3109999999869615
gc_disabled,4749,1.3576999990618788
gc_disabled,4750,1.2526999998954125
gc_disabled,4751,1.3495000002876623
gc_disabled,4752,1.247700000021723
gc_disabled,4753,1.3632999998662854
gc_disabled,4754,1.248100001248531
gc_disabled,4755,1.2368999996397179
gc_disabled,4756,1.4334000006783754
gc_disabled,4757,1.3061999998171814
gc_disabled,4758,1.2897999986307696
gc_disabled,4759,1.2517000013758661
gc_disabled,4760,1.4403999994101468
gc_disabled,4761,1.4197000000422122
gc_disabled,4762,1.2427000001480337
gc_disabled,4763,1.265699998839409
gc_disabled,4764,1.3512000004993752
gc_disabled,4765,1.2707999994745478
gc_disabled,4766,1.3148999987606658
gc_disabled,4767,1.2943000001541805
gc_disabled,4768,1.2353000001894543
gc_disabled,4769,1.324400000157766
gc_disabled,4770,1.2640000004466856
gc_disabled,4771,1.2778000000253087
gc_disabled,4772,1.290599999265396
gc_disabled,4773,1.3266999994812068
gc_disabled,4774,1.2504000005719718
gc_disabled,4775,1.363600000331644
gc_disabled,4776,1.2750000005326
gc_disabled,4777,1.2516999995568767
gc_disabled,4778,1.2802000001101987
gc_disabled,4779,1.2709000002359971
gc_disabled,4780,1.4367000003403518
gc_disabled,4781,1.2917000003653811
gc_disabled,4782,1.281699998799013
gc_disabled,4783,1.3840999999956694
gc_disabled,4784,1.3073000009171665
gc_disabled,4785,1.3084000001981622
gc_disabled,4786,1.2964999987161718
gc_disabled,4787,1.2800000004062895
gc_disabled,4788,1.2590000005729962
gc_disabled,4789,1.310199999352335
gc_disabled,4790,1.4068000000406755
gc_disabled,4791,1.2449999994714744
gc_disabled,4792,1.215599999341066
gc_disabled,4793,1.4229999997041887
gc_disabled,4794,1.2782000012521166
gc_disabled,4795,1.2430999995558523
gc_disabled,4796,1.2671000004047528
gc_disabled,4797,1.2768000015057623
gc_disabled,4798,1.2200000001030276
gc_disabled,4799,1.291799999307841
gc_disabled,4800,1.3097999999445165
gc_disabled,4801,1.3075999995635357
gc_disabled,4802,1.2478999997256324
gc_disabled,4803,1.260099999853992
gc_disabled,4804,1.4086000010138378
gc_disabled,4805,1.2439999991329387
gc_disabled,4806,1.4229999997041887
gc_disabled,4807,1.2688000006164657
gc_disabled,4808,1.4012999999977183
gc_disabled,4809,1.3328999993973412
gc_disabled,4810,1.2948999992659083
gc_disabled,4811,1.2425999993865844
gc_disabled,4812,1.3120999992679572
gc_disabled,4813,1.2765000010404037
gc_disabled,4814,1.2619000008271541
gc_disabled,4815,1.2919000000692904
gc_disabled,4816,1.3068999996903585
gc_disabled,4817,1.282100000025821
gc_disabled,4818,1.4073000002099434
gc_disabled,4819,1.2681000007432885
gc_disabled,4820,1.3408000013441779
gc_disabled,4821,1.226200000019162
gc_disabled,4822,1.2664000005315756
gc_disabled,4823,1.335799999651499
gc_disabled,4824,1.289700001507299
gc_disabled,4825,1.2224000001879176
gc_disabled,4826,1.464200000555138
gc_disabled,4827,1.30890000036743
gc_disabled,4828,1.382700000249315
gc_disabled,4829,1.2877000008302275
gc_disabled,4830,1.3590000016847625
gc_disabled,4831,1.2605000010807998
gc_disabled,4832,1.265699998839409
gc_disabled,4833,1.2977000005776063
gc_disabled,4834,1.3835999998264015
gc_disabled,4835,1.2229000003571855
gc_disabled,4836,1.546200001030229
gc_disabled,4837,1.2988999988010619
gc_disabled,4838,1.2439999991329387
gc_disabled,4839,1.3106999995216029
gc_disabled,4840,1.2678999992203899
gc_disabled,4841,1.2943000001541805
gc_disabled,4842,1.5206999996735249
gc_disabled,4843,1.4174999996612314
gc_disabled,4844,1.4668000003439374
gc_disabled,4845,1.4808000014454592
gc_disabled,4846,1.4455999989877455
gc_disabled,4847,1.3792999998258892
gc_disabled,4848,1.4021999995748047
gc_disabled,4849,1.4596000000892673
gc_disabled,4850,1.369699999486329
gc_disabled,4851,1.3679999992746161
gc_disabled,4852,1.383200000418583
gc_disabled,4853,1.3099999996484257
gc_disabled,4854,1.3705000001209555
gc_disabled,4855,1.3170000001991866
gc_disabled,4856,1.5688000003137859
gc_disabled,4857,1.3436999997793464
gc_disabled,4858,1.3097999999445165
gc_disabled,4859,1.378599999952712
gc_disabled,4860,1.354699999865261
gc_disabled,4861,1.3287000001582783
gc_disabled,4862,1.5268999995896593
gc_disabled,4863,1.4043000010133255
gc_disabled,4864,1.5012000003480352
gc_disabled,4865,1.296399999773712
gc_disabled,4866,1.2865999997302424
gc_disabled,4867,1.4000000010128133
gc_disabled,4868,1.4134000011836179
gc_disabled,4869,1.4436000001296634
gc_disabled,4870,1.323100001172861
gc_disabled,4871,1.2960000003658934
gc_disabled,4872,1.3670000007550698
gc_disabled,4873,1.3014000014663907
gc_disabled,4874,1.250500001333421
gc_disabled,4875,1.3740000013058307
gc_disabled,4876,1.287300001422409
gc_disabled,4877,1.2774000006174902
gc_disabled,4878,1.2164999989181524
gc_disabled,4879,1.3866999997844687
gc_disabled,4880,1.359500000035041
gc_disabled,4881,1.2379999989207136
gc_disabled,4882,1.3787999996566214
gc_disabled,4883,1.2386999987938907
gc_disabled,4884,1.2525000001915032
gc_disabled,4885,1.280899999983376
gc_disabled,4886,1.2757000004057772
gc_disabled,4887,1.215500000398606
gc_disabled,4888,1.3047000011283671
gc_disabled,4889,1.2701999985438306
gc_disabled,4890,1.3763999995717313
gc_disabled,4891,1.3474999996105907
gc_disabled,4892,1.2093999994249316
gc_disabled,4893,1.2979999992239755
gc_disabled,4894,1.2568000001920154
gc_disabled,4895,1.2628999993467005
gc_disabled,4896,1.2632000016310485
gc_disabled,4897,1.3736000000790227
gc_disabled,4898,1.242800000909483
gc_disabled,4899,1.2960999993083533
gc_disabled,4900,1.2502000008680625
gc_disabled,4901,1.3343999999051448
gc_disabled,4902,1.2372000001050765
gc_disabled,4903,1.2872000006609596
gc_disabled,4904,1.2913000009575626
gc_disabled,4905,1.2402000011206837
gc_disabled,4906,1.4193999995768536
gc_disabled,4907,1.3153999989299336
gc_disabled,4908,1.2556999990920303
gc_disabled,4909,1.2660999982472276
gc_disabled,4910,1.2842000014643418
gc_disabled,4911,1.2745999993057922
gc_disabled,4912,1.399400000082096
gc_disabled,4913,1.259599999684724
gc_disabled,4914,1.3005000000703149
gc_disabled,4915,1.2356999995972728
gc_disabled,4916,1.2305000000196742
gc_disabled,4917,1.2965999994776212
gc_disabled,4918,1.3613000010082033
gc_disabled,4919,1.2664000005315756
gc_disabled,4920,1.2721000002784422
gc_disabled,4921,1.2215999995532911
gc_disabled,4922,1.3015999993513105
gc_disabled,4923,1.3818000006722286
gc_disabled,4924,1.2704000000667293
gc_disabled,4925,1.2853000007453375
gc_disabled,4926,1.2744999985443428
gc_disabled,4927,1.2485000006563496
gc_disabled,4928,1.3021000013395678
gc_disabled,4929,1.301199999943492
gc_disabled,4930,1.2894000010419404
gc_disabled,4931,1.2558999987959396
gc_disabled,4932,1.250199999049073
gc_disabled,4933,1.3026999986323062
gc_disabled,4934,1.3521000000764616
gc_disabled,4935,1.2640999993891455
gc_disabled,4936,1.2874999993073288
gc_disabled,4937,1.2354000009509036
gc_disabled,4938,1.2299999998504063
gc_disabled,4939,1.2783999991370365
gc_disabled,4940,1.2581999999383697
gc_disabled,4941,1.5466999993805075
gc_disabled,4942,1.3087000006635208
gc_disabled,4943,1.2588999998115469
gc_disabled,4944,1.292999999350286
gc_disabled,4945,1.2671999993472127
gc_disabled,4946,1.279100000829203
gc_disabled,4947,1.3056000007054536
gc_disabled,4948,1.2991000003239606
gc_disabled,4949,1.3923000005888753
gc_disabled,4950,1.3206999992689816
gc_disabled,4951,1.213199999256176
gc_disabled,4952,1.253599999472499
gc_disabled,4953,1.2415999990480486
gc_disabled,4954,1.2473999995563645
gc_disabled,4955,1.2630000001081498
gc_disabled,4956,1.3717000001634005
gc_disabled,4957,1.242100001036306
gc_disabled,4958,1.2447000008251052
gc_disabled,4959,1.2642999990930548
gc_disabled,4960,1.3087999996059807
gc_disabled,4961,1.2654999991354998
gc_disabled,4962,1.2055999995936872
gc_disabled,4963,1.5326000011555152
gc_disabled,4964,1.3562000003730645
gc_disabled,4965,1.393399999869871
gc_disabled,4966,1.3371000004553935
gc_disabled,4967,1.3194999992265366
gc_disabled,4968,1.2674000008701114
gc_disabled,4969,1.2735000000247965
gc_disabled,4970,1.2472000016714446
gc_disabled,4971,1.2831999993068166
gc_disabled,4972,1.27020000036282
gc_disabled,4973,1.3098000017635059
gc_disabled,4974,1.250699999218341
gc_disabled,4975,1.3197000007494353
gc_disabled,4976,1.5082000008987961
gc_disabled,4977,1.410899998518289
gc_disabled,4978,1.2295999986235984
gc_disabled,4979,1.253000000360771
gc_disabled,4980,1.2674000008701114
gc_disabled,4981,1.2426000012055738
gc_disabled,4982,1.250600000275881
gc_disabled,4983,1.207799999974668
gc_disabled,4984,1.3107000013405923
gc_disabled,4985,1.4012000010552583
gc_disabled,4986,1.3141999988874886
gc_disabled,4987,1.3180000005377224
gc_disabled,4988,1.2924000002385583
gc_disabled,4989,1.341099999990547
gc_disabled,4990,1.354199999695993
gc_disabled,4991,1.241600000867038
gc_disabled,4992,1.2251000007381663
gc_disabled,4993,1.4144000015221536
gc_disabled,4994,1.2652000004891306
gc_disabled,4995,1.2354000009509036
gc_disabled,4996,1.2630000001081498
gc_disabled,4997,1.1888999997609062
gc_disabled,4998,1.3336000010895077
gc_disabled,4999,1.3414000004559057
gc_disabled,5000,1.2618000000657048
gc_disabled,5001,1.264900000023772
gc_disabled,5002,1.2176000000181375
gc_disabled,5003,1.2537000002339482
gc_disabled,5004,1.2671999993472127
gc_disabled,5005,1.2259000013727928
gc_disabled,5006,1.2609999994310783
gc_disabled,5007,1.3140000010025688
gc_disabled,5008,1.2325000006967457
gc_disabled,5009,1.2650999997276813
gc_disabled,5010,1.3629999994009268
gc_disabled,5011,1.3954999994894024
gc_disabled,5012,1.4287000012700446
gc_disabled,5013,1.244199998836848
gc_disabled,5014,1.2071000001014909
gc_disabled,5015,1.2884999996458646
gc_disabled,5016,1.19520000043849
gc_disabled,5017,1.2760999998135958
gc_disabled,5018,1.2028000001009787
gc_disabled,5019,1.250199999049073
gc_disabled,5020,1.4161000017338665
gc_disabled,5021,1.263699999981327
gc_disabled,5022,1.2525000001915032
gc_disabled,5023,1.2210999993840232
gc_disabled,5024,1.2366999999358086
gc_disabled,5025,1.2707999994745478
gc_disabled,5026,1.3099000007059658
gc_disabled,5027,1.2556999990920303
gc_disabled,5028,1.2865999997302424
gc_disabled,5029,1.4143000007607043
gc_disabled,5030,1.3311999991856283
gc_disabled,5031,1.2916999985463917
gc_disabled,5032,1.500599999417318
gc_disabled,5033,1.339999998890562
gc_disabled,5034,1.3366000002861256
gc_disabled,5035,1.2783000001945766
gc_disabled,5036,1.2410999988787808
gc_disabled,5037,1.427299999704701
gc_disabled,5038,1.2833999990107259
gc_disabled,5039,1.240099998540245
gc_disabled,5040,1.2699999988399213
gc_disabled,5041,1.2650999997276813
gc_disabled,5042,1.3087000006635208
gc_disabled,5043,1.2033000002702465
gc_disabled,5044,1.393800001096679
gc_disabled,5045,1.2826999991375487
gc_disabled,5046,1.248200000190991
gc_disabled,5047,1.2235999984113732
gc_disabled,5048,1.2901999998575775
gc_disabled,5049,1.2575000000651926
gc_disabled,5050,1.3005999990127748
gc_disabled,5051,1.288500001464854
gc_disabled,5052,1.2267999991308898
gc_disabled,5053,1.3471000002027722
gc_disabled,5054,1.2694999986706534
gc_disabled,5055,1.2890999987575924
gc_disabled,5056,1.2717999998130836
gc_disabled,5057,1.2349000007816358
gc_disabled,5058,1.3961000004201196
gc_disabled,5059,1.2354000009509036
gc_disabled,5060,1.2895999989268603
gc_disabled,5061,1.274300000659423
gc_disabled,5062,1.2688000006164657
gc_disabled,5063,1.2059000000590459
gc_disabled,5064,1.315599998633843
gc_disabled,5065,1.3049999997747364
gc_disabled,5066,1.2890999987575924
gc_disabled,5067,1.2810000007448252
gc_disabled,5068,1.2573000003612833
gc_disabled,5069,1.2384999990899814
gc_disabled,5070,1.2925999999424675
gc_disabled,5071,1.203699999678065
gc_disabled,5072,1.2614999996003462
gc_disabled,5073,1.2663999987125862
gc_disabled,5074,1.3304000003699912
gc_disabled,5075,1.320299999861163
gc_disabled,5076,1.2415000001055887
gc_disabled,5077,1.2719999995169928
gc_disabled,5078,1.338299998678849
gc_disabled,5079,1.2710000009974465
gc_disabled,5080,1.281599999856553
gc_disabled,5081,1.4370999997481704
gc_disabled,5082,1.307700000324985
gc_disabled,5083,1.2652999994315905
gc_disabled,5084,1.245299999936833
gc_disabled,5085,1.3080999997328036
gc_disabled,5086,1.2272999993001577
gc_disabled,5087,1.2895999989268603
gc_disabled,5088,1.2578999994730111
gc_disabled,5089,1.3615999996545725
gc_disabled,5090,1.2768999986292329
gc_disabled,5091,1.2282999996386934
gc_disabled,5092,1.2334000002738321
gc_disabled,5093,1.2602000006154412
gc_disabled,5094,1.205399999889778
gc_disabled,5095,1.2467000015021767
gc_disabled,5096,1.2360999990050914
gc_disabled,5097,1.2121999989176402
gc_disabled,5098,1.2197000014566584
gc_disabled,5099,1.3472000009642215
gc_disabled,5100,1.2848999995185295
gc_disabled,5101,1.2425000004441245
gc_disabled,5102,1.2330000008660136
gc_disabled,5103,1.2366999999358086
gc_disabled,5104,1.2760999998135958
gc_disabled,5105,1.3312000010046177
gc_disabled,5106,1.2671999993472127
gc_disabled,5107,1.3254000004963018
gc_disabled,5108,1.4305999993666774
gc_disabled,5109,1.2872999996034196
gc_disabled,5110,1.2550000010378426
gc_disabled,5111,1.217999999425956
gc_disabled,5112,1.4324999992822995
gc_disabled,5113,1.5204999999696156
gc_disabled,5114,1.3319999998202547
gc_disabled,5115,1.3135999997757608
gc_disabled,5116,1.3689999996131519
gc_disabled,5117,1.392199999827426
gc_disabled,5118,1.2985999983357033
gc_disabled,5119,1.2764000002789544
gc_disabled,5120,1.2675999987550313
gc_disabled,5121,1.3544000012188917
gc_disabled,5122,1.2991000003239606
gc_disabled,5123,1.2384000001475215
gc_disabled,5124,1.276700000744313
gc_disabled,5125,1.3650000000779983
gc_disabled,5126,1.299999999901047
gc_disabled,5127,1.3027000004512956
gc_disabled,5128,1.3797999999951571
gc_disabled,5129,1.2321000012889272
gc_disabled,5130,1.2907000000268454
gc_disabled,5131,1.2100000003556488
gc_disabled,5132,1.2870999998995103
gc_disabled,5133,1.3548999995691702
gc_disabled,5134,1.2642000001505949
gc_disabled,5135,1.314700000875746
gc_disabled,5136,1.2219000000186497
gc_disabled,5137,1.2638999996852363
gc_disabled,5138,1.2587000001076376
gc_disabled,5139,1.2230000011186348
gc_disabled,5140,1.295899999604444
gc_disabled,5141,1.2554000004456611
gc_disabled,5142,1.2206999999762047
gc_disabled,5143,1.3397000002441928
gc_disabled,5144,1.241799998751958
gc_disabled,5145,1.3225999991846038
gc_disabled,5146,1.2772999998560408
gc_disabled,5147,1.2707000005320879
gc_disabled,5148,1.2002000003121793
gc_disabled,5149,1.2736999997287057
gc_disabled,5150,1.3209000007918803
gc_disabled,5151,1.2900000001536682
gc_disabled,5152,1.27269999939017
gc_disabled,5153,1.2723999989248114
gc_disabled,5154,1.2587000001076376
gc_disabled,5155,1.257600000826642
gc_disabled,5156,1.2335000010352815
gc_disabled,5157,1.3317000011738855
gc_disabled,5158,1.2706999987130985
gc_disabled,5159,1.2394000004860573
gc_disabled,5160,1.2831000003643567
gc_disabled,5161,1.1883000006491784
gc_disabled,5162,1.3550999992730794
gc_disabled,5163,1.284099998883903
gc_disabled,5164,1.3017000001127599
gc_disabled,5165,1.2329999990470242
gc_disabled,5166,1.3079000000288943
gc_disabled,5167,1.2507000010373304
gc_disabled,5168,1.2774000006174902
gc_disabled,5169,1.366099999358994
gc_disabled,5170,1.298700000916142
gc_disabled,5171,1.2554000004456611
gc_disabled,5172,1.2878999987151474
gc_disabled,5173,1.2255000001459848
gc_disabled,5174,1.38399999923422
gc_disabled,5175,1.2956000009580748
gc_disabled,5176,1.3099000007059658
gc_disabled,5177,1.2606000000232598
gc_disabled,5178,1.2248999992152676
gc_disabled,5179,1.2700999996013707
gc_disabled,5180,1.2210000004415633
gc_disabled,5181,1.2841999996453524
gc_disabled,5182,1.2952999986737268
gc_disabled,5183,1.2747000000672415
gc_disabled,5184,1.2088000003132038
gc_disabled,5185,1.3127000001986744
gc_disabled,5186,1.2784999998984858
gc_disabled,5187,1.293400000577094
gc_disabled,5188,1.254700000572484
gc_disabled,5189,1.2537000002339482
gc_disabled,5190,1.31379999947967
gc_disabled,5191,1.2275000008230563
gc_disabled,5192,1.2181999991298653
gc_disabled,5193,1.2974999990547076
gc_disabled,5194,1.2788000003638444
gc_disabled,5195,1.3103000001137843
gc_disabled,5196,1.2234999994689133
gc_disabled,5197,1.226200000019162
gc_disabled,5198,1.388099999530823
gc_disabled,5199,1.271400000405265
gc_disabled,5200,1.2536000012914883
gc_disabled,5201,1.2765000010404037
gc_disabled,5202,1.3213999991421588
gc_disabled,5203,1.2467999986256473
gc_disabled,5204,1.2332000005699228
gc_disabled,5205,1.264800001081312
gc_disabled,5206,1.3402999993559206
gc_disabled,5207,1.3042999999015592
gc_disabled,5208,1.2188000000605825
gc_disabled,5209,1.2340000012045493
gc_disabled,5210,1.3545000001613516
gc_disabled,5211,1.253099999303231
gc_disabled,5212,1.1924999998882413
gc_disabled,5213,1.3828000010107644
gc_disabled,5214,1.2735000000247965
gc_disabled,5215,1.326100000369479
gc_disabled,5216,1.2174999992566882
gc_disabled,5217,1.267300000108662
gc_disabled,5218,1.2456000004021917
gc_disabled,5219,1.257999998415471
gc_disabled,5220,1.2158999998064246
gc_disabled,5221,1.3395000005402835
gc_disabled,5222,1.3359000004129484
gc_disabled,5223,1.247000000148546
gc_disabled,5224,1.269099999262835
gc_disabled,5225,1.2561000003188383
gc_disabled,5226,1.292299999477109
gc_disabled,5227,1.3091999990137992
gc_disabled,5228,1.2548999984574039
gc_disabled,5229,1.2790999990102137
gc_disabled,5230,1.3037000007898314
gc_disabled,5231,1.33790000109002
gc_disabled,5232,1.304800000070827
gc_disabled,5233,1.2295999986235984
gc_disabled,5234,1.2449000005290145
gc_disabled,5235,1.2432999992597615
gc_disabled,5236,1.3300000009621726
gc_disabled,5237,1.217100001667859
gc_disabled,5238,1.2720999984594528
gc_disabled,5239,1.239299999724608
gc_disabled,5240,1.2427999990904937
gc_disabled,5241,1.2831999993068166
gc_disabled,5242,1.2796999999409309
gc_disabled,5243,1.3104999998176936
gc_disabled,5244,1.3006000008317642
gc_disabled,5245,1.2747000000672415
gc_disabled,5246,1.31379999947967
gc_disabled,5247,1.2679999999818392
gc_disabled,5248,1.2876000000687782
gc_disabled,5249,1.2628999993467005
gc_disabled,5250,1.2473999995563645
gc_disabled,5251,1.4443999989453005
gc_disabled,5252,1.2663000015891157
gc_disabled,5253,1.296399999773712
gc_disabled,5254,1.2812999993911944
gc_disabled,5255,1.263699999981327
gc_disabled,5256,1.2329000001045642
gc_disabled,5257,1.358299999992596
gc_disabled,5258,1.3259000006655697
gc_disabled,5259,1.284599999053171
gc_disabled,5260,1.295800000661984
gc_disabled,5261,1.2317000000621192
gc_disabled,5262,1.24129999858269
gc_disabled,5263,1.232299999173847
gc_disabled,5264,1.3290999995660968
gc_disabled,5265,1.3311000002431683
gc_disabled,5266,1.3164999982109293
gc_disabled,5267,1.2913999999000225
gc_disabled,5268,1.302399999985937
gc_disabled,5269,1.2799000014638295
gc_disabled,5270,1.245299999936833
gc_disabled,5271,1.2635000002774177
gc_disabled,5272,1.23399999938556
gc_disabled,5273,1.253000000360771
gc_disabled,5274,1.2688000006164657
gc_disabled,5275,1.30880000142497
gc_disabled,5276,1.315900000918191
gc_disabled,5277,1.2568000001920154
gc_disabled,5278,1.3455999996949686
gc_disabled,5279,1.2955000001966255
gc_disabled,5280,1.3344999988476047
gc_disabled,5281,1.2846999998146202
gc_disabled,5282,1.2677999984589405
gc_disabled,5283,1.2650000007852213
gc_disabled,5284,1.2150000002293382
gc_disabled,5285,1.2947000013809884
gc_disabled,5286,1.287699999011238
gc_disabled,5287,1.2888999990536831
gc_disabled,5288,1.2945999988005497
gc_disabled,5289,1.2357000014162622
gc_disabled,5290,1.3318999990588054
gc_disabled,5291,1.38150000020687
gc_disabled,5292,1.3001999996049562
gc_disabled,5293,1.258399999642279
gc_disabled,5294,1.2260999992577126
gc_disabled,5295,1.332699999693432
gc_disabled,5296,1.3779999990219949
gc_disabled,5297,1.2737999986711657
gc_disabled,5298,1.2538999999378575
gc_disabled,5299,1.289800000449759
gc_disabled,5300,1.3135999997757608
gc_disabled,5301,1.5423999993799953
gc_disabled,5302,1.247799998964183
gc_disabled,5303,1.3722000003326684
gc_disabled,5304,1.2814999990951037
gc_disabled,5305,1.2112000003980938
gc_disabled,5306,1.220399999510846
gc_disabled,5307,1.3451999984681606
gc_disabled,5308,1.2443000014172867
gc_disabled,5309,1.2444000003597466
gc_disabled,5310,1.3336000010895077
gc_disabled,5311,1.249300001290976
gc_disabled,5312,1.304899999013287
gc_disabled,5313,1.2647000003198627
gc_disabled,5314,1.231000000188942
gc_disabled,5315,1.412499999787542
gc_disabled,5316,1.3109999999869615
gc_disabled,5317,1.3216000006650575
gc_disabled,5318,1.253099999303231
gc_disabled,5319,1.3159999998606509
gc_disabled,5320,1.271499999347725
gc_disabled,5321,2.025899999352987
gc_disabled,5322,1.5416999995068181
gc_disabled,5323,1.8750999988697004
gc_disabled,5324,1.395000001139124
gc_disabled,5325,1.27269999939017
gc_disabled,5326,1.2865999997302424
gc_disabled,5327,1.2420000002748566
gc_disabled,5328,1.211499999044463
gc_disabled,5329,1.3192000005801674
gc_disabled,5330,1.3002999985474162
gc_disabled,5331,1.218400000652764
gc_disabled,5332,1.2772999998560408
gc_disabled,5333,1.2040000001434237
gc_disabled,5334,1.2918000011268305
gc_disabled,5335,1.2652000004891306
gc_disabled,5336,1.2956999999005347
gc_disabled,5337,1.320700001087971
gc_disabled,5338,1.2585000004037283
gc_disabled,5339,1.330900000539259
gc_disabled,5340,1.3218000003689667
gc_disabled,5341,1.2793000005331123
gc_disabled,5342,1.2434999989636708
gc_disabled,5343,1.3741999991907505
gc_disabled,5344,1.4026000008016126
gc_disabled,5345,1.3111000007484108
gc_disabled,5346,1.2598000012076227
gc_disabled,5347,1.2682000015047379
gc_disabled,5348,1.5207999986159848
gc_disabled,5349,1.4907000004313886
gc_disabled,5350,1.2948000003234483
gc_disabled,5351,1.2907000000268454
gc_disabled,5352,1.220800000737654
gc_disabled,5353,1.2525000001915032
gc_disabled,5354,1.2607000007847091
gc_disabled,5355,1.2361000008240808
gc_disabled,5356,1.290500000322936
gc_disabled,5357,1.2439000001904787
gc_disabled,5358,1.239299999724608
gc_disabled,5359,1.2554000004456611
gc_disabled,5360,1.360299998850678
gc_disabled,5361,1.2877999997726874
gc_disabled,5362,1.358700001219404
gc_disabled,5363,1.242899999851943
gc_disabled,5364,1.266500001293025
gc_disabled,5365,1.282799999898998
gc_disabled,5366,1.2980000010429649
gc_disabled,5367,1.2927999996463768
gc_disabled,5368,1.2386999987938907
gc_disabled,5369,1.2252000014996156
gc_disabled,5370,1.3061000008747214
gc_disabled,5371,1.2403999990056036
gc_disabled,5372,1.2528999995993217
gc_disabled,5373,1.2544999990495853
gc_disabled,5374,1.261999999769614
gc_disabled,5375,1.2468999993870966
gc_disabled,5376,1.2231999990035547
gc_disabled,5377,1.2301999995543156
gc_disabled,5378,1.2502000008680625
gc_disabled,5379,1.346900000498863
gc_disabled,5380,1.3276999998197425
gc_disabled,5381,1.271900000574533
gc_disabled,5382,1.23879999955534
gc_disabled,5383,1.5471999995497754
gc_disabled,5384,1.4052999995328719
gc_disabled,5385,1.3003000003664056
gc_disabled,5386,1.24129999858269
gc_disabled,5387,1.248100001248531
gc_disabled,5388,1.4856999987387098
gc_disabled,5389,1.367200000458979
gc_disabled,5390,1.4912000006006565
gc_disabled,5391,1.2944999998580897
gc_disabled,5392,1.30410000019765
gc_disabled,5393,1.3393999997788342
gc_disabled,5394,1.2521999997261446
gc_disabled,5395,1.2813000012101838
gc_disabled,5396,1.2870999998995103
gc_disabled,5397,1.22910000027332
gc_disabled,5398,1.2977999995200662
gc_disabled,5399,1.2454000006982824
gc_disabled,5400,1.2790000000677537
gc_disabled,5401,1.3136999987182207
gc_disabled,5402,1.2357000014162622
gc_disabled,5403,1.3429999999061693
gc_disabled,5404,1.278699999602395
gc_disabled,5405,1.2902999988000374
gc_disabled,5406,1.3218000003689667
gc_disabled,5407,1.3151000002835644
gc_disabled,5408,1.3189000001148088
gc_disabled,5409,1.4948000007279916
gc_disabled,5410,1.2664000005315756
gc_disabled,5411,1.364399999147281
gc_disabled,5412,1.26780000027793
gc_disabled,5413,1.3364999995246762
gc_disabled,5414,1.2563999989652075
gc_disabled,5415,1.2801999982912093
gc_disabled,5416,1.2778000000253087
gc_disabled,5417,1.2843999993492616
gc_disabled,5418,1.2456999993446516
gc_disabled,5419,1.2733000003208872
gc_disabled,5420,1.2435000007826602
gc_disabled,5421,1.3459999991027871
gc_disabled,5422,1.3400999996520113
gc_disabled,5423,1.2529000014183111
gc_disabled,5424,1.2695000004896428
gc_disabled,5425,1.2651000015466707
gc_disabled,5426,1.3867999987269286
gc_disabled,5427,1.501000000644126
gc_disabled,5428,1.3018999998166692
gc_disabled,5429,1.438199999029166
gc_disabled,5430,1.331400000708527
gc_disabled,5431,1.5619999994669342
gc_disabled,5432,1.3294999989739154
gc_disabled,5433,1.2098000006517395
gc_disabled,5434,1.2721000002784422
gc_disabled,5435,1.2405999987095129
gc_disabled,5436,1.276799999686773
gc_disabled,5437,1.2308000004850328
gc_disabled,5438,1.2198000003991183
gc_disabled,5439,1.2329000001045642
gc_disabled,5440,1.2646999985008733
gc_disabled,5441,1.2618000000657048
gc_disabled,5442,1.2229000003571855
gc_disabled,5443,1.263699999981327
gc_disabled,5444,1.249400000233436
gc_disabled,5445,1.2848999995185295
gc_disabled,5446,1.3193999984650873
gc_disabled,5447,1.2579000012920005
gc_disabled,5448,1.2771999990945915
gc_disabled,5449,1.2335999999777414
gc_disabled,5450,1.313099999606493
gc_disabled,5451,1.3241000015113968
gc_disabled,5452,1.2900000001536682
gc_disabled,5453,1.3466000000335043
gc_disabled,5454,1.2277000005269656
gc_disabled,5455,1.2750000005326
gc_disabled,5456,1.248200000190991
gc_disabled,5457,1.227400000061607
gc_disabled,5458,1.2456000004021917
gc_disabled,5459,1.2927000007039169
gc_disabled,5460,1.3259000006655697
gc_disabled,5461,1.2311999998928513
gc_disabled,5462,1.258399999642279
gc_disabled,5463,1.3307999997778097
gc_disabled,5464,1.258800000869087
gc_disabled,5465,1.2418999995134072
gc_disabled,5466,1.2303999992582249
gc_disabled,5467,1.349300000583753
gc_disabled,5468,1.3127000001986744
gc_disabled,5469,1.2868999983766116
gc_disabled,5470,1.280899999983376
gc_disabled,5471,1.3592999985121423
gc_disabled,5472,1.261299999896437
gc_disabled,5473,1.2554000004456611
gc_disabled,5474,1.404000000547967
gc_disabled,5475,1.2974999990547076
gc_disabled,5476,1.4830000000074506
gc_disabled,5477,1.3106999995216029
gc_disabled,5478,1.2682999986282084
gc_disabled,5479,1.2676999995164806
gc_disabled,5480,1.2607000007847091
gc_disabled,5481,1.3020000005781185
gc_disabled,5482,1.2176000000181375
gc_disabled,5483,1.2883000017609447
gc_disabled,5484,1.2655999998969492
gc_disabled,5485,1.2647999992623227
gc_disabled,5486,1.2658999985433184
gc_disabled,5487,1.5567000009468757
gc_disabled,5488,1.3010000002395827
gc_disabled,5489,1.2435000007826602
gc_disabled,5490,1.3269999999465654
gc_disabled,5491,1.3094999994791579
gc_disabled,5492,1.2824000004911795
gc_disabled,5493,1.3054999999440042
gc_disabled,5494,1.3339999986783369
gc_disabled,5495,1.266199999008677
gc_disabled,5496,1.2695000004896428
gc_disabled,5497,1.2745999993057922
gc_disabled,5498,1.284500000110711
gc_disabled,5499,1.2137000012444332
gc_disabled,5500,1.4843999997538049
gc_disabled,5501,1.2710999999399064
gc_disabled,5502,1.2526999998954125
gc_disabled,5503,1.24369999866758
gc_disabled,5504,1.224599998749909
gc_disabled,5505,1.2686999998550164
gc_disabled,5506,1.2513999990915181
gc_disabled,5507,1.2919000000692904
gc_disabled,5508,1.2434999989636708
gc_disabled,5509,1.2335999999777414
gc_disabled,5510,1.2514999998529674
gc_disabled,5511,1.264499998796964
gc_disabled,5512,1.318399999945541
gc_disabled,5513,1.2268000009498792
gc_disabled,5514,1.2616999993042555
gc_disabled,5515,1.3877999990654644
gc_disabled,5516,1.256400000784197
gc_disabled,5517,1.3886999986425508
gc_disabled,5518,1.251899999260786
gc_disabled,5519,1.2872999996034196
gc_disabled,5520,1.3905000014347024
gc_disabled,5521,1.290500000322936
gc_disabled,5522,1.305300000240095
gc_disabled,5523,1.4805999999225605
gc_disabled,5524,1.2409999999363208
gc_disabled,5525,1.2548000013339333
gc_disabled,5526,1.2540999996417668
gc_disabled,5527,1.2566000004881062
gc_disabled,5528,1.2348000000201864
gc_disabled,5529,1.3204999995650724
gc_disabled,5530,1.7311999999947147
gc_disabled,5531,1.2206999999762047
gc_disabled,5532,1.2752000002365094
gc_disabled,5533,1.3188000011723489
gc_disabled,5534,1.2592999992193654
gc_disabled,5535,1.4477000004262663
gc_disabled,5536,1.3397000002441928
gc_disabled,5537,1.227300001119147
gc_disabled,5538,1.3591999995696824
gc_disabled,5539,1.4195999992807629
gc_disabled,5540,1.266600000235485
gc_disabled,5541,1.3367999999900348
gc_disabled,5542,1.2333999984548427
gc_disabled,5543,1.256699999430566
gc_disabled,5544,1.2236000002303626
gc_disabled,5545,1.186599998618476
gc_disabled,5546,1.286800001253141
gc_disabled,5547,1.2463999992178287
gc_disabled,5548,1.5117000002646819
gc_disabled,5549,1.4844999986962648
gc_disabled,5550,1.564199999847915
gc_disabled,5551,1.2824999994336395
gc_disabled,5552,1.3288999998621875
gc_disabled,5553,1.3357000007090392
gc_disabled,5554,1.2902999988000374
gc_disabled,5555,1.2402000011206837
gc_disabled,5556,1.2532999990071403
gc_disabled,5557,1.3152999999874737
gc_disabled,5558,1.4025999989826232
gc_disabled,5559,1.395700001012301
gc_disabled,5560,1.3976999998703832
gc_disabled,5561,1.3287000001582783
gc_disabled,5562,1.264900000023772
gc_disabled,5563,1.5769000001455424
gc_disabled,5564,1.3342000002012355
gc_disabled,5565,1.2717000008706236
gc_disabled,5566,1.2769999993906822
gc_disabled,5567,1.2449000005290145
gc_disabled,5568,1.2260999992577126
gc_disabled,5569,1.3146000001142966
gc_disabled,5570,1.2725000015052501
gc_disabled,5571,1.2513000001490582
gc_disabled,5572,1.2513000001490582
gc_disabled,5573,1.2533999997685896
gc_disabled,5574,1.2495999999373453
gc_disabled,5575,1.244099999894388
gc_disabled,5576,1.2684000012086472
gc_disabled,5577,1.2496999988798052
gc_disabled,5578,1.285299998926348
gc_disabled,5579,1.2772999998560408
gc_disabled,5580,1.3378999992710305
gc_disabled,5581,1.2976999987586169
gc_disabled,5582,1.356599999780883
gc_disabled,5583,1.2372000001050765
gc_disabled,5584,1.1902999995072605
gc_disabled,5585,1.2831000003643567
gc_disabled,5586,1.224900001034257
gc_disabled,5587,1.3521000000764616
gc_disabled,5588,1.2897999986307696
gc_disabled,5589,1.2664999994740356
gc_disabled,5590,1.3006999997742241
gc_disabled,5591,1.2950000000273576
gc_disabled,5592,1.3223000005382346
gc_disabled,5593,1.2592999992193654
gc_disabled,5594,1.395700001012301
gc_disabled,5595,1.3109999999869615
gc_disabled,5596,1.271400000405265
gc_disabled,5597,1.2292999999772292
gc_disabled,5598,1.2233000015839934
gc_disabled,5599,1.4298999994935002
gc_disabled,5600,1.2997000012546778
gc_disabled,5601,1.285700000153156
gc_disabled,5602,1.2970000007044291
gc_disabled,5603,1.3405999998212792
gc_disabled,5604,1.3298000012582634
gc_disabled,5605,1.2229999992996454
gc_disabled,5606,1.2736999997287057
gc_disabled,5607,1.4097000002948334
gc_disabled,5608,1.2788999993063044
gc_disabled,5609,1.23630000052799
gc_disabled,5610,1.2802000001101987
gc_disabled,5611,1.2466000007407274
gc_disabled,5612,1.2308999994274927
gc_disabled,5613,1.2346000003162771
gc_disabled,5614,1.2509000007412396
gc_disabled,5615,1.2305000000196742
gc_disabled,5616,1.3266999994812068
gc_disabled,5617,1.2288999987504212
gc_disabled,5618,1.332999998339801
gc_disabled,5619,1.2577000015880913
gc_disabled,5620,1.2592000002769055
gc_disabled,5621,1.2925999999424675
gc_disabled,5622,1.2401999993016943
gc_disabled,5623,1.3199999993958045
gc_disabled,5624,1.2925999999424675
gc_disabled,5625,1.4336000003822846
gc_disabled,5626,1.2209000014991034
gc_disabled,5627,1.2772999998560408
gc_disabled,5628,1.1775000002671732
gc_disabled,5629,1.2588999998115469
gc_disabled,5630,1.2965000005351612
gc_disabled,5631,1.19520000043849
gc_disabled,5632,1.2606999989657197
gc_disabled,5633,1.210700000228826
gc_disabled,5634,1.212699999086908
gc_disabled,5635,1.2490000008256175
gc_disabled,5636,1.244899998710025
gc_disabled,5637,1.2489000000641681
gc_disabled,5638,1.311899999564048
gc_disabled,5639,1.319099999818718
gc_disabled,5640,1.2936000002810033
gc_disabled,5641,1.263699999981327
gc_disabled,5642,1.2765000010404037
gc_disabled,5643,1.205800001116586
gc_disabled,5644,1.335099999778322
gc_disabled,5645,1.2483999998949002
gc_disabled,5646,1.223299999765004
gc_disabled,5647,1.360000000204309
gc_disabled,5648,1.368400000501424
gc_disabled,5649,1.2864000000263331
gc_disabled,5650,1.2670000014622929
gc_disabled,5651,1.315400000748923
gc_disabled,5652,1.302399999985937
gc_disabled,5653,1.2485999995988095
gc_disabled,5654,1.2391999989631586
gc_disabled,5655,1.2128999987908173
gc_disabled,5656,1.2095999991288409
gc_disabled,5657,1.2222999994264683
gc_disabled,5658,1.2406999994709622
gc_disabled,5659,1.2647000003198627
gc_disabled,5660,1.2979000002815155
gc_disabled,5661,1.2842000014643418
gc_disabled,5662,1.2788999993063044
gc_disabled,5663,1.3456999986374285
gc_disabled,5664,1.247400001375354
gc_disabled,5665,1.2079000007361174
gc_disabled,5666,1.2205000002722954
gc_disabled,5667,1.2478999997256324
gc_disabled,5668,1.3168999994377373
gc_disabled,5669,1.3223000005382346
gc_disabled,5670,1.2814000001526438
gc_disabled,5671,1.373799999782932
gc_disabled,5672,1.2134999997215346
gc_disabled,5673,1.2205999992147554
gc_disabled,5674,1.2598000012076227
gc_disabled,5675,1.222199998665019
gc_disabled,5676,1.2833999990107259
gc_disabled,5677,1.241699999809498
gc_disabled,5678,1.2194999999337597
gc_disabled,5679,1.2367999988782685
gc_disabled,5680,1.2710999999399064
gc_disabled,5681,1.2185000014142133
gc_disabled,5682,1.20249999963562
gc_disabled,5683,1.3272999985929346
gc_disabled,5684,1.2270000006537884
gc_disabled,5685,1.2996000004932284
gc_disabled,5686,1.326500001596287
gc_disabled,5687,1.2676999995164806
gc_disabled,5688,1.2919000000692904
gc_disabled,5689,1.2667999999393942
gc_disabled,5690,1.358399998935056
gc_disabled,5691,1.2495000009948853
gc_disabled,5692,1.409599999533384
gc_disabled,5693,1.2373000008665258
gc_disabled,5694,1.2317000000621192
gc_disabled,5695,1.4264000001276145
gc_disabled,5696,1.3937000003352296
gc_disabled,5697,1.2589999987540068
gc_disabled,5698,1.2581000009959098
gc_disabled,5699,1.2652999994315905
gc_disabled,5700,1.2796999999409309
gc_disabled,5701,1.2136000004829839
gc_disabled,5702,1.2243000001035398
gc_disabled,5703,1.2256000009074342
gc_disabled,5704,1.2112000003980938
gc_disabled,5705,1.2724999996862607
gc_disabled,5706,1.251800000318326
gc_disabled,5707,1.3158000001567416
gc_disabled,5708,1.2586000011651777
gc_disabled,5709,1.3329000012163306
gc_disabled,5710,1.3472000009642215
gc_disabled,5711,1.2626000007003313
gc_disabled,5712,1.363600000331644
gc_disabled,5713,1.3271999996504746
gc_disabled,5714,1.3775999996141763
gc_disabled,5715,1.2253000004420755
gc_disabled,5716,1.2338999986241106
gc_disabled,5717,1.2978000013390556
gc_disabled,5718,1.2739000012516044
gc_disabled,5719,1.2652999994315905
gc_disabled,5720,1.239299999724608
gc_disabled,5721,1.2526999998954125
gc_disabled,5722,1.257100000657374
gc_disabled,5723,1.202999999804888
gc_disabled,5724,1.2532000000646804
gc_disabled,5725,1.2740999991365243
gc_disabled,5726,1.2744999985443428
gc_disabled,5727,1.2692000000242842
gc_disabled,5728,1.254299999345676
gc_disabled,5729,1.2932999998156447
gc_disabled,5730,1.30899999930989
gc_disabled,5731,1.243300001078751
gc_disabled,5732,1.2715999982901849
gc_disabled,5733,1.3523999987228308
gc_disabled,5734,1.2105999994673766
gc_disabled,5735,1.2340000012045493
gc_disabled,5736,1.2652999994315905
gc_disabled,5737,1.351799999611103
gc_disabled,5738,1.3405000008788193
gc_disabled,5739,1.3784999991912628
gc_disabled,5740,1.2944000009156298
gc_disabled,5741,1.437499999155989
gc_disabled,5742,1.2884999996458646
gc_disabled,5743,1.2728000001516193
gc_disabled,5744,1.2748999997711508
gc_disabled,5745,1.2611999991349876
gc_disabled,5746,1.3287999991007382
gc_disabled,5747,1.3128000009601237
gc_disabled,5748,1.2941999993927311
gc_disabled,5749,1.30410000019765
gc_disabled,5750,1.2676999995164806
gc_disabled,5751,1.2342999998509185
gc_disabled,5752,1.2382999993860722
gc_disabled,5753,1.2258999995538034
gc_disabled,5754,1.2341999990894692
gc_disabled,5755,1.3628999986394774
gc_disabled,5756,1.268500000151107
gc_disabled,5757,1.4535999998770421
gc_disabled,5758,1.3230000004114117
gc_disabled,5759,1.2557999998534797
gc_disabled,5760,1.2740000001940643
gc_disabled,5761,1.261200000953977
gc_disabled,5762,1.19769999946584
gc_disabled,5763,1.2272000003576977
gc_disabled,5764,1.310600000579143
gc_disabled,5765,1.256400000784197
gc_disabled,5766,1.2321000012889272
gc_disabled,5767,1.2284000004001427
gc_disabled,5768,1.244600000063656
gc_disabled,5769,1.2778000000253087
gc_disabled,5770,1.2394999994285172
gc_disabled,5771,1.2705999997706385
gc_disabled,5772,1.2949000010848977
gc_disabled,5773,1.2623000002349727
gc_disabled,5774,1.3086999988445314
gc_disabled,5775,1.2295999986235984
gc_disabled,5776,1.305399999182555
gc_disabled,5777,1.3192999995226273
gc_disabled,5778,1.2764000002789544
gc_disabled,5779,1.271400000405265
gc_disabled,5780,1.2781999994331272
gc_disabled,5781,1.4200999994500307
gc_disabled,5782,1.3389000014285557
gc_disabled,5783,1.4324999992822995
gc_disabled,5784,1.3302999996085418
gc_disabled,5785,1.3897999997425359
gc_disabled,5786,1.2355999988358235
gc_disabled,5787,1.2425000004441245
gc_disabled,5788,1.266100000066217
gc_disabled,5789,1.280800001040916
gc_disabled,5790,1.2423000007402152
gc_disabled,5791,1.2943000001541805
gc_disabled,5792,1.228699999046512
gc_disabled,5793,1.3985999994474696
gc_disabled,5794,1.2851000010414282
gc_disabled,5795,1.297599999816157
gc_disabled,5796,1.2599999990925426
gc_disabled,5797,1.267399999051122
gc_disabled,5798,1.5229999989969656
gc_disabled,5799,1.297199998589349
gc_disabled,5800,1.2853000007453375
gc_disabled,5801,1.2341999990894692
gc_disabled,5802,1.3242000004538568
gc_disabled,5803,1.3233999998192303
gc_disabled,5804,1.2703000011242693
gc_disabled,5805,1.2716999990516342
gc_disabled,5806,1.23870000061288
gc_disabled,5807,1.2752999991789693
gc_disabled,5808,1.3548000006267102
gc_disabled,5809,1.2800999993487494
gc_disabled,5810,1.282100000025821
gc_disabled,5811,1.2405000015860423
gc_disabled,5812,1.2083999990863958
gc_disabled,5813,1.2799000014638295
gc_disabled,5814,1.6765999989729607
gc_disabled,5815,1.4338999990286538
gc_disabled,5816,1.2460999987524701
gc_disabled,5817,1.3087000006635208
gc_disabled,5818,1.292200000534649
gc_disabled,5819,1.2418000005709473
gc_disabled,5820,1.2650999997276813
gc_disabled,5821,1.3727000005019363
gc_disabled,5822,1.2140999988332624
gc_disabled,5823,1.2301000006118556
gc_disabled,5824,1.2650999997276813
gc_disabled,5825,1.3094999994791579
gc_disabled,5826,1.3781999987259042
gc_disabled,5827,1.2679000010393793
gc_disabled,5828,1.3697000013053184
gc_disabled,5829,1.3846000001649372
gc_disabled,5830,1.2870000009570504
gc_disabled,5831,1.2606000000232598
gc_disabled,5832,1.2713999985862756
gc_disabled,5833,1.216000000567874
gc_disabled,5834,1.2228000014147256
gc_disabled,5835,1.2401999993016943
gc_disabled,5836,1.2657000006583985
gc_disabled,5837,1.2800999993487494
gc_disabled,5838,1.285700000153156
gc_disabled,5839,1.2447999997675652
gc_disabled,5840,1.4525000005960464
gc_disabled,5841,1.3700999988941476
gc_disabled,5842,1.2735999989672564
gc_disabled,5843,1.2955999991390854
gc_disabled,5844,1.2499999993451638
gc_disabled,5845,1.310600000579143
gc_disabled,5846,1.3355999999475898
gc_disabled,5847,1.339999998890562
gc_disabled,5848,1.2516000006144168
gc_disabled,5849,1.3170000001991866
gc_disabled,5850,1.2507999999797903
gc_disabled,5851,1.2569999998959247
gc_disabled,5852,1.2805999995180173
gc_disabled,5853,1.2270999995962484
gc_disabled,5854,1.305300000240095
gc_disabled,5855,1.2251999996806262
gc_disabled,5856,1.2372999990475364
gc_disabled,5857,1.3572000007116003
gc_disabled,5858,1.277999999729218
gc_disabled,5859,1.3538999992306344
gc_disabled,5860,1.2635000002774177
gc_disabled,5861,1.3433999993139878
gc_disabled,5862,1.2659999993047677
gc_disabled,5863,1.297599999816157
gc_disabled,5864,1.2337999996816507
gc_disabled,5865,1.279199999771663
gc_disabled,5866,1.2604000003193505
gc_disabled,5867,1.4250999993237201
gc_disabled,5868,1.2435999997251201
gc_disabled,5869,1.443900000595022
gc_disabled,5870,1.326100000369479
gc_disabled,5871,1.3304000003699912
gc_disabled,5872,1.3622000005852897
gc_disabled,5873,1.3830999996571336
gc_disabled,5874,1.281599999856553
gc_disabled,5875,1.2628000004042406
gc_disabled,5876,1.2812999993911944
gc_disabled,5877,1.2540000006993068
gc_disabled,5878,1.2814000001526438
gc_disabled,5879,1.247700000021723
gc_disabled,5880,1.4651000001322245
gc_disabled,5881,1.260799999727169
gc_disabled,5882,1.2662999997701263
gc_disabled,5883,1.2516000006144168
gc_disabled,5884,1.548700000057579
gc_disabled,5885,1.2686000009125564
gc_disabled,5886,1.2353000001894543
gc_disabled,5887,1.2575000000651926
gc_disabled,5888,1.384300001518568
gc_disabled,5889,1.3515999999071937
gc_disabled,5890,1.246599998921738
gc_disabled,5891,1.2991000003239606
gc_disabled,5892,1.2193000002298504
gc_disabled,5893,1.285299998926348
gc_disabled,5894,1.251100000445149
gc_disabled,5895,1.254700000572484
gc_disabled,5896,1.4496000003418885
gc_disabled,5897,1.2972999993507983
gc_disabled,5898,1.2176999989605974
gc_disabled,5899,1.3015000004088506
gc_disabled,5900,1.2655000009544892
gc_disabled,5901,1.2821999989682809
gc_disabled,5902,1.2086999995517544
gc_disabled,5903,1.2461999995139195
gc_disabled,5904,1.2007000004814472
gc_disabled,5905,1.45419999898877
gc_disabled,5906,1.3226999999460531
gc_disabled,5907,1.2618000000657048
gc_disabled,5908,1.2937999999849126
gc_disabled,5909,1.2432999992597615
gc_disabled,5910,1.3022000002820278
gc_disabled,5911,1.2329000001045642
gc_disabled,5912,1.2311999998928513
gc_disabled,5913,1.4136000008875271
gc_disabled,5914,1.4025000000401633
gc_disabled,5915,1.3780000008409843
gc_disabled,5916,1.3407000005827285
gc_disabled,5917,1.322000000072876
gc_disabled,5918,1.2597000004461734
gc_disabled,5919,1.3514000002032844
gc_disabled,5920,1.2810999996872852
gc_disabled,5921,1.3290000006236369
gc_disabled,5922,1.2447999997675652
gc_disabled,5923,1.389299999573268
gc_disabled,5924,1.258399999642279
gc_disabled,5925,1.2703000011242693
gc_disabled,5926,1.22910000027332
gc_disabled,5927,1.2408999991748715
gc_disabled,5928,1.2781999994331272
gc_disabled,5929,1.2961000011273427
gc_disabled,5930,1.30890000036743
gc_disabled,5931,1.296699998420081
gc_disabled,5932,1.2615999985428061
gc_disabled,5933,1.377900000079535
gc_disabled,5934,1.2419000013323966
gc_disabled,5935,1.30899999930989
gc_disabled,5936,1.2614999996003462
gc_disabled,5937,1.380300000164425
gc_disabled,5938,1.2799000014638295
gc_disabled,5939,1.3254000004963018
gc_disabled,5940,1.319500001045526
gc_disabled,5941,1.3431000006676186
gc_disabled,5942,1.3393000008363742
gc_disabled,5943,1.289800000449759
gc_disabled,5944,1.262099998712074
gc_disabled,5945,1.2662999997701263
gc_disabled,5946,1.2915999996039318
gc_disabled,5947,1.2875000011263182
gc_disabled,5948,1.2688999995589256
gc_disabled,5949,1.3811000007990515
gc_disabled,5950,1.3044000006630085
gc_disabled,5951,1.2693000007857336
gc_disabled,5952,1.2462000013329089
gc_disabled,5953,2.22109999958775
gc_disabled,5954,2.4330000014742836
gc_disabled,5955,1.844300000811927
gc_disabled,5956,1.6429999996034894
gc_disabled,5957,1.3890999998693587
gc_disabled,5958,1.41050000092946
gc_disabled,5959,1.284599999053171
gc_disabled,5960,1.2864000000263331
gc_disabled,5961,1.3349000000744127
gc_disabled,5962,1.2769000004482223
gc_disabled,5963,1.3091000000713393
gc_disabled,5964,1.2765999999828637
gc_disabled,5965,1.3901000002078945
gc_disabled,5966,1.2945999988005497
gc_disabled,5967,1.3942000005044974
gc_disabled,5968,1.2858000009146053
gc_disabled,5969,1.1998999998468207
gc_disabled,5970,1.2674999998125713
gc_disabled,5971,1.334699998551514
gc_disabled,5972,1.283300000068266
gc_disabled,5973,1.2944999998580897
gc_disabled,5974,1.326899999185116
gc_disabled,5975,1.2210000004415633
gc_disabled,5976,1.3260999985504895
gc_disabled,5977,1.2302999984967755
gc_disabled,5978,1.2401999993016943
gc_disabled,5979,1.247700000021723
gc_disabled,5980,1.261200000953977
gc_disabled,5981,1.2040000001434237
gc_disabled,5982,1.2695000004896428
gc_disabled,5983,1.222500000949367
gc_disabled,5984,1.2537000002339482
gc_disabled,5985,1.3103000001137843
gc_disabled,5986,1.266199999008677
gc_disabled,5987,1.3100999985908857
gc_disabled,5988,1.3051999994786456
gc_disabled,5989,1.3008000005356735
gc_disabled,5990,1.2741000009555137
gc_disabled,5991,1.266199999008677
gc_disabled,5992,1.3989999988552881
gc_disabled,5993,1.3201000001572538
gc_disabled,5994,1.2234000005264534
gc_disabled,5995,1.2972999993507983
gc_disabled,5996,1.2385000009089708
gc_disabled,5997,1.2894000010419404
gc_disabled,5998,1.3120000003254972
gc_disabled,5999,1.2620000015886035
gc_disabled,6000,1.3598999994428596
gc_disabled,6001,1.3872999988961965
gc_disabled,6002,1.4676999999210238
gc_disabled,6003,1.3781999987259042
gc_disabled,6004,1.2646000013774028
gc_disabled,6005,1.3280000002851011
gc_disabled,6006,1.2556000001495704
gc_disabled,6007,1.2436000015441095
gc_disabled,6008,1.2141999995947117
gc_disabled,6009,1.3371999993978534
gc_disabled,6010,1.3189000001148088
gc_disabled,6011,1.333800000793417
gc_disabled,6012,1.2475000003178138
gc_disabled,6013,1.2437000004865695
gc_disabled,6014,1.4098999999987427
gc_disabled,6015,1.247700000021723
gc_disabled,6016,1.3194000002840767
gc_disabled,6017,1.2399000006553251
gc_disabled,6018,1.247799998964183
gc_disabled,6019,1.2411000006977702
gc_disabled,6020,1.3373999991017627
gc_disabled,6021,1.271499999347725
gc_disabled,6022,1.2831000003643567
gc_disabled,6023,1.2669000007008435
gc_disabled,6024,1.2062999994668644
gc_disabled,6025,1.2716000001091743
gc_disabled,6026,1.2517999984993367
gc_disabled,6027,1.2384999990899814
gc_disabled,6028,1.2772999998560408
gc_disabled,6029,1.2126000001444481
gc_disabled,6030,1.2657999996008584
gc_disabled,6031,1.266100000066217
gc_disabled,6032,1.203799998620525
gc_disabled,6033,1.4615000000048894
gc_disabled,6034,1.3196999989304459
gc_disabled,6035,1.258399999642279
gc_disabled,6036,1.2997999983781483
gc_disabled,6037,1.2710999999399064
gc_disabled,6038,1.2159999987488845
gc_disabled,6039,1.2533999997685896
gc_disabled,6040,1.26780000027793
gc_disabled,6041,1.2912999991385732
gc_disabled,6042,1.2741999998979736
gc_disabled,6043,1.229800000146497
gc_disabled,6044,1.2521999997261446
gc_disabled,6045,1.4341000005515525
gc_disabled,6046,1.3042999999015592
gc_disabled,6047,1.2972000004083384
gc_disabled,6048,1.2899000012112083
gc_disabled,6049,1.3051000005361857
gc_disabled,6050,1.2606000000232598
gc_disabled,6051,1.2162000002717832
gc_disabled,6052,1.3008000005356735
gc_disabled,6053,1.2877999997726874
gc_disabled,6054,1.2334000002738321
gc_disabled,6055,1.2492000005295267
gc_disabled,6056,1.3323000002856134
gc_disabled,6057,1.4560999989043921
gc_disabled,6058,1.2924000002385583
gc_disabled,6059,1.2599000001500826
gc_disabled,6060,1.3617999993584817
gc_disabled,6061,1.2365000002318993
gc_disabled,6062,1.2454000006982824
gc_disabled,6063,1.4370999997481704
gc_disabled,6064,1.2240000014571706
gc_disabled,6065,1.2483999998949002
gc_disabled,6066,1.2967999991815304
gc_disabled,6067,1.2091000007785624
gc_disabled,6068,1.2258000006113434
gc_disabled,6069,1.284400001168251
gc_disabled,6070,1.261299999896437
gc_disabled,6071,1.2747000000672415
gc_disabled,6072,1.321900001130416
gc_disabled,6073,1.2496999988798052
gc_disabled,6074,1.2882999999419553
gc_disabled,6075,1.2788999993063044
gc_disabled,6076,1.2533000008261297
gc_disabled,6077,1.2452000009943731
gc_disabled,6078,1.253000000360771
gc_disabled,6079,1.3201000001572538
gc_disabled,6080,1.4179999998304993
gc_disabled,6081,1.2974999990547076
gc_disabled,6082,1.3026999986323062
gc_disabled,6083,1.225699999849894
gc_disabled,6084,1.2525999991339631
gc_disabled,6085,1.2688999995589256
gc_disabled,6086,1.2819000003219116
gc_disabled,6087,1.2605000010807998
gc_disabled,6088,1.2611000001925277
gc_disabled,6089,1.5198999990388984
gc_disabled,6090,1.3609999987238552
gc_disabled,6091,1.2426999983290443
gc_disabled,6092,1.244899998710025
gc_disabled,6093,1.3438999994832557
gc_disabled,6094,1.2401999993016943
gc_disabled,6095,1.2332999995123828
gc_disabled,6096,1.3378999992710305
gc_disabled,6097,1.2544000001071254
gc_disabled,6098,1.2597000004461734
gc_disabled,6099,1.3056999996479135
gc_disabled,6100,1.3094999994791579
gc_disabled,6101,1.2468000004446367
gc_disabled,6102,1.1945000005653128
gc_disabled,6103,1.351299999441835
gc_disabled,6104,1.3641000005009118
gc_disabled,6105,1.2621000005310634
gc_disabled,6106,1.3364000005822163
gc_disabled,6107,1.348899999356945
gc_disabled,6108,1.2354999998933636
gc_disabled,6109,1.2891000005765818
gc_disabled,6110,1.3407999995251885
gc_disabled,6111,1.2098999995941995
gc_disabled,6112,1.235600000654813
gc_disabled,6113,1.2513999990915181
gc_disabled,6114,1.2260000003152527
gc_disabled,6115,1.261999999769614
gc_disabled,6116,1.218499999595224
gc_disabled,6117,1.2480999994295416
gc_disabled,6118,1.254600001630024
gc_disabled,6119,1.2308999994274927
gc_disabled,6120,1.300099998843507
gc_disabled,6121,1.2399000006553251
gc_disabled,6122,1.351299999441835
gc_disabled,6123,1.2444999993022066
gc_disabled,6124,1.2548000013339333
gc_disabled,6125,1.3426000004983507
gc_disabled,6126,1.3495000002876623
gc_disabled,6127,1.2979000002815155
gc_disabled,6128,1.316699999733828
gc_disabled,6129,1.523799999631592
gc_disabled,6130,1.292200000534649
gc_disabled,6131,1.2434000000212109
gc_disabled,6132,1.2515999987954274
gc_disabled,6133,1.4060000012250384
gc_disabled,6134,1.3009999984205933
gc_disabled,6135,1.2655999998969492
gc_disabled,6136,1.3044000006630085
gc_disabled,6137,1.3426999994408106
gc_disabled,6138,1.244099999894388
gc_disabled,6139,1.2317000000621192
gc_disabled,6140,1.2193000002298504
gc_disabled,6141,1.2794999984180322
gc_disabled,6142,1.2633000005735084
gc_disabled,6143,1.2247000013303477
gc_disabled,6144,1.2870000009570504
gc_disabled,6145,1.2630000001081498
gc_disabled,6146,1.2323999999352964
gc_disabled,6147,1.2592000002769055
gc_disabled,6148,1.3034999992669327
gc_disabled,6149,1.2305999989621341
gc_disabled,6150,1.326100000369479
gc_disabled,6151,1.337499999863212
gc_disabled,6152,1.2776000003213994
gc_disabled,6153,1.2565999986691168
gc_disabled,6154,1.2553000015032012
gc_disabled,6155,1.4334999996208353
gc_disabled,6156,1.2891999995190417
gc_disabled,6157,1.2120000010327203
gc_disabled,6158,1.298799999858602
gc_disabled,6159,1.2750000005326
gc_disabled,6160,1.2615000014193356
gc_disabled,6161,1.2848000005760696
gc_disabled,6162,1.2819000003219116
gc_disabled,6163,1.2289000005694106
gc_disabled,6164,1.2449000005290145
gc_disabled,6165,1.361100001304294
gc_disabled,6166,1.3010999991820427
gc_disabled,6167,1.2847999987570802
gc_disabled,6168,1.2104999987059273
gc_disabled,6169,1.3170000001991866
gc_disabled,6170,1.261200000953977
gc_disabled,6171,1.19769999946584
gc_disabled,6172,1.2872999996034196
gc_disabled,6173,1.3096999991830671
gc_disabled,6174,1.4640999997936888
gc_disabled,6175,1.2633000005735084
gc_disabled,6176,1.238000000739703
gc_disabled,6177,1.4832000015303493
gc_disabled,6178,1.6379999997298
gc_disabled,6179,1.416600000084145
gc_disabled,6180,1.299900000958587
gc_disabled,6181,1.2188000000605825
gc_disabled,6182,1.3151000002835644
gc_disabled,6183,1.244000000951928
gc_disabled,6184,1.2124000004405389
gc_disabled,6185,1.2342000009084586
gc_disabled,6186,1.2937999999849126
gc_disabled,6187,1.5093000001797918
gc_disabled,6188,1.3126000012562145
gc_disabled,6189,1.2980999999854248
gc_disabled,6190,1.2633999995159684
gc_disabled,6191,1.231000000188942
gc_disabled,6192,1.222199998665019
gc_disabled,6193,1.2687000016740058
gc_disabled,6194,1.2280999999347841
gc_disabled,6195,1.2949000010848977
gc_disabled,6196,1.2960000003658934
gc_disabled,6197,1.2763000013364945
gc_disabled,6198,1.2643000009120442
gc_disabled,6199,1.2762000005750451
gc_disabled,6200,1.405200000590412
gc_disabled,6201,1.2681999996857485
gc_disabled,6202,1.240499999767053
gc_disabled,6203,1.2556000001495704
gc_disabled,6204,1.2674000008701114
gc_disabled,6205,1.1902999995072605
gc_disabled,6206,1.2980000010429649
gc_disabled,6207,1.2206000010337448
gc_disabled,6208,1.4539000003424007
gc_disabled,6209,1.253000000360771
gc_disabled,6210,1.2694999986706534
gc_disabled,6211,1.2560999984998489
gc_disabled,6212,1.406400000632857
gc_disabled,6213,1.2365000002318993
gc_disabled,6214,1.2421999999787658
gc_disabled,6215,1.2081999993824866
gc_disabled,6216,1.301199999943492
gc_disabled,6217,1.2721000002784422
gc_disabled,6218,1.2306000007811235
gc_disabled,6219,1.302399999985937
gc_disabled,6220,1.3596999997389503
gc_disabled,6221,1.567100000102073
gc_disabled,6222,1.3572000007116003
gc_disabled,6223,1.255999999557389
gc_disabled,6224,1.2442999995982973
gc_disabled,6225,1.5621000002283836
gc_disabled,6226,1.6032000003178837
gc_disabled,6227,1.2681000007432885
gc_disabled,6228,1.2677999984589405
gc_disabled,6229,1.2633000005735084
gc_disabled,6230,1.4132000014797086
gc_disabled,6231,1.2217999992572004
gc_disabled,6232,1.23639999947045
gc_disabled,6233,1.2495999999373453
gc_disabled,6234,1.351000000795466
gc_disabled,6235,1.2443999985407572
gc_disabled,6236,1.269099999262835
gc_disabled,6237,1.2956999999005347
gc_disabled,6238,1.3586000004579546
gc_disabled,6239,1.249800001460244
gc_disabled,6240,1.247000000148546
gc_disabled,6241,1.3632000009238254
gc_disabled,6242,1.3662000001204433
gc_disabled,6243,1.255999999557389
gc_disabled,6244,1.2588999998115469
gc_disabled,6245,1.2372000001050765
gc_disabled,6246,1.2621000005310634
gc_disabled,6247,1.2151999999332475
gc_disabled,6248,1.435000000128639
gc_disabled,6249,1.2996999994356884
gc_disabled,6250,1.3755999989371048
gc_disabled,6251,1.2735000000247965
gc_disabled,6252,1.2628000004042406
gc_disabled,6253,1.280899999983376
gc_disabled,6254,1.2485000006563496
gc_disabled,6255,1.290500000322936
gc_disabled,6256,1.3013999996474013
gc_disabled,6257,1.2223000012454577
gc_disabled,6258,1.263799998923787
gc_disabled,6259,1.2716999990516342
gc_disabled,6260,1.2353000001894543
gc_disabled,6261,1.3137000005372101
gc_disabled,6262,1.3531000004149973
gc_disabled,6263,1.304800000070827
gc_disabled,6264,1.3247000006231247
gc_disabled,6265,1.4420000006793998
gc_disabled,6266,1.3789999993605306
gc_disabled,6267,1.2936000002810033
gc_disabled,6268,1.2332999995123828
gc_disabled,6269,1.34760000037204
gc_disabled,6270,1.2540999996417668
gc_disabled,6271,1.3601000009657582
gc_disabled,6272,1.2439000001904787
gc_disabled,6273,1.3255000012577511
gc_disabled,6274,1.2549999992188532
gc_disabled,6275,1.1888000008184463
gc_disabled,6276,1.244199998836848
gc_disabled,6277,1.2470999990910059
gc_disabled,6278,1.2096999998902902
gc_disabled,6279,1.214200001413701
gc_disabled,6280,1.3340000004973263
gc_disabled,6281,1.2199000011605676
gc_disabled,6282,1.2799000014638295
gc_disabled,6283,1.2838999991799938
gc_disabled,6284,1.2138000001868932
gc_disabled,6285,1.2521999997261446
gc_disabled,6286,1.2850999992224388
gc_disabled,6287,1.193599999169237
gc_disabled,6288,1.3278999995236518
gc_disabled,6289,1.237500000570435
gc_disabled,6290,1.2801000011677388
gc_disabled,6291,1.3559999988501659
gc_disabled,6292,1.2397000009514159
gc_disabled,6293,1.292999999350286
gc_disabled,6294,1.30880000142497
gc_disabled,6295,1.3063000005786307
gc_disabled,6296,1.235000001543085
gc_disabled,6297,1.2979999992239755
gc_disabled,6298,1.2305000000196742
gc_disabled,6299,1.2574000011227326
gc_disabled,6300,1.330999999481719
gc_disabled,6301,1.266000001123757
gc_disabled,6302,1.2611999991349876
gc_disabled,6303,1.2937999999849126
gc_disabled,6304,1.258300000699819
gc_disabled,6305,1.2585999993461883
gc_disabled,6306,1.22900000133086
gc_disabled,6307,1.2401000003592344
gc_disabled,6308,1.3059000011708122
gc_disabled,6309,1.4501000005111564
gc_disabled,6310,1.306599999225
gc_disabled,6311,1.2942000012117205
gc_disabled,6312,1.3001000006624963
gc_disabled,6313,1.2967000002390705
gc_disabled,6314,1.258399999642279
gc_disabled,6315,1.266000001123757
gc_disabled,6316,1.3175000003684545
gc_disabled,6317,1.4193000006343937
gc_disabled,6318,1.282100000025821
gc_disabled,6319,1.2127000009058975
gc_disabled,6320,1.2638999996852363
gc_disabled,6321,1.2425999993865844
gc_disabled,6322,1.3120000003254972
gc_disabled,6323,1.332699999693432
gc_disabled,6324,1.3063999995210906
gc_disabled,6325,1.3772000002063578
gc_disabled,6326,1.2289999995118706
gc_disabled,6327,1.2241000003996305
gc_disabled,6328,1.2409999999363208
gc_disabled,6329,1.2549999992188532
gc_disabled,6330,1.386899999488378
gc_disabled,6331,1.27020000036282
gc_disabled,6332,1.1974000008194707
gc_disabled,6333,1.2991999992664205
gc_disabled,6334,1.2020000012853416
gc_disabled,6335,1.3182000002416316
gc_disabled,6336,1.27029999930528
gc_disabled,6337,1.231000000188942
gc_disabled,6338,1.5072000005602604
gc_disabled,6339,1.2463000002753688
gc_disabled,6340,1.2716000001091743
gc_disabled,6341,1.2585999993461883
gc_disabled,6342,1.335000000835862
gc_disabled,6343,1.2731999995594379
gc_disabled,6344,1.292299999477109
gc_disabled,6345,1.2633999995159684
gc_disabled,6346,1.3373999991017627
gc_disabled,6347,1.5021999988675816
gc_disabled,6348,1.3341999983822461
gc_disabled,6349,1.3889000001654495
gc_disabled,6350,1.3184999988880008
gc_disabled,6351,1.407199999448494
gc_disabled,6352,1.288600000407314
gc_disabled,6353,1.2430999995558523
gc_disabled,6354,1.2941999993927311
gc_disabled,6355,1.2330000008660136
gc_disabled,6356,1.4432000007218448
gc_disabled,6357,1.4199999986885814
gc_disabled,6358,1.2745000003633322
gc_disabled,6359,1.3431000006676186
gc_disabled,6360,1.2686999998550164
gc_disabled,6361,1.2710000009974465
gc_disabled,6362,1.2877999997726874
gc_disabled,6363,1.2538999999378575
gc_disabled,6364,1.2695000004896428
gc_disabled,6365,1.2609999994310783
gc_disabled,6366,1.2737000015476951
gc_disabled,6367,1.2757000004057772
gc_disabled,6368,1.3079000000288943
gc_disabled,6369,1.350500000626198
gc_disabled,6370,1.2960000003658934
gc_disabled,6371,1.2146999997639796
gc_disabled,6372,1.2165999996796018
gc_disabled,6373,1.3426999994408106
gc_disabled,6374,1.2569999998959247
gc_disabled,6375,1.2319999987084884
gc_disabled,6376,1.2289999995118706
gc_disabled,6377,1.326100000369479
gc_disabled,6378,1.2566000004881062
gc_disabled,6379,1.2776000003213994
gc_disabled,6380,1.248999999006628
gc_disabled,6381,1.3826000013068551
gc_disabled,6382,1.4840000003459863
gc_disabled,6383,1.2238999988767318
gc_disabled,6384,1.23879999955534
gc_disabled,6385,1.2579000012920005
gc_disabled,6386,1.257600000826642
gc_disabled,6387,1.2425999993865844
gc_disabled,6388,1.2442000006558374
gc_disabled,6389,1.1966000001848442
gc_disabled,6390,1.3613999999506632
gc_disabled,6391,1.250500001333421
gc_disabled,6392,1.2646000013774028
gc_disabled,6393,1.2843000004068017
gc_disabled,6394,1.301999998759129
gc_disabled,6395,1.2694999986706534
gc_disabled,6396,1.3643000002048211
gc_disabled,6397,1.4530999997077743
gc_disabled,6398,1.2734000010823365
gc_disabled,6399,1.2459999998100102
gc_disabled,6400,1.3027000004512956
gc_disabled,6401,1.2879999994765967
gc_disabled,6402,1.2586000011651777
gc_disabled,6403,1.4723000003868947
gc_disabled,6404,1.3961999993625795
gc_disabled,6405,1.3337000000319676
gc_disabled,6406,1.2770000012096716
gc_disabled,6407,1.263199999812059
gc_disabled,6408,1.2195999988762196
gc_disabled,6409,1.2884000007034047
gc_disabled,6410,1.2364000012894394
gc_disabled,6411,1.2823999986721901
gc_disabled,6412,1.3058999993518228
gc_disabled,6413,1.23879999955534
gc_disabled,6414,1.2252999986230861
gc_disabled,6415,1.23399999938556
gc_disabled,6416,1.2551999989227625
gc_disabled,6417,1.2504000005719718
gc_disabled,6418,1.2320000005274778
gc_disabled,6419,1.2371000011626165
gc_disabled,6420,1.3486999996530358
gc_disabled,6421,1.2325999996392056
gc_disabled,6422,1.2458999990485609
gc_disabled,6423,1.2418999995134072
gc_disabled,6424,1.305300000240095
gc_disabled,6425,1.2495000009948853
gc_disabled,6426,1.2843999993492616
gc_disabled,6427,1.3610000005428446
gc_disabled,6428,1.3335000003280584
gc_disabled,6429,1.2664000005315756
gc_disabled,6430,1.342399998975452
gc_disabled,6431,1.2423999996826751
gc_disabled,6432,1.2442999995982973
gc_disabled,6433,1.2159999987488845
gc_disabled,6434,1.3189999990572687
gc_disabled,6435,1.259699998627184
gc_disabled,6436,1.2580999991769204
gc_disabled,6437,1.2867000004916918
gc_disabled,6438,1.3598999994428596
gc_disabled,6439,1.3447000001178822
gc_disabled,6440,1.2932999998156447
gc_disabled,6441,1.3027999993937556
gc_disabled,6442,1.2093999994249316
gc_disabled,6443,1.2086999995517544
gc_disabled,6444,1.3641000005009118
gc_disabled,6445,1.266100000066217
gc_disabled,6446,1.4071000005060341
gc_disabled,6447,1.2466999996831873
gc_disabled,6448,1.2556000001495704
gc_disabled,6449,1.2533999997685896
gc_disabled,6450,1.3460999998642365
gc_disabled,6451,1.2588999998115469
gc_disabled,6452,1.2882999999419553
gc_disabled,6453,1.2341999990894692
gc_disabled,6454,1.2587000001076376
gc_disabled,6455,1.251800000318326
gc_disabled,6456,1.3352000005397713
gc_disabled,6457,1.228199998877244
gc_disabled,6458,1.2329000001045642
gc_disabled,6459,1.2021999991702614
gc_disabled,6460,1.2652999994315905
gc_disabled,6461,1.247000000148546
gc_disabled,6462,1.2967000002390705
gc_disabled,6463,1.2719999995169928
gc_disabled,6464,1.2076000002707588
gc_disabled,6465,1.3349000000744127
gc_disabled,6466,1.2716999990516342
gc_disabled,6467,1.220399999510846
gc_disabled,6468,1.2604000003193505
gc_disabled,6469,1.283700001295074
gc_disabled,6470,1.3021000013395678
gc_disabled,6471,1.2243000001035398
gc_disabled,6472,1.27020000036282
gc_disabled,6473,1.3240000007499475
gc_disabled,6474,1.3030999998591142
gc_disabled,6475,1.2712999996438157
gc_disabled,6476,1.3407999995251885
gc_disabled,6477,1.2704000000667293
gc_disabled,6478,1.2693999997281935
gc_disabled,6479,1.2740999991365243
gc_disabled,6480,1.2451000002329238
gc_disabled,6481,1.2742999988404335
gc_disabled,6482,1.372599999740487
gc_disabled,6483,1.248100001248531
gc_disabled,6484,1.37910000012198
gc_disabled,6485,1.2870999998995103
gc_disabled,6486,1.267399999051122
gc_disabled,6487,1.2552000007417519
gc_disabled,6488,1.286499998968793
gc_disabled,6489,1.4449000009335577
gc_disabled,6490,1.2614999996003462
gc_disabled,6491,1.2384000001475215
gc_disabled,6492,1.289399999222951
gc_disabled,6493,1.2719999995169928
gc_disabled,6494,1.2260000003152527
gc_disabled,6495,1.201799999762443
gc_disabled,6496,1.4408000006369548
gc_disabled,6497,1.3961000004201196
gc_disabled,6498,1.2545999998110346
gc_disabled,6499,1.2549999992188532
gc_disabled,6500,1.306099999055732
gc_disabled,6501,1.2461000005714595
gc_disabled,6502,1.2205999992147554
gc_disabled,6503,1.306599999225
gc_disabled,6504,1.195900000311667
gc_disabled,6505,1.3939000000391388
gc_disabled,6506,1.2436000015441095
gc_disabled,6507,1.218300001710304
gc_disabled,6508,1.2439999991329387
gc_disabled,6509,1.26780000027793
gc_disabled,6510,1.3801999994029757
gc_disabled,6511,1.3206000003265217
gc_disabled,6512,1.2490000008256175
gc_disabled,6513,1.433299999916926
gc_disabled,6514,1.295100000788807
gc_disabled,6515,1.2170000009064097
gc_disabled,6516,1.2437000004865695
gc_disabled,6517,1.2354999998933636
gc_disabled,6518,1.5583999993395992
gc_disabled,6519,1.2836000005336246
gc_disabled,6520,1.3414999993983656
gc_disabled,6521,1.426700000592973
gc_disabled,6522,1.2260000003152527
gc_disabled,6523,1.2238000017532613
gc_disabled,6524,1.31139999939478
gc_disabled,6525,1.3209999997343402
gc_disabled,6526,1.2681000007432885
gc_disabled,6527,1.359599998977501
gc_disabled,6528,1.2585999993461883
gc_disabled,6529,1.4009000005898997
gc_disabled,6530,1.2817999995604623
gc_disabled,6531,1.2589999987540068
gc_disabled,6532,1.3281999999890104
gc_disabled,6533,1.2768999986292329
gc_disabled,6534,1.283999999941443
gc_disabled,6535,1.4886000008118572
gc_disabled,6536,1.2170999998488696
gc_disabled,6537,1.2785999988409458
gc_disabled,6538,1.2575000000651926
gc_disabled,6539,1.254799999514944
gc_disabled,6540,1.2965000005351612
gc_disabled,6541,1.2471000009099953
gc_disabled,6542,1.3616000014735619
gc_disabled,6543,1.4300000002549496
gc_disabled,6544,1.261999999769614
gc_disabled,6545,1.2772999998560408
gc_disabled,6546,1.4597999997931765
gc_disabled,6547,1.259500000742264
gc_disabled,6548,1.2324000017542858
gc_disabled,6549,1.2835999987146351
gc_disabled,6550,1.296399999773712
gc_disabled,6551,1.2485999995988095
gc_disabled,6552,1.228699999046512
gc_disabled,6553,1.2228000014147256
gc_disabled,6554,1.3361000001168577
gc_disabled,6555,1.2280000009923242
gc_disabled,6556,1.362400000289199
gc_disabled,6557,1.2229000003571855
gc_disabled,6558,1.2810000007448252
gc_disabled,6559,1.3161999995645601
gc_disabled,6560,1.2607000007847091
gc_disabled,6561,1.2296999993850477
gc_disabled,6562,1.2409999999363208
gc_disabled,6563,1.307299999098177
gc_disabled,6564,1.286499998968793
gc_disabled,6565,1.3641000005009118
gc_disabled,6566,1.3108999992255121
gc_disabled,6567,1.3039999994362006
gc_disabled,6568,1.2741999998979736
gc_disabled,6569,1.3152999999874737
gc_disabled,6570,1.335099999778322
gc_disabled,6571,1.381099998980062
gc_disabled,6572,1.2575000000651926
gc_disabled,6573,1.3128999999025837
gc_disabled,6574,1.2527999988378724
gc_disabled,6575,1.3311999991856283
gc_disabled,6576,1.2681000007432885
gc_disabled,6577,1.3020000005781185
gc_disabled,6578,1.2397999998938758
gc_disabled,6579,1.240400000824593
gc_disabled,6580,1.2964999987161718
gc_disabled,6581,1.263199999812059
gc_disabled,6582,1.2320000005274778
gc_disabled,6583,1.2548000013339333
gc_disabled,6584,1.342399998975452
gc_disabled,6585,1.247400001375354
gc_disabled,6586,1.27260000044771
gc_disabled,6587,1.2888000001112232
gc_disabled,6588,1.2190000015834812
gc_disabled,6589,1.375499999994645
gc_disabled,6590,1.2563000000227476
gc_disabled,6591,1.2982000007468741
gc_disabled,6592,1.3383999994402984
gc_disabled,6593,1.2986999990971526
gc_disabled,6594,1.2933999987581046
gc_disabled,6595,1.2566000004881062
gc_disabled,6596,1.250500001333421
gc_disabled,6597,1.3674000001628883
gc_disabled,6598,1.301199999943492
gc_disabled,6599,1.2570999988383846
gc_disabled,6600,1.2544999990495853
gc_disabled,6601,1.2700000006589107
gc_disabled,6602,1.3104000008752337
gc_disabled,6603,1.2925999999424675
gc_disabled,6604,1.293400000577094
gc_disabled,6605,1.3735000011365628
gc_disabled,6606,1.2516000006144168
gc_disabled,6607,1.2822000007872703
gc_disabled,6608,1.2698000009550015
gc_disabled,6609,1.2920999997731997
gc_disabled,6610,1.3122999989718664
gc_disabled,6611,1.2846999998146202
gc_disabled,6612,1.3875000004190952
gc_disabled,6613,1.4380999982677167
gc_disabled,6614,1.3151999992260244
gc_disabled,6615,1.4495000013994286
gc_disabled,6616,1.2719999995169928
gc_disabled,6617,1.254700000572484
gc_disabled,6618,1.279600000998471
gc_disabled,6619,1.5337999993789708
gc_disabled,6620,1.30890000036743
gc_disabled,6621,1.2619000008271541
gc_disabled,6622,1.3054999999440042
gc_disabled,6623,1.2781999994331272
gc_disabled,6624,1.3617000004160218
gc_disabled,6625,1.235600000654813
gc_disabled,6626,1.3264999997772975
gc_disabled,6627,2.5936000001820503
gc_disabled,6628,1.542199999676086
gc_disabled,6629,1.5590000002703164
gc_disabled,6630,1.8473000000085449
gc_disabled,6631,1.7417999988538213
gc_disabled,6632,1.3292000003275461
gc_disabled,6633,1.3288999998621875
gc_disabled,6634,1.2800999993487494
gc_disabled,6635,1.3120999992679572
gc_disabled,6636,1.3122999989718664
gc_disabled,6637,1.2558999987959396
gc_disabled,6638,1.3944999991508666
gc_disabled,6639,1.2751000012940494
gc_disabled,6640,1.3890999998693587
gc_disabled,6641,1.2326999985816656
gc_disabled,6642,1.231000000188942
gc_disabled,6643,1.2377999992168043
gc_disabled,6644,1.258800000869087
gc_disabled,6645,1.255999999557389
gc_disabled,6646,1.2824000004911795
gc_disabled,6647,1.362300001346739
gc_disabled,6648,1.2423000007402152
gc_disabled,6649,1.2403999990056036
gc_disabled,6650,1.2853000007453375
gc_disabled,6651,1.2009000001853565
gc_disabled,6652,1.4922999998816522
gc_disabled,6653,1.273999998375075
gc_disabled,6654,1.4090999993641162
gc_disabled,6655,1.2736999997287057
gc_disabled,6656,1.2735000000247965
gc_disabled,6657,1.3467000007949537
gc_disabled,6658,1.3650000000779983
gc_disabled,6659,1.3144000004103873
gc_disabled,6660,1.2889999998151325
gc_disabled,6661,1.2647999992623227
gc_disabled,6662,1.3304000003699912
gc_disabled,6663,1.4584999989892822
gc_disabled,6664,1.2851999999838881
gc_disabled,6665,1.301999998759129
gc_disabled,6666,1.232299999173847
gc_disabled,6667,1.2124999993829988
gc_disabled,6668,1.3175000003684545
gc_disabled,6669,1.2867999994341517
gc_disabled,6670,1.3445999993564328
gc_disabled,6671,1.2617000011232449
gc_disabled,6672,1.2315999993006699
gc_disabled,6673,1.240499999767053
gc_disabled,6674,1.354199999695993
gc_disabled,6675,1.2602999995579012
gc_disabled,6676,1.2541000014607562
gc_disabled,6677,1.211999999213731
gc_disabled,6678,1.450499999918975
gc_disabled,6679,1.2439000001904787
gc_disabled,6680,1.2129999995522667
gc_disabled,6681,1.3651000008394476
gc_disabled,6682,1.2606000000232598
gc_disabled,6683,1.2420999992173165
gc_disabled,6684,1.2590000005729962
gc_disabled,6685,1.2568000001920154
gc_disabled,6686,1.2671000004047528
gc_disabled,6687,1.23399999938556
gc_disabled,6688,1.307700000324985
gc_disabled,6689,1.2383000012050616
gc_disabled,6690,1.331400000708527
gc_disabled,6691,1.4038000008440576
gc_disabled,6692,1.2841999996453524
gc_disabled,6693,1.2807000002794666
gc_disabled,6694,1.3675000009243377
gc_disabled,6695,1.2420000002748566
gc_disabled,6696,1.3746999993600184
gc_disabled,6697,1.2951999997312669
gc_disabled,6698,1.2120000010327203
gc_disabled,6699,1.2821999989682809
gc_disabled,6700,1.305300000240095
gc_disabled,6701,1.483899999584537
gc_disabled,6702,1.4159000002109678
gc_disabled,6703,1.3538999992306344
gc_disabled,6704,1.3450999995257007
gc_disabled,6705,1.426799999535433
gc_disabled,6706,1.3005000000703149
gc_disabled,6707,1.3349999990168726
gc_disabled,6708,1.242899999851943
gc_disabled,6709,1.2556000001495704
gc_disabled,6710,1.2943000001541805
gc_disabled,6711,1.2372999990475364
gc_disabled,6712,1.3973999994050246
gc_disabled,6713,1.2501000001066132
gc_disabled,6714,1.2098999995941995
gc_disabled,6715,1.2349000007816358
gc_disabled,6716,1.2067999996361323
gc_disabled,6717,1.2652000004891306
gc_disabled,6718,1.3173000006645452
gc_disabled,6719,1.332100000581704
gc_disabled,6720,1.2944999998580897
gc_disabled,6721,1.2638999996852363
gc_disabled,6722,1.1978000002272893
gc_disabled,6723,1.2485000006563496
gc_disabled,6724,1.2749999987136107
gc_disabled,6725,1.215500000398606
gc_disabled,6726,1.323200000115321
gc_disabled,6727,1.330499999312451
gc_disabled,6728,1.2855000004492467
gc_disabled,6729,1.2838000002375338
gc_disabled,6730,1.2619000008271541
gc_disabled,6731,1.271400000405265
gc_disabled,6732,1.2496999988798052
gc_disabled,6733,1.284099998883903
gc_disabled,6734,1.330200000666082
gc_disabled,6735,1.2317000000621192
gc_disabled,6736,1.2757000004057772
gc_disabled,6737,1.2830000014218967
gc_disabled,6738,1.2778000000253087
gc_disabled,6739,1.2728999990940792
gc_disabled,6740,1.3705999990634155
gc_disabled,6741,1.2670999985857634
gc_disabled,6742,1.204199999847333
gc_disabled,6743,1.3629000004584668
gc_disabled,6744,1.3211000004957896
gc_disabled,6745,1.2902999988000374
gc_disabled,6746,1.223399998707464
gc_disabled,6747,1.323200000115321
gc_disabled,6748,1.332699999693432
gc_disabled,6749,1.2206000010337448
gc_disabled,6750,1.5105000002222368
gc_disabled,6751,1.2722999999823514
gc_disabled,6752,1.2796999999409309
gc_disabled,6753,1.2763000013364945
gc_disabled,6754,1.2528999995993217
gc_disabled,6755,1.3051999994786456
gc_disabled,6756,1.2516000006144168
gc_disabled,6757,1.2449000005290145
gc_disabled,6758,1.2743999996018829
gc_disabled,6759,1.2424000015016645
gc_disabled,6760,1.2549000002763933
gc_disabled,6761,1.3985000005050097
gc_disabled,6762,1.2865999997302424
gc_disabled,6763,1.273100000616978
gc_disabled,6764,1.2697000001935521
gc_disabled,6765,1.2720000013359822
gc_disabled,6766,1.3021999984630384
gc_disabled,6767,1.2834999997721752
gc_disabled,6768,1.2263999997230712
gc_disabled,6769,1.277999999729218
gc_disabled,6770,1.3474999996105907
gc_disabled,6771,1.2604000003193505
gc_disabled,6772,1.2633000005735084
gc_disabled,6773,1.2591000013344456
gc_disabled,6774,1.3433999993139878
gc_disabled,6775,1.3295999997353647
gc_disabled,6776,1.2149000012868783
gc_disabled,6777,1.258399999642279
gc_disabled,6778,1.2901999998575775
gc_disabled,6779,1.266500001293025
gc_disabled,6780,1.2894000010419404
gc_disabled,6781,1.2468000004446367
gc_disabled,6782,1.4675000002171146
gc_disabled,6783,1.266100000066217
gc_disabled,6784,1.2407000012899516
gc_disabled,6785,1.2676999995164806
gc_disabled,6786,1.2557999998534797
gc_disabled,6787,1.3074000016786158
gc_disabled,6788,1.3304000003699912
gc_disabled,6789,1.2851000010414282
gc_disabled,6790,1.3245999998616753
gc_disabled,6791,1.2640999993891455
gc_disabled,6792,1.2666999991779448
gc_disabled,6793,1.2700000006589107
gc_disabled,6794,1.3557000002037967
gc_disabled,6795,1.2786000006599352
gc_disabled,6796,1.3538000002881745
gc_disabled,6797,1.3111000007484108
gc_disabled,6798,1.3610000005428446
gc_disabled,6799,1.309400000536698
gc_disabled,6800,1.3426999994408106
gc_disabled,6801,1.3325999989319826
gc_disabled,6802,1.2676999995164806
gc_disabled,6803,1.284500000110711
gc_disabled,6804,1.3032999995630234
gc_disabled,6805,1.593999999386142
gc_disabled,6806,1.2965000005351612
gc_disabled,6807,1.2989999995625112
gc_disabled,6808,1.2280000009923242
gc_disabled,6809,1.2676999995164806
gc_disabled,6810,1.344000000244705
gc_disabled,6811,1.266600000235485
gc_disabled,6812,1.4250999993237201
gc_disabled,6813,1.3889999991079094
gc_disabled,6814,1.288100000238046
gc_disabled,6815,1.2407999984134221
gc_disabled,6816,1.27509999947506
gc_disabled,6817,1.27509999947506
gc_disabled,6818,1.2294999996811384
gc_disabled,6819,1.380700001391233
gc_disabled,6820,1.3278000005811919
gc_disabled,6821,1.247799998964183
gc_disabled,6822,1.3271999996504746
gc_disabled,6823,1.2509999996836996
gc_disabled,6824,1.2185999985376839
gc_disabled,6825,1.27020000036282
gc_disabled,6826,1.2907000000268454
gc_disabled,6827,1.237599999512895
gc_disabled,6828,1.2862000003224239
gc_disabled,6829,1.2722999999823514
gc_disabled,6830,1.3900000012654345
gc_disabled,6831,1.3205000013840618
gc_disabled,6832,1.2360000000626314
gc_disabled,6833,1.2989999995625112
gc_disabled,6834,1.2800999993487494
gc_disabled,6835,1.4182999984768685
gc_disabled,6836,1.2333000013313722
gc_disabled,6837,1.3343999999051448
gc_disabled,6838,1.4123999990260927
gc_disabled,6839,1.2850000002799788
gc_disabled,6840,1.3449999987642514
gc_disabled,6841,1.2683999993896578
gc_disabled,6842,1.3720000006287592
gc_disabled,6843,1.3603999996121274
gc_disabled,6844,1.2444000003597466
gc_disabled,6845,1.226899999892339
gc_disabled,6846,1.4181000005919486
gc_disabled,6847,1.2759000001096865
gc_disabled,6848,1.442200000383309
gc_disabled,6849,1.374999999825377
gc_disabled,6850,1.266000001123757
gc_disabled,6851,1.2729999998555286
gc_disabled,6852,1.2158000008639647
gc_disabled,6853,1.2549000002763933
gc_disabled,6854,1.232200000231387
gc_disabled,6855,1.224599998749909
gc_disabled,6856,1.3591000006272225
gc_disabled,6857,1.2166000014985912
gc_disabled,6858,1.257100000657374
gc_disabled,6859,1.2560999984998489
gc_disabled,6860,1.338699999905657
gc_disabled,6861,1.2224999991303775
gc_disabled,6862,1.2423999996826751
gc_disabled,6863,1.2182999998913147
gc_disabled,6864,1.2435000007826602
gc_disabled,6865,1.2839000009989832
gc_disabled,6866,1.293499999519554
gc_disabled,6867,1.3254000004963018
gc_disabled,6868,1.3730999999097548
gc_disabled,6869,1.254299999345676
gc_disabled,6870,1.3158000001567416
gc_disabled,6871,1.2347000010777265
gc_disabled,6872,1.235899999301182
gc_disabled,6873,1.23399999938556
gc_disabled,6874,1.2206000010337448
gc_disabled,6875,1.3096000002406072
gc_disabled,6876,1.2370000004011672
gc_disabled,6877,1.2683000004471978
gc_disabled,6878,1.3637000010930933
gc_disabled,6879,1.4394000008906005
gc_disabled,6880,1.271499999347725
gc_disabled,6881,1.3110999989294214
gc_disabled,6882,1.3628000015160069
gc_disabled,6883,1.2409000009938609
gc_disabled,6884,1.3139999991835793
gc_disabled,6885,1.2900000001536682
gc_disabled,6886,1.2212999990879325
gc_disabled,6887,1.2936999992234632
gc_disabled,6888,1.2699999988399213
gc_disabled,6889,1.3918000004196074
gc_disabled,6890,1.3347999993129633
gc_disabled,6891,1.2514999998529674
gc_disabled,6892,1.3381999997363891
gc_disabled,6893,1.2480999994295416
gc_disabled,6894,1.3073000009171665
gc_disabled,6895,1.2678999992203899
gc_disabled,6896,1.2165000007371418
gc_disabled,6897,1.2304000010772143
gc_disabled,6898,1.2555000012071105
gc_disabled,6899,1.2312000017118407
gc_disabled,6900,1.2614000006578863
gc_disabled,6901,1.2900999990961282
gc_disabled,6902,1.3072000001557171
gc_disabled,6903,1.3679000003321562
gc_disabled,6904,1.5110999993339647
gc_disabled,6905,1.3038000015512807
gc_disabled,6906,1.2907999989693053
gc_disabled,6907,1.237599999512895
gc_disabled,6908,1.198899999508285
gc_disabled,6909,1.3018999998166692
gc_disabled,6910,1.4498000000457978
gc_disabled,6911,1.248200000190991
gc_disabled,6912,1.225699999849894
gc_disabled,6913,1.3351999987207819
gc_disabled,6914,1.3026999986323062
gc_disabled,6915,1.3670999996975297
gc_disabled,6916,1.2654000001930399
gc_disabled,6917,1.2724999996862607
gc_disabled,6918,1.382799999191775
gc_disabled,6919,1.2463999992178287
gc_disabled,6920,1.2729999998555286
gc_disabled,6921,1.3294000000314554
gc_disabled,6922,1.2471999998524552
gc_disabled,6923,1.294600000619539
gc_disabled,6924,1.223299999765004
gc_disabled,6925,1.2475000003178138
gc_disabled,6926,1.2989000006200513
gc_disabled,6927,1.3976999998703832
gc_disabled,6928,1.2678999992203899
gc_disabled,6929,1.2332999995123828
gc_disabled,6930,1.2769999993906822
gc_disabled,6931,1.2721000002784422
gc_disabled,6932,1.2875000011263182
gc_disabled,6933,1.2769999993906822
gc_disabled,6934,1.2194000009912997
gc_disabled,6935,1.3090000011288794
gc_disabled,6936,1.3063000005786307
gc_disabled,6937,1.3359999993554084
gc_disabled,6938,1.2630000001081498
gc_disabled,6939,1.3330000001587905
gc_disabled,6940,1.2409999999363208
gc_disabled,6941,1.2004999989585485
gc_disabled,6942,1.2514999998529674
gc_disabled,6943,1.3355000010051299
gc_disabled,6944,1.228600000104052
gc_disabled,6945,1.284599999053171
gc_disabled,6946,1.2328000011621043
gc_disabled,6947,1.193500000226777
gc_disabled,6948,1.31139999939478
gc_disabled,6949,1.2368999996397179
gc_disabled,6950,1.214300000356161
gc_disabled,6951,1.301299998885952
gc_disabled,6952,1.2129000006098067
gc_disabled,6953,1.2698000009550015
gc_disabled,6954,1.2227000006532762
gc_disabled,6955,1.2344000006123679
gc_disabled,6956,1.298700000916142
gc_disabled,6957,1.2920000008307397
gc_disabled,6958,1.2217999992572004
gc_disabled,6959,1.3431999996100785
gc_disabled,6960,1.2936999992234632
gc_disabled,6961,1.298299999689334
gc_disabled,6962,1.2418000005709473
gc_disabled,6963,1.3889000001654495
gc_disabled,6964,1.3615999996545725
gc_disabled,6965,1.2783000001945766
gc_disabled,6966,1.2733999992633471
gc_disabled,6967,1.2370000004011672
gc_disabled,6968,1.307700000324985
gc_disabled,6969,1.253599999472499
gc_disabled,6970,1.434499999959371
gc_disabled,6971,1.2031000005663373
gc_disabled,6972,1.3557999991462566
gc_disabled,6973,1.2521999997261446
gc_disabled,6974,1.2495999999373453
gc_disabled,6975,1.3206000003265217
gc_disabled,6976,1.4769999997952254
gc_disabled,6977,1.3352000005397713
gc_disabled,6978,1.2891000005765818
gc_disabled,6979,1.2631000008695992
gc_disabled,6980,1.3888000012229895
gc_disabled,6981,1.339899999948102
gc_disabled,6982,1.2618999990081647
gc_disabled,6983,1.3296999986778246
gc_disabled,6984,1.3486000007105758
gc_disabled,6985,1.2614999996003462
gc_disabled,6986,1.3560000006691553
gc_disabled,6987,1.3632999998662854
gc_disabled,6988,1.291799999307841
gc_disabled,6989,1.2918000011268305
gc_disabled,6990,1.2406999994709622
gc_disabled,6991,1.2630000001081498
gc_disabled,6992,1.2855000004492467
gc_disabled,6993,1.2621999994735233
gc_disabled,6994,1.2896000007458497
gc_disabled,6995,1.2348000000201864
gc_disabled,6996,1.2916999985463917
gc_disabled,6997,1.2236000002303626
gc_disabled,6998,1.3811999997415114
gc_disabled,6999,1.2761000016325852
gc_disabled,7000,1.3057999985903734
gc_disabled,7001,1.2189999997644918
gc_disabled,7002,1.2459000008675503
gc_disabled,7003,1.3540999989345437
gc_disabled,7004,1.2719999995169928
gc_disabled,7005,1.2556000001495704
gc_disabled,7006,1.4094999987719348
gc_disabled,7007,1.2877999997726874
gc_disabled,7008,1.30410000019765
gc_disabled,7009,1.3180000005377224
gc_disabled,7010,1.3984000015625497
gc_disabled,7011,1.3144000004103873
gc_disabled,7012,1.4078000003792113
gc_disabled,7013,1.4131000007182593
gc_disabled,7014,1.2548000013339333
gc_disabled,7015,1.4259999989008065
gc_disabled,7016,1.2858999998570653
gc_disabled,7017,1.3151999992260244
gc_disabled,7018,1.2438000012480188
gc_disabled,7019,1.298799999858602
gc_disabled,7020,1.3942999994469574
gc_disabled,7021,1.3520000011340016
gc_disabled,7022,1.3044000006630085
gc_disabled,7023,1.4159000002109678
gc_disabled,7024,1.3825999994878657
gc_disabled,7025,1.2886999993497739
gc_disabled,7026,1.37420000100974
gc_disabled,7027,1.2521999997261446
gc_disabled,7028,1.292999999350286
gc_disabled,7029,1.4520999993692385
gc_disabled,7030,1.3694999997824198
gc_disabled,7031,1.2295999986235984
gc_disabled,7032,1.2899000012112083
gc_disabled,7033,1.3355000010051299
gc_disabled,7034,1.3025000007473864
gc_disabled,7035,1.3524999994842801
gc_disabled,7036,1.2611999991349876
gc_disabled,7037,1.2696000012510922
gc_disabled,7038,1.4305000004242174
gc_disabled,7039,1.2760000008711359
gc_disabled,7040,1.325600000200211
gc_disabled,7041,1.2729000009130687
gc_disabled,7042,1.2656000017159386
gc_disabled,7043,1.254700000572484
gc_disabled,7044,1.2329000001045642
gc_disabled,7045,1.2551999989227625
gc_disabled,7046,1.2301000006118556
gc_disabled,7047,1.266600000235485
gc_disabled,7048,1.250699999218341
gc_disabled,7049,1.2260000003152527
gc_disabled,7050,1.4098999999987427
gc_disabled,7051,1.3805999988107942
gc_disabled,7052,1.3366000002861256
gc_disabled,7053,1.4793999998801155
gc_disabled,7054,1.2853000007453375
gc_disabled,7055,1.2328999982855748
gc_disabled,7056,1.3100999985908857
gc_disabled,7057,1.244099999894388
gc_disabled,7058,1.2520000000222353
gc_disabled,7059,1.387599999361555
gc_disabled,7060,1.3030999998591142
gc_disabled,7061,1.3799000007566065
gc_disabled,7062,1.2932000008731848
gc_disabled,7063,1.3201999990997138
gc_disabled,7064,1.2955999991390854
gc_disabled,7065,1.4253999997890787
gc_disabled,7066,1.3515999999071937
gc_disabled,7067,1.3210999986768002
gc_disabled,7068,1.350599999568658
gc_disabled,7069,1.323999998930958
gc_disabled,7070,1.273899999432615
gc_disabled,7071,1.2484000017138897
gc_disabled,7072,1.3451999984681606
gc_disabled,7073,1.2304999982006848
gc_disabled,7074,1.4585000008082716
gc_disabled,7075,1.3419999995676335
gc_disabled,7076,1.2734000010823365
gc_disabled,7077,1.3316999993548961
gc_disabled,7078,1.264800001081312
gc_disabled,7079,1.3032000006205635
gc_disabled,7080,1.260000000911532
gc_disabled,7081,1.249300001290976
gc_disabled,7082,1.2998000001971377
gc_disabled,7083,1.316699999733828
gc_disabled,7084,1.2558999987959396
gc_disabled,7085,1.260799999727169
gc_disabled,7086,1.2650999997276813
gc_disabled,7087,1.2027000011585187
gc_disabled,7088,1.3548999995691702
gc_disabled,7089,1.2227000006532762
gc_disabled,7090,1.2990999985049712
gc_disabled,7091,1.2790000000677537
gc_disabled,7092,1.3392999990173848
gc_disabled,7093,1.4086999999562977
gc_disabled,7094,1.4049000001250533
gc_disabled,7095,1.2593999999808148
gc_disabled,7096,1.3054000010015443
gc_disabled,7097,1.2258999995538034
gc_disabled,7098,1.4948000007279916
gc_disabled,7099,1.4828999992460012
gc_disabled,7100,1.3638000000355532
gc_disabled,7101,1.3044999996054685
gc_disabled,7102,1.295100000788807
gc_disabled,7103,1.3327000015124213
gc_disabled,7104,1.3091000000713393
gc_disabled,7105,1.3104000008752337
gc_disabled,7106,1.263199999812059
gc_disabled,7107,1.3382000015553785
gc_disabled,7108,1.261299999896437
gc_disabled,7109,1.2557999998534797
gc_disabled,7110,1.2643000009120442
gc_disabled,7111,1.2951999997312669
gc_disabled,7112,1.2723999989248114
gc_disabled,7113,1.2750000005326
gc_disabled,7114,1.2374999987514457
gc_disabled,7115,1.499399999374873
gc_disabled,7116,1.4584999989892822
gc_disabled,7117,1.4007999998284504
gc_disabled,7118,1.251899999260786
gc_disabled,7119,1.3484999999491265
gc_disabled,7120,1.27029999930528
gc_disabled,7121,1.4650000011897646
gc_disabled,7122,1.2650999997276813
gc_disabled,7123,1.2647999992623227
gc_disabled,7124,1.2275000008230563
gc_disabled,7125,1.2423999996826751
gc_disabled,7126,1.27020000036282
gc_disabled,7127,1.2227999995957362
gc_disabled,7128,1.3016000011703
gc_disabled,7129,1.2475000003178138
gc_disabled,7130,1.245299999936833
gc_disabled,7131,1.3588999991043238
gc_disabled,7132,1.2862000003224239
gc_disabled,7133,1.2903999995614868
gc_disabled,7134,1.2771000001521315
gc_disabled,7135,1.2781000004906673
gc_disabled,7136,1.235100000485545
gc_disabled,7137,1.3482000013027573
gc_disabled,7138,1.320299999861163
gc_disabled,7139,1.3108999992255121
gc_disabled,7140,1.2487000003602589
gc_disabled,7141,1.2038999993819743
gc_disabled,7142,1.302399999985937
gc_disabled,7143,1.2443999985407572
gc_disabled,7144,1.3739000005443813
gc_disabled,7145,1.3199999993958045
gc_disabled,7146,1.3216999996075174
gc_disabled,7147,1.4109999992797384
gc_disabled,7148,1.219199999468401
gc_disabled,7149,1.300400001127855
gc_disabled,7150,1.4102000004641013
gc_disabled,7151,1.3395999994827434
gc_disabled,7152,1.2719999995169928
gc_disabled,7153,1.2421999999787658
gc_disabled,7154,1.2529000014183111
gc_disabled,7155,1.3692000011360506
gc_disabled,7156,1.316699999733828
gc_disabled,7157,1.2826000001950888
gc_disabled,7158,1.3221000008343253
gc_disabled,7159,1.3478999990184093
gc_disabled,7160,1.3369000007514842
gc_disabled,7161,1.254700000572484
gc_disabled,7162,1.245800000106101
gc_disabled,7163,1.2205000002722954
gc_disabled,7164,1.27269999939017
gc_disabled,7165,1.248200000190991
gc_disabled,7166,1.2268000009498792
gc_disabled,7167,1.216000000567874
gc_disabled,7168,1.429600000847131
gc_disabled,7169,1.4019000009284355
gc_disabled,7170,1.3063000005786307
gc_disabled,7171,1.2640000004466856
gc_disabled,7172,1.2810000007448252
gc_disabled,7173,1.279299998714123
gc_disabled,7174,1.248200000190991
gc_disabled,7175,1.2396000001899665
gc_disabled,7176,1.3319999998202547
gc_disabled,7177,1.714699999865843
gc_disabled,7178,1.319099999818718
gc_disabled,7179,1.313000000664033
gc_disabled,7180,1.3980000003357418
gc_disabled,7181,1.3656000010087155
gc_disabled,7182,1.2655999998969492
gc_disabled,7183,1.231000000188942
gc_disabled,7184,1.2252999986230861
gc_disabled,7185,1.2635000002774177
gc_disabled,7186,1.2239999996381812
gc_disabled,7187,1.2456999993446516
gc_disabled,7188,1.3144999993528472
gc_disabled,7189,1.2772999998560408
gc_disabled,7190,1.2568999991344754
gc_disabled,7191,1.4405000001715962
gc_disabled,7192,1.2719999995169928
gc_disabled,7193,1.2872000006609596
gc_disabled,7194,1.354699999865261
gc_disabled,7195,1.3934999988123309
gc_disabled,7196,1.3613999999506632
gc_disabled,7197,1.274300000659423
gc_disabled,7198,1.2528999995993217
gc_disabled,7199,1.3103000001137843
gc_disabled,7200,1.280800001040916
gc_disabled,7201,1.225699999849894
gc_disabled,7202,1.3168000004952773
gc_disabled,7203,1.2538999999378575
gc_disabled,7204,1.2604999992618104
gc_disabled,7205,1.23879999955534
gc_disabled,7206,1.510799998868606
gc_disabled,7207,1.327300000411924
gc_disabled,7208,1.2590999995154561
gc_disabled,7209,1.3170999991416465
gc_disabled,7210,1.3189000001148088
gc_disabled,7211,1.2464000010368181
gc_disabled,7212,1.2747000000672415
gc_disabled,7213,1.2504999995144317
gc_disabled,7214,1.1873999992531026
gc_disabled,7215,1.3799000007566065
gc_disabled,7216,1.2227000006532762
gc_disabled,7217,1.3620000008813804
gc_disabled,7218,1.312599999437225
gc_disabled,7219,1.3088999985484406
gc_disabled,7220,1.2394000004860573
gc_disabled,7221,1.3486999996530358
gc_disabled,7222,1.3034000003244728
gc_disabled,7223,1.3365000013436656
gc_disabled,7224,1.329799999439274
gc_disabled,7225,1.358299999992596
gc_disabled,7226,1.2724999996862607
gc_disabled,7227,1.2861999985034345
gc_disabled,7228,1.2254000012035249
gc_disabled,7229,1.2728000001516193
gc_disabled,7230,1.3777999993180856
gc_disabled,7231,1.463500000681961
gc_disabled,7232,1.297500000873697
gc_disabled,7233,1.3259000006655697
gc_disabled,7234,1.2501000001066132
gc_disabled,7235,1.2309999983699527
gc_disabled,7236,1.4164999993226957
gc_disabled,7237,1.2520999989646953
gc_disabled,7238,1.341500001217355
gc_disabled,7239,1.2747000000672415
gc_disabled,7240,1.3898999986849958
gc_disabled,7241,1.2757999993482372
gc_disabled,7242,1.3734999993175734
gc_disabled,7243,1.3596999997389503
gc_disabled,7244,1.2788000003638444
gc_disabled,7245,1.365200001600897
gc_disabled,7246,1.3373000001593027
gc_disabled,7247,1.2736000007862458
gc_disabled,7248,1.27749999955995
gc_disabled,7249,1.3039000004937407
gc_disabled,7250,1.2741999998979736
gc_disabled,7251,1.2335999999777414
gc_disabled,7252,1.217200000610319
gc_disabled,7253,1.354299998638453
gc_disabled,7254,1.2679999999818392
gc_disabled,7255,1.2434000000212109
gc_disabled,7256,1.6190999995160382
gc_disabled,7257,1.6472999996040016
gc_disabled,7258,1.6777000000729458
gc_disabled,7259,1.8254999995406251
gc_disabled,7260,1.4902000002621207
gc_disabled,7261,1.3165000000299187
gc_disabled,7262,1.3703999993595062
gc_disabled,7263,1.2745000003633322
gc_disabled,7264,1.4161000017338665
gc_disabled,7265,1.276700000744313
gc_disabled,7266,1.2943000001541805
gc_disabled,7267,1.386700001603458
gc_disabled,7268,1.2460999987524701
gc_disabled,7269,1.4116000002104556
gc_disabled,7270,1.2695999994321028
gc_disabled,7271,1.2492000005295267
gc_disabled,7272,1.3170000001991866
gc_disabled,7273,1.2657000006583985
gc_disabled,7274,1.2798999996448401
gc_disabled,7275,1.225799998792354
gc_disabled,7276,1.4032999988558004
gc_disabled,7277,1.2967999991815304
gc_disabled,7278,1.2826999991375487
gc_disabled,7279,1.4645000010204967
gc_disabled,7280,1.289300000280491
gc_disabled,7281,1.2727000012091594
gc_disabled,7282,1.2471999998524552
gc_disabled,7283,1.2913999999000225
gc_disabled,7284,1.372500000798027
gc_disabled,7285,1.297500000873697
gc_disabled,7286,1.3097999999445165
gc_disabled,7287,1.3949000003776746
gc_disabled,7288,1.2900999990961282
gc_disabled,7289,1.2353000001894543
gc_disabled,7290,1.34520000028715
gc_disabled,7291,1.3307999997778097
gc_disabled,7292,1.3263999990158482
gc_disabled,7293,1.4866000001347857
gc_disabled,7294,1.2783000001945766
gc_disabled,7295,1.3139999991835793
gc_disabled,7296,1.2370000004011672
gc_disabled,7297,1.3042999999015592
gc_disabled,7298,1.2391000000206986
gc_disabled,7299,1.2016999990009936
gc_disabled,7300,1.3056999996479135
gc_disabled,7301,1.261999999769614
gc_disabled,7302,1.2270999995962484
gc_disabled,7303,1.2320999994699378
gc_disabled,7304,1.2667000009969342
gc_disabled,7305,1.2544000001071254
gc_disabled,7306,1.2525999991339631
gc_disabled,7307,1.337499999863212
gc_disabled,7308,1.3070999993942678
gc_disabled,7309,1.3471000002027722
gc_disabled,7310,1.3825999994878657
gc_disabled,7311,1.2616000003617955
gc_disabled,7312,1.4453999992838362
gc_disabled,7313,1.2853000007453375
gc_disabled,7314,1.2632000016310485
gc_disabled,7315,1.282799999898998
gc_disabled,7316,1.2700000006589107
gc_disabled,7317,1.3134999990143115
gc_disabled,7318,1.2348999989626464
gc_disabled,7319,1.262599998881342
gc_disabled,7320,1.2914999988424825
gc_disabled,7321,1.261299999896437
gc_disabled,7322,1.2831000003643567
gc_disabled,7323,1.3003999993088655
gc_disabled,7324,1.4203999999153893
gc_disabled,7325,1.2752999991789693
gc_disabled,7326,1.2580000002344605
gc_disabled,7327,1.2585000004037283
gc_disabled,7328,1.5036999993753852
gc_disabled,7329,1.2722999999823514
gc_disabled,7330,1.2626999996427912
gc_disabled,7331,1.4031999999133404
gc_disabled,7332,1.2719999995169928
gc_disabled,7333,1.2647000003198627
gc_disabled,7334,1.278400000956026
gc_disabled,7335,1.298299999689334
gc_disabled,7336,1.324400000157766
gc_disabled,7337,1.2335999999777414
gc_disabled,7338,1.2488000011217082
gc_disabled,7339,1.2790999990102137
gc_disabled,7340,1.2478999997256324
gc_disabled,7341,1.211900000271271
gc_disabled,7342,1.2509999996836996
gc_disabled,7343,1.205499998832238
gc_disabled,7344,1.2304000010772143
gc_disabled,7345,1.2483000009524403
gc_disabled,7346,1.260099999853992
gc_disabled,7347,1.2615000014193356
gc_disabled,7348,1.2423999996826751
gc_disabled,7349,1.2463999992178287
gc_disabled,7350,1.3393000008363742
gc_disabled,7351,1.3226999999460531
gc_disabled,7352,1.2663999987125862
gc_disabled,7353,1.3948999985586852
gc_disabled,7354,1.433200000974466
gc_disabled,7355,1.3758000004600035
gc_disabled,7356,1.2710999999399064
gc_disabled,7357,1.2645999995584134
gc_disabled,7358,1.1991999999736436
gc_disabled,7359,1.248200000190991
gc_disabled,7360,1.195900000311667
gc_disabled,7361,1.2566000004881062
gc_disabled,7362,1.2150999991717981
gc_disabled,7363,1.2069000003975816
gc_disabled,7364,1.3128999999025837
gc_disabled,7365,1.2523999994300539
gc_disabled,7366,1.3185999996494502
gc_disabled,7367,1.2771000001521315
gc_disabled,7368,1.224599998749909
gc_disabled,7369,1.3782000005448936
gc_disabled,7370,1.271400000405265
gc_disabled,7371,1.252300000487594
gc_disabled,7372,1.2733000003208872
gc_disabled,7373,1.3311000002431683
gc_disabled,7374,1.2413000004016794
gc_disabled,7375,1.436299999113544
gc_disabled,7376,1.3610000005428446
gc_disabled,7377,1.4250999993237201
gc_disabled,7378,1.3027999993937556
gc_disabled,7379,1.2631000008695992
gc_disabled,7380,1.3021000013395678
gc_disabled,7381,1.2584000014612684
gc_disabled,7382,1.2248000002728077
gc_disabled,7383,1.2476000010792632
gc_disabled,7384,1.2454000006982824
gc_disabled,7385,1.2059000000590459
gc_disabled,7386,1.2344999995548278
gc_disabled,7387,1.2528000006568618
gc_disabled,7388,1.3104999998176936
gc_disabled,7389,1.2693000007857336
gc_disabled,7390,1.2275999997655163
gc_disabled,7391,1.308200000494253
gc_disabled,7392,1.2368999996397179
gc_disabled,7393,1.2462000013329089
gc_disabled,7394,1.2883999988844153
gc_disabled,7395,1.2846000008721603
gc_disabled,7396,1.3398000010056421
gc_disabled,7397,1.3029999990976648
gc_disabled,7398,1.2295999986235984
gc_disabled,7399,1.2267000001884298
gc_disabled,7400,1.4864999993733363
gc_disabled,7401,1.3507000003301073
gc_disabled,7402,1.3111000007484108
gc_disabled,7403,1.2414000011631288
gc_disabled,7404,1.2712000007013557
gc_disabled,7405,1.2586000011651777
gc_disabled,7406,1.2391000000206986
gc_disabled,7407,1.223200000822544
gc_disabled,7408,1.2552999996842118
gc_disabled,7409,1.2692000000242842
gc_disabled,7410,1.288100000238046
gc_disabled,7411,1.264900000023772
gc_disabled,7412,1.3650000000779983
gc_disabled,7413,1.2657000006583985
gc_disabled,7414,1.2541999985842267
gc_disabled,7415,1.2382000004436122
gc_disabled,7416,1.2062000005244045
gc_disabled,7417,1.3112999986333307
gc_disabled,7418,1.3163999992684694
gc_disabled,7419,1.4464000014413614
gc_disabled,7420,1.3226000010035932
gc_disabled,7421,1.2492000005295267
gc_disabled,7422,1.3163999992684694
gc_disabled,7423,1.2708000012935372
gc_disabled,7424,1.2903000006190268
gc_disabled,7425,1.3656999999511754
gc_disabled,7426,1.2878999987151474
gc_disabled,7427,1.295100000788807
gc_disabled,7428,1.2560999984998489
gc_disabled,7429,1.2236000002303626
gc_disabled,7430,1.2895999989268603
gc_disabled,7431,1.2797999988833908
gc_disabled,7432,1.2215999995532911
gc_disabled,7433,1.2568000001920154
gc_disabled,7434,1.260799999727169
gc_disabled,7435,1.2628999993467005
gc_disabled,7436,1.3459000001603272
gc_disabled,7437,1.2410999988787808
gc_disabled,7438,1.2772999998560408
gc_disabled,7439,1.2233000015839934
gc_disabled,7440,1.2511999993876088
gc_disabled,7441,1.2483999998949002
gc_disabled,7442,1.223700000991812
gc_disabled,7443,1.2478000007831724
gc_disabled,7444,1.2962999990122626
gc_disabled,7445,1.3225999991846038
gc_disabled,7446,1.2296000004425878
gc_disabled,7447,1.481400000557187
gc_disabled,7448,1.3680000010936055
gc_disabled,7449,1.3073000009171665
gc_disabled,7450,1.359599998977501
gc_disabled,7451,1.2341000001470093
gc_disabled,7452,1.2679999999818392
gc_disabled,7453,1.2699999988399213
gc_disabled,7454,1.206199998705415
gc_disabled,7455,1.2733999992633471
gc_disabled,7456,1.2735000000247965
gc_disabled,7457,1.3331999998626998
gc_disabled,7458,1.2709000002359971
gc_disabled,7459,1.284099998883903
gc_disabled,7460,1.2669000007008435
gc_disabled,7461,1.4621999998780666
gc_disabled,7462,1.5514999995502876
gc_disabled,7463,1.329700000496814
gc_disabled,7464,1.336200000878307
gc_disabled,7465,1.2049000015394995
gc_disabled,7466,1.220499998453306
gc_disabled,7467,1.2552000007417519
gc_disabled,7468,1.4336999993247446
gc_disabled,7469,1.5150999988691183
gc_disabled,7470,1.4104000001680106
gc_disabled,7471,1.4376999988598982
gc_disabled,7472,1.3289999988046475
gc_disabled,7473,1.3051999994786456
gc_disabled,7474,1.2896999996883096
gc_disabled,7475,1.2108999999327352
gc_disabled,7476,1.2745000003633322
gc_disabled,7477,1.2556000001495704
gc_disabled,7478,1.2349999997240957
gc_disabled,7479,1.2546999987534946
gc_disabled,7480,1.2732000013784273
gc_disabled,7481,1.298700000916142
gc_disabled,7482,1.2704000000667293
gc_disabled,7483,1.333899999735877
gc_disabled,7484,1.2956999999005347
gc_disabled,7485,1.301199999943492
gc_disabled,7486,1.23879999955534
gc_disabled,7487,1.273100000616978
gc_disabled,7488,1.354199999695993
gc_disabled,7489,1.9010000014532125
gc_disabled,7490,1.394199998685508
gc_disabled,7491,1.277900000786758
gc_disabled,7492,1.3327000015124213
gc_disabled,7493,1.222500000949367
gc_disabled,7494,1.310199999352335
gc_disabled,7495,1.292200000534649
gc_disabled,7496,1.2397000009514159
gc_disabled,7497,1.3438999994832557
gc_disabled,7498,1.249800001460244
gc_disabled,7499,1.226100001076702
gc_disabled,7500,1.3295999997353647
gc_disabled,7501,1.4217999996617436
gc_disabled,7502,1.23639999947045
gc_disabled,7503,1.2560000013763783
gc_disabled,7504,1.3073999998596264
gc_disabled,7505,1.2998000001971377
gc_disabled,7506,1.4425000008486677
gc_disabled,7507,1.255499999388121
gc_disabled,7508,1.2170999998488696
gc_disabled,7509,1.2877999997726874
gc_disabled,7510,1.2621000005310634
gc_disabled,7511,1.2756999985867878
gc_disabled,7512,1.2895999989268603
gc_disabled,7513,1.2289000005694106
gc_disabled,7514,1.3025999996898463
gc_disabled,7515,1.257000001714914
gc_disabled,7516,1.2122999996790895
gc_disabled,7517,1.3576000001194188
gc_disabled,7518,1.302399999985937
gc_disabled,7519,1.2747000000672415
gc_disabled,7520,1.283999999941443
gc_disabled,7521,1.2960999993083533
gc_disabled,7522,1.2890999987575924
gc_disabled,7523,1.2709000002359971
gc_disabled,7524,1.2306000007811235
gc_disabled,7525,1.2875000011263182
gc_disabled,7526,1.273899999432615
gc_disabled,7527,1.2806000013370067
gc_disabled,7528,1.2717999998130836
gc_disabled,7529,1.233499999216292
gc_disabled,7530,1.306599999225
gc_disabled,7531,1.2810999996872852
gc_disabled,7532,1.3746999993600184
gc_disabled,7533,1.3890000009268988
gc_disabled,7534,1.2760999998135958
gc_disabled,7535,1.2533000008261297
gc_disabled,7536,1.3068999996903585
gc_disabled,7537,1.3199999993958045
gc_disabled,7538,1.1989000013272744
gc_disabled,7539,1.2466999996831873
gc_disabled,7540,1.2935000013385434
gc_disabled,7541,1.2550999999803025
gc_disabled,7542,1.3067999989289092
gc_disabled,7543,1.2671999993472127
gc_disabled,7544,1.288100000238046
gc_disabled,7545,1.4208000011421973
gc_disabled,7546,1.3157000012142817
gc_disabled,7547,1.2764000002789544
gc_disabled,7548,1.315400000748923
gc_disabled,7549,1.3409000002866378
gc_disabled,7550,1.339999998890562
gc_disabled,7551,1.2365999991743593
gc_disabled,7552,1.2389000003167894
gc_disabled,7553,1.2741999998979736
gc_disabled,7554,1.2872000006609596
gc_disabled,7555,1.2513000001490582
gc_disabled,7556,1.3319000008777948
gc_disabled,7557,1.2519000010797754
gc_disabled,7558,1.2724000007438008
gc_disabled,7559,1.2354000009509036
gc_disabled,7560,1.2383000012050616
gc_disabled,7561,1.23150000035821
gc_disabled,7562,1.2353000001894543
gc_disabled,7563,1.613599999473081
gc_disabled,7564,1.2879999994765967
gc_disabled,7565,1.2989999995625112
gc_disabled,7566,1.2932999998156447
gc_disabled,7567,1.2442000006558374
gc_disabled,7568,1.2566000004881062
gc_disabled,7569,1.3497999989340315
gc_disabled,7570,1.2948000003234483
gc_disabled,7571,1.2342000009084586
gc_disabled,7572,1.2514000009105075
gc_disabled,7573,1.2759000001096865
gc_disabled,7574,1.306900001509348
gc_disabled,7575,1.2479000015446218
gc_disabled,7576,1.500699998359778
gc_disabled,7577,1.3209000007918803
gc_disabled,7578,1.2533999997685896
gc_disabled,7579,1.2601999987964518
gc_disabled,7580,1.2585999993461883
gc_disabled,7581,1.2396999991324265
gc_disabled,7582,1.285700000153156
gc_disabled,7583,1.232200000231387
gc_disabled,7584,1.3218000003689667
gc_disabled,7585,1.2227999995957362
gc_disabled,7586,1.3691000003746012
gc_disabled,7587,1.302499998928397
gc_disabled,7588,1.2552999996842118
gc_disabled,7589,1.4417000002140412
gc_disabled,7590,1.4651000001322245
gc_disabled,7591,1.3197999996918952
gc_disabled,7592,1.2409999999363208
gc_disabled,7593,1.305399999182555
gc_disabled,7594,1.3149000005796552
gc_disabled,7595,1.254200000403216
gc_disabled,7596,1.2199000011605676
gc_disabled,7597,1.2272000003576977
gc_disabled,7598,1.2414000011631288
gc_disabled,7599,1.2378000010357937
gc_disabled,7600,1.2602000006154412
gc_disabled,7601,1.266500001293025
gc_disabled,7602,1.258399999642279
gc_disabled,7603,1.2593000010383548
gc_disabled,7604,1.241699999809498
gc_disabled,7605,1.248200000190991
gc_disabled,7606,1.2884999996458646
gc_disabled,7607,1.2471999998524552
gc_disabled,7608,1.2532999990071403
gc_disabled,7609,1.2827000009565381
gc_disabled,7610,1.334599999609054
gc_disabled,7611,1.3361000001168577
gc_disabled,7612,1.408800000717747
gc_disabled,7613,1.2004000000160886
gc_disabled,7614,1.2532999990071403
gc_disabled,7615,1.2240999985806411
gc_disabled,7616,1.266600000235485
gc_disabled,7617,1.2858999998570653
gc_disabled,7618,1.2747000000672415
gc_disabled,7619,1.3512000004993752
gc_disabled,7620,1.3199000004533445
gc_disabled,7621,1.293400000577094
gc_disabled,7622,1.3331000009202398
gc_disabled,7623,1.2449999994714744
gc_disabled,7624,1.2525000001915032
gc_disabled,7625,1.3008000005356735
gc_disabled,7626,1.2055999995936872
gc_disabled,7627,1.283999999941443
gc_disabled,7628,1.2294000007386785
gc_disabled,7629,1.345700000456418
gc_disabled,7630,1.2913999999000225
gc_disabled,7631,1.2427999990904937
gc_disabled,7632,1.5031999992061174
gc_disabled,7633,1.284900001337519
gc_disabled,7634,1.5008999998826766
gc_disabled,7635,1.2822000007872703
gc_disabled,7636,1.232200000231387
gc_disabled,7637,1.4221000001271022
gc_disabled,7638,1.3877000001230044
gc_disabled,7639,1.2781000004906673
gc_disabled,7640,1.3061000008747214
gc_disabled,7641,1.2686000009125564
gc_disabled,7642,1.3288999998621875
gc_disabled,7643,1.3300999999046326
gc_disabled,7644,1.224999999976717
gc_disabled,7645,1.2718999987555435
gc_disabled,7646,1.3030999998591142
gc_disabled,7647,1.246499999979278
gc_disabled,7648,1.278699999602395
gc_disabled,7649,1.2177000007795868
gc_disabled,7650,1.3441999999486143
gc_disabled,7651,1.2373999998089857
gc_disabled,7652,1.3330000001587905
gc_disabled,7653,1.2606000000232598
gc_disabled,7654,1.2515999987954274
gc_disabled,7655,1.2785999988409458
gc_disabled,7656,1.3139000002411194
gc_disabled,7657,1.293099998292746
gc_disabled,7658,1.2325000006967457
gc_disabled,7659,1.262099998712074
gc_disabled,7660,1.2280999999347841
gc_disabled,7661,1.3564999990194337
gc_disabled,7662,1.2628000004042406
gc_disabled,7663,1.9179000009899028
gc_disabled,7664,1.2361999997665407
gc_disabled,7665,1.2639999986276962
gc_disabled,7666,1.248999999006628
gc_disabled,7667,1.2748000008286908
gc_disabled,7668,1.2843999993492616
gc_disabled,7669,1.2671999993472127
gc_disabled,7670,1.2745999993057922
gc_disabled,7671,1.2545000008685747
gc_disabled,7672,1.2884999996458646
gc_disabled,7673,1.2394999994285172
gc_disabled,7674,1.3394000015978236
gc_disabled,7675,1.246900001206086
gc_disabled,7676,1.2896999996883096
gc_disabled,7677,1.479799999287934
gc_disabled,7678,1.2770999983331421
gc_disabled,7679,1.3483000002452172
gc_disabled,7680,1.3254000004963018
gc_disabled,7681,1.3729000002058456
gc_disabled,7682,1.2471999998524552
gc_disabled,7683,1.2705999997706385
gc_disabled,7684,1.2728000001516193
gc_disabled,7685,1.2646999985008733
gc_disabled,7686,1.2698999998974614
gc_disabled,7687,1.2818999985029222
gc_disabled,7688,1.329799999439274
gc_disabled,7689,1.2896000007458497
gc_disabled,7690,1.2552000007417519
gc_disabled,7691,1.2497999996412545
gc_disabled,7692,1.2105000005249167
gc_disabled,7693,1.2473999995563645
gc_disabled,7694,1.2075000013282988
gc_disabled,7695,1.280899999983376
gc_disabled,7696,1.2151000009907875
gc_disabled,7697,1.2400000014167745
gc_disabled,7698,1.2442999995982973
gc_disabled,7699,1.2686999998550164
gc_disabled,7700,1.2879999994765967
gc_disabled,7701,1.2507000010373304
gc_disabled,7702,1.3122999989718664
gc_disabled,7703,1.3361000001168577
gc_disabled,7704,1.2511999993876088
gc_disabled,7705,1.3041999991401099
gc_disabled,7706,1.2521999997261446
gc_disabled,7707,1.427999999577878
gc_disabled,7708,1.3245000009192154
gc_disabled,7709,1.2817000006180024
gc_disabled,7710,1.2643999998545041
gc_disabled,7711,1.2018999987049028
gc_disabled,7712,1.282799999898998
gc_disabled,7713,1.269000000320375
gc_disabled,7714,1.2747999990097014
gc_disabled,7715,1.2681999996857485
gc_disabled,7716,1.266100000066217
gc_disabled,7717,1.2509999996836996
gc_disabled,7718,1.2549999992188532
gc_disabled,7719,1.2851999999838881
gc_disabled,7720,1.3523999987228308
gc_disabled,7721,1.4044999988982454
gc_disabled,7722,1.298799999858602
gc_disabled,7723,1.2406000005285023
gc_disabled,7724,1.2206000010337448
gc_disabled,7725,1.4331999991554767
gc_disabled,7726,1.2968999999429798
gc_disabled,7727,1.282799999898998
gc_disabled,7728,1.2865000007877825
gc_disabled,7729,1.3085999999020714
gc_disabled,7730,1.2365999991743593
gc_disabled,7731,1.336299999820767
gc_disabled,7732,1.299999999901047
gc_disabled,7733,1.2552999996842118
gc_disabled,7734,1.2668999988818541
gc_disabled,7735,1.2245000016264385
gc_disabled,7736,1.2397000009514159
gc_disabled,7737,1.3058999993518228
gc_disabled,7738,1.2848999995185295
gc_disabled,7739,1.298799999858602
gc_disabled,7740,1.2289999995118706
gc_disabled,7741,1.2215999995532911
gc_disabled,7742,1.3681999989785254
gc_disabled,7743,1.2248999992152676
gc_disabled,7744,1.227400000061607
gc_disabled,7745,1.2272999993001577
gc_disabled,7746,1.2369999985821778
gc_disabled,7747,1.2585000004037283
gc_disabled,7748,1.3226000010035932
gc_disabled,7749,1.2853999996877974
gc_disabled,7750,1.3474999996105907
gc_disabled,7751,1.355399999738438
gc_disabled,7752,1.3318000001163455
gc_disabled,7753,1.346400000329595
gc_disabled,7754,1.266100000066217
gc_disabled,7755,1.2454999996407423
gc_disabled,7756,1.2676999995164806
gc_disabled,7757,1.2301000006118556
gc_disabled,7758,1.2205000002722954
gc_disabled,7759,1.236800000697258
gc_disabled,7760,1.234799998201197
gc_disabled,7761,1.259599999684724
gc_disabled,7762,1.248100001248531
gc_disabled,7763,1.2138000001868932
gc_disabled,7764,1.2282000006962335
gc_disabled,7765,1.4143999997031642
gc_disabled,7766,1.2306000007811235
gc_disabled,7767,1.3010000002395827
gc_disabled,7768,1.2380999996821629
gc_disabled,7769,1.2930000011692755
gc_disabled,7770,1.289399999222951
gc_disabled,7771,1.2308000004850328
gc_disabled,7772,1.2973000011697877
gc_disabled,7773,1.2695000004896428
gc_disabled,7774,1.263199999812059
gc_disabled,7775,1.2040999990858836
gc_disabled,7776,1.2718999987555435
gc_disabled,7777,1.258300000699819
gc_disabled,7778,1.2769000004482223
gc_disabled,7779,1.3559999988501659
gc_disabled,7780,1.277999999729218
gc_disabled,7781,1.2907999989693053
gc_disabled,7782,1.2877999997726874
gc_disabled,7783,1.2692999989667442
gc_disabled,7784,1.2734000010823365
gc_disabled,7785,1.3679999992746161
gc_disabled,7786,1.248299999133451
gc_disabled,7787,1.247000000148546
gc_disabled,7788,1.2337000007391907
gc_disabled,7789,1.2977999995200662
gc_disabled,7790,1.2824999994336395
gc_disabled,7791,1.3071000012132572
gc_disabled,7792,1.2401999993016943
gc_disabled,7793,1.2194999999337597
gc_disabled,7794,1.2994000007893192
gc_disabled,7795,1.357099999950151
gc_disabled,7796,1.285600001210696
gc_disabled,7797,1.2674999998125713
gc_disabled,7798,1.2604999992618104
gc_disabled,7799,1.244600000063656
gc_disabled,7800,1.232799999343115
gc_disabled,7801,1.2615999985428061
gc_disabled,7802,1.1945999995077727
gc_disabled,7803,1.2296999993850477
gc_disabled,7804,1.2399000006553251
gc_disabled,7805,1.241699999809498
gc_disabled,7806,1.3209999997343402
gc_disabled,7807,1.3486999996530358
gc_disabled,7808,1.2818999985029222
gc_disabled,7809,1.314700000875746
gc_disabled,7810,1.3538000002881745
gc_disabled,7811,1.2381999986246228
gc_disabled,7812,1.251800000318326
gc_disabled,7813,1.391699999658158
gc_disabled,7814,1.283300000068266
gc_disabled,7815,1.280399999814108
gc_disabled,7816,1.2680999989242991
gc_disabled,7817,1.2115999998059124
gc_disabled,7818,1.3191000016377075
gc_disabled,7819,1.2879999994765967
gc_disabled,7820,1.3226999999460531
gc_disabled,7821,1.3247000006231247
gc_disabled,7822,1.2496999988798052
gc_disabled,7823,1.2724999996862607
gc_disabled,7824,1.2688000006164657
gc_disabled,7825,1.2490000008256175
gc_disabled,7826,1.2671000004047528
gc_disabled,7827,1.2593000010383548
gc_disabled,7828,1.3507000003301073
gc_disabled,7829,1.2430999995558523
gc_disabled,7830,1.2667999999393942
gc_disabled,7831,1.2790000000677537
gc_disabled,7832,1.258800000869087
gc_disabled,7833,1.2641999983316055
gc_disabled,7834,1.2901999998575775
gc_disabled,7835,1.2686000009125564
gc_disabled,7836,1.2170999998488696
gc_disabled,7837,1.2769999993906822
gc_disabled,7838,1.2774000006174902
gc_disabled,7839,1.271499999347725
gc_disabled,7840,1.290599999265396
gc_disabled,7841,1.219199999468401
gc_disabled,7842,1.4625000003434252
gc_disabled,7843,1.286499998968793
gc_disabled,7844,1.2447999997675652
gc_disabled,7845,1.3125000004947651
gc_disabled,7846,1.266100000066217
gc_disabled,7847,1.2287000008655014
gc_disabled,7848,1.2826999991375487
gc_disabled,7849,1.2759999990521464
gc_disabled,7850,1.3644999999087304
gc_disabled,7851,1.2829999996029073
gc_disabled,7852,1.2458999990485609
gc_disabled,7853,1.2698999998974614
gc_disabled,7854,1.8864000012399629
gc_disabled,7855,1.2993999989703298
gc_disabled,7856,1.3137000005372101
gc_disabled,7857,1.3135999997757608
gc_disabled,7858,1.2381000015011523
gc_disabled,7859,1.30899999930989
gc_disabled,7860,1.229399998919689
gc_disabled,7861,1.3961999993625795
gc_disabled,7862,1.258399999642279
gc_disabled,7863,1.2676000005740207
gc_disabled,7864,1.2410999988787808
gc_disabled,7865,1.294699999561999
gc_disabled,7866,1.3059000011708122
gc_disabled,7867,1.3584000007540453
gc_disabled,7868,1.4252999990276294
gc_disabled,7869,1.2446999990061158
gc_disabled,7870,1.2354999998933636
gc_disabled,7871,1.2938999989273725
gc_disabled,7872,1.2004999989585485
gc_disabled,7873,1.2765999999828637
gc_disabled,7874,1.269099999262835
gc_disabled,7875,1.3555000004998874
gc_disabled,7876,1.2501000001066132
gc_disabled,7877,1.1912000009033363
gc_disabled,7878,1.2424000015016645
gc_disabled,7879,1.2447999997675652
gc_disabled,7880,1.2696000012510922
gc_disabled,7881,1.2514999998529674
gc_disabled,7882,1.2483999998949002
gc_disabled,7883,1.4240000000427244
gc_disabled,7884,2.6095000011991942
gc_disabled,7885,1.6390999990107957
gc_disabled,7886,2.306099999259459
gc_disabled,7887,1.8486000008124392
gc_disabled,7888,1.3869000013073673
gc_disabled,7889,1.3033000013820129
gc_disabled,7890,1.3228999996499624
gc_disabled,7891,1.2323000009928364
gc_disabled,7892,1.2977000005776063
gc_disabled,7893,1.34520000028715
gc_disabled,7894,1.2368999996397179
gc_disabled,7895,1.2733000003208872
gc_disabled,7896,1.2410999988787808
gc_disabled,7897,1.2409000009938609
gc_disabled,7898,1.297099999646889
gc_disabled,7899,1.4026999997440726
gc_disabled,7900,1.4245000002119923
gc_disabled,7901,1.2669999996433035
gc_disabled,7902,1.243300001078751
gc_disabled,7903,1.3724999989790376
gc_disabled,7904,1.2207999989186646
gc_disabled,7905,1.2623999991774326
gc_disabled,7906,1.2647999992623227
gc_disabled,7907,1.31389999842213
gc_disabled,7908,1.267300000108662
gc_disabled,7909,1.2418000005709473
gc_disabled,7910,1.2833999990107259
gc_disabled,7911,1.3159999998606509
gc_disabled,7912,1.3471999991452321
gc_disabled,7913,1.4271000000007916
gc_disabled,7914,1.2369000014587073
gc_disabled,7915,1.3496000010491116
gc_disabled,7916,1.2729000009130687
gc_disabled,7917,1.2569000009534648
gc_disabled,7918,1.2306000007811235
gc_disabled,7919,1.2657999996008584
gc_disabled,7920,1.280499998756568
gc_disabled,7921,1.4399000010598684
gc_disabled,7922,1.2760000008711359
gc_disabled,7923,1.2444999993022066
gc_disabled,7924,1.2752000002365094
gc_disabled,7925,1.2492999994719867
gc_disabled,7926,1.4768000000913162
gc_disabled,7927,1.3531999993574573
gc_disabled,7928,1.4056999989406904
gc_disabled,7929,1.3780999997834442
gc_disabled,7930,1.2833999990107259
gc_disabled,7931,1.3436999997793464
gc_disabled,7932,1.2616000003617955
gc_disabled,7933,1.280399999814108
gc_disabled,7934,1.358399998935056
gc_disabled,7935,1.3422000010905322
gc_disabled,7936,1.3474000006681308
gc_disabled,7937,1.2554000004456611
gc_disabled,7938,1.3068999996903585
gc_disabled,7939,1.2652999994315905
gc_disabled,7940,1.3468999986798735
gc_disabled,7941,1.2912000001961133
gc_disabled,7942,1.4364999988174532
gc_disabled,7943,1.282000001083361
gc_disabled,7944,1.257100000657374
gc_disabled,7945,1.2478000007831724
gc_disabled,7946,1.244000000951928
gc_disabled,7947,1.3255000012577511
gc_disabled,7948,1.2556999990920303
gc_disabled,7949,1.2426000012055738
gc_disabled,7950,1.3204000006226124
gc_disabled,7951,1.2566000004881062
gc_disabled,7952,1.2418000005709473
gc_disabled,7953,1.2736999997287057
gc_disabled,7954,1.2330999998084735
gc_disabled,7955,1.2545000008685747
gc_disabled,7956,1.2421999999787658
gc_disabled,7957,1.2847999987570802
gc_disabled,7958,1.3299000002007233
gc_disabled,7959,1.3337000000319676
gc_disabled,7960,1.2839000009989832
gc_disabled,7961,1.2382000004436122
gc_disabled,7962,1.2435999997251201
gc_disabled,7963,1.2835999987146351
gc_disabled,7964,1.2573999993037432
gc_disabled,7965,1.2558999987959396
gc_disabled,7966,1.1836000012408476
gc_disabled,7967,1.261200000953977
gc_disabled,7968,1.2836999994760845
gc_disabled,7969,1.2231000000610948
gc_disabled,7970,1.3299000002007233
gc_disabled,7971,1.3211000004957896
gc_disabled,7972,1.2784999998984858
gc_disabled,7973,1.3494000013452023
gc_disabled,7974,1.2575999990076525
gc_disabled,7975,1.6273000001092441
gc_disabled,7976,1.4310000005934853
gc_disabled,7977,1.2802000001101987
gc_disabled,7978,1.275500000701868
gc_disabled,7979,1.2158000008639647
gc_disabled,7980,1.297599999816157
gc_disabled,7981,1.304800000070827
gc_disabled,7982,1.3147999998182058
gc_disabled,7983,1.286800001253141
gc_disabled,7984,1.2628000004042406
gc_disabled,7985,1.293499999519554
gc_disabled,7986,1.3049999997747364
gc_disabled,7987,1.3854000007995637
gc_disabled,7988,1.3087000006635208
gc_disabled,7989,1.3906999993196223
gc_disabled,7990,1.324499999100226
gc_disabled,7991,1.2912000001961133
gc_disabled,7992,1.2461999995139195
gc_disabled,7993,1.23879999955534
gc_disabled,7994,1.3331999998626998
gc_disabled,7995,1.259199998457916
gc_disabled,7996,1.2825000012526289
gc_disabled,7997,1.2616999993042555
gc_disabled,7998,1.2414000011631288
gc_disabled,7999,1.2311999998928513
gc_disabled,8000,1.2325999996392056
gc_disabled,8001,1.3280000002851011
gc_disabled,8002,1.2207999989186646
gc_disabled,8003,1.2368999996397179
gc_disabled,8004,1.2681999996857485
gc_disabled,8005,1.268500000151107
gc_disabled,8006,1.3421999992715428
gc_disabled,8007,1.2409999999363208
gc_disabled,8008,1.269000000320375
gc_disabled,8009,1.2300999987928662
gc_disabled,8010,1.298799999858602
gc_disabled,8011,1.2473000006139046
gc_disabled,8012,1.2299999998504063
gc_disabled,8013,1.335099999778322
gc_disabled,8014,1.3371000004553935
gc_disabled,8015,1.2580000002344605
gc_disabled,8016,1.495600001362618
gc_disabled,8017,1.3527999999496387
gc_disabled,8018,1.3146000001142966
gc_disabled,8019,1.3222000015957747
gc_disabled,8020,1.2864000000263331
gc_disabled,8021,1.2434000000212109
gc_disabled,8022,1.253599999472499
gc_disabled,8023,1.3453999999910593
gc_disabled,8024,1.2323999999352964
gc_disabled,8025,1.2993000000278698
gc_disabled,8026,1.2397999998938758
gc_disabled,8027,1.4355000002979068
gc_disabled,8028,1.3044000006630085
gc_disabled,8029,1.2825000012526289
gc_disabled,8030,1.279600000998471
gc_disabled,8031,1.3699999999516876
gc_disabled,8032,1.2741999998979736
gc_disabled,8033,1.2931000001117354
gc_disabled,8034,1.2850000002799788
gc_disabled,8035,1.2927000007039169
gc_disabled,8036,1.2722000010398915
gc_disabled,8037,1.2884999996458646
gc_disabled,8038,1.2210000004415633
gc_disabled,8039,1.289700001507299
gc_disabled,8040,1.2743999996018829
gc_disabled,8041,1.37660000109463
gc_disabled,8042,1.2631000008695992
gc_disabled,8043,1.255999999557389
gc_disabled,8044,1.3912000013078796
gc_disabled,8045,1.2581999999383697
gc_disabled,8046,1.3175999993109144
gc_disabled,8047,1.259699998627184
gc_disabled,8048,1.2366000009933487
gc_disabled,8049,1.2991000003239606
gc_disabled,8050,1.2502000008680625
gc_disabled,8051,1.326100000369479
gc_disabled,8052,1.2980999999854248
gc_disabled,8053,1.2798999996448401
gc_disabled,8054,1.2977000005776063
gc_disabled,8055,1.2318999997660285
gc_disabled,8056,1.2513000001490582
gc_disabled,8057,1.2151999999332475
gc_disabled,8058,1.5162999989115633
gc_disabled,8059,1.2599000001500826
gc_disabled,8060,1.2533000008261297
gc_disabled,8061,1.3017000001127599
gc_disabled,8062,1.2552999996842118
gc_disabled,8063,1.258399999642279
gc_disabled,8064,1.2473000006139046
gc_disabled,8065,1.350599999568658
gc_disabled,8066,1.3490000001183944
gc_disabled,8067,1.2176999989605974
gc_disabled,8068,1.2718999987555435
gc_disabled,8069,1.2735000000247965
gc_disabled,8070,1.3070999993942678
gc_disabled,8071,1.224999999976717
gc_disabled,8072,1.2451000002329238
gc_disabled,8073,1.2940999986312818
gc_disabled,8074,1.4209999990271172
gc_disabled,8075,1.5008999998826766
gc_disabled,8076,1.2960999993083533
gc_disabled,8077,1.3275999990582932
gc_disabled,8078,1.2676000005740207
gc_disabled,8079,1.2729999998555286
gc_disabled,8080,1.2773999987985007
gc_disabled,8081,1.2201999998069368
gc_disabled,8082,1.290599999265396
gc_disabled,8083,1.2456000004021917
gc_disabled,8084,1.2602999995579012
gc_disabled,8085,1.2423000007402152
gc_disabled,8086,1.326899999185116
gc_disabled,8087,1.2420000002748566
gc_disabled,8088,1.3027000004512956
gc_disabled,8089,1.2268000009498792
gc_disabled,8090,1.3030999998591142
gc_disabled,8091,1.2483999998949002
gc_disabled,8092,1.2980000010429649
gc_disabled,8093,1.2339000004431
gc_disabled,8094,1.3364000005822163
gc_disabled,8095,1.2841000007028924
gc_disabled,8096,1.452399999834597
gc_disabled,8097,1.3756999996985542
gc_disabled,8098,1.2502000008680625
gc_disabled,8099,1.3123000007908558
gc_disabled,8100,1.27269999939017
gc_disabled,8101,1.3467999997374136
gc_disabled,8102,1.2941999993927311
gc_disabled,8103,1.6477999997732695
gc_disabled,8104,1.285700000153156
gc_disabled,8105,1.3467999997374136
gc_disabled,8106,1.3254999994387617
gc_disabled,8107,1.2663999987125862
gc_disabled,8108,1.2635999992198776
gc_disabled,8109,1.4075999988563126
gc_disabled,8110,1.2927999996463768
gc_disabled,8111,1.2858000009146053
gc_disabled,8112,1.2425000004441245
gc_disabled,8113,1.2514999998529674
gc_disabled,8114,1.3009000012971228
gc_disabled,8115,1.289700001507299
gc_disabled,8116,1.2836999994760845
gc_disabled,8117,1.377399999910267
gc_disabled,8118,1.3214999999036081
gc_disabled,8119,1.414899999872432
gc_disabled,8120,1.3543999993999023
gc_disabled,8121,1.3417000009212643
gc_disabled,8122,1.2772999998560408
gc_disabled,8123,1.324499999100226
gc_disabled,8124,1.2771999990945915
gc_disabled,8125,1.2819999992643716
gc_disabled,8126,1.2698999998974614
gc_disabled,8127,1.3359999993554084
gc_disabled,8128,1.2777000010828488
gc_disabled,8129,1.3156000004528323
gc_disabled,8130,1.2598000012076227
gc_disabled,8131,1.3099999996484257
gc_disabled,8132,1.2868999983766116
gc_disabled,8133,1.2526999998954125
gc_disabled,8134,1.230200001373305
gc_disabled,8135,1.2652999994315905
gc_disabled,8136,1.2200000001030276
gc_disabled,8137,1.2927999996463768
gc_disabled,8138,1.2127999998483574
gc_disabled,8139,1.2729000009130687
gc_disabled,8140,1.2931999990541954
gc_disabled,8141,1.4522000001306878
gc_disabled,8142,1.2300999987928662
gc_disabled,8143,1.2548999984574039
gc_disabled,8144,1.2814000001526438
gc_disabled,8145,1.2787000014213845
gc_disabled,8146,1.375499999994645
gc_disabled,8147,1.264100001208135
gc_disabled,8148,1.3913999991927994
gc_disabled,8149,1.342300000032992
gc_disabled,8150,1.261299999896437
gc_disabled,8151,1.2568000001920154
gc_disabled,8152,1.3124999986757757
gc_disabled,8153,1.2450999984139344
gc_disabled,8154,1.2841999996453524
gc_disabled,8155,1.236800000697258
gc_disabled,8156,1.210200000059558
gc_disabled,8157,1.2581000009959098
gc_disabled,8158,1.2927000007039169
gc_disabled,8159,1.246499999979278
gc_disabled,8160,1.3543000004574424
gc_disabled,8161,1.2537000002339482
gc_disabled,8162,1.2952000015502563
gc_disabled,8163,1.3906999993196223
gc_disabled,8164,1.300099998843507
gc_disabled,8165,1.2973000011697877
gc_disabled,8166,1.2709000002359971
gc_disabled,8167,1.3780000008409843
gc_disabled,8168,1.3770999994449085
gc_disabled,8169,1.2817000006180024
gc_disabled,8170,1.2747000000672415
gc_disabled,8171,1.2728000001516193
gc_disabled,8172,1.2526999998954125
gc_disabled,8173,1.288100000238046
gc_disabled,8174,1.3017000001127599
gc_disabled,8175,1.2698999998974614
gc_disabled,8176,1.2821999989682809
gc_disabled,8177,1.2592000002769055
gc_disabled,8178,1.1954000001423992
gc_disabled,8179,1.2638999996852363
gc_disabled,8180,1.2202999987493968
gc_disabled,8181,1.2288999987504212
gc_disabled,8182,1.2672000011662021
gc_disabled,8183,1.2683999993896578
gc_disabled,8184,1.3001999996049562
gc_disabled,8185,1.3003000003664056
gc_disabled,8186,1.349300000583753
gc_disabled,8187,1.263199999812059
gc_disabled,8188,1.3174000014259946
gc_disabled,8189,1.260799999727169
gc_disabled,8190,1.410199998645112
gc_disabled,8191,1.3234999987616902
gc_disabled,8192,1.3180999994801823
gc_disabled,8193,1.3486000007105758
gc_disabled,8194,1.2423999996826751
gc_disabled,8195,1.2724999996862607
gc_disabled,8196,1.3056999996479135
gc_disabled,8197,1.2178999986645067
gc_disabled,8198,1.2447999997675652
gc_disabled,8199,1.2451000002329238
gc_disabled,8200,1.3462999995681457
gc_disabled,8201,1.2504999995144317
gc_disabled,8202,1.20489999972051
gc_disabled,8203,1.298700000916142
gc_disabled,8204,1.315499999691383
gc_disabled,8205,1.3710999992326833
gc_disabled,8206,1.2712999996438157
gc_disabled,8207,1.2611999991349876
gc_disabled,8208,1.409699998475844
gc_disabled,8209,1.299900000958587
gc_disabled,8210,1.3608999997813953
gc_disabled,8211,1.2468999993870966
gc_disabled,8212,1.3365999984671362
gc_disabled,8213,1.2782000012521166
gc_disabled,8214,1.2503999987529824
gc_disabled,8215,1.3247000006231247
gc_disabled,8216,1.2872000006609596
gc_disabled,8217,1.3596000007964903
gc_disabled,8218,1.2683000004471978
gc_disabled,8219,1.2492000005295267
gc_disabled,8220,1.3106999995216029
gc_disabled,8221,1.2103999997634673
gc_disabled,8222,1.2475000003178138
gc_disabled,8223,1.2288000016269507
gc_disabled,8224,1.2570999988383846
gc_disabled,8225,1.2468999993870966
gc_disabled,8226,1.383200000418583
gc_disabled,8227,1.2501000001066132
gc_disabled,8228,1.2887000011687633
gc_disabled,8229,1.2640999993891455
gc_disabled,8230,1.3030000009166542
gc_disabled,8231,1.260000000911532
gc_disabled,8232,1.2241000003996305
gc_disabled,8233,1.22900000133086
gc_disabled,8234,1.3139999991835793
gc_disabled,8235,1.2515999987954274
gc_disabled,8236,1.2504000005719718
gc_disabled,8237,1.3799999996990664
gc_disabled,8238,1.3010999991820427
gc_disabled,8239,1.3843999986420386
gc_disabled,8240,1.2447999997675652
gc_disabled,8241,1.404000000547967
gc_disabled,8242,1.2616000003617955
gc_disabled,8243,1.2420000002748566
gc_disabled,8244,1.2790000000677537
gc_disabled,8245,1.2784999998984858
gc_disabled,8246,1.2306999997235835
gc_disabled,8247,1.2849999984609894
gc_disabled,8248,1.2683999993896578
gc_disabled,8249,1.4043999999557855
gc_disabled,8250,1.264999998966232
gc_disabled,8251,1.2795999991794815
gc_disabled,8252,1.4608999990741722
gc_disabled,8253,1.271400000405265
gc_disabled,8254,1.4033000006747898
gc_disabled,8255,1.2614000006578863
gc_disabled,8256,1.2764999992214143
gc_disabled,8257,1.2430999995558523
gc_disabled,8258,1.2720000013359822
gc_disabled,8259,1.2410999988787808
gc_disabled,8260,1.6035999997257022
gc_disabled,8261,1.2882999999419553
gc_disabled,8262,1.3426999994408106
gc_disabled,8263,1.248200000190991
gc_disabled,8264,1.2552999996842118
gc_disabled,8265,1.263699999981327
gc_disabled,8266,1.224499999807449
gc_disabled,8267,1.403099999151891
gc_disabled,8268,1.2442000006558374
gc_disabled,8269,1.3515000009647338
gc_disabled,8270,1.3369000007514842
gc_disabled,8271,1.2576999997691019
gc_disabled,8272,1.2984999993932433
gc_disabled,8273,1.2693999997281935
gc_disabled,8274,1.248999999006628
gc_disabled,8275,1.2309000012464821
gc_disabled,8276,1.263600001038867
gc_disabled,8277,1.2998000001971377
gc_disabled,8278,1.322000000072876
gc_disabled,8279,1.263600001038867
gc_disabled,8280,1.2496000017563347
gc_disabled,8281,1.3953000016044825
gc_disabled,8282,1.3585000015154947
gc_disabled,8283,1.3665999995282618
gc_disabled,8284,1.2882999999419553
gc_disabled,8285,1.2962000000698026
gc_disabled,8286,1.2956999999005347
gc_disabled,8287,1.245800000106101
gc_disabled,8288,1.2162000002717832
gc_disabled,8289,1.2507999999797903
gc_disabled,8290,1.2912000001961133
gc_disabled,8291,1.26290000116569
gc_disabled,8292,1.3498000007530209
gc_disabled,8293,1.2631000008695992
gc_disabled,8294,1.2659000003623078
gc_disabled,8295,1.2914999988424825
gc_disabled,8296,1.259599999684724
gc_disabled,8297,1.3877000001230044
gc_disabled,8298,1.2831000003643567
gc_disabled,8299,1.2924999991810182
gc_disabled,8300,1.2927999996463768
gc_disabled,8301,1.3074999988020863
gc_disabled,8302,1.2882000009994954
gc_disabled,8303,1.2177999997220468
gc_disabled,8304,1.2670999985857634
gc_disabled,8305,1.2346000003162771
gc_disabled,8306,1.326100000369479
gc_disabled,8307,1.2932999998156447
gc_disabled,8308,1.3847999998688465
gc_disabled,8309,1.2786000006599352
gc_disabled,8310,1.471300000048359
gc_disabled,8311,1.2961000011273427
gc_disabled,8312,1.2434999989636708
gc_disabled,8313,1.261999999769614
gc_disabled,8314,1.2671000004047528
gc_disabled,8315,1.2566000004881062
gc_disabled,8316,1.2210000004415633
gc_disabled,8317,1.387900001645903
gc_disabled,8318,1.2764000002789544
gc_disabled,8319,1.3484999999491265
gc_disabled,8320,1.2628999993467005
gc_disabled,8321,1.27749999955995
gc_disabled,8322,1.2831000003643567
gc_disabled,8323,1.2573000003612833
gc_disabled,8324,1.3400999996520113
gc_disabled,8325,1.3902000009693438
gc_disabled,8326,1.232200000231387
gc_disabled,8327,1.280399999814108
gc_disabled,8328,1.2305000000196742
gc_disabled,8329,1.2183999988337746
gc_disabled,8330,1.4114000005065463
gc_disabled,8331,1.2640999993891455
gc_disabled,8332,1.2209000014991034
gc_disabled,8333,1.3075999995635357
gc_disabled,8334,1.1925999988307012
gc_disabled,8335,1.2554000004456611
gc_disabled,8336,1.2267999991308898
gc_disabled,8337,1.307799999267445
gc_disabled,8338,1.242499998625135
gc_disabled,8339,1.282000001083361
gc_disabled,8340,1.234699999258737
gc_disabled,8341,1.3890999998693587
gc_disabled,8342,1.3084000001981622
gc_disabled,8343,1.2829999996029073
gc_disabled,8344,1.2340000012045493
gc_disabled,8345,1.3165000000299187
gc_disabled,8346,1.2156000011600554
gc_disabled,8347,1.5327000000979751
gc_disabled,8348,1.3084000001981622
gc_disabled,8349,1.3395999994827434
gc_disabled,8350,1.2729999998555286
gc_disabled,8351,1.2145999990025302
gc_disabled,8352,1.2056000014126766
gc_disabled,8353,1.2497000006987946
gc_disabled,8354,1.286100001379964
gc_disabled,8355,1.2444000003597466
gc_disabled,8356,1.3123000007908558
gc_disabled,8357,1.2634000013349578
gc_disabled,8358,1.2386999987938907
gc_disabled,8359,1.2642000001505949
gc_disabled,8360,1.2449999994714744
gc_disabled,8361,1.2736000007862458
gc_disabled,8362,1.213899999129353
gc_disabled,8363,1.372699998682947
gc_disabled,8364,1.2366999999358086
gc_disabled,8365,1.2341999990894692
gc_disabled,8366,1.3226999999460531
gc_disabled,8367,1.3103000001137843
gc_disabled,8368,1.364700001431629
gc_disabled,8369,1.2936999992234632
gc_disabled,8370,1.2663000015891157
gc_disabled,8371,1.2401999993016943
gc_disabled,8372,1.326100000369479
gc_disabled,8373,1.2669999996433035
gc_disabled,8374,1.3300999999046326
gc_disabled,8375,1.294699999561999
gc_disabled,8376,1.2403999990056036
gc_disabled,8377,1.5609000001859386
gc_disabled,8378,1.3610999994853046
gc_disabled,8379,1.2623000002349727
gc_disabled,8380,1.2611000001925277
gc_disabled,8381,1.247000000148546
gc_disabled,8382,1.2423000007402152
gc_disabled,8383,1.2580999991769204
gc_disabled,8384,1.2166000014985912
gc_disabled,8385,1.3952999997854931
gc_disabled,8386,1.2948999992659083
gc_disabled,8387,1.224599998749909
gc_disabled,8388,1.2483000009524403
gc_disabled,8389,1.2110000006941846
gc_disabled,8390,1.3975999991089338
gc_disabled,8391,1.2487000003602589
gc_disabled,8392,1.2270999995962484
gc_disabled,8393,1.204199999847333
gc_disabled,8394,1.2650999997276813
gc_disabled,8395,1.2540999996417668
gc_disabled,8396,1.291099999434664
gc_disabled,8397,1.2621999994735233
gc_disabled,8398,1.2533999997685896
gc_disabled,8399,1.2720999984594528
gc_disabled,8400,1.369799998428789
gc_disabled,8401,1.2580999991769204
gc_disabled,8402,1.248600001417799
gc_disabled,8403,1.247000000148546
gc_disabled,8404,1.2421999999787658
gc_disabled,8405,1.2033000002702465
gc_disabled,8406,1.209500000186381
gc_disabled,8407,1.2575000000651926
gc_disabled,8408,1.2566000004881062
gc_disabled,8409,1.3172999988455558
gc_disabled,8410,1.2888000001112232
gc_disabled,8411,1.2829999996029073
gc_disabled,8412,1.2659000003623078
gc_disabled,8413,1.4109000003372785
gc_disabled,8414,1.285799999095616
gc_disabled,8415,1.2339000004431
gc_disabled,8416,1.3233999998192303
gc_disabled,8417,1.2778000000253087
gc_disabled,8418,1.1997999990853714
gc_disabled,8419,1.2704000000667293
gc_disabled,8420,1.3968000002932968
gc_disabled,8421,1.2924000002385583
gc_disabled,8422,1.2308000004850328
gc_disabled,8423,1.2827000009565381
gc_disabled,8424,1.5067000003909925
gc_disabled,8425,1.2551999989227625
gc_disabled,8426,1.2926999988849275
gc_disabled,8427,1.3524000005418202
gc_disabled,8428,1.2554000004456611
gc_disabled,8429,1.2317000000621192
gc_disabled,8430,1.3991999985591974
gc_disabled,8431,1.2674999998125713
gc_disabled,8432,1.286800001253141
gc_disabled,8433,1.3192999995226273
gc_disabled,8434,1.3046999993093777
gc_disabled,8435,1.2855999993917067
gc_disabled,8436,1.2489000000641681
gc_disabled,8437,1.2630999990506098
gc_disabled,8438,1.2229000003571855
gc_disabled,8439,1.289800000449759
gc_disabled,8440,1.262400000996422
gc_disabled,8441,1.250600000275881
gc_disabled,8442,1.3935999995737802
gc_disabled,8443,1.4740000005986076
gc_disabled,8444,1.2807999992219266
gc_disabled,8445,1.3513000012608245
gc_disabled,8446,1.2796999999409309
gc_disabled,8447,1.3753000002907356
gc_disabled,8448,1.3557999991462566
gc_disabled,8449,1.4052999995328719
gc_disabled,8450,1.2826000001950888
gc_disabled,8451,1.405999999406049
gc_disabled,8452,1.2456000004021917
gc_disabled,8453,1.5282000003935536
gc_disabled,8454,1.2943999990966404
gc_disabled,8455,1.4370999997481704
gc_disabled,8456,1.327300000411924
gc_disabled,8457,1.2728000001516193
gc_disabled,8458,1.330999999481719
gc_disabled,8459,1.3123999997333158
gc_disabled,8460,1.3197999996918952
gc_disabled,8461,1.3767999989795499
gc_disabled,8462,1.2810000007448252
gc_disabled,8463,1.387599999361555
gc_disabled,8464,1.2747000000672415
gc_disabled,8465,1.2129999995522667
gc_disabled,8466,1.42029999915394
gc_disabled,8467,1.3158000001567416
gc_disabled,8468,1.3233999998192303
gc_disabled,8469,1.2955000001966255
gc_disabled,8470,1.4432999996643048
gc_disabled,8471,1.3935000006313203
gc_disabled,8472,1.2732999985018978
gc_disabled,8473,1.3223999994806945
gc_disabled,8474,1.3985000005050097
gc_disabled,8475,1.3163000003260095
gc_disabled,8476,1.4143999997031642
gc_disabled,8477,1.2652000004891306
gc_disabled,8478,1.4556999994965736
gc_disabled,8479,1.3306999990163604
gc_disabled,8480,1.3258000017231097
gc_disabled,8481,1.2783999991370365
gc_disabled,8482,1.2367999988782685
gc_disabled,8483,1.3796999992337078
gc_disabled,8484,1.2986000001546927
gc_disabled,8485,1.2070999982825015
gc_disabled,8486,1.2760999998135958
gc_disabled,8487,1.317999998718733
gc_disabled,8488,1.2929000004078262
gc_disabled,8489,1.2684999983321177
gc_disabled,8490,1.2924999991810182
gc_disabled,8491,1.251899999260786
gc_disabled,8492,1.3488000004144851
gc_disabled,8493,1.3671000015165191
gc_disabled,8494,1.376199999867822
gc_disabled,8495,1.2552999996842118
gc_disabled,8496,1.4323000013973797
gc_disabled,8497,1.2986000001546927
gc_disabled,8498,1.4298999994935002
gc_disabled,8499,1.219699999637669
gc_disabled,8500,1.3034000003244728
gc_disabled,8501,1.2838999991799938
gc_disabled,8502,1.26780000027793
gc_disabled,8503,1.261200000953977
gc_disabled,8504,1.2919999990117503
gc_disabled,8505,1.2437999994290294
gc_disabled,8506,1.2299000009079464
gc_disabled,8507,1.206500000989763
gc_disabled,8508,1.2472999987949152
gc_disabled,8509,1.2812000004487345
gc_disabled,8510,1.2761000016325852
gc_disabled,8511,1.2188999990030425
gc_disabled,8512,1.2331999987509334
gc_disabled,8513,1.302900000155205
gc_disabled,8514,1.276799999686773
gc_disabled,8515,1.3519000003725523
gc_disabled,8516,1.5880000009929063
gc_disabled,8517,1.6877999987627845
gc_disabled,8518,2.0249000008334406
gc_disabled,8519,1.6228000004048226
gc_disabled,8520,1.3295999997353647
gc_disabled,8521,1.3152999999874737
gc_disabled,8522,1.302300001043477
gc_disabled,8523,1.271499999347725
gc_disabled,8524,1.2468000004446367
gc_disabled,8525,1.269099999262835
gc_disabled,8526,1.2761999987560557
gc_disabled,8527,1.2215999995532911
gc_disabled,8528,1.3013000007049413
gc_disabled,8529,1.271900000574533
gc_disabled,8530,1.3010000002395827
gc_disabled,8531,1.1966000001848442
gc_disabled,8532,1.2884000007034047
gc_disabled,8533,1.2472000016714446
gc_disabled,8534,1.2769999993906822
gc_disabled,8535,1.2514999998529674
gc_disabled,8536,1.2492000005295267
gc_disabled,8537,1.2368999996397179
gc_disabled,8538,1.41780000012659
gc_disabled,8539,1.3330000001587905
gc_disabled,8540,1.3741999991907505
gc_disabled,8541,1.413699999829987
gc_disabled,8542,1.2335999999777414
gc_disabled,8543,1.2537999991764082
gc_disabled,8544,1.3450000005832408
gc_disabled,8545,1.3100999985908857
gc_disabled,8546,1.2434000000212109
gc_disabled,8547,1.393399999869871
gc_disabled,8548,1.23380000150064
gc_disabled,8549,1.279600000998471
gc_disabled,8550,1.2795000002370216
gc_disabled,8551,1.2407000012899516
gc_disabled,8552,1.315400000748923
gc_disabled,8553,1.2341000001470093
gc_disabled,8554,1.2478000007831724
gc_disabled,8555,1.2409999999363208
gc_disabled,8556,1.3063999995210906
gc_disabled,8557,1.2867999994341517
gc_disabled,8558,1.2615999985428061
gc_disabled,8559,1.3099000007059658
gc_disabled,8560,1.2885999985883245
gc_disabled,8561,1.5804000013304176
gc_disabled,8562,1.2722000010398915
gc_disabled,8563,1.399999999193824
gc_disabled,8564,1.2719999995169928
gc_disabled,8565,1.3796000002912479
gc_disabled,8566,1.3070000004518079
gc_disabled,8567,1.2753999999404186
gc_disabled,8568,1.2459999998100102
gc_disabled,8569,1.252300000487594
gc_disabled,8570,1.216000000567874
gc_disabled,8571,1.2093000004824717
gc_disabled,8572,1.2814999990951037
gc_disabled,8573,1.360700000077486
gc_disabled,8574,1.2374000016279751
gc_disabled,8575,1.2617000011232449
gc_disabled,8576,1.2156000011600554
gc_disabled,8577,1.3018999998166692
gc_disabled,8578,1.2618000000657048
gc_disabled,8579,1.2144000011176104
gc_disabled,8580,1.2745000003633322
gc_disabled,8581,1.2497999996412545
gc_disabled,8582,1.2255000001459848
gc_disabled,8583,1.398700000208919
gc_disabled,8584,1.4021999995748047
gc_disabled,8585,1.4561000007233815
gc_disabled,8586,1.3204999995650724
gc_disabled,8587,1.2590999995154561
gc_disabled,8588,1.3015000004088506
gc_disabled,8589,1.2705000008281786
gc_disabled,8590,1.241699999809498
gc_disabled,8591,1.276299999517505
gc_disabled,8592,1.2872000006609596
gc_disabled,8593,1.279299998714123
gc_disabled,8594,1.3134000000718515
gc_disabled,8595,1.2843000004068017
gc_disabled,8596,1.2646000013774028
gc_disabled,8597,1.2956999999005347
gc_disabled,8598,1.2709000002359971
gc_disabled,8599,1.3785000010102522
gc_disabled,8600,1.3300999999046326
gc_disabled,8601,1.2575999990076525
gc_disabled,8602,1.4133000004221685
gc_disabled,8603,1.2776999992638594
gc_disabled,8604,1.3185999996494502
gc_disabled,8605,1.2499000004027039
gc_disabled,8606,1.52669999988575
gc_disabled,8607,1.2943000001541805
gc_disabled,8608,1.3397000002441928
gc_disabled,8609,1.2753999999404186
gc_disabled,8610,1.3496999999915715
gc_disabled,8611,1.2830999985453673
gc_disabled,8612,1.235600000654813
gc_disabled,8613,1.296399999773712
gc_disabled,8614,1.2248999992152676
gc_disabled,8615,1.2334000002738321
gc_disabled,8616,1.2403000000631437
gc_disabled,8617,1.2236000002303626
gc_disabled,8618,1.370999998471234
gc_disabled,8619,1.2485000006563496
gc_disabled,8620,1.2337999996816507
gc_disabled,8621,1.2335000010352815
gc_disabled,8622,1.2425999993865844
gc_disabled,8623,1.2406999994709622
gc_disabled,8624,1.2383000012050616
gc_disabled,8625,1.2896000007458497
gc_disabled,8626,1.363600000331644
gc_disabled,8627,1.2438999983714893
gc_disabled,8628,1.3347999993129633
gc_disabled,8629,1.2515999987954274
gc_disabled,8630,1.2655000009544892
gc_disabled,8631,1.460699999370263
gc_disabled,8632,1.283300000068266
gc_disabled,8633,1.1966999991273042
gc_disabled,8634,1.2451000002329238
gc_disabled,8635,1.2360999990050914
gc_disabled,8636,1.2974000001122477
gc_disabled,8637,1.2671999993472127
gc_disabled,8638,1.2349000007816358
gc_disabled,8639,1.2538000009953976
gc_disabled,8640,1.2575000000651926
gc_disabled,8641,1.2891999995190417
gc_disabled,8642,1.2334000002738321
gc_disabled,8643,1.4006000001245411
gc_disabled,8644,1.2337999996816507
gc_disabled,8645,1.3201000001572538
gc_disabled,8646,1.2526000009529525
gc_disabled,8647,1.3095999984216178
gc_disabled,8648,1.2652999994315905
gc_disabled,8649,1.5426999998453539
gc_disabled,8650,1.3225999991846038
gc_disabled,8651,1.2686999998550164
gc_disabled,8652,1.2452000009943731
gc_disabled,8653,1.2971000014658784
gc_disabled,8654,1.2268000009498792
gc_disabled,8655,1.2974000001122477
gc_disabled,8656,1.2674999998125713
gc_disabled,8657,1.4848999999230728
gc_disabled,8658,1.2434000000212109
gc_disabled,8659,1.3515000009647338
gc_disabled,8660,1.2814000001526438
gc_disabled,8661,1.2296000004425878
gc_disabled,8662,1.295800000661984
gc_disabled,8663,1.2692000000242842
gc_disabled,8664,1.2733999992633471
gc_disabled,8665,1.3675000009243377
gc_disabled,8666,1.248100001248531
gc_disabled,8667,1.252300000487594
gc_disabled,8668,1.3032000006205635
gc_disabled,8669,1.2418000005709473
gc_disabled,8670,1.2771000001521315
gc_disabled,8671,1.4687000002595596
gc_disabled,8672,1.2248999992152676
gc_disabled,8673,1.332600000750972
gc_disabled,8674,1.2581999999383697
gc_disabled,8675,1.2991999992664205
gc_disabled,8676,1.2626000007003313
gc_disabled,8677,1.2875000011263182
gc_disabled,8678,1.301299998885952
gc_disabled,8679,1.3352999994822312
gc_disabled,8680,1.311899999564048
gc_disabled,8681,1.3042999999015592
gc_disabled,8682,1.3320999987627147
gc_disabled,8683,1.2671000004047528
gc_disabled,8684,1.3889000001654495
gc_disabled,8685,1.2878000015916768
gc_disabled,8686,1.2366999999358086
gc_disabled,8687,1.307799999267445
gc_disabled,8688,1.1997000001429114
gc_disabled,8689,1.3944000002084067
gc_disabled,8690,1.2676999995164806
gc_disabled,8691,1.2356999995972728
gc_disabled,8692,1.396200001181569
gc_disabled,8693,1.379500001348788
gc_disabled,8694,1.2700000006589107
gc_disabled,8695,1.266600000235485
gc_disabled,8696,1.2657999996008584
gc_disabled,8697,1.2826999991375487
gc_disabled,8698,1.346900000498863
gc_disabled,8699,1.2243999990459997
gc_disabled,8700,1.307799999267445
gc_disabled,8701,1.3042000009590993
gc_disabled,8702,1.2557999998534797
gc_disabled,8703,1.287400000364869
gc_disabled,8704,1.270999999178457
gc_disabled,8705,1.3288999998621875
gc_disabled,8706,1.2836999994760845
gc_disabled,8707,1.220899999680114
gc_disabled,8708,1.366799999232171
gc_disabled,8709,1.2346000003162771
gc_disabled,8710,1.2645999995584134
gc_disabled,8711,1.3039000004937407
gc_disabled,8712,1.2682000015047379
gc_disabled,8713,1.2300999987928662
gc_disabled,8714,1.5029000005597482
gc_disabled,8715,1.3479999997798586
gc_disabled,8716,1.2842999985878123
gc_disabled,8717,1.30650000028254
gc_disabled,8718,1.2173000013717683
gc_disabled,8719,1.2397999998938758
gc_disabled,8720,1.2602000006154412
gc_disabled,8721,1.3769999986834591
gc_disabled,8722,1.2814000001526438
gc_disabled,8723,1.2210000004415633
gc_disabled,8724,1.488400001107948
gc_disabled,8725,1.4926999992894707
gc_disabled,8726,1.3122000000294065
gc_disabled,8727,1.2989999995625112
gc_disabled,8728,1.247000000148546
gc_disabled,8729,1.3973000004625646
gc_disabled,8730,1.3429999999061693
gc_disabled,8731,1.2454000006982824
gc_disabled,8732,1.2986000001546927
gc_disabled,8733,1.295999998546904
gc_disabled,8734,1.2272000003576977
gc_disabled,8735,1.2382999993860722
gc_disabled,8736,1.2797999988833908
gc_disabled,8737,1.4573999997082865
gc_disabled,8738,1.320299999861163
gc_disabled,8739,1.282000001083361
gc_disabled,8740,1.276700000744313
gc_disabled,8741,1.2590000005729962
gc_disabled,8742,1.3209999997343402
gc_disabled,8743,1.27749999955995
gc_disabled,8744,1.2191000005259411
gc_disabled,8745,1.2618999990081647
gc_disabled,8746,1.2593000010383548
gc_disabled,8747,1.3108999992255121
gc_disabled,8748,1.2626000007003313
gc_disabled,8749,1.361999999062391
gc_disabled,8750,1.4817999999650056
gc_disabled,8751,1.4020999988133553
gc_disabled,8752,1.3170000001991866
gc_disabled,8753,1.2864000000263331
gc_disabled,8754,1.281199998629745
gc_disabled,8755,1.2667999999393942
gc_disabled,8756,1.2772999998560408
gc_disabled,8757,1.3459000001603272
gc_disabled,8758,1.404799999363604
gc_disabled,8759,1.3502000001608394
gc_disabled,8760,1.3630000012199162
gc_disabled,8761,1.2896000007458497
gc_disabled,8762,1.2659999993047677
gc_disabled,8763,1.2990999985049712
gc_disabled,8764,1.2509999996836996
gc_disabled,8765,1.4716000005137175
gc_disabled,8766,1.3524000005418202
gc_disabled,8767,1.3288999998621875
gc_disabled,8768,1.285799999095616
gc_disabled,8769,1.2434000000212109
gc_disabled,8770,1.354600000922801
gc_disabled,8771,1.2834999997721752
gc_disabled,8772,1.3131999985489529
gc_disabled,8773,1.2545999998110346
gc_disabled,8774,1.2695000004896428
gc_disabled,8775,1.269099999262835
gc_disabled,8776,1.382700000249315
gc_disabled,8777,1.3012000017624814
gc_disabled,8778,1.286900000195601
gc_disabled,8779,1.3025000007473864
gc_disabled,8780,1.2425999993865844
gc_disabled,8781,1.4326000000437489
gc_disabled,8782,1.2434000000212109
gc_disabled,8783,1.2864000000263331
gc_disabled,8784,1.3405000008788193
gc_disabled,8785,1.318399999945541
gc_disabled,8786,1.2776999992638594
gc_disabled,8787,1.2879999994765967
gc_disabled,8788,1.2446999990061158
gc_disabled,8789,1.2722999999823514
gc_disabled,8790,1.2623000002349727
gc_disabled,8791,1.3017000001127599
gc_disabled,8792,1.2894999999844003
gc_disabled,8793,1.2313999995967606
gc_disabled,8794,1.3673000012204284
gc_disabled,8795,1.2888999990536831
gc_disabled,8796,1.2697000001935521
gc_disabled,8797,1.216700000441051
gc_disabled,8798,1.247000000148546
gc_disabled,8799,1.2486999985412695
gc_disabled,8800,1.3739000005443813
gc_disabled,8801,1.2408999991748715
gc_disabled,8802,1.3488000004144851
gc_disabled,8803,1.3760999991063727
gc_disabled,8804,1.3099000007059658
gc_disabled,8805,1.2519000010797754
gc_disabled,8806,1.2724999996862607
gc_disabled,8807,1.2105999994673766
gc_disabled,8808,1.2728000001516193
gc_disabled,8809,1.3037999997322913
gc_disabled,8810,1.256400000784197
gc_disabled,8811,1.2882999999419553
gc_disabled,8812,1.3264999997772975
gc_disabled,8813,1.2932000008731848
gc_disabled,8814,1.2356999995972728
gc_disabled,8815,1.2573000003612833
gc_disabled,8816,1.232299999173847
gc_disabled,8817,1.4303000007203082
gc_disabled,8818,1.2684000012086472
gc_disabled,8819,1.2856999983341666
gc_disabled,8820,1.290500000322936
gc_disabled,8821,1.2396999991324265
gc_disabled,8822,1.3675999998667976
gc_disabled,8823,1.227800001288415
gc_disabled,8824,1.3775999996141763
gc_disabled,8825,1.432500001101289
gc_disabled,8826,1.2628999993467005
gc_disabled,8827,1.2344999995548278
gc_disabled,8828,1.2455999985832023
gc_disabled,8829,1.31139999939478
gc_disabled,8830,1.3214999999036081
gc_disabled,8831,1.2715999982901849
gc_disabled,8832,1.3170000001991866
gc_disabled,8833,1.3787999996566214
gc_disabled,8834,1.2647999992623227
gc_disabled,8835,1.2764000002789544
gc_disabled,8836,1.2574000011227326
gc_disabled,8837,1.405900000463589
gc_disabled,8838,1.3066999999864493
gc_disabled,8839,1.2217999992572004
gc_disabled,8840,1.3357000007090392
gc_disabled,8841,1.2561000003188383
gc_disabled,8842,1.4107999995758291
gc_disabled,8843,1.2742999988404335
gc_disabled,8844,1.249800001460244
gc_disabled,8845,1.4066000003367662
gc_disabled,8846,1.2602000006154412
gc_disabled,8847,1.2747000000672415
gc_disabled,8848,1.2141000006522518
gc_disabled,8849,1.2485999995988095
gc_disabled,8850,1.335799999651499
gc_disabled,8851,1.593200000570505
gc_disabled,8852,1.4002999996591825
gc_disabled,8853,1.3283999996929197
gc_disabled,8854,1.2423000007402152
gc_disabled,8855,1.2759000001096865
gc_disabled,8856,1.4017000012245262
gc_disabled,8857,1.2451999991753837
gc_disabled,8858,1.3605999993160367
gc_disabled,8859,1.2567000012495555
gc_disabled,8860,1.307700000324985
gc_disabled,8861,1.2635000002774177
gc_disabled,8862,1.2389999992592493
gc_disabled,8863,1.3247999995655846
gc_disabled,8864,1.3238999999884982
gc_disabled,8865,1.341199998933007
gc_disabled,8866,1.2731999995594379
gc_disabled,8867,1.2757999993482372
gc_disabled,8868,1.24129999858269
gc_disabled,8869,1.5526999995927326
gc_disabled,8870,1.3135000008333009
gc_disabled,8871,1.458299999285373
gc_disabled,8872,1.2463000002753688
gc_disabled,8873,1.2953999994351761
gc_disabled,8874,1.3339999986783369
gc_disabled,8875,1.2676000005740207
gc_disabled,8876,1.3170999991416465
gc_disabled,8877,1.2710999999399064
gc_disabled,8878,1.2459999998100102
gc_disabled,8879,1.2437999994290294
gc_disabled,8880,1.2827000009565381
gc_disabled,8881,1.292999999350286
gc_disabled,8882,1.2945000016770791
gc_disabled,8883,1.2480000004870817
gc_disabled,8884,1.405900000463589
gc_disabled,8885,1.3768000007985393
gc_disabled,8886,1.3562999993155245
gc_disabled,8887,1.3507000003301073
gc_disabled,8888,1.2927999996463768
gc_disabled,8889,1.3486999996530358
gc_disabled,8890,1.2961000011273427
gc_disabled,8891,1.2752000002365094
gc_disabled,8892,1.2891000005765818
gc_disabled,8893,1.2541000014607562
gc_disabled,8894,1.2280000009923242
gc_disabled,8895,1.2394000004860573
gc_disabled,8896,1.2421999999787658
gc_disabled,8897,1.383100001476123
gc_disabled,8898,1.2864000000263331
gc_disabled,8899,1.2919999990117503
gc_disabled,8900,1.3097999999445165
gc_disabled,8901,1.2588999998115469
gc_disabled,8902,1.2944000009156298
gc_disabled,8903,1.2473999995563645
gc_disabled,8904,1.242899999851943
gc_disabled,8905,1.2287999998079613
gc_disabled,8906,1.284500000110711
gc_disabled,8907,1.3935000006313203
gc_disabled,8908,1.4551000003848458
gc_disabled,8909,1.3833000011800323
gc_disabled,8910,1.2953000004927162
gc_disabled,8911,1.2822000007872703
gc_disabled,8912,1.2031000005663373
gc_disabled,8913,1.3832999993610429
gc_disabled,8914,1.2950999989698175
gc_disabled,8915,1.2528000006568618
gc_disabled,8916,1.1977000012848293
gc_disabled,8917,1.3210999986768002
gc_disabled,8918,1.3039999994362006
gc_disabled,8919,1.2645999995584134
gc_disabled,8920,1.2943999990966404
gc_disabled,8921,1.2919000000692904
gc_disabled,8922,1.2643000009120442
gc_disabled,8923,1.2650999997276813
gc_disabled,8924,1.2528999995993217
gc_disabled,8925,1.2906000010843854
gc_disabled,8926,1.3093999987177085
gc_disabled,8927,1.2798999996448401
gc_disabled,8928,1.241699999809498
gc_disabled,8929,1.201299999593175
gc_disabled,8930,1.404000000547967
gc_disabled,8931,1.221300000906922
gc_disabled,8932,1.375099998767837
gc_disabled,8933,1.4334999996208353
gc_disabled,8934,1.3302999996085418
gc_disabled,8935,1.2462000013329089
gc_disabled,8936,1.250600000275881
gc_disabled,8937,1.2736999997287057
gc_disabled,8938,1.2163999999756925
gc_disabled,8939,1.314299999648938
gc_disabled,8940,1.3306000000739004
gc_disabled,8941,1.2263999997230712
gc_disabled,8942,1.3249999992694939
gc_disabled,8943,1.2203000005683862
gc_disabled,8944,1.323700000284589
gc_disabled,8945,1.278699999602395
gc_disabled,8946,1.2217999992572004
gc_disabled,8947,1.2679000010393793
gc_disabled,8948,1.2468000004446367
gc_disabled,8949,1.268500000151107
gc_disabled,8950,1.2614999996003462
gc_disabled,8951,1.3826000013068551
gc_disabled,8952,1.2418999995134072
gc_disabled,8953,1.3263999990158482
gc_disabled,8954,1.255499999388121
gc_disabled,8955,1.2740999991365243
gc_disabled,8956,1.3204999995650724
gc_disabled,8957,1.3075999995635357
gc_disabled,8958,1.3743999988946598
gc_disabled,8959,1.2862999992648838
gc_disabled,8960,1.2760999998135958
gc_disabled,8961,1.271400000405265
gc_disabled,8962,1.2741999998979736
gc_disabled,8963,1.2540999996417668
gc_disabled,8964,1.3163000003260095
gc_disabled,8965,1.2318999997660285
gc_disabled,8966,1.2764999992214143
gc_disabled,8967,1.2144000011176104
gc_disabled,8968,1.266100000066217
gc_disabled,8969,1.2476000010792632
gc_disabled,8970,1.3472999999066815
gc_disabled,8971,1.2240000014571706
gc_disabled,8972,1.244000000951928
gc_disabled,8973,1.3494999984686729
gc_disabled,8974,1.2666999991779448
gc_disabled,8975,1.2581999999383697
gc_disabled,8976,1.2470999990910059
gc_disabled,8977,1.2782000012521166
gc_disabled,8978,1.2805000005755574
gc_disabled,8979,1.2979000002815155
gc_disabled,8980,1.305300000240095
gc_disabled,8981,1.257299998542294
gc_disabled,8982,1.2836999994760845
gc_disabled,8983,1.2642000001505949
gc_disabled,8984,1.230300000315765
gc_disabled,8985,1.3037000007898314
gc_disabled,8986,1.2895999989268603
gc_disabled,8987,1.2942000012117205
gc_disabled,8988,1.2944999998580897
gc_disabled,8989,1.2972999993507983
gc_disabled,8990,1.2423999996826751
gc_disabled,8991,1.2533999997685896
gc_disabled,8992,1.2236000002303626
gc_disabled,8993,1.2331999987509334
gc_disabled,8994,1.2555000012071105
gc_disabled,8995,1.4570999992429279
gc_disabled,8996,1.261200000953977
gc_disabled,8997,1.3168999994377373
gc_disabled,8998,1.2743999996018829
gc_disabled,8999,1.23399999938556
gc_disabled,9000,1.295100000788807
gc_disabled,9001,1.278799998544855
gc_disabled,9002,1.461100000597071
gc_disabled,9003,1.394099999743048
gc_disabled,9004,1.3001000006624963
gc_disabled,9005,1.2270999995962484
gc_disabled,9006,1.4152000003377907
gc_disabled,9007,1.2430999995558523
gc_disabled,9008,1.351700000668643
gc_disabled,9009,1.293400000577094
gc_disabled,9010,1.2442000006558374
gc_disabled,9011,1.2613999988388969
gc_disabled,9012,1.2927999996463768
gc_disabled,9013,1.287400000364869
gc_disabled,9014,1.2613999988388969
gc_disabled,9015,1.3009000012971228
gc_disabled,9016,1.3744000007136492
gc_disabled,9017,1.2198000003991183
gc_disabled,9018,1.2188999990030425
gc_disabled,9019,1.2549999992188532
gc_disabled,9020,1.2783000001945766
gc_disabled,9021,1.2996999994356884
gc_disabled,9022,1.2972999993507983
gc_disabled,9023,1.2604999992618104
gc_disabled,9024,1.2243000001035398
gc_disabled,9025,1.317999998718733
gc_disabled,9026,1.276299999517505
gc_disabled,9027,1.2984000004507834
gc_disabled,9028,1.2373999998089857
gc_disabled,9029,1.2817000006180024
gc_disabled,9030,1.264800001081312
gc_disabled,9031,1.2225999998918269
gc_disabled,9032,1.2795000002370216
gc_disabled,9033,1.2602000006154412
gc_disabled,9034,1.2492999994719867
gc_disabled,9035,1.2597000004461734
gc_disabled,9036,1.2478000007831724
gc_disabled,9037,1.202900000862428
gc_disabled,9038,1.3002999985474162
gc_disabled,9039,1.3896000000386266
gc_disabled,9040,1.2700999996013707
gc_disabled,9041,1.2260000003152527
gc_disabled,9042,1.284400001168251
gc_disabled,9043,1.2313999995967606
gc_disabled,9044,1.2531000011222204
gc_disabled,9045,1.2587000001076376
gc_disabled,9046,1.3901000002078945
gc_disabled,9047,1.2913999999000225
gc_disabled,9048,1.2198999993415782
gc_disabled,9049,1.3393999997788342
gc_disabled,9050,1.3617999993584817
gc_disabled,9051,1.3066000010439893
gc_disabled,9052,1.278099998671678
gc_disabled,9053,1.2667999999393942
gc_disabled,9054,1.227400000061607
gc_disabled,9055,1.2762000005750451
gc_disabled,9056,1.2330000008660136
gc_disabled,9057,1.2593999999808148
gc_disabled,9058,1.3245999998616753
gc_disabled,9059,1.323299999057781
gc_disabled,9060,1.254799999514944
gc_disabled,9061,1.2409000009938609
gc_disabled,9062,1.2502000008680625
gc_disabled,9063,1.2948000003234483
gc_disabled,9064,1.2867000004916918
gc_disabled,9065,1.322000000072876
gc_disabled,9066,1.2556000001495704
gc_disabled,9067,1.2875000011263182
gc_disabled,9068,1.2817999995604623
gc_disabled,9069,1.2751000012940494
gc_disabled,9070,1.2966000012966106
gc_disabled,9071,1.2447999997675652
gc_disabled,9072,1.2972999993507983
gc_disabled,9073,1.3269000010041054
gc_disabled,9074,1.2834999997721752
gc_disabled,9075,1.2635999992198776
gc_disabled,9076,1.2925000010000076
gc_disabled,9077,1.2865999997302424
gc_disabled,9078,1.31130000045232
gc_disabled,9079,1.2384999990899814
gc_disabled,9080,1.26780000027793
gc_disabled,9081,1.360799999019946
gc_disabled,9082,1.2558999987959396
gc_disabled,9083,1.3574000004155096
gc_disabled,9084,1.2599000001500826
gc_disabled,9085,1.2495000009948853
gc_disabled,9086,1.2593999999808148
gc_disabled,9087,1.2774000006174902
gc_disabled,9088,1.2647999992623227
gc_disabled,9089,1.2355999988358235
gc_disabled,9090,1.3865000000805594
gc_disabled,9091,1.2915000006614719
gc_disabled,9092,1.2451000002329238
gc_disabled,9093,1.257600000826642
gc_disabled,9094,1.2475000003178138
gc_disabled,9095,1.3006999997742241
gc_disabled,9096,1.2741999998979736
gc_disabled,9097,1.358700001219404
gc_disabled,9098,1.266100000066217
gc_disabled,9099,1.2373999998089857
gc_disabled,9100,1.3054999999440042
gc_disabled,9101,1.2526999998954125
gc_disabled,9102,1.2901999998575775
gc_disabled,9103,1.3384999983827583
gc_disabled,9104,1.2554000004456611
gc_disabled,9105,1.2332000005699228
gc_disabled,9106,1.2834999997721752
gc_disabled,9107,1.3163000003260095
gc_disabled,9108,1.290599999265396
gc_disabled,9109,1.3421999992715428
gc_disabled,9110,1.337099998636404
gc_disabled,9111,1.2163999999756925
gc_disabled,9112,1.2568000001920154
gc_disabled,9113,1.2231000000610948
gc_disabled,9114,1.2700999996013707
gc_disabled,9115,1.416500001141685
gc_disabled,9116,1.2431999984983122
gc_disabled,9117,1.3747000011790078
gc_disabled,9118,1.292299999477109
gc_disabled,9119,1.3003000003664056
gc_disabled,9120,1.2599999990925426
gc_disabled,9121,1.2741999998979736
gc_disabled,9122,1.282100000025821
gc_disabled,9123,1.321200001257239
gc_disabled,9124,1.342399998975452
gc_disabled,9125,1.2296999993850477
gc_disabled,9126,1.2414000011631288
gc_disabled,9127,1.268599999093567
gc_disabled,9128,1.2829999996029073
gc_disabled,9129,1.2408000002324115
gc_disabled,9130,1.2936999992234632
gc_disabled,9131,1.3447000001178822
gc_disabled,9132,1.2544000001071254
gc_disabled,9133,1.3247999995655846
gc_disabled,9134,1.2615000014193356
gc_disabled,9135,1.3323000002856134
gc_disabled,9136,1.4728000005561626
gc_disabled,9137,1.5325999993365258
gc_disabled,9138,2.4616000009700656
gc_disabled,9139,1.8096999992849305
gc_disabled,9140,1.3632999998662854
gc_disabled,9141,1.334599999609054
gc_disabled,9142,1.3230999993538717
gc_disabled,9143,1.3158999990992015
gc_disabled,9144,1.2631000008695992
gc_disabled,9145,1.226100001076702
gc_disabled,9146,1.3519999993150122
gc_disabled,9147,1.26780000027793
gc_disabled,9148,1.333899999735877
gc_disabled,9149,1.2670999985857634
gc_disabled,9150,1.2967000002390705
gc_disabled,9151,1.2599000001500826
gc_disabled,9152,1.2532000000646804
gc_disabled,9153,1.394599999912316
gc_disabled,9154,1.259599999684724
gc_disabled,9155,1.2712000007013557
gc_disabled,9156,1.2354999998933636
gc_disabled,9157,1.318399999945541
gc_disabled,9158,1.2968999999429798
gc_disabled,9159,1.3187000004108995
gc_disabled,9160,1.2783999991370365
gc_disabled,9161,1.2447999997675652
gc_disabled,9162,1.3063999995210906
gc_disabled,9163,1.2451999991753837
gc_disabled,9164,1.4578999998775544
gc_disabled,9165,1.4274999994086102
gc_disabled,9166,1.2575000000651926
gc_disabled,9167,1.3614999988931231
gc_disabled,9168,1.2480000004870817
gc_disabled,9169,1.2831999993068166
gc_disabled,9170,1.3617999993584817
gc_disabled,9171,1.272199999220902
gc_disabled,9172,1.239299999724608
gc_disabled,9173,1.2703000011242693
gc_disabled,9174,1.251800000318326
gc_disabled,9175,1.2306999997235835
gc_disabled,9176,1.2408999991748715
gc_disabled,9177,1.2774000006174902
gc_disabled,9178,1.4598999987356365
gc_disabled,9179,1.2538000009953976
gc_disabled,9180,1.2611000001925277
gc_disabled,9181,1.2614000006578863
gc_disabled,9182,1.2654999991354998
gc_disabled,9183,1.2283000014576828
gc_disabled,9184,1.2410999988787808
gc_disabled,9185,1.2450000012904638
gc_disabled,9186,1.3343999999051448
gc_disabled,9187,1.3466000000335043
gc_disabled,9188,1.3159999998606509
gc_disabled,9189,1.3870999991922872
gc_disabled,9190,1.2932999998156447
gc_disabled,9191,1.3911999994888902
gc_disabled,9192,1.2396000001899665
gc_disabled,9193,1.2309000012464821
gc_disabled,9194,1.269099999262835
gc_disabled,9195,1.2710999999399064
gc_disabled,9196,1.3334000013855984
gc_disabled,9197,1.320700001087971
gc_disabled,9198,1.2936000002810033
gc_disabled,9199,1.3192000005801674
gc_disabled,9200,1.2681999996857485
gc_disabled,9201,1.2349000007816358
gc_disabled,9202,1.2817000006180024
gc_disabled,9203,1.3964999998279382
gc_disabled,9204,1.3655000002472661
gc_disabled,9205,1.2599000001500826
gc_disabled,9206,1.3177000000723638
gc_disabled,9207,1.2655000009544892
gc_disabled,9208,1.3298000012582634
gc_disabled,9209,1.2449000005290145
gc_disabled,9210,1.3995999997860054
gc_disabled,9211,1.3562000003730645
gc_disabled,9212,1.3728000012633856
gc_disabled,9213,1.308499999140622
gc_disabled,9214,1.2933999987581046
gc_disabled,9215,1.4019000009284355
gc_disabled,9216,1.23150000035821
gc_disabled,9217,1.2698000009550015
gc_disabled,9218,1.324800001384574
gc_disabled,9219,1.2340000012045493
gc_disabled,9220,1.2896000007458497
gc_disabled,9221,1.264100001208135
gc_disabled,9222,1.3773000009678071
gc_disabled,9223,1.2877999997726874
gc_disabled,9224,1.3536000005842652
gc_disabled,9225,1.2657000006583985
gc_disabled,9226,1.341600000159815
gc_disabled,9227,1.2594999989232747
gc_disabled,9228,1.2289999995118706
gc_disabled,9229,1.3201000001572538
gc_disabled,9230,1.2300999987928662
gc_disabled,9231,1.2891000005765818
gc_disabled,9232,1.3455999996949686
gc_disabled,9233,1.224499999807449
gc_disabled,9234,1.4300000002549496
gc_disabled,9235,1.280899999983376
gc_disabled,9236,1.2668999988818541
gc_disabled,9237,1.325699999142671
gc_disabled,9238,1.3035000010859221
gc_disabled,9239,1.23870000061288
gc_disabled,9240,1.392899999700603
gc_disabled,9241,1.4889000012772158
gc_disabled,9242,1.296399999773712
gc_disabled,9243,1.3194000002840767
gc_disabled,9244,1.2373999998089857
gc_disabled,9245,1.3744999996561091
gc_disabled,9246,1.2330999998084735
gc_disabled,9247,1.2313000006543007
gc_disabled,9248,1.2800000004062895
gc_disabled,9249,1.2698000009550015
gc_disabled,9250,1.2513000001490582
gc_disabled,9251,1.2695999994321028
gc_disabled,9252,1.2124000004405389
gc_disabled,9253,1.3863000003766501
gc_disabled,9254,1.332699999693432
gc_disabled,9255,1.2461000005714595
gc_disabled,9256,1.244600000063656
gc_disabled,9257,1.3034999992669327
gc_disabled,9258,1.3576000001194188
gc_disabled,9259,1.3095000012981473
gc_disabled,9260,1.2263999997230712
gc_disabled,9261,1.254200000403216
gc_disabled,9262,1.320899998972891
gc_disabled,9263,1.218499999595224
gc_disabled,9264,1.1998000009043608
gc_disabled,9265,1.2605000010807998
gc_disabled,9266,1.3521999990189215
gc_disabled,9267,1.3045999985479284
gc_disabled,9268,1.2504000005719718
gc_disabled,9269,1.4082000016060192
gc_disabled,9270,1.3703999993595062
gc_disabled,9271,1.2724000007438008
gc_disabled,9272,1.227499999004067
gc_disabled,9273,2.3944999993545935
gc_disabled,9274,2.4212999996962026
gc_disabled,9275,4.056300000229385
gc_disabled,9276,1.6582000007474562
gc_disabled,9277,1.5085000013641547
gc_disabled,9278,1.518999999461812
gc_disabled,9279,1.5328999998018844
gc_disabled,9280,1.5898000001470791
gc_disabled,9281,1.573699999426026
gc_disabled,9282,1.546299999972689
gc_disabled,9283,1.6194999989238568
gc_disabled,9284,1.5094000009412412
gc_disabled,9285,1.5079000004334375
gc_disabled,9286,1.5282999993360136
gc_disabled,9287,1.6579000002820976
gc_disabled,9288,1.3017000001127599
gc_disabled,9289,1.361900000119931
gc_disabled,9290,1.247000000148546
gc_disabled,9291,1.2466999996831873
gc_disabled,9292,1.2018000015814323
gc_disabled,9293,1.2478999997256324
gc_disabled,9294,1.2112000003980938
gc_disabled,9295,1.2533999997685896
gc_disabled,9296,1.2795999991794815
gc_disabled,9297,1.4758999986952404
gc_disabled,9298,1.23630000052799
gc_disabled,9299,1.2328999982855748
gc_disabled,9300,1.2650000007852213
gc_disabled,9301,1.3230000004114117
gc_disabled,9302,1.3121000010869466
gc_disabled,9303,1.3182000002416316
gc_disabled,9304,1.2988999988010619
gc_disabled,9305,1.2344999995548278
gc_disabled,9306,1.3201000001572538
gc_disabled,9307,1.2502000008680625
gc_disabled,9308,1.2850000002799788
gc_disabled,9309,1.459400000385358
gc_disabled,9310,1.3584999996965053
gc_disabled,9311,1.2217999992572004
gc_disabled,9312,1.3025000007473864
gc_disabled,9313,1.2311000009503914
gc_disabled,9314,1.2955999991390854
gc_disabled,9315,1.2623000002349727
gc_disabled,9316,1.2781999994331272
gc_disabled,9317,1.2728999990940792
gc_disabled,9318,1.2720999984594528
gc_disabled,9319,1.26780000027793
gc_disabled,9320,1.5690000000176951
gc_disabled,9321,1.4897000000928529
gc_disabled,9322,1.3099000007059658
gc_disabled,9323,1.294699999561999
gc_disabled,9324,1.2609000004886184
gc_disabled,9325,1.289800000449759
gc_disabled,9326,1.3381999997363891
gc_disabled,9327,1.4038999997865176
gc_disabled,9328,1.3255999983812217
gc_disabled,9329,1.4327999997476581
gc_disabled,9330,1.3477000011334894
gc_disabled,9331,1.2621999994735233
gc_disabled,9332,1.2206999999762047
gc_disabled,9333,1.2807000002794666
gc_disabled,9334,1.2979999992239755
gc_disabled,9335,1.2330999998084735
gc_disabled,9336,1.2215999995532911
gc_disabled,9337,1.2289000005694106
gc_disabled,9338,1.2917000003653811
gc_disabled,9339,1.2057000003551366
gc_disabled,9340,1.670699999522185
gc_disabled,9341,1.3782999994873535
gc_disabled,9342,1.3603999996121274
gc_disabled,9343,1.2752999991789693
gc_disabled,9344,1.301999998759129
gc_disabled,9345,1.311899999564048
gc_disabled,9346,1.3095999984216178
gc_disabled,9347,1.2654000001930399
gc_disabled,9348,1.2396999991324265
gc_disabled,9349,1.26290000116569
gc_disabled,9350,1.3679000003321562
gc_disabled,9351,1.2965000005351612
gc_disabled,9352,1.2655999998969492
gc_disabled,9353,1.2540000006993068
gc_disabled,9354,1.4162000006763265
gc_disabled,9355,1.3275999990582932
gc_disabled,9356,1.2967999991815304
gc_disabled,9357,1.2848000005760696
gc_disabled,9358,1.2757000004057772
gc_disabled,9359,1.2759000001096865
gc_disabled,9360,1.2368999996397179
gc_disabled,9361,1.3213000001996988
gc_disabled,9362,1.3307999997778097
gc_disabled,9363,1.2756999985867878
gc_disabled,9364,1.2573999993037432
gc_disabled,9365,1.2635000002774177
gc_disabled,9366,1.2573999993037432
gc_disabled,9367,1.2454000006982824
gc_disabled,9368,1.3255999983812217
gc_disabled,9369,1.2875000011263182
gc_disabled,9370,1.2492000005295267
gc_disabled,9371,1.3419999995676335
gc_disabled,9372,1.2420000002748566
gc_disabled,9373,1.2973000011697877
gc_disabled,9374,1.2728999990940792
gc_disabled,9375,1.2609999994310783
gc_disabled,9376,1.2368999996397179
gc_disabled,9377,1.2177000007795868
gc_disabled,9378,1.202099998408812
gc_disabled,9379,1.2864000000263331
gc_disabled,9380,1.317100000960636
gc_disabled,9381,1.2439999991329387
gc_disabled,9382,1.2540999996417668
gc_disabled,9383,1.3396000013017328
gc_disabled,9384,1.2863000010838732
gc_disabled,9385,1.279199999771663
gc_disabled,9386,1.2229000003571855
gc_disabled,9387,1.3816999999107793
gc_disabled,9388,1.225699999849894
gc_disabled,9389,1.4260999996622559
gc_disabled,9390,1.2712999996438157
gc_disabled,9391,1.2569000009534648
gc_disabled,9392,1.2597000004461734
gc_disabled,9393,1.300799998716684
gc_disabled,9394,1.248200000190991
gc_disabled,9395,1.2487999993027188
gc_disabled,9396,1.2773999987985007
gc_disabled,9397,1.3963000001240289
gc_disabled,9398,1.3404999990598299
gc_disabled,9399,1.3697000013053184
gc_disabled,9400,1.332699999693432
gc_disabled,9401,1.3034000003244728
gc_disabled,9402,1.2972000004083384
gc_disabled,9403,1.2537000002339482
gc_disabled,9404,1.2764000002789544
gc_disabled,9405,1.3078000010864343
gc_disabled,9406,1.3085999999020714
gc_disabled,9407,1.2338999986241106
gc_disabled,9408,1.2413999993441394
gc_disabled,9409,1.2586000011651777
gc_disabled,9410,1.2709000002359971
gc_disabled,9411,1.2466000007407274
gc_disabled,9412,1.273899999432615
gc_disabled,9413,1.276700000744313
gc_disabled,9414,1.269400001547183
gc_disabled,9415,1.3401000014710007
gc_disabled,9416,1.2728999990940792
gc_disabled,9417,1.2580999991769204
gc_disabled,9418,1.3908000000810716
gc_disabled,9419,1.2700000006589107
gc_disabled,9420,1.3003000003664056
gc_disabled,9421,1.2870999998995103
gc_disabled,9422,1.2733000003208872
gc_disabled,9423,1.3020999995205784
gc_disabled,9424,1.2747999990097014
gc_disabled,9425,1.2545999998110346
gc_disabled,9426,1.2471999998524552
gc_disabled,9427,1.2528000006568618
gc_disabled,9428,1.2717000008706236
gc_disabled,9429,1.4399000010598684
gc_disabled,9430,1.286800001253141
gc_disabled,9431,1.2759999990521464
gc_disabled,9432,1.3072000001557171
gc_disabled,9433,1.3176000011299038
gc_disabled,9434,1.2434999989636708
gc_disabled,9435,1.2888000001112232
gc_disabled,9436,1.2427000001480337
gc_disabled,9437,1.2415000001055887
gc_disabled,9438,1.2231000000610948
gc_disabled,9439,1.3276999998197425
gc_disabled,9440,1.2877999997726874
gc_disabled,9441,1.3617000004160218
gc_disabled,9442,1.2733999992633471
gc_disabled,9443,1.4461999999184627
gc_disabled,9444,1.3049999997747364
gc_disabled,9445,1.2712000007013557
gc_disabled,9446,1.3398000010056421
gc_disabled,9447,1.3163000003260095
gc_disabled,9448,1.3878000008844538
gc_disabled,9449,1.2105999994673766
gc_disabled,9450,1.3084000001981622
gc_disabled,9451,1.324900000327034
gc_disabled,9452,1.2981999989278847
gc_disabled,9453,1.31130000045232
gc_disabled,9454,1.2698999998974614
gc_disabled,9455,1.2365000002318993
gc_disabled,9456,1.2475999992602738
gc_disabled,9457,1.246499999979278
gc_disabled,9458,1.2365000002318993
gc_disabled,9459,1.4211999987310264
gc_disabled,9460,1.3147999998182058
gc_disabled,9461,1.2819000003219116
gc_disabled,9462,1.2163000010332325
gc_disabled,9463,1.2533999997685896
gc_disabled,9464,1.2686999998550164
gc_disabled,9465,1.3099999996484257
gc_disabled,9466,1.2819000003219116
gc_disabled,9467,1.3620999998238403
gc_disabled,9468,1.2140999988332624
gc_disabled,9469,1.27029999930528
gc_disabled,9470,1.3579999995272374
gc_disabled,9471,1.2216000013722805
gc_disabled,9472,1.3385999991442077
gc_disabled,9473,1.3170999991416465
gc_disabled,9474,1.303600000028382
gc_disabled,9475,1.3271000007080147
gc_disabled,9476,1.2733999992633471
gc_disabled,9477,1.2986999990971526
gc_disabled,9478,1.2545000008685747
gc_disabled,9479,1.2163999999756925
gc_disabled,9480,1.2484999988373602
gc_disabled,9481,1.2909999986732146
gc_disabled,9482,1.2443000014172867
gc_disabled,9483,1.283999999941443
gc_disabled,9484,1.2965000005351612
gc_disabled,9485,1.2420999992173165
gc_disabled,9486,1.3811000007990515
gc_disabled,9487,1.3741000002482906
gc_disabled,9488,1.2377999992168043
gc_disabled,9489,1.3698999991902383
gc_disabled,9490,1.366500000585802
gc_disabled,9491,1.4709000006405404
gc_disabled,9492,1.2492000005295267
gc_disabled,9493,1.2763000013364945
gc_disabled,9494,1.2473999995563645
gc_disabled,9495,1.3484000010066666
gc_disabled,9496,1.208300000143936
gc_disabled,9497,1.2552999996842118
gc_disabled,9498,1.253000000360771
gc_disabled,9499,1.2611999991349876
gc_disabled,9500,1.3205000013840618
gc_disabled,9501,1.2736999997287057
gc_disabled,9502,1.680700001088553
gc_disabled,9503,1.3526999991881894
gc_disabled,9504,1.2160999995103339
gc_disabled,9505,1.2630000001081498
gc_disabled,9506,1.2628999993467005
gc_disabled,9507,1.2700999996013707
gc_disabled,9508,1.2720000013359822
gc_disabled,9509,1.3173000006645452
gc_disabled,9510,1.2980000010429649
gc_disabled,9511,1.2621999994735233
gc_disabled,9512,1.2902999988000374
gc_disabled,9513,1.390999999784981
gc_disabled,9514,1.3914999999542488
gc_disabled,9515,1.2657999996008584
gc_disabled,9516,1.5294000004359987
gc_disabled,9517,1.3091999990137992
gc_disabled,9518,1.2888000001112232
gc_disabled,9519,1.3366000002861256
gc_disabled,9520,1.4401999997062376
gc_disabled,9521,1.2977000005776063
gc_disabled,9522,1.3051999994786456
gc_disabled,9523,1.3066000010439893
gc_disabled,9524,1.3186000014684396
gc_disabled,9525,1.286800001253141
gc_disabled,9526,1.2984999993932433
gc_disabled,9527,1.281599999856553
gc_disabled,9528,1.247700000021723
gc_disabled,9529,1.2758000011672266
gc_disabled,9530,1.280499998756568
gc_disabled,9531,1.346400000329595
gc_disabled,9532,1.3149000005796552
gc_disabled,9533,1.3005999990127748
gc_disabled,9534,1.2074000005668495
gc_disabled,9535,1.3361000001168577
gc_disabled,9536,1.3446000011754222
gc_disabled,9537,1.3054999999440042
gc_disabled,9538,1.278699999602395
gc_disabled,9539,1.2640000004466856
gc_disabled,9540,1.297199998589349
gc_disabled,9541,1.2807999992219266
gc_disabled,9542,1.209099998959573
gc_disabled,9543,1.2745999993057922
gc_disabled,9544,1.2563000000227476
gc_disabled,9545,1.2296999993850477
gc_disabled,9546,1.3216999996075174
gc_disabled,9547,1.23630000052799
gc_disabled,9548,1.2764999992214143
gc_disabled,9549,1.3205000013840618
gc_disabled,9550,1.2700000006589107
gc_disabled,9551,1.2415000001055887
gc_disabled,9552,1.2214999987918418
gc_disabled,9553,1.262099998712074
gc_disabled,9554,1.2484999988373602
gc_disabled,9555,1.2540999996417668
gc_disabled,9556,1.337400000920752
gc_disabled,9557,1.2497000006987946
gc_disabled,9558,1.3046999993093777
gc_disabled,9559,1.3001999996049562
gc_disabled,9560,1.282799999898998
gc_disabled,9561,1.329299999270006
gc_disabled,9562,1.271900000574533
gc_disabled,9563,1.3134000000718515
gc_disabled,9564,1.2425000004441245
gc_disabled,9565,1.3614999988931231
gc_disabled,9566,1.2277999994694255
gc_disabled,9567,1.2590999995154561
gc_disabled,9568,1.2360999990050914
gc_disabled,9569,1.2423000007402152
gc_disabled,9570,1.2862000003224239
gc_disabled,9571,1.2795000002370216
gc_disabled,9572,1.2566000004881062
gc_disabled,9573,1.2437000004865695
gc_disabled,9574,1.27749999955995
gc_disabled,9575,1.3491999998223037
gc_disabled,9576,1.242800000909483
gc_disabled,9577,1.2717000008706236
gc_disabled,9578,1.3381999997363891
gc_disabled,9579,1.3882000002922723
gc_disabled,9580,1.316600000791368
gc_disabled,9581,1.232799999343115
gc_disabled,9582,1.3030999998591142
gc_disabled,9583,1.2846000008721603
gc_disabled,9584,1.2657999996008584
gc_disabled,9585,1.2954000012541655
gc_disabled,9586,1.2361000008240808
gc_disabled,9587,1.282000001083361
gc_disabled,9588,1.2805999995180173
gc_disabled,9589,1.2630999990506098
gc_disabled,9590,1.2979999992239755
gc_disabled,9591,1.380200001221965
gc_disabled,9592,1.2850999992224388
gc_disabled,9593,1.2764999992214143
gc_disabled,9594,1.2299999998504063
gc_disabled,9595,1.2764999992214143
gc_disabled,9596,1.257100000657374
gc_disabled,9597,1.280899999983376
gc_disabled,9598,1.27509999947506
gc_disabled,9599,1.4460000002145534
gc_disabled,9600,1.2423999996826751
gc_disabled,9601,1.2704000000667293
gc_disabled,9602,1.19270000141114
gc_disabled,9603,1.3367999999900348
gc_disabled,9604,1.27519999841752
gc_disabled,9605,1.2369999985821778
gc_disabled,9606,1.2994000007893192
gc_disabled,9607,1.2937000010424526
gc_disabled,9608,1.285700000153156
gc_disabled,9609,1.3111999996908708
gc_disabled,9610,1.3149000005796552
gc_disabled,9611,1.2277000005269656
gc_disabled,9612,1.2511999993876088
gc_disabled,9613,1.2497999996412545
gc_disabled,9614,1.214399999298621
gc_disabled,9615,1.2704000000667293
gc_disabled,9616,1.266000001123757
gc_disabled,9617,1.3522999997803709
gc_disabled,9618,1.3221999997767853
gc_disabled,9619,1.2244000008649891
gc_disabled,9620,1.4133000004221685
gc_disabled,9621,1.3763999995717313
gc_disabled,9622,1.242899999851943
gc_disabled,9623,1.224499999807449
gc_disabled,9624,1.2960000003658934
gc_disabled,9625,1.3156000004528323
gc_disabled,9626,1.2602000006154412
gc_disabled,9627,1.2395000012475066
gc_disabled,9628,1.3421999992715428
gc_disabled,9629,1.2929000004078262
gc_disabled,9630,1.27509999947506
gc_disabled,9631,1.2977999995200662
gc_disabled,9632,1.3147999998182058
gc_disabled,9633,1.315499999691383
gc_disabled,9634,1.3789999993605306
gc_disabled,9635,1.2277999994694255
gc_disabled,9636,1.2640000004466856
gc_disabled,9637,1.2308000004850328
gc_disabled,9638,1.2879000005341368
gc_disabled,9639,1.2239000006957212
gc_disabled,9640,1.2444000003597466
gc_disabled,9641,1.2493999984144466
gc_disabled,9642,1.3639999997394625
gc_disabled,9643,1.297500000873697
gc_disabled,9644,1.250199999049073
gc_disabled,9645,1.5294000004359987
gc_disabled,9646,1.5466999993805075
gc_disabled,9647,1.258399999642279
gc_disabled,9648,1.2473000006139046
gc_disabled,9649,1.3097999999445165
gc_disabled,9650,1.2795999991794815
gc_disabled,9651,1.2380999996821629
gc_disabled,9652,1.4498000000457978
gc_disabled,9653,1.2582999988808297
gc_disabled,9654,1.3103999990562443
gc_disabled,9655,1.2643000009120442
gc_disabled,9656,1.253599999472499
gc_disabled,9657,1.2679999999818392
gc_disabled,9658,1.2891999995190417
gc_disabled,9659,1.4742000003025169
gc_disabled,9660,1.476000001275679
gc_disabled,9661,1.2674999998125713
gc_disabled,9662,1.3372000012168428
gc_disabled,9663,1.363500001389184
gc_disabled,9664,1.5995000012480887
gc_disabled,9665,1.3228000007075025
gc_disabled,9666,1.2862000003224239
gc_disabled,9667,1.3276999998197425
gc_disabled,9668,1.2321999984123977
gc_disabled,9669,1.306099999055732
gc_disabled,9670,1.264499998796964
gc_disabled,9671,1.3318000001163455
gc_disabled,9672,1.2712000007013557
gc_disabled,9673,1.2466999996831873
gc_disabled,9674,1.2461999995139195
gc_disabled,9675,1.3462999995681457
gc_disabled,9676,1.326000001427019
gc_disabled,9677,1.227800001288415
gc_disabled,9678,1.3871000010112766
gc_disabled,9679,1.3574999993579695
gc_disabled,9680,1.333800000793417
gc_disabled,9681,1.2563999989652075
gc_disabled,9682,1.211900000271271
gc_disabled,9683,1.2731999995594379
gc_disabled,9684,1.2332000005699228
gc_disabled,9685,1.2356999995972728
gc_disabled,9686,1.3109999999869615
gc_disabled,9687,1.2607000007847091
gc_disabled,9688,1.2402000011206837
gc_disabled,9689,1.2659000003623078
gc_disabled,9690,1.2614000006578863
gc_disabled,9691,1.2759999990521464
gc_disabled,9692,1.2770000012096716
gc_disabled,9693,1.3926999999966938
gc_disabled,9694,1.251100000445149
gc_disabled,9695,1.2758000011672266
gc_disabled,9696,1.4043999999557855
gc_disabled,9697,1.2925000010000076
gc_disabled,9698,1.3054000010015443
gc_disabled,9699,1.325699999142671
gc_disabled,9700,1.2740999991365243
gc_disabled,9701,1.2900000001536682
gc_disabled,9702,1.2709000002359971
gc_disabled,9703,1.3099999996484257
gc_disabled,9704,1.220100000864477
gc_disabled,9705,1.332999998339801
gc_disabled,9706,1.5098999992915196
gc_disabled,9707,1.3943000012659468
gc_disabled,9708,1.24119999964023
gc_disabled,9709,1.2604000003193505
gc_disabled,9710,1.3204999995650724
gc_disabled,9711,1.307600001382525
gc_disabled,9712,1.3288000009197276
gc_disabled,9713,1.247700000021723
gc_disabled,9714,1.2731999995594379
gc_disabled,9715,1.209500000186381
gc_disabled,9716,1.5024000003904803
gc_disabled,9717,1.2439999991329387
gc_disabled,9718,1.285799999095616
gc_disabled,9719,1.26530000125058
gc_disabled,9720,1.2858000009146053
gc_disabled,9721,1.5223999998852378
gc_disabled,9722,1.3445999993564328
gc_disabled,9723,1.2826999991375487
gc_disabled,9724,1.2747000000672415
gc_disabled,9725,1.2915999996039318
gc_disabled,9726,1.2205999992147554
gc_disabled,9727,1.3083000012557022
gc_disabled,9728,1.2221000015415484
gc_disabled,9729,1.397500000166474
gc_disabled,9730,1.307799999267445
gc_disabled,9731,1.2842999985878123
gc_disabled,9732,1.2532999990071403
gc_disabled,9733,1.2830999985453673
gc_disabled,9734,1.287699999011238
gc_disabled,9735,1.2394000004860573
gc_disabled,9736,1.3213000001996988
gc_disabled,9737,1.26780000027793
gc_disabled,9738,1.2296000004425878
gc_disabled,9739,1.4535999998770421
gc_disabled,9740,1.4221000001271022
gc_disabled,9741,1.2554000004456611
gc_disabled,9742,1.2858999998570653
gc_disabled,9743,1.2425999993865844
gc_disabled,9744,1.4551999993273057
gc_disabled,9745,1.2798999996448401
gc_disabled,9746,1.292200000534649
gc_disabled,9747,1.2745999993057922
gc_disabled,9748,1.2891000005765818
gc_disabled,9749,1.310199999352335
gc_disabled,9750,1.5020999999251217
gc_disabled,9751,1.3204999995650724
gc_disabled,9752,1.2379999989207136
gc_disabled,9753,1.2688000006164657
gc_disabled,9754,1.2917000003653811
gc_disabled,9755,1.2826000001950888
gc_disabled,9756,1.2497000006987946
gc_disabled,9757,1.2814999990951037
gc_disabled,9758,1.2867000004916918
gc_disabled,9759,1.2120999999751803
gc_disabled,9760,1.292100001592189
gc_disabled,9761,1.2210000004415633
gc_disabled,9762,1.3952000008430332
gc_disabled,9763,1.7389000004186528
gc_disabled,9764,1.5299999995477265
gc_disabled,9765,1.8350999998801854
gc_disabled,9766,1.4346999996632803
gc_disabled,9767,1.3325999989319826
gc_disabled,9768,1.2932999998156447
gc_disabled,9769,1.2867000004916918
gc_disabled,9770,1.2352000012469944
gc_disabled,9771,1.2749000015901402
gc_disabled,9772,1.3051999994786456
gc_disabled,9773,1.211400000102003
gc_disabled,9774,1.2621999994735233
gc_disabled,9775,1.2115000008634524
gc_disabled,9776,1.2006999986624578
gc_disabled,9777,1.3956000002508517
gc_disabled,9778,1.2997000012546778
gc_disabled,9779,1.3875000004190952
gc_disabled,9780,1.2836999994760845
gc_disabled,9781,1.2646999985008733
gc_disabled,9782,1.3371000004553935
gc_disabled,9783,1.263699999981327
gc_disabled,9784,1.2431000013748417
gc_disabled,9785,1.241600000867038
gc_disabled,9786,1.2669999996433035
gc_disabled,9787,1.2161999984527938
gc_disabled,9788,1.2407999984134221
gc_disabled,9789,1.3314999996509869
gc_disabled,9790,1.3281999999890104
gc_disabled,9791,1.291000000492204
gc_disabled,9792,1.3240999996924074
gc_disabled,9793,1.3923999995313352
gc_disabled,9794,1.299499999731779
gc_disabled,9795,1.4274000004661502
gc_disabled,9796,1.2504000005719718
gc_disabled,9797,1.2725000015052501
gc_disabled,9798,1.363100000162376
gc_disabled,9799,1.2735999989672564
gc_disabled,9800,1.2664999994740356
gc_disabled,9801,1.3163000003260095
gc_disabled,9802,1.3072000001557171
gc_disabled,9803,1.263600001038867
gc_disabled,9804,1.2484999988373602
gc_disabled,9805,1.2246000005688984
gc_disabled,9806,1.23150000035821
gc_disabled,9807,1.3161000006221002
gc_disabled,9808,1.2360999990050914
gc_disabled,9809,1.2756999985867878
gc_disabled,9810,1.2260999992577126
gc_disabled,9811,1.2724999996862607
gc_disabled,9812,1.2442999995982973
gc_disabled,9813,1.4285000015661353
gc_disabled,9814,1.3049999997747364
gc_disabled,9815,1.3848999988113064
gc_disabled,9816,1.308200000494253
gc_disabled,9817,1.2234999994689133
gc_disabled,9818,1.257199999599834
gc_disabled,9819,1.2497999996412545
gc_disabled,9820,1.294600000619539
gc_disabled,9821,1.3925999992352445
gc_disabled,9822,1.279600000998471
gc_disabled,9823,1.223799999934272
gc_disabled,9824,1.2984000004507834
gc_disabled,9825,1.3569000002462417
gc_disabled,9826,1.2513999990915181
gc_disabled,9827,1.2712999996438157
gc_disabled,9828,1.2568999991344754
gc_disabled,9829,1.2978000013390556
gc_disabled,9830,1.2626999996427912
gc_disabled,9831,1.2255000001459848
gc_disabled,9832,1.2468000004446367
gc_disabled,9833,1.435700000001816
gc_disabled,9834,1.349399999526213
gc_disabled,9835,1.2728000001516193
gc_disabled,9836,1.4776999996684026
gc_disabled,9837,1.428499999747146
gc_disabled,9838,1.2349999997240957
gc_disabled,9839,1.2719999995169928
gc_disabled,9840,1.3084000001981622
gc_disabled,9841,1.2970000007044291
gc_disabled,9842,1.2819999992643716
gc_disabled,9843,1.2437999994290294
gc_disabled,9844,1.4228000000002794
gc_disabled,9845,1.279100000829203
gc_disabled,9846,1.285600001210696
gc_disabled,9847,1.2936999992234632
gc_disabled,9848,1.211499999044463
gc_disabled,9849,1.3061999998171814
gc_disabled,9850,1.2901000009151176
gc_disabled,9851,1.3206000003265217
gc_disabled,9852,1.307799999267445
gc_disabled,9853,1.3951999990240438
gc_disabled,9854,1.2802999990526587
gc_disabled,9855,1.2523999994300539
gc_disabled,9856,1.2348000000201864
gc_disabled,9857,1.2491999987105373
gc_disabled,9858,1.4546999991580378
gc_disabled,9859,1.2510999986261595
gc_disabled,9860,1.4159999991534278
gc_disabled,9861,1.2778000000253087
gc_disabled,9862,1.2814999990951037
gc_disabled,9863,1.2536000012914883
gc_disabled,9864,1.2161000013293233
gc_disabled,9865,1.2879999994765967
gc_disabled,9866,1.2748000008286908
gc_disabled,9867,1.3354000002436806
gc_disabled,9868,1.3479999997798586
gc_disabled,9869,1.3445999993564328
gc_disabled,9870,1.3037999997322913
gc_disabled,9871,1.3041999991401099
gc_disabled,9872,1.2603000013768906
gc_disabled,9873,1.2710999999399064
gc_disabled,9874,1.3209999997343402
gc_disabled,9875,1.2442000006558374
gc_disabled,9876,1.3025999996898463
gc_disabled,9877,1.507199998741271
gc_disabled,9878,1.354600000922801
gc_disabled,9879,1.298700000916142
gc_disabled,9880,1.3430999988486292
gc_disabled,9881,1.4515999991999706
gc_disabled,9882,1.2722999999823514
gc_disabled,9883,1.3082999994367128
gc_disabled,9884,1.2875000011263182
gc_disabled,9885,1.3746999993600184
gc_disabled,9886,1.299999999901047
gc_disabled,9887,1.2454999996407423
gc_disabled,9888,1.2604999992618104
gc_disabled,9889,1.3097000010020565
gc_disabled,9890,1.2740999991365243
gc_disabled,9891,1.2095999991288409
gc_disabled,9892,1.3888000012229895
gc_disabled,9893,1.2101000011170981
gc_disabled,9894,1.4963000012357952
gc_disabled,9895,1.2642000001505949
gc_disabled,9896,1.2781000004906673
gc_disabled,9897,1.2666999991779448
gc_disabled,9898,1.2609000004886184
gc_disabled,9899,1.2611999991349876
gc_disabled,9900,1.408399999490939
gc_disabled,9901,1.2698999998974614
gc_disabled,9902,1.24119999964023
gc_disabled,9903,1.260099999853992
gc_disabled,9904,1.2513000001490582
gc_disabled,9905,1.380300000164425
gc_disabled,9906,1.3209000007918803
gc_disabled,9907,1.2898999993922189
gc_disabled,9908,1.2614999996003462
gc_disabled,9909,1.2722000010398915
gc_disabled,9910,1.337400000920752
gc_disabled,9911,1.3111999996908708
gc_disabled,9912,1.3115000001562294
gc_disabled,9913,1.4016000004630769
gc_disabled,9914,1.3068999996903585
gc_disabled,9915,1.2320999994699378
gc_disabled,9916,1.266100000066217
gc_disabled,9917,1.3651999997819075
gc_disabled,9918,1.2811000015062746
gc_disabled,9919,1.2222000004840083
gc_disabled,9920,1.3069999986328185
gc_disabled,9921,1.2628999993467005
gc_disabled,9922,1.2611000001925277
gc_disabled,9923,1.4710000014019897
gc_disabled,9924,1.3099000007059658
gc_disabled,9925,1.289300000280491
gc_disabled,9926,1.3027999993937556
gc_disabled,9927,1.35499999851163
gc_disabled,9928,1.2885999985883245
gc_disabled,9929,1.3589000009233132
gc_disabled,9930,1.3029999990976648
gc_disabled,9931,1.242899999851943
gc_disabled,9932,1.229899999088957
gc_disabled,9933,1.2743999996018829
gc_disabled,9934,1.254200000403216
gc_disabled,9935,1.3330000001587905
gc_disabled,9936,1.2781999994331272
gc_disabled,9937,1.33790000109002
gc_disabled,9938,1.3111000007484108
gc_disabled,9939,1.2540999996417668
gc_disabled,9940,1.2882000009994954
gc_disabled,9941,1.247700000021723
gc_disabled,9942,1.2372000001050765
gc_disabled,9943,1.2841999996453524
gc_disabled,9944,1.2853000007453375
gc_disabled,9945,1.305300000240095
gc_disabled,9946,1.2657999996008584
gc_disabled,9947,1.247700000021723
gc_disabled,9948,1.301299998885952
gc_disabled,9949,1.2598000012076227
gc_disabled,9950,1.3405999998212792
gc_disabled,9951,1.3073999998596264
gc_disabled,9952,1.2602999995579012
gc_disabled,9953,1.403400001436239
gc_disabled,9954,1.2666999991779448
gc_disabled,9955,1.2781999994331272
gc_disabled,9956,1.2145999990025302
gc_disabled,9957,1.3311999991856283
gc_disabled,9958,1.2740000001940643
gc_disabled,9959,1.2544000001071254
gc_disabled,9960,1.3388999996095663
gc_disabled,9961,1.3059000011708122
gc_disabled,9962,1.288500001464854
gc_disabled,9963,1.2740000001940643
gc_disabled,9964,1.3147999998182058
gc_disabled,9965,1.2876000000687782
gc_disabled,9966,1.4007000008859904
gc_disabled,9967,1.4164000003802357
gc_disabled,9968,1.3669999989360804
gc_disabled,9969,1.3343999999051448
gc_disabled,9970,1.2520000000222353
gc_disabled,9971,1.3380999989749398
gc_disabled,9972,1.2410999988787808
gc_disabled,9973,1.3190000008762581
gc_disabled,9974,1.2659000003623078
gc_disabled,9975,1.2841999996453524
gc_disabled,9976,1.3567000005423324
gc_disabled,9977,1.2802000001101987
gc_disabled,9978,1.2516999995568767
gc_disabled,9979,1.2788000003638444
gc_disabled,9980,1.3634000006277347
gc_disabled,9981,1.4236000006349059
gc_disabled,9982,1.2177999997220468
gc_disabled,9983,1.3608999997813953
gc_disabled,9984,1.261200000953977
gc_disabled,9985,1.2585999993461883
gc_disabled,9986,1.2589000016305363
gc_disabled,9987,1.2397999998938758
gc_disabled,9988,1.3027000004512956
gc_disabled,9989,1.2821999989682809
gc_disabled,9990,1.2955000001966255
gc_disabled,9991,1.2592000002769055
gc_disabled,9992,1.348199999483768
gc_disabled,9993,1.2403999990056036
gc_disabled,9994,1.2955999991390854
gc_disabled,9995,1.2382000004436122
gc_disabled,9996,1.2903999995614868
gc_disabled,9997,1.3289999988046475
gc_disabled,9998,1.6492000013386132
gc_disabled,9999,1.5843000001041219
