part,lap,compile_s,fallbacks,degenerate,unexpected,rss_mb,check,guard,wall_s
C,1,0.030779,0,0,0,,,,
C,2,0.029560,0,0,0,,,,
C,3,0.028821,0,0,0,,,,
C,4,0.029830,0,0,0,,,,
C,5,0.030384,0,0,0,,,,
C,6,0.032657,0,0,0,,,,
C,7,0.032803,0,0,0,,,,
C,8,0.034749,0,0,0,,,,
C,9,0.032438,0,0,0,,,,
C,10,0.031802,0,0,0,,,,
C,11,0.030817,0,0,0,,,,
C,12,0.030084,0,0,0,,,,
C,13,0.029997,0,0,0,,,,
C,14,0.028412,0,0,0,,,,
C,15,0.029017,0,0,0,,,,
C,16,0.029728,0,0,0,,,,
C,17,0.029352,0,0,0,,,,
C,18,0.028139,0,0,0,,,,
C,19,0.030859,0,0,0,,,,
C,20,0.029145,0,0,0,,,,
C,21,0.031679,0,0,0,,,,
C,22,0.028409,0,0,0,,,,
C,23,0.028306,0,0,0,,,,
C,24,0.028343,0,0,0,,,,
C,25,0.028813,0,0,0,,,,
C,26,0.030443,0,0,0,,,,
C,27,0.030170,0,0,0,,,,
C,28,0.029875,0,0,0,,,,
C,29,0.028471,0,0,0,,,,
C,30,0.029216,0,0,0,,,,
C,31,0.029321,0,0,0,,,,
C,32,0.036063,0,0,0,,,,
C,33,0.028028,0,0,0,,,,
C,34,0.030173,0,0,0,,,,
C,35,0.030196,0,0,0,,,,
C,36,0.029690,0,0,0,,,,
C,37,0.027195,0,0,0,,,,
C,38,0.028968,0,0,0,,,,
C,39,0.030175,0,0,0,,,,
C,40,0.029690,0,0,0,,,,
C,41,0.030476,0,0,0,,,,
C,42,0.029064,0,0,0,,,,
C,43,0.028316,0,0,0,,,,
C,44,0.028795,0,0,0,,,,
C,45,0.029120,0,0,0,,,,
C,46,0.028454,0,0,0,,,,
C,47,0.028638,0,0,0,,,,
C,48,0.027498,0,0,0,,,,
C,49,0.027394,0,0,0,,,,
C,50,0.028196,0,0,0,,,,
C,51,0.031134,0,0,0,,,,
C,52,0.031127,0,0,0,,,,
C,53,0.029220,0,0,0,,,,
C,54,0.030249,0,0,0,,,,
C,55,0.031108,0,0,0,,,,
C,56,0.028646,0,0,0,,,,
C,57,0.028042,0,0,0,,,,
C,58,0.029508,0,0,0,,,,
C,59,0.030443,0,0,0,,,,
C,60,0.033355,0,0,0,,,,
C,61,0.034208,0,0,0,,,,
C,62,0.033134,0,0,0,,,,
C,63,0.032938,0,0,0,,,,
C,64,0.029673,0,0,0,,,,
C,65,0.036695,0,0,0,,,,
C,66,0.031126,0,0,0,,,,
C,67,0.031503,0,0,0,,,,
C,68,0.040981,0,0,0,,,,
C,69,0.039605,0,0,0,,,,
C,70,0.041621,0,0,0,,,,
C,71,0.031647,0,0,0,,,,
C,72,0.030716,0,0,0,,,,
C,73,0.030802,0,0,0,,,,
C,74,0.030669,0,0,0,,,,
C,75,0.032874,0,0,0,,,,
C,76,0.028215,0,0,0,,,,
C,77,0.028849,0,0,0,,,,
C,78,0.031383,0,0,0,,,,
C,79,0.031258,0,0,0,,,,
C,80,0.033410,0,0,0,,,,
C,81,0.032293,0,0,0,,,,
C,82,0.031820,0,0,0,,,,
C,83,0.030654,0,0,0,,,,
C,84,0.037850,0,0,0,,,,
C,85,0.031079,0,0,0,,,,
C,86,0.035132,0,0,0,,,,
C,87,0.035329,0,0,0,,,,
C,88,0.030719,0,0,0,,,,
C,89,0.028978,0,0,0,,,,
C,90,0.028091,0,0,0,,,,
C,91,0.029502,0,0,0,,,,
C,92,0.028441,0,0,0,,,,
C,93,0.030592,0,0,0,,,,
C,94,0.029292,0,0,0,,,,
C,95,0.028424,0,0,0,,,,
C,96,0.033972,0,0,0,,,,
C,97,0.029587,0,0,0,,,,
C,98,0.030657,0,0,0,,,,
C,99,0.029988,0,0,0,,,,
C,100,0.029128,0,0,0,,,,
C,101,0.028104,0,0,0,,,,
C,102,0.028822,0,0,0,,,,
C,103,0.028826,0,0,0,,,,
C,104,0.028587,0,0,0,,,,
C,105,0.028825,0,0,0,,,,
C,106,0.028413,0,0,0,,,,
C,107,0.027568,0,0,0,,,,
C,108,0.030168,0,0,0,,,,
C,109,0.030236,0,0,0,,,,
C,110,0.027844,0,0,0,,,,
C,111,0.029107,0,0,0,,,,
C,112,0.029427,0,0,0,,,,
C,113,0.029650,0,0,0,,,,
C,114,0.032523,0,0,0,,,,
C,115,0.031384,0,0,0,,,,
C,116,0.030198,0,0,0,,,,
C,117,0.028750,0,0,0,,,,
C,118,0.030175,0,0,0,,,,
C,119,0.030935,0,0,0,,,,
C,120,0.030366,0,0,0,,,,
C,121,0.030338,0,0,0,,,,
C,122,0.028917,0,0,0,,,,
C,123,0.029501,0,0,0,,,,
C,124,0.029826,0,0,0,,,,
C,125,0.029275,0,0,0,,,,
C,126,0.031157,0,0,0,,,,
C,127,0.030371,0,0,0,,,,
C,128,0.030576,0,0,0,,,,
C,129,0.028480,0,0,0,,,,
C,130,0.029486,0,0,0,,,,
C,131,0.039350,0,0,0,,,,
C,132,0.031711,0,0,0,,,,
C,133,0.027632,0,0,0,,,,
C,134,0.031737,0,0,0,,,,
C,135,0.030600,0,0,0,,,,
C,136,0.031047,0,0,0,,,,
C,137,0.029120,0,0,0,,,,
C,138,0.030371,0,0,0,,,,
C,139,0.028668,0,0,0,,,,
C,140,0.031769,0,0,0,,,,
C,141,0.029438,0,0,0,,,,
C,142,0.029488,0,0,0,,,,
C,143,0.030745,0,0,0,,,,
C,144,0.030860,0,0,0,,,,
C,145,0.032324,0,0,0,,,,
C,146,0.033151,0,0,0,,,,
C,147,0.030429,0,0,0,,,,
C,148,0.029138,0,0,0,,,,
C,149,0.031196,0,0,0,,,,
C,150,0.031055,0,0,0,,,,
C,151,0.029876,0,0,0,,,,
C,152,0.031071,0,0,0,,,,
C,153,0.029303,0,0,0,,,,
C,154,0.028463,0,0,0,,,,
C,155,0.030070,0,0,0,,,,
C,156,0.029655,0,0,0,,,,
C,157,0.029975,0,0,0,,,,
C,158,0.031911,0,0,0,,,,
C,159,0.030553,0,0,0,,,,
C,160,0.029927,0,0,0,,,,
C,161,0.030129,0,0,0,,,,
C,162,0.029518,0,0,0,,,,
C,163,0.028945,0,0,0,,,,
C,164,0.029069,0,0,0,,,,
C,165,0.029034,0,0,0,,,,
C,166,0.029570,0,0,0,,,,
C,167,0.030220,0,0,0,,,,
C,168,0.028062,0,0,0,,,,
C,169,0.030310,0,0,0,,,,
C,170,0.029245,0,0,0,,,,
C,171,0.031826,0,0,0,,,,
C,172,0.031636,0,0,0,,,,
C,173,0.032630,0,0,0,,,,
C,174,0.029826,0,0,0,,,,
C,175,0.030760,0,0,0,,,,
C,176,0.030337,0,0,0,,,,
C,177,0.032552,0,0,0,,,,
C,178,0.031469,0,0,0,,,,
C,179,0.028989,0,0,0,,,,
C,180,0.030495,0,0,0,,,,
C,181,0.031265,0,0,0,,,,
C,182,0.030322,0,0,0,,,,
C,183,0.029399,0,0,0,,,,
C,184,0.040842,0,0,0,,,,
C,185,0.052073,0,0,0,,,,
C,186,0.040363,0,0,0,,,,
C,187,0.033650,0,0,0,,,,
C,188,0.043698,0,0,0,,,,
C,189,0.036542,0,0,0,,,,
C,190,0.040548,0,0,0,,,,
C,191,0.051041,0,0,0,,,,
C,192,0.045821,0,0,0,,,,
C,193,0.038360,0,0,0,,,,
C,194,0.033506,0,0,0,,,,
C,195,0.030550,0,0,0,,,,
C,196,0.028345,0,0,0,,,,
C,197,0.029597,0,0,0,,,,
C,198,0.028010,0,0,0,,,,
C,199,0.029785,0,0,0,,,,
C,200,0.029997,0,0,0,,,,
C,201,0.029570,0,0,0,,,,
C,202,0.032705,0,0,0,,,,
C,203,0.031182,0,0,0,,,,
C,204,0.030762,0,0,0,,,,
C,205,0.029353,0,0,0,,,,
C,206,0.031505,0,0,0,,,,
C,207,0.029519,0,0,0,,,,
C,208,0.030211,0,0,0,,,,
C,209,0.030269,0,0,0,,,,
C,210,0.028139,0,0,0,,,,
C,211,0.033966,0,0,0,,,,
C,212,0.030092,0,0,0,,,,
C,213,0.029986,0,0,0,,,,
C,214,0.028321,0,0,0,,,,
C,215,0.030262,0,0,0,,,,
C,216,0.030680,0,0,0,,,,
C,217,0.030878,0,0,0,,,,
C,218,0.031982,0,0,0,,,,
C,219,0.031474,0,0,0,,,,
C,220,0.035119,0,0,0,,,,
C,221,0.032268,0,0,0,,,,
C,222,0.032826,0,0,0,,,,
C,223,0.033581,0,0,0,,,,
C,224,0.039752,0,0,0,,,,
C,225,0.036091,0,0,0,,,,
C,226,0.031021,0,0,0,,,,
C,227,0.029561,0,0,0,,,,
C,228,0.028595,0,0,0,,,,
C,229,0.029863,0,0,0,,,,
C,230,0.027415,0,0,0,,,,
C,231,0.030222,0,0,0,,,,
C,232,0.030642,0,0,0,,,,
C,233,0.031603,0,0,0,,,,
C,234,0.030467,0,0,0,,,,
C,235,0.029362,0,0,0,,,,
C,236,0.030604,0,0,0,,,,
C,237,0.031175,0,0,0,,,,
C,238,0.031820,0,0,0,,,,
C,239,0.030789,0,0,0,,,,
C,240,0.038216,0,0,0,,,,
C,241,0.032129,0,0,0,,,,
C,242,0.035141,0,0,0,,,,
C,243,0.032999,0,0,0,,,,
C,244,0.035685,0,0,0,,,,
C,245,0.031889,0,0,0,,,,
C,246,0.031220,0,0,0,,,,
C,247,0.029071,0,0,0,,,,
C,248,0.029768,0,0,0,,,,
C,249,0.030261,0,0,0,,,,
C,250,0.029917,0,0,0,,,,
C,251,0.028469,0,0,0,,,,
C,252,0.029872,0,0,0,,,,
C,253,0.030443,0,0,0,,,,
C,254,0.032667,0,0,0,,,,
C,255,0.030942,0,0,0,,,,
C,256,0.030834,0,0,0,,,,
C,257,0.029733,0,0,0,,,,
C,258,0.031058,0,0,0,,,,
C,259,0.031382,0,0,0,,,,
C,260,0.030653,0,0,0,,,,
C,261,0.030918,0,0,0,,,,
C,262,0.030041,0,0,0,,,,
C,263,0.027615,0,0,0,,,,
C,264,0.028340,0,0,0,,,,
C,265,0.029109,0,0,0,,,,
C,266,0.029097,0,0,0,,,,
C,267,0.030570,0,0,0,,,,
C,268,0.029392,0,0,0,,,,
C,269,0.028379,0,0,0,,,,
C,270,0.030399,0,0,0,,,,
C,271,0.028969,0,0,0,,,,
C,272,0.028288,0,0,0,,,,
C,273,0.028636,0,0,0,,,,
C,274,0.029295,0,0,0,,,,
C,275,0.029004,0,0,0,,,,
C,276,0.027323,0,0,0,,,,
C,277,0.028317,0,0,0,,,,
C,278,0.030935,0,0,0,,,,
C,279,0.028669,0,0,0,,,,
C,280,0.030127,0,0,0,,,,
C,281,0.030307,0,0,0,,,,
C,282,0.030736,0,0,0,,,,
C,283,0.029345,0,0,0,,,,
C,284,0.029251,0,0,0,,,,
C,285,0.030187,0,0,0,,,,
C,286,0.030247,0,0,0,,,,
C,287,0.031377,0,0,0,,,,
C,288,0.030955,0,0,0,,,,
C,289,0.032460,0,0,0,,,,
C,290,0.028360,0,0,0,,,,
C,291,0.030661,0,0,0,,,,
C,292,0.029030,0,0,0,,,,
C,293,0.028603,0,0,0,,,,
C,294,0.028314,0,0,0,,,,
C,295,0.028438,0,0,0,,,,
C,296,0.027770,0,0,0,,,,
C,297,0.028353,0,0,0,,,,
C,298,0.029175,0,0,0,,,,
C,299,0.031636,0,0,0,,,,
C,300,0.029204,0,0,0,,,,
C,301,0.029733,0,0,0,,,,
C,302,0.031601,0,0,0,,,,
C,303,0.030417,0,0,0,,,,
C,304,0.028664,0,0,0,,,,
C,305,0.028465,0,0,0,,,,
C,306,0.027900,0,0,0,,,,
C,307,0.031107,0,0,0,,,,
C,308,0.028113,0,0,0,,,,
C,309,0.027175,0,0,0,,,,
C,310,0.030033,0,0,0,,,,
C,311,0.029679,0,0,0,,,,
C,312,0.028799,0,0,0,,,,
C,313,0.029184,0,0,0,,,,
C,314,0.029304,0,0,0,,,,
C,315,0.029057,0,0,0,,,,
C,316,0.030116,0,0,0,,,,
C,317,0.028119,0,0,0,,,,
C,318,0.028297,0,0,0,,,,
C,319,0.028620,0,0,0,,,,
C,320,0.030468,0,0,0,,,,
C,321,0.029659,0,0,0,,,,
C,322,0.028950,0,0,0,,,,
C,323,0.030280,0,0,0,,,,
C,324,0.027775,0,0,0,,,,
C,325,0.028995,0,0,0,,,,
C,326,0.029266,0,0,0,,,,
C,327,0.026708,0,0,0,,,,
C,328,0.027921,0,0,0,,,,
C,329,0.028514,0,0,0,,,,
C,330,0.029965,0,0,0,,,,
C,331,0.029166,0,0,0,,,,
C,332,0.029359,0,0,0,,,,
C,333,0.029065,0,0,0,,,,
C,334,0.028497,0,0,0,,,,
C,335,0.030650,0,0,0,,,,
C,336,0.029857,0,0,0,,,,
C,337,0.028817,0,0,0,,,,
C,338,0.029000,0,0,0,,,,
C,339,0.028751,0,0,0,,,,
C,340,0.028131,0,0,0,,,,
C,341,0.028843,0,0,0,,,,
C,342,0.028730,0,0,0,,,,
C,343,0.028578,0,0,0,,,,
C,344,0.029730,0,0,0,,,,
C,345,0.029890,0,0,0,,,,
C,346,0.028764,0,0,0,,,,
C,347,0.030493,0,0,0,,,,
C,348,0.030608,0,0,0,,,,
C,349,0.029128,0,0,0,,,,
C,350,0.028229,0,0,0,,,,
C,351,0.029614,0,0,0,,,,
C,352,0.027761,0,0,0,,,,
C,353,0.031407,0,0,0,,,,
C,354,0.028337,0,0,0,,,,
C,355,0.028773,0,0,0,,,,
C,356,0.031338,0,0,0,,,,
C,357,0.028890,0,0,0,,,,
C,358,0.028192,0,0,0,,,,
C,359,0.029324,0,0,0,,,,
C,360,0.028422,0,0,0,,,,
C,361,0.030620,0,0,0,,,,
C,362,0.028496,0,0,0,,,,
C,363,0.028477,0,0,0,,,,
C,364,0.030068,0,0,0,,,,
C,365,0.028693,0,0,0,,,,
C,366,0.028983,0,0,0,,,,
C,367,0.029544,0,0,0,,,,
C,368,0.027808,0,0,0,,,,
C,369,0.027068,0,0,0,,,,
C,370,0.028607,0,0,0,,,,
C,371,0.028533,0,0,0,,,,
C,372,0.030587,0,0,0,,,,
C,373,0.029524,0,0,0,,,,
C,374,0.030641,0,0,0,,,,
C,375,0.030911,0,0,0,,,,
C,376,0.030033,0,0,0,,,,
C,377,0.028570,0,0,0,,,,
C,378,0.029860,0,0,0,,,,
C,379,0.030627,0,0,0,,,,
C,380,0.032891,0,0,0,,,,
C,381,0.030484,0,0,0,,,,
C,382,0.029927,0,0,0,,,,
C,383,0.031699,0,0,0,,,,
C,384,0.028954,0,0,0,,,,
C,385,0.027491,0,0,0,,,,
C,386,0.029097,0,0,0,,,,
C,387,0.027994,0,0,0,,,,
C,388,0.028801,0,0,0,,,,
C,389,0.031131,0,0,0,,,,
C,390,0.028464,0,0,0,,,,
C,391,0.031649,0,0,0,,,,
C,392,0.030123,0,0,0,,,,
C,393,0.030314,0,0,0,,,,
C,394,0.029536,0,0,0,,,,
C,395,0.029837,0,0,0,,,,
C,396,0.028646,0,0,0,,,,
C,397,0.029040,0,0,0,,,,
C,398,0.028618,0,0,0,,,,
C,399,0.031390,0,0,0,,,,
C,400,0.027936,0,0,0,,,,
C,401,0.029081,0,0,0,,,,
C,402,0.028791,0,0,0,,,,
C,403,0.031486,0,0,0,,,,
C,404,0.033694,0,0,0,,,,
C,405,0.032004,0,0,0,,,,
C,406,0.034078,0,0,0,,,,
C,407,0.029552,0,0,0,,,,
C,408,0.028327,0,0,0,,,,
C,409,0.028370,0,0,0,,,,
C,410,0.028526,0,0,0,,,,
C,411,0.030009,0,0,0,,,,
C,412,0.028609,0,0,0,,,,
C,413,0.027613,0,0,0,,,,
C,414,0.028399,0,0,0,,,,
C,415,0.028718,0,0,0,,,,
C,416,0.028813,0,0,0,,,,
C,417,0.029856,0,0,0,,,,
C,418,0.027961,0,0,0,,,,
C,419,0.028180,0,0,0,,,,
C,420,0.032175,0,0,0,,,,
C,421,0.036222,0,0,0,,,,
C,422,0.033324,0,0,0,,,,
C,423,0.029124,0,0,0,,,,
C,424,0.032019,0,0,0,,,,
C,425,0.031514,0,0,0,,,,
C,426,0.031879,0,0,0,,,,
C,427,0.033135,0,0,0,,,,
C,428,0.037736,0,0,0,,,,
C,429,0.035112,0,0,0,,,,
C,430,0.027919,0,0,0,,,,
C,431,0.033216,0,0,0,,,,
C,432,0.035990,0,0,0,,,,
C,433,0.028142,0,0,0,,,,
C,434,0.034793,0,0,0,,,,
C,435,0.029656,0,0,0,,,,
C,436,0.031085,0,0,0,,,,
C,437,0.030076,0,0,0,,,,
C,438,0.029398,0,0,0,,,,
C,439,0.030237,0,0,0,,,,
C,440,0.029895,0,0,0,,,,
C,441,0.030163,0,0,0,,,,
C,442,0.030342,0,0,0,,,,
C,443,0.031450,0,0,0,,,,
C,444,0.030948,0,0,0,,,,
C,445,0.029714,0,0,0,,,,
C,446,0.030271,0,0,0,,,,
C,447,0.040271,0,0,0,,,,
C,448,0.030607,0,0,0,,,,
C,449,0.028506,0,0,0,,,,
C,450,0.029912,0,0,0,,,,
C,451,0.027070,0,0,0,,,,
C,452,0.028887,0,0,0,,,,
C,453,0.029794,0,0,0,,,,
C,454,0.028315,0,0,0,,,,
C,455,0.029109,0,0,0,,,,
C,456,0.028327,0,0,0,,,,
C,457,0.029266,0,0,0,,,,
C,458,0.028560,0,0,0,,,,
C,459,0.028934,0,0,0,,,,
C,460,0.030796,0,0,0,,,,
C,461,0.028891,0,0,0,,,,
C,462,0.028027,0,0,0,,,,
C,463,0.031148,0,0,0,,,,
C,464,0.028257,0,0,0,,,,
C,465,0.030744,0,0,0,,,,
C,466,0.029959,0,0,0,,,,
C,467,0.034230,0,0,0,,,,
C,468,0.032667,0,0,0,,,,
C,469,0.030521,0,0,0,,,,
C,470,0.030891,0,0,0,,,,
C,471,0.032734,0,0,0,,,,
C,472,0.031830,0,0,0,,,,
C,473,0.028545,0,0,0,,,,
C,474,0.027813,0,0,0,,,,
C,475,0.028766,0,0,0,,,,
C,476,0.029662,0,0,0,,,,
C,477,0.028293,0,0,0,,,,
C,478,0.029294,0,0,0,,,,
C,479,0.028894,0,0,0,,,,
C,480,0.028290,0,0,0,,,,
C,481,0.030359,0,0,0,,,,
C,482,0.030449,0,0,0,,,,
C,483,0.027178,0,0,0,,,,
C,484,0.027683,0,0,0,,,,
C,485,0.029827,0,0,0,,,,
C,486,0.028762,0,0,0,,,,
C,487,0.028210,0,0,0,,,,
C,488,0.029913,0,0,0,,,,
C,489,0.030637,0,0,0,,,,
C,490,0.030279,0,0,0,,,,
C,491,0.028547,0,0,0,,,,
C,492,0.028976,0,0,0,,,,
C,493,0.029954,0,0,0,,,,
C,494,0.028992,0,0,0,,,,
C,495,0.028578,0,0,0,,,,
C,496,0.029083,0,0,0,,,,
C,497,0.028060,0,0,0,,,,
C,498,0.029620,0,0,0,,,,
C,499,0.028428,0,0,0,,,,
C,500,0.029567,0,0,0,,,,
C,501,0.028835,0,0,0,,,,
C,502,0.030138,0,0,0,,,,
C,503,0.028640,0,0,0,,,,
C,504,0.029684,0,0,0,,,,
C,505,0.030272,0,0,0,,,,
C,506,0.029668,0,0,0,,,,
C,507,0.031562,0,0,0,,,,
C,508,0.029255,0,0,0,,,,
C,509,0.028601,0,0,0,,,,
C,510,0.028930,0,0,0,,,,
C,511,0.029818,0,0,0,,,,
C,512,0.031864,0,0,0,,,,
C,513,0.029945,0,0,0,,,,
C,514,0.031176,0,0,0,,,,
C,515,0.035112,0,0,0,,,,
C,516,0.031871,0,0,0,,,,
C,517,0.030174,0,0,0,,,,
C,518,0.028535,0,0,0,,,,
C,519,0.029081,0,0,0,,,,
C,520,0.027994,0,0,0,,,,
C,521,0.027844,0,0,0,,,,
C,522,0.028188,0,0,0,,,,
C,523,0.029883,0,0,0,,,,
C,524,0.028453,0,0,0,,,,
C,525,0.031728,0,0,0,,,,
C,526,0.028512,0,0,0,,,,
C,527,0.027339,0,0,0,,,,
C,528,0.029127,0,0,0,,,,
C,529,0.029823,0,0,0,,,,
C,530,0.029432,0,0,0,,,,
C,531,0.028260,0,0,0,,,,
C,532,0.030451,0,0,0,,,,
C,533,0.030095,0,0,0,,,,
C,534,0.029915,0,0,0,,,,
C,535,0.029120,0,0,0,,,,
C,536,0.030018,0,0,0,,,,
C,537,0.029619,0,0,0,,,,
C,538,0.028518,0,0,0,,,,
C,539,0.028538,0,0,0,,,,
C,540,0.029992,0,0,0,,,,
C,541,0.028659,0,0,0,,,,
C,542,0.027689,0,0,0,,,,
C,543,0.028225,0,0,0,,,,
C,544,0.029817,0,0,0,,,,
C,545,0.029469,0,0,0,,,,
C,546,0.032182,0,0,0,,,,
C,547,0.028869,0,0,0,,,,
C,548,0.028650,0,0,0,,,,
C,549,0.029451,0,0,0,,,,
C,550,0.032009,0,0,0,,,,
C,551,0.029386,0,0,0,,,,
C,552,0.031843,0,0,0,,,,
C,553,0.032726,0,0,0,,,,
C,554,0.030540,0,0,0,,,,
C,555,0.029474,0,0,0,,,,
C,556,0.032668,0,0,0,,,,
C,557,0.031162,0,0,0,,,,
C,558,0.030951,0,0,0,,,,
C,559,0.028595,0,0,0,,,,
C,560,0.029090,0,0,0,,,,
C,561,0.028261,0,0,0,,,,
C,562,0.028123,0,0,0,,,,
C,563,0.030507,0,0,0,,,,
C,564,0.031889,0,0,0,,,,
C,565,0.029508,0,0,0,,,,
C,566,0.029106,0,0,0,,,,
C,567,0.030626,0,0,0,,,,
C,568,0.030998,0,0,0,,,,
C,569,0.031880,0,0,0,,,,
C,570,0.029047,0,0,0,,,,
C,571,0.031098,0,0,0,,,,
C,572,0.031036,0,0,0,,,,
C,573,0.028741,0,0,0,,,,
C,574,0.029351,0,0,0,,,,
C,575,0.029303,0,0,0,,,,
C,576,0.029116,0,0,0,,,,
C,577,0.030167,0,0,0,,,,
C,578,0.031063,0,0,0,,,,
C,579,0.029874,0,0,0,,,,
C,580,0.030898,0,0,0,,,,
C,581,0.031335,0,0,0,,,,
C,582,0.031217,0,0,0,,,,
C,583,0.028824,0,0,0,,,,
C,584,0.029325,0,0,0,,,,
C,585,0.033662,0,0,0,,,,
C,586,0.028095,0,0,0,,,,
C,587,0.029747,0,0,0,,,,
C,588,0.029690,0,0,0,,,,
C,589,0.033133,0,0,0,,,,
C,590,0.029260,0,0,0,,,,
C,591,0.030085,0,0,0,,,,
C,592,0.029277,0,0,0,,,,
C,593,0.028516,0,0,0,,,,
C,594,0.030086,0,0,0,,,,
C,595,0.029658,0,0,0,,,,
C,596,0.029899,0,0,0,,,,
C,597,0.028385,0,0,0,,,,
C,598,0.028738,0,0,0,,,,
C,599,0.029481,0,0,0,,,,
C,600,0.031630,0,0,0,,,,
C,601,0.032414,0,0,0,,,,
C,602,0.030133,0,0,0,,,,
C,603,0.030327,0,0,0,,,,
C,604,0.032702,0,0,0,,,,
C,605,0.031206,0,0,0,,,,
C,606,0.034606,0,0,0,,,,
C,607,0.034127,0,0,0,,,,
C,608,0.033819,0,0,0,,,,
C,609,0.032871,0,0,0,,,,
C,610,0.030341,0,0,0,,,,
C,611,0.030997,0,0,0,,,,
C,612,0.031024,0,0,0,,,,
C,613,0.030733,0,0,0,,,,
C,614,0.029282,0,0,0,,,,
C,615,0.028472,0,0,0,,,,
C,616,0.029452,0,0,0,,,,
C,617,0.035317,0,0,0,,,,
C,618,0.042262,0,0,0,,,,
C,619,0.034759,0,0,0,,,,
C,620,0.042603,0,0,0,,,,
C,621,0.037267,0,0,0,,,,
C,622,0.035928,0,0,0,,,,
C,623,0.041505,0,0,0,,,,
C,624,0.039465,0,0,0,,,,
C,625,0.044794,0,0,0,,,,
C,626,0.042414,0,0,0,,,,
C,627,0.037471,0,0,0,,,,
C,628,0.031645,0,0,0,,,,
C,629,0.034077,0,0,0,,,,
C,630,0.030798,0,0,0,,,,
C,631,0.031998,0,0,0,,,,
C,632,0.031252,0,0,0,,,,
C,633,0.030683,0,0,0,,,,
C,634,0.043878,0,0,0,,,,
C,635,0.039402,0,0,0,,,,
C,636,0.035686,0,0,0,,,,
C,637,0.030757,0,0,0,,,,
C,638,0.029854,0,0,0,,,,
C,639,0.038536,0,0,0,,,,
C,640,0.029316,0,0,0,,,,
C,641,0.032495,0,0,0,,,,
C,642,0.031505,0,0,0,,,,
C,643,0.031409,0,0,0,,,,
C,644,0.031382,0,0,0,,,,
C,645,0.029550,0,0,0,,,,
C,646,0.032612,0,0,0,,,,
C,647,0.039966,0,0,0,,,,
C,648,0.044804,0,0,0,,,,
C,649,0.031787,0,0,0,,,,
C,650,0.029911,0,0,0,,,,
C,651,0.030563,0,0,0,,,,
C,652,0.031435,0,0,0,,,,
C,653,0.027645,0,0,0,,,,
C,654,0.027955,0,0,0,,,,
C,655,0.029621,0,0,0,,,,
C,656,0.028354,0,0,0,,,,
C,657,0.028920,0,0,0,,,,
C,658,0.028044,0,0,0,,,,
C,659,0.028429,0,0,0,,,,
C,660,0.030970,0,0,0,,,,
C,661,0.029840,0,0,0,,,,
C,662,0.036321,0,0,0,,,,
C,663,0.035230,0,0,0,,,,
C,664,0.031984,0,0,0,,,,
C,665,0.034390,0,0,0,,,,
C,666,0.030953,0,0,0,,,,
C,667,0.030299,0,0,0,,,,
C,668,0.029976,0,0,0,,,,
C,669,0.031190,0,0,0,,,,
C,670,0.037623,0,0,0,,,,
C,671,0.031448,0,0,0,,,,
C,672,0.032089,0,0,0,,,,
C,673,0.028737,0,0,0,,,,
C,674,0.029703,0,0,0,,,,
C,675,0.028386,0,0,0,,,,
C,676,0.031565,0,0,0,,,,
C,677,0.028817,0,0,0,,,,
C,678,0.029354,0,0,0,,,,
C,679,0.030020,0,0,0,,,,
C,680,0.030686,0,0,0,,,,
C,681,0.028375,0,0,0,,,,
C,682,0.030859,0,0,0,,,,
C,683,0.031042,0,0,0,,,,
C,684,0.028620,0,0,0,,,,
C,685,0.030609,0,0,0,,,,
C,686,0.028942,0,0,0,,,,
C,687,0.029353,0,0,0,,,,
C,688,0.028331,0,0,0,,,,
C,689,0.027566,0,0,0,,,,
C,690,0.028261,0,0,0,,,,
C,691,0.029787,0,0,0,,,,
C,692,0.028713,0,0,0,,,,
C,693,0.028453,0,0,0,,,,
C,694,0.028785,0,0,0,,,,
C,695,0.028653,0,0,0,,,,
C,696,0.029871,0,0,0,,,,
C,697,0.029287,0,0,0,,,,
C,698,0.029316,0,0,0,,,,
C,699,0.031728,0,0,0,,,,
C,700,0.029127,0,0,0,,,,
C,701,0.029846,0,0,0,,,,
C,702,0.030697,0,0,0,,,,
C,703,0.028937,0,0,0,,,,
C,704,0.028819,0,0,0,,,,
C,705,0.030780,0,0,0,,,,
C,706,0.031132,0,0,0,,,,
C,707,0.028649,0,0,0,,,,
C,708,0.030003,0,0,0,,,,
C,709,0.031241,0,0,0,,,,
C,710,0.030408,0,0,0,,,,
C,711,0.031697,0,0,0,,,,
C,712,0.031131,0,0,0,,,,
C,713,0.030556,0,0,0,,,,
C,714,0.028178,0,0,0,,,,
C,715,0.028159,0,0,0,,,,
C,716,0.029477,0,0,0,,,,
C,717,0.029332,0,0,0,,,,
C,718,0.028577,0,0,0,,,,
C,719,0.030682,0,0,0,,,,
C,720,0.031798,0,0,0,,,,
C,721,0.031490,0,0,0,,,,
C,722,0.030349,0,0,0,,,,
C,723,0.027752,0,0,0,,,,
C,724,0.028032,0,0,0,,,,
C,725,0.028636,0,0,0,,,,
C,726,0.032425,0,0,0,,,,
C,727,0.031395,0,0,0,,,,
C,728,0.032135,0,0,0,,,,
C,729,0.030523,0,0,0,,,,
C,730,0.030188,0,0,0,,,,
C,731,0.029605,0,0,0,,,,
C,732,0.029081,0,0,0,,,,
C,733,0.029502,0,0,0,,,,
C,734,0.028549,0,0,0,,,,
C,735,0.028757,0,0,0,,,,
C,736,0.029218,0,0,0,,,,
C,737,0.028725,0,0,0,,,,
C,738,0.028892,0,0,0,,,,
C,739,0.028381,0,0,0,,,,
C,740,0.029825,0,0,0,,,,
C,741,0.029711,0,0,0,,,,
C,742,0.028964,0,0,0,,,,
C,743,0.029816,0,0,0,,,,
C,744,0.032305,0,0,0,,,,
C,745,0.031350,0,0,0,,,,
C,746,0.029682,0,0,0,,,,
C,747,0.029905,0,0,0,,,,
C,748,0.029675,0,0,0,,,,
C,749,0.030367,0,0,0,,,,
C,750,0.030015,0,0,0,,,,
C,751,0.031796,0,0,0,,,,
C,752,0.030368,0,0,0,,,,
C,753,0.031449,0,0,0,,,,
C,754,0.030303,0,0,0,,,,
C,755,0.030102,0,0,0,,,,
C,756,0.032398,0,0,0,,,,
C,757,0.031742,0,0,0,,,,
C,758,0.031043,0,0,0,,,,
C,759,0.030164,0,0,0,,,,
C,760,0.031452,0,0,0,,,,
C,761,0.029255,0,0,0,,,,
C,762,0.027907,0,0,0,,,,
C,763,0.031365,0,0,0,,,,
C,764,0.031560,0,0,0,,,,
C,765,0.032128,0,0,0,,,,
C,766,0.034880,0,0,0,,,,
C,767,0.031849,0,0,0,,,,
C,768,0.030870,0,0,0,,,,
C,769,0.031675,0,0,0,,,,
C,770,0.031475,0,0,0,,,,
C,771,0.030181,0,0,0,,,,
C,772,0.033271,0,0,0,,,,
C,773,0.032584,0,0,0,,,,
C,774,0.033766,0,0,0,,,,
C,775,0.041128,0,0,0,,,,
C,776,0.038727,0,0,0,,,,
C,777,0.032180,0,0,0,,,,
C,778,0.031643,0,0,0,,,,
C,779,0.032028,0,0,0,,,,
C,780,0.031158,0,0,0,,,,
C,781,0.031011,0,0,0,,,,
C,782,0.031785,0,0,0,,,,
C,783,0.029512,0,0,0,,,,
C,784,0.030959,0,0,0,,,,
C,785,0.029730,0,0,0,,,,
C,786,0.028447,0,0,0,,,,
C,787,0.029396,0,0,0,,,,
C,788,0.029746,0,0,0,,,,
C,789,0.029917,0,0,0,,,,
C,790,0.029982,0,0,0,,,,
C,791,0.031891,0,0,0,,,,
C,792,0.030101,0,0,0,,,,
C,793,0.030148,0,0,0,,,,
C,794,0.030765,0,0,0,,,,
C,795,0.030465,0,0,0,,,,
C,796,0.029746,0,0,0,,,,
C,797,0.030324,0,0,0,,,,
C,798,0.031929,0,0,0,,,,
C,799,0.029498,0,0,0,,,,
C,800,0.031275,0,0,0,,,,
C,801,0.032703,0,0,0,,,,
C,802,0.029691,0,0,0,,,,
C,803,0.030651,0,0,0,,,,
C,804,0.029879,0,0,0,,,,
C,805,0.035165,0,0,0,,,,
C,806,0.035574,0,0,0,,,,
C,807,0.038326,0,0,0,,,,
C,808,0.031559,0,0,0,,,,
C,809,0.031240,0,0,0,,,,
C,810,0.044352,0,0,0,,,,
C,811,0.030989,0,0,0,,,,
C,812,0.031763,0,0,0,,,,
C,813,0.036892,0,0,0,,,,
C,814,0.046446,0,0,0,,,,
C,815,0.037861,0,0,0,,,,
C,816,0.037467,0,0,0,,,,
C,817,0.039875,0,0,0,,,,
C,818,0.035210,0,0,0,,,,
C,819,0.031209,0,0,0,,,,
C,820,0.032143,0,0,0,,,,
C,821,0.039551,0,0,0,,,,
C,822,0.043540,0,0,0,,,,
C,823,0.036873,0,0,0,,,,
C,824,0.033056,0,0,0,,,,
C,825,0.049420,0,0,0,,,,
C,826,0.031677,0,0,0,,,,
C,827,0.032853,0,0,0,,,,
C,828,0.035565,0,0,0,,,,
C,829,0.030151,0,0,0,,,,
C,830,0.029671,0,0,0,,,,
C,831,0.028691,0,0,0,,,,
C,832,0.031077,0,0,0,,,,
C,833,0.030834,0,0,0,,,,
C,834,0.029038,0,0,0,,,,
C,835,0.032154,0,0,0,,,,
C,836,0.032110,0,0,0,,,,
C,837,0.034538,0,0,0,,,,
C,838,0.034969,0,0,0,,,,
C,839,0.033406,0,0,0,,,,
C,840,0.034579,0,0,0,,,,
C,841,0.029827,0,0,0,,,,
C,842,0.030367,0,0,0,,,,
C,843,0.028731,0,0,0,,,,
C,844,0.029253,0,0,0,,,,
C,845,0.030690,0,0,0,,,,
C,846,0.029719,0,0,0,,,,
C,847,0.027862,0,0,0,,,,
C,848,0.029518,0,0,0,,,,
C,849,0.029745,0,0,0,,,,
C,850,0.029525,0,0,0,,,,
C,851,0.028657,0,0,0,,,,
C,852,0.028920,0,0,0,,,,
C,853,0.029475,0,0,0,,,,
C,854,0.032657,0,0,0,,,,
C,855,0.030424,0,0,0,,,,
C,856,0.030672,0,0,0,,,,
C,857,0.031703,0,0,0,,,,
C,858,0.029947,0,0,0,,,,
C,859,0.030432,0,0,0,,,,
C,860,0.037204,0,0,0,,,,
C,861,0.030337,0,0,0,,,,
C,862,0.029666,0,0,0,,,,
C,863,0.030808,0,0,0,,,,
C,864,0.031689,0,0,0,,,,
C,865,0.033985,0,0,0,,,,
C,866,0.032023,0,0,0,,,,
C,867,0.032077,0,0,0,,,,
C,868,0.029842,0,0,0,,,,
C,869,0.030678,0,0,0,,,,
C,870,0.028251,0,0,0,,,,
C,871,0.029446,0,0,0,,,,
C,872,0.029097,0,0,0,,,,
C,873,0.029593,0,0,0,,,,
C,874,0.030502,0,0,0,,,,
C,875,0.030186,0,0,0,,,,
C,876,0.031941,0,0,0,,,,
C,877,0.030108,0,0,0,,,,
C,878,0.030982,0,0,0,,,,
C,879,0.031967,0,0,0,,,,
C,880,0.032535,0,0,0,,,,
C,881,0.033034,0,0,0,,,,
C,882,0.030515,0,0,0,,,,
C,883,0.031306,0,0,0,,,,
C,884,0.029904,0,0,0,,,,
C,885,0.031584,0,0,0,,,,
C,886,0.031805,0,0,0,,,,
C,887,0.032814,0,0,0,,,,
C,888,0.030254,0,0,0,,,,
C,889,0.030481,0,0,0,,,,
C,890,0.031002,0,0,0,,,,
C,891,0.047617,0,0,0,,,,
C,892,0.033412,0,0,0,,,,
C,893,0.033695,0,0,0,,,,
C,894,0.032886,0,0,0,,,,
C,895,0.032681,0,0,0,,,,
C,896,0.032460,0,0,0,,,,
C,897,0.034626,0,0,0,,,,
C,898,0.035075,0,0,0,,,,
C,899,0.032958,0,0,0,,,,
C,900,0.033667,0,0,0,,,,
C,901,0.034876,0,0,0,,,,
C,902,0.033641,0,0,0,,,,
C,903,0.034336,0,0,0,,,,
C,904,0.033263,0,0,0,,,,
C,905,0.033473,0,0,0,,,,
C,906,0.032986,0,0,0,,,,
C,907,0.036790,0,0,0,,,,
C,908,0.031170,0,0,0,,,,
C,909,0.036248,0,0,0,,,,
C,910,0.030632,0,0,0,,,,
C,911,0.028562,0,0,0,,,,
C,912,0.030949,0,0,0,,,,
C,913,0.029936,0,0,0,,,,
C,914,0.031189,0,0,0,,,,
C,915,0.028196,0,0,0,,,,
C,916,0.028562,0,0,0,,,,
C,917,0.029135,0,0,0,,,,
C,918,0.031132,0,0,0,,,,
C,919,0.029743,0,0,0,,,,
C,920,0.029857,0,0,0,,,,
C,921,0.031421,0,0,0,,,,
C,922,0.032438,0,0,0,,,,
C,923,0.033859,0,0,0,,,,
C,924,0.037930,0,0,0,,,,
C,925,0.032677,0,0,0,,,,
C,926,0.033802,0,0,0,,,,
C,927,0.030928,0,0,0,,,,
C,928,0.029430,0,0,0,,,,
C,929,0.028266,0,0,0,,,,
C,930,0.027287,0,0,0,,,,
C,931,0.030241,0,0,0,,,,
C,932,0.029640,0,0,0,,,,
C,933,0.030657,0,0,0,,,,
C,934,0.029350,0,0,0,,,,
C,935,0.030331,0,0,0,,,,
C,936,0.028203,0,0,0,,,,
C,937,0.028929,0,0,0,,,,
C,938,0.034236,0,0,0,,,,
C,939,0.030531,0,0,0,,,,
C,940,0.028647,0,0,0,,,,
C,941,0.030428,0,0,0,,,,
C,942,0.029623,0,0,0,,,,
C,943,0.032745,0,0,0,,,,
C,944,0.030772,0,0,0,,,,
C,945,0.028416,0,0,0,,,,
C,946,0.029150,0,0,0,,,,
C,947,0.029028,0,0,0,,,,
C,948,0.029674,0,0,0,,,,
C,949,0.031269,0,0,0,,,,
C,950,0.030513,0,0,0,,,,
C,951,0.031162,0,0,0,,,,
C,952,0.030295,0,0,0,,,,
C,953,0.030184,0,0,0,,,,
C,954,0.034921,0,0,0,,,,
C,955,0.031462,0,0,0,,,,
C,956,0.027679,0,0,0,,,,
C,957,0.030207,0,0,0,,,,
C,958,0.029844,0,0,0,,,,
C,959,0.031485,0,0,0,,,,
C,960,0.029186,0,0,0,,,,
C,961,0.032332,0,0,0,,,,
C,962,0.032448,0,0,0,,,,
C,963,0.029327,0,0,0,,,,
C,964,0.029254,0,0,0,,,,
C,965,0.032031,0,0,0,,,,
C,966,0.034697,0,0,0,,,,
C,967,0.030129,0,0,0,,,,
C,968,0.030357,0,0,0,,,,
C,969,0.029385,0,0,0,,,,
C,970,0.029480,0,0,0,,,,
C,971,0.029188,0,0,0,,,,
C,972,0.028819,0,0,0,,,,
C,973,0.028158,0,0,0,,,,
C,974,0.028503,0,0,0,,,,
C,975,0.028019,0,0,0,,,,
C,976,0.028161,0,0,0,,,,
C,977,0.028956,0,0,0,,,,
C,978,0.030520,0,0,0,,,,
C,979,0.029557,0,0,0,,,,
C,980,0.029489,0,0,0,,,,
C,981,0.030923,0,0,0,,,,
C,982,0.030164,0,0,0,,,,
C,983,0.031336,0,0,0,,,,
C,984,0.029710,0,0,0,,,,
C,985,0.031361,0,0,0,,,,
C,986,0.033873,0,0,0,,,,
C,987,0.030236,0,0,0,,,,
C,988,0.031770,0,0,0,,,,
C,989,0.031088,0,0,0,,,,
C,990,0.030458,0,0,0,,,,
C,991,0.029369,0,0,0,,,,
C,992,0.029398,0,0,0,,,,
C,993,0.029897,0,0,0,,,,
C,994,0.028442,0,0,0,,,,
C,995,0.029451,0,0,0,,,,
C,996,0.030677,0,0,0,,,,
C,997,0.029762,0,0,0,,,,
C,998,0.030203,0,0,0,,,,
C,999,0.029185,0,0,0,,,,
C,1000,0.036811,0,0,0,215.0,6.056e-12,"{'checked': 26, 'zsx_rejected': 6, 'default_rejected': 0, 'closed_form_forced': 0, 'inexact': 9, 'exact_rebuilt': 0, 'best_effort': 0, 'best_effort_worst': 0.0, 'psf_rerouted': 0, 'psf_rerouted_worst_residual': 0.0}",46
C,1001,0.041482,0,0,0,,,,
C,1002,0.038441,0,0,0,,,,
C,1003,0.032710,0,0,0,,,,
C,1004,0.030618,0,0,0,,,,
C,1005,0.029611,0,0,0,,,,
C,1006,0.033093,0,0,0,,,,
C,1007,0.038540,0,0,0,,,,
C,1008,0.030455,0,0,0,,,,
C,1009,0.039797,0,0,0,,,,
C,1010,0.037811,0,0,0,,,,
C,1011,0.030990,0,0,0,,,,
C,1012,0.029803,0,0,0,,,,
C,1013,0.030941,0,0,0,,,,
C,1014,0.030509,0,0,0,,,,
C,1015,0.030158,0,0,0,,,,
C,1016,0.033054,0,0,0,,,,
C,1017,0.031138,0,0,0,,,,
C,1018,0.032521,0,0,0,,,,
C,1019,0.031487,0,0,0,,,,
C,1020,0.031580,0,0,0,,,,
C,1021,0.031454,0,0,0,,,,
C,1022,0.034549,0,0,0,,,,
C,1023,0.039203,0,0,0,,,,
C,1024,0.044643,0,0,0,,,,
C,1025,0.060358,0,0,0,,,,
C,1026,0.036970,0,0,0,,,,
C,1027,0.035331,0,0,0,,,,
C,1028,0.035847,0,0,0,,,,
C,1029,0.033491,0,0,0,,,,
C,1030,0.037628,0,0,0,,,,
C,1031,0.038553,0,0,0,,,,
C,1032,0.041938,0,0,0,,,,
C,1033,0.035020,0,0,0,,,,
C,1034,0.031806,0,0,0,,,,
C,1035,0.030602,0,0,0,,,,
C,1036,0.029647,0,0,0,,,,
C,1037,0.030574,0,0,0,,,,
C,1038,0.028757,0,0,0,,,,
C,1039,0.029512,0,0,0,,,,
C,1040,0.030829,0,0,0,,,,
C,1041,0.029016,0,0,0,,,,
C,1042,0.031619,0,0,0,,,,
C,1043,0.027856,0,0,0,,,,
C,1044,0.028690,0,0,0,,,,
C,1045,0.029805,0,0,0,,,,
C,1046,0.030260,0,0,0,,,,
C,1047,0.030151,0,0,0,,,,
C,1048,0.031162,0,0,0,,,,
C,1049,0.029287,0,0,0,,,,
C,1050,0.031739,0,0,0,,,,
C,1051,0.029658,0,0,0,,,,
C,1052,0.030411,0,0,0,,,,
C,1053,0.030110,0,0,0,,,,
C,1054,0.032992,0,0,0,,,,
C,1055,0.032130,0,0,0,,,,
C,1056,0.033160,0,0,0,,,,
C,1057,0.031444,0,0,0,,,,
C,1058,0.028359,0,0,0,,,,
C,1059,0.032828,0,0,0,,,,
C,1060,0.029410,0,0,0,,,,
C,1061,0.029658,0,0,0,,,,
C,1062,0.027352,0,0,0,,,,
C,1063,0.029019,0,0,0,,,,
C,1064,0.029935,0,0,0,,,,
C,1065,0.030705,0,0,0,,,,
C,1066,0.033727,0,0,0,,,,
C,1067,0.029507,0,0,0,,,,
C,1068,0.032512,0,0,0,,,,
C,1069,0.030313,0,0,0,,,,
C,1070,0.030423,0,0,0,,,,
C,1071,0.028085,0,0,0,,,,
C,1072,0.029099,0,0,0,,,,
C,1073,0.027866,0,0,0,,,,
C,1074,0.031710,0,0,0,,,,
C,1075,0.030779,0,0,0,,,,
C,1076,0.029732,0,0,0,,,,
C,1077,0.030897,0,0,0,,,,
C,1078,0.031972,0,0,0,,,,
C,1079,0.033229,0,0,0,,,,
C,1080,0.029210,0,0,0,,,,
C,1081,0.028812,0,0,0,,,,
C,1082,0.028084,0,0,0,,,,
C,1083,0.030998,0,0,0,,,,
C,1084,0.029697,0,0,0,,,,
C,1085,0.030926,0,0,0,,,,
C,1086,0.032963,0,0,0,,,,
C,1087,0.031964,0,0,0,,,,
C,1088,0.031808,0,0,0,,,,
C,1089,0.031021,0,0,0,,,,
C,1090,0.030234,0,0,0,,,,
C,1091,0.029045,0,0,0,,,,
C,1092,0.028227,0,0,0,,,,
C,1093,0.030293,0,0,0,,,,
C,1094,0.030419,0,0,0,,,,
C,1095,0.030951,0,0,0,,,,
C,1096,0.032375,0,0,0,,,,
C,1097,0.030889,0,0,0,,,,
C,1098,0.031032,0,0,0,,,,
C,1099,0.030573,0,0,0,,,,
C,1100,0.029620,0,0,0,,,,
C,1101,0.029166,0,0,0,,,,
C,1102,0.030732,0,0,0,,,,
C,1103,0.027177,0,0,0,,,,
C,1104,0.030901,0,0,0,,,,
C,1105,0.030505,0,0,0,,,,
C,1106,0.030949,0,0,0,,,,
C,1107,0.032034,0,0,0,,,,
C,1108,0.032997,0,0,0,,,,
C,1109,0.030257,0,0,0,,,,
C,1110,0.031649,0,0,0,,,,
C,1111,0.031087,0,0,0,,,,
C,1112,0.029170,0,0,0,,,,
C,1113,0.031457,0,0,0,,,,
C,1114,0.029698,0,0,0,,,,
C,1115,0.031971,0,0,0,,,,
C,1116,0.032562,0,0,0,,,,
C,1117,0.031123,0,0,0,,,,
C,1118,0.030253,0,0,0,,,,
C,1119,0.030380,0,0,0,,,,
C,1120,0.030339,0,0,0,,,,
C,1121,0.030746,0,0,0,,,,
C,1122,0.031479,0,0,0,,,,
C,1123,0.031171,0,0,0,,,,
C,1124,0.030486,0,0,0,,,,
C,1125,0.029165,0,0,0,,,,
C,1126,0.029169,0,0,0,,,,
C,1127,0.029398,0,0,0,,,,
C,1128,0.029617,0,0,0,,,,
C,1129,0.031247,0,0,0,,,,
C,1130,0.029501,0,0,0,,,,
C,1131,0.030034,0,0,0,,,,
C,1132,0.034320,0,0,0,,,,
C,1133,0.031657,0,0,0,,,,
C,1134,0.030320,0,0,0,,,,
C,1135,0.028647,0,0,0,,,,
C,1136,0.035193,0,0,0,,,,
C,1137,0.027221,0,0,0,,,,
C,1138,0.030599,0,0,0,,,,
C,1139,0.030531,0,0,0,,,,
C,1140,0.033059,0,0,0,,,,
C,1141,0.030887,0,0,0,,,,
C,1142,0.032261,0,0,0,,,,
C,1143,0.029271,0,0,0,,,,
C,1144,0.027679,0,0,0,,,,
C,1145,0.029086,0,0,0,,,,
C,1146,0.029952,0,0,0,,,,
C,1147,0.029381,0,0,0,,,,
C,1148,0.028877,0,0,0,,,,
C,1149,0.029482,0,0,0,,,,
C,1150,0.033003,0,0,0,,,,
C,1151,0.043988,0,0,0,,,,
C,1152,0.034092,0,0,0,,,,
C,1153,0.035929,0,0,0,,,,
C,1154,0.033264,0,0,0,,,,
C,1155,0.031879,0,0,0,,,,
C,1156,0.032952,0,0,0,,,,
C,1157,0.032237,0,0,0,,,,
C,1158,0.030921,0,0,0,,,,
C,1159,0.030495,0,0,0,,,,
C,1160,0.038279,0,0,0,,,,
C,1161,0.035492,0,0,0,,,,
C,1162,0.038279,0,0,0,,,,
C,1163,0.031361,0,0,0,,,,
C,1164,0.034681,0,0,0,,,,
C,1165,0.038584,0,0,0,,,,
C,1166,0.038925,0,0,0,,,,
C,1167,0.033088,0,0,0,,,,
C,1168,0.036626,0,0,0,,,,
C,1169,0.035653,0,0,0,,,,
C,1170,0.038160,0,0,0,,,,
C,1171,0.031459,0,0,0,,,,
C,1172,0.033222,0,0,0,,,,
C,1173,0.036111,0,0,0,,,,
C,1174,0.033659,0,0,0,,,,
C,1175,0.031960,0,0,0,,,,
C,1176,0.033318,0,0,0,,,,
C,1177,0.032079,0,0,0,,,,
C,1178,0.031854,0,0,0,,,,
C,1179,0.032747,0,0,0,,,,
C,1180,0.033974,0,0,0,,,,
C,1181,0.033507,0,0,0,,,,
C,1182,0.046631,0,0,0,,,,
C,1183,0.030611,0,0,0,,,,
C,1184,0.031622,0,0,0,,,,
C,1185,0.031662,0,0,0,,,,
C,1186,0.031060,0,0,0,,,,
C,1187,0.029700,0,0,0,,,,
C,1188,0.031400,0,0,0,,,,
C,1189,0.029619,0,0,0,,,,
C,1190,0.029175,0,0,0,,,,
C,1191,0.029293,0,0,0,,,,
C,1192,0.029158,0,0,0,,,,
C,1193,0.030119,0,0,0,,,,
C,1194,0.031650,0,0,0,,,,
C,1195,0.029702,0,0,0,,,,
C,1196,0.029386,0,0,0,,,,
C,1197,0.029529,0,0,0,,,,
C,1198,0.028930,0,0,0,,,,
C,1199,0.030390,0,0,0,,,,
C,1200,0.029647,0,0,0,,,,
C,1201,0.027301,0,0,0,,,,
C,1202,0.030196,0,0,0,,,,
C,1203,0.028373,0,0,0,,,,
C,1204,0.029645,0,0,0,,,,
C,1205,0.028914,0,0,0,,,,
C,1206,0.029191,0,0,0,,,,
C,1207,0.030636,0,0,0,,,,
C,1208,0.028525,0,0,0,,,,
C,1209,0.027553,0,0,0,,,,
C,1210,0.028631,0,0,0,,,,
C,1211,0.028777,0,0,0,,,,
C,1212,0.028739,0,0,0,,,,
C,1213,0.028883,0,0,0,,,,
C,1214,0.030566,0,0,0,,,,
C,1215,0.029552,0,0,0,,,,
C,1216,0.028381,0,0,0,,,,
C,1217,0.028660,0,0,0,,,,
C,1218,0.029672,0,0,0,,,,
C,1219,0.029878,0,0,0,,,,
C,1220,0.030577,0,0,0,,,,
C,1221,0.029918,0,0,0,,,,
C,1222,0.031486,0,0,0,,,,
C,1223,0.031056,0,0,0,,,,
C,1224,0.030302,0,0,0,,,,
C,1225,0.029643,0,0,0,,,,
C,1226,0.029640,0,0,0,,,,
C,1227,0.029659,0,0,0,,,,
C,1228,0.028253,0,0,0,,,,
C,1229,0.030909,0,0,0,,,,
C,1230,0.029070,0,0,0,,,,
C,1231,0.029883,0,0,0,,,,
C,1232,0.030468,0,0,0,,,,
C,1233,0.029404,0,0,0,,,,
C,1234,0.030454,0,0,0,,,,
C,1235,0.029541,0,0,0,,,,
C,1236,0.034753,0,0,0,,,,
C,1237,0.032713,0,0,0,,,,
C,1238,0.034074,0,0,0,,,,
C,1239,0.033130,0,0,0,,,,
C,1240,0.031027,0,0,0,,,,
C,1241,0.030266,0,0,0,,,,
C,1242,0.030988,0,0,0,,,,
C,1243,0.029539,0,0,0,,,,
C,1244,0.039511,0,0,0,,,,
C,1245,0.038691,0,0,0,,,,
C,1246,0.035865,0,0,0,,,,
C,1247,0.031092,0,0,0,,,,
C,1248,0.030123,0,0,0,,,,
C,1249,0.029950,0,0,0,,,,
C,1250,0.029368,0,0,0,,,,
C,1251,0.028579,0,0,0,,,,
C,1252,0.030262,0,0,0,,,,
C,1253,0.029072,0,0,0,,,,
C,1254,0.029286,0,0,0,,,,
C,1255,0.029206,0,0,0,,,,
C,1256,0.029299,0,0,0,,,,
C,1257,0.032148,0,0,0,,,,
C,1258,0.029463,0,0,0,,,,
C,1259,0.030287,0,0,0,,,,
C,1260,0.029006,0,0,0,,,,
C,1261,0.028483,0,0,0,,,,
C,1262,0.029671,0,0,0,,,,
C,1263,0.029620,0,0,0,,,,
C,1264,0.029100,0,0,0,,,,
C,1265,0.031295,0,0,0,,,,
C,1266,0.030213,0,0,0,,,,
C,1267,0.031061,0,0,0,,,,
C,1268,0.031172,0,0,0,,,,
C,1269,0.029008,0,0,0,,,,
C,1270,0.030795,0,0,0,,,,
C,1271,0.030248,0,0,0,,,,
C,1272,0.029417,0,0,0,,,,
C,1273,0.028265,0,0,0,,,,
C,1274,0.028592,0,0,0,,,,
C,1275,0.028734,0,0,0,,,,
C,1276,0.030989,0,0,0,,,,
C,1277,0.030028,0,0,0,,,,
C,1278,0.034470,0,0,0,,,,
C,1279,0.032415,0,0,0,,,,
C,1280,0.029319,0,0,0,,,,
C,1281,0.029352,0,0,0,,,,
C,1282,0.029188,0,0,0,,,,
C,1283,0.031572,0,0,0,,,,
C,1284,0.029243,0,0,0,,,,
C,1285,0.030444,0,0,0,,,,
C,1286,0.031185,0,0,0,,,,
C,1287,0.030511,0,0,0,,,,
C,1288,0.031623,0,0,0,,,,
C,1289,0.030533,0,0,0,,,,
C,1290,0.030097,0,0,0,,,,
C,1291,0.029512,0,0,0,,,,
C,1292,0.029270,0,0,0,,,,
C,1293,0.029594,0,0,0,,,,
C,1294,0.031763,0,0,0,,,,
C,1295,0.033020,0,0,0,,,,
C,1296,0.031359,0,0,0,,,,
C,1297,0.033133,0,0,0,,,,
C,1298,0.033129,0,0,0,,,,
C,1299,0.030770,0,0,0,,,,
C,1300,0.035560,0,0,0,,,,
C,1301,0.031850,0,0,0,,,,
C,1302,0.031136,0,0,0,,,,
C,1303,0.031653,0,0,0,,,,
C,1304,0.032585,0,0,0,,,,
C,1305,0.034176,0,0,0,,,,
C,1306,0.033128,0,0,0,,,,
C,1307,0.031509,0,0,0,,,,
C,1308,0.034445,0,0,0,,,,
C,1309,0.031921,0,0,0,,,,
C,1310,0.032873,0,0,0,,,,
C,1311,0.030968,0,0,0,,,,
C,1312,0.031617,0,0,0,,,,
C,1313,0.029487,0,0,0,,,,
C,1314,0.031966,0,0,0,,,,
C,1315,0.031020,0,0,0,,,,
C,1316,0.029348,0,0,0,,,,
C,1317,0.031581,0,0,0,,,,
C,1318,0.030260,0,0,0,,,,
C,1319,0.029882,0,0,0,,,,
C,1320,0.028625,0,0,0,,,,
C,1321,0.029020,0,0,0,,,,
C,1322,0.031079,0,0,0,,,,
C,1323,0.029443,0,0,0,,,,
C,1324,0.029258,0,0,0,,,,
C,1325,0.028415,0,0,0,,,,
C,1326,0.029490,0,0,0,,,,
C,1327,0.029010,0,0,0,,,,
C,1328,0.029949,0,0,0,,,,
C,1329,0.029697,0,0,0,,,,
C,1330,0.031665,0,0,0,,,,
C,1331,0.033462,0,0,0,,,,
C,1332,0.029968,0,0,0,,,,
C,1333,0.030656,0,0,0,,,,
C,1334,0.037035,0,0,0,,,,
C,1335,0.031319,0,0,0,,,,
C,1336,0.034498,0,0,0,,,,
C,1337,0.037368,0,0,0,,,,
C,1338,0.033705,0,0,0,,,,
C,1339,0.032713,0,0,0,,,,
C,1340,0.031861,0,0,0,,,,
C,1341,0.030671,0,0,0,,,,
C,1342,0.031053,0,0,0,,,,
C,1343,0.031176,0,0,0,,,,
C,1344,0.029281,0,0,0,,,,
C,1345,0.029393,0,0,0,,,,
C,1346,0.029488,0,0,0,,,,
C,1347,0.031680,0,0,0,,,,
C,1348,0.028890,0,0,0,,,,
C,1349,0.029896,0,0,0,,,,
C,1350,0.030030,0,0,0,,,,
C,1351,0.028155,0,0,0,,,,
C,1352,0.028362,0,0,0,,,,
C,1353,0.027783,0,0,0,,,,
C,1354,0.029133,0,0,0,,,,
C,1355,0.030369,0,0,0,,,,
C,1356,0.028177,0,0,0,,,,
C,1357,0.029084,0,0,0,,,,
C,1358,0.031525,0,0,0,,,,
C,1359,0.040173,0,0,0,,,,
C,1360,0.029198,0,0,0,,,,
C,1361,0.029499,0,0,0,,,,
C,1362,0.031088,0,0,0,,,,
C,1363,0.028162,0,0,0,,,,
C,1364,0.028373,0,0,0,,,,
C,1365,0.034585,0,0,0,,,,
C,1366,0.029520,0,0,0,,,,
C,1367,0.029036,0,0,0,,,,
C,1368,0.029212,0,0,0,,,,
C,1369,0.030494,0,0,0,,,,
C,1370,0.028875,0,0,0,,,,
C,1371,0.030892,0,0,0,,,,
C,1372,0.030677,0,0,0,,,,
C,1373,0.029760,0,0,0,,,,
C,1374,0.028562,0,0,0,,,,
C,1375,0.028427,0,0,0,,,,
C,1376,0.030151,0,0,0,,,,
C,1377,0.031077,0,0,0,,,,
C,1378,0.029625,0,0,0,,,,
C,1379,0.030032,0,0,0,,,,
C,1380,0.035596,0,0,0,,,,
C,1381,0.033003,0,0,0,,,,
C,1382,0.032102,0,0,0,,,,
C,1383,0.033087,0,0,0,,,,
C,1384,0.030144,0,0,0,,,,
C,1385,0.042486,0,0,0,,,,
C,1386,0.038612,0,0,0,,,,
C,1387,0.037449,0,0,0,,,,
C,1388,0.036252,0,0,0,,,,
C,1389,0.029694,0,0,0,,,,
C,1390,0.031237,0,0,0,,,,
C,1391,0.029603,0,0,0,,,,
C,1392,0.029998,0,0,0,,,,
C,1393,0.031513,0,0,0,,,,
C,1394,0.029542,0,0,0,,,,
C,1395,0.029032,0,0,0,,,,
C,1396,0.029693,0,0,0,,,,
C,1397,0.029365,0,0,0,,,,
C,1398,0.028914,0,0,0,,,,
C,1399,0.032386,0,0,0,,,,
C,1400,0.030068,0,0,0,,,,
C,1401,0.030450,0,0,0,,,,
C,1402,0.039043,0,0,0,,,,
C,1403,0.031551,0,0,0,,,,
C,1404,0.031181,0,0,0,,,,
C,1405,0.030584,0,0,0,,,,
C,1406,0.028573,0,0,0,,,,
C,1407,0.028334,0,0,0,,,,
C,1408,0.033364,0,0,0,,,,
C,1409,0.032863,0,0,0,,,,
C,1410,0.032962,0,0,0,,,,
C,1411,0.032640,0,0,0,,,,
C,1412,0.029534,0,0,0,,,,
C,1413,0.030255,0,0,0,,,,
C,1414,0.028735,0,0,0,,,,
C,1415,0.028686,0,0,0,,,,
C,1416,0.028927,0,0,0,,,,
C,1417,0.029529,0,0,0,,,,
C,1418,0.027871,0,0,0,,,,
C,1419,0.027851,0,0,0,,,,
C,1420,0.028046,0,0,0,,,,
C,1421,0.029639,0,0,0,,,,
C,1422,0.029439,0,0,0,,,,
C,1423,0.029099,0,0,0,,,,
C,1424,0.031025,0,0,0,,,,
C,1425,0.029795,0,0,0,,,,
C,1426,0.031800,0,0,0,,,,
C,1427,0.031330,0,0,0,,,,
C,1428,0.028869,0,0,0,,,,
C,1429,0.029821,0,0,0,,,,
C,1430,0.030818,0,0,0,,,,
C,1431,0.029207,0,0,0,,,,
C,1432,0.029482,0,0,0,,,,
C,1433,0.027557,0,0,0,,,,
C,1434,0.030848,0,0,0,,,,
C,1435,0.030283,0,0,0,,,,
C,1436,0.030423,0,0,0,,,,
C,1437,0.029304,0,0,0,,,,
C,1438,0.030602,0,0,0,,,,
C,1439,0.028978,0,0,0,,,,
C,1440,0.031324,0,0,0,,,,
C,1441,0.029587,0,0,0,,,,
C,1442,0.030283,0,0,0,,,,
C,1443,0.029645,0,0,0,,,,
C,1444,0.032262,0,0,0,,,,
C,1445,0.031574,0,0,0,,,,
C,1446,0.031722,0,0,0,,,,
C,1447,0.032704,0,0,0,,,,
C,1448,0.032507,0,0,0,,,,
C,1449,0.031278,0,0,0,,,,
C,1450,0.028528,0,0,0,,,,
C,1451,0.030691,0,0,0,,,,
C,1452,0.032258,0,0,0,,,,
C,1453,0.029870,0,0,0,,,,
C,1454,0.029708,0,0,0,,,,
C,1455,0.029874,0,0,0,,,,
C,1456,0.030421,0,0,0,,,,
C,1457,0.036227,0,0,0,,,,
C,1458,0.031520,0,0,0,,,,
C,1459,0.030691,0,0,0,,,,
C,1460,0.031916,0,0,0,,,,
C,1461,0.031211,0,0,0,,,,
C,1462,0.030907,0,0,0,,,,
C,1463,0.034565,0,0,0,,,,
C,1464,0.032942,0,0,0,,,,
C,1465,0.030888,0,0,0,,,,
C,1466,0.029071,0,0,0,,,,
C,1467,0.029759,0,0,0,,,,
C,1468,0.029616,0,0,0,,,,
C,1469,0.029764,0,0,0,,,,
C,1470,0.038343,0,0,0,,,,
C,1471,0.039008,0,0,0,,,,
C,1472,0.030690,0,0,0,,,,
C,1473,0.031668,0,0,0,,,,
C,1474,0.030363,0,0,0,,,,
C,1475,0.029709,0,0,0,,,,
C,1476,0.030645,0,0,0,,,,
C,1477,0.035838,0,0,0,,,,
C,1478,0.032619,0,0,0,,,,
C,1479,0.032927,0,0,0,,,,
C,1480,0.033024,0,0,0,,,,
C,1481,0.044114,0,0,0,,,,
C,1482,0.033734,0,0,0,,,,
C,1483,0.032523,0,0,0,,,,
C,1484,0.032281,0,0,0,,,,
C,1485,0.031711,0,0,0,,,,
C,1486,0.034590,0,0,0,,,,
C,1487,0.033223,0,0,0,,,,
C,1488,0.031465,0,0,0,,,,
C,1489,0.031486,0,0,0,,,,
C,1490,0.030828,0,0,0,,,,
C,1491,0.030228,0,0,0,,,,
C,1492,0.033161,0,0,0,,,,
C,1493,0.032325,0,0,0,,,,
C,1494,0.032643,0,0,0,,,,
C,1495,0.032054,0,0,0,,,,
C,1496,0.031624,0,0,0,,,,
C,1497,0.030045,0,0,0,,,,
C,1498,0.031127,0,0,0,,,,
C,1499,0.031098,0,0,0,,,,
C,1500,0.030141,0,0,0,,,,
C,1501,0.032434,0,0,0,,,,
C,1502,0.031680,0,0,0,,,,
C,1503,0.032489,0,0,0,,,,
C,1504,0.032286,0,0,0,,,,
C,1505,0.030267,0,0,0,,,,
C,1506,0.032148,0,0,0,,,,
C,1507,0.029371,0,0,0,,,,
C,1508,0.031668,0,0,0,,,,
C,1509,0.031425,0,0,0,,,,
C,1510,0.032055,0,0,0,,,,
C,1511,0.032346,0,0,0,,,,
C,1512,0.030312,0,0,0,,,,
C,1513,0.032601,0,0,0,,,,
C,1514,0.029900,0,0,0,,,,
C,1515,0.033757,0,0,0,,,,
C,1516,0.030766,0,0,0,,,,
C,1517,0.030012,0,0,0,,,,
C,1518,0.029838,0,0,0,,,,
C,1519,0.029259,0,0,0,,,,
C,1520,0.029921,0,0,0,,,,
C,1521,0.030565,0,0,0,,,,
C,1522,0.031267,0,0,0,,,,
C,1523,0.029999,0,0,0,,,,
C,1524,0.031686,0,0,0,,,,
C,1525,0.035157,0,0,0,,,,
C,1526,0.029549,0,0,0,,,,
C,1527,0.031015,0,0,0,,,,
C,1528,0.033212,0,0,0,,,,
C,1529,0.032932,0,0,0,,,,
C,1530,0.029934,0,0,0,,,,
C,1531,0.034806,0,0,0,,,,
C,1532,0.036676,0,0,0,,,,
C,1533,0.033127,0,0,0,,,,
C,1534,0.032087,0,0,0,,,,
C,1535,0.033081,0,0,0,,,,
C,1536,0.031510,0,0,0,,,,
C,1537,0.032376,0,0,0,,,,
C,1538,0.029919,0,0,0,,,,
C,1539,0.032967,0,0,0,,,,
C,1540,0.031100,0,0,0,,,,
C,1541,0.033610,0,0,0,,,,
C,1542,0.034169,0,0,0,,,,
C,1543,0.031419,0,0,0,,,,
C,1544,0.031420,0,0,0,,,,
C,1545,0.030680,0,0,0,,,,
C,1546,0.032611,0,0,0,,,,
C,1547,0.033968,0,0,0,,,,
C,1548,0.031399,0,0,0,,,,
C,1549,0.031095,0,0,0,,,,
C,1550,0.028459,0,0,0,,,,
C,1551,0.028276,0,0,0,,,,
C,1552,0.030794,0,0,0,,,,
C,1553,0.030367,0,0,0,,,,
C,1554,0.029519,0,0,0,,,,
C,1555,0.030430,0,0,0,,,,
C,1556,0.030493,0,0,0,,,,
C,1557,0.030607,0,0,0,,,,
C,1558,0.031413,0,0,0,,,,
C,1559,0.029954,0,0,0,,,,
C,1560,0.031112,0,0,0,,,,
C,1561,0.031683,0,0,0,,,,
C,1562,0.030497,0,0,0,,,,
C,1563,0.032171,0,0,0,,,,
C,1564,0.030857,0,0,0,,,,
C,1565,0.031703,0,0,0,,,,
C,1566,0.030004,0,0,0,,,,
C,1567,0.032218,0,0,0,,,,
C,1568,0.031130,0,0,0,,,,
C,1569,0.029486,0,0,0,,,,
C,1570,0.031221,0,0,0,,,,
C,1571,0.031188,0,0,0,,,,
C,1572,0.029745,0,0,0,,,,
C,1573,0.032438,0,0,0,,,,
C,1574,0.032387,0,0,0,,,,
C,1575,0.031856,0,0,0,,,,
C,1576,0.033891,0,0,0,,,,
C,1577,0.030242,0,0,0,,,,
C,1578,0.033588,0,0,0,,,,
C,1579,0.032882,0,0,0,,,,
C,1580,0.036773,0,0,0,,,,
C,1581,0.039667,0,0,0,,,,
C,1582,0.039580,0,0,0,,,,
C,1583,0.035166,0,0,0,,,,
C,1584,0.031996,0,0,0,,,,
C,1585,0.031255,0,0,0,,,,
C,1586,0.029572,0,0,0,,,,
C,1587,0.030370,0,0,0,,,,
C,1588,0.030810,0,0,0,,,,
C,1589,0.032697,0,0,0,,,,
C,1590,0.029870,0,0,0,,,,
C,1591,0.031417,0,0,0,,,,
C,1592,0.028577,0,0,0,,,,
C,1593,0.032048,0,0,0,,,,
C,1594,0.039793,0,0,0,,,,
C,1595,0.035089,0,0,0,,,,
C,1596,0.039697,0,0,0,,,,
C,1597,0.036708,0,0,0,,,,
C,1598,0.031859,0,0,0,,,,
C,1599,0.027895,0,0,0,,,,
C,1600,0.029937,0,0,0,,,,
C,1601,0.030076,0,0,0,,,,
C,1602,0.028761,0,0,0,,,,
C,1603,0.029983,0,0,0,,,,
C,1604,0.031751,0,0,0,,,,
C,1605,0.032010,0,0,0,,,,
C,1606,0.030157,0,0,0,,,,
C,1607,0.030786,0,0,0,,,,
C,1608,0.033462,0,0,0,,,,
C,1609,0.031039,0,0,0,,,,
C,1610,0.032073,0,0,0,,,,
C,1611,0.034249,0,0,0,,,,
C,1612,0.029248,0,0,0,,,,
C,1613,0.029554,0,0,0,,,,
C,1614,0.028568,0,0,0,,,,
C,1615,0.030286,0,0,0,,,,
C,1616,0.031495,0,0,0,,,,
C,1617,0.030387,0,0,0,,,,
C,1618,0.034413,0,0,0,,,,
C,1619,0.032520,0,0,0,,,,
C,1620,0.030413,0,0,0,,,,
C,1621,0.036737,0,0,0,,,,
C,1622,0.032156,0,0,0,,,,
C,1623,0.034779,0,0,0,,,,
C,1624,0.031053,0,0,0,,,,
C,1625,0.032253,0,0,0,,,,
C,1626,0.031683,0,0,0,,,,
C,1627,0.030464,0,0,0,,,,
C,1628,0.032970,0,0,0,,,,
C,1629,0.035841,0,0,0,,,,
C,1630,0.035088,0,0,0,,,,
C,1631,0.030466,0,0,0,,,,
C,1632,0.033965,0,0,0,,,,
C,1633,0.030268,0,0,0,,,,
C,1634,0.033057,0,0,0,,,,
C,1635,0.030458,0,0,0,,,,
C,1636,0.031262,0,0,0,,,,
C,1637,0.029957,0,0,0,,,,
C,1638,0.031228,0,0,0,,,,
C,1639,0.030686,0,0,0,,,,
C,1640,0.029732,0,0,0,,,,
C,1641,0.029797,0,0,0,,,,
C,1642,0.028761,0,0,0,,,,
C,1643,0.032919,0,0,0,,,,
C,1644,0.036153,0,0,0,,,,
C,1645,0.033254,0,0,0,,,,
C,1646,0.034163,0,0,0,,,,
C,1647,0.033834,0,0,0,,,,
C,1648,0.030601,0,0,0,,,,
C,1649,0.031480,0,0,0,,,,
C,1650,0.028975,0,0,0,,,,
C,1651,0.029230,0,0,0,,,,
C,1652,0.030623,0,0,0,,,,
C,1653,0.030840,0,0,0,,,,
C,1654,0.030153,0,0,0,,,,
C,1655,0.031537,0,0,0,,,,
C,1656,0.033309,0,0,0,,,,
C,1657,0.030176,0,0,0,,,,
C,1658,0.031300,0,0,0,,,,
C,1659,0.028782,0,0,0,,,,
C,1660,0.031220,0,0,0,,,,
C,1661,0.030365,0,0,0,,,,
C,1662,0.031221,0,0,0,,,,
C,1663,0.031311,0,0,0,,,,
C,1664,0.030747,0,0,0,,,,
C,1665,0.030794,0,0,0,,,,
C,1666,0.030320,0,0,0,,,,
C,1667,0.032998,0,0,0,,,,
C,1668,0.032245,0,0,0,,,,
C,1669,0.033201,0,0,0,,,,
C,1670,0.043382,0,0,0,,,,
C,1671,0.040829,0,0,0,,,,
C,1672,0.032222,0,0,0,,,,
C,1673,0.032995,0,0,0,,,,
C,1674,0.033122,0,0,0,,,,
C,1675,0.029395,0,0,0,,,,
C,1676,0.033068,0,0,0,,,,
C,1677,0.030309,0,0,0,,,,
C,1678,0.031814,0,0,0,,,,
C,1679,0.028873,0,0,0,,,,
C,1680,0.033424,0,0,0,,,,
C,1681,0.032171,0,0,0,,,,
C,1682,0.032961,0,0,0,,,,
C,1683,0.033757,0,0,0,,,,
C,1684,0.029489,0,0,0,,,,
C,1685,0.032316,0,0,0,,,,
C,1686,0.030204,0,0,0,,,,
C,1687,0.029402,0,0,0,,,,
C,1688,0.031401,0,0,0,,,,
C,1689,0.031880,0,0,0,,,,
C,1690,0.029988,0,0,0,,,,
C,1691,0.031873,0,0,0,,,,
C,1692,0.030571,0,0,0,,,,
C,1693,0.032210,0,0,0,,,,
C,1694,0.030937,0,0,0,,,,
C,1695,0.031248,0,0,0,,,,
C,1696,0.030685,0,0,0,,,,
C,1697,0.030657,0,0,0,,,,
C,1698,0.030935,0,0,0,,,,
C,1699,0.029632,0,0,0,,,,
C,1700,0.032752,0,0,0,,,,
C,1701,0.032949,0,0,0,,,,
C,1702,0.032652,0,0,0,,,,
C,1703,0.031859,0,0,0,,,,
C,1704,0.030838,0,0,0,,,,
C,1705,0.028619,0,0,0,,,,
C,1706,0.031942,0,0,0,,,,
C,1707,0.035548,0,0,0,,,,
C,1708,0.031574,0,0,0,,,,
C,1709,0.029804,0,0,0,,,,
C,1710,0.030075,0,0,0,,,,
C,1711,0.032135,0,0,0,,,,
C,1712,0.032121,0,0,0,,,,
C,1713,0.031222,0,0,0,,,,
C,1714,0.032387,0,0,0,,,,
C,1715,0.030625,0,0,0,,,,
C,1716,0.029016,0,0,0,,,,
C,1717,0.032714,0,0,0,,,,
C,1718,0.033821,0,0,0,,,,
C,1719,0.032057,0,0,0,,,,
C,1720,0.031566,0,0,0,,,,
C,1721,0.030354,0,0,0,,,,
C,1722,0.035231,0,0,0,,,,
C,1723,0.032277,0,0,0,,,,
C,1724,0.030691,0,0,0,,,,
C,1725,0.030050,0,0,0,,,,
C,1726,0.028678,0,0,0,,,,
C,1727,0.029391,0,0,0,,,,
C,1728,0.030742,0,0,0,,,,
C,1729,0.030309,0,0,0,,,,
C,1730,0.030678,0,0,0,,,,
C,1731,0.030562,0,0,0,,,,
C,1732,0.029643,0,0,0,,,,
C,1733,0.030712,0,0,0,,,,
C,1734,0.029759,0,0,0,,,,
C,1735,0.033090,0,0,0,,,,
C,1736,0.029975,0,0,0,,,,
C,1737,0.030233,0,0,0,,,,
C,1738,0.029128,0,0,0,,,,
C,1739,0.030791,0,0,0,,,,
C,1740,0.032219,0,0,0,,,,
C,1741,0.029795,0,0,0,,,,
C,1742,0.028976,0,0,0,,,,
C,1743,0.031908,0,0,0,,,,
C,1744,0.030775,0,0,0,,,,
C,1745,0.030234,0,0,0,,,,
C,1746,0.032671,0,0,0,,,,
C,1747,0.033715,0,0,0,,,,
C,1748,0.031831,0,0,0,,,,
C,1749,0.031111,0,0,0,,,,
C,1750,0.031347,0,0,0,,,,
C,1751,0.030054,0,0,0,,,,
C,1752,0.029032,0,0,0,,,,
C,1753,0.032158,0,0,0,,,,
C,1754,0.032869,0,0,0,,,,
C,1755,0.028797,0,0,0,,,,
C,1756,0.030053,0,0,0,,,,
C,1757,0.028408,0,0,0,,,,
C,1758,0.027673,0,0,0,,,,
C,1759,0.029306,0,0,0,,,,
C,1760,0.030007,0,0,0,,,,
C,1761,0.029483,0,0,0,,,,
C,1762,0.030426,0,0,0,,,,
C,1763,0.029594,0,0,0,,,,
C,1764,0.030592,0,0,0,,,,
C,1765,0.032790,0,0,0,,,,
C,1766,0.029688,0,0,0,,,,
C,1767,0.028806,0,0,0,,,,
C,1768,0.030849,0,0,0,,,,
C,1769,0.036711,0,0,0,,,,
C,1770,0.032971,0,0,0,,,,
C,1771,0.029760,0,0,0,,,,
C,1772,0.032360,0,0,0,,,,
C,1773,0.029828,0,0,0,,,,
C,1774,0.028751,0,0,0,,,,
C,1775,0.034037,0,0,0,,,,
C,1776,0.029833,0,0,0,,,,
C,1777,0.032190,0,0,0,,,,
C,1778,0.030330,0,0,0,,,,
C,1779,0.029680,0,0,0,,,,
C,1780,0.031724,0,0,0,,,,
C,1781,0.030862,0,0,0,,,,
C,1782,0.032836,0,0,0,,,,
C,1783,0.029987,0,0,0,,,,
C,1784,0.031077,0,0,0,,,,
C,1785,0.032176,0,0,0,,,,
C,1786,0.030664,0,0,0,,,,
C,1787,0.031834,0,0,0,,,,
C,1788,0.029780,0,0,0,,,,
C,1789,0.032996,0,0,0,,,,
C,1790,0.031021,0,0,0,,,,
C,1791,0.030870,0,0,0,,,,
C,1792,0.031053,0,0,0,,,,
C,1793,0.030929,0,0,0,,,,
C,1794,0.034632,0,0,0,,,,
C,1795,0.036327,0,0,0,,,,
C,1796,0.033605,0,0,0,,,,
C,1797,0.031560,0,0,0,,,,
C,1798,0.031094,0,0,0,,,,
C,1799,0.030958,0,0,0,,,,
C,1800,0.032720,0,0,0,,,,
C,1801,0.031379,0,0,0,,,,
C,1802,0.031797,0,0,0,,,,
C,1803,0.031601,0,0,0,,,,
C,1804,0.029119,0,0,0,,,,
C,1805,0.030915,0,0,0,,,,
C,1806,0.030645,0,0,0,,,,
C,1807,0.029081,0,0,0,,,,
C,1808,0.029632,0,0,0,,,,
C,1809,0.031453,0,0,0,,,,
C,1810,0.033731,0,0,0,,,,
C,1811,0.033537,0,0,0,,,,
C,1812,0.032259,0,0,0,,,,
C,1813,0.036396,0,0,0,,,,
C,1814,0.032179,0,0,0,,,,
C,1815,0.039053,0,0,0,,,,
C,1816,0.033021,0,0,0,,,,
C,1817,0.035905,0,0,0,,,,
C,1818,0.032986,0,0,0,,,,
C,1819,0.030871,0,0,0,,,,
C,1820,0.030738,0,0,0,,,,
C,1821,0.028629,0,0,0,,,,
C,1822,0.032415,0,0,0,,,,
C,1823,0.031022,0,0,0,,,,
C,1824,0.035197,0,0,0,,,,
C,1825,0.030160,0,0,0,,,,
C,1826,0.030034,0,0,0,,,,
C,1827,0.029506,0,0,0,,,,
C,1828,0.029951,0,0,0,,,,
C,1829,0.029867,0,0,0,,,,
C,1830,0.029198,0,0,0,,,,
C,1831,0.031458,0,0,0,,,,
C,1832,0.030558,0,0,0,,,,
C,1833,0.031678,0,0,0,,,,
C,1834,0.031696,0,0,0,,,,
C,1835,0.030846,0,0,0,,,,
C,1836,0.029252,0,0,0,,,,
C,1837,0.032906,0,0,0,,,,
C,1838,0.030693,0,0,0,,,,
C,1839,0.031668,0,0,0,,,,
C,1840,0.028781,0,0,0,,,,
C,1841,0.029187,0,0,0,,,,
C,1842,0.030778,0,0,0,,,,
C,1843,0.029040,0,0,0,,,,
C,1844,0.029048,0,0,0,,,,
C,1845,0.030762,0,0,0,,,,
C,1846,0.031399,0,0,0,,,,
C,1847,0.034075,0,0,0,,,,
C,1848,0.033318,0,0,0,,,,
C,1849,0.029359,0,0,0,,,,
C,1850,0.030319,0,0,0,,,,
C,1851,0.029896,0,0,0,,,,
C,1852,0.030528,0,0,0,,,,
C,1853,0.028924,0,0,0,,,,
C,1854,0.031045,0,0,0,,,,
C,1855,0.030113,0,0,0,,,,
C,1856,0.030166,0,0,0,,,,
C,1857,0.031246,0,0,0,,,,
C,1858,0.030355,0,0,0,,,,
C,1859,0.034266,0,0,0,,,,
C,1860,0.030527,0,0,0,,,,
C,1861,0.029685,0,0,0,,,,
C,1862,0.033821,0,0,0,,,,
C,1863,0.036439,0,0,0,,,,
C,1864,0.038085,0,0,0,,,,
C,1865,0.030918,0,0,0,,,,
C,1866,0.040492,0,0,0,,,,
C,1867,0.046809,0,0,0,,,,
C,1868,0.035693,0,0,0,,,,
C,1869,0.034820,0,0,0,,,,
C,1870,0.032634,0,0,0,,,,
C,1871,0.030787,0,0,0,,,,
C,1872,0.030764,0,0,0,,,,
C,1873,0.032679,0,0,0,,,,
C,1874,0.031179,0,0,0,,,,
C,1875,0.032502,0,0,0,,,,
C,1876,0.031542,0,0,0,,,,
C,1877,0.031017,0,0,0,,,,
C,1878,0.032120,0,0,0,,,,
C,1879,0.030480,0,0,0,,,,
C,1880,0.030799,0,0,0,,,,
C,1881,0.033326,0,0,0,,,,
C,1882,0.033526,0,0,0,,,,
C,1883,0.032081,0,0,0,,,,
C,1884,0.031140,0,0,0,,,,
C,1885,0.034071,0,0,0,,,,
C,1886,0.030088,0,0,0,,,,
C,1887,0.029892,0,0,0,,,,
C,1888,0.030490,0,0,0,,,,
C,1889,0.031887,0,0,0,,,,
C,1890,0.032114,0,0,0,,,,
C,1891,0.030032,0,0,0,,,,
C,1892,0.031693,0,0,0,,,,
C,1893,0.029957,0,0,0,,,,
C,1894,0.032222,0,0,0,,,,
C,1895,0.029230,0,0,0,,,,
C,1896,0.032502,0,0,0,,,,
C,1897,0.031627,0,0,0,,,,
C,1898,0.032604,0,0,0,,,,
C,1899,0.031750,0,0,0,,,,
C,1900,0.031359,0,0,0,,,,
C,1901,0.033793,0,0,0,,,,
C,1902,0.031861,0,0,0,,,,
C,1903,0.031901,0,0,0,,,,
C,1904,0.030536,0,0,0,,,,
C,1905,0.031953,0,0,0,,,,
C,1906,0.031949,0,0,0,,,,
C,1907,0.031380,0,0,0,,,,
C,1908,0.032764,0,0,0,,,,
C,1909,0.033312,0,0,0,,,,
C,1910,0.030154,0,0,0,,,,
C,1911,0.031974,0,0,0,,,,
C,1912,0.030526,0,0,0,,,,
C,1913,0.031943,0,0,0,,,,
C,1914,0.033269,0,0,0,,,,
C,1915,0.031346,0,0,0,,,,
C,1916,0.031357,0,0,0,,,,
C,1917,0.034020,0,0,0,,,,
C,1918,0.035252,0,0,0,,,,
C,1919,0.034545,0,0,0,,,,
C,1920,0.032046,0,0,0,,,,
C,1921,0.032321,0,0,0,,,,
C,1922,0.030933,0,0,0,,,,
C,1923,0.036159,0,0,0,,,,
C,1924,0.031029,0,0,0,,,,
C,1925,0.032172,0,0,0,,,,
C,1926,0.031235,0,0,0,,,,
C,1927,0.031772,0,0,0,,,,
C,1928,0.029630,0,0,0,,,,
C,1929,0.030419,0,0,0,,,,
C,1930,0.029813,0,0,0,,,,
C,1931,0.033529,0,0,0,,,,
C,1932,0.033960,0,0,0,,,,
C,1933,0.032161,0,0,0,,,,
C,1934,0.035516,0,0,0,,,,
C,1935,0.032942,0,0,0,,,,
C,1936,0.030183,0,0,0,,,,
C,1937,0.033922,0,0,0,,,,
C,1938,0.032140,0,0,0,,,,
C,1939,0.033501,0,0,0,,,,
C,1940,0.032344,0,0,0,,,,
C,1941,0.032108,0,0,0,,,,
C,1942,0.033013,0,0,0,,,,
C,1943,0.030855,0,0,0,,,,
C,1944,0.034413,0,0,0,,,,
C,1945,0.039501,0,0,0,,,,
C,1946,0.034005,0,0,0,,,,
C,1947,0.033244,0,0,0,,,,
C,1948,0.034573,0,0,0,,,,
C,1949,0.034197,0,0,0,,,,
C,1950,0.033540,0,0,0,,,,
C,1951,0.034642,0,0,0,,,,
C,1952,0.039983,0,0,0,,,,
C,1953,0.046156,0,0,0,,,,
C,1954,0.034225,0,0,0,,,,
C,1955,0.037632,0,0,0,,,,
C,1956,0.035833,0,0,0,,,,
C,1957,0.030706,0,0,0,,,,
C,1958,0.031664,0,0,0,,,,
C,1959,0.032552,0,0,0,,,,
C,1960,0.040387,0,0,0,,,,
C,1961,0.036153,0,0,0,,,,
C,1962,0.032901,0,0,0,,,,
C,1963,0.031809,0,0,0,,,,
C,1964,0.031057,0,0,0,,,,
C,1965,0.029873,0,0,0,,,,
C,1966,0.030468,0,0,0,,,,
C,1967,0.032372,0,0,0,,,,
C,1968,0.032912,0,0,0,,,,
C,1969,0.035356,0,0,0,,,,
C,1970,0.031374,0,0,0,,,,
C,1971,0.028824,0,0,0,,,,
C,1972,0.029401,0,0,0,,,,
C,1973,0.030083,0,0,0,,,,
C,1974,0.029701,0,0,0,,,,
C,1975,0.031255,0,0,0,,,,
C,1976,0.032763,0,0,0,,,,
C,1977,0.031258,0,0,0,,,,
C,1978,0.034938,0,0,0,,,,
C,1979,0.032239,0,0,0,,,,
C,1980,0.031338,0,0,0,,,,
C,1981,0.029429,0,0,0,,,,
C,1982,0.028836,0,0,0,,,,
C,1983,0.034376,0,0,0,,,,
C,1984,0.033231,0,0,0,,,,
C,1985,0.029714,0,0,0,,,,
C,1986,0.030890,0,0,0,,,,
C,1987,0.030277,0,0,0,,,,
C,1988,0.029900,0,0,0,,,,
C,1989,0.028443,0,0,0,,,,
C,1990,0.028842,0,0,0,,,,
C,1991,0.030991,0,0,0,,,,
C,1992,0.029353,0,0,0,,,,
C,1993,0.029004,0,0,0,,,,
C,1994,0.028682,0,0,0,,,,
C,1995,0.031223,0,0,0,,,,
C,1996,0.032096,0,0,0,,,,
C,1997,0.029263,0,0,0,,,,
C,1998,0.030861,0,0,0,,,,
C,1999,0.032167,0,0,0,,,,
C,2000,0.029531,0,0,0,217.7,1.203e-11,"{'checked': 26, 'zsx_rejected': 6, 'default_rejected': 0, 'closed_form_forced': 0, 'inexact': 9, 'exact_rebuilt': 0, 'best_effort': 0, 'best_effort_worst': 0.0, 'psf_rerouted': 0, 'psf_rerouted_worst_residual': 0.0}",94
C,2001,0.030091,0,0,0,,,,
C,2002,0.030149,0,0,0,,,,
C,2003,0.031428,0,0,0,,,,
C,2004,0.032077,0,0,0,,,,
C,2005,0.032180,0,0,0,,,,
C,2006,0.030209,0,0,0,,,,
C,2007,0.029639,0,0,0,,,,
C,2008,0.029834,0,0,0,,,,
C,2009,0.028865,0,0,0,,,,
C,2010,0.030668,0,0,0,,,,
C,2011,0.031668,0,0,0,,,,
C,2012,0.030708,0,0,0,,,,
C,2013,0.030766,0,0,0,,,,
C,2014,0.031056,0,0,0,,,,
C,2015,0.031151,0,0,0,,,,
C,2016,0.030390,0,0,0,,,,
C,2017,0.028804,0,0,0,,,,
C,2018,0.029409,0,0,0,,,,
C,2019,0.032118,0,0,0,,,,
C,2020,0.032547,0,0,0,,,,
C,2021,0.029977,0,0,0,,,,
C,2022,0.030079,0,0,0,,,,
C,2023,0.027480,0,0,0,,,,
C,2024,0.028312,0,0,0,,,,
C,2025,0.029311,0,0,0,,,,
C,2026,0.031836,0,0,0,,,,
C,2027,0.034598,0,0,0,,,,
C,2028,0.032041,0,0,0,,,,
C,2029,0.031689,0,0,0,,,,
C,2030,0.030407,0,0,0,,,,
C,2031,0.030505,0,0,0,,,,
C,2032,0.028336,0,0,0,,,,
C,2033,0.031523,0,0,0,,,,
C,2034,0.030842,0,0,0,,,,
C,2035,0.030082,0,0,0,,,,
C,2036,0.029770,0,0,0,,,,
C,2037,0.031137,0,0,0,,,,
C,2038,0.031612,0,0,0,,,,
C,2039,0.031567,0,0,0,,,,
C,2040,0.030389,0,0,0,,,,
C,2041,0.029896,0,0,0,,,,
C,2042,0.029444,0,0,0,,,,
C,2043,0.030739,0,0,0,,,,
C,2044,0.028810,0,0,0,,,,
C,2045,0.029410,0,0,0,,,,
C,2046,0.029833,0,0,0,,,,
C,2047,0.030169,0,0,0,,,,
C,2048,0.028756,0,0,0,,,,
C,2049,0.030494,0,0,0,,,,
C,2050,0.030167,0,0,0,,,,
C,2051,0.029266,0,0,0,,,,
C,2052,0.029687,0,0,0,,,,
C,2053,0.031361,0,0,0,,,,
C,2054,0.031721,0,0,0,,,,
C,2055,0.029188,0,0,0,,,,
C,2056,0.030977,0,0,0,,,,
C,2057,0.030271,0,0,0,,,,
C,2058,0.031111,0,0,0,,,,
C,2059,0.030613,0,0,0,,,,
C,2060,0.030225,0,0,0,,,,
C,2061,0.031168,0,0,0,,,,
C,2062,0.032309,0,0,0,,,,
C,2063,0.030356,0,0,0,,,,
C,2064,0.029179,0,0,0,,,,
C,2065,0.029749,0,0,0,,,,
C,2066,0.030070,0,0,0,,,,
C,2067,0.030820,0,0,0,,,,
C,2068,0.031324,0,0,0,,,,
C,2069,0.030366,0,0,0,,,,
C,2070,0.028868,0,0,0,,,,
C,2071,0.030826,0,0,0,,,,
C,2072,0.029543,0,0,0,,,,
C,2073,0.030695,0,0,0,,,,
C,2074,0.031614,0,0,0,,,,
C,2075,0.030566,0,0,0,,,,
C,2076,0.034116,0,0,0,,,,
C,2077,0.033880,0,0,0,,,,
C,2078,0.032408,0,0,0,,,,
C,2079,0.032454,0,0,0,,,,
C,2080,0.032684,0,0,0,,,,
C,2081,0.034515,0,0,0,,,,
C,2082,0.031179,0,0,0,,,,
C,2083,0.034449,0,0,0,,,,
C,2084,0.034542,0,0,0,,,,
C,2085,0.033605,0,0,0,,,,
C,2086,0.031980,0,0,0,,,,
C,2087,0.033734,0,0,0,,,,
C,2088,0.034179,0,0,0,,,,
C,2089,0.031515,0,0,0,,,,
C,2090,0.038289,0,0,0,,,,
C,2091,0.033977,0,0,0,,,,
C,2092,0.030162,0,0,0,,,,
C,2093,0.030234,0,0,0,,,,
C,2094,0.030579,0,0,0,,,,
C,2095,0.031190,0,0,0,,,,
C,2096,0.028051,0,0,0,,,,
C,2097,0.031001,0,0,0,,,,
C,2098,0.044462,0,0,0,,,,
C,2099,0.038689,0,0,0,,,,
C,2100,0.037267,0,0,0,,,,
C,2101,0.034798,0,0,0,,,,
C,2102,0.031749,0,0,0,,,,
C,2103,0.034773,0,0,0,,,,
C,2104,0.032694,0,0,0,,,,
C,2105,0.030295,0,0,0,,,,
C,2106,0.031618,0,0,0,,,,
C,2107,0.029905,0,0,0,,,,
C,2108,0.038927,0,0,0,,,,
C,2109,0.052611,0,0,0,,,,
C,2110,0.045514,0,0,0,,,,
C,2111,0.035902,0,0,0,,,,
C,2112,0.044339,0,0,0,,,,
C,2113,0.036953,0,0,0,,,,
C,2114,0.041866,0,0,0,,,,
C,2115,0.061657,0,0,0,,,,
C,2116,0.038898,0,0,0,,,,
C,2117,0.035560,0,0,0,,,,
C,2118,0.042986,0,0,0,,,,
C,2119,0.033796,0,0,0,,,,
C,2120,0.032495,0,0,0,,,,
C,2121,0.037951,0,0,0,,,,
C,2122,0.033055,0,0,0,,,,
C,2123,0.032693,0,0,0,,,,
C,2124,0.036632,0,0,0,,,,
C,2125,0.034542,0,0,0,,,,
C,2126,0.034831,0,0,0,,,,
C,2127,0.032855,0,0,0,,,,
C,2128,0.029244,0,0,0,,,,
C,2129,0.030248,0,0,0,,,,
C,2130,0.029760,0,0,0,,,,
C,2131,0.028559,0,0,0,,,,
C,2132,0.030916,0,0,0,,,,
C,2133,0.033448,0,0,0,,,,
C,2134,0.030829,0,0,0,,,,
C,2135,0.035206,0,0,0,,,,
C,2136,0.032027,0,0,0,,,,
C,2137,0.032294,0,0,0,,,,
C,2138,0.033357,0,0,0,,,,
C,2139,0.035187,0,0,0,,,,
C,2140,0.038486,0,0,0,,,,
C,2141,0.035818,0,0,0,,,,
C,2142,0.028496,0,0,0,,,,
C,2143,0.028533,0,0,0,,,,
C,2144,0.038232,0,0,0,,,,
C,2145,0.037783,0,0,0,,,,
C,2146,0.040867,0,0,0,,,,
C,2147,0.033910,0,0,0,,,,
C,2148,0.031418,0,0,0,,,,
C,2149,0.029880,0,0,0,,,,
C,2150,0.032271,0,0,0,,,,
C,2151,0.033173,0,0,0,,,,
C,2152,0.030664,0,0,0,,,,
C,2153,0.032278,0,0,0,,,,
C,2154,0.029921,0,0,0,,,,
C,2155,0.033719,0,0,0,,,,
C,2156,0.034017,0,0,0,,,,
C,2157,0.036530,0,0,0,,,,
C,2158,0.033276,0,0,0,,,,
C,2159,0.029979,0,0,0,,,,
C,2160,0.032715,0,0,0,,,,
C,2161,0.032817,0,0,0,,,,
C,2162,0.031994,0,0,0,,,,
C,2163,0.030372,0,0,0,,,,
C,2164,0.031247,0,0,0,,,,
C,2165,0.030162,0,0,0,,,,
C,2166,0.031032,0,0,0,,,,
C,2167,0.034462,0,0,0,,,,
C,2168,0.034274,0,0,0,,,,
C,2169,0.032584,0,0,0,,,,
C,2170,0.034082,0,0,0,,,,
C,2171,0.033286,0,0,0,,,,
C,2172,0.035533,0,0,0,,,,
C,2173,0.036843,0,0,0,,,,
C,2174,0.044103,0,0,0,,,,
C,2175,0.030284,0,0,0,,,,
C,2176,0.040981,0,0,0,,,,
C,2177,0.036842,0,0,0,,,,
C,2178,0.035373,0,0,0,,,,
C,2179,0.044099,0,0,0,,,,
C,2180,0.040830,0,0,0,,,,
C,2181,0.038030,0,0,0,,,,
C,2182,0.047712,0,0,0,,,,
C,2183,0.039120,0,0,0,,,,
C,2184,0.035473,0,0,0,,,,
C,2185,0.035129,0,0,0,,,,
C,2186,0.034633,0,0,0,,,,
C,2187,0.042696,0,0,0,,,,
C,2188,0.040506,0,0,0,,,,
C,2189,0.036797,0,0,0,,,,
C,2190,0.039083,0,0,0,,,,
C,2191,0.035303,0,0,0,,,,
C,2192,0.042987,0,0,0,,,,
C,2193,0.032942,0,0,0,,,,
C,2194,0.034986,0,0,0,,,,
C,2195,0.033794,0,0,0,,,,
C,2196,0.032699,0,0,0,,,,
C,2197,0.041249,0,0,0,,,,
C,2198,0.035884,0,0,0,,,,
C,2199,0.032149,0,0,0,,,,
C,2200,0.035213,0,0,0,,,,
C,2201,0.033534,0,0,0,,,,
C,2202,0.032475,0,0,0,,,,
C,2203,0.034392,0,0,0,,,,
C,2204,0.031101,0,0,0,,,,
C,2205,0.033486,0,0,0,,,,
C,2206,0.033482,0,0,0,,,,
C,2207,0.032397,0,0,0,,,,
C,2208,0.032011,0,0,0,,,,
C,2209,0.032207,0,0,0,,,,
C,2210,0.034754,0,0,0,,,,
C,2211,0.034097,0,0,0,,,,
C,2212,0.032014,0,0,0,,,,
C,2213,0.035281,0,0,0,,,,
C,2214,0.032120,0,0,0,,,,
C,2215,0.033277,0,0,0,,,,
C,2216,0.033250,0,0,0,,,,
C,2217,0.033419,0,0,0,,,,
C,2218,0.033105,0,0,0,,,,
C,2219,0.033863,0,0,0,,,,
C,2220,0.032477,0,0,0,,,,
C,2221,0.032040,0,0,0,,,,
C,2222,0.032321,0,0,0,,,,
C,2223,0.033549,0,0,0,,,,
C,2224,0.034607,0,0,0,,,,
C,2225,0.030839,0,0,0,,,,
C,2226,0.032476,0,0,0,,,,
C,2227,0.032007,0,0,0,,,,
C,2228,0.032229,0,0,0,,,,
C,2229,0.033033,0,0,0,,,,
C,2230,0.033199,0,0,0,,,,
C,2231,0.030788,0,0,0,,,,
C,2232,0.033455,0,0,0,,,,
C,2233,0.035755,0,0,0,,,,
C,2234,0.036696,0,0,0,,,,
C,2235,0.031115,0,0,0,,,,
C,2236,0.029287,0,0,0,,,,
C,2237,0.030032,0,0,0,,,,
C,2238,0.030424,0,0,0,,,,
C,2239,0.031418,0,0,0,,,,
C,2240,0.029602,0,0,0,,,,
C,2241,0.029991,0,0,0,,,,
C,2242,0.029794,0,0,0,,,,
C,2243,0.030692,0,0,0,,,,
C,2244,0.029975,0,0,0,,,,
C,2245,0.029455,0,0,0,,,,
C,2246,0.030200,0,0,0,,,,
C,2247,0.033250,0,0,0,,,,
C,2248,0.031800,0,0,0,,,,
C,2249,0.035764,0,0,0,,,,
C,2250,0.033953,0,0,0,,,,
C,2251,0.031727,0,0,0,,,,
C,2252,0.028333,0,0,0,,,,
C,2253,0.030721,0,0,0,,,,
C,2254,0.029713,0,0,0,,,,
C,2255,0.030853,0,0,0,,,,
C,2256,0.030398,0,0,0,,,,
C,2257,0.029606,0,0,0,,,,
C,2258,0.030088,0,0,0,,,,
C,2259,0.030201,0,0,0,,,,
C,2260,0.029525,0,0,0,,,,
C,2261,0.031754,0,0,0,,,,
C,2262,0.028918,0,0,0,,,,
C,2263,0.028843,0,0,0,,,,
C,2264,0.028943,0,0,0,,,,
C,2265,0.029230,0,0,0,,,,
C,2266,0.028886,0,0,0,,,,
C,2267,0.028384,0,0,0,,,,
C,2268,0.029924,0,0,0,,,,
C,2269,0.030218,0,0,0,,,,
C,2270,0.028673,0,0,0,,,,
C,2271,0.028307,0,0,0,,,,
C,2272,0.030117,0,0,0,,,,
C,2273,0.029947,0,0,0,,,,
C,2274,0.028742,0,0,0,,,,
C,2275,0.032067,0,0,0,,,,
C,2276,0.033680,0,0,0,,,,
C,2277,0.031370,0,0,0,,,,
C,2278,0.032521,0,0,0,,,,
C,2279,0.033887,0,0,0,,,,
C,2280,0.032521,0,0,0,,,,
C,2281,0.033924,0,0,0,,,,
C,2282,0.030497,0,0,0,,,,
C,2283,0.031925,0,0,0,,,,
C,2284,0.029865,0,0,0,,,,
C,2285,0.034818,0,0,0,,,,
C,2286,0.035599,0,0,0,,,,
C,2287,0.029572,0,0,0,,,,
C,2288,0.028267,0,0,0,,,,
C,2289,0.029273,0,0,0,,,,
C,2290,0.035620,0,0,0,,,,
C,2291,0.044751,0,0,0,,,,
C,2292,0.053308,0,0,0,,,,
C,2293,0.038770,0,0,0,,,,
C,2294,0.033507,0,0,0,,,,
C,2295,0.035396,0,0,0,,,,
C,2296,0.038370,0,0,0,,,,
C,2297,0.035200,0,0,0,,,,
C,2298,0.035953,0,0,0,,,,
C,2299,0.034932,0,0,0,,,,
C,2300,0.033706,0,0,0,,,,
C,2301,0.034746,0,0,0,,,,
C,2302,0.037808,0,0,0,,,,
C,2303,0.031476,0,0,0,,,,
C,2304,0.031508,0,0,0,,,,
C,2305,0.030336,0,0,0,,,,
C,2306,0.031949,0,0,0,,,,
C,2307,0.031699,0,0,0,,,,
C,2308,0.033318,0,0,0,,,,
C,2309,0.033251,0,0,0,,,,
C,2310,0.032293,0,0,0,,,,
C,2311,0.031104,0,0,0,,,,
C,2312,0.032886,0,0,0,,,,
C,2313,0.032448,0,0,0,,,,
C,2314,0.033069,0,0,0,,,,
C,2315,0.033994,0,0,0,,,,
C,2316,0.032369,0,0,0,,,,
C,2317,0.031654,0,0,0,,,,
C,2318,0.035090,0,0,0,,,,
C,2319,0.033503,0,0,0,,,,
C,2320,0.032708,0,0,0,,,,
C,2321,0.030049,0,0,0,,,,
C,2322,0.032565,0,0,0,,,,
C,2323,0.030944,0,0,0,,,,
C,2324,0.032676,0,0,0,,,,
C,2325,0.033408,0,0,0,,,,
C,2326,0.031190,0,0,0,,,,
C,2327,0.030506,0,0,0,,,,
C,2328,0.030982,0,0,0,,,,
C,2329,0.032165,0,0,0,,,,
C,2330,0.031746,0,0,0,,,,
C,2331,0.031248,0,0,0,,,,
C,2332,0.033850,0,0,0,,,,
C,2333,0.042677,0,0,0,,,,
C,2334,0.032436,0,0,0,,,,
C,2335,0.032540,0,0,0,,,,
C,2336,0.042583,0,0,0,,,,
C,2337,0.033103,0,0,0,,,,
C,2338,0.046765,0,0,0,,,,
C,2339,0.033807,0,0,0,,,,
C,2340,0.031346,0,0,0,,,,
C,2341,0.031189,0,0,0,,,,
C,2342,0.034061,0,0,0,,,,
C,2343,0.046021,0,0,0,,,,
C,2344,0.030246,0,0,0,,,,
C,2345,0.030686,0,0,0,,,,
C,2346,0.033094,0,0,0,,,,
C,2347,0.032129,0,0,0,,,,
C,2348,0.038391,0,0,0,,,,
C,2349,0.044471,0,0,0,,,,
C,2350,0.035989,0,0,0,,,,
C,2351,0.032005,0,0,0,,,,
C,2352,0.030927,0,0,0,,,,
C,2353,0.032394,0,0,0,,,,
C,2354,0.030804,0,0,0,,,,
C,2355,0.032316,0,0,0,,,,
C,2356,0.033283,0,0,0,,,,
C,2357,0.038477,0,0,0,,,,
C,2358,0.036789,0,0,0,,,,
C,2359,0.037106,0,0,0,,,,
C,2360,0.036682,0,0,0,,,,
C,2361,0.038385,0,0,0,,,,
C,2362,0.041073,0,0,0,,,,
C,2363,0.034734,0,0,0,,,,
C,2364,0.032619,0,0,0,,,,
C,2365,0.035181,0,0,0,,,,
C,2366,0.032490,0,0,0,,,,
C,2367,0.030332,0,0,0,,,,
C,2368,0.031276,0,0,0,,,,
C,2369,0.033731,0,0,0,,,,
C,2370,0.030879,0,0,0,,,,
C,2371,0.035096,0,0,0,,,,
C,2372,0.034839,0,0,0,,,,
C,2373,0.031894,0,0,0,,,,
C,2374,0.029712,0,0,0,,,,
C,2375,0.030089,0,0,0,,,,
C,2376,0.032330,0,0,0,,,,
C,2377,0.030799,0,0,0,,,,
C,2378,0.030408,0,0,0,,,,
C,2379,0.031424,0,0,0,,,,
C,2380,0.030571,0,0,0,,,,
C,2381,0.032818,0,0,0,,,,
C,2382,0.032795,0,0,0,,,,
C,2383,0.030542,0,0,0,,,,
C,2384,0.030324,0,0,0,,,,
C,2385,0.030114,0,0,0,,,,
C,2386,0.030618,0,0,0,,,,
C,2387,0.029281,0,0,0,,,,
C,2388,0.030762,0,0,0,,,,
C,2389,0.031141,0,0,0,,,,
C,2390,0.031590,0,0,0,,,,
C,2391,0.031929,0,0,0,,,,
C,2392,0.030038,0,0,0,,,,
C,2393,0.031695,0,0,0,,,,
C,2394,0.029568,0,0,0,,,,
C,2395,0.029726,0,0,0,,,,
C,2396,0.032749,0,0,0,,,,
C,2397,0.031282,0,0,0,,,,
C,2398,0.033454,0,0,0,,,,
C,2399,0.035445,0,0,0,,,,
C,2400,0.031525,0,0,0,,,,
C,2401,0.029840,0,0,0,,,,
C,2402,0.030321,0,0,0,,,,
C,2403,0.031506,0,0,0,,,,
C,2404,0.029259,0,0,0,,,,
C,2405,0.028834,0,0,0,,,,
C,2406,0.030227,0,0,0,,,,
C,2407,0.029886,0,0,0,,,,
C,2408,0.031086,0,0,0,,,,
C,2409,0.033092,0,0,0,,,,
C,2410,0.029215,0,0,0,,,,
C,2411,0.029903,0,0,0,,,,
C,2412,0.031213,0,0,0,,,,
C,2413,0.034583,0,0,0,,,,
C,2414,0.032170,0,0,0,,,,
C,2415,0.031995,0,0,0,,,,
C,2416,0.028215,0,0,0,,,,
C,2417,0.028426,0,0,0,,,,
C,2418,0.029858,0,0,0,,,,
C,2419,0.033960,0,0,0,,,,
C,2420,0.032552,0,0,0,,,,
C,2421,0.029817,0,0,0,,,,
C,2422,0.031034,0,0,0,,,,
C,2423,0.030906,0,0,0,,,,
C,2424,0.030195,0,0,0,,,,
C,2425,0.032367,0,0,0,,,,
C,2426,0.030205,0,0,0,,,,
C,2427,0.028287,0,0,0,,,,
C,2428,0.031419,0,0,0,,,,
C,2429,0.029731,0,0,0,,,,
C,2430,0.029628,0,0,0,,,,
C,2431,0.029859,0,0,0,,,,
C,2432,0.029628,0,0,0,,,,
C,2433,0.031784,0,0,0,,,,
C,2434,0.029529,0,0,0,,,,
C,2435,0.032536,0,0,0,,,,
C,2436,0.033671,0,0,0,,,,
C,2437,0.032800,0,0,0,,,,
C,2438,0.031911,0,0,0,,,,
C,2439,0.032287,0,0,0,,,,
C,2440,0.030790,0,0,0,,,,
C,2441,0.030593,0,0,0,,,,
C,2442,0.030233,0,0,0,,,,
C,2443,0.030366,0,0,0,,,,
C,2444,0.031177,0,0,0,,,,
C,2445,0.031023,0,0,0,,,,
C,2446,0.032428,0,0,0,,,,
C,2447,0.029685,0,0,0,,,,
C,2448,0.028926,0,0,0,,,,
C,2449,0.030312,0,0,0,,,,
C,2450,0.030219,0,0,0,,,,
C,2451,0.032646,0,0,0,,,,
C,2452,0.028879,0,0,0,,,,
C,2453,0.030547,0,0,0,,,,
C,2454,0.030873,0,0,0,,,,
C,2455,0.028761,0,0,0,,,,
C,2456,0.030110,0,0,0,,,,
C,2457,0.029786,0,0,0,,,,
C,2458,0.032557,0,0,0,,,,
C,2459,0.030505,0,0,0,,,,
C,2460,0.028527,0,0,0,,,,
C,2461,0.031326,0,0,0,,,,
C,2462,0.029006,0,0,0,,,,
C,2463,0.030817,0,0,0,,,,
C,2464,0.029546,0,0,0,,,,
C,2465,0.031370,0,0,0,,,,
C,2466,0.030925,0,0,0,,,,
C,2467,0.041066,0,0,0,,,,
C,2468,0.031793,0,0,0,,,,
C,2469,0.030270,0,0,0,,,,
C,2470,0.029437,0,0,0,,,,
C,2471,0.029353,0,0,0,,,,
C,2472,0.028455,0,0,0,,,,
C,2473,0.030373,0,0,0,,,,
C,2474,0.031925,0,0,0,,,,
C,2475,0.030922,0,0,0,,,,
C,2476,0.029521,0,0,0,,,,
C,2477,0.028865,0,0,0,,,,
C,2478,0.031498,0,0,0,,,,
C,2479,0.030590,0,0,0,,,,
C,2480,0.030805,0,0,0,,,,
C,2481,0.030670,0,0,0,,,,
C,2482,0.028878,0,0,0,,,,
C,2483,0.029446,0,0,0,,,,
C,2484,0.031185,0,0,0,,,,
C,2485,0.028042,0,0,0,,,,
C,2486,0.030710,0,0,0,,,,
C,2487,0.029925,0,0,0,,,,
C,2488,0.029068,0,0,0,,,,
C,2489,0.029614,0,0,0,,,,
C,2490,0.031951,0,0,0,,,,
C,2491,0.029687,0,0,0,,,,
C,2492,0.030410,0,0,0,,,,
C,2493,0.031297,0,0,0,,,,
C,2494,0.032494,0,0,0,,,,
C,2495,0.032357,0,0,0,,,,
C,2496,0.032875,0,0,0,,,,
C,2497,0.035444,0,0,0,,,,
C,2498,0.031320,0,0,0,,,,
C,2499,0.039097,0,0,0,,,,
C,2500,0.035448,0,0,0,,,,
C,2501,0.036231,0,0,0,,,,
C,2502,0.032294,0,0,0,,,,
C,2503,0.031077,0,0,0,,,,
C,2504,0.030440,0,0,0,,,,
C,2505,0.029483,0,0,0,,,,
C,2506,0.035741,0,0,0,,,,
C,2507,0.040210,0,0,0,,,,
C,2508,0.031221,0,0,0,,,,
C,2509,0.030752,0,0,0,,,,
C,2510,0.030625,0,0,0,,,,
C,2511,0.030289,0,0,0,,,,
C,2512,0.031554,0,0,0,,,,
C,2513,0.030576,0,0,0,,,,
C,2514,0.030945,0,0,0,,,,
C,2515,0.031518,0,0,0,,,,
C,2516,0.031643,0,0,0,,,,
C,2517,0.032446,0,0,0,,,,
C,2518,0.033518,0,0,0,,,,
C,2519,0.033093,0,0,0,,,,
C,2520,0.039399,0,0,0,,,,
C,2521,0.030426,0,0,0,,,,
C,2522,0.030099,0,0,0,,,,
C,2523,0.031267,0,0,0,,,,
C,2524,0.030046,0,0,0,,,,
C,2525,0.029805,0,0,0,,,,
C,2526,0.029803,0,0,0,,,,
C,2527,0.030392,0,0,0,,,,
C,2528,0.031236,0,0,0,,,,
C,2529,0.030263,0,0,0,,,,
C,2530,0.029278,0,0,0,,,,
C,2531,0.030321,0,0,0,,,,
C,2532,0.031167,0,0,0,,,,
C,2533,0.029996,0,0,0,,,,
C,2534,0.030298,0,0,0,,,,
C,2535,0.031226,0,0,0,,,,
C,2536,0.028270,0,0,0,,,,
C,2537,0.031006,0,0,0,,,,
C,2538,0.030433,0,0,0,,,,
C,2539,0.029288,0,0,0,,,,
C,2540,0.030281,0,0,0,,,,
C,2541,0.030531,0,0,0,,,,
C,2542,0.031536,0,0,0,,,,
C,2543,0.030454,0,0,0,,,,
C,2544,0.029566,0,0,0,,,,
C,2545,0.031672,0,0,0,,,,
C,2546,0.029725,0,0,0,,,,
C,2547,0.029885,0,0,0,,,,
C,2548,0.028956,0,0,0,,,,
C,2549,0.030646,0,0,0,,,,
C,2550,0.031321,0,0,0,,,,
C,2551,0.031440,0,0,0,,,,
C,2552,0.029731,0,0,0,,,,
C,2553,0.030799,0,0,0,,,,
C,2554,0.032658,0,0,0,,,,
C,2555,0.030674,0,0,0,,,,
C,2556,0.030003,0,0,0,,,,
C,2557,0.029700,0,0,0,,,,
C,2558,0.029457,0,0,0,,,,
C,2559,0.032845,0,0,0,,,,
C,2560,0.029841,0,0,0,,,,
C,2561,0.029641,0,0,0,,,,
C,2562,0.030911,0,0,0,,,,
C,2563,0.031446,0,0,0,,,,
C,2564,0.031389,0,0,0,,,,
C,2565,0.029293,0,0,0,,,,
C,2566,0.030170,0,0,0,,,,
C,2567,0.030712,0,0,0,,,,
C,2568,0.030271,0,0,0,,,,
C,2569,0.029843,0,0,0,,,,
C,2570,0.031104,0,0,0,,,,
C,2571,0.030060,0,0,0,,,,
C,2572,0.031699,0,0,0,,,,
C,2573,0.029598,0,0,0,,,,
C,2574,0.029865,0,0,0,,,,
C,2575,0.029855,0,0,0,,,,
C,2576,0.030938,0,0,0,,,,
C,2577,0.029987,0,0,0,,,,
C,2578,0.030124,0,0,0,,,,
C,2579,0.028620,0,0,0,,,,
C,2580,0.030051,0,0,0,,,,
C,2581,0.028348,0,0,0,,,,
C,2582,0.029197,0,0,0,,,,
C,2583,0.030626,0,0,0,,,,
C,2584,0.030960,0,0,0,,,,
C,2585,0.029652,0,0,0,,,,
C,2586,0.032719,0,0,0,,,,
C,2587,0.032657,0,0,0,,,,
C,2588,0.029911,0,0,0,,,,
C,2589,0.032134,0,0,0,,,,
C,2590,0.030666,0,0,0,,,,
C,2591,0.031024,0,0,0,,,,
C,2592,0.029753,0,0,0,,,,
C,2593,0.030347,0,0,0,,,,
C,2594,0.030154,0,0,0,,,,
C,2595,0.030444,0,0,0,,,,
C,2596,0.030527,0,0,0,,,,
C,2597,0.029090,0,0,0,,,,
C,2598,0.031684,0,0,0,,,,
C,2599,0.029365,0,0,0,,,,
C,2600,0.029828,0,0,0,,,,
C,2601,0.030020,0,0,0,,,,
C,2602,0.032051,0,0,0,,,,
C,2603,0.029042,0,0,0,,,,
C,2604,0.030858,0,0,0,,,,
C,2605,0.029400,0,0,0,,,,
C,2606,0.031415,0,0,0,,,,
C,2607,0.030852,0,0,0,,,,
C,2608,0.029639,0,0,0,,,,
C,2609,0.030890,0,0,0,,,,
C,2610,0.030456,0,0,0,,,,
C,2611,0.029621,0,0,0,,,,
C,2612,0.029859,0,0,0,,,,
C,2613,0.029569,0,0,0,,,,
C,2614,0.030663,0,0,0,,,,
C,2615,0.030950,0,0,0,,,,
C,2616,0.030243,0,0,0,,,,
C,2617,0.031386,0,0,0,,,,
C,2618,0.030250,0,0,0,,,,
C,2619,0.031069,0,0,0,,,,
C,2620,0.030506,0,0,0,,,,
C,2621,0.031135,0,0,0,,,,
C,2622,0.028802,0,0,0,,,,
C,2623,0.030508,0,0,0,,,,
C,2624,0.028072,0,0,0,,,,
C,2625,0.029689,0,0,0,,,,
C,2626,0.031535,0,0,0,,,,
C,2627,0.030565,0,0,0,,,,
C,2628,0.030333,0,0,0,,,,
C,2629,0.030583,0,0,0,,,,
C,2630,0.032516,0,0,0,,,,
C,2631,0.032182,0,0,0,,,,
C,2632,0.029898,0,0,0,,,,
C,2633,0.030022,0,0,0,,,,
C,2634,0.031185,0,0,0,,,,
C,2635,0.030508,0,0,0,,,,
C,2636,0.028883,0,0,0,,,,
C,2637,0.028735,0,0,0,,,,
C,2638,0.030226,0,0,0,,,,
C,2639,0.030092,0,0,0,,,,
C,2640,0.029071,0,0,0,,,,
C,2641,0.030123,0,0,0,,,,
C,2642,0.030966,0,0,0,,,,
C,2643,0.031165,0,0,0,,,,
C,2644,0.030603,0,0,0,,,,
C,2645,0.029710,0,0,0,,,,
C,2646,0.028507,0,0,0,,,,
C,2647,0.031034,0,0,0,,,,
C,2648,0.029728,0,0,0,,,,
C,2649,0.028452,0,0,0,,,,
C,2650,0.028668,0,0,0,,,,
C,2651,0.030860,0,0,0,,,,
C,2652,0.030330,0,0,0,,,,
C,2653,0.030409,0,0,0,,,,
C,2654,0.033024,0,0,0,,,,
C,2655,0.030443,0,0,0,,,,
C,2656,0.029479,0,0,0,,,,
C,2657,0.030954,0,0,0,,,,
C,2658,0.030295,0,0,0,,,,
C,2659,0.029866,0,0,0,,,,
C,2660,0.028965,0,0,0,,,,
C,2661,0.029515,0,0,0,,,,
C,2662,0.031836,0,0,0,,,,
C,2663,0.030564,0,0,0,,,,
C,2664,0.031139,0,0,0,,,,
C,2665,0.029880,0,0,0,,,,
C,2666,0.030751,0,0,0,,,,
C,2667,0.029148,0,0,0,,,,
C,2668,0.029939,0,0,0,,,,
C,2669,0.029507,0,0,0,,,,
C,2670,0.029326,0,0,0,,,,
C,2671,0.030438,0,0,0,,,,
C,2672,0.029287,0,0,0,,,,
C,2673,0.030561,0,0,0,,,,
C,2674,0.031022,0,0,0,,,,
C,2675,0.029879,0,0,0,,,,
C,2676,0.029394,0,0,0,,,,
C,2677,0.030961,0,0,0,,,,
C,2678,0.030564,0,0,0,,,,
C,2679,0.029534,0,0,0,,,,
C,2680,0.029644,0,0,0,,,,
C,2681,0.030476,0,0,0,,,,
C,2682,0.030547,0,0,0,,,,
C,2683,0.030601,0,0,0,,,,
C,2684,0.029159,0,0,0,,,,
C,2685,0.031704,0,0,0,,,,
C,2686,0.030055,0,0,0,,,,
C,2687,0.030536,0,0,0,,,,
C,2688,0.029730,0,0,0,,,,
C,2689,0.031492,0,0,0,,,,
C,2690,0.030023,0,0,0,,,,
C,2691,0.028997,0,0,0,,,,
C,2692,0.031851,0,0,0,,,,
C,2693,0.030797,0,0,0,,,,
C,2694,0.029565,0,0,0,,,,
C,2695,0.034977,0,0,0,,,,
C,2696,0.041979,0,0,0,,,,
C,2697,0.042487,0,0,0,,,,
C,2698,0.031850,0,0,0,,,,
C,2699,0.033894,0,0,0,,,,
C,2700,0.031920,0,0,0,,,,
C,2701,0.034618,0,0,0,,,,
C,2702,0.036180,0,0,0,,,,
C,2703,0.039563,0,0,0,,,,
C,2704,0.030659,0,0,0,,,,
C,2705,0.036824,0,0,0,,,,
C,2706,0.032410,0,0,0,,,,
C,2707,0.031161,0,0,0,,,,
C,2708,0.029268,0,0,0,,,,
C,2709,0.029468,0,0,0,,,,
C,2710,0.031279,0,0,0,,,,
C,2711,0.029646,0,0,0,,,,
C,2712,0.030006,0,0,0,,,,
C,2713,0.031366,0,0,0,,,,
C,2714,0.030070,0,0,0,,,,
C,2715,0.030676,0,0,0,,,,
C,2716,0.030706,0,0,0,,,,
C,2717,0.031898,0,0,0,,,,
C,2718,0.032881,0,0,0,,,,
C,2719,0.033144,0,0,0,,,,
C,2720,0.031702,0,0,0,,,,
C,2721,0.033034,0,0,0,,,,
C,2722,0.032110,0,0,0,,,,
C,2723,0.031810,0,0,0,,,,
C,2724,0.031086,0,0,0,,,,
C,2725,0.031332,0,0,0,,,,
C,2726,0.028991,0,0,0,,,,
C,2727,0.030677,0,0,0,,,,
C,2728,0.031331,0,0,0,,,,
C,2729,0.028566,0,0,0,,,,
C,2730,0.031005,0,0,0,,,,
C,2731,0.029489,0,0,0,,,,
C,2732,0.029780,0,0,0,,,,
C,2733,0.029774,0,0,0,,,,
C,2734,0.031945,0,0,0,,,,
C,2735,0.031076,0,0,0,,,,
C,2736,0.028509,0,0,0,,,,
C,2737,0.031209,0,0,0,,,,
C,2738,0.030905,0,0,0,,,,
C,2739,0.030486,0,0,0,,,,
C,2740,0.029379,0,0,0,,,,
C,2741,0.030043,0,0,0,,,,
C,2742,0.029380,0,0,0,,,,
C,2743,0.029501,0,0,0,,,,
C,2744,0.029709,0,0,0,,,,
C,2745,0.029789,0,0,0,,,,
C,2746,0.029886,0,0,0,,,,
C,2747,0.029601,0,0,0,,,,
C,2748,0.030103,0,0,0,,,,
C,2749,0.031200,0,0,0,,,,
C,2750,0.031935,0,0,0,,,,
C,2751,0.029436,0,0,0,,,,
C,2752,0.030330,0,0,0,,,,
C,2753,0.031306,0,0,0,,,,
C,2754,0.029556,0,0,0,,,,
C,2755,0.031174,0,0,0,,,,
C,2756,0.028418,0,0,0,,,,
C,2757,0.031407,0,0,0,,,,
C,2758,0.030182,0,0,0,,,,
C,2759,0.030196,0,0,0,,,,
C,2760,0.029572,0,0,0,,,,
C,2761,0.030539,0,0,0,,,,
C,2762,0.029630,0,0,0,,,,
C,2763,0.031126,0,0,0,,,,
C,2764,0.030526,0,0,0,,,,
C,2765,0.031085,0,0,0,,,,
C,2766,0.029989,0,0,0,,,,
C,2767,0.033109,0,0,0,,,,
C,2768,0.031624,0,0,0,,,,
C,2769,0.029716,0,0,0,,,,
C,2770,0.029762,0,0,0,,,,
C,2771,0.031531,0,0,0,,,,
C,2772,0.029871,0,0,0,,,,
C,2773,0.030799,0,0,0,,,,
C,2774,0.030879,0,0,0,,,,
C,2775,0.032975,0,0,0,,,,
C,2776,0.029034,0,0,0,,,,
C,2777,0.031852,0,0,0,,,,
C,2778,0.029962,0,0,0,,,,
C,2779,0.030582,0,0,0,,,,
C,2780,0.029388,0,0,0,,,,
C,2781,0.030408,0,0,0,,,,
C,2782,0.032268,0,0,0,,,,
C,2783,0.030054,0,0,0,,,,
C,2784,0.029657,0,0,0,,,,
C,2785,0.031298,0,0,0,,,,
C,2786,0.031859,0,0,0,,,,
C,2787,0.030540,0,0,0,,,,
C,2788,0.031830,0,0,0,,,,
C,2789,0.029331,0,0,0,,,,
C,2790,0.030628,0,0,0,,,,
C,2791,0.032581,0,0,0,,,,
C,2792,0.030544,0,0,0,,,,
C,2793,0.030849,0,0,0,,,,
C,2794,0.029512,0,0,0,,,,
C,2795,0.030524,0,0,0,,,,
C,2796,0.029553,0,0,0,,,,
C,2797,0.030728,0,0,0,,,,
C,2798,0.029015,0,0,0,,,,
C,2799,0.029429,0,0,0,,,,
C,2800,0.028990,0,0,0,,,,
C,2801,0.030230,0,0,0,,,,
C,2802,0.029994,0,0,0,,,,
C,2803,0.029984,0,0,0,,,,
C,2804,0.031625,0,0,0,,,,
C,2805,0.031518,0,0,0,,,,
C,2806,0.030542,0,0,0,,,,
C,2807,0.031809,0,0,0,,,,
C,2808,0.030278,0,0,0,,,,
C,2809,0.028591,0,0,0,,,,
C,2810,0.029998,0,0,0,,,,
C,2811,0.030208,0,0,0,,,,
C,2812,0.030012,0,0,0,,,,
C,2813,0.031166,0,0,0,,,,
C,2814,0.031892,0,0,0,,,,
C,2815,0.030540,0,0,0,,,,
C,2816,0.030843,0,0,0,,,,
C,2817,0.030924,0,0,0,,,,
C,2818,0.030625,0,0,0,,,,
C,2819,0.030139,0,0,0,,,,
C,2820,0.030120,0,0,0,,,,
C,2821,0.028266,0,0,0,,,,
C,2822,0.030016,0,0,0,,,,
C,2823,0.029326,0,0,0,,,,
C,2824,0.030041,0,0,0,,,,
C,2825,0.030406,0,0,0,,,,
C,2826,0.032850,0,0,0,,,,
C,2827,0.030497,0,0,0,,,,
C,2828,0.028883,0,0,0,,,,
C,2829,0.030790,0,0,0,,,,
C,2830,0.030320,0,0,0,,,,
C,2831,0.029603,0,0,0,,,,
C,2832,0.028520,0,0,0,,,,
C,2833,0.029643,0,0,0,,,,
C,2834,0.029858,0,0,0,,,,
C,2835,0.030950,0,0,0,,,,
C,2836,0.033857,0,0,0,,,,
C,2837,0.032887,0,0,0,,,,
C,2838,0.031740,0,0,0,,,,
C,2839,0.030677,0,0,0,,,,
C,2840,0.031292,0,0,0,,,,
C,2841,0.028582,0,0,0,,,,
C,2842,0.031492,0,0,0,,,,
C,2843,0.028029,0,0,0,,,,
C,2844,0.029583,0,0,0,,,,
C,2845,0.029166,0,0,0,,,,
C,2846,0.030018,0,0,0,,,,
C,2847,0.028128,0,0,0,,,,
C,2848,0.029545,0,0,0,,,,
C,2849,0.030071,0,0,0,,,,
C,2850,0.030625,0,0,0,,,,
C,2851,0.031332,0,0,0,,,,
C,2852,0.028960,0,0,0,,,,
C,2853,0.029040,0,0,0,,,,
C,2854,0.029219,0,0,0,,,,
C,2855,0.030382,0,0,0,,,,
C,2856,0.029722,0,0,0,,,,
C,2857,0.031030,0,0,0,,,,
C,2858,0.028891,0,0,0,,,,
C,2859,0.030555,0,0,0,,,,
C,2860,0.031786,0,0,0,,,,
C,2861,0.028885,0,0,0,,,,
C,2862,0.030287,0,0,0,,,,
C,2863,0.029865,0,0,0,,,,
C,2864,0.030679,0,0,0,,,,
C,2865,0.030510,0,0,0,,,,
C,2866,0.029310,0,0,0,,,,
C,2867,0.029763,0,0,0,,,,
C,2868,0.030517,0,0,0,,,,
C,2869,0.029615,0,0,0,,,,
C,2870,0.029505,0,0,0,,,,
C,2871,0.032549,0,0,0,,,,
C,2872,0.030417,0,0,0,,,,
C,2873,0.030118,0,0,0,,,,
C,2874,0.030672,0,0,0,,,,
C,2875,0.028614,0,0,0,,,,
C,2876,0.029887,0,0,0,,,,
C,2877,0.029625,0,0,0,,,,
C,2878,0.029843,0,0,0,,,,
C,2879,0.030580,0,0,0,,,,
C,2880,0.029757,0,0,0,,,,
C,2881,0.031400,0,0,0,,,,
C,2882,0.031263,0,0,0,,,,
C,2883,0.031566,0,0,0,,,,
C,2884,0.030498,0,0,0,,,,
C,2885,0.030130,0,0,0,,,,
C,2886,0.030653,0,0,0,,,,
C,2887,0.030677,0,0,0,,,,
C,2888,0.031478,0,0,0,,,,
C,2889,0.029613,0,0,0,,,,
C,2890,0.030311,0,0,0,,,,
C,2891,0.028965,0,0,0,,,,
C,2892,0.030541,0,0,0,,,,
C,2893,0.031887,0,0,0,,,,
C,2894,0.031678,0,0,0,,,,
C,2895,0.030410,0,0,0,,,,
C,2896,0.031101,0,0,0,,,,
C,2897,0.029746,0,0,0,,,,
C,2898,0.028816,0,0,0,,,,
C,2899,0.030639,0,0,0,,,,
C,2900,0.028938,0,0,0,,,,
C,2901,0.029149,0,0,0,,,,
C,2902,0.029662,0,0,0,,,,
C,2903,0.031168,0,0,0,,,,
C,2904,0.030643,0,0,0,,,,
C,2905,0.029604,0,0,0,,,,
C,2906,0.030535,0,0,0,,,,
C,2907,0.032769,0,0,0,,,,
C,2908,0.031314,0,0,0,,,,
C,2909,0.029987,0,0,0,,,,
C,2910,0.029980,0,0,0,,,,
C,2911,0.034517,0,0,0,,,,
C,2912,0.031488,0,0,0,,,,
C,2913,0.029355,0,0,0,,,,
C,2914,0.029821,0,0,0,,,,
C,2915,0.030154,0,0,0,,,,
C,2916,0.029902,0,0,0,,,,
C,2917,0.030835,0,0,0,,,,
C,2918,0.030931,0,0,0,,,,
C,2919,0.030316,0,0,0,,,,
C,2920,0.030593,0,0,0,,,,
C,2921,0.030595,0,0,0,,,,
C,2922,0.030441,0,0,0,,,,
C,2923,0.029885,0,0,0,,,,
C,2924,0.031329,0,0,0,,,,
C,2925,0.031569,0,0,0,,,,
C,2926,0.030882,0,0,0,,,,
C,2927,0.030178,0,0,0,,,,
C,2928,0.029400,0,0,0,,,,
C,2929,0.030187,0,0,0,,,,
C,2930,0.027948,0,0,0,,,,
C,2931,0.029303,0,0,0,,,,
C,2932,0.029502,0,0,0,,,,
C,2933,0.033168,0,0,0,,,,
C,2934,0.029845,0,0,0,,,,
C,2935,0.030283,0,0,0,,,,
C,2936,0.029265,0,0,0,,,,
C,2937,0.030286,0,0,0,,,,
C,2938,0.030902,0,0,0,,,,
C,2939,0.031965,0,0,0,,,,
C,2940,0.032420,0,0,0,,,,
C,2941,0.031479,0,0,0,,,,
C,2942,0.030837,0,0,0,,,,
C,2943,0.032670,0,0,0,,,,
C,2944,0.031499,0,0,0,,,,
C,2945,0.031104,0,0,0,,,,
C,2946,0.028100,0,0,0,,,,
C,2947,0.037815,0,0,0,,,,
C,2948,0.039903,0,0,0,,,,
C,2949,0.031722,0,0,0,,,,
C,2950,0.031326,0,0,0,,,,
C,2951,0.040015,0,0,0,,,,
C,2952,0.030373,0,0,0,,,,
C,2953,0.030309,0,0,0,,,,
C,2954,0.028423,0,0,0,,,,
C,2955,0.029599,0,0,0,,,,
C,2956,0.030577,0,0,0,,,,
C,2957,0.029381,0,0,0,,,,
C,2958,0.030250,0,0,0,,,,
C,2959,0.030550,0,0,0,,,,
C,2960,0.030232,0,0,0,,,,
C,2961,0.032066,0,0,0,,,,
C,2962,0.030104,0,0,0,,,,
C,2963,0.029858,0,0,0,,,,
C,2964,0.027980,0,0,0,,,,
C,2965,0.030058,0,0,0,,,,
C,2966,0.033471,0,0,0,,,,
C,2967,0.029263,0,0,0,,,,
C,2968,0.030854,0,0,0,,,,
C,2969,0.032028,0,0,0,,,,
C,2970,0.030073,0,0,0,,,,
C,2971,0.029162,0,0,0,,,,
C,2972,0.029528,0,0,0,,,,
C,2973,0.029253,0,0,0,,,,
C,2974,0.029612,0,0,0,,,,
C,2975,0.028996,0,0,0,,,,
C,2976,0.028211,0,0,0,,,,
C,2977,0.031087,0,0,0,,,,
C,2978,0.029576,0,0,0,,,,
C,2979,0.029345,0,0,0,,,,
C,2980,0.028769,0,0,0,,,,
C,2981,0.030563,0,0,0,,,,
C,2982,0.029972,0,0,0,,,,
C,2983,0.027956,0,0,0,,,,
C,2984,0.030735,0,0,0,,,,
C,2985,0.030696,0,0,0,,,,
C,2986,0.028581,0,0,0,,,,
C,2987,0.029979,0,0,0,,,,
C,2988,0.029287,0,0,0,,,,
C,2989,0.029352,0,0,0,,,,
C,2990,0.031065,0,0,0,,,,
C,2991,0.029165,0,0,0,,,,
C,2992,0.031092,0,0,0,,,,
C,2993,0.030234,0,0,0,,,,
C,2994,0.030719,0,0,0,,,,
C,2995,0.030276,0,0,0,,,,
C,2996,0.029872,0,0,0,,,,
C,2997,0.029837,0,0,0,,,,
C,2998,0.029720,0,0,0,,,,
C,2999,0.045997,0,0,0,,,,
C,3000,0.032968,0,0,0,214.0,1.816e-11,"{'checked': 26, 'zsx_rejected': 6, 'default_rejected': 0, 'closed_form_forced': 0, 'inexact': 9, 'exact_rebuilt': 0, 'best_effort': 0, 'best_effort_worst': 0.0, 'psf_rerouted': 0, 'psf_rerouted_worst_residual': 0.0}",141
C,3001,0.030645,0,0,0,,,,
C,3002,0.030549,0,0,0,,,,
C,3003,0.035390,0,0,0,,,,
C,3004,0.030755,0,0,0,,,,
C,3005,0.029664,0,0,0,,,,
C,3006,0.028913,0,0,0,,,,
C,3007,0.028842,0,0,0,,,,
C,3008,0.030742,0,0,0,,,,
C,3009,0.030462,0,0,0,,,,
C,3010,0.030810,0,0,0,,,,
C,3011,0.030076,0,0,0,,,,
C,3012,0.029756,0,0,0,,,,
C,3013,0.029386,0,0,0,,,,
C,3014,0.030016,0,0,0,,,,
C,3015,0.031765,0,0,0,,,,
C,3016,0.032781,0,0,0,,,,
C,3017,0.030224,0,0,0,,,,
C,3018,0.029961,0,0,0,,,,
C,3019,0.029911,0,0,0,,,,
C,3020,0.028467,0,0,0,,,,
C,3021,0.030349,0,0,0,,,,
C,3022,0.031455,0,0,0,,,,
C,3023,0.030677,0,0,0,,,,
C,3024,0.029262,0,0,0,,,,
C,3025,0.032417,0,0,0,,,,
C,3026,0.030862,0,0,0,,,,
C,3027,0.030482,0,0,0,,,,
C,3028,0.029248,0,0,0,,,,
C,3029,0.029160,0,0,0,,,,
C,3030,0.029910,0,0,0,,,,
C,3031,0.031371,0,0,0,,,,
C,3032,0.029588,0,0,0,,,,
C,3033,0.029395,0,0,0,,,,
C,3034,0.029877,0,0,0,,,,
C,3035,0.030017,0,0,0,,,,
C,3036,0.029869,0,0,0,,,,
C,3037,0.031301,0,0,0,,,,
C,3038,0.029003,0,0,0,,,,
C,3039,0.028893,0,0,0,,,,
C,3040,0.029927,0,0,0,,,,
C,3041,0.030161,0,0,0,,,,
C,3042,0.031789,0,0,0,,,,
C,3043,0.030981,0,0,0,,,,
C,3044,0.031503,0,0,0,,,,
C,3045,0.030146,0,0,0,,,,
C,3046,0.029159,0,0,0,,,,
C,3047,0.031576,0,0,0,,,,
C,3048,0.030301,0,0,0,,,,
C,3049,0.030737,0,0,0,,,,
C,3050,0.029210,0,0,0,,,,
C,3051,0.029427,0,0,0,,,,
C,3052,0.029486,0,0,0,,,,
C,3053,0.030917,0,0,0,,,,
C,3054,0.029237,0,0,0,,,,
C,3055,0.032626,0,0,0,,,,
C,3056,0.030382,0,0,0,,,,
C,3057,0.030750,0,0,0,,,,
C,3058,0.031279,0,0,0,,,,
C,3059,0.029734,0,0,0,,,,
C,3060,0.028774,0,0,0,,,,
C,3061,0.029770,0,0,0,,,,
C,3062,0.031020,0,0,0,,,,
C,3063,0.029038,0,0,0,,,,
C,3064,0.027764,0,0,0,,,,
C,3065,0.031460,0,0,0,,,,
C,3066,0.030082,0,0,0,,,,
C,3067,0.031350,0,0,0,,,,
C,3068,0.030300,0,0,0,,,,
C,3069,0.030979,0,0,0,,,,
C,3070,0.032886,0,0,0,,,,
C,3071,0.029351,0,0,0,,,,
C,3072,0.030145,0,0,0,,,,
C,3073,0.029933,0,0,0,,,,
C,3074,0.030452,0,0,0,,,,
C,3075,0.030911,0,0,0,,,,
C,3076,0.030536,0,0,0,,,,
C,3077,0.030225,0,0,0,,,,
C,3078,0.030845,0,0,0,,,,
C,3079,0.031712,0,0,0,,,,
C,3080,0.030610,0,0,0,,,,
C,3081,0.032830,0,0,0,,,,
C,3082,0.031498,0,0,0,,,,
C,3083,0.033100,0,0,0,,,,
C,3084,0.031199,0,0,0,,,,
C,3085,0.029600,0,0,0,,,,
C,3086,0.030574,0,0,0,,,,
C,3087,0.031709,0,0,0,,,,
C,3088,0.036548,0,0,0,,,,
C,3089,0.038523,0,0,0,,,,
C,3090,0.035479,0,0,0,,,,
C,3091,0.038295,0,0,0,,,,
C,3092,0.032949,0,0,0,,,,
C,3093,0.029336,0,0,0,,,,
C,3094,0.029556,0,0,0,,,,
C,3095,0.030527,0,0,0,,,,
C,3096,0.029318,0,0,0,,,,
C,3097,0.030701,0,0,0,,,,
C,3098,0.033158,0,0,0,,,,
C,3099,0.031343,0,0,0,,,,
C,3100,0.030549,0,0,0,,,,
C,3101,0.029047,0,0,0,,,,
C,3102,0.037130,0,0,0,,,,
C,3103,0.031587,0,0,0,,,,
C,3104,0.029621,0,0,0,,,,
C,3105,0.035716,0,0,0,,,,
C,3106,0.033196,0,0,0,,,,
C,3107,0.029352,0,0,0,,,,
C,3108,0.030799,0,0,0,,,,
C,3109,0.029981,0,0,0,,,,
C,3110,0.030429,0,0,0,,,,
C,3111,0.031339,0,0,0,,,,
C,3112,0.030325,0,0,0,,,,
C,3113,0.031559,0,0,0,,,,
C,3114,0.031432,0,0,0,,,,
C,3115,0.030220,0,0,0,,,,
C,3116,0.030054,0,0,0,,,,
C,3117,0.029752,0,0,0,,,,
C,3118,0.029304,0,0,0,,,,
C,3119,0.030521,0,0,0,,,,
C,3120,0.031845,0,0,0,,,,
C,3121,0.029593,0,0,0,,,,
C,3122,0.029885,0,0,0,,,,
C,3123,0.029897,0,0,0,,,,
C,3124,0.030676,0,0,0,,,,
C,3125,0.030269,0,0,0,,,,
C,3126,0.029248,0,0,0,,,,
C,3127,0.029766,0,0,0,,,,
C,3128,0.031351,0,0,0,,,,
C,3129,0.028613,0,0,0,,,,
C,3130,0.030898,0,0,0,,,,
C,3131,0.029632,0,0,0,,,,
C,3132,0.030018,0,0,0,,,,
C,3133,0.030571,0,0,0,,,,
C,3134,0.029985,0,0,0,,,,
C,3135,0.030429,0,0,0,,,,
C,3136,0.029218,0,0,0,,,,
C,3137,0.030649,0,0,0,,,,
C,3138,0.029944,0,0,0,,,,
C,3139,0.031543,0,0,0,,,,
C,3140,0.030552,0,0,0,,,,
C,3141,0.030399,0,0,0,,,,
C,3142,0.029961,0,0,0,,,,
C,3143,0.031031,0,0,0,,,,
C,3144,0.030000,0,0,0,,,,
C,3145,0.029142,0,0,0,,,,
C,3146,0.029295,0,0,0,,,,
C,3147,0.029210,0,0,0,,,,
C,3148,0.028630,0,0,0,,,,
C,3149,0.031574,0,0,0,,,,
C,3150,0.029809,0,0,0,,,,
C,3151,0.030156,0,0,0,,,,
C,3152,0.029528,0,0,0,,,,
C,3153,0.030942,0,0,0,,,,
C,3154,0.030333,0,0,0,,,,
C,3155,0.030576,0,0,0,,,,
C,3156,0.030549,0,0,0,,,,
C,3157,0.031351,0,0,0,,,,
C,3158,0.029619,0,0,0,,,,
C,3159,0.030394,0,0,0,,,,
C,3160,0.029850,0,0,0,,,,
C,3161,0.029645,0,0,0,,,,
C,3162,0.029776,0,0,0,,,,
C,3163,0.030248,0,0,0,,,,
C,3164,0.029033,0,0,0,,,,
C,3165,0.029113,0,0,0,,,,
C,3166,0.028873,0,0,0,,,,
C,3167,0.029790,0,0,0,,,,
C,3168,0.029183,0,0,0,,,,
C,3169,0.028938,0,0,0,,,,
C,3170,0.030219,0,0,0,,,,
C,3171,0.028510,0,0,0,,,,
C,3172,0.028877,0,0,0,,,,
C,3173,0.030881,0,0,0,,,,
C,3174,0.030318,0,0,0,,,,
C,3175,0.030091,0,0,0,,,,
C,3176,0.030784,0,0,0,,,,
C,3177,0.029094,0,0,0,,,,
C,3178,0.030223,0,0,0,,,,
C,3179,0.029627,0,0,0,,,,
C,3180,0.032236,0,0,0,,,,
C,3181,0.029980,0,0,0,,,,
C,3182,0.029839,0,0,0,,,,
C,3183,0.028853,0,0,0,,,,
C,3184,0.031021,0,0,0,,,,
C,3185,0.030401,0,0,0,,,,
C,3186,0.030820,0,0,0,,,,
C,3187,0.031337,0,0,0,,,,
C,3188,0.030262,0,0,0,,,,
C,3189,0.027964,0,0,0,,,,
C,3190,0.028643,0,0,0,,,,
C,3191,0.029551,0,0,0,,,,
C,3192,0.029395,0,0,0,,,,
C,3193,0.029173,0,0,0,,,,
C,3194,0.030442,0,0,0,,,,
C,3195,0.030338,0,0,0,,,,
C,3196,0.029250,0,0,0,,,,
C,3197,0.030804,0,0,0,,,,
C,3198,0.030989,0,0,0,,,,
C,3199,0.030754,0,0,0,,,,
C,3200,0.030654,0,0,0,,,,
C,3201,0.030173,0,0,0,,,,
C,3202,0.031885,0,0,0,,,,
C,3203,0.028358,0,0,0,,,,
C,3204,0.029900,0,0,0,,,,
C,3205,0.029609,0,0,0,,,,
C,3206,0.030289,0,0,0,,,,
C,3207,0.029440,0,0,0,,,,
C,3208,0.031791,0,0,0,,,,
C,3209,0.029113,0,0,0,,,,
C,3210,0.030321,0,0,0,,,,
C,3211,0.030925,0,0,0,,,,
C,3212,0.029788,0,0,0,,,,
C,3213,0.030959,0,0,0,,,,
C,3214,0.029086,0,0,0,,,,
C,3215,0.029359,0,0,0,,,,
C,3216,0.030435,0,0,0,,,,
C,3217,0.029605,0,0,0,,,,
C,3218,0.032875,0,0,0,,,,
C,3219,0.030688,0,0,0,,,,
C,3220,0.031410,0,0,0,,,,
C,3221,0.029941,0,0,0,,,,
C,3222,0.030441,0,0,0,,,,
C,3223,0.031167,0,0,0,,,,
C,3224,0.031194,0,0,0,,,,
C,3225,0.031864,0,0,0,,,,
C,3226,0.028781,0,0,0,,,,
C,3227,0.030163,0,0,0,,,,
C,3228,0.031796,0,0,0,,,,
C,3229,0.030346,0,0,0,,,,
C,3230,0.031147,0,0,0,,,,
C,3231,0.031263,0,0,0,,,,
C,3232,0.029078,0,0,0,,,,
C,3233,0.031697,0,0,0,,,,
C,3234,0.031078,0,0,0,,,,
C,3235,0.031047,0,0,0,,,,
C,3236,0.029563,0,0,0,,,,
C,3237,0.030419,0,0,0,,,,
C,3238,0.029446,0,0,0,,,,
C,3239,0.031029,0,0,0,,,,
C,3240,0.030262,0,0,0,,,,
C,3241,0.030266,0,0,0,,,,
C,3242,0.030604,0,0,0,,,,
C,3243,0.030600,0,0,0,,,,
C,3244,0.030754,0,0,0,,,,
C,3245,0.031365,0,0,0,,,,
C,3246,0.031533,0,0,0,,,,
C,3247,0.031898,0,0,0,,,,
C,3248,0.030637,0,0,0,,,,
C,3249,0.028426,0,0,0,,,,
C,3250,0.029473,0,0,0,,,,
C,3251,0.030710,0,0,0,,,,
C,3252,0.033171,0,0,0,,,,
C,3253,0.032496,0,0,0,,,,
C,3254,0.030312,0,0,0,,,,
C,3255,0.030645,0,0,0,,,,
C,3256,0.030198,0,0,0,,,,
C,3257,0.029460,0,0,0,,,,
C,3258,0.029075,0,0,0,,,,
C,3259,0.031092,0,0,0,,,,
C,3260,0.030073,0,0,0,,,,
C,3261,0.030886,0,0,0,,,,
C,3262,0.028921,0,0,0,,,,
C,3263,0.030921,0,0,0,,,,
C,3264,0.029649,0,0,0,,,,
C,3265,0.031675,0,0,0,,,,
C,3266,0.029724,0,0,0,,,,
C,3267,0.030243,0,0,0,,,,
C,3268,0.030052,0,0,0,,,,
C,3269,0.028440,0,0,0,,,,
C,3270,0.032186,0,0,0,,,,
C,3271,0.029034,0,0,0,,,,
C,3272,0.030347,0,0,0,,,,
C,3273,0.031098,0,0,0,,,,
C,3274,0.031776,0,0,0,,,,
C,3275,0.029353,0,0,0,,,,
C,3276,0.030078,0,0,0,,,,
C,3277,0.029729,0,0,0,,,,
C,3278,0.030326,0,0,0,,,,
C,3279,0.030297,0,0,0,,,,
C,3280,0.029370,0,0,0,,,,
C,3281,0.029959,0,0,0,,,,
C,3282,0.037735,0,0,0,,,,
C,3283,0.032272,0,0,0,,,,
C,3284,0.040240,0,0,0,,,,
C,3285,0.031711,0,0,0,,,,
C,3286,0.036650,0,0,0,,,,
C,3287,0.032377,0,0,0,,,,
C,3288,0.033389,0,0,0,,,,
C,3289,0.044304,0,0,0,,,,
C,3290,0.039429,0,0,0,,,,
C,3291,0.056156,0,0,0,,,,
C,3292,0.034299,0,0,0,,,,
C,3293,0.030079,0,0,0,,,,
C,3294,0.029617,0,0,0,,,,
C,3295,0.030103,0,0,0,,,,
C,3296,0.028998,0,0,0,,,,
C,3297,0.030623,0,0,0,,,,
C,3298,0.031630,0,0,0,,,,
C,3299,0.029878,0,0,0,,,,
C,3300,0.028966,0,0,0,,,,
C,3301,0.031984,0,0,0,,,,
C,3302,0.029738,0,0,0,,,,
C,3303,0.031613,0,0,0,,,,
C,3304,0.033449,0,0,0,,,,
C,3305,0.035388,0,0,0,,,,
C,3306,0.032809,0,0,0,,,,
C,3307,0.030081,0,0,0,,,,
C,3308,0.033130,0,0,0,,,,
C,3309,0.031132,0,0,0,,,,
C,3310,0.029872,0,0,0,,,,
C,3311,0.030431,0,0,0,,,,
C,3312,0.032602,0,0,0,,,,
C,3313,0.034907,0,0,0,,,,
C,3314,0.031723,0,0,0,,,,
C,3315,0.035660,0,0,0,,,,
C,3316,0.030609,0,0,0,,,,
C,3317,0.037370,0,0,0,,,,
C,3318,0.029178,0,0,0,,,,
C,3319,0.029433,0,0,0,,,,
C,3320,0.030194,0,0,0,,,,
C,3321,0.031017,0,0,0,,,,
C,3322,0.031177,0,0,0,,,,
C,3323,0.031748,0,0,0,,,,
C,3324,0.031365,0,0,0,,,,
C,3325,0.031679,0,0,0,,,,
C,3326,0.032117,0,0,0,,,,
C,3327,0.032347,0,0,0,,,,
C,3328,0.031686,0,0,0,,,,
C,3329,0.030701,0,0,0,,,,
C,3330,0.032801,0,0,0,,,,
C,3331,0.031373,0,0,0,,,,
C,3332,0.032047,0,0,0,,,,
C,3333,0.030729,0,0,0,,,,
C,3334,0.031871,0,0,0,,,,
C,3335,0.031031,0,0,0,,,,
C,3336,0.032281,0,0,0,,,,
C,3337,0.030774,0,0,0,,,,
C,3338,0.031788,0,0,0,,,,
C,3339,0.030355,0,0,0,,,,
C,3340,0.030801,0,0,0,,,,
C,3341,0.031758,0,0,0,,,,
C,3342,0.028837,0,0,0,,,,
C,3343,0.031614,0,0,0,,,,
C,3344,0.031478,0,0,0,,,,
C,3345,0.032742,0,0,0,,,,
C,3346,0.031125,0,0,0,,,,
C,3347,0.032333,0,0,0,,,,
C,3348,0.032742,0,0,0,,,,
C,3349,0.035809,0,0,0,,,,
C,3350,0.033214,0,0,0,,,,
C,3351,0.035431,0,0,0,,,,
C,3352,0.031799,0,0,0,,,,
C,3353,0.031681,0,0,0,,,,
C,3354,0.035104,0,0,0,,,,
C,3355,0.032496,0,0,0,,,,
C,3356,0.032453,0,0,0,,,,
C,3357,0.033416,0,0,0,,,,
C,3358,0.033087,0,0,0,,,,
C,3359,0.032060,0,0,0,,,,
C,3360,0.032415,0,0,0,,,,
C,3361,0.031443,0,0,0,,,,
C,3362,0.030549,0,0,0,,,,
C,3363,0.034293,0,0,0,,,,
C,3364,0.033319,0,0,0,,,,
C,3365,0.032913,0,0,0,,,,
C,3366,0.032216,0,0,0,,,,
C,3367,0.031830,0,0,0,,,,
C,3368,0.035742,0,0,0,,,,
C,3369,0.037078,0,0,0,,,,
C,3370,0.038941,0,0,0,,,,
C,3371,0.037929,0,0,0,,,,
C,3372,0.052712,0,0,0,,,,
C,3373,0.042487,0,0,0,,,,
C,3374,0.032912,0,0,0,,,,
C,3375,0.033471,0,0,0,,,,
C,3376,0.032924,0,0,0,,,,
C,3377,0.033370,0,0,0,,,,
C,3378,0.029140,0,0,0,,,,
C,3379,0.031465,0,0,0,,,,
C,3380,0.029782,0,0,0,,,,
C,3381,0.031040,0,0,0,,,,
C,3382,0.029978,0,0,0,,,,
C,3383,0.030181,0,0,0,,,,
C,3384,0.029748,0,0,0,,,,
C,3385,0.029554,0,0,0,,,,
C,3386,0.030678,0,0,0,,,,
C,3387,0.030673,0,0,0,,,,
C,3388,0.029403,0,0,0,,,,
C,3389,0.030897,0,0,0,,,,
C,3390,0.029779,0,0,0,,,,
C,3391,0.029719,0,0,0,,,,
C,3392,0.031171,0,0,0,,,,
C,3393,0.030122,0,0,0,,,,
C,3394,0.029068,0,0,0,,,,
C,3395,0.029668,0,0,0,,,,
C,3396,0.032047,0,0,0,,,,
C,3397,0.031865,0,0,0,,,,
C,3398,0.033695,0,0,0,,,,
C,3399,0.033861,0,0,0,,,,
C,3400,0.034548,0,0,0,,,,
C,3401,0.034774,0,0,0,,,,
C,3402,0.031367,0,0,0,,,,
C,3403,0.030801,0,0,0,,,,
C,3404,0.030497,0,0,0,,,,
C,3405,0.030686,0,0,0,,,,
C,3406,0.031891,0,0,0,,,,
C,3407,0.029098,0,0,0,,,,
C,3408,0.031641,0,0,0,,,,
C,3409,0.029964,0,0,0,,,,
C,3410,0.029509,0,0,0,,,,
C,3411,0.030423,0,0,0,,,,
C,3412,0.029596,0,0,0,,,,
C,3413,0.028725,0,0,0,,,,
C,3414,0.031569,0,0,0,,,,
C,3415,0.029794,0,0,0,,,,
C,3416,0.030143,0,0,0,,,,
C,3417,0.030152,0,0,0,,,,
C,3418,0.032504,0,0,0,,,,
C,3419,0.030285,0,0,0,,,,
C,3420,0.029746,0,0,0,,,,
C,3421,0.030117,0,0,0,,,,
C,3422,0.031971,0,0,0,,,,
C,3423,0.031565,0,0,0,,,,
C,3424,0.031599,0,0,0,,,,
C,3425,0.031268,0,0,0,,,,
C,3426,0.030558,0,0,0,,,,
C,3427,0.030680,0,0,0,,,,
C,3428,0.031922,0,0,0,,,,
C,3429,0.032421,0,0,0,,,,
C,3430,0.031172,0,0,0,,,,
C,3431,0.032782,0,0,0,,,,
C,3432,0.031487,0,0,0,,,,
C,3433,0.030579,0,0,0,,,,
C,3434,0.029612,0,0,0,,,,
C,3435,0.030145,0,0,0,,,,
C,3436,0.033091,0,0,0,,,,
C,3437,0.031164,0,0,0,,,,
C,3438,0.029692,0,0,0,,,,
C,3439,0.030292,0,0,0,,,,
C,3440,0.029744,0,0,0,,,,
C,3441,0.030059,0,0,0,,,,
C,3442,0.030711,0,0,0,,,,
C,3443,0.033568,0,0,0,,,,
C,3444,0.031714,0,0,0,,,,
C,3445,0.028673,0,0,0,,,,
C,3446,0.030471,0,0,0,,,,
C,3447,0.031694,0,0,0,,,,
C,3448,0.029388,0,0,0,,,,
C,3449,0.029351,0,0,0,,,,
C,3450,0.029470,0,0,0,,,,
C,3451,0.028159,0,0,0,,,,
C,3452,0.028361,0,0,0,,,,
C,3453,0.031103,0,0,0,,,,
C,3454,0.030959,0,0,0,,,,
C,3455,0.031473,0,0,0,,,,
C,3456,0.031513,0,0,0,,,,
C,3457,0.032131,0,0,0,,,,
C,3458,0.032822,0,0,0,,,,
C,3459,0.033463,0,0,0,,,,
C,3460,0.054925,0,0,0,,,,
C,3461,0.032213,0,0,0,,,,
C,3462,0.034624,0,0,0,,,,
C,3463,0.036754,0,0,0,,,,
C,3464,0.034090,0,0,0,,,,
C,3465,0.035252,0,0,0,,,,
C,3466,0.034758,0,0,0,,,,
C,3467,0.036310,0,0,0,,,,
C,3468,0.029537,0,0,0,,,,
C,3469,0.030730,0,0,0,,,,
C,3470,0.030301,0,0,0,,,,
C,3471,0.029916,0,0,0,,,,
C,3472,0.030468,0,0,0,,,,
C,3473,0.030514,0,0,0,,,,
C,3474,0.029664,0,0,0,,,,
C,3475,0.033320,0,0,0,,,,
C,3476,0.028871,0,0,0,,,,
C,3477,0.031350,0,0,0,,,,
C,3478,0.030880,0,0,0,,,,
C,3479,0.032309,0,0,0,,,,
C,3480,0.033069,0,0,0,,,,
C,3481,0.033643,0,0,0,,,,
C,3482,0.029256,0,0,0,,,,
C,3483,0.029522,0,0,0,,,,
C,3484,0.030010,0,0,0,,,,
C,3485,0.031020,0,0,0,,,,
C,3486,0.030685,0,0,0,,,,
C,3487,0.030330,0,0,0,,,,
C,3488,0.031621,0,0,0,,,,
C,3489,0.030019,0,0,0,,,,
C,3490,0.029039,0,0,0,,,,
C,3491,0.030650,0,0,0,,,,
C,3492,0.030729,0,0,0,,,,
C,3493,0.031060,0,0,0,,,,
C,3494,0.031170,0,0,0,,,,
C,3495,0.028396,0,0,0,,,,
C,3496,0.029932,0,0,0,,,,
C,3497,0.032550,0,0,0,,,,
C,3498,0.029416,0,0,0,,,,
C,3499,0.032322,0,0,0,,,,
C,3500,0.029190,0,0,0,,,,
C,3501,0.030457,0,0,0,,,,
C,3502,0.029925,0,0,0,,,,
C,3503,0.030791,0,0,0,,,,
C,3504,0.029980,0,0,0,,,,
C,3505,0.033726,0,0,0,,,,
C,3506,0.030983,0,0,0,,,,
C,3507,0.031042,0,0,0,,,,
C,3508,0.031022,0,0,0,,,,
C,3509,0.031774,0,0,0,,,,
C,3510,0.032223,0,0,0,,,,
C,3511,0.032011,0,0,0,,,,
C,3512,0.031260,0,0,0,,,,
C,3513,0.032738,0,0,0,,,,
C,3514,0.032376,0,0,0,,,,
C,3515,0.033904,0,0,0,,,,
C,3516,0.034351,0,0,0,,,,
C,3517,0.034062,0,0,0,,,,
C,3518,0.032557,0,0,0,,,,
C,3519,0.031917,0,0,0,,,,
C,3520,0.043075,0,0,0,,,,
C,3521,0.040130,0,0,0,,,,
C,3522,0.037316,0,0,0,,,,
C,3523,0.035131,0,0,0,,,,
C,3524,0.034127,0,0,0,,,,
C,3525,0.032655,0,0,0,,,,
C,3526,0.031861,0,0,0,,,,
C,3527,0.031473,0,0,0,,,,
C,3528,0.031615,0,0,0,,,,
C,3529,0.029470,0,0,0,,,,
C,3530,0.030560,0,0,0,,,,
C,3531,0.032170,0,0,0,,,,
C,3532,0.032309,0,0,0,,,,
C,3533,0.029514,0,0,0,,,,
C,3534,0.031408,0,0,0,,,,
C,3535,0.030807,0,0,0,,,,
C,3536,0.029475,0,0,0,,,,
C,3537,0.031757,0,0,0,,,,
C,3538,0.032714,0,0,0,,,,
C,3539,0.031928,0,0,0,,,,
C,3540,0.030358,0,0,0,,,,
C,3541,0.033541,0,0,0,,,,
C,3542,0.031312,0,0,0,,,,
C,3543,0.031259,0,0,0,,,,
C,3544,0.030599,0,0,0,,,,
C,3545,0.031245,0,0,0,,,,
C,3546,0.031509,0,0,0,,,,
C,3547,0.030947,0,0,0,,,,
C,3548,0.031384,0,0,0,,,,
C,3549,0.031542,0,0,0,,,,
C,3550,0.030786,0,0,0,,,,
C,3551,0.031078,0,0,0,,,,
C,3552,0.034485,0,0,0,,,,
C,3553,0.044464,0,0,0,,,,
C,3554,0.031101,0,0,0,,,,
C,3555,0.033228,0,0,0,,,,
C,3556,0.031348,0,0,0,,,,
C,3557,0.031018,0,0,0,,,,
C,3558,0.032468,0,0,0,,,,
C,3559,0.030631,0,0,0,,,,
C,3560,0.030674,0,0,0,,,,
C,3561,0.031023,0,0,0,,,,
C,3562,0.032008,0,0,0,,,,
C,3563,0.031597,0,0,0,,,,
C,3564,0.032014,0,0,0,,,,
C,3565,0.031192,0,0,0,,,,
C,3566,0.031476,0,0,0,,,,
C,3567,0.032609,0,0,0,,,,
C,3568,0.031506,0,0,0,,,,
C,3569,0.030358,0,0,0,,,,
C,3570,0.030521,0,0,0,,,,
C,3571,0.032516,0,0,0,,,,
C,3572,0.030497,0,0,0,,,,
C,3573,0.030984,0,0,0,,,,
C,3574,0.030528,0,0,0,,,,
C,3575,0.028745,0,0,0,,,,
C,3576,0.030374,0,0,0,,,,
C,3577,0.028804,0,0,0,,,,
C,3578,0.028983,0,0,0,,,,
C,3579,0.029560,0,0,0,,,,
C,3580,0.029363,0,0,0,,,,
C,3581,0.029956,0,0,0,,,,
C,3582,0.029830,0,0,0,,,,
C,3583,0.029024,0,0,0,,,,
C,3584,0.030790,0,0,0,,,,
C,3585,0.030377,0,0,0,,,,
C,3586,0.030575,0,0,0,,,,
C,3587,0.030199,0,0,0,,,,
C,3588,0.028933,0,0,0,,,,
C,3589,0.032999,0,0,0,,,,
C,3590,0.030835,0,0,0,,,,
C,3591,0.031451,0,0,0,,,,
C,3592,0.030442,0,0,0,,,,
C,3593,0.031146,0,0,0,,,,
C,3594,0.030725,0,0,0,,,,
C,3595,0.031682,0,0,0,,,,
C,3596,0.032229,0,0,0,,,,
C,3597,0.030704,0,0,0,,,,
C,3598,0.029146,0,0,0,,,,
C,3599,0.030899,0,0,0,,,,
C,3600,0.030272,0,0,0,,,,
C,3601,0.028439,0,0,0,,,,
C,3602,0.031030,0,0,0,,,,
C,3603,0.031675,0,0,0,,,,
C,3604,0.030099,0,0,0,,,,
C,3605,0.030923,0,0,0,,,,
C,3606,0.032122,0,0,0,,,,
C,3607,0.029893,0,0,0,,,,
C,3608,0.031096,0,0,0,,,,
C,3609,0.030958,0,0,0,,,,
C,3610,0.033593,0,0,0,,,,
C,3611,0.029376,0,0,0,,,,
C,3612,0.031815,0,0,0,,,,
C,3613,0.034351,0,0,0,,,,
C,3614,0.033643,0,0,0,,,,
C,3615,0.040786,0,0,0,,,,
C,3616,0.031821,0,0,0,,,,
C,3617,0.033972,0,0,0,,,,
C,3618,0.033222,0,0,0,,,,
C,3619,0.033162,0,0,0,,,,
C,3620,0.030798,0,0,0,,,,
C,3621,0.032194,0,0,0,,,,
C,3622,0.032139,0,0,0,,,,
C,3623,0.031997,0,0,0,,,,
C,3624,0.037243,0,0,0,,,,
C,3625,0.038964,0,0,0,,,,
C,3626,0.037005,0,0,0,,,,
C,3627,0.031351,0,0,0,,,,
C,3628,0.032990,0,0,0,,,,
C,3629,0.031624,0,0,0,,,,
C,3630,0.031801,0,0,0,,,,
C,3631,0.030921,0,0,0,,,,
C,3632,0.033152,0,0,0,,,,
C,3633,0.031977,0,0,0,,,,
C,3634,0.033003,0,0,0,,,,
C,3635,0.032366,0,0,0,,,,
C,3636,0.035179,0,0,0,,,,
C,3637,0.034363,0,0,0,,,,
C,3638,0.032909,0,0,0,,,,
C,3639,0.032684,0,0,0,,,,
C,3640,0.033371,0,0,0,,,,
C,3641,0.031526,0,0,0,,,,
C,3642,0.032103,0,0,0,,,,
C,3643,0.031719,0,0,0,,,,
C,3644,0.030709,0,0,0,,,,
C,3645,0.030453,0,0,0,,,,
C,3646,0.029769,0,0,0,,,,
C,3647,0.035398,0,0,0,,,,
C,3648,0.029697,0,0,0,,,,
C,3649,0.032778,0,0,0,,,,
C,3650,0.032581,0,0,0,,,,
C,3651,0.035051,0,0,0,,,,
C,3652,0.038364,0,0,0,,,,
C,3653,0.038962,0,0,0,,,,
C,3654,0.032452,0,0,0,,,,
C,3655,0.032205,0,0,0,,,,
C,3656,0.030706,0,0,0,,,,
C,3657,0.042378,0,0,0,,,,
C,3658,0.039216,0,0,0,,,,
C,3659,0.038909,0,0,0,,,,
C,3660,0.032002,0,0,0,,,,
C,3661,0.029099,0,0,0,,,,
C,3662,0.036911,0,0,0,,,,
C,3663,0.029236,0,0,0,,,,
C,3664,0.030046,0,0,0,,,,
C,3665,0.030769,0,0,0,,,,
C,3666,0.029582,0,0,0,,,,
C,3667,0.031409,0,0,0,,,,
C,3668,0.030827,0,0,0,,,,
C,3669,0.031025,0,0,0,,,,
C,3670,0.034676,0,0,0,,,,
C,3671,0.038979,0,0,0,,,,
C,3672,0.036571,0,0,0,,,,
C,3673,0.049933,0,0,0,,,,
C,3674,0.032706,0,0,0,,,,
C,3675,0.032504,0,0,0,,,,
C,3676,0.032200,0,0,0,,,,
C,3677,0.031648,0,0,0,,,,
C,3678,0.030873,0,0,0,,,,
C,3679,0.032172,0,0,0,,,,
C,3680,0.034568,0,0,0,,,,
C,3681,0.031770,0,0,0,,,,
C,3682,0.031160,0,0,0,,,,
C,3683,0.032507,0,0,0,,,,
C,3684,0.032596,0,0,0,,,,
C,3685,0.032704,0,0,0,,,,
C,3686,0.032808,0,0,0,,,,
C,3687,0.031878,0,0,0,,,,
C,3688,0.030454,0,0,0,,,,
C,3689,0.030416,0,0,0,,,,
C,3690,0.030866,0,0,0,,,,
C,3691,0.033945,0,0,0,,,,
C,3692,0.031560,0,0,0,,,,
C,3693,0.032018,0,0,0,,,,
C,3694,0.032948,0,0,0,,,,
C,3695,0.031643,0,0,0,,,,
C,3696,0.029949,0,0,0,,,,
C,3697,0.033850,0,0,0,,,,
C,3698,0.031277,0,0,0,,,,
C,3699,0.031043,0,0,0,,,,
C,3700,0.029942,0,0,0,,,,
C,3701,0.030317,0,0,0,,,,
C,3702,0.033216,0,0,0,,,,
C,3703,0.030949,0,0,0,,,,
C,3704,0.029626,0,0,0,,,,
C,3705,0.029955,0,0,0,,,,
C,3706,0.030712,0,0,0,,,,
C,3707,0.030095,0,0,0,,,,
C,3708,0.029871,0,0,0,,,,
C,3709,0.029377,0,0,0,,,,
C,3710,0.031432,0,0,0,,,,
C,3711,0.031091,0,0,0,,,,
C,3712,0.030340,0,0,0,,,,
C,3713,0.029948,0,0,0,,,,
C,3714,0.029965,0,0,0,,,,
C,3715,0.029463,0,0,0,,,,
C,3716,0.031240,0,0,0,,,,
C,3717,0.030631,0,0,0,,,,
C,3718,0.031914,0,0,0,,,,
C,3719,0.030178,0,0,0,,,,
C,3720,0.029168,0,0,0,,,,
C,3721,0.028837,0,0,0,,,,
C,3722,0.029172,0,0,0,,,,
C,3723,0.031135,0,0,0,,,,
C,3724,0.030649,0,0,0,,,,
C,3725,0.030607,0,0,0,,,,
C,3726,0.029216,0,0,0,,,,
C,3727,0.030234,0,0,0,,,,
C,3728,0.029442,0,0,0,,,,
C,3729,0.031328,0,0,0,,,,
C,3730,0.031541,0,0,0,,,,
C,3731,0.031629,0,0,0,,,,
C,3732,0.028433,0,0,0,,,,
C,3733,0.028947,0,0,0,,,,
C,3734,0.029105,0,0,0,,,,
C,3735,0.031065,0,0,0,,,,
C,3736,0.030299,0,0,0,,,,
C,3737,0.029005,0,0,0,,,,
C,3738,0.031233,0,0,0,,,,
C,3739,0.030022,0,0,0,,,,
C,3740,0.031991,0,0,0,,,,
C,3741,0.028272,0,0,0,,,,
C,3742,0.030523,0,0,0,,,,
C,3743,0.028601,0,0,0,,,,
C,3744,0.028618,0,0,0,,,,
C,3745,0.029963,0,0,0,,,,
C,3746,0.031077,0,0,0,,,,
C,3747,0.027897,0,0,0,,,,
C,3748,0.028765,0,0,0,,,,
C,3749,0.030860,0,0,0,,,,
C,3750,0.030040,0,0,0,,,,
C,3751,0.030716,0,0,0,,,,
C,3752,0.029714,0,0,0,,,,
C,3753,0.030139,0,0,0,,,,
C,3754,0.030035,0,0,0,,,,
C,3755,0.030746,0,0,0,,,,
C,3756,0.032050,0,0,0,,,,
C,3757,0.028864,0,0,0,,,,
C,3758,0.030461,0,0,0,,,,
C,3759,0.028726,0,0,0,,,,
C,3760,0.029687,0,0,0,,,,
C,3761,0.028101,0,0,0,,,,
C,3762,0.029673,0,0,0,,,,
C,3763,0.030312,0,0,0,,,,
C,3764,0.030141,0,0,0,,,,
C,3765,0.029770,0,0,0,,,,
C,3766,0.028832,0,0,0,,,,
C,3767,0.030504,0,0,0,,,,
C,3768,0.030832,0,0,0,,,,
C,3769,0.028956,0,0,0,,,,
C,3770,0.028663,0,0,0,,,,
C,3771,0.029119,0,0,0,,,,
C,3772,0.029364,0,0,0,,,,
C,3773,0.028611,0,0,0,,,,
C,3774,0.029794,0,0,0,,,,
C,3775,0.029690,0,0,0,,,,
C,3776,0.030973,0,0,0,,,,
C,3777,0.029594,0,0,0,,,,
C,3778,0.031705,0,0,0,,,,
C,3779,0.030859,0,0,0,,,,
C,3780,0.030814,0,0,0,,,,
C,3781,0.030230,0,0,0,,,,
C,3782,0.029723,0,0,0,,,,
C,3783,0.030171,0,0,0,,,,
C,3784,0.030399,0,0,0,,,,
C,3785,0.031901,0,0,0,,,,
C,3786,0.030639,0,0,0,,,,
C,3787,0.032038,0,0,0,,,,
C,3788,0.031949,0,0,0,,,,
C,3789,0.030796,0,0,0,,,,
C,3790,0.032613,0,0,0,,,,
C,3791,0.029235,0,0,0,,,,
C,3792,0.029296,0,0,0,,,,
C,3793,0.030080,0,0,0,,,,
C,3794,0.030321,0,0,0,,,,
C,3795,0.030886,0,0,0,,,,
C,3796,0.032950,0,0,0,,,,
C,3797,0.028516,0,0,0,,,,
C,3798,0.030013,0,0,0,,,,
C,3799,0.030446,0,0,0,,,,
C,3800,0.033084,0,0,0,,,,
C,3801,0.030544,0,0,0,,,,
C,3802,0.032071,0,0,0,,,,
C,3803,0.029274,0,0,0,,,,
C,3804,0.032325,0,0,0,,,,
C,3805,0.031900,0,0,0,,,,
C,3806,0.031545,0,0,0,,,,
C,3807,0.034048,0,0,0,,,,
C,3808,0.031291,0,0,0,,,,
C,3809,0.030612,0,0,0,,,,
C,3810,0.028133,0,0,0,,,,
C,3811,0.029815,0,0,0,,,,
C,3812,0.030032,0,0,0,,,,
C,3813,0.029905,0,0,0,,,,
C,3814,0.030209,0,0,0,,,,
C,3815,0.028994,0,0,0,,,,
C,3816,0.031179,0,0,0,,,,
C,3817,0.029939,0,0,0,,,,
C,3818,0.030226,0,0,0,,,,
C,3819,0.029506,0,0,0,,,,
C,3820,0.029840,0,0,0,,,,
C,3821,0.031815,0,0,0,,,,
C,3822,0.030081,0,0,0,,,,
C,3823,0.030946,0,0,0,,,,
C,3824,0.032031,0,0,0,,,,
C,3825,0.029803,0,0,0,,,,
C,3826,0.029868,0,0,0,,,,
C,3827,0.031109,0,0,0,,,,
C,3828,0.031658,0,0,0,,,,
C,3829,0.028947,0,0,0,,,,
C,3830,0.029450,0,0,0,,,,
C,3831,0.030753,0,0,0,,,,
C,3832,0.030373,0,0,0,,,,
C,3833,0.030127,0,0,0,,,,
C,3834,0.029543,0,0,0,,,,
C,3835,0.029995,0,0,0,,,,
C,3836,0.028713,0,0,0,,,,
C,3837,0.029327,0,0,0,,,,
C,3838,0.030335,0,0,0,,,,
C,3839,0.029578,0,0,0,,,,
C,3840,0.031080,0,0,0,,,,
C,3841,0.040319,0,0,0,,,,
C,3842,0.039755,0,0,0,,,,
C,3843,0.030820,0,0,0,,,,
C,3844,0.031608,0,0,0,,,,
C,3845,0.029549,0,0,0,,,,
C,3846,0.033253,0,0,0,,,,
C,3847,0.030476,0,0,0,,,,
C,3848,0.032694,0,0,0,,,,
C,3849,0.032137,0,0,0,,,,
C,3850,0.032200,0,0,0,,,,
C,3851,0.040619,0,0,0,,,,
C,3852,0.031748,0,0,0,,,,
C,3853,0.032676,0,0,0,,,,
C,3854,0.031644,0,0,0,,,,
C,3855,0.036530,0,0,0,,,,
C,3856,0.038923,0,0,0,,,,
C,3857,0.033358,0,0,0,,,,
C,3858,0.037865,0,0,0,,,,
C,3859,0.034265,0,0,0,,,,
C,3860,0.031970,0,0,0,,,,
C,3861,0.036922,0,0,0,,,,
C,3862,0.033973,0,0,0,,,,
C,3863,0.034731,0,0,0,,,,
C,3864,0.032820,0,0,0,,,,
C,3865,0.032570,0,0,0,,,,
C,3866,0.031217,0,0,0,,,,
C,3867,0.031209,0,0,0,,,,
C,3868,0.034682,0,0,0,,,,
C,3869,0.034867,0,0,0,,,,
C,3870,0.033384,0,0,0,,,,
C,3871,0.032317,0,0,0,,,,
C,3872,0.031844,0,0,0,,,,
C,3873,0.028837,0,0,0,,,,
C,3874,0.029994,0,0,0,,,,
C,3875,0.029342,0,0,0,,,,
C,3876,0.031691,0,0,0,,,,
C,3877,0.030132,0,0,0,,,,
C,3878,0.030090,0,0,0,,,,
C,3879,0.030249,0,0,0,,,,
C,3880,0.029509,0,0,0,,,,
C,3881,0.030216,0,0,0,,,,
C,3882,0.030076,0,0,0,,,,
C,3883,0.031666,0,0,0,,,,
C,3884,0.030599,0,0,0,,,,
C,3885,0.031454,0,0,0,,,,
C,3886,0.030914,0,0,0,,,,
C,3887,0.029659,0,0,0,,,,
C,3888,0.029495,0,0,0,,,,
C,3889,0.028741,0,0,0,,,,
C,3890,0.031612,0,0,0,,,,
C,3891,0.033357,0,0,0,,,,
C,3892,0.031889,0,0,0,,,,
C,3893,0.031693,0,0,0,,,,
C,3894,0.030601,0,0,0,,,,
C,3895,0.031232,0,0,0,,,,
C,3896,0.029975,0,0,0,,,,
C,3897,0.029983,0,0,0,,,,
C,3898,0.029215,0,0,0,,,,
C,3899,0.029583,0,0,0,,,,
C,3900,0.030664,0,0,0,,,,
C,3901,0.030147,0,0,0,,,,
C,3902,0.029918,0,0,0,,,,
C,3903,0.030253,0,0,0,,,,
C,3904,0.030365,0,0,0,,,,
C,3905,0.029167,0,0,0,,,,
C,3906,0.031621,0,0,0,,,,
C,3907,0.031938,0,0,0,,,,
C,3908,0.029868,0,0,0,,,,
C,3909,0.029034,0,0,0,,,,
C,3910,0.030074,0,0,0,,,,
C,3911,0.030309,0,0,0,,,,
C,3912,0.032376,0,0,0,,,,
C,3913,0.030032,0,0,0,,,,
C,3914,0.030110,0,0,0,,,,
C,3915,0.028962,0,0,0,,,,
C,3916,0.029284,0,0,0,,,,
C,3917,0.029115,0,0,0,,,,
C,3918,0.030223,0,0,0,,,,
C,3919,0.030121,0,0,0,,,,
C,3920,0.031225,0,0,0,,,,
C,3921,0.029343,0,0,0,,,,
C,3922,0.030354,0,0,0,,,,
C,3923,0.028585,0,0,0,,,,
C,3924,0.032432,0,0,0,,,,
C,3925,0.029518,0,0,0,,,,
C,3926,0.029728,0,0,0,,,,
C,3927,0.031044,0,0,0,,,,
C,3928,0.030546,0,0,0,,,,
C,3929,0.030847,0,0,0,,,,
C,3930,0.029925,0,0,0,,,,
C,3931,0.030792,0,0,0,,,,
C,3932,0.033880,0,0,0,,,,
C,3933,0.030626,0,0,0,,,,
C,3934,0.030093,0,0,0,,,,
C,3935,0.030943,0,0,0,,,,
C,3936,0.028402,0,0,0,,,,
C,3937,0.030975,0,0,0,,,,
C,3938,0.029759,0,0,0,,,,
C,3939,0.028849,0,0,0,,,,
C,3940,0.029307,0,0,0,,,,
C,3941,0.029309,0,0,0,,,,
C,3942,0.030084,0,0,0,,,,
C,3943,0.029479,0,0,0,,,,
C,3944,0.031631,0,0,0,,,,
C,3945,0.029158,0,0,0,,,,
C,3946,0.030902,0,0,0,,,,
C,3947,0.030371,0,0,0,,,,
C,3948,0.029976,0,0,0,,,,
C,3949,0.029984,0,0,0,,,,
C,3950,0.032194,0,0,0,,,,
C,3951,0.029942,0,0,0,,,,
C,3952,0.028686,0,0,0,,,,
C,3953,0.029099,0,0,0,,,,
C,3954,0.029289,0,0,0,,,,
C,3955,0.030548,0,0,0,,,,
C,3956,0.030997,0,0,0,,,,
C,3957,0.030226,0,0,0,,,,
C,3958,0.030403,0,0,0,,,,
C,3959,0.028641,0,0,0,,,,
C,3960,0.028868,0,0,0,,,,
C,3961,0.030787,0,0,0,,,,
C,3962,0.029622,0,0,0,,,,
C,3963,0.029211,0,0,0,,,,
C,3964,0.029621,0,0,0,,,,
C,3965,0.030029,0,0,0,,,,
C,3966,0.028980,0,0,0,,,,
C,3967,0.030587,0,0,0,,,,
C,3968,0.029821,0,0,0,,,,
C,3969,0.031025,0,0,0,,,,
C,3970,0.029053,0,0,0,,,,
C,3971,0.029339,0,0,0,,,,
C,3972,0.031347,0,0,0,,,,
C,3973,0.030949,0,0,0,,,,
C,3974,0.030856,0,0,0,,,,
C,3975,0.030898,0,0,0,,,,
C,3976,0.030027,0,0,0,,,,
C,3977,0.030367,0,0,0,,,,
C,3978,0.029717,0,0,0,,,,
C,3979,0.029958,0,0,0,,,,
C,3980,0.030318,0,0,0,,,,
C,3981,0.031085,0,0,0,,,,
C,3982,0.030566,0,0,0,,,,
C,3983,0.029460,0,0,0,,,,
C,3984,0.029346,0,0,0,,,,
C,3985,0.031742,0,0,0,,,,
C,3986,0.030529,0,0,0,,,,
C,3987,0.030064,0,0,0,,,,
C,3988,0.029795,0,0,0,,,,
C,3989,0.030041,0,0,0,,,,
C,3990,0.030540,0,0,0,,,,
C,3991,0.029890,0,0,0,,,,
C,3992,0.030097,0,0,0,,,,
C,3993,0.028664,0,0,0,,,,
C,3994,0.031155,0,0,0,,,,
C,3995,0.031512,0,0,0,,,,
C,3996,0.031679,0,0,0,,,,
C,3997,0.033399,0,0,0,,,,
C,3998,0.028867,0,0,0,,,,
C,3999,0.030365,0,0,0,,,,
C,4000,0.033008,0,0,0,211.9,2.425e-11,"{'checked': 26, 'zsx_rejected': 6, 'default_rejected': 0, 'closed_form_forced': 0, 'inexact': 9, 'exact_rebuilt': 0, 'best_effort': 0, 'best_effort_worst': 0.0, 'psf_rerouted': 0, 'psf_rerouted_worst_residual': 0.0}",188
C,4001,0.033124,0,0,0,,,,
C,4002,0.032062,0,0,0,,,,
C,4003,0.033394,0,0,0,,,,
C,4004,0.032903,0,0,0,,,,
C,4005,0.031920,0,0,0,,,,
C,4006,0.031348,0,0,0,,,,
C,4007,0.032218,0,0,0,,,,
C,4008,0.032265,0,0,0,,,,
C,4009,0.031559,0,0,0,,,,
C,4010,0.032403,0,0,0,,,,
C,4011,0.033227,0,0,0,,,,
C,4012,0.030436,0,0,0,,,,
C,4013,0.031912,0,0,0,,,,
C,4014,0.032371,0,0,0,,,,
C,4015,0.040334,0,0,0,,,,
C,4016,0.043796,0,0,0,,,,
C,4017,0.042589,0,0,0,,,,
C,4018,0.044051,0,0,0,,,,
C,4019,0.035200,0,0,0,,,,
C,4020,0.031912,0,0,0,,,,
C,4021,0.033668,0,0,0,,,,
C,4022,0.031690,0,0,0,,,,
C,4023,0.030805,0,0,0,,,,
C,4024,0.031599,0,0,0,,,,
C,4025,0.030717,0,0,0,,,,
C,4026,0.029542,0,0,0,,,,
C,4027,0.029078,0,0,0,,,,
C,4028,0.029620,0,0,0,,,,
C,4029,0.031449,0,0,0,,,,
C,4030,0.030365,0,0,0,,,,
C,4031,0.029596,0,0,0,,,,
C,4032,0.030065,0,0,0,,,,
C,4033,0.031334,0,0,0,,,,
C,4034,0.032572,0,0,0,,,,
C,4035,0.031103,0,0,0,,,,
C,4036,0.033659,0,0,0,,,,
C,4037,0.030433,0,0,0,,,,
C,4038,0.028722,0,0,0,,,,
C,4039,0.028896,0,0,0,,,,
C,4040,0.030198,0,0,0,,,,
C,4041,0.030727,0,0,0,,,,
C,4042,0.029279,0,0,0,,,,
C,4043,0.030101,0,0,0,,,,
C,4044,0.029791,0,0,0,,,,
C,4045,0.037489,0,0,0,,,,
C,4046,0.038237,0,0,0,,,,
C,4047,0.036679,0,0,0,,,,
C,4048,0.032078,0,0,0,,,,
C,4049,0.031440,0,0,0,,,,
C,4050,0.031870,0,0,0,,,,
C,4051,0.030763,0,0,0,,,,
C,4052,0.028004,0,0,0,,,,
C,4053,0.028252,0,0,0,,,,
C,4054,0.029701,0,0,0,,,,
C,4055,0.032192,0,0,0,,,,
C,4056,0.030907,0,0,0,,,,
C,4057,0.029669,0,0,0,,,,
C,4058,0.030187,0,0,0,,,,
C,4059,0.032830,0,0,0,,,,
C,4060,0.033423,0,0,0,,,,
C,4061,0.031733,0,0,0,,,,
C,4062,0.031363,0,0,0,,,,
C,4063,0.032932,0,0,0,,,,
C,4064,0.034850,0,0,0,,,,
C,4065,0.032479,0,0,0,,,,
C,4066,0.034039,0,0,0,,,,
C,4067,0.033730,0,0,0,,,,
C,4068,0.031013,0,0,0,,,,
C,4069,0.028759,0,0,0,,,,
C,4070,0.030254,0,0,0,,,,
C,4071,0.030472,0,0,0,,,,
C,4072,0.030206,0,0,0,,,,
C,4073,0.030262,0,0,0,,,,
C,4074,0.029845,0,0,0,,,,
C,4075,0.028763,0,0,0,,,,
C,4076,0.032580,0,0,0,,,,
C,4077,0.029868,0,0,0,,,,
C,4078,0.029919,0,0,0,,,,
C,4079,0.031051,0,0,0,,,,
C,4080,0.031280,0,0,0,,,,
C,4081,0.030090,0,0,0,,,,
C,4082,0.032031,0,0,0,,,,
C,4083,0.030774,0,0,0,,,,
C,4084,0.032847,0,0,0,,,,
C,4085,0.032716,0,0,0,,,,
C,4086,0.032266,0,0,0,,,,
C,4087,0.031904,0,0,0,,,,
C,4088,0.035548,0,0,0,,,,
C,4089,0.046283,0,0,0,,,,
C,4090,0.031418,0,0,0,,,,
C,4091,0.033229,0,0,0,,,,
C,4092,0.034516,0,0,0,,,,
C,4093,0.033311,0,0,0,,,,
C,4094,0.029714,0,0,0,,,,
C,4095,0.029316,0,0,0,,,,
C,4096,0.034270,0,0,0,,,,
C,4097,0.032886,0,0,0,,,,
C,4098,0.030363,0,0,0,,,,
C,4099,0.031865,0,0,0,,,,
C,4100,0.032451,0,0,0,,,,
C,4101,0.030259,0,0,0,,,,
C,4102,0.030680,0,0,0,,,,
C,4103,0.030247,0,0,0,,,,
C,4104,0.033505,0,0,0,,,,
C,4105,0.032301,0,0,0,,,,
C,4106,0.029672,0,0,0,,,,
C,4107,0.028913,0,0,0,,,,
C,4108,0.027956,0,0,0,,,,
C,4109,0.028390,0,0,0,,,,
C,4110,0.029215,0,0,0,,,,
C,4111,0.029450,0,0,0,,,,
C,4112,0.028466,0,0,0,,,,
C,4113,0.029910,0,0,0,,,,
C,4114,0.029379,0,0,0,,,,
C,4115,0.030245,0,0,0,,,,
C,4116,0.029693,0,0,0,,,,
C,4117,0.028758,0,0,0,,,,
C,4118,0.029217,0,0,0,,,,
C,4119,0.031290,0,0,0,,,,
C,4120,0.029280,0,0,0,,,,
C,4121,0.028960,0,0,0,,,,
C,4122,0.028322,0,0,0,,,,
C,4123,0.029481,0,0,0,,,,
C,4124,0.029743,0,0,0,,,,
C,4125,0.030344,0,0,0,,,,
C,4126,0.028535,0,0,0,,,,
C,4127,0.029111,0,0,0,,,,
C,4128,0.029327,0,0,0,,,,
C,4129,0.027664,0,0,0,,,,
C,4130,0.029695,0,0,0,,,,
C,4131,0.035931,0,0,0,,,,
C,4132,0.032515,0,0,0,,,,
C,4133,0.031368,0,0,0,,,,
C,4134,0.030254,0,0,0,,,,
C,4135,0.030010,0,0,0,,,,
C,4136,0.031973,0,0,0,,,,
C,4137,0.030781,0,0,0,,,,
C,4138,0.029080,0,0,0,,,,
C,4139,0.030761,0,0,0,,,,
C,4140,0.029807,0,0,0,,,,
C,4141,0.032858,0,0,0,,,,
C,4142,0.029965,0,0,0,,,,
C,4143,0.029294,0,0,0,,,,
C,4144,0.030026,0,0,0,,,,
C,4145,0.029898,0,0,0,,,,
C,4146,0.029997,0,0,0,,,,
C,4147,0.028876,0,0,0,,,,
C,4148,0.030223,0,0,0,,,,
C,4149,0.030273,0,0,0,,,,
C,4150,0.030094,0,0,0,,,,
C,4151,0.029375,0,0,0,,,,
C,4152,0.029917,0,0,0,,,,
C,4153,0.027868,0,0,0,,,,
C,4154,0.029370,0,0,0,,,,
C,4155,0.029514,0,0,0,,,,
C,4156,0.027319,0,0,0,,,,
C,4157,0.030336,0,0,0,,,,
C,4158,0.028457,0,0,0,,,,
C,4159,0.029879,0,0,0,,,,
C,4160,0.030308,0,0,0,,,,
C,4161,0.028325,0,0,0,,,,
C,4162,0.029731,0,0,0,,,,
C,4163,0.030349,0,0,0,,,,
C,4164,0.033871,0,0,0,,,,
C,4165,0.029842,0,0,0,,,,
C,4166,0.029931,0,0,0,,,,
C,4167,0.031648,0,0,0,,,,
C,4168,0.029903,0,0,0,,,,
C,4169,0.030550,0,0,0,,,,
C,4170,0.030408,0,0,0,,,,
C,4171,0.029677,0,0,0,,,,
C,4172,0.029698,0,0,0,,,,
C,4173,0.028879,0,0,0,,,,
C,4174,0.029842,0,0,0,,,,
C,4175,0.029180,0,0,0,,,,
C,4176,0.028612,0,0,0,,,,
C,4177,0.030149,0,0,0,,,,
C,4178,0.028286,0,0,0,,,,
C,4179,0.031087,0,0,0,,,,
C,4180,0.027924,0,0,0,,,,
C,4181,0.029202,0,0,0,,,,
C,4182,0.029479,0,0,0,,,,
C,4183,0.032102,0,0,0,,,,
C,4184,0.027949,0,0,0,,,,
C,4185,0.029393,0,0,0,,,,
C,4186,0.030940,0,0,0,,,,
C,4187,0.028766,0,0,0,,,,
C,4188,0.028405,0,0,0,,,,
C,4189,0.029192,0,0,0,,,,
C,4190,0.030996,0,0,0,,,,
C,4191,0.029962,0,0,0,,,,
C,4192,0.028817,0,0,0,,,,
C,4193,0.031136,0,0,0,,,,
C,4194,0.029496,0,0,0,,,,
C,4195,0.030376,0,0,0,,,,
C,4196,0.029263,0,0,0,,,,
C,4197,0.028915,0,0,0,,,,
C,4198,0.027046,0,0,0,,,,
C,4199,0.028328,0,0,0,,,,
C,4200,0.030146,0,0,0,,,,
C,4201,0.028525,0,0,0,,,,
C,4202,0.027683,0,0,0,,,,
C,4203,0.029449,0,0,0,,,,
C,4204,0.030948,0,0,0,,,,
C,4205,0.028553,0,0,0,,,,
C,4206,0.028688,0,0,0,,,,
C,4207,0.029797,0,0,0,,,,
C,4208,0.028974,0,0,0,,,,
C,4209,0.032000,0,0,0,,,,
C,4210,0.029098,0,0,0,,,,
C,4211,0.030163,0,0,0,,,,
C,4212,0.030604,0,0,0,,,,
C,4213,0.030371,0,0,0,,,,
C,4214,0.030600,0,0,0,,,,
C,4215,0.030753,0,0,0,,,,
C,4216,0.029020,0,0,0,,,,
C,4217,0.028238,0,0,0,,,,
C,4218,0.030562,0,0,0,,,,
C,4219,0.028964,0,0,0,,,,
C,4220,0.029791,0,0,0,,,,
C,4221,0.030785,0,0,0,,,,
C,4222,0.029888,0,0,0,,,,
C,4223,0.028332,0,0,0,,,,
C,4224,0.027669,0,0,0,,,,
C,4225,0.028535,0,0,0,,,,
C,4226,0.031599,0,0,0,,,,
C,4227,0.031271,0,0,0,,,,
C,4228,0.032795,0,0,0,,,,
C,4229,0.030744,0,0,0,,,,
C,4230,0.030014,0,0,0,,,,
C,4231,0.033311,0,0,0,,,,
C,4232,0.031851,0,0,0,,,,
C,4233,0.036085,0,0,0,,,,
C,4234,0.029798,0,0,0,,,,
C,4235,0.029675,0,0,0,,,,
C,4236,0.031655,0,0,0,,,,
C,4237,0.031901,0,0,0,,,,
C,4238,0.042110,0,0,0,,,,
C,4239,0.029987,0,0,0,,,,
C,4240,0.033338,0,0,0,,,,
C,4241,0.032044,0,0,0,,,,
C,4242,0.028883,0,0,0,,,,
C,4243,0.027316,0,0,0,,,,
C,4244,0.029859,0,0,0,,,,
C,4245,0.028325,0,0,0,,,,
C,4246,0.028231,0,0,0,,,,
C,4247,0.029892,0,0,0,,,,
C,4248,0.031153,0,0,0,,,,
C,4249,0.030406,0,0,0,,,,
C,4250,0.032821,0,0,0,,,,
C,4251,0.030996,0,0,0,,,,
C,4252,0.032971,0,0,0,,,,
C,4253,0.030375,0,0,0,,,,
C,4254,0.030324,0,0,0,,,,
C,4255,0.028563,0,0,0,,,,
C,4256,0.029748,0,0,0,,,,
C,4257,0.030898,0,0,0,,,,
C,4258,0.030456,0,0,0,,,,
C,4259,0.030418,0,0,0,,,,
C,4260,0.028274,0,0,0,,,,
C,4261,0.028733,0,0,0,,,,
C,4262,0.029607,0,0,0,,,,
C,4263,0.033616,0,0,0,,,,
C,4264,0.029374,0,0,0,,,,
C,4265,0.027392,0,0,0,,,,
C,4266,0.030745,0,0,0,,,,
C,4267,0.029386,0,0,0,,,,
C,4268,0.028997,0,0,0,,,,
C,4269,0.029039,0,0,0,,,,
C,4270,0.027249,0,0,0,,,,
C,4271,0.030288,0,0,0,,,,
C,4272,0.029514,0,0,0,,,,
C,4273,0.028554,0,0,0,,,,
C,4274,0.030422,0,0,0,,,,
C,4275,0.030201,0,0,0,,,,
C,4276,0.028991,0,0,0,,,,
C,4277,0.029139,0,0,0,,,,
C,4278,0.030953,0,0,0,,,,
C,4279,0.030427,0,0,0,,,,
C,4280,0.027117,0,0,0,,,,
C,4281,0.031105,0,0,0,,,,
C,4282,0.029310,0,0,0,,,,
C,4283,0.030107,0,0,0,,,,
C,4284,0.029625,0,0,0,,,,
C,4285,0.028901,0,0,0,,,,
C,4286,0.028027,0,0,0,,,,
C,4287,0.029924,0,0,0,,,,
C,4288,0.031098,0,0,0,,,,
C,4289,0.030378,0,0,0,,,,
C,4290,0.027682,0,0,0,,,,
C,4291,0.029150,0,0,0,,,,
C,4292,0.028791,0,0,0,,,,
C,4293,0.029431,0,0,0,,,,
C,4294,0.029963,0,0,0,,,,
C,4295,0.029325,0,0,0,,,,
C,4296,0.028326,0,0,0,,,,
C,4297,0.030344,0,0,0,,,,
C,4298,0.029636,0,0,0,,,,
C,4299,0.030768,0,0,0,,,,
C,4300,0.028992,0,0,0,,,,
C,4301,0.028103,0,0,0,,,,
C,4302,0.029727,0,0,0,,,,
C,4303,0.029903,0,0,0,,,,
C,4304,0.030922,0,0,0,,,,
C,4305,0.030688,0,0,0,,,,
C,4306,0.029465,0,0,0,,,,
C,4307,0.029026,0,0,0,,,,
C,4308,0.028333,0,0,0,,,,
C,4309,0.028955,0,0,0,,,,
C,4310,0.027482,0,0,0,,,,
C,4311,0.029023,0,0,0,,,,
C,4312,0.028989,0,0,0,,,,
C,4313,0.028378,0,0,0,,,,
C,4314,0.027872,0,0,0,,,,
C,4315,0.028903,0,0,0,,,,
C,4316,0.029561,0,0,0,,,,
C,4317,0.030895,0,0,0,,,,
C,4318,0.029704,0,0,0,,,,
C,4319,0.028812,0,0,0,,,,
C,4320,0.029569,0,0,0,,,,
C,4321,0.029722,0,0,0,,,,
C,4322,0.028129,0,0,0,,,,
C,4323,0.027332,0,0,0,,,,
C,4324,0.029269,0,0,0,,,,
C,4325,0.029248,0,0,0,,,,
C,4326,0.028328,0,0,0,,,,
C,4327,0.028421,0,0,0,,,,
C,4328,0.029433,0,0,0,,,,
C,4329,0.030666,0,0,0,,,,
C,4330,0.030860,0,0,0,,,,
C,4331,0.028306,0,0,0,,,,
C,4332,0.029021,0,0,0,,,,
C,4333,0.029593,0,0,0,,,,
C,4334,0.028824,0,0,0,,,,
C,4335,0.029817,0,0,0,,,,
C,4336,0.029972,0,0,0,,,,
C,4337,0.030578,0,0,0,,,,
C,4338,0.029776,0,0,0,,,,
C,4339,0.030468,0,0,0,,,,
C,4340,0.028708,0,0,0,,,,
C,4341,0.028557,0,0,0,,,,
C,4342,0.028858,0,0,0,,,,
C,4343,0.029912,0,0,0,,,,
C,4344,0.030586,0,0,0,,,,
C,4345,0.028972,0,0,0,,,,
C,4346,0.029959,0,0,0,,,,
C,4347,0.030073,0,0,0,,,,
C,4348,0.030992,0,0,0,,,,
C,4349,0.028484,0,0,0,,,,
C,4350,0.030274,0,0,0,,,,
C,4351,0.029927,0,0,0,,,,
C,4352,0.028967,0,0,0,,,,
C,4353,0.029163,0,0,0,,,,
C,4354,0.030167,0,0,0,,,,
C,4355,0.029698,0,0,0,,,,
C,4356,0.028423,0,0,0,,,,
C,4357,0.030655,0,0,0,,,,
C,4358,0.028011,0,0,0,,,,
C,4359,0.029156,0,0,0,,,,
C,4360,0.030016,0,0,0,,,,
C,4361,0.029728,0,0,0,,,,
C,4362,0.030365,0,0,0,,,,
C,4363,0.028728,0,0,0,,,,
C,4364,0.028713,0,0,0,,,,
C,4365,0.029901,0,0,0,,,,
C,4366,0.031507,0,0,0,,,,
C,4367,0.030168,0,0,0,,,,
C,4368,0.029644,0,0,0,,,,
C,4369,0.028171,0,0,0,,,,
C,4370,0.030131,0,0,0,,,,
C,4371,0.029235,0,0,0,,,,
C,4372,0.028556,0,0,0,,,,
C,4373,0.030501,0,0,0,,,,
C,4374,0.029331,0,0,0,,,,
C,4375,0.029297,0,0,0,,,,
C,4376,0.028713,0,0,0,,,,
C,4377,0.030338,0,0,0,,,,
C,4378,0.029710,0,0,0,,,,
C,4379,0.029980,0,0,0,,,,
C,4380,0.031192,0,0,0,,,,
C,4381,0.030610,0,0,0,,,,
C,4382,0.030988,0,0,0,,,,
C,4383,0.027781,0,0,0,,,,
C,4384,0.030868,0,0,0,,,,
C,4385,0.029386,0,0,0,,,,
C,4386,0.028961,0,0,0,,,,
C,4387,0.030681,0,0,0,,,,
C,4388,0.029265,0,0,0,,,,
C,4389,0.028528,0,0,0,,,,
C,4390,0.029368,0,0,0,,,,
C,4391,0.028188,0,0,0,,,,
C,4392,0.029481,0,0,0,,,,
C,4393,0.029452,0,0,0,,,,
C,4394,0.030423,0,0,0,,,,
C,4395,0.030897,0,0,0,,,,
C,4396,0.029871,0,0,0,,,,
C,4397,0.031967,0,0,0,,,,
C,4398,0.030719,0,0,0,,,,
C,4399,0.028428,0,0,0,,,,
C,4400,0.028946,0,0,0,,,,
C,4401,0.028646,0,0,0,,,,
C,4402,0.029657,0,0,0,,,,
C,4403,0.027965,0,0,0,,,,
C,4404,0.030418,0,0,0,,,,
C,4405,0.029026,0,0,0,,,,
C,4406,0.030019,0,0,0,,,,
C,4407,0.027981,0,0,0,,,,
C,4408,0.029859,0,0,0,,,,
C,4409,0.030361,0,0,0,,,,
C,4410,0.033565,0,0,0,,,,
C,4411,0.029938,0,0,0,,,,
C,4412,0.029258,0,0,0,,,,
C,4413,0.027552,0,0,0,,,,
C,4414,0.030315,0,0,0,,,,
C,4415,0.030260,0,0,0,,,,
C,4416,0.030103,0,0,0,,,,
C,4417,0.029053,0,0,0,,,,
C,4418,0.030787,0,0,0,,,,
C,4419,0.029897,0,0,0,,,,
C,4420,0.030101,0,0,0,,,,
C,4421,0.028111,0,0,0,,,,
C,4422,0.028983,0,0,0,,,,
C,4423,0.028921,0,0,0,,,,
C,4424,0.029486,0,0,0,,,,
C,4425,0.030967,0,0,0,,,,
C,4426,0.030323,0,0,0,,,,
C,4427,0.029607,0,0,0,,,,
C,4428,0.029133,0,0,0,,,,
C,4429,0.029823,0,0,0,,,,
C,4430,0.029067,0,0,0,,,,
C,4431,0.031077,0,0,0,,,,
C,4432,0.033304,0,0,0,,,,
C,4433,0.030017,0,0,0,,,,
C,4434,0.041663,0,0,0,,,,
C,4435,0.030537,0,0,0,,,,
C,4436,0.031891,0,0,0,,,,
C,4437,0.030891,0,0,0,,,,
C,4438,0.038022,0,0,0,,,,
C,4439,0.031142,0,0,0,,,,
C,4440,0.031000,0,0,0,,,,
C,4441,0.028712,0,0,0,,,,
C,4442,0.030729,0,0,0,,,,
C,4443,0.036577,0,0,0,,,,
C,4444,0.029858,0,0,0,,,,
C,4445,0.034564,0,0,0,,,,
C,4446,0.035047,0,0,0,,,,
C,4447,0.029786,0,0,0,,,,
C,4448,0.028668,0,0,0,,,,
C,4449,0.028505,0,0,0,,,,
C,4450,0.028564,0,0,0,,,,
C,4451,0.031158,0,0,0,,,,
C,4452,0.031672,0,0,0,,,,
C,4453,0.032368,0,0,0,,,,
C,4454,0.031471,0,0,0,,,,
C,4455,0.037358,0,0,0,,,,
C,4456,0.045544,0,0,0,,,,
C,4457,0.030282,0,0,0,,,,
C,4458,0.031368,0,0,0,,,,
C,4459,0.029126,0,0,0,,,,
C,4460,0.027793,0,0,0,,,,
C,4461,0.029740,0,0,0,,,,
C,4462,0.031721,0,0,0,,,,
C,4463,0.033133,0,0,0,,,,
C,4464,0.029472,0,0,0,,,,
C,4465,0.029416,0,0,0,,,,
C,4466,0.030982,0,0,0,,,,
C,4467,0.028850,0,0,0,,,,
C,4468,0.029367,0,0,0,,,,
C,4469,0.029177,0,0,0,,,,
C,4470,0.027808,0,0,0,,,,
C,4471,0.029919,0,0,0,,,,
C,4472,0.030404,0,0,0,,,,
C,4473,0.029764,0,0,0,,,,
C,4474,0.029448,0,0,0,,,,
C,4475,0.030978,0,0,0,,,,
C,4476,0.029152,0,0,0,,,,
C,4477,0.029849,0,0,0,,,,
C,4478,0.029735,0,0,0,,,,
C,4479,0.028010,0,0,0,,,,
C,4480,0.030216,0,0,0,,,,
C,4481,0.030622,0,0,0,,,,
C,4482,0.029670,0,0,0,,,,
C,4483,0.029327,0,0,0,,,,
C,4484,0.028769,0,0,0,,,,
C,4485,0.028058,0,0,0,,,,
C,4486,0.029674,0,0,0,,,,
C,4487,0.030875,0,0,0,,,,
C,4488,0.030268,0,0,0,,,,
C,4489,0.028749,0,0,0,,,,
C,4490,0.030488,0,0,0,,,,
C,4491,0.030082,0,0,0,,,,
C,4492,0.028818,0,0,0,,,,
C,4493,0.029003,0,0,0,,,,
C,4494,0.029787,0,0,0,,,,
C,4495,0.029195,0,0,0,,,,
C,4496,0.030420,0,0,0,,,,
C,4497,0.031931,0,0,0,,,,
C,4498,0.029852,0,0,0,,,,
C,4499,0.029424,0,0,0,,,,
C,4500,0.028815,0,0,0,,,,
C,4501,0.028156,0,0,0,,,,
C,4502,0.029377,0,0,0,,,,
C,4503,0.030482,0,0,0,,,,
C,4504,0.030534,0,0,0,,,,
C,4505,0.030140,0,0,0,,,,
C,4506,0.029414,0,0,0,,,,
C,4507,0.031691,0,0,0,,,,
C,4508,0.032359,0,0,0,,,,
C,4509,0.029129,0,0,0,,,,
C,4510,0.029038,0,0,0,,,,
C,4511,0.028457,0,0,0,,,,
C,4512,0.029541,0,0,0,,,,
C,4513,0.032222,0,0,0,,,,
C,4514,0.029060,0,0,0,,,,
C,4515,0.028901,0,0,0,,,,
C,4516,0.029699,0,0,0,,,,
C,4517,0.029638,0,0,0,,,,
C,4518,0.028731,0,0,0,,,,
C,4519,0.029640,0,0,0,,,,
C,4520,0.029814,0,0,0,,,,
C,4521,0.028266,0,0,0,,,,
C,4522,0.030071,0,0,0,,,,
C,4523,0.028930,0,0,0,,,,
C,4524,0.027956,0,0,0,,,,
C,4525,0.030142,0,0,0,,,,
C,4526,0.028873,0,0,0,,,,
C,4527,0.030802,0,0,0,,,,
C,4528,0.030945,0,0,0,,,,
C,4529,0.030205,0,0,0,,,,
C,4530,0.030052,0,0,0,,,,
C,4531,0.028292,0,0,0,,,,
C,4532,0.028135,0,0,0,,,,
C,4533,0.029772,0,0,0,,,,
C,4534,0.028621,0,0,0,,,,
C,4535,0.027843,0,0,0,,,,
C,4536,0.028428,0,0,0,,,,
C,4537,0.027743,0,0,0,,,,
C,4538,0.029009,0,0,0,,,,
C,4539,0.029279,0,0,0,,,,
C,4540,0.028847,0,0,0,,,,
C,4541,0.030480,0,0,0,,,,
C,4542,0.028418,0,0,0,,,,
C,4543,0.028923,0,0,0,,,,
C,4544,0.030390,0,0,0,,,,
C,4545,0.029033,0,0,0,,,,
C,4546,0.030288,0,0,0,,,,
C,4547,0.028967,0,0,0,,,,
C,4548,0.028073,0,0,0,,,,
C,4549,0.030036,0,0,0,,,,
C,4550,0.029268,0,0,0,,,,
C,4551,0.029003,0,0,0,,,,
C,4552,0.029191,0,0,0,,,,
C,4553,0.031223,0,0,0,,,,
C,4554,0.030163,0,0,0,,,,
C,4555,0.029493,0,0,0,,,,
C,4556,0.029806,0,0,0,,,,
C,4557,0.028364,0,0,0,,,,
C,4558,0.027272,0,0,0,,,,
C,4559,0.029565,0,0,0,,,,
C,4560,0.029489,0,0,0,,,,
C,4561,0.028846,0,0,0,,,,
C,4562,0.028205,0,0,0,,,,
C,4563,0.029350,0,0,0,,,,
C,4564,0.028382,0,0,0,,,,
C,4565,0.030929,0,0,0,,,,
C,4566,0.028681,0,0,0,,,,
C,4567,0.030794,0,0,0,,,,
C,4568,0.030872,0,0,0,,,,
C,4569,0.029379,0,0,0,,,,
C,4570,0.029432,0,0,0,,,,
C,4571,0.029410,0,0,0,,,,
C,4572,0.030267,0,0,0,,,,
C,4573,0.029822,0,0,0,,,,
C,4574,0.029319,0,0,0,,,,
C,4575,0.030324,0,0,0,,,,
C,4576,0.031285,0,0,0,,,,
C,4577,0.030582,0,0,0,,,,
C,4578,0.030025,0,0,0,,,,
C,4579,0.028701,0,0,0,,,,
C,4580,0.028944,0,0,0,,,,
C,4581,0.029647,0,0,0,,,,
C,4582,0.029364,0,0,0,,,,
C,4583,0.028812,0,0,0,,,,
C,4584,0.031703,0,0,0,,,,
C,4585,0.034606,0,0,0,,,,
C,4586,0.032984,0,0,0,,,,
C,4587,0.034704,0,0,0,,,,
C,4588,0.032804,0,0,0,,,,
C,4589,0.033349,0,0,0,,,,
C,4590,0.030500,0,0,0,,,,
C,4591,0.029410,0,0,0,,,,
C,4592,0.031051,0,0,0,,,,
C,4593,0.028600,0,0,0,,,,
C,4594,0.029272,0,0,0,,,,
C,4595,0.027819,0,0,0,,,,
C,4596,0.029120,0,0,0,,,,
C,4597,0.029348,0,0,0,,,,
C,4598,0.030142,0,0,0,,,,
C,4599,0.029460,0,0,0,,,,
C,4600,0.029192,0,0,0,,,,
C,4601,0.028069,0,0,0,,,,
C,4602,0.028330,0,0,0,,,,
C,4603,0.028360,0,0,0,,,,
C,4604,0.029962,0,0,0,,,,
C,4605,0.029264,0,0,0,,,,
C,4606,0.028562,0,0,0,,,,
C,4607,0.029093,0,0,0,,,,
C,4608,0.030074,0,0,0,,,,
C,4609,0.028764,0,0,0,,,,
C,4610,0.030266,0,0,0,,,,
C,4611,0.029719,0,0,0,,,,
C,4612,0.029741,0,0,0,,,,
C,4613,0.028447,0,0,0,,,,
C,4614,0.028620,0,0,0,,,,
C,4615,0.028706,0,0,0,,,,
C,4616,0.029336,0,0,0,,,,
C,4617,0.032825,0,0,0,,,,
C,4618,0.030327,0,0,0,,,,
C,4619,0.030036,0,0,0,,,,
C,4620,0.030240,0,0,0,,,,
C,4621,0.031249,0,0,0,,,,
C,4622,0.028599,0,0,0,,,,
C,4623,0.029414,0,0,0,,,,
C,4624,0.029562,0,0,0,,,,
C,4625,0.029509,0,0,0,,,,
C,4626,0.027978,0,0,0,,,,
C,4627,0.030573,0,0,0,,,,
C,4628,0.028087,0,0,0,,,,
C,4629,0.029569,0,0,0,,,,
C,4630,0.031403,0,0,0,,,,
C,4631,0.029683,0,0,0,,,,
C,4632,0.032354,0,0,0,,,,
C,4633,0.032167,0,0,0,,,,
C,4634,0.037979,0,0,0,,,,
C,4635,0.032599,0,0,0,,,,
C,4636,0.034935,0,0,0,,,,
C,4637,0.031808,0,0,0,,,,
C,4638,0.031524,0,0,0,,,,
C,4639,0.032447,0,0,0,,,,
C,4640,0.032497,0,0,0,,,,
C,4641,0.032773,0,0,0,,,,
C,4642,0.030760,0,0,0,,,,
C,4643,0.030040,0,0,0,,,,
C,4644,0.030598,0,0,0,,,,
C,4645,0.031963,0,0,0,,,,
C,4646,0.033559,0,0,0,,,,
C,4647,0.032066,0,0,0,,,,
C,4648,0.031754,0,0,0,,,,
C,4649,0.031958,0,0,0,,,,
C,4650,0.030261,0,0,0,,,,
C,4651,0.032941,0,0,0,,,,
C,4652,0.030114,0,0,0,,,,
C,4653,0.031575,0,0,0,,,,
C,4654,0.029606,0,0,0,,,,
C,4655,0.031640,0,0,0,,,,
C,4656,0.032086,0,0,0,,,,
C,4657,0.029852,0,0,0,,,,
C,4658,0.031414,0,0,0,,,,
C,4659,0.030573,0,0,0,,,,
C,4660,0.029834,0,0,0,,,,
C,4661,0.029958,0,0,0,,,,
C,4662,0.030271,0,0,0,,,,
C,4663,0.029978,0,0,0,,,,
C,4664,0.032548,0,0,0,,,,
C,4665,0.030663,0,0,0,,,,
C,4666,0.030309,0,0,0,,,,
C,4667,0.029725,0,0,0,,,,
C,4668,0.030138,0,0,0,,,,
C,4669,0.028278,0,0,0,,,,
C,4670,0.028978,0,0,0,,,,
C,4671,0.029513,0,0,0,,,,
C,4672,0.029392,0,0,0,,,,
C,4673,0.028671,0,0,0,,,,
C,4674,0.028885,0,0,0,,,,
C,4675,0.034323,0,0,0,,,,
C,4676,0.028272,0,0,0,,,,
C,4677,0.031660,0,0,0,,,,
C,4678,0.032154,0,0,0,,,,
C,4679,0.035176,0,0,0,,,,
C,4680,0.031906,0,0,0,,,,
C,4681,0.030635,0,0,0,,,,
C,4682,0.042169,0,0,0,,,,
C,4683,0.039787,0,0,0,,,,
C,4684,0.045659,0,0,0,,,,
C,4685,0.037105,0,0,0,,,,
C,4686,0.035869,0,0,0,,,,
C,4687,0.031761,0,0,0,,,,
C,4688,0.034121,0,0,0,,,,
C,4689,0.030088,0,0,0,,,,
C,4690,0.031107,0,0,0,,,,
C,4691,0.028495,0,0,0,,,,
C,4692,0.028328,0,0,0,,,,
C,4693,0.028986,0,0,0,,,,
C,4694,0.033528,0,0,0,,,,
C,4695,0.030573,0,0,0,,,,
C,4696,0.036814,0,0,0,,,,
C,4697,0.048396,0,0,0,,,,
C,4698,0.064053,0,0,0,,,,
C,4699,0.035661,0,0,0,,,,
C,4700,0.033611,0,0,0,,,,
C,4701,0.033438,0,0,0,,,,
C,4702,0.031157,0,0,0,,,,
C,4703,0.031215,0,0,0,,,,
C,4704,0.030603,0,0,0,,,,
C,4705,0.031549,0,0,0,,,,
C,4706,0.031253,0,0,0,,,,
C,4707,0.032566,0,0,0,,,,
C,4708,0.030985,0,0,0,,,,
C,4709,0.050143,0,0,0,,,,
C,4710,0.034488,0,0,0,,,,
C,4711,0.033637,0,0,0,,,,
C,4712,0.033641,0,0,0,,,,
C,4713,0.047216,0,0,0,,,,
C,4714,0.041929,0,0,0,,,,
C,4715,0.029280,0,0,0,,,,
C,4716,0.029664,0,0,0,,,,
C,4717,0.032561,0,0,0,,,,
C,4718,0.029552,0,0,0,,,,
C,4719,0.030723,0,0,0,,,,
C,4720,0.028070,0,0,0,,,,
C,4721,0.030655,0,0,0,,,,
C,4722,0.039494,0,0,0,,,,
C,4723,0.030082,0,0,0,,,,
C,4724,0.033368,0,0,0,,,,
C,4725,0.031194,0,0,0,,,,
C,4726,0.028475,0,0,0,,,,
C,4727,0.029086,0,0,0,,,,
C,4728,0.029495,0,0,0,,,,
C,4729,0.028979,0,0,0,,,,
C,4730,0.032917,0,0,0,,,,
C,4731,0.030780,0,0,0,,,,
C,4732,0.031060,0,0,0,,,,
C,4733,0.030253,0,0,0,,,,
C,4734,0.030159,0,0,0,,,,
C,4735,0.030458,0,0,0,,,,
C,4736,0.029094,0,0,0,,,,
C,4737,0.031114,0,0,0,,,,
C,4738,0.029217,0,0,0,,,,
C,4739,0.031331,0,0,0,,,,
C,4740,0.028436,0,0,0,,,,
C,4741,0.029796,0,0,0,,,,
C,4742,0.030161,0,0,0,,,,
C,4743,0.029394,0,0,0,,,,
C,4744,0.032053,0,0,0,,,,
C,4745,0.029497,0,0,0,,,,
C,4746,0.028984,0,0,0,,,,
C,4747,0.028376,0,0,0,,,,
C,4748,0.029336,0,0,0,,,,
C,4749,0.028335,0,0,0,,,,
C,4750,0.029064,0,0,0,,,,
C,4751,0.028309,0,0,0,,,,
C,4752,0.030055,0,0,0,,,,
C,4753,0.030357,0,0,0,,,,
C,4754,0.029598,0,0,0,,,,
C,4755,0.029823,0,0,0,,,,
C,4756,0.031477,0,0,0,,,,
C,4757,0.033189,0,0,0,,,,
C,4758,0.032361,0,0,0,,,,
C,4759,0.032549,0,0,0,,,,
C,4760,0.033322,0,0,0,,,,
C,4761,0.031823,0,0,0,,,,
C,4762,0.031206,0,0,0,,,,
C,4763,0.028624,0,0,0,,,,
C,4764,0.028005,0,0,0,,,,
C,4765,0.030584,0,0,0,,,,
C,4766,0.029735,0,0,0,,,,
C,4767,0.029356,0,0,0,,,,
C,4768,0.028030,0,0,0,,,,
C,4769,0.029609,0,0,0,,,,
C,4770,0.029785,0,0,0,,,,
C,4771,0.028123,0,0,0,,,,
C,4772,0.030913,0,0,0,,,,
C,4773,0.028990,0,0,0,,,,
C,4774,0.029541,0,0,0,,,,
C,4775,0.029359,0,0,0,,,,
C,4776,0.034118,0,0,0,,,,
C,4777,0.032034,0,0,0,,,,
C,4778,0.037995,0,0,0,,,,
C,4779,0.034740,0,0,0,,,,
C,4780,0.030253,0,0,0,,,,
C,4781,0.032392,0,0,0,,,,
C,4782,0.031686,0,0,0,,,,
C,4783,0.031475,0,0,0,,,,
C,4784,0.031762,0,0,0,,,,
C,4785,0.031690,0,0,0,,,,
C,4786,0.031479,0,0,0,,,,
C,4787,0.030753,0,0,0,,,,
C,4788,0.030769,0,0,0,,,,
C,4789,0.030261,0,0,0,,,,
C,4790,0.030058,0,0,0,,,,
C,4791,0.031592,0,0,0,,,,
C,4792,0.031322,0,0,0,,,,
C,4793,0.032864,0,0,0,,,,
C,4794,0.030231,0,0,0,,,,
C,4795,0.031369,0,0,0,,,,
C,4796,0.029829,0,0,0,,,,
C,4797,0.028768,0,0,0,,,,
C,4798,0.029294,0,0,0,,,,
C,4799,0.030274,0,0,0,,,,
C,4800,0.028633,0,0,0,,,,
C,4801,0.029796,0,0,0,,,,
C,4802,0.029244,0,0,0,,,,
C,4803,0.029178,0,0,0,,,,
C,4804,0.028997,0,0,0,,,,
C,4805,0.029795,0,0,0,,,,
C,4806,0.029192,0,0,0,,,,
C,4807,0.028957,0,0,0,,,,
C,4808,0.029884,0,0,0,,,,
C,4809,0.029253,0,0,0,,,,
C,4810,0.030542,0,0,0,,,,
C,4811,0.029196,0,0,0,,,,
C,4812,0.028751,0,0,0,,,,
C,4813,0.033618,0,0,0,,,,
C,4814,0.030381,0,0,0,,,,
C,4815,0.036345,0,0,0,,,,
C,4816,0.037025,0,0,0,,,,
C,4817,0.040231,0,0,0,,,,
C,4818,0.031838,0,0,0,,,,
C,4819,0.031575,0,0,0,,,,
C,4820,0.041426,0,0,0,,,,
C,4821,0.039062,0,0,0,,,,
C,4822,0.032390,0,0,0,,,,
C,4823,0.034379,0,0,0,,,,
C,4824,0.034033,0,0,0,,,,
C,4825,0.033057,0,0,0,,,,
C,4826,0.031278,0,0,0,,,,
C,4827,0.030485,0,0,0,,,,
C,4828,0.030660,0,0,0,,,,
C,4829,0.031912,0,0,0,,,,
C,4830,0.032808,0,0,0,,,,
C,4831,0.033044,0,0,0,,,,
C,4832,0.030124,0,0,0,,,,
C,4833,0.031010,0,0,0,,,,
C,4834,0.031892,0,0,0,,,,
C,4835,0.031638,0,0,0,,,,
C,4836,0.035491,0,0,0,,,,
C,4837,0.031715,0,0,0,,,,
C,4838,0.031561,0,0,0,,,,
C,4839,0.030113,0,0,0,,,,
C,4840,0.032271,0,0,0,,,,
C,4841,0.029286,0,0,0,,,,
C,4842,0.031543,0,0,0,,,,
C,4843,0.030214,0,0,0,,,,
C,4844,0.030144,0,0,0,,,,
C,4845,0.030906,0,0,0,,,,
C,4846,0.029751,0,0,0,,,,
C,4847,0.030172,0,0,0,,,,
C,4848,0.028625,0,0,0,,,,
C,4849,0.029722,0,0,0,,,,
C,4850,0.029584,0,0,0,,,,
C,4851,0.029723,0,0,0,,,,
C,4852,0.028982,0,0,0,,,,
C,4853,0.029207,0,0,0,,,,
C,4854,0.030895,0,0,0,,,,
C,4855,0.032082,0,0,0,,,,
C,4856,0.028938,0,0,0,,,,
C,4857,0.028788,0,0,0,,,,
C,4858,0.029363,0,0,0,,,,
C,4859,0.027279,0,0,0,,,,
C,4860,0.029365,0,0,0,,,,
C,4861,0.031432,0,0,0,,,,
C,4862,0.029486,0,0,0,,,,
C,4863,0.029563,0,0,0,,,,
C,4864,0.028287,0,0,0,,,,
C,4865,0.029207,0,0,0,,,,
C,4866,0.028640,0,0,0,,,,
C,4867,0.030286,0,0,0,,,,
C,4868,0.028931,0,0,0,,,,
C,4869,0.030238,0,0,0,,,,
C,4870,0.032282,0,0,0,,,,
C,4871,0.029288,0,0,0,,,,
C,4872,0.028275,0,0,0,,,,
C,4873,0.029323,0,0,0,,,,
C,4874,0.030224,0,0,0,,,,
C,4875,0.030406,0,0,0,,,,
C,4876,0.030910,0,0,0,,,,
C,4877,0.030026,0,0,0,,,,
C,4878,0.028466,0,0,0,,,,
C,4879,0.030040,0,0,0,,,,
C,4880,0.030180,0,0,0,,,,
C,4881,0.029597,0,0,0,,,,
C,4882,0.027915,0,0,0,,,,
C,4883,0.029282,0,0,0,,,,
C,4884,0.029356,0,0,0,,,,
C,4885,0.028608,0,0,0,,,,
C,4886,0.029339,0,0,0,,,,
C,4887,0.030455,0,0,0,,,,
C,4888,0.028986,0,0,0,,,,
C,4889,0.030221,0,0,0,,,,
C,4890,0.029995,0,0,0,,,,
C,4891,0.027997,0,0,0,,,,
C,4892,0.028869,0,0,0,,,,
C,4893,0.030527,0,0,0,,,,
C,4894,0.031608,0,0,0,,,,
C,4895,0.030775,0,0,0,,,,
C,4896,0.028451,0,0,0,,,,
C,4897,0.029838,0,0,0,,,,
C,4898,0.029771,0,0,0,,,,
C,4899,0.029183,0,0,0,,,,
C,4900,0.030929,0,0,0,,,,
C,4901,0.030311,0,0,0,,,,
C,4902,0.029066,0,0,0,,,,
C,4903,0.029503,0,0,0,,,,
C,4904,0.028128,0,0,0,,,,
C,4905,0.028771,0,0,0,,,,
C,4906,0.031145,0,0,0,,,,
C,4907,0.030362,0,0,0,,,,
C,4908,0.029509,0,0,0,,,,
C,4909,0.029881,0,0,0,,,,
C,4910,0.029439,0,0,0,,,,
C,4911,0.028588,0,0,0,,,,
C,4912,0.028497,0,0,0,,,,
C,4913,0.030751,0,0,0,,,,
C,4914,0.030021,0,0,0,,,,
C,4915,0.028691,0,0,0,,,,
C,4916,0.028526,0,0,0,,,,
C,4917,0.029970,0,0,0,,,,
C,4918,0.031098,0,0,0,,,,
C,4919,0.030360,0,0,0,,,,
C,4920,0.028418,0,0,0,,,,
C,4921,0.029995,0,0,0,,,,
C,4922,0.028133,0,0,0,,,,
C,4923,0.028775,0,0,0,,,,
C,4924,0.028834,0,0,0,,,,
C,4925,0.030076,0,0,0,,,,
C,4926,0.029426,0,0,0,,,,
C,4927,0.028880,0,0,0,,,,
C,4928,0.029749,0,0,0,,,,
C,4929,0.029027,0,0,0,,,,
C,4930,0.029234,0,0,0,,,,
C,4931,0.030516,0,0,0,,,,
C,4932,0.032516,0,0,0,,,,
C,4933,0.030244,0,0,0,,,,
C,4934,0.030871,0,0,0,,,,
C,4935,0.029795,0,0,0,,,,
C,4936,0.029568,0,0,0,,,,
C,4937,0.029062,0,0,0,,,,
C,4938,0.029850,0,0,0,,,,
C,4939,0.029333,0,0,0,,,,
C,4940,0.029842,0,0,0,,,,
C,4941,0.030135,0,0,0,,,,
C,4942,0.030474,0,0,0,,,,
C,4943,0.029099,0,0,0,,,,
C,4944,0.027978,0,0,0,,,,
C,4945,0.030171,0,0,0,,,,
C,4946,0.029457,0,0,0,,,,
C,4947,0.030612,0,0,0,,,,
C,4948,0.033525,0,0,0,,,,
C,4949,0.032003,0,0,0,,,,
C,4950,0.031358,0,0,0,,,,
C,4951,0.030234,0,0,0,,,,
C,4952,0.028918,0,0,0,,,,
C,4953,0.028948,0,0,0,,,,
C,4954,0.031735,0,0,0,,,,
C,4955,0.030559,0,0,0,,,,
C,4956,0.030766,0,0,0,,,,
C,4957,0.031177,0,0,0,,,,
C,4958,0.031484,0,0,0,,,,
C,4959,0.033005,0,0,0,,,,
C,4960,0.031433,0,0,0,,,,
C,4961,0.030439,0,0,0,,,,
C,4962,0.029289,0,0,0,,,,
C,4963,0.030943,0,0,0,,,,
C,4964,0.030129,0,0,0,,,,
C,4965,0.032657,0,0,0,,,,
C,4966,0.030366,0,0,0,,,,
C,4967,0.031607,0,0,0,,,,
C,4968,0.030298,0,0,0,,,,
C,4969,0.033058,0,0,0,,,,
C,4970,0.031258,0,0,0,,,,
C,4971,0.032817,0,0,0,,,,
C,4972,0.031280,0,0,0,,,,
C,4973,0.033394,0,0,0,,,,
C,4974,0.030767,0,0,0,,,,
C,4975,0.030649,0,0,0,,,,
C,4976,0.030209,0,0,0,,,,
C,4977,0.030879,0,0,0,,,,
C,4978,0.032572,0,0,0,,,,
C,4979,0.028995,0,0,0,,,,
C,4980,0.030010,0,0,0,,,,
C,4981,0.033065,0,0,0,,,,
C,4982,0.032203,0,0,0,,,,
C,4983,0.029577,0,0,0,,,,
C,4984,0.029052,0,0,0,,,,
C,4985,0.030270,0,0,0,,,,
C,4986,0.037648,0,0,0,,,,
C,4987,0.049854,0,0,0,,,,
C,4988,0.055232,0,0,0,,,,
C,4989,0.033785,0,0,0,,,,
C,4990,0.032016,0,0,0,,,,
C,4991,0.032670,0,0,0,,,,
C,4992,0.030182,0,0,0,,,,
C,4993,0.029824,0,0,0,,,,
C,4994,0.029198,0,0,0,,,,
C,4995,0.031488,0,0,0,,,,
C,4996,0.029899,0,0,0,,,,
C,4997,0.029710,0,0,0,,,,
C,4998,0.029805,0,0,0,,,,
C,4999,0.029873,0,0,0,,,,
C,5000,0.030820,0,0,0,212.1,3.035e-11,"{'checked': 26, 'zsx_rejected': 6, 'default_rejected': 0, 'closed_form_forced': 0, 'inexact': 9, 'exact_rebuilt': 0, 'best_effort': 0, 'best_effort_worst': 0.0, 'psf_rerouted': 0, 'psf_rerouted_worst_residual': 0.0}",234
C,5001,0.033053,0,0,0,,,,
C,5002,0.032932,0,0,0,,,,
C,5003,0.033009,0,0,0,,,,
C,5004,0.032090,0,0,0,,,,
C,5005,0.030722,0,0,0,,,,
C,5006,0.032317,0,0,0,,,,
C,5007,0.032725,0,0,0,,,,
C,5008,0.032778,0,0,0,,,,
C,5009,0.033287,0,0,0,,,,
C,5010,0.032208,0,0,0,,,,
C,5011,0.032147,0,0,0,,,,
C,5012,0.032316,0,0,0,,,,
C,5013,0.031625,0,0,0,,,,
C,5014,0.032874,0,0,0,,,,
C,5015,0.037232,0,0,0,,,,
C,5016,0.046699,0,0,0,,,,
C,5017,0.045673,0,0,0,,,,
C,5018,0.032316,0,0,0,,,,
C,5019,0.035799,0,0,0,,,,
C,5020,0.037610,0,0,0,,,,
C,5021,0.033565,0,0,0,,,,
C,5022,0.031550,0,0,0,,,,
C,5023,0.029101,0,0,0,,,,
C,5024,0.029771,0,0,0,,,,
C,5025,0.031496,0,0,0,,,,
C,5026,0.032317,0,0,0,,,,
C,5027,0.030557,0,0,0,,,,
C,5028,0.031924,0,0,0,,,,
C,5029,0.031890,0,0,0,,,,
C,5030,0.030401,0,0,0,,,,
C,5031,0.030952,0,0,0,,,,
C,5032,0.032089,0,0,0,,,,
C,5033,0.032249,0,0,0,,,,
C,5034,0.030240,0,0,0,,,,
C,5035,0.029849,0,0,0,,,,
C,5036,0.029689,0,0,0,,,,
C,5037,0.028926,0,0,0,,,,
C,5038,0.030369,0,0,0,,,,
C,5039,0.031629,0,0,0,,,,
C,5040,0.028844,0,0,0,,,,
C,5041,0.028838,0,0,0,,,,
C,5042,0.029559,0,0,0,,,,
C,5043,0.029892,0,0,0,,,,
C,5044,0.031642,0,0,0,,,,
C,5045,0.030932,0,0,0,,,,
C,5046,0.030886,0,0,0,,,,
C,5047,0.029709,0,0,0,,,,
C,5048,0.031160,0,0,0,,,,
C,5049,0.028898,0,0,0,,,,
C,5050,0.029745,0,0,0,,,,
C,5051,0.030958,0,0,0,,,,
C,5052,0.030332,0,0,0,,,,
C,5053,0.028355,0,0,0,,,,
C,5054,0.029337,0,0,0,,,,
C,5055,0.033265,0,0,0,,,,
C,5056,0.031956,0,0,0,,,,
C,5057,0.031371,0,0,0,,,,
C,5058,0.030420,0,0,0,,,,
C,5059,0.034058,0,0,0,,,,
C,5060,0.031662,0,0,0,,,,
C,5061,0.030388,0,0,0,,,,
C,5062,0.031274,0,0,0,,,,
C,5063,0.032668,0,0,0,,,,
C,5064,0.030685,0,0,0,,,,
C,5065,0.030895,0,0,0,,,,
C,5066,0.029104,0,0,0,,,,
C,5067,0.030057,0,0,0,,,,
C,5068,0.029708,0,0,0,,,,
C,5069,0.035327,0,0,0,,,,
C,5070,0.028919,0,0,0,,,,
C,5071,0.031318,0,0,0,,,,
C,5072,0.028738,0,0,0,,,,
C,5073,0.028221,0,0,0,,,,
C,5074,0.030811,0,0,0,,,,
C,5075,0.029199,0,0,0,,,,
C,5076,0.030716,0,0,0,,,,
C,5077,0.029539,0,0,0,,,,
C,5078,0.032975,0,0,0,,,,
C,5079,0.031725,0,0,0,,,,
C,5080,0.032753,0,0,0,,,,
C,5081,0.030568,0,0,0,,,,
C,5082,0.031013,0,0,0,,,,
C,5083,0.032371,0,0,0,,,,
C,5084,0.029305,0,0,0,,,,
C,5085,0.030012,0,0,0,,,,
C,5086,0.029432,0,0,0,,,,
C,5087,0.029982,0,0,0,,,,
C,5088,0.032407,0,0,0,,,,
C,5089,0.031086,0,0,0,,,,
C,5090,0.031042,0,0,0,,,,
C,5091,0.028407,0,0,0,,,,
C,5092,0.029402,0,0,0,,,,
C,5093,0.029940,0,0,0,,,,
C,5094,0.029326,0,0,0,,,,
C,5095,0.029003,0,0,0,,,,
C,5096,0.029618,0,0,0,,,,
C,5097,0.031612,0,0,0,,,,
C,5098,0.029073,0,0,0,,,,
C,5099,0.029968,0,0,0,,,,
C,5100,0.029312,0,0,0,,,,
C,5101,0.031431,0,0,0,,,,
C,5102,0.033437,0,0,0,,,,
C,5103,0.030858,0,0,0,,,,
C,5104,0.032473,0,0,0,,,,
C,5105,0.033515,0,0,0,,,,
C,5106,0.030817,0,0,0,,,,
C,5107,0.032963,0,0,0,,,,
C,5108,0.029873,0,0,0,,,,
C,5109,0.031841,0,0,0,,,,
C,5110,0.031156,0,0,0,,,,
C,5111,0.030693,0,0,0,,,,
C,5112,0.030426,0,0,0,,,,
C,5113,0.031343,0,0,0,,,,
C,5114,0.028766,0,0,0,,,,
C,5115,0.029640,0,0,0,,,,
C,5116,0.029281,0,0,0,,,,
C,5117,0.029264,0,0,0,,,,
C,5118,0.029500,0,0,0,,,,
C,5119,0.030803,0,0,0,,,,
C,5120,0.030423,0,0,0,,,,
C,5121,0.029894,0,0,0,,,,
C,5122,0.029910,0,0,0,,,,
C,5123,0.029994,0,0,0,,,,
C,5124,0.028803,0,0,0,,,,
C,5125,0.028933,0,0,0,,,,
C,5126,0.028537,0,0,0,,,,
C,5127,0.030931,0,0,0,,,,
C,5128,0.029399,0,0,0,,,,
C,5129,0.031219,0,0,0,,,,
C,5130,0.029706,0,0,0,,,,
C,5131,0.029508,0,0,0,,,,
C,5132,0.030433,0,0,0,,,,
C,5133,0.032497,0,0,0,,,,
C,5134,0.029819,0,0,0,,,,
C,5135,0.028649,0,0,0,,,,
C,5136,0.030471,0,0,0,,,,
C,5137,0.029270,0,0,0,,,,
C,5138,0.029431,0,0,0,,,,
C,5139,0.028450,0,0,0,,,,
C,5140,0.029413,0,0,0,,,,
C,5141,0.030204,0,0,0,,,,
C,5142,0.030292,0,0,0,,,,
C,5143,0.029861,0,0,0,,,,
C,5144,0.030022,0,0,0,,,,
C,5145,0.029635,0,0,0,,,,
C,5146,0.029696,0,0,0,,,,
C,5147,0.029781,0,0,0,,,,
C,5148,0.029972,0,0,0,,,,
C,5149,0.030326,0,0,0,,,,
C,5150,0.030863,0,0,0,,,,
C,5151,0.029857,0,0,0,,,,
C,5152,0.031090,0,0,0,,,,
C,5153,0.028656,0,0,0,,,,
C,5154,0.029690,0,0,0,,,,
C,5155,0.030724,0,0,0,,,,
C,5156,0.030905,0,0,0,,,,
C,5157,0.031776,0,0,0,,,,
C,5158,0.030620,0,0,0,,,,
C,5159,0.029283,0,0,0,,,,
C,5160,0.030383,0,0,0,,,,
C,5161,0.028922,0,0,0,,,,
C,5162,0.030518,0,0,0,,,,
C,5163,0.031925,0,0,0,,,,
C,5164,0.032269,0,0,0,,,,
C,5165,0.029919,0,0,0,,,,
C,5166,0.030694,0,0,0,,,,
C,5167,0.033050,0,0,0,,,,
C,5168,0.029185,0,0,0,,,,
C,5169,0.028760,0,0,0,,,,
C,5170,0.030845,0,0,0,,,,
C,5171,0.028883,0,0,0,,,,
C,5172,0.030371,0,0,0,,,,
C,5173,0.030152,0,0,0,,,,
C,5174,0.030019,0,0,0,,,,
C,5175,0.030647,0,0,0,,,,
C,5176,0.031161,0,0,0,,,,
C,5177,0.030196,0,0,0,,,,
C,5178,0.032202,0,0,0,,,,
C,5179,0.030352,0,0,0,,,,
C,5180,0.029489,0,0,0,,,,
C,5181,0.030033,0,0,0,,,,
C,5182,0.030646,0,0,0,,,,
C,5183,0.031203,0,0,0,,,,
C,5184,0.030903,0,0,0,,,,
C,5185,0.029947,0,0,0,,,,
C,5186,0.031934,0,0,0,,,,
C,5187,0.029558,0,0,0,,,,
C,5188,0.030727,0,0,0,,,,
C,5189,0.029295,0,0,0,,,,
C,5190,0.028801,0,0,0,,,,
C,5191,0.032065,0,0,0,,,,
C,5192,0.028218,0,0,0,,,,
C,5193,0.031067,0,0,0,,,,
C,5194,0.030108,0,0,0,,,,
C,5195,0.030128,0,0,0,,,,
C,5196,0.030241,0,0,0,,,,
C,5197,0.030833,0,0,0,,,,
C,5198,0.030135,0,0,0,,,,
C,5199,0.030181,0,0,0,,,,
C,5200,0.030338,0,0,0,,,,
C,5201,0.027923,0,0,0,,,,
C,5202,0.032813,0,0,0,,,,
C,5203,0.029183,0,0,0,,,,
C,5204,0.030304,0,0,0,,,,
C,5205,0.028124,0,0,0,,,,
C,5206,0.029649,0,0,0,,,,
C,5207,0.030686,0,0,0,,,,
C,5208,0.029593,0,0,0,,,,
C,5209,0.044026,0,0,0,,,,
C,5210,0.032343,0,0,0,,,,
C,5211,0.028591,0,0,0,,,,
C,5212,0.030087,0,0,0,,,,
C,5213,0.029148,0,0,0,,,,
C,5214,0.030400,0,0,0,,,,
C,5215,0.030082,0,0,0,,,,
C,5216,0.029726,0,0,0,,,,
C,5217,0.030031,0,0,0,,,,
C,5218,0.030438,0,0,0,,,,
C,5219,0.030306,0,0,0,,,,
C,5220,0.030797,0,0,0,,,,
C,5221,0.030756,0,0,0,,,,
C,5222,0.028248,0,0,0,,,,
C,5223,0.029010,0,0,0,,,,
C,5224,0.029495,0,0,0,,,,
C,5225,0.029728,0,0,0,,,,
C,5226,0.030764,0,0,0,,,,
C,5227,0.030652,0,0,0,,,,
C,5228,0.030006,0,0,0,,,,
C,5229,0.030348,0,0,0,,,,
C,5230,0.029651,0,0,0,,,,
C,5231,0.030337,0,0,0,,,,
C,5232,0.029211,0,0,0,,,,
C,5233,0.029168,0,0,0,,,,
C,5234,0.029970,0,0,0,,,,
C,5235,0.031154,0,0,0,,,,
C,5236,0.029924,0,0,0,,,,
C,5237,0.031023,0,0,0,,,,
C,5238,0.030576,0,0,0,,,,
C,5239,0.030962,0,0,0,,,,
C,5240,0.032518,0,0,0,,,,
C,5241,0.029916,0,0,0,,,,
C,5242,0.029009,0,0,0,,,,
C,5243,0.029155,0,0,0,,,,
C,5244,0.030742,0,0,0,,,,
C,5245,0.029926,0,0,0,,,,
C,5246,0.031120,0,0,0,,,,
C,5247,0.028479,0,0,0,,,,
C,5248,0.029085,0,0,0,,,,
C,5249,0.029569,0,0,0,,,,
C,5250,0.031819,0,0,0,,,,
C,5251,0.031371,0,0,0,,,,
C,5252,0.030945,0,0,0,,,,
C,5253,0.034583,0,0,0,,,,
C,5254,0.032727,0,0,0,,,,
C,5255,0.030049,0,0,0,,,,
C,5256,0.036202,0,0,0,,,,
C,5257,0.042697,0,0,0,,,,
C,5258,0.031848,0,0,0,,,,
C,5259,0.029936,0,0,0,,,,
C,5260,0.036934,0,0,0,,,,
C,5261,0.029955,0,0,0,,,,
C,5262,0.030128,0,0,0,,,,
C,5263,0.030972,0,0,0,,,,
C,5264,0.031894,0,0,0,,,,
C,5265,0.034190,0,0,0,,,,
C,5266,0.032623,0,0,0,,,,
C,5267,0.031902,0,0,0,,,,
C,5268,0.029121,0,0,0,,,,
C,5269,0.029773,0,0,0,,,,
C,5270,0.031692,0,0,0,,,,
C,5271,0.032073,0,0,0,,,,
C,5272,0.030345,0,0,0,,,,
C,5273,0.032502,0,0,0,,,,
C,5274,0.029305,0,0,0,,,,
C,5275,0.029902,0,0,0,,,,
C,5276,0.029914,0,0,0,,,,
C,5277,0.031215,0,0,0,,,,
C,5278,0.030332,0,0,0,,,,
C,5279,0.029131,0,0,0,,,,
C,5280,0.030810,0,0,0,,,,
C,5281,0.030599,0,0,0,,,,
C,5282,0.030798,0,0,0,,,,
C,5283,0.030900,0,0,0,,,,
C,5284,0.030599,0,0,0,,,,
C,5285,0.030550,0,0,0,,,,
C,5286,0.027923,0,0,0,,,,
C,5287,0.032249,0,0,0,,,,
C,5288,0.030864,0,0,0,,,,
C,5289,0.031815,0,0,0,,,,
C,5290,0.030585,0,0,0,,,,
C,5291,0.030548,0,0,0,,,,
C,5292,0.029299,0,0,0,,,,
C,5293,0.030008,0,0,0,,,,
C,5294,0.028159,0,0,0,,,,
C,5295,0.030682,0,0,0,,,,
C,5296,0.029415,0,0,0,,,,
C,5297,0.029340,0,0,0,,,,
C,5298,0.031819,0,0,0,,,,
C,5299,0.029657,0,0,0,,,,
C,5300,0.028864,0,0,0,,,,
C,5301,0.030901,0,0,0,,,,
C,5302,0.029832,0,0,0,,,,
C,5303,0.030207,0,0,0,,,,
C,5304,0.031643,0,0,0,,,,
C,5305,0.030551,0,0,0,,,,
C,5306,0.031010,0,0,0,,,,
C,5307,0.030063,0,0,0,,,,
C,5308,0.030050,0,0,0,,,,
C,5309,0.033288,0,0,0,,,,
C,5310,0.029948,0,0,0,,,,
C,5311,0.029950,0,0,0,,,,
C,5312,0.030400,0,0,0,,,,
C,5313,0.030773,0,0,0,,,,
C,5314,0.029522,0,0,0,,,,
C,5315,0.030793,0,0,0,,,,
C,5316,0.031099,0,0,0,,,,
C,5317,0.031538,0,0,0,,,,
C,5318,0.032618,0,0,0,,,,
C,5319,0.030397,0,0,0,,,,
C,5320,0.030411,0,0,0,,,,
C,5321,0.029984,0,0,0,,,,
C,5322,0.028671,0,0,0,,,,
C,5323,0.028215,0,0,0,,,,
C,5324,0.031944,0,0,0,,,,
C,5325,0.029194,0,0,0,,,,
C,5326,0.030349,0,0,0,,,,
C,5327,0.033884,0,0,0,,,,
C,5328,0.029736,0,0,0,,,,
C,5329,0.030782,0,0,0,,,,
C,5330,0.029669,0,0,0,,,,
C,5331,0.030935,0,0,0,,,,
C,5332,0.029161,0,0,0,,,,
C,5333,0.029530,0,0,0,,,,
C,5334,0.029877,0,0,0,,,,
C,5335,0.030396,0,0,0,,,,
C,5336,0.029355,0,0,0,,,,
C,5337,0.028723,0,0,0,,,,
C,5338,0.030558,0,0,0,,,,
C,5339,0.027584,0,0,0,,,,
C,5340,0.029652,0,0,0,,,,
C,5341,0.030969,0,0,0,,,,
C,5342,0.030614,0,0,0,,,,
C,5343,0.030065,0,0,0,,,,
C,5344,0.028650,0,0,0,,,,
C,5345,0.032217,0,0,0,,,,
C,5346,0.029508,0,0,0,,,,
C,5347,0.030190,0,0,0,,,,
C,5348,0.028930,0,0,0,,,,
C,5349,0.031630,0,0,0,,,,
C,5350,0.029480,0,0,0,,,,
C,5351,0.029828,0,0,0,,,,
C,5352,0.031262,0,0,0,,,,
C,5353,0.030083,0,0,0,,,,
C,5354,0.030249,0,0,0,,,,
C,5355,0.030675,0,0,0,,,,
C,5356,0.029179,0,0,0,,,,
C,5357,0.029859,0,0,0,,,,
C,5358,0.030116,0,0,0,,,,
C,5359,0.029136,0,0,0,,,,
C,5360,0.029679,0,0,0,,,,
C,5361,0.030745,0,0,0,,,,
C,5362,0.029151,0,0,0,,,,
C,5363,0.032573,0,0,0,,,,
C,5364,0.031265,0,0,0,,,,
C,5365,0.028604,0,0,0,,,,
C,5366,0.030816,0,0,0,,,,
C,5367,0.030812,0,0,0,,,,
C,5368,0.029516,0,0,0,,,,
C,5369,0.029203,0,0,0,,,,
C,5370,0.031219,0,0,0,,,,
C,5371,0.029213,0,0,0,,,,
C,5372,0.030462,0,0,0,,,,
C,5373,0.030627,0,0,0,,,,
C,5374,0.031334,0,0,0,,,,
C,5375,0.030515,0,0,0,,,,
C,5376,0.029962,0,0,0,,,,
C,5377,0.028332,0,0,0,,,,
C,5378,0.031104,0,0,0,,,,
C,5379,0.030403,0,0,0,,,,
C,5380,0.029594,0,0,0,,,,
C,5381,0.031645,0,0,0,,,,
C,5382,0.028437,0,0,0,,,,
C,5383,0.029446,0,0,0,,,,
C,5384,0.030902,0,0,0,,,,
C,5385,0.029972,0,0,0,,,,
C,5386,0.031751,0,0,0,,,,
C,5387,0.030910,0,0,0,,,,
C,5388,0.030131,0,0,0,,,,
C,5389,0.031437,0,0,0,,,,
C,5390,0.030264,0,0,0,,,,
C,5391,0.030967,0,0,0,,,,
C,5392,0.038827,0,0,0,,,,
C,5393,0.035059,0,0,0,,,,
C,5394,0.033981,0,0,0,,,,
C,5395,0.037326,0,0,0,,,,
C,5396,0.034918,0,0,0,,,,
C,5397,0.032682,0,0,0,,,,
C,5398,0.040579,0,0,0,,,,
C,5399,0.035847,0,0,0,,,,
C,5400,0.031650,0,0,0,,,,
C,5401,0.029516,0,0,0,,,,
C,5402,0.031262,0,0,0,,,,
C,5403,0.031837,0,0,0,,,,
C,5404,0.038265,0,0,0,,,,
C,5405,0.030944,0,0,0,,,,
C,5406,0.034142,0,0,0,,,,
C,5407,0.033493,0,0,0,,,,
C,5408,0.029801,0,0,0,,,,
C,5409,0.029464,0,0,0,,,,
C,5410,0.029498,0,0,0,,,,
C,5411,0.029672,0,0,0,,,,
C,5412,0.029162,0,0,0,,,,
C,5413,0.032924,0,0,0,,,,
C,5414,0.031897,0,0,0,,,,
C,5415,0.031097,0,0,0,,,,
C,5416,0.037561,0,0,0,,,,
C,5417,0.031621,0,0,0,,,,
C,5418,0.031680,0,0,0,,,,
C,5419,0.030646,0,0,0,,,,
C,5420,0.031801,0,0,0,,,,
C,5421,0.030138,0,0,0,,,,
C,5422,0.028575,0,0,0,,,,
C,5423,0.031792,0,0,0,,,,
C,5424,0.029745,0,0,0,,,,
C,5425,0.031043,0,0,0,,,,
C,5426,0.030314,0,0,0,,,,
C,5427,0.029463,0,0,0,,,,
C,5428,0.029806,0,0,0,,,,
C,5429,0.029155,0,0,0,,,,
C,5430,0.028599,0,0,0,,,,
C,5431,0.030538,0,0,0,,,,
C,5432,0.028470,0,0,0,,,,
C,5433,0.030193,0,0,0,,,,
C,5434,0.029856,0,0,0,,,,
C,5435,0.029849,0,0,0,,,,
C,5436,0.031436,0,0,0,,,,
C,5437,0.031398,0,0,0,,,,
C,5438,0.029339,0,0,0,,,,
C,5439,0.031670,0,0,0,,,,
C,5440,0.031216,0,0,0,,,,
C,5441,0.030858,0,0,0,,,,
C,5442,0.030134,0,0,0,,,,
C,5443,0.030552,0,0,0,,,,
C,5444,0.032563,0,0,0,,,,
C,5445,0.031007,0,0,0,,,,
C,5446,0.029932,0,0,0,,,,
C,5447,0.030558,0,0,0,,,,
C,5448,0.027935,0,0,0,,,,
C,5449,0.031159,0,0,0,,,,
C,5450,0.028999,0,0,0,,,,
C,5451,0.029027,0,0,0,,,,
C,5452,0.030416,0,0,0,,,,
C,5453,0.030626,0,0,0,,,,
C,5454,0.028829,0,0,0,,,,
C,5455,0.029039,0,0,0,,,,
C,5456,0.030835,0,0,0,,,,
C,5457,0.029269,0,0,0,,,,
C,5458,0.031580,0,0,0,,,,
C,5459,0.029200,0,0,0,,,,
C,5460,0.030196,0,0,0,,,,
C,5461,0.029765,0,0,0,,,,
C,5462,0.030181,0,0,0,,,,
C,5463,0.029657,0,0,0,,,,
C,5464,0.029674,0,0,0,,,,
C,5465,0.029631,0,0,0,,,,
C,5466,0.031755,0,0,0,,,,
C,5467,0.028121,0,0,0,,,,
C,5468,0.030065,0,0,0,,,,
C,5469,0.030264,0,0,0,,,,
C,5470,0.031425,0,0,0,,,,
C,5471,0.030041,0,0,0,,,,
C,5472,0.029569,0,0,0,,,,
C,5473,0.031201,0,0,0,,,,
C,5474,0.029750,0,0,0,,,,
C,5475,0.030439,0,0,0,,,,
C,5476,0.029971,0,0,0,,,,
C,5477,0.030305,0,0,0,,,,
C,5478,0.029919,0,0,0,,,,
C,5479,0.030753,0,0,0,,,,
C,5480,0.030215,0,0,0,,,,
C,5481,0.029294,0,0,0,,,,
C,5482,0.031886,0,0,0,,,,
C,5483,0.028999,0,0,0,,,,
C,5484,0.030386,0,0,0,,,,
C,5485,0.031205,0,0,0,,,,
C,5486,0.030332,0,0,0,,,,
C,5487,0.030557,0,0,0,,,,
C,5488,0.029458,0,0,0,,,,
C,5489,0.029595,0,0,0,,,,
C,5490,0.030393,0,0,0,,,,
C,5491,0.029629,0,0,0,,,,
C,5492,0.030135,0,0,0,,,,
C,5493,0.030270,0,0,0,,,,
C,5494,0.028969,0,0,0,,,,
C,5495,0.029089,0,0,0,,,,
C,5496,0.028273,0,0,0,,,,
C,5497,0.029234,0,0,0,,,,
C,5498,0.030298,0,0,0,,,,
C,5499,0.028976,0,0,0,,,,
C,5500,0.029673,0,0,0,,,,
C,5501,0.030127,0,0,0,,,,
C,5502,0.030527,0,0,0,,,,
C,5503,0.029412,0,0,0,,,,
C,5504,0.029787,0,0,0,,,,
C,5505,0.030689,0,0,0,,,,
C,5506,0.028356,0,0,0,,,,
C,5507,0.030738,0,0,0,,,,
C,5508,0.029129,0,0,0,,,,
C,5509,0.032672,0,0,0,,,,
C,5510,0.045290,0,0,0,,,,
C,5511,0.030516,0,0,0,,,,
C,5512,0.028507,0,0,0,,,,
C,5513,0.029131,0,0,0,,,,
C,5514,0.031579,0,0,0,,,,
C,5515,0.031310,0,0,0,,,,
C,5516,0.029389,0,0,0,,,,
C,5517,0.029163,0,0,0,,,,
C,5518,0.029630,0,0,0,,,,
C,5519,0.030433,0,0,0,,,,
C,5520,0.029896,0,0,0,,,,
C,5521,0.029063,0,0,0,,,,
C,5522,0.030395,0,0,0,,,,
C,5523,0.031186,0,0,0,,,,
C,5524,0.031422,0,0,0,,,,
C,5525,0.029414,0,0,0,,,,
C,5526,0.030519,0,0,0,,,,
C,5527,0.033859,0,0,0,,,,
C,5528,0.029822,0,0,0,,,,
C,5529,0.032338,0,0,0,,,,
C,5530,0.029655,0,0,0,,,,
C,5531,0.030138,0,0,0,,,,
C,5532,0.031548,0,0,0,,,,
C,5533,0.029023,0,0,0,,,,
C,5534,0.030274,0,0,0,,,,
C,5535,0.030506,0,0,0,,,,
C,5536,0.029738,0,0,0,,,,
C,5537,0.030815,0,0,0,,,,
C,5538,0.029057,0,0,0,,,,
C,5539,0.029394,0,0,0,,,,
C,5540,0.030700,0,0,0,,,,
C,5541,0.028980,0,0,0,,,,
C,5542,0.028365,0,0,0,,,,
C,5543,0.030122,0,0,0,,,,
C,5544,0.031082,0,0,0,,,,
C,5545,0.032518,0,0,0,,,,
C,5546,0.028801,0,0,0,,,,
C,5547,0.030238,0,0,0,,,,
C,5548,0.029124,0,0,0,,,,
C,5549,0.033064,0,0,0,,,,
C,5550,0.030277,0,0,0,,,,
C,5551,0.030961,0,0,0,,,,
C,5552,0.029123,0,0,0,,,,
C,5553,0.030717,0,0,0,,,,
C,5554,0.029591,0,0,0,,,,
C,5555,0.029588,0,0,0,,,,
C,5556,0.029471,0,0,0,,,,
C,5557,0.029280,0,0,0,,,,
C,5558,0.031550,0,0,0,,,,
C,5559,0.030974,0,0,0,,,,
C,5560,0.028892,0,0,0,,,,
C,5561,0.031942,0,0,0,,,,
C,5562,0.030952,0,0,0,,,,
C,5563,0.029520,0,0,0,,,,
C,5564,0.029164,0,0,0,,,,
C,5565,0.028534,0,0,0,,,,
C,5566,0.031218,0,0,0,,,,
C,5567,0.029547,0,0,0,,,,
C,5568,0.028434,0,0,0,,,,
C,5569,0.030044,0,0,0,,,,
C,5570,0.028814,0,0,0,,,,
C,5571,0.029127,0,0,0,,,,
C,5572,0.028299,0,0,0,,,,
C,5573,0.029722,0,0,0,,,,
C,5574,0.032373,0,0,0,,,,
C,5575,0.027849,0,0,0,,,,
C,5576,0.030994,0,0,0,,,,
C,5577,0.030017,0,0,0,,,,
C,5578,0.030510,0,0,0,,,,
C,5579,0.029099,0,0,0,,,,
C,5580,0.030241,0,0,0,,,,
C,5581,0.029287,0,0,0,,,,
C,5582,0.028800,0,0,0,,,,
C,5583,0.030307,0,0,0,,,,
C,5584,0.029430,0,0,0,,,,
C,5585,0.029536,0,0,0,,,,
C,5586,0.030746,0,0,0,,,,
C,5587,0.029277,0,0,0,,,,
C,5588,0.029201,0,0,0,,,,
C,5589,0.028833,0,0,0,,,,
C,5590,0.028105,0,0,0,,,,
C,5591,0.030810,0,0,0,,,,
C,5592,0.031052,0,0,0,,,,
C,5593,0.028452,0,0,0,,,,
C,5594,0.031403,0,0,0,,,,
C,5595,0.031980,0,0,0,,,,
C,5596,0.031588,0,0,0,,,,
C,5597,0.030816,0,0,0,,,,
C,5598,0.031505,0,0,0,,,,
C,5599,0.031305,0,0,0,,,,
C,5600,0.033043,0,0,0,,,,
C,5601,0.037080,0,0,0,,,,
C,5602,0.042505,0,0,0,,,,
C,5603,0.032577,0,0,0,,,,
C,5604,0.035650,0,0,0,,,,
C,5605,0.036824,0,0,0,,,,
C,5606,0.034357,0,0,0,,,,
C,5607,0.034309,0,0,0,,,,
C,5608,0.033347,0,0,0,,,,
C,5609,0.031038,0,0,0,,,,
C,5610,0.031447,0,0,0,,,,
C,5611,0.032467,0,0,0,,,,
C,5612,0.033202,0,0,0,,,,
C,5613,0.033222,0,0,0,,,,
C,5614,0.041251,0,0,0,,,,
C,5615,0.034986,0,0,0,,,,
C,5616,0.035886,0,0,0,,,,
C,5617,0.036250,0,0,0,,,,
C,5618,0.033461,0,0,0,,,,
C,5619,0.031634,0,0,0,,,,
C,5620,0.032672,0,0,0,,,,
C,5621,0.033795,0,0,0,,,,
C,5622,0.032859,0,0,0,,,,
C,5623,0.034573,0,0,0,,,,
C,5624,0.031846,0,0,0,,,,
C,5625,0.033816,0,0,0,,,,
C,5626,0.033219,0,0,0,,,,
C,5627,0.031683,0,0,0,,,,
C,5628,0.030497,0,0,0,,,,
C,5629,0.029700,0,0,0,,,,
C,5630,0.032058,0,0,0,,,,
C,5631,0.031025,0,0,0,,,,
C,5632,0.029883,0,0,0,,,,
C,5633,0.031939,0,0,0,,,,
C,5634,0.033538,0,0,0,,,,
C,5635,0.032191,0,0,0,,,,
C,5636,0.031755,0,0,0,,,,
C,5637,0.032411,0,0,0,,,,
C,5638,0.036382,0,0,0,,,,
C,5639,0.031505,0,0,0,,,,
C,5640,0.032366,0,0,0,,,,
C,5641,0.031648,0,0,0,,,,
C,5642,0.029522,0,0,0,,,,
C,5643,0.030919,0,0,0,,,,
C,5644,0.031497,0,0,0,,,,
C,5645,0.028574,0,0,0,,,,
C,5646,0.029006,0,0,0,,,,
C,5647,0.031984,0,0,0,,,,
C,5648,0.031227,0,0,0,,,,
C,5649,0.030532,0,0,0,,,,
C,5650,0.029989,0,0,0,,,,
C,5651,0.032684,0,0,0,,,,
C,5652,0.032665,0,0,0,,,,
C,5653,0.031727,0,0,0,,,,
C,5654,0.031590,0,0,0,,,,
C,5655,0.030703,0,0,0,,,,
C,5656,0.032157,0,0,0,,,,
C,5657,0.032057,0,0,0,,,,
C,5658,0.035245,0,0,0,,,,
C,5659,0.032932,0,0,0,,,,
C,5660,0.033477,0,0,0,,,,
C,5661,0.032048,0,0,0,,,,
C,5662,0.031485,0,0,0,,,,
C,5663,0.031822,0,0,0,,,,
C,5664,0.031275,0,0,0,,,,
C,5665,0.033913,0,0,0,,,,
C,5666,0.029160,0,0,0,,,,
C,5667,0.029459,0,0,0,,,,
C,5668,0.030864,0,0,0,,,,
C,5669,0.030994,0,0,0,,,,
C,5670,0.029066,0,0,0,,,,
C,5671,0.029937,0,0,0,,,,
C,5672,0.030154,0,0,0,,,,
C,5673,0.031855,0,0,0,,,,
C,5674,0.029416,0,0,0,,,,
C,5675,0.028760,0,0,0,,,,
C,5676,0.030225,0,0,0,,,,
C,5677,0.029643,0,0,0,,,,
C,5678,0.029103,0,0,0,,,,
C,5679,0.029442,0,0,0,,,,
C,5680,0.030202,0,0,0,,,,
C,5681,0.031065,0,0,0,,,,
C,5682,0.029584,0,0,0,,,,
C,5683,0.029508,0,0,0,,,,
C,5684,0.031421,0,0,0,,,,
C,5685,0.029287,0,0,0,,,,
C,5686,0.030506,0,0,0,,,,
C,5687,0.029626,0,0,0,,,,
C,5688,0.029685,0,0,0,,,,
C,5689,0.028900,0,0,0,,,,
C,5690,0.030142,0,0,0,,,,
C,5691,0.029033,0,0,0,,,,
C,5692,0.029106,0,0,0,,,,
C,5693,0.029012,0,0,0,,,,
C,5694,0.029586,0,0,0,,,,
C,5695,0.029829,0,0,0,,,,
C,5696,0.030041,0,0,0,,,,
C,5697,0.029634,0,0,0,,,,
C,5698,0.039982,0,0,0,,,,
C,5699,0.029009,0,0,0,,,,
C,5700,0.029682,0,0,0,,,,
C,5701,0.029843,0,0,0,,,,
C,5702,0.029136,0,0,0,,,,
C,5703,0.030502,0,0,0,,,,
C,5704,0.030569,0,0,0,,,,
C,5705,0.029333,0,0,0,,,,
C,5706,0.029119,0,0,0,,,,
C,5707,0.029073,0,0,0,,,,
C,5708,0.029066,0,0,0,,,,
C,5709,0.029378,0,0,0,,,,
C,5710,0.029269,0,0,0,,,,
C,5711,0.030051,0,0,0,,,,
C,5712,0.028876,0,0,0,,,,
C,5713,0.029441,0,0,0,,,,
C,5714,0.030289,0,0,0,,,,
C,5715,0.030565,0,0,0,,,,
C,5716,0.028515,0,0,0,,,,
C,5717,0.035748,0,0,0,,,,
C,5718,0.029234,0,0,0,,,,
C,5719,0.030643,0,0,0,,,,
C,5720,0.036422,0,0,0,,,,
C,5721,0.030096,0,0,0,,,,
C,5722,0.030953,0,0,0,,,,
C,5723,0.029646,0,0,0,,,,
C,5724,0.030505,0,0,0,,,,
C,5725,0.029857,0,0,0,,,,
C,5726,0.030591,0,0,0,,,,
C,5727,0.034224,0,0,0,,,,
C,5728,0.027868,0,0,0,,,,
C,5729,0.029638,0,0,0,,,,
C,5730,0.029093,0,0,0,,,,
C,5731,0.029573,0,0,0,,,,
C,5732,0.028613,0,0,0,,,,
C,5733,0.028529,0,0,0,,,,
C,5734,0.029249,0,0,0,,,,
C,5735,0.030859,0,0,0,,,,
C,5736,0.029473,0,0,0,,,,
C,5737,0.028912,0,0,0,,,,
C,5738,0.029872,0,0,0,,,,
C,5739,0.029275,0,0,0,,,,
C,5740,0.030899,0,0,0,,,,
C,5741,0.030570,0,0,0,,,,
C,5742,0.030059,0,0,0,,,,
C,5743,0.030340,0,0,0,,,,
C,5744,0.029237,0,0,0,,,,
C,5745,0.030794,0,0,0,,,,
C,5746,0.031575,0,0,0,,,,
C,5747,0.031167,0,0,0,,,,
C,5748,0.030320,0,0,0,,,,
C,5749,0.028153,0,0,0,,,,
C,5750,0.028987,0,0,0,,,,
C,5751,0.030784,0,0,0,,,,
C,5752,0.030346,0,0,0,,,,
C,5753,0.027750,0,0,0,,,,
C,5754,0.031557,0,0,0,,,,
C,5755,0.029571,0,0,0,,,,
C,5756,0.030469,0,0,0,,,,
C,5757,0.029674,0,0,0,,,,
C,5758,0.029201,0,0,0,,,,
C,5759,0.028825,0,0,0,,,,
C,5760,0.030768,0,0,0,,,,
C,5761,0.029610,0,0,0,,,,
C,5762,0.032388,0,0,0,,,,
C,5763,0.030637,0,0,0,,,,
C,5764,0.029444,0,0,0,,,,
C,5765,0.031764,0,0,0,,,,
C,5766,0.031201,0,0,0,,,,
C,5767,0.031108,0,0,0,,,,
C,5768,0.030543,0,0,0,,,,
C,5769,0.030066,0,0,0,,,,
C,5770,0.030040,0,0,0,,,,
C,5771,0.032227,0,0,0,,,,
C,5772,0.031657,0,0,0,,,,
C,5773,0.030788,0,0,0,,,,
C,5774,0.029373,0,0,0,,,,
C,5775,0.029282,0,0,0,,,,
C,5776,0.028891,0,0,0,,,,
C,5777,0.029330,0,0,0,,,,
C,5778,0.032197,0,0,0,,,,
C,5779,0.031612,0,0,0,,,,
C,5780,0.029585,0,0,0,,,,
C,5781,0.029466,0,0,0,,,,
C,5782,0.029614,0,0,0,,,,
C,5783,0.030457,0,0,0,,,,
C,5784,0.029174,0,0,0,,,,
C,5785,0.031124,0,0,0,,,,
C,5786,0.028798,0,0,0,,,,
C,5787,0.030432,0,0,0,,,,
C,5788,0.029666,0,0,0,,,,
C,5789,0.030831,0,0,0,,,,
C,5790,0.030301,0,0,0,,,,
C,5791,0.030485,0,0,0,,,,
C,5792,0.030887,0,0,0,,,,
C,5793,0.028288,0,0,0,,,,
C,5794,0.031507,0,0,0,,,,
C,5795,0.030049,0,0,0,,,,
C,5796,0.029341,0,0,0,,,,
C,5797,0.030100,0,0,0,,,,
C,5798,0.031038,0,0,0,,,,
C,5799,0.030463,0,0,0,,,,
C,5800,0.030090,0,0,0,,,,
C,5801,0.030759,0,0,0,,,,
C,5802,0.029425,0,0,0,,,,
C,5803,0.029601,0,0,0,,,,
C,5804,0.032070,0,0,0,,,,
C,5805,0.030186,0,0,0,,,,
C,5806,0.028483,0,0,0,,,,
C,5807,0.030060,0,0,0,,,,
C,5808,0.029671,0,0,0,,,,
C,5809,0.033186,0,0,0,,,,
C,5810,0.029258,0,0,0,,,,
C,5811,0.030768,0,0,0,,,,
C,5812,0.028726,0,0,0,,,,
C,5813,0.030556,0,0,0,,,,
C,5814,0.031753,0,0,0,,,,
C,5815,0.031171,0,0,0,,,,
C,5816,0.031770,0,0,0,,,,
C,5817,0.028657,0,0,0,,,,
C,5818,0.039385,0,0,0,,,,
C,5819,0.036992,0,0,0,,,,
C,5820,0.029141,0,0,0,,,,
C,5821,0.029916,0,0,0,,,,
C,5822,0.032346,0,0,0,,,,
C,5823,0.030335,0,0,0,,,,
C,5824,0.030373,0,0,0,,,,
C,5825,0.031172,0,0,0,,,,
C,5826,0.031600,0,0,0,,,,
C,5827,0.028028,0,0,0,,,,
C,5828,0.028866,0,0,0,,,,
C,5829,0.030668,0,0,0,,,,
C,5830,0.028336,0,0,0,,,,
C,5831,0.029766,0,0,0,,,,
C,5832,0.029842,0,0,0,,,,
C,5833,0.030428,0,0,0,,,,
C,5834,0.030566,0,0,0,,,,
C,5835,0.032222,0,0,0,,,,
C,5836,0.036089,0,0,0,,,,
C,5837,0.033337,0,0,0,,,,
C,5838,0.031058,0,0,0,,,,
C,5839,0.033573,0,0,0,,,,
C,5840,0.040553,0,0,0,,,,
C,5841,0.037552,0,0,0,,,,
C,5842,0.035950,0,0,0,,,,
C,5843,0.034110,0,0,0,,,,
C,5844,0.038258,0,0,0,,,,
C,5845,0.031005,0,0,0,,,,
C,5846,0.028871,0,0,0,,,,
C,5847,0.029031,0,0,0,,,,
C,5848,0.030210,0,0,0,,,,
C,5849,0.030066,0,0,0,,,,
C,5850,0.030801,0,0,0,,,,
C,5851,0.030211,0,0,0,,,,
C,5852,0.032861,0,0,0,,,,
C,5853,0.030043,0,0,0,,,,
C,5854,0.030390,0,0,0,,,,
C,5855,0.030676,0,0,0,,,,
C,5856,0.030716,0,0,0,,,,
C,5857,0.029131,0,0,0,,,,
C,5858,0.030706,0,0,0,,,,
C,5859,0.030474,0,0,0,,,,
C,5860,0.029890,0,0,0,,,,
C,5861,0.031435,0,0,0,,,,
C,5862,0.030206,0,0,0,,,,
C,5863,0.030391,0,0,0,,,,
C,5864,0.027762,0,0,0,,,,
C,5865,0.029229,0,0,0,,,,
C,5866,0.030932,0,0,0,,,,
C,5867,0.030039,0,0,0,,,,
C,5868,0.031349,0,0,0,,,,
C,5869,0.028794,0,0,0,,,,
C,5870,0.030581,0,0,0,,,,
C,5871,0.030166,0,0,0,,,,
C,5872,0.030199,0,0,0,,,,
C,5873,0.029897,0,0,0,,,,
C,5874,0.029819,0,0,0,,,,
C,5875,0.031062,0,0,0,,,,
C,5876,0.028069,0,0,0,,,,
C,5877,0.032663,0,0,0,,,,
C,5878,0.029845,0,0,0,,,,
C,5879,0.032030,0,0,0,,,,
C,5880,0.028029,0,0,0,,,,
C,5881,0.029232,0,0,0,,,,
C,5882,0.029129,0,0,0,,,,
C,5883,0.029575,0,0,0,,,,
C,5884,0.029024,0,0,0,,,,
C,5885,0.031807,0,0,0,,,,
C,5886,0.029080,0,0,0,,,,
C,5887,0.031368,0,0,0,,,,
C,5888,0.030514,0,0,0,,,,
C,5889,0.029104,0,0,0,,,,
C,5890,0.031740,0,0,0,,,,
C,5891,0.029752,0,0,0,,,,
C,5892,0.030398,0,0,0,,,,
C,5893,0.031995,0,0,0,,,,
C,5894,0.031682,0,0,0,,,,
C,5895,0.029943,0,0,0,,,,
C,5896,0.029925,0,0,0,,,,
C,5897,0.029294,0,0,0,,,,
C,5898,0.028738,0,0,0,,,,
C,5899,0.030991,0,0,0,,,,
C,5900,0.031351,0,0,0,,,,
C,5901,0.029441,0,0,0,,,,
C,5902,0.029789,0,0,0,,,,
C,5903,0.030068,0,0,0,,,,
C,5904,0.029607,0,0,0,,,,
C,5905,0.030058,0,0,0,,,,
C,5906,0.028998,0,0,0,,,,
C,5907,0.030604,0,0,0,,,,
C,5908,0.030711,0,0,0,,,,
C,5909,0.031051,0,0,0,,,,
C,5910,0.030129,0,0,0,,,,
C,5911,0.030573,0,0,0,,,,
C,5912,0.031272,0,0,0,,,,
C,5913,0.030188,0,0,0,,,,
C,5914,0.029698,0,0,0,,,,
C,5915,0.030971,0,0,0,,,,
C,5916,0.029849,0,0,0,,,,
C,5917,0.030182,0,0,0,,,,
C,5918,0.029651,0,0,0,,,,
C,5919,0.030919,0,0,0,,,,
C,5920,0.031757,0,0,0,,,,
C,5921,0.030875,0,0,0,,,,
C,5922,0.031085,0,0,0,,,,
C,5923,0.031132,0,0,0,,,,
C,5924,0.029312,0,0,0,,,,
C,5925,0.029471,0,0,0,,,,
C,5926,0.031359,0,0,0,,,,
C,5927,0.030521,0,0,0,,,,
C,5928,0.030262,0,0,0,,,,
C,5929,0.029960,0,0,0,,,,
C,5930,0.030951,0,0,0,,,,
C,5931,0.028614,0,0,0,,,,
C,5932,0.029215,0,0,0,,,,
C,5933,0.030921,0,0,0,,,,
C,5934,0.029998,0,0,0,,,,
C,5935,0.030053,0,0,0,,,,
C,5936,0.028839,0,0,0,,,,
C,5937,0.030071,0,0,0,,,,
C,5938,0.030746,0,0,0,,,,
C,5939,0.031237,0,0,0,,,,
C,5940,0.029672,0,0,0,,,,
C,5941,0.028951,0,0,0,,,,
C,5942,0.029436,0,0,0,,,,
C,5943,0.029233,0,0,0,,,,
C,5944,0.028841,0,0,0,,,,
C,5945,0.029255,0,0,0,,,,
C,5946,0.031351,0,0,0,,,,
C,5947,0.030965,0,0,0,,,,
C,5948,0.030162,0,0,0,,,,
C,5949,0.028822,0,0,0,,,,
C,5950,0.027651,0,0,0,,,,
C,5951,0.030858,0,0,0,,,,
C,5952,0.029780,0,0,0,,,,
C,5953,0.028435,0,0,0,,,,
C,5954,0.029794,0,0,0,,,,
C,5955,0.029809,0,0,0,,,,
C,5956,0.028804,0,0,0,,,,
C,5957,0.030393,0,0,0,,,,
C,5958,0.030350,0,0,0,,,,
C,5959,0.030490,0,0,0,,,,
C,5960,0.029245,0,0,0,,,,
C,5961,0.029798,0,0,0,,,,
C,5962,0.028630,0,0,0,,,,
C,5963,0.030455,0,0,0,,,,
C,5964,0.029878,0,0,0,,,,
C,5965,0.029119,0,0,0,,,,
C,5966,0.031089,0,0,0,,,,
C,5967,0.030540,0,0,0,,,,
C,5968,0.030410,0,0,0,,,,
C,5969,0.029038,0,0,0,,,,
C,5970,0.027907,0,0,0,,,,
C,5971,0.030293,0,0,0,,,,
C,5972,0.030496,0,0,0,,,,
C,5973,0.029636,0,0,0,,,,
C,5974,0.030092,0,0,0,,,,
C,5975,0.028683,0,0,0,,,,
C,5976,0.028741,0,0,0,,,,
C,5977,0.032269,0,0,0,,,,
C,5978,0.031863,0,0,0,,,,
C,5979,0.030433,0,0,0,,,,
C,5980,0.033033,0,0,0,,,,
C,5981,0.030267,0,0,0,,,,
C,5982,0.033253,0,0,0,,,,
C,5983,0.040729,0,0,0,,,,
C,5984,0.036701,0,0,0,,,,
C,5985,0.039095,0,0,0,,,,
C,5986,0.032413,0,0,0,,,,
C,5987,0.032591,0,0,0,,,,
C,5988,0.033979,0,0,0,,,,
C,5989,0.029799,0,0,0,,,,
C,5990,0.031259,0,0,0,,,,
C,5991,0.031069,0,0,0,,,,
C,5992,0.029554,0,0,0,,,,
C,5993,0.029996,0,0,0,,,,
C,5994,0.030631,0,0,0,,,,
C,5995,0.031721,0,0,0,,,,
C,5996,0.031002,0,0,0,,,,
C,5997,0.031270,0,0,0,,,,
C,5998,0.030895,0,0,0,,,,
C,5999,0.032089,0,0,0,,,,
C,6000,0.035523,0,0,0,220.9,3.640e-11,"{'checked': 26, 'zsx_rejected': 6, 'default_rejected': 0, 'closed_form_forced': 0, 'inexact': 9, 'exact_rebuilt': 0, 'best_effort': 0, 'best_effort_worst': 0.0, 'psf_rerouted': 0, 'psf_rerouted_worst_residual': 0.0}",280
C,6001,0.031229,0,0,0,,,,
C,6002,0.029941,0,0,0,,,,
C,6003,0.031015,0,0,0,,,,
C,6004,0.031406,0,0,0,,,,
C,6005,0.030162,0,0,0,,,,
C,6006,0.029822,0,0,0,,,,
C,6007,0.029374,0,0,0,,,,
C,6008,0.031488,0,0,0,,,,
C,6009,0.029715,0,0,0,,,,
C,6010,0.029538,0,0,0,,,,
C,6011,0.030987,0,0,0,,,,
C,6012,0.029554,0,0,0,,,,
C,6013,0.031284,0,0,0,,,,
C,6014,0.029739,0,0,0,,,,
C,6015,0.029336,0,0,0,,,,
C,6016,0.029378,0,0,0,,,,
C,6017,0.029595,0,0,0,,,,
C,6018,0.028974,0,0,0,,,,
C,6019,0.029996,0,0,0,,,,
C,6020,0.031515,0,0,0,,,,
C,6021,0.030144,0,0,0,,,,
C,6022,0.030572,0,0,0,,,,
C,6023,0.032156,0,0,0,,,,
C,6024,0.031742,0,0,0,,,,
C,6025,0.032535,0,0,0,,,,
C,6026,0.032602,0,0,0,,,,
C,6027,0.030422,0,0,0,,,,
C,6028,0.030434,0,0,0,,,,
C,6029,0.030249,0,0,0,,,,
C,6030,0.029671,0,0,0,,,,
C,6031,0.029673,0,0,0,,,,
C,6032,0.031744,0,0,0,,,,
C,6033,0.031065,0,0,0,,,,
C,6034,0.030824,0,0,0,,,,
C,6035,0.030512,0,0,0,,,,
C,6036,0.030176,0,0,0,,,,
C,6037,0.029667,0,0,0,,,,
C,6038,0.029693,0,0,0,,,,
C,6039,0.032020,0,0,0,,,,
C,6040,0.031802,0,0,0,,,,
C,6041,0.029610,0,0,0,,,,
C,6042,0.029950,0,0,0,,,,
C,6043,0.031687,0,0,0,,,,
C,6044,0.031709,0,0,0,,,,
C,6045,0.031197,0,0,0,,,,
C,6046,0.030815,0,0,0,,,,
C,6047,0.030265,0,0,0,,,,
C,6048,0.030647,0,0,0,,,,
C,6049,0.031757,0,0,0,,,,
C,6050,0.028946,0,0,0,,,,
C,6051,0.028992,0,0,0,,,,
C,6052,0.031697,0,0,0,,,,
C,6053,0.030518,0,0,0,,,,
C,6054,0.030245,0,0,0,,,,
C,6055,0.028747,0,0,0,,,,
C,6056,0.030986,0,0,0,,,,
C,6057,0.029677,0,0,0,,,,
C,6058,0.029449,0,0,0,,,,
C,6059,0.030529,0,0,0,,,,
C,6060,0.029810,0,0,0,,,,
C,6061,0.030368,0,0,0,,,,
C,6062,0.028783,0,0,0,,,,
C,6063,0.027828,0,0,0,,,,
C,6064,0.029471,0,0,0,,,,
C,6065,0.031840,0,0,0,,,,
C,6066,0.029062,0,0,0,,,,
C,6067,0.031765,0,0,0,,,,
C,6068,0.031647,0,0,0,,,,
C,6069,0.029524,0,0,0,,,,
C,6070,0.031743,0,0,0,,,,
C,6071,0.029689,0,0,0,,,,
C,6072,0.029847,0,0,0,,,,
C,6073,0.031283,0,0,0,,,,
C,6074,0.029300,0,0,0,,,,
C,6075,0.030447,0,0,0,,,,
C,6076,0.031830,0,0,0,,,,
C,6077,0.031144,0,0,0,,,,
C,6078,0.034362,0,0,0,,,,
C,6079,0.031557,0,0,0,,,,
C,6080,0.032912,0,0,0,,,,
C,6081,0.030218,0,0,0,,,,
C,6082,0.028887,0,0,0,,,,
C,6083,0.030112,0,0,0,,,,
C,6084,0.029244,0,0,0,,,,
C,6085,0.030336,0,0,0,,,,
C,6086,0.031706,0,0,0,,,,
C,6087,0.030364,0,0,0,,,,
C,6088,0.029946,0,0,0,,,,
C,6089,0.030449,0,0,0,,,,
C,6090,0.030858,0,0,0,,,,
C,6091,0.029916,0,0,0,,,,
C,6092,0.029986,0,0,0,,,,
C,6093,0.030234,0,0,0,,,,
C,6094,0.030531,0,0,0,,,,
C,6095,0.029321,0,0,0,,,,
C,6096,0.036226,0,0,0,,,,
C,6097,0.029827,0,0,0,,,,
C,6098,0.031325,0,0,0,,,,
C,6099,0.030585,0,0,0,,,,
C,6100,0.029229,0,0,0,,,,
C,6101,0.031675,0,0,0,,,,
C,6102,0.030798,0,0,0,,,,
C,6103,0.029968,0,0,0,,,,
C,6104,0.028380,0,0,0,,,,
C,6105,0.030671,0,0,0,,,,
C,6106,0.030936,0,0,0,,,,
C,6107,0.030502,0,0,0,,,,
C,6108,0.030430,0,0,0,,,,
C,6109,0.030116,0,0,0,,,,
C,6110,0.028623,0,0,0,,,,
C,6111,0.030225,0,0,0,,,,
C,6112,0.030805,0,0,0,,,,
C,6113,0.029720,0,0,0,,,,
C,6114,0.031564,0,0,0,,,,
C,6115,0.028944,0,0,0,,,,
C,6116,0.030967,0,0,0,,,,
C,6117,0.044652,0,0,0,,,,
C,6118,0.030395,0,0,0,,,,
C,6119,0.029858,0,0,0,,,,
C,6120,0.032588,0,0,0,,,,
C,6121,0.029252,0,0,0,,,,
C,6122,0.028069,0,0,0,,,,
C,6123,0.031419,0,0,0,,,,
C,6124,0.029927,0,0,0,,,,
C,6125,0.030778,0,0,0,,,,
C,6126,0.032257,0,0,0,,,,
C,6127,0.032304,0,0,0,,,,
C,6128,0.030292,0,0,0,,,,
C,6129,0.030706,0,0,0,,,,
C,6130,0.031953,0,0,0,,,,
C,6131,0.029566,0,0,0,,,,
C,6132,0.031176,0,0,0,,,,
C,6133,0.030922,0,0,0,,,,
C,6134,0.031036,0,0,0,,,,
C,6135,0.032158,0,0,0,,,,
C,6136,0.031635,0,0,0,,,,
C,6137,0.033038,0,0,0,,,,
C,6138,0.030312,0,0,0,,,,
C,6139,0.031114,0,0,0,,,,
C,6140,0.032971,0,0,0,,,,
C,6141,0.030896,0,0,0,,,,
C,6142,0.030418,0,0,0,,,,
C,6143,0.031793,0,0,0,,,,
C,6144,0.030668,0,0,0,,,,
C,6145,0.032748,0,0,0,,,,
C,6146,0.031306,0,0,0,,,,
C,6147,0.032267,0,0,0,,,,
C,6148,0.031118,0,0,0,,,,
C,6149,0.029529,0,0,0,,,,
C,6150,0.029984,0,0,0,,,,
C,6151,0.031004,0,0,0,,,,
C,6152,0.031812,0,0,0,,,,
C,6153,0.032165,0,0,0,,,,
C,6154,0.030493,0,0,0,,,,
C,6155,0.030574,0,0,0,,,,
C,6156,0.029187,0,0,0,,,,
C,6157,0.033768,0,0,0,,,,
C,6158,0.029920,0,0,0,,,,
C,6159,0.030512,0,0,0,,,,
C,6160,0.029036,0,0,0,,,,
C,6161,0.030426,0,0,0,,,,
C,6162,0.029044,0,0,0,,,,
C,6163,0.031182,0,0,0,,,,
C,6164,0.030374,0,0,0,,,,
C,6165,0.029688,0,0,0,,,,
C,6166,0.029330,0,0,0,,,,
C,6167,0.028902,0,0,0,,,,
C,6168,0.030053,0,0,0,,,,
C,6169,0.029722,0,0,0,,,,
C,6170,0.029136,0,0,0,,,,
C,6171,0.028750,0,0,0,,,,
C,6172,0.028012,0,0,0,,,,
C,6173,0.031445,0,0,0,,,,
C,6174,0.032234,0,0,0,,,,
C,6175,0.032231,0,0,0,,,,
C,6176,0.032735,0,0,0,,,,
C,6177,0.033123,0,0,0,,,,
C,6178,0.032467,0,0,0,,,,
C,6179,0.033129,0,0,0,,,,
C,6180,0.036134,0,0,0,,,,
C,6181,0.040899,0,0,0,,,,
C,6182,0.033103,0,0,0,,,,
C,6183,0.038252,0,0,0,,,,
C,6184,0.030061,0,0,0,,,,
C,6185,0.029623,0,0,0,,,,
C,6186,0.028511,0,0,0,,,,
C,6187,0.032309,0,0,0,,,,
C,6188,0.032146,0,0,0,,,,
C,6189,0.032981,0,0,0,,,,
C,6190,0.031992,0,0,0,,,,
C,6191,0.032523,0,0,0,,,,
C,6192,0.034232,0,0,0,,,,
C,6193,0.030756,0,0,0,,,,
C,6194,0.032669,0,0,0,,,,
C,6195,0.034718,0,0,0,,,,
C,6196,0.037534,0,0,0,,,,
C,6197,0.036496,0,0,0,,,,
C,6198,0.030077,0,0,0,,,,
C,6199,0.030489,0,0,0,,,,
C,6200,0.031096,0,0,0,,,,
C,6201,0.030678,0,0,0,,,,
C,6202,0.029733,0,0,0,,,,
C,6203,0.029732,0,0,0,,,,
C,6204,0.031978,0,0,0,,,,
C,6205,0.029852,0,0,0,,,,
C,6206,0.031355,0,0,0,,,,
C,6207,0.028875,0,0,0,,,,
C,6208,0.031256,0,0,0,,,,
C,6209,0.029291,0,0,0,,,,
C,6210,0.030817,0,0,0,,,,
C,6211,0.030960,0,0,0,,,,
C,6212,0.028557,0,0,0,,,,
C,6213,0.030476,0,0,0,,,,
C,6214,0.030631,0,0,0,,,,
C,6215,0.030462,0,0,0,,,,
C,6216,0.030028,0,0,0,,,,
C,6217,0.027535,0,0,0,,,,
C,6218,0.029547,0,0,0,,,,
C,6219,0.029697,0,0,0,,,,
C,6220,0.029095,0,0,0,,,,
C,6221,0.032051,0,0,0,,,,
C,6222,0.028182,0,0,0,,,,
C,6223,0.030530,0,0,0,,,,
C,6224,0.029565,0,0,0,,,,
C,6225,0.030038,0,0,0,,,,
C,6226,0.031609,0,0,0,,,,
C,6227,0.029563,0,0,0,,,,
C,6228,0.031855,0,0,0,,,,
C,6229,0.032017,0,0,0,,,,
C,6230,0.030399,0,0,0,,,,
C,6231,0.029540,0,0,0,,,,
C,6232,0.029507,0,0,0,,,,
C,6233,0.029609,0,0,0,,,,
C,6234,0.029958,0,0,0,,,,
C,6235,0.028879,0,0,0,,,,
C,6236,0.030288,0,0,0,,,,
C,6237,0.030880,0,0,0,,,,
C,6238,0.028843,0,0,0,,,,
C,6239,0.029516,0,0,0,,,,
C,6240,0.028659,0,0,0,,,,
C,6241,0.031178,0,0,0,,,,
C,6242,0.031118,0,0,0,,,,
C,6243,0.031241,0,0,0,,,,
C,6244,0.033972,0,0,0,,,,
C,6245,0.029926,0,0,0,,,,
C,6246,0.029113,0,0,0,,,,
C,6247,0.030925,0,0,0,,,,
C,6248,0.029858,0,0,0,,,,
C,6249,0.029965,0,0,0,,,,
C,6250,0.029582,0,0,0,,,,
C,6251,0.030706,0,0,0,,,,
C,6252,0.030129,0,0,0,,,,
C,6253,0.029156,0,0,0,,,,
C,6254,0.030484,0,0,0,,,,
C,6255,0.028417,0,0,0,,,,
C,6256,0.030585,0,0,0,,,,
C,6257,0.029021,0,0,0,,,,
C,6258,0.030123,0,0,0,,,,
C,6259,0.029850,0,0,0,,,,
C,6260,0.030577,0,0,0,,,,
C,6261,0.029880,0,0,0,,,,
C,6262,0.028744,0,0,0,,,,
C,6263,0.028811,0,0,0,,,,
C,6264,0.029607,0,0,0,,,,
C,6265,0.028872,0,0,0,,,,
C,6266,0.029434,0,0,0,,,,
C,6267,0.029457,0,0,0,,,,
C,6268,0.030394,0,0,0,,,,
C,6269,0.029533,0,0,0,,,,
C,6270,0.029103,0,0,0,,,,
C,6271,0.030149,0,0,0,,,,
C,6272,0.030783,0,0,0,,,,
C,6273,0.029360,0,0,0,,,,
C,6274,0.028930,0,0,0,,,,
C,6275,0.032267,0,0,0,,,,
C,6276,0.029789,0,0,0,,,,
C,6277,0.029125,0,0,0,,,,
C,6278,0.030878,0,0,0,,,,
C,6279,0.029479,0,0,0,,,,
C,6280,0.030026,0,0,0,,,,
C,6281,0.031252,0,0,0,,,,
C,6282,0.030789,0,0,0,,,,
C,6283,0.030980,0,0,0,,,,
C,6284,0.030913,0,0,0,,,,
C,6285,0.030220,0,0,0,,,,
C,6286,0.031182,0,0,0,,,,
C,6287,0.029913,0,0,0,,,,
C,6288,0.030993,0,0,0,,,,
C,6289,0.029660,0,0,0,,,,
C,6290,0.029314,0,0,0,,,,
C,6291,0.028606,0,0,0,,,,
C,6292,0.032060,0,0,0,,,,
C,6293,0.032063,0,0,0,,,,
C,6294,0.029326,0,0,0,,,,
C,6295,0.031644,0,0,0,,,,
C,6296,0.030230,0,0,0,,,,
C,6297,0.029919,0,0,0,,,,
C,6298,0.028809,0,0,0,,,,
C,6299,0.029672,0,0,0,,,,
C,6300,0.031571,0,0,0,,,,
C,6301,0.029063,0,0,0,,,,
C,6302,0.030431,0,0,0,,,,
C,6303,0.028794,0,0,0,,,,
C,6304,0.029251,0,0,0,,,,
C,6305,0.029885,0,0,0,,,,
C,6306,0.030653,0,0,0,,,,
C,6307,0.031388,0,0,0,,,,
C,6308,0.030563,0,0,0,,,,
C,6309,0.029779,0,0,0,,,,
C,6310,0.030621,0,0,0,,,,
C,6311,0.030085,0,0,0,,,,
C,6312,0.029199,0,0,0,,,,
C,6313,0.028907,0,0,0,,,,
C,6314,0.030185,0,0,0,,,,
C,6315,0.030113,0,0,0,,,,
C,6316,0.028795,0,0,0,,,,
C,6317,0.031521,0,0,0,,,,
C,6318,0.029972,0,0,0,,,,
C,6319,0.031191,0,0,0,,,,
C,6320,0.030746,0,0,0,,,,
C,6321,0.030433,0,0,0,,,,
C,6322,0.029864,0,0,0,,,,
C,6323,0.031754,0,0,0,,,,
C,6324,0.029239,0,0,0,,,,
C,6325,0.031265,0,0,0,,,,
C,6326,0.030747,0,0,0,,,,
C,6327,0.030659,0,0,0,,,,
C,6328,0.031148,0,0,0,,,,
C,6329,0.030963,0,0,0,,,,
C,6330,0.029579,0,0,0,,,,
C,6331,0.028231,0,0,0,,,,
C,6332,0.030844,0,0,0,,,,
C,6333,0.028730,0,0,0,,,,
C,6334,0.030008,0,0,0,,,,
C,6335,0.029975,0,0,0,,,,
C,6336,0.032088,0,0,0,,,,
C,6337,0.028656,0,0,0,,,,
C,6338,0.028997,0,0,0,,,,
C,6339,0.029640,0,0,0,,,,
C,6340,0.030803,0,0,0,,,,
C,6341,0.031009,0,0,0,,,,
C,6342,0.028631,0,0,0,,,,
C,6343,0.030447,0,0,0,,,,
C,6344,0.030350,0,0,0,,,,
C,6345,0.029098,0,0,0,,,,
C,6346,0.029754,0,0,0,,,,
C,6347,0.029921,0,0,0,,,,
C,6348,0.030006,0,0,0,,,,
C,6349,0.030893,0,0,0,,,,
C,6350,0.029650,0,0,0,,,,
C,6351,0.029095,0,0,0,,,,
C,6352,0.030803,0,0,0,,,,
C,6353,0.029690,0,0,0,,,,
C,6354,0.029381,0,0,0,,,,
C,6355,0.029950,0,0,0,,,,
C,6356,0.029836,0,0,0,,,,
C,6357,0.029226,0,0,0,,,,
C,6358,0.028955,0,0,0,,,,
C,6359,0.029311,0,0,0,,,,
C,6360,0.030599,0,0,0,,,,
C,6361,0.029119,0,0,0,,,,
C,6362,0.030851,0,0,0,,,,
C,6363,0.030412,0,0,0,,,,
C,6364,0.030485,0,0,0,,,,
C,6365,0.030389,0,0,0,,,,
C,6366,0.029172,0,0,0,,,,
C,6367,0.029283,0,0,0,,,,
C,6368,0.030071,0,0,0,,,,
C,6369,0.031316,0,0,0,,,,
C,6370,0.030437,0,0,0,,,,
C,6371,0.032810,0,0,0,,,,
C,6372,0.029705,0,0,0,,,,
C,6373,0.028433,0,0,0,,,,
C,6374,0.029587,0,0,0,,,,
C,6375,0.030348,0,0,0,,,,
C,6376,0.029370,0,0,0,,,,
C,6377,0.029419,0,0,0,,,,
C,6378,0.031189,0,0,0,,,,
C,6379,0.032149,0,0,0,,,,
C,6380,0.028334,0,0,0,,,,
C,6381,0.029351,0,0,0,,,,
C,6382,0.030811,0,0,0,,,,
C,6383,0.029585,0,0,0,,,,
C,6384,0.031811,0,0,0,,,,
C,6385,0.033477,0,0,0,,,,
C,6386,0.029711,0,0,0,,,,
C,6387,0.030265,0,0,0,,,,
C,6388,0.029184,0,0,0,,,,
C,6389,0.028713,0,0,0,,,,
C,6390,0.029242,0,0,0,,,,
C,6391,0.030370,0,0,0,,,,
C,6392,0.028467,0,0,0,,,,
C,6393,0.029758,0,0,0,,,,
C,6394,0.029585,0,0,0,,,,
C,6395,0.029688,0,0,0,,,,
C,6396,0.028724,0,0,0,,,,
C,6397,0.030422,0,0,0,,,,
C,6398,0.028257,0,0,0,,,,
C,6399,0.029340,0,0,0,,,,
C,6400,0.029616,0,0,0,,,,
C,6401,0.028553,0,0,0,,,,
C,6402,0.030122,0,0,0,,,,
C,6403,0.029864,0,0,0,,,,
C,6404,0.031093,0,0,0,,,,
C,6405,0.031154,0,0,0,,,,
C,6406,0.029228,0,0,0,,,,
C,6407,0.029294,0,0,0,,,,
C,6408,0.030335,0,0,0,,,,
C,6409,0.029852,0,0,0,,,,
C,6410,0.027915,0,0,0,,,,
C,6411,0.029962,0,0,0,,,,
C,6412,0.030165,0,0,0,,,,
C,6413,0.030307,0,0,0,,,,
C,6414,0.029945,0,0,0,,,,
C,6415,0.028738,0,0,0,,,,
C,6416,0.030412,0,0,0,,,,
C,6417,0.042328,0,0,0,,,,
C,6418,0.035904,0,0,0,,,,
C,6419,0.034862,0,0,0,,,,
C,6420,0.032032,0,0,0,,,,
C,6421,0.032013,0,0,0,,,,
C,6422,0.031823,0,0,0,,,,
C,6423,0.042311,0,0,0,,,,
C,6424,0.030907,0,0,0,,,,
C,6425,0.035350,0,0,0,,,,
C,6426,0.031390,0,0,0,,,,
C,6427,0.031766,0,0,0,,,,
C,6428,0.032387,0,0,0,,,,
C,6429,0.028470,0,0,0,,,,
C,6430,0.030887,0,0,0,,,,
C,6431,0.031277,0,0,0,,,,
C,6432,0.028975,0,0,0,,,,
C,6433,0.031791,0,0,0,,,,
C,6434,0.030106,0,0,0,,,,
C,6435,0.031551,0,0,0,,,,
C,6436,0.029667,0,0,0,,,,
C,6437,0.029880,0,0,0,,,,
C,6438,0.029557,0,0,0,,,,
C,6439,0.030164,0,0,0,,,,
C,6440,0.029416,0,0,0,,,,
C,6441,0.028311,0,0,0,,,,
C,6442,0.030949,0,0,0,,,,
C,6443,0.031108,0,0,0,,,,
C,6444,0.030539,0,0,0,,,,
C,6445,0.032373,0,0,0,,,,
C,6446,0.030659,0,0,0,,,,
C,6447,0.029143,0,0,0,,,,
C,6448,0.030225,0,0,0,,,,
C,6449,0.029303,0,0,0,,,,
C,6450,0.033240,0,0,0,,,,
C,6451,0.031540,0,0,0,,,,
C,6452,0.029549,0,0,0,,,,
C,6453,0.032174,0,0,0,,,,
C,6454,0.029805,0,0,0,,,,
C,6455,0.031680,0,0,0,,,,
C,6456,0.030080,0,0,0,,,,
C,6457,0.029133,0,0,0,,,,
C,6458,0.029581,0,0,0,,,,
C,6459,0.031632,0,0,0,,,,
C,6460,0.029383,0,0,0,,,,
C,6461,0.030616,0,0,0,,,,
C,6462,0.031157,0,0,0,,,,
C,6463,0.029590,0,0,0,,,,
C,6464,0.030650,0,0,0,,,,
C,6465,0.031689,0,0,0,,,,
C,6466,0.028464,0,0,0,,,,
C,6467,0.028796,0,0,0,,,,
C,6468,0.029338,0,0,0,,,,
C,6469,0.032073,0,0,0,,,,
C,6470,0.031113,0,0,0,,,,
C,6471,0.031626,0,0,0,,,,
C,6472,0.032391,0,0,0,,,,
C,6473,0.038862,0,0,0,,,,
C,6474,0.040825,0,0,0,,,,
C,6475,0.040736,0,0,0,,,,
C,6476,0.039110,0,0,0,,,,
C,6477,0.039938,0,0,0,,,,
C,6478,0.036832,0,0,0,,,,
C,6479,0.037035,0,0,0,,,,
C,6480,0.036072,0,0,0,,,,
C,6481,0.034164,0,0,0,,,,
C,6482,0.034163,0,0,0,,,,
C,6483,0.037255,0,0,0,,,,
C,6484,0.031956,0,0,0,,,,
C,6485,0.030521,0,0,0,,,,
C,6486,0.030240,0,0,0,,,,
C,6487,0.030244,0,0,0,,,,
C,6488,0.030721,0,0,0,,,,
C,6489,0.030389,0,0,0,,,,
C,6490,0.030030,0,0,0,,,,
C,6491,0.030328,0,0,0,,,,
C,6492,0.033635,0,0,0,,,,
C,6493,0.029633,0,0,0,,,,
C,6494,0.029467,0,0,0,,,,
C,6495,0.029357,0,0,0,,,,
C,6496,0.029870,0,0,0,,,,
C,6497,0.030447,0,0,0,,,,
C,6498,0.030917,0,0,0,,,,
C,6499,0.032032,0,0,0,,,,
C,6500,0.031601,0,0,0,,,,
C,6501,0.033109,0,0,0,,,,
C,6502,0.031168,0,0,0,,,,
C,6503,0.029981,0,0,0,,,,
C,6504,0.030503,0,0,0,,,,
C,6505,0.031611,0,0,0,,,,
C,6506,0.029514,0,0,0,,,,
C,6507,0.029974,0,0,0,,,,
C,6508,0.029866,0,0,0,,,,
C,6509,0.030512,0,0,0,,,,
C,6510,0.030270,0,0,0,,,,
C,6511,0.030522,0,0,0,,,,
C,6512,0.030755,0,0,0,,,,
C,6513,0.033912,0,0,0,,,,
C,6514,0.030118,0,0,0,,,,
C,6515,0.032321,0,0,0,,,,
C,6516,0.029248,0,0,0,,,,
C,6517,0.030101,0,0,0,,,,
C,6518,0.031066,0,0,0,,,,
C,6519,0.030147,0,0,0,,,,
C,6520,0.030244,0,0,0,,,,
C,6521,0.029898,0,0,0,,,,
C,6522,0.029810,0,0,0,,,,
C,6523,0.030290,0,0,0,,,,
C,6524,0.029300,0,0,0,,,,
C,6525,0.030630,0,0,0,,,,
C,6526,0.032863,0,0,0,,,,
C,6527,0.033679,0,0,0,,,,
C,6528,0.031308,0,0,0,,,,
C,6529,0.030615,0,0,0,,,,
C,6530,0.031246,0,0,0,,,,
C,6531,0.029371,0,0,0,,,,
C,6532,0.030806,0,0,0,,,,
C,6533,0.030323,0,0,0,,,,
C,6534,0.030542,0,0,0,,,,
C,6535,0.030550,0,0,0,,,,
C,6536,0.031531,0,0,0,,,,
C,6537,0.031551,0,0,0,,,,
C,6538,0.032564,0,0,0,,,,
C,6539,0.028435,0,0,0,,,,
C,6540,0.030348,0,0,0,,,,
C,6541,0.030872,0,0,0,,,,
C,6542,0.032337,0,0,0,,,,
C,6543,0.030816,0,0,0,,,,
C,6544,0.031688,0,0,0,,,,
C,6545,0.031069,0,0,0,,,,
C,6546,0.031390,0,0,0,,,,
C,6547,0.030287,0,0,0,,,,
C,6548,0.029574,0,0,0,,,,
C,6549,0.032779,0,0,0,,,,
C,6550,0.032316,0,0,0,,,,
C,6551,0.031766,0,0,0,,,,
C,6552,0.031106,0,0,0,,,,
C,6553,0.030238,0,0,0,,,,
C,6554,0.030542,0,0,0,,,,
C,6555,0.033821,0,0,0,,,,
C,6556,0.037826,0,0,0,,,,
C,6557,0.033364,0,0,0,,,,
C,6558,0.031744,0,0,0,,,,
C,6559,0.039664,0,0,0,,,,
C,6560,0.032185,0,0,0,,,,
C,6561,0.041659,0,0,0,,,,
C,6562,0.034535,0,0,0,,,,
C,6563,0.040661,0,0,0,,,,
C,6564,0.032249,0,0,0,,,,
C,6565,0.036069,0,0,0,,,,
C,6566,0.034409,0,0,0,,,,
C,6567,0.030237,0,0,0,,,,
C,6568,0.030776,0,0,0,,,,
C,6569,0.031325,0,0,0,,,,
C,6570,0.032159,0,0,0,,,,
C,6571,0.031075,0,0,0,,,,
C,6572,0.032704,0,0,0,,,,
C,6573,0.031283,0,0,0,,,,
C,6574,0.030959,0,0,0,,,,
C,6575,0.032166,0,0,0,,,,
C,6576,0.032459,0,0,0,,,,
C,6577,0.030897,0,0,0,,,,
C,6578,0.038209,0,0,0,,,,
C,6579,0.033927,0,0,0,,,,
C,6580,0.031817,0,0,0,,,,
C,6581,0.032323,0,0,0,,,,
C,6582,0.030516,0,0,0,,,,
C,6583,0.029744,0,0,0,,,,
C,6584,0.030756,0,0,0,,,,
C,6585,0.030172,0,0,0,,,,
C,6586,0.032477,0,0,0,,,,
C,6587,0.031607,0,0,0,,,,
C,6588,0.030492,0,0,0,,,,
C,6589,0.029405,0,0,0,,,,
C,6590,0.030105,0,0,0,,,,
C,6591,0.031585,0,0,0,,,,
C,6592,0.030894,0,0,0,,,,
C,6593,0.029211,0,0,0,,,,
C,6594,0.030738,0,0,0,,,,
C,6595,0.030663,0,0,0,,,,
C,6596,0.032154,0,0,0,,,,
C,6597,0.032475,0,0,0,,,,
C,6598,0.032037,0,0,0,,,,
C,6599,0.029304,0,0,0,,,,
C,6600,0.031081,0,0,0,,,,
C,6601,0.032326,0,0,0,,,,
C,6602,0.029088,0,0,0,,,,
C,6603,0.030687,0,0,0,,,,
C,6604,0.031399,0,0,0,,,,
C,6605,0.030617,0,0,0,,,,
C,6606,0.029110,0,0,0,,,,
C,6607,0.030186,0,0,0,,,,
C,6608,0.031571,0,0,0,,,,
C,6609,0.030033,0,0,0,,,,
C,6610,0.029980,0,0,0,,,,
C,6611,0.032620,0,0,0,,,,
C,6612,0.032081,0,0,0,,,,
C,6613,0.031782,0,0,0,,,,
C,6614,0.030446,0,0,0,,,,
C,6615,0.031492,0,0,0,,,,
C,6616,0.031213,0,0,0,,,,
C,6617,0.030854,0,0,0,,,,
C,6618,0.031942,0,0,0,,,,
C,6619,0.032308,0,0,0,,,,
C,6620,0.031092,0,0,0,,,,
C,6621,0.029409,0,0,0,,,,
C,6622,0.032646,0,0,0,,,,
C,6623,0.029918,0,0,0,,,,
C,6624,0.030113,0,0,0,,,,
C,6625,0.029496,0,0,0,,,,
C,6626,0.029904,0,0,0,,,,
C,6627,0.030378,0,0,0,,,,
C,6628,0.030201,0,0,0,,,,
C,6629,0.030602,0,0,0,,,,
C,6630,0.029095,0,0,0,,,,
C,6631,0.030811,0,0,0,,,,
C,6632,0.031242,0,0,0,,,,
C,6633,0.031447,0,0,0,,,,
C,6634,0.030698,0,0,0,,,,
C,6635,0.031686,0,0,0,,,,
C,6636,0.030552,0,0,0,,,,
C,6637,0.030103,0,0,0,,,,
C,6638,0.031700,0,0,0,,,,
C,6639,0.030941,0,0,0,,,,
C,6640,0.030950,0,0,0,,,,
C,6641,0.030376,0,0,0,,,,
C,6642,0.031138,0,0,0,,,,
C,6643,0.031077,0,0,0,,,,
C,6644,0.030865,0,0,0,,,,
C,6645,0.031933,0,0,0,,,,
C,6646,0.030369,0,0,0,,,,
C,6647,0.030156,0,0,0,,,,
C,6648,0.030315,0,0,0,,,,
C,6649,0.030921,0,0,0,,,,
C,6650,0.030824,0,0,0,,,,
C,6651,0.033231,0,0,0,,,,
C,6652,0.031225,0,0,0,,,,
C,6653,0.031119,0,0,0,,,,
C,6654,0.031357,0,0,0,,,,
C,6655,0.031345,0,0,0,,,,
C,6656,0.031902,0,0,0,,,,
C,6657,0.031876,0,0,0,,,,
C,6658,0.030307,0,0,0,,,,
C,6659,0.031951,0,0,0,,,,
C,6660,0.030870,0,0,0,,,,
C,6661,0.031925,0,0,0,,,,
C,6662,0.032260,0,0,0,,,,
C,6663,0.031328,0,0,0,,,,
C,6664,0.031319,0,0,0,,,,
C,6665,0.029508,0,0,0,,,,
C,6666,0.029196,0,0,0,,,,
C,6667,0.032617,0,0,0,,,,
C,6668,0.032167,0,0,0,,,,
C,6669,0.033302,0,0,0,,,,
C,6670,0.029895,0,0,0,,,,
C,6671,0.031123,0,0,0,,,,
C,6672,0.035535,0,0,0,,,,
C,6673,0.033132,0,0,0,,,,
C,6674,0.032409,0,0,0,,,,
C,6675,0.031273,0,0,0,,,,
C,6676,0.031492,0,0,0,,,,
C,6677,0.030432,0,0,0,,,,
C,6678,0.031363,0,0,0,,,,
C,6679,0.030633,0,0,0,,,,
C,6680,0.030432,0,0,0,,,,
C,6681,0.032260,0,0,0,,,,
C,6682,0.030605,0,0,0,,,,
C,6683,0.031682,0,0,0,,,,
C,6684,0.030979,0,0,0,,,,
C,6685,0.029719,0,0,0,,,,
C,6686,0.032824,0,0,0,,,,
C,6687,0.030999,0,0,0,,,,
C,6688,0.030726,0,0,0,,,,
C,6689,0.030226,0,0,0,,,,
C,6690,0.031764,0,0,0,,,,
C,6691,0.031045,0,0,0,,,,
C,6692,0.031190,0,0,0,,,,
C,6693,0.030327,0,0,0,,,,
C,6694,0.031277,0,0,0,,,,
C,6695,0.032825,0,0,0,,,,
C,6696,0.029800,0,0,0,,,,
C,6697,0.033837,0,0,0,,,,
C,6698,0.032980,0,0,0,,,,
C,6699,0.032411,0,0,0,,,,
C,6700,0.032909,0,0,0,,,,
C,6701,0.031300,0,0,0,,,,
C,6702,0.030953,0,0,0,,,,
C,6703,0.050648,0,0,0,,,,
C,6704,0.033922,0,0,0,,,,
C,6705,0.032118,0,0,0,,,,
C,6706,0.031187,0,0,0,,,,
C,6707,0.029977,0,0,0,,,,
C,6708,0.032810,0,0,0,,,,
C,6709,0.030622,0,0,0,,,,
C,6710,0.030693,0,0,0,,,,
C,6711,0.031198,0,0,0,,,,
C,6712,0.031584,0,0,0,,,,
C,6713,0.030412,0,0,0,,,,
C,6714,0.030235,0,0,0,,,,
C,6715,0.030846,0,0,0,,,,
C,6716,0.031479,0,0,0,,,,
C,6717,0.030897,0,0,0,,,,
C,6718,0.032981,0,0,0,,,,
C,6719,0.029908,0,0,0,,,,
C,6720,0.033153,0,0,0,,,,
C,6721,0.030412,0,0,0,,,,
C,6722,0.030178,0,0,0,,,,
C,6723,0.031203,0,0,0,,,,
C,6724,0.030597,0,0,0,,,,
C,6725,0.033218,0,0,0,,,,
C,6726,0.032024,0,0,0,,,,
C,6727,0.030290,0,0,0,,,,
C,6728,0.030703,0,0,0,,,,
C,6729,0.033092,0,0,0,,,,
C,6730,0.031451,0,0,0,,,,
C,6731,0.031833,0,0,0,,,,
C,6732,0.031543,0,0,0,,,,
C,6733,0.029288,0,0,0,,,,
C,6734,0.029840,0,0,0,,,,
C,6735,0.030229,0,0,0,,,,
C,6736,0.029848,0,0,0,,,,
C,6737,0.029777,0,0,0,,,,
C,6738,0.030777,0,0,0,,,,
C,6739,0.031524,0,0,0,,,,
C,6740,0.033307,0,0,0,,,,
C,6741,0.030500,0,0,0,,,,
C,6742,0.030319,0,0,0,,,,
C,6743,0.031263,0,0,0,,,,
C,6744,0.030841,0,0,0,,,,
C,6745,0.030482,0,0,0,,,,
C,6746,0.032048,0,0,0,,,,
C,6747,0.030463,0,0,0,,,,
C,6748,0.030944,0,0,0,,,,
C,6749,0.035581,0,0,0,,,,
C,6750,0.036303,0,0,0,,,,
C,6751,0.032824,0,0,0,,,,
C,6752,0.035251,0,0,0,,,,
C,6753,0.033003,0,0,0,,,,
C,6754,0.032183,0,0,0,,,,
C,6755,0.036007,0,0,0,,,,
C,6756,0.034510,0,0,0,,,,
C,6757,0.037599,0,0,0,,,,
C,6758,0.031273,0,0,0,,,,
C,6759,0.036099,0,0,0,,,,
C,6760,0.037136,0,0,0,,,,
C,6761,0.031976,0,0,0,,,,
C,6762,0.032947,0,0,0,,,,
C,6763,0.032304,0,0,0,,,,
C,6764,0.032667,0,0,0,,,,
C,6765,0.034096,0,0,0,,,,
C,6766,0.032995,0,0,0,,,,
C,6767,0.031589,0,0,0,,,,
C,6768,0.032374,0,0,0,,,,
C,6769,0.032408,0,0,0,,,,
C,6770,0.033659,0,0,0,,,,
C,6771,0.046936,0,0,0,,,,
C,6772,0.067458,0,0,0,,,,
C,6773,0.046299,0,0,0,,,,
C,6774,0.043109,0,0,0,,,,
C,6775,0.035060,0,0,0,,,,
C,6776,0.032672,0,0,0,,,,
C,6777,0.031865,0,0,0,,,,
C,6778,0.035922,0,0,0,,,,
C,6779,0.033885,0,0,0,,,,
C,6780,0.032417,0,0,0,,,,
C,6781,0.032124,0,0,0,,,,
C,6782,0.031965,0,0,0,,,,
C,6783,0.033541,0,0,0,,,,
C,6784,0.030997,0,0,0,,,,
C,6785,0.033246,0,0,0,,,,
C,6786,0.032577,0,0,0,,,,
C,6787,0.030711,0,0,0,,,,
C,6788,0.031136,0,0,0,,,,
C,6789,0.031874,0,0,0,,,,
C,6790,0.032415,0,0,0,,,,
C,6791,0.032113,0,0,0,,,,
C,6792,0.031562,0,0,0,,,,
C,6793,0.029179,0,0,0,,,,
C,6794,0.030719,0,0,0,,,,
C,6795,0.031674,0,0,0,,,,
C,6796,0.031358,0,0,0,,,,
C,6797,0.032671,0,0,0,,,,
C,6798,0.032092,0,0,0,,,,
C,6799,0.037851,0,0,0,,,,
C,6800,0.033875,0,0,0,,,,
C,6801,0.034677,0,0,0,,,,
C,6802,0.033519,0,0,0,,,,
C,6803,0.032826,0,0,0,,,,
C,6804,0.034122,0,0,0,,,,
C,6805,0.034854,0,0,0,,,,
C,6806,0.033692,0,0,0,,,,
C,6807,0.033211,0,0,0,,,,
C,6808,0.030445,0,0,0,,,,
C,6809,0.031537,0,0,0,,,,
C,6810,0.031482,0,0,0,,,,
C,6811,0.031922,0,0,0,,,,
C,6812,0.041648,0,0,0,,,,
C,6813,0.031809,0,0,0,,,,
C,6814,0.032319,0,0,0,,,,
C,6815,0.036491,0,0,0,,,,
C,6816,0.034549,0,0,0,,,,
C,6817,0.032617,0,0,0,,,,
C,6818,0.033365,0,0,0,,,,
C,6819,0.030503,0,0,0,,,,
C,6820,0.033134,0,0,0,,,,
C,6821,0.034565,0,0,0,,,,
C,6822,0.033517,0,0,0,,,,
C,6823,0.033691,0,0,0,,,,
C,6824,0.030819,0,0,0,,,,
C,6825,0.031815,0,0,0,,,,
C,6826,0.029912,0,0,0,,,,
C,6827,0.030670,0,0,0,,,,
C,6828,0.030655,0,0,0,,,,
C,6829,0.031550,0,0,0,,,,
C,6830,0.030860,0,0,0,,,,
C,6831,0.031716,0,0,0,,,,
C,6832,0.031614,0,0,0,,,,
C,6833,0.030395,0,0,0,,,,
C,6834,0.031671,0,0,0,,,,
C,6835,0.029968,0,0,0,,,,
C,6836,0.030346,0,0,0,,,,
C,6837,0.031671,0,0,0,,,,
C,6838,0.031495,0,0,0,,,,
C,6839,0.034159,0,0,0,,,,
C,6840,0.034614,0,0,0,,,,
C,6841,0.031918,0,0,0,,,,
C,6842,0.034669,0,0,0,,,,
C,6843,0.033652,0,0,0,,,,
C,6844,0.034528,0,0,0,,,,
C,6845,0.032589,0,0,0,,,,
C,6846,0.033657,0,0,0,,,,
C,6847,0.033299,0,0,0,,,,
C,6848,0.034771,0,0,0,,,,
C,6849,0.030526,0,0,0,,,,
C,6850,0.036261,0,0,0,,,,
C,6851,0.029605,0,0,0,,,,
C,6852,0.032166,0,0,0,,,,
C,6853,0.035499,0,0,0,,,,
C,6854,0.032471,0,0,0,,,,
C,6855,0.033438,0,0,0,,,,
C,6856,0.032591,0,0,0,,,,
C,6857,0.032060,0,0,0,,,,
C,6858,0.030351,0,0,0,,,,
C,6859,0.029650,0,0,0,,,,
C,6860,0.033297,0,0,0,,,,
C,6861,0.030077,0,0,0,,,,
C,6862,0.030737,0,0,0,,,,
C,6863,0.030482,0,0,0,,,,
C,6864,0.031946,0,0,0,,,,
C,6865,0.031572,0,0,0,,,,
C,6866,0.030467,0,0,0,,,,
C,6867,0.033477,0,0,0,,,,
C,6868,0.030291,0,0,0,,,,
C,6869,0.041825,0,0,0,,,,
C,6870,0.038450,0,0,0,,,,
C,6871,0.032336,0,0,0,,,,
C,6872,0.033985,0,0,0,,,,
C,6873,0.034463,0,0,0,,,,
C,6874,0.033025,0,0,0,,,,
C,6875,0.028917,0,0,0,,,,
C,6876,0.028270,0,0,0,,,,
C,6877,0.030540,0,0,0,,,,
C,6878,0.029891,0,0,0,,,,
C,6879,0.030462,0,0,0,,,,
C,6880,0.030176,0,0,0,,,,
C,6881,0.031493,0,0,0,,,,
C,6882,0.029117,0,0,0,,,,
C,6883,0.030256,0,0,0,,,,
C,6884,0.030913,0,0,0,,,,
C,6885,0.031225,0,0,0,,,,
C,6886,0.031649,0,0,0,,,,
C,6887,0.032708,0,0,0,,,,
C,6888,0.035909,0,0,0,,,,
C,6889,0.032287,0,0,0,,,,
C,6890,0.033856,0,0,0,,,,
C,6891,0.036210,0,0,0,,,,
C,6892,0.031702,0,0,0,,,,
C,6893,0.030074,0,0,0,,,,
C,6894,0.031729,0,0,0,,,,
C,6895,0.031173,0,0,0,,,,
C,6896,0.031753,0,0,0,,,,
C,6897,0.028945,0,0,0,,,,
C,6898,0.028867,0,0,0,,,,
C,6899,0.028810,0,0,0,,,,
C,6900,0.028442,0,0,0,,,,
C,6901,0.028818,0,0,0,,,,
C,6902,0.032425,0,0,0,,,,
C,6903,0.029085,0,0,0,,,,
C,6904,0.030224,0,0,0,,,,
C,6905,0.032371,0,0,0,,,,
C,6906,0.033321,0,0,0,,,,
C,6907,0.034288,0,0,0,,,,
C,6908,0.031980,0,0,0,,,,
C,6909,0.032620,0,0,0,,,,
C,6910,0.032862,0,0,0,,,,
C,6911,0.032599,0,0,0,,,,
C,6912,0.030439,0,0,0,,,,
C,6913,0.029381,0,0,0,,,,
C,6914,0.027757,0,0,0,,,,
C,6915,0.029617,0,0,0,,,,
C,6916,0.029854,0,0,0,,,,
C,6917,0.028990,0,0,0,,,,
C,6918,0.031163,0,0,0,,,,
C,6919,0.031408,0,0,0,,,,
C,6920,0.033864,0,0,0,,,,
C,6921,0.031946,0,0,0,,,,
C,6922,0.030228,0,0,0,,,,
C,6923,0.033121,0,0,0,,,,
C,6924,0.030713,0,0,0,,,,
C,6925,0.032637,0,0,0,,,,
C,6926,0.033139,0,0,0,,,,
C,6927,0.030724,0,0,0,,,,
C,6928,0.030755,0,0,0,,,,
C,6929,0.029255,0,0,0,,,,
C,6930,0.029778,0,0,0,,,,
C,6931,0.031241,0,0,0,,,,
C,6932,0.028711,0,0,0,,,,
C,6933,0.030052,0,0,0,,,,
C,6934,0.031580,0,0,0,,,,
C,6935,0.031617,0,0,0,,,,
C,6936,0.031004,0,0,0,,,,
C,6937,0.033840,0,0,0,,,,
C,6938,0.031257,0,0,0,,,,
C,6939,0.031066,0,0,0,,,,
C,6940,0.032490,0,0,0,,,,
C,6941,0.030662,0,0,0,,,,
C,6942,0.033486,0,0,0,,,,
C,6943,0.031810,0,0,0,,,,
C,6944,0.034053,0,0,0,,,,
C,6945,0.031997,0,0,0,,,,
C,6946,0.031433,0,0,0,,,,
C,6947,0.028680,0,0,0,,,,
C,6948,0.031747,0,0,0,,,,
C,6949,0.031336,0,0,0,,,,
C,6950,0.031024,0,0,0,,,,
C,6951,0.029850,0,0,0,,,,
C,6952,0.030780,0,0,0,,,,
C,6953,0.030312,0,0,0,,,,
C,6954,0.030600,0,0,0,,,,
C,6955,0.031333,0,0,0,,,,
C,6956,0.029837,0,0,0,,,,
C,6957,0.032510,0,0,0,,,,
C,6958,0.031179,0,0,0,,,,
C,6959,0.032308,0,0,0,,,,
C,6960,0.032381,0,0,0,,,,
C,6961,0.031339,0,0,0,,,,
C,6962,0.030054,0,0,0,,,,
C,6963,0.030055,0,0,0,,,,
C,6964,0.029832,0,0,0,,,,
C,6965,0.028563,0,0,0,,,,
C,6966,0.028675,0,0,0,,,,
C,6967,0.028718,0,0,0,,,,
C,6968,0.030774,0,0,0,,,,
C,6969,0.031172,0,0,0,,,,
C,6970,0.030758,0,0,0,,,,
C,6971,0.030513,0,0,0,,,,
C,6972,0.030106,0,0,0,,,,
C,6973,0.029995,0,0,0,,,,
C,6974,0.029287,0,0,0,,,,
C,6975,0.030975,0,0,0,,,,
C,6976,0.029212,0,0,0,,,,
C,6977,0.030475,0,0,0,,,,
C,6978,0.036472,0,0,0,,,,
C,6979,0.033782,0,0,0,,,,
C,6980,0.036012,0,0,0,,,,
C,6981,0.033529,0,0,0,,,,
C,6982,0.032883,0,0,0,,,,
C,6983,0.032630,0,0,0,,,,
C,6984,0.037008,0,0,0,,,,
C,6985,0.030622,0,0,0,,,,
C,6986,0.034094,0,0,0,,,,
C,6987,0.032919,0,0,0,,,,
C,6988,0.028833,0,0,0,,,,
C,6989,0.030650,0,0,0,,,,
C,6990,0.030382,0,0,0,,,,
C,6991,0.032612,0,0,0,,,,
C,6992,0.030396,0,0,0,,,,
C,6993,0.031340,0,0,0,,,,
C,6994,0.032221,0,0,0,,,,
C,6995,0.031254,0,0,0,,,,
C,6996,0.030226,0,0,0,,,,
C,6997,0.032175,0,0,0,,,,
C,6998,0.031948,0,0,0,,,,
C,6999,0.030953,0,0,0,,,,
C,7000,0.031341,0,0,0,220.7,4.247e-11,"{'checked': 26, 'zsx_rejected': 6, 'default_rejected': 0, 'closed_form_forced': 0, 'inexact': 9, 'exact_rebuilt': 0, 'best_effort': 0, 'best_effort_worst': 0.0, 'psf_rerouted': 0, 'psf_rerouted_worst_residual': 0.0}",327
C,7001,0.029464,0,0,0,,,,
C,7002,0.029313,0,0,0,,,,
C,7003,0.027755,0,0,0,,,,
C,7004,0.029684,0,0,0,,,,
C,7005,0.030250,0,0,0,,,,
C,7006,0.031701,0,0,0,,,,
C,7007,0.031752,0,0,0,,,,
C,7008,0.028277,0,0,0,,,,
C,7009,0.031171,0,0,0,,,,
C,7010,0.028116,0,0,0,,,,
C,7011,0.030485,0,0,0,,,,
C,7012,0.029796,0,0,0,,,,
C,7013,0.029826,0,0,0,,,,
C,7014,0.029905,0,0,0,,,,
C,7015,0.029639,0,0,0,,,,
C,7016,0.029103,0,0,0,,,,
C,7017,0.029582,0,0,0,,,,
C,7018,0.031432,0,0,0,,,,
C,7019,0.037535,0,0,0,,,,
C,7020,0.029188,0,0,0,,,,
C,7021,0.028934,0,0,0,,,,
C,7022,0.031386,0,0,0,,,,
C,7023,0.028549,0,0,0,,,,
C,7024,0.030925,0,0,0,,,,
C,7025,0.028510,0,0,0,,,,
C,7026,0.028731,0,0,0,,,,
C,7027,0.028592,0,0,0,,,,
C,7028,0.028873,0,0,0,,,,
C,7029,0.031680,0,0,0,,,,
C,7030,0.032226,0,0,0,,,,
C,7031,0.030261,0,0,0,,,,
C,7032,0.029587,0,0,0,,,,
C,7033,0.030303,0,0,0,,,,
C,7034,0.034205,0,0,0,,,,
C,7035,0.030550,0,0,0,,,,
C,7036,0.030897,0,0,0,,,,
C,7037,0.028922,0,0,0,,,,
C,7038,0.028302,0,0,0,,,,
C,7039,0.030699,0,0,0,,,,
C,7040,0.029789,0,0,0,,,,
C,7041,0.030182,0,0,0,,,,
C,7042,0.030724,0,0,0,,,,
C,7043,0.032382,0,0,0,,,,
C,7044,0.029849,0,0,0,,,,
C,7045,0.027207,0,0,0,,,,
C,7046,0.029925,0,0,0,,,,
C,7047,0.029466,0,0,0,,,,
C,7048,0.029979,0,0,0,,,,
C,7049,0.030794,0,0,0,,,,
C,7050,0.029842,0,0,0,,,,
C,7051,0.029888,0,0,0,,,,
C,7052,0.029267,0,0,0,,,,
C,7053,0.030543,0,0,0,,,,
C,7054,0.030707,0,0,0,,,,
C,7055,0.030735,0,0,0,,,,
C,7056,0.030567,0,0,0,,,,
C,7057,0.028953,0,0,0,,,,
C,7058,0.030685,0,0,0,,,,
C,7059,0.030763,0,0,0,,,,
C,7060,0.029503,0,0,0,,,,
C,7061,0.029186,0,0,0,,,,
C,7062,0.030426,0,0,0,,,,
C,7063,0.029758,0,0,0,,,,
C,7064,0.029445,0,0,0,,,,
C,7065,0.028941,0,0,0,,,,
C,7066,0.029715,0,0,0,,,,
C,7067,0.034424,0,0,0,,,,
C,7068,0.028381,0,0,0,,,,
C,7069,0.029148,0,0,0,,,,
C,7070,0.029622,0,0,0,,,,
C,7071,0.030689,0,0,0,,,,
C,7072,0.030799,0,0,0,,,,
C,7073,0.031550,0,0,0,,,,
C,7074,0.030061,0,0,0,,,,
C,7075,0.030022,0,0,0,,,,
C,7076,0.029859,0,0,0,,,,
C,7077,0.029535,0,0,0,,,,
C,7078,0.031220,0,0,0,,,,
C,7079,0.030856,0,0,0,,,,
C,7080,0.029093,0,0,0,,,,
C,7081,0.029011,0,0,0,,,,
C,7082,0.030117,0,0,0,,,,
C,7083,0.029546,0,0,0,,,,
C,7084,0.030216,0,0,0,,,,
C,7085,0.028770,0,0,0,,,,
C,7086,0.030912,0,0,0,,,,
C,7087,0.030376,0,0,0,,,,
C,7088,0.028703,0,0,0,,,,
C,7089,0.029964,0,0,0,,,,
C,7090,0.029381,0,0,0,,,,
C,7091,0.030454,0,0,0,,,,
C,7092,0.030460,0,0,0,,,,
C,7093,0.029338,0,0,0,,,,
C,7094,0.027758,0,0,0,,,,
C,7095,0.031325,0,0,0,,,,
C,7096,0.033068,0,0,0,,,,
C,7097,0.032323,0,0,0,,,,
C,7098,0.032824,0,0,0,,,,
C,7099,0.033835,0,0,0,,,,
C,7100,0.033419,0,0,0,,,,
C,7101,0.030844,0,0,0,,,,
C,7102,0.032271,0,0,0,,,,
C,7103,0.031199,0,0,0,,,,
C,7104,0.030352,0,0,0,,,,
C,7105,0.028248,0,0,0,,,,
C,7106,0.029731,0,0,0,,,,
C,7107,0.030184,0,0,0,,,,
C,7108,0.029497,0,0,0,,,,
C,7109,0.030039,0,0,0,,,,
C,7110,0.029969,0,0,0,,,,
C,7111,0.030368,0,0,0,,,,
C,7112,0.029511,0,0,0,,,,
C,7113,0.029033,0,0,0,,,,
C,7114,0.028095,0,0,0,,,,
C,7115,0.029755,0,0,0,,,,
C,7116,0.029011,0,0,0,,,,
C,7117,0.034243,0,0,0,,,,
C,7118,0.035400,0,0,0,,,,
C,7119,0.031566,0,0,0,,,,
C,7120,0.032039,0,0,0,,,,
C,7121,0.034571,0,0,0,,,,
C,7122,0.033239,0,0,0,,,,
C,7123,0.032379,0,0,0,,,,
C,7124,0.034836,0,0,0,,,,
C,7125,0.044299,0,0,0,,,,
C,7126,0.028332,0,0,0,,,,
C,7127,0.034482,0,0,0,,,,
C,7128,0.032911,0,0,0,,,,
C,7129,0.029677,0,0,0,,,,
C,7130,0.029487,0,0,0,,,,
C,7131,0.028540,0,0,0,,,,
C,7132,0.030300,0,0,0,,,,
C,7133,0.028013,0,0,0,,,,
C,7134,0.029880,0,0,0,,,,
C,7135,0.031403,0,0,0,,,,
C,7136,0.030667,0,0,0,,,,
C,7137,0.029335,0,0,0,,,,
C,7138,0.031158,0,0,0,,,,
C,7139,0.029908,0,0,0,,,,
C,7140,0.029825,0,0,0,,,,
C,7141,0.030911,0,0,0,,,,
C,7142,0.031610,0,0,0,,,,
C,7143,0.028904,0,0,0,,,,
C,7144,0.027967,0,0,0,,,,
C,7145,0.030884,0,0,0,,,,
C,7146,0.030204,0,0,0,,,,
C,7147,0.030175,0,0,0,,,,
C,7148,0.031223,0,0,0,,,,
C,7149,0.030714,0,0,0,,,,
C,7150,0.027568,0,0,0,,,,
C,7151,0.029811,0,0,0,,,,
C,7152,0.030451,0,0,0,,,,
C,7153,0.030673,0,0,0,,,,
C,7154,0.030142,0,0,0,,,,
C,7155,0.029083,0,0,0,,,,
C,7156,0.029017,0,0,0,,,,
C,7157,0.028547,0,0,0,,,,
C,7158,0.030887,0,0,0,,,,
C,7159,0.031013,0,0,0,,,,
C,7160,0.032156,0,0,0,,,,
C,7161,0.029634,0,0,0,,,,
C,7162,0.029654,0,0,0,,,,
C,7163,0.029913,0,0,0,,,,
C,7164,0.029293,0,0,0,,,,
C,7165,0.029871,0,0,0,,,,
C,7166,0.029626,0,0,0,,,,
C,7167,0.029091,0,0,0,,,,
C,7168,0.029131,0,0,0,,,,
C,7169,0.028728,0,0,0,,,,
C,7170,0.032100,0,0,0,,,,
C,7171,0.029805,0,0,0,,,,
C,7172,0.031141,0,0,0,,,,
C,7173,0.029936,0,0,0,,,,
C,7174,0.029723,0,0,0,,,,
C,7175,0.029632,0,0,0,,,,
C,7176,0.029714,0,0,0,,,,
C,7177,0.031135,0,0,0,,,,
C,7178,0.028931,0,0,0,,,,
C,7179,0.029427,0,0,0,,,,
C,7180,0.029937,0,0,0,,,,
C,7181,0.030621,0,0,0,,,,
C,7182,0.030646,0,0,0,,,,
C,7183,0.028680,0,0,0,,,,
C,7184,0.029935,0,0,0,,,,
C,7185,0.030908,0,0,0,,,,
C,7186,0.034821,0,0,0,,,,
C,7187,0.031215,0,0,0,,,,
C,7188,0.029860,0,0,0,,,,
C,7189,0.030677,0,0,0,,,,
C,7190,0.030860,0,0,0,,,,
C,7191,0.029546,0,0,0,,,,
C,7192,0.031131,0,0,0,,,,
C,7193,0.032365,0,0,0,,,,
C,7194,0.029459,0,0,0,,,,
C,7195,0.027911,0,0,0,,,,
C,7196,0.031743,0,0,0,,,,
C,7197,0.030493,0,0,0,,,,
C,7198,0.028659,0,0,0,,,,
C,7199,0.030084,0,0,0,,,,
C,7200,0.029921,0,0,0,,,,
C,7201,0.029700,0,0,0,,,,
C,7202,0.029790,0,0,0,,,,
C,7203,0.029134,0,0,0,,,,
C,7204,0.032576,0,0,0,,,,
C,7205,0.029086,0,0,0,,,,
C,7206,0.030445,0,0,0,,,,
C,7207,0.028437,0,0,0,,,,
C,7208,0.031206,0,0,0,,,,
C,7209,0.030182,0,0,0,,,,
C,7210,0.029007,0,0,0,,,,
C,7211,0.030873,0,0,0,,,,
C,7212,0.030296,0,0,0,,,,
C,7213,0.030419,0,0,0,,,,
C,7214,0.028722,0,0,0,,,,
C,7215,0.030172,0,0,0,,,,
C,7216,0.029586,0,0,0,,,,
C,7217,0.027826,0,0,0,,,,
C,7218,0.029227,0,0,0,,,,
C,7219,0.031079,0,0,0,,,,
C,7220,0.030131,0,0,0,,,,
C,7221,0.028936,0,0,0,,,,
C,7222,0.030851,0,0,0,,,,
C,7223,0.031150,0,0,0,,,,
C,7224,0.030040,0,0,0,,,,
C,7225,0.029896,0,0,0,,,,
C,7226,0.031718,0,0,0,,,,
C,7227,0.031316,0,0,0,,,,
C,7228,0.029318,0,0,0,,,,
C,7229,0.030177,0,0,0,,,,
C,7230,0.029931,0,0,0,,,,
C,7231,0.029612,0,0,0,,,,
C,7232,0.029388,0,0,0,,,,
C,7233,0.028034,0,0,0,,,,
C,7234,0.030131,0,0,0,,,,
C,7235,0.030700,0,0,0,,,,
C,7236,0.029261,0,0,0,,,,
C,7237,0.028878,0,0,0,,,,
C,7238,0.029618,0,0,0,,,,
C,7239,0.030558,0,0,0,,,,
C,7240,0.029832,0,0,0,,,,
C,7241,0.031359,0,0,0,,,,
C,7242,0.030575,0,0,0,,,,
C,7243,0.029522,0,0,0,,,,
C,7244,0.030457,0,0,0,,,,
C,7245,0.027419,0,0,0,,,,
C,7246,0.029859,0,0,0,,,,
C,7247,0.029043,0,0,0,,,,
C,7248,0.029276,0,0,0,,,,
C,7249,0.029581,0,0,0,,,,
C,7250,0.029825,0,0,0,,,,
C,7251,0.030458,0,0,0,,,,
C,7252,0.031123,0,0,0,,,,
C,7253,0.031099,0,0,0,,,,
C,7254,0.030679,0,0,0,,,,
C,7255,0.029715,0,0,0,,,,
C,7256,0.029461,0,0,0,,,,
C,7257,0.029431,0,0,0,,,,
C,7258,0.028730,0,0,0,,,,
C,7259,0.029981,0,0,0,,,,
C,7260,0.030490,0,0,0,,,,
C,7261,0.028966,0,0,0,,,,
C,7262,0.028236,0,0,0,,,,
C,7263,0.030233,0,0,0,,,,
C,7264,0.030287,0,0,0,,,,
C,7265,0.030035,0,0,0,,,,
C,7266,0.030497,0,0,0,,,,
C,7267,0.029412,0,0,0,,,,
C,7268,0.030708,0,0,0,,,,
C,7269,0.028651,0,0,0,,,,
C,7270,0.030468,0,0,0,,,,
C,7271,0.030753,0,0,0,,,,
C,7272,0.028662,0,0,0,,,,
C,7273,0.029464,0,0,0,,,,
C,7274,0.029652,0,0,0,,,,
C,7275,0.031136,0,0,0,,,,
C,7276,0.030068,0,0,0,,,,
C,7277,0.029268,0,0,0,,,,
C,7278,0.032537,0,0,0,,,,
C,7279,0.033460,0,0,0,,,,
C,7280,0.033357,0,0,0,,,,
C,7281,0.030087,0,0,0,,,,
C,7282,0.029509,0,0,0,,,,
C,7283,0.033364,0,0,0,,,,
C,7284,0.028600,0,0,0,,,,
C,7285,0.030671,0,0,0,,,,
C,7286,0.030385,0,0,0,,,,
C,7287,0.029816,0,0,0,,,,
C,7288,0.030122,0,0,0,,,,
C,7289,0.030699,0,0,0,,,,
C,7290,0.028682,0,0,0,,,,
C,7291,0.028600,0,0,0,,,,
C,7292,0.029134,0,0,0,,,,
C,7293,0.030779,0,0,0,,,,
C,7294,0.030260,0,0,0,,,,
C,7295,0.031641,0,0,0,,,,
C,7296,0.029998,0,0,0,,,,
C,7297,0.032394,0,0,0,,,,
C,7298,0.031600,0,0,0,,,,
C,7299,0.031155,0,0,0,,,,
C,7300,0.030731,0,0,0,,,,
C,7301,0.030329,0,0,0,,,,
C,7302,0.032883,0,0,0,,,,
C,7303,0.029326,0,0,0,,,,
C,7304,0.031813,0,0,0,,,,
C,7305,0.031232,0,0,0,,,,
C,7306,0.030953,0,0,0,,,,
C,7307,0.032641,0,0,0,,,,
C,7308,0.033312,0,0,0,,,,
C,7309,0.029741,0,0,0,,,,
C,7310,0.037514,0,0,0,,,,
C,7311,0.030766,0,0,0,,,,
C,7312,0.028521,0,0,0,,,,
C,7313,0.029156,0,0,0,,,,
C,7314,0.029992,0,0,0,,,,
C,7315,0.032404,0,0,0,,,,
C,7316,0.030468,0,0,0,,,,
C,7317,0.033615,0,0,0,,,,
C,7318,0.032645,0,0,0,,,,
C,7319,0.031294,0,0,0,,,,
C,7320,0.032358,0,0,0,,,,
C,7321,0.033632,0,0,0,,,,
C,7322,0.033416,0,0,0,,,,
C,7323,0.031148,0,0,0,,,,
C,7324,0.034268,0,0,0,,,,
C,7325,0.037356,0,0,0,,,,
C,7326,0.030098,0,0,0,,,,
C,7327,0.033367,0,0,0,,,,
C,7328,0.031290,0,0,0,,,,
C,7329,0.030071,0,0,0,,,,
C,7330,0.029851,0,0,0,,,,
C,7331,0.029159,0,0,0,,,,
C,7332,0.028715,0,0,0,,,,
C,7333,0.027272,0,0,0,,,,
C,7334,0.030420,0,0,0,,,,
C,7335,0.030764,0,0,0,,,,
C,7336,0.030920,0,0,0,,,,
C,7337,0.028663,0,0,0,,,,
C,7338,0.031335,0,0,0,,,,
C,7339,0.033269,0,0,0,,,,
C,7340,0.030339,0,0,0,,,,
C,7341,0.037563,0,0,0,,,,
C,7342,0.032896,0,0,0,,,,
C,7343,0.029817,0,0,0,,,,
C,7344,0.028845,0,0,0,,,,
C,7345,0.031006,0,0,0,,,,
C,7346,0.029361,0,0,0,,,,
C,7347,0.029078,0,0,0,,,,
C,7348,0.029490,0,0,0,,,,
C,7349,0.028503,0,0,0,,,,
C,7350,0.029259,0,0,0,,,,
C,7351,0.029131,0,0,0,,,,
C,7352,0.028285,0,0,0,,,,
C,7353,0.030411,0,0,0,,,,
C,7354,0.029548,0,0,0,,,,
C,7355,0.029660,0,0,0,,,,
C,7356,0.030917,0,0,0,,,,
C,7357,0.030167,0,0,0,,,,
C,7358,0.029269,0,0,0,,,,
C,7359,0.041011,0,0,0,,,,
C,7360,0.031077,0,0,0,,,,
C,7361,0.028910,0,0,0,,,,
C,7362,0.029126,0,0,0,,,,
C,7363,0.029961,0,0,0,,,,
C,7364,0.028925,0,0,0,,,,
C,7365,0.031270,0,0,0,,,,
C,7366,0.029615,0,0,0,,,,
C,7367,0.028988,0,0,0,,,,
C,7368,0.029483,0,0,0,,,,
C,7369,0.028021,0,0,0,,,,
C,7370,0.030198,0,0,0,,,,
C,7371,0.028927,0,0,0,,,,
C,7372,0.030478,0,0,0,,,,
C,7373,0.031005,0,0,0,,,,
C,7374,0.029032,0,0,0,,,,
C,7375,0.029897,0,0,0,,,,
C,7376,0.028529,0,0,0,,,,
C,7377,0.029860,0,0,0,,,,
C,7378,0.028838,0,0,0,,,,
C,7379,0.029520,0,0,0,,,,
C,7380,0.031028,0,0,0,,,,
C,7381,0.028451,0,0,0,,,,
C,7382,0.028805,0,0,0,,,,
C,7383,0.029723,0,0,0,,,,
C,7384,0.031400,0,0,0,,,,
C,7385,0.031190,0,0,0,,,,
C,7386,0.027814,0,0,0,,,,
C,7387,0.030428,0,0,0,,,,
C,7388,0.031899,0,0,0,,,,
C,7389,0.030292,0,0,0,,,,
C,7390,0.028092,0,0,0,,,,
C,7391,0.029984,0,0,0,,,,
C,7392,0.032362,0,0,0,,,,
C,7393,0.028332,0,0,0,,,,
C,7394,0.028237,0,0,0,,,,
C,7395,0.029866,0,0,0,,,,
C,7396,0.028586,0,0,0,,,,
C,7397,0.030657,0,0,0,,,,
C,7398,0.030652,0,0,0,,,,
C,7399,0.032550,0,0,0,,,,
C,7400,0.029216,0,0,0,,,,
C,7401,0.030339,0,0,0,,,,
C,7402,0.029061,0,0,0,,,,
C,7403,0.030325,0,0,0,,,,
C,7404,0.030711,0,0,0,,,,
C,7405,0.030910,0,0,0,,,,
C,7406,0.032437,0,0,0,,,,
C,7407,0.029415,0,0,0,,,,
C,7408,0.029606,0,0,0,,,,
C,7409,0.030622,0,0,0,,,,
C,7410,0.029289,0,0,0,,,,
C,7411,0.030327,0,0,0,,,,
C,7412,0.028641,0,0,0,,,,
C,7413,0.031402,0,0,0,,,,
C,7414,0.031946,0,0,0,,,,
C,7415,0.030437,0,0,0,,,,
C,7416,0.028854,0,0,0,,,,
C,7417,0.031323,0,0,0,,,,
C,7418,0.029778,0,0,0,,,,
C,7419,0.029184,0,0,0,,,,
C,7420,0.029017,0,0,0,,,,
C,7421,0.029966,0,0,0,,,,
C,7422,0.028486,0,0,0,,,,
C,7423,0.029877,0,0,0,,,,
C,7424,0.031555,0,0,0,,,,
C,7425,0.030718,0,0,0,,,,
C,7426,0.029553,0,0,0,,,,
C,7427,0.029867,0,0,0,,,,
C,7428,0.029204,0,0,0,,,,
C,7429,0.030274,0,0,0,,,,
C,7430,0.029600,0,0,0,,,,
C,7431,0.030361,0,0,0,,,,
C,7432,0.031070,0,0,0,,,,
C,7433,0.030796,0,0,0,,,,
C,7434,0.028785,0,0,0,,,,
C,7435,0.029607,0,0,0,,,,
C,7436,0.030606,0,0,0,,,,
C,7437,0.030504,0,0,0,,,,
C,7438,0.031892,0,0,0,,,,
C,7439,0.030202,0,0,0,,,,
C,7440,0.028824,0,0,0,,,,
C,7441,0.027854,0,0,0,,,,
C,7442,0.028457,0,0,0,,,,
C,7443,0.030934,0,0,0,,,,
C,7444,0.030186,0,0,0,,,,
C,7445,0.028544,0,0,0,,,,
C,7446,0.029502,0,0,0,,,,
C,7447,0.029202,0,0,0,,,,
C,7448,0.028986,0,0,0,,,,
C,7449,0.030626,0,0,0,,,,
C,7450,0.029486,0,0,0,,,,
C,7451,0.028997,0,0,0,,,,
C,7452,0.029520,0,0,0,,,,
C,7453,0.028676,0,0,0,,,,
C,7454,0.029728,0,0,0,,,,
C,7455,0.029776,0,0,0,,,,
C,7456,0.029144,0,0,0,,,,
C,7457,0.029749,0,0,0,,,,
C,7458,0.029772,0,0,0,,,,
C,7459,0.030796,0,0,0,,,,
C,7460,0.030627,0,0,0,,,,
C,7461,0.030928,0,0,0,,,,
C,7462,0.031174,0,0,0,,,,
C,7463,0.029356,0,0,0,,,,
C,7464,0.029011,0,0,0,,,,
C,7465,0.030884,0,0,0,,,,
C,7466,0.027462,0,0,0,,,,
C,7467,0.029572,0,0,0,,,,
C,7468,0.028285,0,0,0,,,,
C,7469,0.032129,0,0,0,,,,
C,7470,0.028479,0,0,0,,,,
C,7471,0.030614,0,0,0,,,,
C,7472,0.030576,0,0,0,,,,
C,7473,0.028588,0,0,0,,,,
C,7474,0.030258,0,0,0,,,,
C,7475,0.029156,0,0,0,,,,
C,7476,0.028284,0,0,0,,,,
C,7477,0.028694,0,0,0,,,,
C,7478,0.029956,0,0,0,,,,
C,7479,0.028746,0,0,0,,,,
C,7480,0.027401,0,0,0,,,,
C,7481,0.028529,0,0,0,,,,
C,7482,0.029125,0,0,0,,,,
C,7483,0.030476,0,0,0,,,,
C,7484,0.029190,0,0,0,,,,
C,7485,0.029300,0,0,0,,,,
C,7486,0.028096,0,0,0,,,,
C,7487,0.030996,0,0,0,,,,
C,7488,0.029169,0,0,0,,,,
C,7489,0.028455,0,0,0,,,,
C,7490,0.029607,0,0,0,,,,
C,7491,0.029880,0,0,0,,,,
C,7492,0.028403,0,0,0,,,,
C,7493,0.029123,0,0,0,,,,
C,7494,0.031651,0,0,0,,,,
C,7495,0.029138,0,0,0,,,,
C,7496,0.029396,0,0,0,,,,
C,7497,0.028841,0,0,0,,,,
C,7498,0.027776,0,0,0,,,,
C,7499,0.029768,0,0,0,,,,
C,7500,0.030986,0,0,0,,,,
C,7501,0.028825,0,0,0,,,,
C,7502,0.030663,0,0,0,,,,
C,7503,0.030217,0,0,0,,,,
C,7504,0.030646,0,0,0,,,,
C,7505,0.027708,0,0,0,,,,
C,7506,0.028563,0,0,0,,,,
C,7507,0.031469,0,0,0,,,,
C,7508,0.028560,0,0,0,,,,
C,7509,0.030418,0,0,0,,,,
C,7510,0.030459,0,0,0,,,,
C,7511,0.028388,0,0,0,,,,
C,7512,0.029849,0,0,0,,,,
C,7513,0.029435,0,0,0,,,,
C,7514,0.031252,0,0,0,,,,
C,7515,0.030971,0,0,0,,,,
C,7516,0.031567,0,0,0,,,,
C,7517,0.030402,0,0,0,,,,
C,7518,0.029285,0,0,0,,,,
C,7519,0.028884,0,0,0,,,,
C,7520,0.031475,0,0,0,,,,
C,7521,0.029985,0,0,0,,,,
C,7522,0.030257,0,0,0,,,,
C,7523,0.030586,0,0,0,,,,
C,7524,0.030269,0,0,0,,,,
C,7525,0.030278,0,0,0,,,,
C,7526,0.032397,0,0,0,,,,
C,7527,0.029968,0,0,0,,,,
C,7528,0.031473,0,0,0,,,,
C,7529,0.027933,0,0,0,,,,
C,7530,0.031379,0,0,0,,,,
C,7531,0.030125,0,0,0,,,,
C,7532,0.029878,0,0,0,,,,
C,7533,0.030356,0,0,0,,,,
C,7534,0.029213,0,0,0,,,,
C,7535,0.031131,0,0,0,,,,
C,7536,0.029779,0,0,0,,,,
C,7537,0.030242,0,0,0,,,,
C,7538,0.031313,0,0,0,,,,
C,7539,0.029490,0,0,0,,,,
C,7540,0.029841,0,0,0,,,,
C,7541,0.028989,0,0,0,,,,
C,7542,0.029635,0,0,0,,,,
C,7543,0.030706,0,0,0,,,,
C,7544,0.029812,0,0,0,,,,
C,7545,0.031712,0,0,0,,,,
C,7546,0.030012,0,0,0,,,,
C,7547,0.029689,0,0,0,,,,
C,7548,0.029065,0,0,0,,,,
C,7549,0.031307,0,0,0,,,,
C,7550,0.030029,0,0,0,,,,
C,7551,0.030731,0,0,0,,,,
C,7552,0.031638,0,0,0,,,,
C,7553,0.029295,0,0,0,,,,
C,7554,0.030170,0,0,0,,,,
C,7555,0.030559,0,0,0,,,,
C,7556,0.028721,0,0,0,,,,
C,7557,0.029420,0,0,0,,,,
C,7558,0.031090,0,0,0,,,,
C,7559,0.031005,0,0,0,,,,
C,7560,0.030413,0,0,0,,,,
C,7561,0.033397,0,0,0,,,,
C,7562,0.032531,0,0,0,,,,
C,7563,0.035630,0,0,0,,,,
C,7564,0.035877,0,0,0,,,,
C,7565,0.032629,0,0,0,,,,
C,7566,0.031456,0,0,0,,,,
C,7567,0.032422,0,0,0,,,,
C,7568,0.030888,0,0,0,,,,
C,7569,0.029921,0,0,0,,,,
C,7570,0.030025,0,0,0,,,,
C,7571,0.038510,0,0,0,,,,
C,7572,0.038324,0,0,0,,,,
C,7573,0.037588,0,0,0,,,,
C,7574,0.033364,0,0,0,,,,
C,7575,0.031477,0,0,0,,,,
C,7576,0.029911,0,0,0,,,,
C,7577,0.030439,0,0,0,,,,
C,7578,0.032667,0,0,0,,,,
C,7579,0.032429,0,0,0,,,,
C,7580,0.029310,0,0,0,,,,
C,7581,0.030469,0,0,0,,,,
C,7582,0.030982,0,0,0,,,,
C,7583,0.029321,0,0,0,,,,
C,7584,0.031040,0,0,0,,,,
C,7585,0.029385,0,0,0,,,,
C,7586,0.029403,0,0,0,,,,
C,7587,0.030066,0,0,0,,,,
C,7588,0.029718,0,0,0,,,,
C,7589,0.027620,0,0,0,,,,
C,7590,0.029266,0,0,0,,,,
C,7591,0.028907,0,0,0,,,,
C,7592,0.030075,0,0,0,,,,
C,7593,0.030477,0,0,0,,,,
C,7594,0.029101,0,0,0,,,,
C,7595,0.028948,0,0,0,,,,
C,7596,0.029473,0,0,0,,,,
C,7597,0.030530,0,0,0,,,,
C,7598,0.028455,0,0,0,,,,
C,7599,0.029208,0,0,0,,,,
C,7600,0.028730,0,0,0,,,,
C,7601,0.029932,0,0,0,,,,
C,7602,0.030462,0,0,0,,,,
C,7603,0.030205,0,0,0,,,,
C,7604,0.029150,0,0,0,,,,
C,7605,0.029145,0,0,0,,,,
C,7606,0.031420,0,0,0,,,,
C,7607,0.030010,0,0,0,,,,
C,7608,0.029465,0,0,0,,,,
C,7609,0.031007,0,0,0,,,,
C,7610,0.029403,0,0,0,,,,
C,7611,0.028357,0,0,0,,,,
C,7612,0.031722,0,0,0,,,,
C,7613,0.029666,0,0,0,,,,
C,7614,0.030772,0,0,0,,,,
C,7615,0.029919,0,0,0,,,,
C,7616,0.029149,0,0,0,,,,
C,7617,0.029710,0,0,0,,,,
C,7618,0.028485,0,0,0,,,,
C,7619,0.028799,0,0,0,,,,
C,7620,0.030696,0,0,0,,,,
C,7621,0.031748,0,0,0,,,,
C,7622,0.031434,0,0,0,,,,
C,7623,0.035260,0,0,0,,,,
C,7624,0.031516,0,0,0,,,,
C,7625,0.032845,0,0,0,,,,
C,7626,0.029390,0,0,0,,,,
C,7627,0.029305,0,0,0,,,,
C,7628,0.029531,0,0,0,,,,
C,7629,0.028183,0,0,0,,,,
C,7630,0.029971,0,0,0,,,,
C,7631,0.029179,0,0,0,,,,
C,7632,0.031629,0,0,0,,,,
C,7633,0.029008,0,0,0,,,,
C,7634,0.029045,0,0,0,,,,
C,7635,0.030002,0,0,0,,,,
C,7636,0.029542,0,0,0,,,,
C,7637,0.028719,0,0,0,,,,
C,7638,0.030528,0,0,0,,,,
C,7639,0.028478,0,0,0,,,,
C,7640,0.031707,0,0,0,,,,
C,7641,0.030540,0,0,0,,,,
C,7642,0.028943,0,0,0,,,,
C,7643,0.030765,0,0,0,,,,
C,7644,0.030295,0,0,0,,,,
C,7645,0.029538,0,0,0,,,,
C,7646,0.031068,0,0,0,,,,
C,7647,0.031720,0,0,0,,,,
C,7648,0.030778,0,0,0,,,,
C,7649,0.030662,0,0,0,,,,
C,7650,0.031082,0,0,0,,,,
C,7651,0.030132,0,0,0,,,,
C,7652,0.030187,0,0,0,,,,
C,7653,0.029756,0,0,0,,,,
C,7654,0.030327,0,0,0,,,,
C,7655,0.031680,0,0,0,,,,
C,7656,0.030270,0,0,0,,,,
C,7657,0.029720,0,0,0,,,,
C,7658,0.031287,0,0,0,,,,
C,7659,0.029270,0,0,0,,,,
C,7660,0.031063,0,0,0,,,,
C,7661,0.029367,0,0,0,,,,
C,7662,0.029132,0,0,0,,,,
C,7663,0.030256,0,0,0,,,,
C,7664,0.032922,0,0,0,,,,
C,7665,0.028881,0,0,0,,,,
C,7666,0.030545,0,0,0,,,,
C,7667,0.029970,0,0,0,,,,
C,7668,0.031218,0,0,0,,,,
C,7669,0.030448,0,0,0,,,,
C,7670,0.030185,0,0,0,,,,
C,7671,0.030370,0,0,0,,,,
C,7672,0.028166,0,0,0,,,,
C,7673,0.029464,0,0,0,,,,
C,7674,0.029988,0,0,0,,,,
C,7675,0.030566,0,0,0,,,,
C,7676,0.030628,0,0,0,,,,
C,7677,0.028549,0,0,0,,,,
C,7678,0.027693,0,0,0,,,,
C,7679,0.028737,0,0,0,,,,
C,7680,0.030606,0,0,0,,,,
C,7681,0.029263,0,0,0,,,,
C,7682,0.030024,0,0,0,,,,
C,7683,0.029548,0,0,0,,,,
C,7684,0.030266,0,0,0,,,,
C,7685,0.030202,0,0,0,,,,
C,7686,0.030039,0,0,0,,,,
C,7687,0.031201,0,0,0,,,,
C,7688,0.030269,0,0,0,,,,
C,7689,0.028662,0,0,0,,,,
C,7690,0.032649,0,0,0,,,,
C,7691,0.036213,0,0,0,,,,
C,7692,0.039140,0,0,0,,,,
C,7693,0.029294,0,0,0,,,,
C,7694,0.029743,0,0,0,,,,
C,7695,0.029910,0,0,0,,,,
C,7696,0.029797,0,0,0,,,,
C,7697,0.029860,0,0,0,,,,
C,7698,0.029955,0,0,0,,,,
C,7699,0.028851,0,0,0,,,,
C,7700,0.028576,0,0,0,,,,
C,7701,0.030144,0,0,0,,,,
C,7702,0.031343,0,0,0,,,,
C,7703,0.030771,0,0,0,,,,
C,7704,0.030944,0,0,0,,,,
C,7705,0.029461,0,0,0,,,,
C,7706,0.030043,0,0,0,,,,
C,7707,0.032127,0,0,0,,,,
C,7708,0.032119,0,0,0,,,,
C,7709,0.030945,0,0,0,,,,
C,7710,0.030729,0,0,0,,,,
C,7711,0.034237,0,0,0,,,,
C,7712,0.033525,0,0,0,,,,
C,7713,0.034101,0,0,0,,,,
C,7714,0.040364,0,0,0,,,,
C,7715,0.034696,0,0,0,,,,
C,7716,0.034314,0,0,0,,,,
C,7717,0.033252,0,0,0,,,,
C,7718,0.031961,0,0,0,,,,
C,7719,0.031651,0,0,0,,,,
C,7720,0.029797,0,0,0,,,,
C,7721,0.029212,0,0,0,,,,
C,7722,0.029527,0,0,0,,,,
C,7723,0.029611,0,0,0,,,,
C,7724,0.030467,0,0,0,,,,
C,7725,0.029207,0,0,0,,,,
C,7726,0.030690,0,0,0,,,,
C,7727,0.032155,0,0,0,,,,
C,7728,0.031410,0,0,0,,,,
C,7729,0.037062,0,0,0,,,,
C,7730,0.036175,0,0,0,,,,
C,7731,0.031863,0,0,0,,,,
C,7732,0.031386,0,0,0,,,,
C,7733,0.032758,0,0,0,,,,
C,7734,0.030257,0,0,0,,,,
C,7735,0.031654,0,0,0,,,,
C,7736,0.033624,0,0,0,,,,
C,7737,0.029924,0,0,0,,,,
C,7738,0.030225,0,0,0,,,,
C,7739,0.030994,0,0,0,,,,
C,7740,0.029212,0,0,0,,,,
C,7741,0.028417,0,0,0,,,,
C,7742,0.028802,0,0,0,,,,
C,7743,0.028765,0,0,0,,,,
C,7744,0.030960,0,0,0,,,,
C,7745,0.030056,0,0,0,,,,
C,7746,0.030908,0,0,0,,,,
C,7747,0.030642,0,0,0,,,,
C,7748,0.030499,0,0,0,,,,
C,7749,0.029871,0,0,0,,,,
C,7750,0.030531,0,0,0,,,,
C,7751,0.028819,0,0,0,,,,
C,7752,0.030348,0,0,0,,,,
C,7753,0.030358,0,0,0,,,,
C,7754,0.030121,0,0,0,,,,
C,7755,0.031322,0,0,0,,,,
C,7756,0.029014,0,0,0,,,,
C,7757,0.029511,0,0,0,,,,
C,7758,0.028563,0,0,0,,,,
C,7759,0.030152,0,0,0,,,,
C,7760,0.028874,0,0,0,,,,
C,7761,0.029589,0,0,0,,,,
C,7762,0.032165,0,0,0,,,,
C,7763,0.028510,0,0,0,,,,
C,7764,0.029872,0,0,0,,,,
C,7765,0.030213,0,0,0,,,,
C,7766,0.029248,0,0,0,,,,
C,7767,0.030274,0,0,0,,,,
C,7768,0.028875,0,0,0,,,,
C,7769,0.031466,0,0,0,,,,
C,7770,0.029366,0,0,0,,,,
C,7771,0.029579,0,0,0,,,,
C,7772,0.028801,0,0,0,,,,
C,7773,0.030997,0,0,0,,,,
C,7774,0.029987,0,0,0,,,,
C,7775,0.028760,0,0,0,,,,
C,7776,0.031128,0,0,0,,,,
C,7777,0.029433,0,0,0,,,,
C,7778,0.030850,0,0,0,,,,
C,7779,0.030064,0,0,0,,,,
C,7780,0.029945,0,0,0,,,,
C,7781,0.032327,0,0,0,,,,
C,7782,0.030299,0,0,0,,,,
C,7783,0.030213,0,0,0,,,,
C,7784,0.030190,0,0,0,,,,
C,7785,0.029415,0,0,0,,,,
C,7786,0.028676,0,0,0,,,,
C,7787,0.029558,0,0,0,,,,
C,7788,0.029068,0,0,0,,,,
C,7789,0.029991,0,0,0,,,,
C,7790,0.029869,0,0,0,,,,
C,7791,0.032203,0,0,0,,,,
C,7792,0.028706,0,0,0,,,,
C,7793,0.030336,0,0,0,,,,
C,7794,0.029549,0,0,0,,,,
C,7795,0.029950,0,0,0,,,,
C,7796,0.031056,0,0,0,,,,
C,7797,0.029716,0,0,0,,,,
C,7798,0.033216,0,0,0,,,,
C,7799,0.030196,0,0,0,,,,
C,7800,0.030410,0,0,0,,,,
C,7801,0.031008,0,0,0,,,,
C,7802,0.029889,0,0,0,,,,
C,7803,0.030041,0,0,0,,,,
C,7804,0.030226,0,0,0,,,,
C,7805,0.029289,0,0,0,,,,
C,7806,0.030326,0,0,0,,,,
C,7807,0.033156,0,0,0,,,,
C,7808,0.028410,0,0,0,,,,
C,7809,0.029225,0,0,0,,,,
C,7810,0.030057,0,0,0,,,,
C,7811,0.031378,0,0,0,,,,
C,7812,0.030297,0,0,0,,,,
C,7813,0.029409,0,0,0,,,,
C,7814,0.030204,0,0,0,,,,
C,7815,0.030329,0,0,0,,,,
C,7816,0.031101,0,0,0,,,,
C,7817,0.029946,0,0,0,,,,
C,7818,0.029808,0,0,0,,,,
C,7819,0.029742,0,0,0,,,,
C,7820,0.031454,0,0,0,,,,
C,7821,0.030900,0,0,0,,,,
C,7822,0.029247,0,0,0,,,,
C,7823,0.030436,0,0,0,,,,
C,7824,0.031250,0,0,0,,,,
C,7825,0.031330,0,0,0,,,,
C,7826,0.029854,0,0,0,,,,
C,7827,0.030409,0,0,0,,,,
C,7828,0.028815,0,0,0,,,,
C,7829,0.029054,0,0,0,,,,
C,7830,0.030650,0,0,0,,,,
C,7831,0.030266,0,0,0,,,,
C,7832,0.029427,0,0,0,,,,
C,7833,0.029588,0,0,0,,,,
C,7834,0.030058,0,0,0,,,,
C,7835,0.029520,0,0,0,,,,
C,7836,0.030435,0,0,0,,,,
C,7837,0.029183,0,0,0,,,,
C,7838,0.030109,0,0,0,,,,
C,7839,0.030387,0,0,0,,,,
C,7840,0.030898,0,0,0,,,,
C,7841,0.029994,0,0,0,,,,
C,7842,0.030953,0,0,0,,,,
C,7843,0.030604,0,0,0,,,,
C,7844,0.029306,0,0,0,,,,
C,7845,0.031601,0,0,0,,,,
C,7846,0.028844,0,0,0,,,,
C,7847,0.028126,0,0,0,,,,
C,7848,0.027776,0,0,0,,,,
C,7849,0.029767,0,0,0,,,,
C,7850,0.032154,0,0,0,,,,
C,7851,0.029421,0,0,0,,,,
C,7852,0.029194,0,0,0,,,,
C,7853,0.029165,0,0,0,,,,
C,7854,0.028952,0,0,0,,,,
C,7855,0.028173,0,0,0,,,,
C,7856,0.030169,0,0,0,,,,
C,7857,0.029442,0,0,0,,,,
C,7858,0.032615,0,0,0,,,,
C,7859,0.029439,0,0,0,,,,
C,7860,0.030479,0,0,0,,,,
C,7861,0.029468,0,0,0,,,,
C,7862,0.031721,0,0,0,,,,
C,7863,0.032877,0,0,0,,,,
C,7864,0.032546,0,0,0,,,,
C,7865,0.029156,0,0,0,,,,
C,7866,0.032346,0,0,0,,,,
C,7867,0.028214,0,0,0,,,,
C,7868,0.028993,0,0,0,,,,
C,7869,0.029940,0,0,0,,,,
C,7870,0.030936,0,0,0,,,,
C,7871,0.030736,0,0,0,,,,
C,7872,0.030944,0,0,0,,,,
C,7873,0.030699,0,0,0,,,,
C,7874,0.028853,0,0,0,,,,
C,7875,0.031377,0,0,0,,,,
C,7876,0.028715,0,0,0,,,,
C,7877,0.027978,0,0,0,,,,
C,7878,0.031990,0,0,0,,,,
C,7879,0.028691,0,0,0,,,,
C,7880,0.030812,0,0,0,,,,
C,7881,0.029153,0,0,0,,,,
C,7882,0.029804,0,0,0,,,,
C,7883,0.029416,0,0,0,,,,
C,7884,0.029613,0,0,0,,,,
C,7885,0.028156,0,0,0,,,,
C,7886,0.031609,0,0,0,,,,
C,7887,0.036829,0,0,0,,,,
C,7888,0.029334,0,0,0,,,,
C,7889,0.030422,0,0,0,,,,
C,7890,0.027530,0,0,0,,,,
C,7891,0.029468,0,0,0,,,,
C,7892,0.027989,0,0,0,,,,
C,7893,0.028548,0,0,0,,,,
C,7894,0.028386,0,0,0,,,,
C,7895,0.028490,0,0,0,,,,
C,7896,0.031197,0,0,0,,,,
C,7897,0.031498,0,0,0,,,,
C,7898,0.031057,0,0,0,,,,
C,7899,0.029824,0,0,0,,,,
C,7900,0.029856,0,0,0,,,,
C,7901,0.028828,0,0,0,,,,
C,7902,0.029690,0,0,0,,,,
C,7903,0.031461,0,0,0,,,,
C,7904,0.029681,0,0,0,,,,
C,7905,0.030881,0,0,0,,,,
C,7906,0.032323,0,0,0,,,,
C,7907,0.037034,0,0,0,,,,
C,7908,0.032332,0,0,0,,,,
C,7909,0.033482,0,0,0,,,,
C,7910,0.031177,0,0,0,,,,
C,7911,0.029988,0,0,0,,,,
C,7912,0.030858,0,0,0,,,,
C,7913,0.034932,0,0,0,,,,
C,7914,0.045887,0,0,0,,,,
C,7915,0.035654,0,0,0,,,,
C,7916,0.038276,0,0,0,,,,
C,7917,0.032191,0,0,0,,,,
C,7918,0.030080,0,0,0,,,,
C,7919,0.030367,0,0,0,,,,
C,7920,0.029093,0,0,0,,,,
C,7921,0.030374,0,0,0,,,,
C,7922,0.029132,0,0,0,,,,
C,7923,0.029737,0,0,0,,,,
C,7924,0.029397,0,0,0,,,,
C,7925,0.028971,0,0,0,,,,
C,7926,0.030306,0,0,0,,,,
C,7927,0.032134,0,0,0,,,,
C,7928,0.032554,0,0,0,,,,
C,7929,0.030601,0,0,0,,,,
C,7930,0.035603,0,0,0,,,,
C,7931,0.040830,0,0,0,,,,
C,7932,0.033421,0,0,0,,,,
C,7933,0.029523,0,0,0,,,,
C,7934,0.029300,0,0,0,,,,
C,7935,0.030223,0,0,0,,,,
C,7936,0.029956,0,0,0,,,,
C,7937,0.030929,0,0,0,,,,
C,7938,0.030909,0,0,0,,,,
C,7939,0.030753,0,0,0,,,,
C,7940,0.029530,0,0,0,,,,
C,7941,0.031024,0,0,0,,,,
C,7942,0.030529,0,0,0,,,,
C,7943,0.029823,0,0,0,,,,
C,7944,0.028471,0,0,0,,,,
C,7945,0.031420,0,0,0,,,,
C,7946,0.028433,0,0,0,,,,
C,7947,0.029536,0,0,0,,,,
C,7948,0.032405,0,0,0,,,,
C,7949,0.029945,0,0,0,,,,
C,7950,0.029650,0,0,0,,,,
C,7951,0.030203,0,0,0,,,,
C,7952,0.030596,0,0,0,,,,
C,7953,0.029192,0,0,0,,,,
C,7954,0.030502,0,0,0,,,,
C,7955,0.031474,0,0,0,,,,
C,7956,0.029185,0,0,0,,,,
C,7957,0.029919,0,0,0,,,,
C,7958,0.028678,0,0,0,,,,
C,7959,0.030534,0,0,0,,,,
C,7960,0.029229,0,0,0,,,,
C,7961,0.029785,0,0,0,,,,
C,7962,0.032349,0,0,0,,,,
C,7963,0.032244,0,0,0,,,,
C,7964,0.031685,0,0,0,,,,
C,7965,0.029579,0,0,0,,,,
C,7966,0.029063,0,0,0,,,,
C,7967,0.031145,0,0,0,,,,
C,7968,0.029586,0,0,0,,,,
C,7969,0.030284,0,0,0,,,,
C,7970,0.029953,0,0,0,,,,
C,7971,0.030150,0,0,0,,,,
C,7972,0.032499,0,0,0,,,,
C,7973,0.030865,0,0,0,,,,
C,7974,0.030592,0,0,0,,,,
C,7975,0.030856,0,0,0,,,,
C,7976,0.028838,0,0,0,,,,
C,7977,0.029060,0,0,0,,,,
C,7978,0.029703,0,0,0,,,,
C,7979,0.031473,0,0,0,,,,
C,7980,0.028880,0,0,0,,,,
C,7981,0.029693,0,0,0,,,,
C,7982,0.029689,0,0,0,,,,
C,7983,0.029233,0,0,0,,,,
C,7984,0.030085,0,0,0,,,,
C,7985,0.029441,0,0,0,,,,
C,7986,0.028143,0,0,0,,,,
C,7987,0.028929,0,0,0,,,,
C,7988,0.030379,0,0,0,,,,
C,7989,0.033968,0,0,0,,,,
C,7990,0.037960,0,0,0,,,,
C,7991,0.039756,0,0,0,,,,
C,7992,0.033316,0,0,0,,,,
C,7993,0.030649,0,0,0,,,,
C,7994,0.038458,0,0,0,,,,
C,7995,0.030862,0,0,0,,,,
C,7996,0.032379,0,0,0,,,,
C,7997,0.032235,0,0,0,,,,
C,7998,0.033888,0,0,0,,,,
C,7999,0.035309,0,0,0,,,,
C,8000,0.033029,0,0,0,218.1,4.856e-11,"{'checked': 26, 'zsx_rejected': 6, 'default_rejected': 0, 'closed_form_forced': 0, 'inexact': 9, 'exact_rebuilt': 0, 'best_effort': 0, 'best_effort_worst': 0.0, 'psf_rerouted': 0, 'psf_rerouted_worst_residual': 0.0}",373
C,8001,0.033353,0,0,0,,,,
C,8002,0.032044,0,0,0,,,,
C,8003,0.034060,0,0,0,,,,
C,8004,0.031821,0,0,0,,,,
C,8005,0.032214,0,0,0,,,,
C,8006,0.033243,0,0,0,,,,
C,8007,0.034418,0,0,0,,,,
C,8008,0.032091,0,0,0,,,,
C,8009,0.032425,0,0,0,,,,
C,8010,0.029085,0,0,0,,,,
C,8011,0.031960,0,0,0,,,,
C,8012,0.033960,0,0,0,,,,
C,8013,0.031779,0,0,0,,,,
C,8014,0.032801,0,0,0,,,,
C,8015,0.034450,0,0,0,,,,
C,8016,0.030666,0,0,0,,,,
C,8017,0.031477,0,0,0,,,,
C,8018,0.028677,0,0,0,,,,
C,8019,0.028797,0,0,0,,,,
C,8020,0.029363,0,0,0,,,,
C,8021,0.030969,0,0,0,,,,
C,8022,0.029840,0,0,0,,,,
C,8023,0.030552,0,0,0,,,,
C,8024,0.030036,0,0,0,,,,
C,8025,0.030386,0,0,0,,,,
C,8026,0.030578,0,0,0,,,,
C,8027,0.029215,0,0,0,,,,
C,8028,0.030383,0,0,0,,,,
C,8029,0.029765,0,0,0,,,,
C,8030,0.031336,0,0,0,,,,
C,8031,0.029981,0,0,0,,,,
C,8032,0.029345,0,0,0,,,,
C,8033,0.029448,0,0,0,,,,
C,8034,0.029949,0,0,0,,,,
C,8035,0.032462,0,0,0,,,,
C,8036,0.029875,0,0,0,,,,
C,8037,0.028347,0,0,0,,,,
C,8038,0.028990,0,0,0,,,,
C,8039,0.031005,0,0,0,,,,
C,8040,0.031082,0,0,0,,,,
C,8041,0.030032,0,0,0,,,,
C,8042,0.028159,0,0,0,,,,
C,8043,0.029847,0,0,0,,,,
C,8044,0.030271,0,0,0,,,,
C,8045,0.030050,0,0,0,,,,
C,8046,0.029437,0,0,0,,,,
C,8047,0.029777,0,0,0,,,,
C,8048,0.030686,0,0,0,,,,
C,8049,0.030501,0,0,0,,,,
C,8050,0.028896,0,0,0,,,,
C,8051,0.030613,0,0,0,,,,
C,8052,0.029324,0,0,0,,,,
C,8053,0.031380,0,0,0,,,,
C,8054,0.031814,0,0,0,,,,
C,8055,0.033206,0,0,0,,,,
C,8056,0.032818,0,0,0,,,,
C,8057,0.029105,0,0,0,,,,
C,8058,0.028498,0,0,0,,,,
C,8059,0.031742,0,0,0,,,,
C,8060,0.029140,0,0,0,,,,
C,8061,0.030484,0,0,0,,,,
C,8062,0.030182,0,0,0,,,,
C,8063,0.029121,0,0,0,,,,
C,8064,0.033503,0,0,0,,,,
C,8065,0.030534,0,0,0,,,,
C,8066,0.030824,0,0,0,,,,
C,8067,0.030281,0,0,0,,,,
C,8068,0.030638,0,0,0,,,,
C,8069,0.029734,0,0,0,,,,
C,8070,0.030808,0,0,0,,,,
C,8071,0.031191,0,0,0,,,,
C,8072,0.029183,0,0,0,,,,
C,8073,0.030093,0,0,0,,,,
C,8074,0.030588,0,0,0,,,,
C,8075,0.029506,0,0,0,,,,
C,8076,0.029249,0,0,0,,,,
C,8077,0.029318,0,0,0,,,,
C,8078,0.029286,0,0,0,,,,
C,8079,0.031513,0,0,0,,,,
C,8080,0.030303,0,0,0,,,,
C,8081,0.030130,0,0,0,,,,
C,8082,0.030428,0,0,0,,,,
C,8083,0.031015,0,0,0,,,,
C,8084,0.030899,0,0,0,,,,
C,8085,0.029219,0,0,0,,,,
C,8086,0.030420,0,0,0,,,,
C,8087,0.029112,0,0,0,,,,
C,8088,0.028765,0,0,0,,,,
C,8089,0.028776,0,0,0,,,,
C,8090,0.028679,0,0,0,,,,
C,8091,0.029256,0,0,0,,,,
C,8092,0.029450,0,0,0,,,,
C,8093,0.029691,0,0,0,,,,
C,8094,0.029374,0,0,0,,,,
C,8095,0.030971,0,0,0,,,,
C,8096,0.032399,0,0,0,,,,
C,8097,0.031910,0,0,0,,,,
C,8098,0.030721,0,0,0,,,,
C,8099,0.031500,0,0,0,,,,
C,8100,0.031995,0,0,0,,,,
C,8101,0.031507,0,0,0,,,,
C,8102,0.030021,0,0,0,,,,
C,8103,0.030993,0,0,0,,,,
C,8104,0.031615,0,0,0,,,,
C,8105,0.028737,0,0,0,,,,
C,8106,0.029078,0,0,0,,,,
C,8107,0.030709,0,0,0,,,,
C,8108,0.031188,0,0,0,,,,
C,8109,0.030373,0,0,0,,,,
C,8110,0.031367,0,0,0,,,,
C,8111,0.030369,0,0,0,,,,
C,8112,0.030587,0,0,0,,,,
C,8113,0.031875,0,0,0,,,,
C,8114,0.030675,0,0,0,,,,
C,8115,0.029048,0,0,0,,,,
C,8116,0.030994,0,0,0,,,,
C,8117,0.031045,0,0,0,,,,
C,8118,0.029901,0,0,0,,,,
C,8119,0.029321,0,0,0,,,,
C,8120,0.030060,0,0,0,,,,
C,8121,0.030036,0,0,0,,,,
C,8122,0.029010,0,0,0,,,,
C,8123,0.029897,0,0,0,,,,
C,8124,0.029185,0,0,0,,,,
C,8125,0.029806,0,0,0,,,,
C,8126,0.029302,0,0,0,,,,
C,8127,0.031152,0,0,0,,,,
C,8128,0.030065,0,0,0,,,,
C,8129,0.029244,0,0,0,,,,
C,8130,0.031406,0,0,0,,,,
C,8131,0.028886,0,0,0,,,,
C,8132,0.029645,0,0,0,,,,
C,8133,0.029440,0,0,0,,,,
C,8134,0.028574,0,0,0,,,,
C,8135,0.029539,0,0,0,,,,
C,8136,0.028709,0,0,0,,,,
C,8137,0.029049,0,0,0,,,,
C,8138,0.030082,0,0,0,,,,
C,8139,0.031055,0,0,0,,,,
C,8140,0.030924,0,0,0,,,,
C,8141,0.031773,0,0,0,,,,
C,8142,0.029955,0,0,0,,,,
C,8143,0.030995,0,0,0,,,,
C,8144,0.029435,0,0,0,,,,
C,8145,0.036471,0,0,0,,,,
C,8146,0.032397,0,0,0,,,,
C,8147,0.034919,0,0,0,,,,
C,8148,0.033588,0,0,0,,,,
C,8149,0.036243,0,0,0,,,,
C,8150,0.038702,0,0,0,,,,
C,8151,0.032719,0,0,0,,,,
C,8152,0.033932,0,0,0,,,,
C,8153,0.037439,0,0,0,,,,
C,8154,0.030729,0,0,0,,,,
C,8155,0.030610,0,0,0,,,,
C,8156,0.030263,0,0,0,,,,
C,8157,0.029101,0,0,0,,,,
C,8158,0.030376,0,0,0,,,,
C,8159,0.030172,0,0,0,,,,
C,8160,0.030740,0,0,0,,,,
C,8161,0.032167,0,0,0,,,,
C,8162,0.029833,0,0,0,,,,
C,8163,0.030977,0,0,0,,,,
C,8164,0.033000,0,0,0,,,,
C,8165,0.031767,0,0,0,,,,
C,8166,0.032663,0,0,0,,,,
C,8167,0.030098,0,0,0,,,,
C,8168,0.030746,0,0,0,,,,
C,8169,0.030135,0,0,0,,,,
C,8170,0.030906,0,0,0,,,,
C,8171,0.031108,0,0,0,,,,
C,8172,0.035796,0,0,0,,,,
C,8173,0.032214,0,0,0,,,,
C,8174,0.034484,0,0,0,,,,
C,8175,0.031902,0,0,0,,,,
C,8176,0.032525,0,0,0,,,,
C,8177,0.031967,0,0,0,,,,
C,8178,0.031813,0,0,0,,,,
C,8179,0.032521,0,0,0,,,,
C,8180,0.032114,0,0,0,,,,
C,8181,0.033823,0,0,0,,,,
C,8182,0.032717,0,0,0,,,,
C,8183,0.029564,0,0,0,,,,
C,8184,0.030907,0,0,0,,,,
C,8185,0.031070,0,0,0,,,,
C,8186,0.029816,0,0,0,,,,
C,8187,0.031515,0,0,0,,,,
C,8188,0.030956,0,0,0,,,,
C,8189,0.029379,0,0,0,,,,
C,8190,0.029524,0,0,0,,,,
C,8191,0.029526,0,0,0,,,,
C,8192,0.029699,0,0,0,,,,
C,8193,0.029142,0,0,0,,,,
C,8194,0.028696,0,0,0,,,,
C,8195,0.030586,0,0,0,,,,
C,8196,0.029145,0,0,0,,,,
C,8197,0.029729,0,0,0,,,,
C,8198,0.029608,0,0,0,,,,
C,8199,0.028402,0,0,0,,,,
C,8200,0.030015,0,0,0,,,,
C,8201,0.030824,0,0,0,,,,
C,8202,0.031381,0,0,0,,,,
C,8203,0.030465,0,0,0,,,,
C,8204,0.029132,0,0,0,,,,
C,8205,0.028144,0,0,0,,,,
C,8206,0.030042,0,0,0,,,,
C,8207,0.034503,0,0,0,,,,
C,8208,0.032795,0,0,0,,,,
C,8209,0.031844,0,0,0,,,,
C,8210,0.032298,0,0,0,,,,
C,8211,0.031677,0,0,0,,,,
C,8212,0.030925,0,0,0,,,,
C,8213,0.029232,0,0,0,,,,
C,8214,0.030313,0,0,0,,,,
C,8215,0.029847,0,0,0,,,,
C,8216,0.031057,0,0,0,,,,
C,8217,0.029321,0,0,0,,,,
C,8218,0.029037,0,0,0,,,,
C,8219,0.031176,0,0,0,,,,
C,8220,0.028925,0,0,0,,,,
C,8221,0.029993,0,0,0,,,,
C,8222,0.028826,0,0,0,,,,
C,8223,0.029984,0,0,0,,,,
C,8224,0.030110,0,0,0,,,,
C,8225,0.030792,0,0,0,,,,
C,8226,0.027701,0,0,0,,,,
C,8227,0.029929,0,0,0,,,,
C,8228,0.029976,0,0,0,,,,
C,8229,0.030510,0,0,0,,,,
C,8230,0.029013,0,0,0,,,,
C,8231,0.031871,0,0,0,,,,
C,8232,0.030026,0,0,0,,,,
C,8233,0.031244,0,0,0,,,,
C,8234,0.029006,0,0,0,,,,
C,8235,0.028750,0,0,0,,,,
C,8236,0.029755,0,0,0,,,,
C,8237,0.028985,0,0,0,,,,
C,8238,0.044789,0,0,0,,,,
C,8239,0.062925,0,0,0,,,,
C,8240,0.037761,0,0,0,,,,
C,8241,0.034425,0,0,0,,,,
C,8242,0.034003,0,0,0,,,,
C,8243,0.035148,0,0,0,,,,
C,8244,0.032490,0,0,0,,,,
C,8245,0.030004,0,0,0,,,,
C,8246,0.029933,0,0,0,,,,
C,8247,0.030616,0,0,0,,,,
C,8248,0.030657,0,0,0,,,,
C,8249,0.033839,0,0,0,,,,
C,8250,0.031287,0,0,0,,,,
C,8251,0.030463,0,0,0,,,,
C,8252,0.032944,0,0,0,,,,
C,8253,0.028923,0,0,0,,,,
C,8254,0.032331,0,0,0,,,,
C,8255,0.030342,0,0,0,,,,
C,8256,0.030428,0,0,0,,,,
C,8257,0.030105,0,0,0,,,,
C,8258,0.030326,0,0,0,,,,
C,8259,0.031666,0,0,0,,,,
C,8260,0.032091,0,0,0,,,,
C,8261,0.031371,0,0,0,,,,
C,8262,0.030940,0,0,0,,,,
C,8263,0.030953,0,0,0,,,,
C,8264,0.029502,0,0,0,,,,
C,8265,0.032965,0,0,0,,,,
C,8266,0.030481,0,0,0,,,,
C,8267,0.028421,0,0,0,,,,
C,8268,0.030327,0,0,0,,,,
C,8269,0.031163,0,0,0,,,,
C,8270,0.030409,0,0,0,,,,
C,8271,0.033413,0,0,0,,,,
C,8272,0.032987,0,0,0,,,,
C,8273,0.031528,0,0,0,,,,
C,8274,0.030151,0,0,0,,,,
C,8275,0.029969,0,0,0,,,,
C,8276,0.030650,0,0,0,,,,
C,8277,0.030616,0,0,0,,,,
C,8278,0.031511,0,0,0,,,,
C,8279,0.031786,0,0,0,,,,
C,8280,0.035999,0,0,0,,,,
C,8281,0.036250,0,0,0,,,,
C,8282,0.036766,0,0,0,,,,
C,8283,0.041578,0,0,0,,,,
C,8284,0.036964,0,0,0,,,,
C,8285,0.035964,0,0,0,,,,
C,8286,0.041908,0,0,0,,,,
C,8287,0.043359,0,0,0,,,,
C,8288,0.041807,0,0,0,,,,
C,8289,0.037992,0,0,0,,,,
C,8290,0.039007,0,0,0,,,,
C,8291,0.037792,0,0,0,,,,
C,8292,0.033646,0,0,0,,,,
C,8293,0.031449,0,0,0,,,,
C,8294,0.032374,0,0,0,,,,
C,8295,0.032213,0,0,0,,,,
C,8296,0.031997,0,0,0,,,,
C,8297,0.030839,0,0,0,,,,
C,8298,0.031836,0,0,0,,,,
C,8299,0.031027,0,0,0,,,,
C,8300,0.030935,0,0,0,,,,
C,8301,0.029037,0,0,0,,,,
C,8302,0.032278,0,0,0,,,,
C,8303,0.048904,0,0,0,,,,
C,8304,0.032130,0,0,0,,,,
C,8305,0.030476,0,0,0,,,,
C,8306,0.029796,0,0,0,,,,
C,8307,0.029458,0,0,0,,,,
C,8308,0.029757,0,0,0,,,,
C,8309,0.030591,0,0,0,,,,
C,8310,0.030750,0,0,0,,,,
C,8311,0.031318,0,0,0,,,,
C,8312,0.031601,0,0,0,,,,
C,8313,0.033332,0,0,0,,,,
C,8314,0.033324,0,0,0,,,,
C,8315,0.031307,0,0,0,,,,
C,8316,0.031634,0,0,0,,,,
C,8317,0.031595,0,0,0,,,,
C,8318,0.032596,0,0,0,,,,
C,8319,0.031028,0,0,0,,,,
C,8320,0.032631,0,0,0,,,,
C,8321,0.031155,0,0,0,,,,
C,8322,0.029600,0,0,0,,,,
C,8323,0.029722,0,0,0,,,,
C,8324,0.029907,0,0,0,,,,
C,8325,0.030370,0,0,0,,,,
C,8326,0.031518,0,0,0,,,,
C,8327,0.032211,0,0,0,,,,
C,8328,0.030188,0,0,0,,,,
C,8329,0.031251,0,0,0,,,,
C,8330,0.030028,0,0,0,,,,
C,8331,0.031438,0,0,0,,,,
C,8332,0.028932,0,0,0,,,,
C,8333,0.031330,0,0,0,,,,
C,8334,0.030229,0,0,0,,,,
C,8335,0.029227,0,0,0,,,,
C,8336,0.030918,0,0,0,,,,
C,8337,0.031498,0,0,0,,,,
C,8338,0.030024,0,0,0,,,,
C,8339,0.031384,0,0,0,,,,
C,8340,0.031376,0,0,0,,,,
C,8341,0.030861,0,0,0,,,,
C,8342,0.032128,0,0,0,,,,
C,8343,0.030636,0,0,0,,,,
C,8344,0.031107,0,0,0,,,,
C,8345,0.033195,0,0,0,,,,
C,8346,0.036619,0,0,0,,,,
C,8347,0.033153,0,0,0,,,,
C,8348,0.033133,0,0,0,,,,
C,8349,0.034154,0,0,0,,,,
C,8350,0.033288,0,0,0,,,,
C,8351,0.032731,0,0,0,,,,
C,8352,0.032507,0,0,0,,,,
C,8353,0.032719,0,0,0,,,,
C,8354,0.033661,0,0,0,,,,
C,8355,0.031253,0,0,0,,,,
C,8356,0.031543,0,0,0,,,,
C,8357,0.029499,0,0,0,,,,
C,8358,0.030658,0,0,0,,,,
C,8359,0.028751,0,0,0,,,,
C,8360,0.029739,0,0,0,,,,
C,8361,0.032172,0,0,0,,,,
C,8362,0.030248,0,0,0,,,,
C,8363,0.032042,0,0,0,,,,
C,8364,0.029545,0,0,0,,,,
C,8365,0.030052,0,0,0,,,,
C,8366,0.030089,0,0,0,,,,
C,8367,0.030813,0,0,0,,,,
C,8368,0.031804,0,0,0,,,,
C,8369,0.030887,0,0,0,,,,
C,8370,0.033284,0,0,0,,,,
C,8371,0.033170,0,0,0,,,,
C,8372,0.031380,0,0,0,,,,
C,8373,0.033508,0,0,0,,,,
C,8374,0.034535,0,0,0,,,,
C,8375,0.033221,0,0,0,,,,
C,8376,0.030752,0,0,0,,,,
C,8377,0.033523,0,0,0,,,,
C,8378,0.029671,0,0,0,,,,
C,8379,0.033497,0,0,0,,,,
C,8380,0.031356,0,0,0,,,,
C,8381,0.031593,0,0,0,,,,
C,8382,0.031958,0,0,0,,,,
C,8383,0.032273,0,0,0,,,,
C,8384,0.029809,0,0,0,,,,
C,8385,0.030512,0,0,0,,,,
C,8386,0.030458,0,0,0,,,,
C,8387,0.029423,0,0,0,,,,
C,8388,0.030438,0,0,0,,,,
C,8389,0.032352,0,0,0,,,,
C,8390,0.030562,0,0,0,,,,
C,8391,0.031317,0,0,0,,,,
C,8392,0.029834,0,0,0,,,,
C,8393,0.030898,0,0,0,,,,
C,8394,0.031285,0,0,0,,,,
C,8395,0.030611,0,0,0,,,,
C,8396,0.031782,0,0,0,,,,
C,8397,0.029767,0,0,0,,,,
C,8398,0.031237,0,0,0,,,,
C,8399,0.031161,0,0,0,,,,
C,8400,0.030893,0,0,0,,,,
C,8401,0.031632,0,0,0,,,,
C,8402,0.030934,0,0,0,,,,
C,8403,0.029460,0,0,0,,,,
C,8404,0.029306,0,0,0,,,,
C,8405,0.030063,0,0,0,,,,
C,8406,0.031187,0,0,0,,,,
C,8407,0.030567,0,0,0,,,,
C,8408,0.029966,0,0,0,,,,
C,8409,0.032222,0,0,0,,,,
C,8410,0.030662,0,0,0,,,,
C,8411,0.031346,0,0,0,,,,
C,8412,0.029454,0,0,0,,,,
C,8413,0.029982,0,0,0,,,,
C,8414,0.031209,0,0,0,,,,
C,8415,0.030129,0,0,0,,,,
C,8416,0.032004,0,0,0,,,,
C,8417,0.029156,0,0,0,,,,
C,8418,0.030452,0,0,0,,,,
C,8419,0.030305,0,0,0,,,,
C,8420,0.030224,0,0,0,,,,
C,8421,0.030512,0,0,0,,,,
C,8422,0.029541,0,0,0,,,,
C,8423,0.030061,0,0,0,,,,
C,8424,0.031548,0,0,0,,,,
C,8425,0.031599,0,0,0,,,,
C,8426,0.029527,0,0,0,,,,
C,8427,0.029786,0,0,0,,,,
C,8428,0.030304,0,0,0,,,,
C,8429,0.030286,0,0,0,,,,
C,8430,0.030407,0,0,0,,,,
C,8431,0.030057,0,0,0,,,,
C,8432,0.030331,0,0,0,,,,
C,8433,0.029959,0,0,0,,,,
C,8434,0.030222,0,0,0,,,,
C,8435,0.030880,0,0,0,,,,
C,8436,0.030406,0,0,0,,,,
C,8437,0.029159,0,0,0,,,,
C,8438,0.031675,0,0,0,,,,
C,8439,0.031175,0,0,0,,,,
C,8440,0.030285,0,0,0,,,,
C,8441,0.030807,0,0,0,,,,
C,8442,0.030594,0,0,0,,,,
C,8443,0.032115,0,0,0,,,,
C,8444,0.030991,0,0,0,,,,
C,8445,0.029973,0,0,0,,,,
C,8446,0.031960,0,0,0,,,,
C,8447,0.030037,0,0,0,,,,
C,8448,0.030541,0,0,0,,,,
C,8449,0.033373,0,0,0,,,,
C,8450,0.029894,0,0,0,,,,
C,8451,0.030593,0,0,0,,,,
C,8452,0.031546,0,0,0,,,,
C,8453,0.030291,0,0,0,,,,
C,8454,0.029622,0,0,0,,,,
C,8455,0.031759,0,0,0,,,,
C,8456,0.031377,0,0,0,,,,
C,8457,0.031188,0,0,0,,,,
C,8458,0.030662,0,0,0,,,,
C,8459,0.031335,0,0,0,,,,
C,8460,0.031667,0,0,0,,,,
C,8461,0.029950,0,0,0,,,,
C,8462,0.033755,0,0,0,,,,
C,8463,0.031535,0,0,0,,,,
C,8464,0.030034,0,0,0,,,,
C,8465,0.029993,0,0,0,,,,
C,8466,0.031089,0,0,0,,,,
C,8467,0.031909,0,0,0,,,,
C,8468,0.030033,0,0,0,,,,
C,8469,0.029703,0,0,0,,,,
C,8470,0.031368,0,0,0,,,,
C,8471,0.029396,0,0,0,,,,
C,8472,0.029960,0,0,0,,,,
C,8473,0.033653,0,0,0,,,,
C,8474,0.033782,0,0,0,,,,
C,8475,0.031322,0,0,0,,,,
C,8476,0.035960,0,0,0,,,,
C,8477,0.052047,0,0,0,,,,
C,8478,0.032572,0,0,0,,,,
C,8479,0.034265,0,0,0,,,,
C,8480,0.033230,0,0,0,,,,
C,8481,0.040063,0,0,0,,,,
C,8482,0.046992,0,0,0,,,,
C,8483,0.033065,0,0,0,,,,
C,8484,0.038375,0,0,0,,,,
C,8485,0.035006,0,0,0,,,,
C,8486,0.030569,0,0,0,,,,
C,8487,0.030242,0,0,0,,,,
C,8488,0.030277,0,0,0,,,,
C,8489,0.029306,0,0,0,,,,
C,8490,0.031899,0,0,0,,,,
C,8491,0.030801,0,0,0,,,,
C,8492,0.031888,0,0,0,,,,
C,8493,0.029720,0,0,0,,,,
C,8494,0.031031,0,0,0,,,,
C,8495,0.032811,0,0,0,,,,
C,8496,0.033279,0,0,0,,,,
C,8497,0.037258,0,0,0,,,,
C,8498,0.031394,0,0,0,,,,
C,8499,0.030579,0,0,0,,,,
C,8500,0.032257,0,0,0,,,,
C,8501,0.031579,0,0,0,,,,
C,8502,0.030967,0,0,0,,,,
C,8503,0.031493,0,0,0,,,,
C,8504,0.031010,0,0,0,,,,
C,8505,0.031076,0,0,0,,,,
C,8506,0.029131,0,0,0,,,,
C,8507,0.029849,0,0,0,,,,
C,8508,0.031218,0,0,0,,,,
C,8509,0.032461,0,0,0,,,,
C,8510,0.029798,0,0,0,,,,
C,8511,0.030371,0,0,0,,,,
C,8512,0.030404,0,0,0,,,,
C,8513,0.029848,0,0,0,,,,
C,8514,0.031567,0,0,0,,,,
C,8515,0.030053,0,0,0,,,,
C,8516,0.031142,0,0,0,,,,
C,8517,0.030290,0,0,0,,,,
C,8518,0.030622,0,0,0,,,,
C,8519,0.029070,0,0,0,,,,
C,8520,0.030567,0,0,0,,,,
C,8521,0.030741,0,0,0,,,,
C,8522,0.029393,0,0,0,,,,
C,8523,0.030357,0,0,0,,,,
C,8524,0.031426,0,0,0,,,,
C,8525,0.029443,0,0,0,,,,
C,8526,0.033418,0,0,0,,,,
C,8527,0.029176,0,0,0,,,,
C,8528,0.030141,0,0,0,,,,
C,8529,0.030167,0,0,0,,,,
C,8530,0.030786,0,0,0,,,,
C,8531,0.030568,0,0,0,,,,
C,8532,0.029568,0,0,0,,,,
C,8533,0.031266,0,0,0,,,,
C,8534,0.032769,0,0,0,,,,
C,8535,0.028976,0,0,0,,,,
C,8536,0.028899,0,0,0,,,,
C,8537,0.030187,0,0,0,,,,
C,8538,0.031040,0,0,0,,,,
C,8539,0.030168,0,0,0,,,,
C,8540,0.030618,0,0,0,,,,
C,8541,0.029595,0,0,0,,,,
C,8542,0.028901,0,0,0,,,,
C,8543,0.030108,0,0,0,,,,
C,8544,0.031748,0,0,0,,,,
C,8545,0.030460,0,0,0,,,,
C,8546,0.030608,0,0,0,,,,
C,8547,0.031643,0,0,0,,,,
C,8548,0.032030,0,0,0,,,,
C,8549,0.030718,0,0,0,,,,
C,8550,0.030764,0,0,0,,,,
C,8551,0.031437,0,0,0,,,,
C,8552,0.029104,0,0,0,,,,
C,8553,0.030128,0,0,0,,,,
C,8554,0.030757,0,0,0,,,,
C,8555,0.030162,0,0,0,,,,
C,8556,0.029289,0,0,0,,,,
C,8557,0.030173,0,0,0,,,,
C,8558,0.031805,0,0,0,,,,
C,8559,0.029709,0,0,0,,,,
C,8560,0.030379,0,0,0,,,,
C,8561,0.031657,0,0,0,,,,
C,8562,0.029395,0,0,0,,,,
C,8563,0.032932,0,0,0,,,,
C,8564,0.032298,0,0,0,,,,
C,8565,0.030458,0,0,0,,,,
C,8566,0.030660,0,0,0,,,,
C,8567,0.033008,0,0,0,,,,
C,8568,0.032971,0,0,0,,,,
C,8569,0.030577,0,0,0,,,,
C,8570,0.029061,0,0,0,,,,
C,8571,0.030021,0,0,0,,,,
C,8572,0.033213,0,0,0,,,,
C,8573,0.031605,0,0,0,,,,
C,8574,0.029026,0,0,0,,,,
C,8575,0.029346,0,0,0,,,,
C,8576,0.030258,0,0,0,,,,
C,8577,0.032473,0,0,0,,,,
C,8578,0.031280,0,0,0,,,,
C,8579,0.030741,0,0,0,,,,
C,8580,0.029279,0,0,0,,,,
C,8581,0.029343,0,0,0,,,,
C,8582,0.029870,0,0,0,,,,
C,8583,0.030589,0,0,0,,,,
C,8584,0.030999,0,0,0,,,,
C,8585,0.030570,0,0,0,,,,
C,8586,0.031357,0,0,0,,,,
C,8587,0.029913,0,0,0,,,,
C,8588,0.029281,0,0,0,,,,
C,8589,0.030463,0,0,0,,,,
C,8590,0.030897,0,0,0,,,,
C,8591,0.029484,0,0,0,,,,
C,8592,0.030322,0,0,0,,,,
C,8593,0.031802,0,0,0,,,,
C,8594,0.031867,0,0,0,,,,
C,8595,0.032216,0,0,0,,,,
C,8596,0.029701,0,0,0,,,,
C,8597,0.033689,0,0,0,,,,
C,8598,0.032679,0,0,0,,,,
C,8599,0.032455,0,0,0,,,,
C,8600,0.029490,0,0,0,,,,
C,8601,0.030802,0,0,0,,,,
C,8602,0.029964,0,0,0,,,,
C,8603,0.030384,0,0,0,,,,
C,8604,0.032241,0,0,0,,,,
C,8605,0.030530,0,0,0,,,,
C,8606,0.031146,0,0,0,,,,
C,8607,0.030735,0,0,0,,,,
C,8608,0.032224,0,0,0,,,,
C,8609,0.030480,0,0,0,,,,
C,8610,0.030447,0,0,0,,,,
C,8611,0.031018,0,0,0,,,,
C,8612,0.029338,0,0,0,,,,
C,8613,0.031802,0,0,0,,,,
C,8614,0.030488,0,0,0,,,,
C,8615,0.029794,0,0,0,,,,
C,8616,0.030740,0,0,0,,,,
C,8617,0.030834,0,0,0,,,,
C,8618,0.030389,0,0,0,,,,
C,8619,0.029883,0,0,0,,,,
C,8620,0.029824,0,0,0,,,,
C,8621,0.031350,0,0,0,,,,
C,8622,0.030414,0,0,0,,,,
C,8623,0.030191,0,0,0,,,,
C,8624,0.030168,0,0,0,,,,
C,8625,0.032192,0,0,0,,,,
C,8626,0.032738,0,0,0,,,,
C,8627,0.031424,0,0,0,,,,
C,8628,0.030568,0,0,0,,,,
C,8629,0.030337,0,0,0,,,,
C,8630,0.032923,0,0,0,,,,
C,8631,0.031007,0,0,0,,,,
C,8632,0.030498,0,0,0,,,,
C,8633,0.032473,0,0,0,,,,
C,8634,0.030309,0,0,0,,,,
C,8635,0.029864,0,0,0,,,,
C,8636,0.032659,0,0,0,,,,
C,8637,0.031898,0,0,0,,,,
C,8638,0.029814,0,0,0,,,,
C,8639,0.032606,0,0,0,,,,
C,8640,0.031526,0,0,0,,,,
C,8641,0.030193,0,0,0,,,,
C,8642,0.030917,0,0,0,,,,
C,8643,0.029371,0,0,0,,,,
C,8644,0.030645,0,0,0,,,,
C,8645,0.029722,0,0,0,,,,
C,8646,0.030138,0,0,0,,,,
C,8647,0.031820,0,0,0,,,,
C,8648,0.030443,0,0,0,,,,
C,8649,0.032169,0,0,0,,,,
C,8650,0.032811,0,0,0,,,,
C,8651,0.033104,0,0,0,,,,
C,8652,0.033397,0,0,0,,,,
C,8653,0.030063,0,0,0,,,,
C,8654,0.029266,0,0,0,,,,
C,8655,0.029916,0,0,0,,,,
C,8656,0.031995,0,0,0,,,,
C,8657,0.031840,0,0,0,,,,
C,8658,0.029511,0,0,0,,,,
C,8659,0.029916,0,0,0,,,,
C,8660,0.030150,0,0,0,,,,
C,8661,0.030801,0,0,0,,,,
C,8662,0.029746,0,0,0,,,,
C,8663,0.035647,0,0,0,,,,
C,8664,0.032883,0,0,0,,,,
C,8665,0.032854,0,0,0,,,,
C,8666,0.032489,0,0,0,,,,
C,8667,0.029865,0,0,0,,,,
C,8668,0.031420,0,0,0,,,,
C,8669,0.032078,0,0,0,,,,
C,8670,0.030829,0,0,0,,,,
C,8671,0.030134,0,0,0,,,,
C,8672,0.030958,0,0,0,,,,
C,8673,0.032003,0,0,0,,,,
C,8674,0.031185,0,0,0,,,,
C,8675,0.029370,0,0,0,,,,
C,8676,0.030352,0,0,0,,,,
C,8677,0.031882,0,0,0,,,,
C,8678,0.030272,0,0,0,,,,
C,8679,0.031492,0,0,0,,,,
C,8680,0.031474,0,0,0,,,,
C,8681,0.029785,0,0,0,,,,
C,8682,0.030330,0,0,0,,,,
C,8683,0.030812,0,0,0,,,,
C,8684,0.030791,0,0,0,,,,
C,8685,0.031448,0,0,0,,,,
C,8686,0.030156,0,0,0,,,,
C,8687,0.030533,0,0,0,,,,
C,8688,0.030217,0,0,0,,,,
C,8689,0.030526,0,0,0,,,,
C,8690,0.029580,0,0,0,,,,
C,8691,0.030263,0,0,0,,,,
C,8692,0.030737,0,0,0,,,,
C,8693,0.032408,0,0,0,,,,
C,8694,0.030715,0,0,0,,,,
C,8695,0.030289,0,0,0,,,,
C,8696,0.030915,0,0,0,,,,
C,8697,0.031901,0,0,0,,,,
C,8698,0.030003,0,0,0,,,,
C,8699,0.029912,0,0,0,,,,
C,8700,0.031849,0,0,0,,,,
C,8701,0.029720,0,0,0,,,,
C,8702,0.030418,0,0,0,,,,
C,8703,0.031726,0,0,0,,,,
C,8704,0.029169,0,0,0,,,,
C,8705,0.032204,0,0,0,,,,
C,8706,0.032051,0,0,0,,,,
C,8707,0.033805,0,0,0,,,,
C,8708,0.029148,0,0,0,,,,
C,8709,0.032610,0,0,0,,,,
C,8710,0.030823,0,0,0,,,,
C,8711,0.031234,0,0,0,,,,
C,8712,0.032775,0,0,0,,,,
C,8713,0.035799,0,0,0,,,,
C,8714,0.034844,0,0,0,,,,
C,8715,0.035533,0,0,0,,,,
C,8716,0.031710,0,0,0,,,,
C,8717,0.037016,0,0,0,,,,
C,8718,0.042056,0,0,0,,,,
C,8719,0.029906,0,0,0,,,,
C,8720,0.033599,0,0,0,,,,
C,8721,0.037258,0,0,0,,,,
C,8722,0.032072,0,0,0,,,,
C,8723,0.030764,0,0,0,,,,
C,8724,0.032079,0,0,0,,,,
C,8725,0.032195,0,0,0,,,,
C,8726,0.032095,0,0,0,,,,
C,8727,0.031366,0,0,0,,,,
C,8728,0.029939,0,0,0,,,,
C,8729,0.029685,0,0,0,,,,
C,8730,0.030135,0,0,0,,,,
C,8731,0.028859,0,0,0,,,,
C,8732,0.031393,0,0,0,,,,
C,8733,0.031426,0,0,0,,,,
C,8734,0.031117,0,0,0,,,,
C,8735,0.030024,0,0,0,,,,
C,8736,0.030666,0,0,0,,,,
C,8737,0.030290,0,0,0,,,,
C,8738,0.032349,0,0,0,,,,
C,8739,0.031678,0,0,0,,,,
C,8740,0.029606,0,0,0,,,,
C,8741,0.029288,0,0,0,,,,
C,8742,0.029364,0,0,0,,,,
C,8743,0.031796,0,0,0,,,,
C,8744,0.029327,0,0,0,,,,
C,8745,0.031321,0,0,0,,,,
C,8746,0.029848,0,0,0,,,,
C,8747,0.031208,0,0,0,,,,
C,8748,0.031322,0,0,0,,,,
C,8749,0.031643,0,0,0,,,,
C,8750,0.031033,0,0,0,,,,
C,8751,0.030167,0,0,0,,,,
C,8752,0.031668,0,0,0,,,,
C,8753,0.031881,0,0,0,,,,
C,8754,0.032163,0,0,0,,,,
C,8755,0.033099,0,0,0,,,,
C,8756,0.031639,0,0,0,,,,
C,8757,0.030989,0,0,0,,,,
C,8758,0.029990,0,0,0,,,,
C,8759,0.030321,0,0,0,,,,
C,8760,0.029881,0,0,0,,,,
C,8761,0.033034,0,0,0,,,,
C,8762,0.031503,0,0,0,,,,
C,8763,0.030609,0,0,0,,,,
C,8764,0.033540,0,0,0,,,,
C,8765,0.029963,0,0,0,,,,
C,8766,0.028977,0,0,0,,,,
C,8767,0.031150,0,0,0,,,,
C,8768,0.030809,0,0,0,,,,
C,8769,0.032223,0,0,0,,,,
C,8770,0.029776,0,0,0,,,,
C,8771,0.029752,0,0,0,,,,
C,8772,0.029152,0,0,0,,,,
C,8773,0.040783,0,0,0,,,,
C,8774,0.037703,0,0,0,,,,
C,8775,0.031528,0,0,0,,,,
C,8776,0.030053,0,0,0,,,,
C,8777,0.031225,0,0,0,,,,
C,8778,0.032858,0,0,0,,,,
C,8779,0.032236,0,0,0,,,,
C,8780,0.032467,0,0,0,,,,
C,8781,0.029454,0,0,0,,,,
C,8782,0.032050,0,0,0,,,,
C,8783,0.030730,0,0,0,,,,
C,8784,0.031246,0,0,0,,,,
C,8785,0.032704,0,0,0,,,,
C,8786,0.032183,0,0,0,,,,
C,8787,0.030998,0,0,0,,,,
C,8788,0.030331,0,0,0,,,,
C,8789,0.031118,0,0,0,,,,
C,8790,0.030635,0,0,0,,,,
C,8791,0.032584,0,0,0,,,,
C,8792,0.031994,0,0,0,,,,
C,8793,0.031977,0,0,0,,,,
C,8794,0.029748,0,0,0,,,,
C,8795,0.031296,0,0,0,,,,
C,8796,0.031417,0,0,0,,,,
C,8797,0.031902,0,0,0,,,,
C,8798,0.032613,0,0,0,,,,
C,8799,0.030535,0,0,0,,,,
C,8800,0.030302,0,0,0,,,,
C,8801,0.032437,0,0,0,,,,
C,8802,0.029140,0,0,0,,,,
C,8803,0.030685,0,0,0,,,,
C,8804,0.031750,0,0,0,,,,
C,8805,0.029872,0,0,0,,,,
C,8806,0.029949,0,0,0,,,,
C,8807,0.030242,0,0,0,,,,
C,8808,0.031498,0,0,0,,,,
C,8809,0.030697,0,0,0,,,,
C,8810,0.031063,0,0,0,,,,
C,8811,0.029543,0,0,0,,,,
C,8812,0.031192,0,0,0,,,,
C,8813,0.030120,0,0,0,,,,
C,8814,0.030814,0,0,0,,,,
C,8815,0.029651,0,0,0,,,,
C,8816,0.030662,0,0,0,,,,
C,8817,0.030438,0,0,0,,,,
C,8818,0.033855,0,0,0,,,,
C,8819,0.036187,0,0,0,,,,
C,8820,0.031759,0,0,0,,,,
C,8821,0.036656,0,0,0,,,,
C,8822,0.033355,0,0,0,,,,
C,8823,0.035071,0,0,0,,,,
C,8824,0.034214,0,0,0,,,,
C,8825,0.031679,0,0,0,,,,
C,8826,0.030247,0,0,0,,,,
C,8827,0.031934,0,0,0,,,,
C,8828,0.030739,0,0,0,,,,
C,8829,0.031959,0,0,0,,,,
C,8830,0.029452,0,0,0,,,,
C,8831,0.032027,0,0,0,,,,
C,8832,0.029811,0,0,0,,,,
C,8833,0.031896,0,0,0,,,,
C,8834,0.031965,0,0,0,,,,
C,8835,0.030551,0,0,0,,,,
C,8836,0.030210,0,0,0,,,,
C,8837,0.030481,0,0,0,,,,
C,8838,0.030224,0,0,0,,,,
C,8839,0.031236,0,0,0,,,,
C,8840,0.030092,0,0,0,,,,
C,8841,0.030913,0,0,0,,,,
C,8842,0.030947,0,0,0,,,,
C,8843,0.031772,0,0,0,,,,
C,8844,0.029980,0,0,0,,,,
C,8845,0.030397,0,0,0,,,,
C,8846,0.032614,0,0,0,,,,
C,8847,0.030733,0,0,0,,,,
C,8848,0.029643,0,0,0,,,,
C,8849,0.032140,0,0,0,,,,
C,8850,0.040246,0,0,0,,,,
C,8851,0.039774,0,0,0,,,,
C,8852,0.032400,0,0,0,,,,
C,8853,0.033224,0,0,0,,,,
C,8854,0.033639,0,0,0,,,,
C,8855,0.037357,0,0,0,,,,
C,8856,0.043626,0,0,0,,,,
C,8857,0.036706,0,0,0,,,,
C,8858,0.036264,0,0,0,,,,
C,8859,0.029678,0,0,0,,,,
C,8860,0.030958,0,0,0,,,,
C,8861,0.033243,0,0,0,,,,
C,8862,0.031141,0,0,0,,,,
C,8863,0.029313,0,0,0,,,,
C,8864,0.031296,0,0,0,,,,
C,8865,0.030519,0,0,0,,,,
C,8866,0.031402,0,0,0,,,,
C,8867,0.031720,0,0,0,,,,
C,8868,0.030986,0,0,0,,,,
C,8869,0.031277,0,0,0,,,,
C,8870,0.031790,0,0,0,,,,
C,8871,0.034694,0,0,0,,,,
C,8872,0.033713,0,0,0,,,,
C,8873,0.031238,0,0,0,,,,
C,8874,0.032360,0,0,0,,,,
C,8875,0.033515,0,0,0,,,,
C,8876,0.031714,0,0,0,,,,
C,8877,0.030139,0,0,0,,,,
C,8878,0.032140,0,0,0,,,,
C,8879,0.029792,0,0,0,,,,
C,8880,0.031699,0,0,0,,,,
C,8881,0.029580,0,0,0,,,,
C,8882,0.030655,0,0,0,,,,
C,8883,0.029936,0,0,0,,,,
C,8884,0.030553,0,0,0,,,,
C,8885,0.032058,0,0,0,,,,
C,8886,0.031605,0,0,0,,,,
C,8887,0.033791,0,0,0,,,,
C,8888,0.034351,0,0,0,,,,
C,8889,0.029152,0,0,0,,,,
C,8890,0.029870,0,0,0,,,,
C,8891,0.031070,0,0,0,,,,
C,8892,0.032696,0,0,0,,,,
C,8893,0.031626,0,0,0,,,,
C,8894,0.030036,0,0,0,,,,
C,8895,0.030707,0,0,0,,,,
C,8896,0.030667,0,0,0,,,,
C,8897,0.031044,0,0,0,,,,
C,8898,0.030460,0,0,0,,,,
C,8899,0.032752,0,0,0,,,,
C,8900,0.029076,0,0,0,,,,
C,8901,0.030101,0,0,0,,,,
C,8902,0.031832,0,0,0,,,,
C,8903,0.031379,0,0,0,,,,
C,8904,0.030076,0,0,0,,,,
C,8905,0.032773,0,0,0,,,,
C,8906,0.030670,0,0,0,,,,
C,8907,0.030836,0,0,0,,,,
C,8908,0.031351,0,0,0,,,,
C,8909,0.030596,0,0,0,,,,
C,8910,0.030130,0,0,0,,,,
C,8911,0.034608,0,0,0,,,,
C,8912,0.032102,0,0,0,,,,
C,8913,0.030641,0,0,0,,,,
C,8914,0.029151,0,0,0,,,,
C,8915,0.031130,0,0,0,,,,
C,8916,0.030550,0,0,0,,,,
C,8917,0.031814,0,0,0,,,,
C,8918,0.035945,0,0,0,,,,
C,8919,0.031681,0,0,0,,,,
C,8920,0.031413,0,0,0,,,,
C,8921,0.031088,0,0,0,,,,
C,8922,0.028441,0,0,0,,,,
C,8923,0.031981,0,0,0,,,,
C,8924,0.032844,0,0,0,,,,
C,8925,0.031129,0,0,0,,,,
C,8926,0.030040,0,0,0,,,,
C,8927,0.030237,0,0,0,,,,
C,8928,0.031760,0,0,0,,,,
C,8929,0.031335,0,0,0,,,,
C,8930,0.032644,0,0,0,,,,
C,8931,0.031528,0,0,0,,,,
C,8932,0.030886,0,0,0,,,,
C,8933,0.030419,0,0,0,,,,
C,8934,0.030258,0,0,0,,,,
C,8935,0.031461,0,0,0,,,,
C,8936,0.029593,0,0,0,,,,
C,8937,0.028770,0,0,0,,,,
C,8938,0.030944,0,0,0,,,,
C,8939,0.031313,0,0,0,,,,
C,8940,0.031536,0,0,0,,,,
C,8941,0.030046,0,0,0,,,,
C,8942,0.030871,0,0,0,,,,
C,8943,0.030330,0,0,0,,,,
C,8944,0.030128,0,0,0,,,,
C,8945,0.029262,0,0,0,,,,
C,8946,0.035628,0,0,0,,,,
C,8947,0.030294,0,0,0,,,,
C,8948,0.033077,0,0,0,,,,
C,8949,0.029318,0,0,0,,,,
C,8950,0.030101,0,0,0,,,,
C,8951,0.029593,0,0,0,,,,
C,8952,0.030731,0,0,0,,,,
C,8953,0.029507,0,0,0,,,,
C,8954,0.029772,0,0,0,,,,
C,8955,0.030490,0,0,0,,,,
C,8956,0.030126,0,0,0,,,,
C,8957,0.030214,0,0,0,,,,
C,8958,0.029003,0,0,0,,,,
C,8959,0.029186,0,0,0,,,,
C,8960,0.030500,0,0,0,,,,
C,8961,0.034265,0,0,0,,,,
C,8962,0.029899,0,0,0,,,,
C,8963,0.032047,0,0,0,,,,
C,8964,0.028817,0,0,0,,,,
C,8965,0.030820,0,0,0,,,,
C,8966,0.032044,0,0,0,,,,
C,8967,0.031877,0,0,0,,,,
C,8968,0.029962,0,0,0,,,,
C,8969,0.029772,0,0,0,,,,
C,8970,0.032561,0,0,0,,,,
C,8971,0.030259,0,0,0,,,,
C,8972,0.032046,0,0,0,,,,
C,8973,0.033084,0,0,0,,,,
C,8974,0.030190,0,0,0,,,,
C,8975,0.030670,0,0,0,,,,
C,8976,0.030272,0,0,0,,,,
C,8977,0.033430,0,0,0,,,,
C,8978,0.031658,0,0,0,,,,
C,8979,0.030595,0,0,0,,,,
C,8980,0.030358,0,0,0,,,,
C,8981,0.030059,0,0,0,,,,
C,8982,0.031831,0,0,0,,,,
C,8983,0.030742,0,0,0,,,,
C,8984,0.029371,0,0,0,,,,
C,8985,0.029906,0,0,0,,,,
C,8986,0.030048,0,0,0,,,,
C,8987,0.031619,0,0,0,,,,
C,8988,0.031074,0,0,0,,,,
C,8989,0.034414,0,0,0,,,,
C,8990,0.030105,0,0,0,,,,
C,8991,0.029968,0,0,0,,,,
C,8992,0.029682,0,0,0,,,,
C,8993,0.030394,0,0,0,,,,
C,8994,0.030522,0,0,0,,,,
C,8995,0.030373,0,0,0,,,,
C,8996,0.032276,0,0,0,,,,
C,8997,0.031097,0,0,0,,,,
C,8998,0.031878,0,0,0,,,,
C,8999,0.031870,0,0,0,,,,
C,9000,0.029515,0,0,0,220.7,5.470e-11,"{'checked': 26, 'zsx_rejected': 6, 'default_rejected': 0, 'closed_form_forced': 0, 'inexact': 9, 'exact_rebuilt': 0, 'best_effort': 0, 'best_effort_worst': 0.0, 'psf_rerouted': 0, 'psf_rerouted_worst_residual': 0.0}",420
C,9001,0.032228,0,0,0,,,,
C,9002,0.031606,0,0,0,,,,
C,9003,0.030644,0,0,0,,,,
C,9004,0.029289,0,0,0,,,,
C,9005,0.031043,0,0,0,,,,
C,9006,0.029960,0,0,0,,,,
C,9007,0.030130,0,0,0,,,,
C,9008,0.032849,0,0,0,,,,
C,9009,0.030211,0,0,0,,,,
C,9010,0.031888,0,0,0,,,,
C,9011,0.031074,0,0,0,,,,
C,9012,0.033023,0,0,0,,,,
C,9013,0.028959,0,0,0,,,,
C,9014,0.031327,0,0,0,,,,
C,9015,0.030593,0,0,0,,,,
C,9016,0.031368,0,0,0,,,,
C,9017,0.030642,0,0,0,,,,
C,9018,0.029418,0,0,0,,,,
C,9019,0.031678,0,0,0,,,,
C,9020,0.031611,0,0,0,,,,
C,9021,0.030062,0,0,0,,,,
C,9022,0.032504,0,0,0,,,,
C,9023,0.030046,0,0,0,,,,
C,9024,0.030509,0,0,0,,,,
C,9025,0.030350,0,0,0,,,,
C,9026,0.029286,0,0,0,,,,
C,9027,0.029250,0,0,0,,,,
C,9028,0.035093,0,0,0,,,,
C,9029,0.029479,0,0,0,,,,
C,9030,0.031183,0,0,0,,,,
C,9031,0.032419,0,0,0,,,,
C,9032,0.032623,0,0,0,,,,
C,9033,0.032660,0,0,0,,,,
C,9034,0.031895,0,0,0,,,,
C,9035,0.029865,0,0,0,,,,
C,9036,0.030289,0,0,0,,,,
C,9037,0.031972,0,0,0,,,,
C,9038,0.031424,0,0,0,,,,
C,9039,0.031459,0,0,0,,,,
C,9040,0.029847,0,0,0,,,,
C,9041,0.033521,0,0,0,,,,
C,9042,0.033854,0,0,0,,,,
C,9043,0.031717,0,0,0,,,,
C,9044,0.032258,0,0,0,,,,
C,9045,0.034020,0,0,0,,,,
C,9046,0.033410,0,0,0,,,,
C,9047,0.040415,0,0,0,,,,
C,9048,0.034799,0,0,0,,,,
C,9049,0.042171,0,0,0,,,,
C,9050,0.034868,0,0,0,,,,
C,9051,0.029666,0,0,0,,,,
C,9052,0.033210,0,0,0,,,,
C,9053,0.031223,0,0,0,,,,
C,9054,0.032994,0,0,0,,,,
C,9055,0.032034,0,0,0,,,,
C,9056,0.031795,0,0,0,,,,
C,9057,0.030216,0,0,0,,,,
C,9058,0.031166,0,0,0,,,,
C,9059,0.040500,0,0,0,,,,
C,9060,0.041975,0,0,0,,,,
C,9061,0.030509,0,0,0,,,,
C,9062,0.031257,0,0,0,,,,
C,9063,0.037200,0,0,0,,,,
C,9064,0.032938,0,0,0,,,,
C,9065,0.030475,0,0,0,,,,
C,9066,0.030055,0,0,0,,,,
C,9067,0.030749,0,0,0,,,,
C,9068,0.030385,0,0,0,,,,
C,9069,0.031332,0,0,0,,,,
C,9070,0.031918,0,0,0,,,,
C,9071,0.030933,0,0,0,,,,
C,9072,0.031241,0,0,0,,,,
C,9073,0.029945,0,0,0,,,,
C,9074,0.031086,0,0,0,,,,
C,9075,0.030489,0,0,0,,,,
C,9076,0.031628,0,0,0,,,,
C,9077,0.031916,0,0,0,,,,
C,9078,0.031776,0,0,0,,,,
C,9079,0.029254,0,0,0,,,,
C,9080,0.030430,0,0,0,,,,
C,9081,0.029988,0,0,0,,,,
C,9082,0.028972,0,0,0,,,,
C,9083,0.030444,0,0,0,,,,
C,9084,0.030091,0,0,0,,,,
C,9085,0.033371,0,0,0,,,,
C,9086,0.030012,0,0,0,,,,
C,9087,0.031061,0,0,0,,,,
C,9088,0.029924,0,0,0,,,,
C,9089,0.029705,0,0,0,,,,
C,9090,0.032278,0,0,0,,,,
C,9091,0.032574,0,0,0,,,,
C,9092,0.031352,0,0,0,,,,
C,9093,0.030484,0,0,0,,,,
C,9094,0.031354,0,0,0,,,,
C,9095,0.030949,0,0,0,,,,
C,9096,0.031029,0,0,0,,,,
C,9097,0.033232,0,0,0,,,,
C,9098,0.032644,0,0,0,,,,
C,9099,0.033961,0,0,0,,,,
C,9100,0.030002,0,0,0,,,,
C,9101,0.029442,0,0,0,,,,
C,9102,0.035578,0,0,0,,,,
C,9103,0.032318,0,0,0,,,,
C,9104,0.030421,0,0,0,,,,
C,9105,0.031289,0,0,0,,,,
C,9106,0.030753,0,0,0,,,,
C,9107,0.030985,0,0,0,,,,
C,9108,0.031572,0,0,0,,,,
C,9109,0.030356,0,0,0,,,,
C,9110,0.029706,0,0,0,,,,
C,9111,0.029158,0,0,0,,,,
C,9112,0.029436,0,0,0,,,,
C,9113,0.031721,0,0,0,,,,
C,9114,0.030093,0,0,0,,,,
C,9115,0.031068,0,0,0,,,,
C,9116,0.031496,0,0,0,,,,
C,9117,0.031527,0,0,0,,,,
C,9118,0.030616,0,0,0,,,,
C,9119,0.031197,0,0,0,,,,
C,9120,0.031872,0,0,0,,,,
C,9121,0.030268,0,0,0,,,,
C,9122,0.035013,0,0,0,,,,
C,9123,0.028787,0,0,0,,,,
C,9124,0.030363,0,0,0,,,,
C,9125,0.029461,0,0,0,,,,
C,9126,0.030834,0,0,0,,,,
C,9127,0.030495,0,0,0,,,,
C,9128,0.034021,0,0,0,,,,
C,9129,0.031923,0,0,0,,,,
C,9130,0.033802,0,0,0,,,,
C,9131,0.030934,0,0,0,,,,
C,9132,0.031234,0,0,0,,,,
C,9133,0.029879,0,0,0,,,,
C,9134,0.032882,0,0,0,,,,
C,9135,0.031211,0,0,0,,,,
C,9136,0.029736,0,0,0,,,,
C,9137,0.031727,0,0,0,,,,
C,9138,0.031341,0,0,0,,,,
C,9139,0.028705,0,0,0,,,,
C,9140,0.030131,0,0,0,,,,
C,9141,0.030856,0,0,0,,,,
C,9142,0.031801,0,0,0,,,,
C,9143,0.029686,0,0,0,,,,
C,9144,0.030454,0,0,0,,,,
C,9145,0.031652,0,0,0,,,,
C,9146,0.031645,0,0,0,,,,
C,9147,0.029804,0,0,0,,,,
C,9148,0.030829,0,0,0,,,,
C,9149,0.030025,0,0,0,,,,
C,9150,0.030491,0,0,0,,,,
C,9151,0.030470,0,0,0,,,,
C,9152,0.029883,0,0,0,,,,
C,9153,0.029665,0,0,0,,,,
C,9154,0.031702,0,0,0,,,,
C,9155,0.028309,0,0,0,,,,
C,9156,0.032019,0,0,0,,,,
C,9157,0.029524,0,0,0,,,,
C,9158,0.030101,0,0,0,,,,
C,9159,0.030714,0,0,0,,,,
C,9160,0.032496,0,0,0,,,,
C,9161,0.031976,0,0,0,,,,
C,9162,0.030685,0,0,0,,,,
C,9163,0.031507,0,0,0,,,,
C,9164,0.031005,0,0,0,,,,
C,9165,0.030309,0,0,0,,,,
C,9166,0.031176,0,0,0,,,,
C,9167,0.031021,0,0,0,,,,
C,9168,0.030810,0,0,0,,,,
C,9169,0.032202,0,0,0,,,,
C,9170,0.029394,0,0,0,,,,
C,9171,0.031307,0,0,0,,,,
C,9172,0.031449,0,0,0,,,,
C,9173,0.030184,0,0,0,,,,
C,9174,0.030796,0,0,0,,,,
C,9175,0.029941,0,0,0,,,,
C,9176,0.031791,0,0,0,,,,
C,9177,0.030575,0,0,0,,,,
C,9178,0.031967,0,0,0,,,,
C,9179,0.032609,0,0,0,,,,
C,9180,0.031058,0,0,0,,,,
C,9181,0.032093,0,0,0,,,,
C,9182,0.031083,0,0,0,,,,
C,9183,0.029140,0,0,0,,,,
C,9184,0.030284,0,0,0,,,,
C,9185,0.031924,0,0,0,,,,
C,9186,0.032228,0,0,0,,,,
C,9187,0.028835,0,0,0,,,,
C,9188,0.031376,0,0,0,,,,
C,9189,0.030565,0,0,0,,,,
C,9190,0.033014,0,0,0,,,,
C,9191,0.030711,0,0,0,,,,
C,9192,0.029659,0,0,0,,,,
C,9193,0.030511,0,0,0,,,,
C,9194,0.030514,0,0,0,,,,
C,9195,0.032111,0,0,0,,,,
C,9196,0.030573,0,0,0,,,,
C,9197,0.032278,0,0,0,,,,
C,9198,0.030746,0,0,0,,,,
C,9199,0.035470,0,0,0,,,,
C,9200,0.040593,0,0,0,,,,
C,9201,0.041445,0,0,0,,,,
C,9202,0.034910,0,0,0,,,,
C,9203,0.031354,0,0,0,,,,
C,9204,0.031332,0,0,0,,,,
C,9205,0.033026,0,0,0,,,,
C,9206,0.032999,0,0,0,,,,
C,9207,0.032038,0,0,0,,,,
C,9208,0.031903,0,0,0,,,,
C,9209,0.034062,0,0,0,,,,
C,9210,0.032095,0,0,0,,,,
C,9211,0.029498,0,0,0,,,,
C,9212,0.029782,0,0,0,,,,
C,9213,0.031603,0,0,0,,,,
C,9214,0.031340,0,0,0,,,,
C,9215,0.032205,0,0,0,,,,
C,9216,0.029898,0,0,0,,,,
C,9217,0.030576,0,0,0,,,,
C,9218,0.030756,0,0,0,,,,
C,9219,0.030514,0,0,0,,,,
C,9220,0.029474,0,0,0,,,,
C,9221,0.030765,0,0,0,,,,
C,9222,0.029908,0,0,0,,,,
C,9223,0.029909,0,0,0,,,,
C,9224,0.031067,0,0,0,,,,
C,9225,0.030384,0,0,0,,,,
C,9226,0.030855,0,0,0,,,,
C,9227,0.032750,0,0,0,,,,
C,9228,0.030006,0,0,0,,,,
C,9229,0.030234,0,0,0,,,,
C,9230,0.033538,0,0,0,,,,
C,9231,0.033795,0,0,0,,,,
C,9232,0.030335,0,0,0,,,,
C,9233,0.031274,0,0,0,,,,
C,9234,0.031377,0,0,0,,,,
C,9235,0.030939,0,0,0,,,,
C,9236,0.031692,0,0,0,,,,
C,9237,0.031817,0,0,0,,,,
C,9238,0.029239,0,0,0,,,,
C,9239,0.030964,0,0,0,,,,
C,9240,0.030331,0,0,0,,,,
C,9241,0.029924,0,0,0,,,,
C,9242,0.029809,0,0,0,,,,
C,9243,0.031933,0,0,0,,,,
C,9244,0.029553,0,0,0,,,,
C,9245,0.031181,0,0,0,,,,
C,9246,0.029792,0,0,0,,,,
C,9247,0.031804,0,0,0,,,,
C,9248,0.031132,0,0,0,,,,
C,9249,0.030280,0,0,0,,,,
C,9250,0.030447,0,0,0,,,,
C,9251,0.030437,0,0,0,,,,
C,9252,0.030789,0,0,0,,,,
C,9253,0.031046,0,0,0,,,,
C,9254,0.028823,0,0,0,,,,
C,9255,0.031371,0,0,0,,,,
C,9256,0.030802,0,0,0,,,,
C,9257,0.031939,0,0,0,,,,
C,9258,0.030317,0,0,0,,,,
C,9259,0.030957,0,0,0,,,,
C,9260,0.028619,0,0,0,,,,
C,9261,0.029596,0,0,0,,,,
C,9262,0.031296,0,0,0,,,,
C,9263,0.030991,0,0,0,,,,
C,9264,0.030107,0,0,0,,,,
C,9265,0.031269,0,0,0,,,,
C,9266,0.032232,0,0,0,,,,
C,9267,0.029966,0,0,0,,,,
C,9268,0.030492,0,0,0,,,,
C,9269,0.031960,0,0,0,,,,
C,9270,0.031118,0,0,0,,,,
C,9271,0.028214,0,0,0,,,,
C,9272,0.029453,0,0,0,,,,
C,9273,0.031147,0,0,0,,,,
C,9274,0.029077,0,0,0,,,,
C,9275,0.031125,0,0,0,,,,
C,9276,0.029979,0,0,0,,,,
C,9277,0.035013,0,0,0,,,,
C,9278,0.035174,0,0,0,,,,
C,9279,0.033588,0,0,0,,,,
C,9280,0.032393,0,0,0,,,,
C,9281,0.030818,0,0,0,,,,
C,9282,0.042251,0,0,0,,,,
C,9283,0.031494,0,0,0,,,,
C,9284,0.029843,0,0,0,,,,
C,9285,0.034061,0,0,0,,,,
C,9286,0.029454,0,0,0,,,,
C,9287,0.029367,0,0,0,,,,
C,9288,0.031278,0,0,0,,,,
C,9289,0.030900,0,0,0,,,,
C,9290,0.029426,0,0,0,,,,
C,9291,0.028962,0,0,0,,,,
C,9292,0.031068,0,0,0,,,,
C,9293,0.031327,0,0,0,,,,
C,9294,0.030931,0,0,0,,,,
C,9295,0.028332,0,0,0,,,,
C,9296,0.032385,0,0,0,,,,
C,9297,0.030082,0,0,0,,,,
C,9298,0.031137,0,0,0,,,,
C,9299,0.031007,0,0,0,,,,
C,9300,0.031265,0,0,0,,,,
C,9301,0.031358,0,0,0,,,,
C,9302,0.031159,0,0,0,,,,
C,9303,0.029528,0,0,0,,,,
C,9304,0.029493,0,0,0,,,,
C,9305,0.030617,0,0,0,,,,
C,9306,0.030402,0,0,0,,,,
C,9307,0.030738,0,0,0,,,,
C,9308,0.029780,0,0,0,,,,
C,9309,0.029029,0,0,0,,,,
C,9310,0.029802,0,0,0,,,,
C,9311,0.031689,0,0,0,,,,
C,9312,0.030730,0,0,0,,,,
C,9313,0.029931,0,0,0,,,,
C,9314,0.031079,0,0,0,,,,
C,9315,0.030462,0,0,0,,,,
C,9316,0.030016,0,0,0,,,,
C,9317,0.032003,0,0,0,,,,
C,9318,0.031393,0,0,0,,,,
C,9319,0.030178,0,0,0,,,,
C,9320,0.030608,0,0,0,,,,
C,9321,0.029800,0,0,0,,,,
C,9322,0.029014,0,0,0,,,,
C,9323,0.031821,0,0,0,,,,
C,9324,0.030397,0,0,0,,,,
C,9325,0.031116,0,0,0,,,,
C,9326,0.030950,0,0,0,,,,
C,9327,0.030708,0,0,0,,,,
C,9328,0.031127,0,0,0,,,,
C,9329,0.032222,0,0,0,,,,
C,9330,0.030561,0,0,0,,,,
C,9331,0.031361,0,0,0,,,,
C,9332,0.031666,0,0,0,,,,
C,9333,0.032452,0,0,0,,,,
C,9334,0.034434,0,0,0,,,,
C,9335,0.031123,0,0,0,,,,
C,9336,0.029574,0,0,0,,,,
C,9337,0.030577,0,0,0,,,,
C,9338,0.030818,0,0,0,,,,
C,9339,0.030334,0,0,0,,,,
C,9340,0.030967,0,0,0,,,,
C,9341,0.029762,0,0,0,,,,
C,9342,0.032176,0,0,0,,,,
C,9343,0.029845,0,0,0,,,,
C,9344,0.030914,0,0,0,,,,
C,9345,0.030162,0,0,0,,,,
C,9346,0.031637,0,0,0,,,,
C,9347,0.032115,0,0,0,,,,
C,9348,0.032185,0,0,0,,,,
C,9349,0.030698,0,0,0,,,,
C,9350,0.029148,0,0,0,,,,
C,9351,0.041703,0,0,0,,,,
C,9352,0.039333,0,0,0,,,,
C,9353,0.031053,0,0,0,,,,
C,9354,0.030390,0,0,0,,,,
C,9355,0.030378,0,0,0,,,,
C,9356,0.030924,0,0,0,,,,
C,9357,0.030051,0,0,0,,,,
C,9358,0.032253,0,0,0,,,,
C,9359,0.030915,0,0,0,,,,
C,9360,0.030745,0,0,0,,,,
C,9361,0.031201,0,0,0,,,,
C,9362,0.029757,0,0,0,,,,
C,9363,0.029704,0,0,0,,,,
C,9364,0.031290,0,0,0,,,,
C,9365,0.029969,0,0,0,,,,
C,9366,0.030571,0,0,0,,,,
C,9367,0.029584,0,0,0,,,,
C,9368,0.032992,0,0,0,,,,
C,9369,0.030086,0,0,0,,,,
C,9370,0.029834,0,0,0,,,,
C,9371,0.030993,0,0,0,,,,
C,9372,0.030957,0,0,0,,,,
C,9373,0.031094,0,0,0,,,,
C,9374,0.033864,0,0,0,,,,
C,9375,0.032879,0,0,0,,,,
C,9376,0.033596,0,0,0,,,,
C,9377,0.030386,0,0,0,,,,
C,9378,0.030141,0,0,0,,,,
C,9379,0.031062,0,0,0,,,,
C,9380,0.031265,0,0,0,,,,
C,9381,0.032008,0,0,0,,,,
C,9382,0.029832,0,0,0,,,,
C,9383,0.029135,0,0,0,,,,
C,9384,0.030478,0,0,0,,,,
C,9385,0.031079,0,0,0,,,,
C,9386,0.029944,0,0,0,,,,
C,9387,0.029781,0,0,0,,,,
C,9388,0.030376,0,0,0,,,,
C,9389,0.031535,0,0,0,,,,
C,9390,0.030909,0,0,0,,,,
C,9391,0.031268,0,0,0,,,,
C,9392,0.031774,0,0,0,,,,
C,9393,0.030186,0,0,0,,,,
C,9394,0.030646,0,0,0,,,,
C,9395,0.031133,0,0,0,,,,
C,9396,0.032793,0,0,0,,,,
C,9397,0.030104,0,0,0,,,,
C,9398,0.031140,0,0,0,,,,
C,9399,0.030570,0,0,0,,,,
C,9400,0.031846,0,0,0,,,,
C,9401,0.031812,0,0,0,,,,
C,9402,0.032122,0,0,0,,,,
C,9403,0.030387,0,0,0,,,,
C,9404,0.031075,0,0,0,,,,
C,9405,0.030556,0,0,0,,,,
C,9406,0.030403,0,0,0,,,,
C,9407,0.031632,0,0,0,,,,
C,9408,0.031000,0,0,0,,,,
C,9409,0.030768,0,0,0,,,,
C,9410,0.029690,0,0,0,,,,
C,9411,0.031408,0,0,0,,,,
C,9412,0.031707,0,0,0,,,,
C,9413,0.030858,0,0,0,,,,
C,9414,0.034053,0,0,0,,,,
C,9415,0.031384,0,0,0,,,,
C,9416,0.029693,0,0,0,,,,
C,9417,0.035946,0,0,0,,,,
C,9418,0.034466,0,0,0,,,,
C,9419,0.033836,0,0,0,,,,
C,9420,0.035602,0,0,0,,,,
C,9421,0.034008,0,0,0,,,,
C,9422,0.031495,0,0,0,,,,
C,9423,0.029644,0,0,0,,,,
C,9424,0.030764,0,0,0,,,,
C,9425,0.040190,0,0,0,,,,
C,9426,0.037915,0,0,0,,,,
C,9427,0.036770,0,0,0,,,,
C,9428,0.032024,0,0,0,,,,
C,9429,0.030005,0,0,0,,,,
C,9430,0.032224,0,0,0,,,,
C,9431,0.031277,0,0,0,,,,
C,9432,0.032413,0,0,0,,,,
C,9433,0.031691,0,0,0,,,,
C,9434,0.031924,0,0,0,,,,
C,9435,0.031505,0,0,0,,,,
C,9436,0.031507,0,0,0,,,,
C,9437,0.047716,0,0,0,,,,
C,9438,0.032319,0,0,0,,,,
C,9439,0.032312,0,0,0,,,,
C,9440,0.030704,0,0,0,,,,
C,9441,0.029976,0,0,0,,,,
C,9442,0.031767,0,0,0,,,,
C,9443,0.031838,0,0,0,,,,
C,9444,0.031138,0,0,0,,,,
C,9445,0.029870,0,0,0,,,,
C,9446,0.029329,0,0,0,,,,
C,9447,0.029859,0,0,0,,,,
C,9448,0.030016,0,0,0,,,,
C,9449,0.029006,0,0,0,,,,
C,9450,0.031478,0,0,0,,,,
C,9451,0.030450,0,0,0,,,,
C,9452,0.030921,0,0,0,,,,
C,9453,0.030740,0,0,0,,,,
C,9454,0.031065,0,0,0,,,,
C,9455,0.031859,0,0,0,,,,
C,9456,0.030997,0,0,0,,,,
C,9457,0.031909,0,0,0,,,,
C,9458,0.031288,0,0,0,,,,
C,9459,0.031499,0,0,0,,,,
C,9460,0.028567,0,0,0,,,,
C,9461,0.030020,0,0,0,,,,
C,9462,0.030850,0,0,0,,,,
C,9463,0.030673,0,0,0,,,,
C,9464,0.029498,0,0,0,,,,
C,9465,0.030606,0,0,0,,,,
C,9466,0.030005,0,0,0,,,,
C,9467,0.031426,0,0,0,,,,
C,9468,0.031224,0,0,0,,,,
C,9469,0.031067,0,0,0,,,,
C,9470,0.030477,0,0,0,,,,
C,9471,0.029159,0,0,0,,,,
C,9472,0.030073,0,0,0,,,,
C,9473,0.030647,0,0,0,,,,
C,9474,0.030544,0,0,0,,,,
C,9475,0.030503,0,0,0,,,,
C,9476,0.030933,0,0,0,,,,
C,9477,0.031914,0,0,0,,,,
C,9478,0.029761,0,0,0,,,,
C,9479,0.031456,0,0,0,,,,
C,9480,0.032443,0,0,0,,,,
C,9481,0.030543,0,0,0,,,,
C,9482,0.033096,0,0,0,,,,
C,9483,0.031599,0,0,0,,,,
C,9484,0.032423,0,0,0,,,,
C,9485,0.033161,0,0,0,,,,
C,9486,0.031443,0,0,0,,,,
C,9487,0.032654,0,0,0,,,,
C,9488,0.031221,0,0,0,,,,
C,9489,0.030700,0,0,0,,,,
C,9490,0.031324,0,0,0,,,,
C,9491,0.034292,0,0,0,,,,
C,9492,0.029856,0,0,0,,,,
C,9493,0.030264,0,0,0,,,,
C,9494,0.028563,0,0,0,,,,
C,9495,0.030697,0,0,0,,,,
C,9496,0.031192,0,0,0,,,,
C,9497,0.030808,0,0,0,,,,
C,9498,0.033012,0,0,0,,,,
C,9499,0.029931,0,0,0,,,,
C,9500,0.029771,0,0,0,,,,
C,9501,0.030483,0,0,0,,,,
C,9502,0.031821,0,0,0,,,,
C,9503,0.031826,0,0,0,,,,
C,9504,0.031264,0,0,0,,,,
C,9505,0.030664,0,0,0,,,,
C,9506,0.031582,0,0,0,,,,
C,9507,0.030282,0,0,0,,,,
C,9508,0.029901,0,0,0,,,,
C,9509,0.029560,0,0,0,,,,
C,9510,0.030492,0,0,0,,,,
C,9511,0.029288,0,0,0,,,,
C,9512,0.031171,0,0,0,,,,
C,9513,0.032147,0,0,0,,,,
C,9514,0.028789,0,0,0,,,,
C,9515,0.030532,0,0,0,,,,
C,9516,0.032550,0,0,0,,,,
C,9517,0.030214,0,0,0,,,,
C,9518,0.032674,0,0,0,,,,
C,9519,0.031167,0,0,0,,,,
C,9520,0.029740,0,0,0,,,,
C,9521,0.030636,0,0,0,,,,
C,9522,0.030626,0,0,0,,,,
C,9523,0.029446,0,0,0,,,,
C,9524,0.029989,0,0,0,,,,
C,9525,0.031590,0,0,0,,,,
C,9526,0.032412,0,0,0,,,,
C,9527,0.029980,0,0,0,,,,
C,9528,0.030379,0,0,0,,,,
C,9529,0.031579,0,0,0,,,,
C,9530,0.030731,0,0,0,,,,
C,9531,0.031432,0,0,0,,,,
C,9532,0.030131,0,0,0,,,,
C,9533,0.031933,0,0,0,,,,
C,9534,0.032151,0,0,0,,,,
C,9535,0.030835,0,0,0,,,,
C,9536,0.029471,0,0,0,,,,
C,9537,0.030860,0,0,0,,,,
C,9538,0.031725,0,0,0,,,,
C,9539,0.029794,0,0,0,,,,
C,9540,0.029517,0,0,0,,,,
C,9541,0.030063,0,0,0,,,,
C,9542,0.030530,0,0,0,,,,
C,9543,0.031934,0,0,0,,,,
C,9544,0.029487,0,0,0,,,,
C,9545,0.029978,0,0,0,,,,
C,9546,0.030502,0,0,0,,,,
C,9547,0.033413,0,0,0,,,,
C,9548,0.031209,0,0,0,,,,
C,9549,0.032618,0,0,0,,,,
C,9550,0.031507,0,0,0,,,,
C,9551,0.030422,0,0,0,,,,
C,9552,0.030405,0,0,0,,,,
C,9553,0.030015,0,0,0,,,,
C,9554,0.030297,0,0,0,,,,
C,9555,0.030454,0,0,0,,,,
C,9556,0.030567,0,0,0,,,,
C,9557,0.029926,0,0,0,,,,
C,9558,0.029631,0,0,0,,,,
C,9559,0.031755,0,0,0,,,,
C,9560,0.031354,0,0,0,,,,
C,9561,0.031773,0,0,0,,,,
C,9562,0.032010,0,0,0,,,,
C,9563,0.031844,0,0,0,,,,
C,9564,0.031176,0,0,0,,,,
C,9565,0.031782,0,0,0,,,,
C,9566,0.029596,0,0,0,,,,
C,9567,0.032790,0,0,0,,,,
C,9568,0.029234,0,0,0,,,,
C,9569,0.030075,0,0,0,,,,
C,9570,0.030218,0,0,0,,,,
C,9571,0.030662,0,0,0,,,,
C,9572,0.029371,0,0,0,,,,
C,9573,0.031386,0,0,0,,,,
C,9574,0.033053,0,0,0,,,,
C,9575,0.031382,0,0,0,,,,
C,9576,0.030439,0,0,0,,,,
C,9577,0.029441,0,0,0,,,,
C,9578,0.029360,0,0,0,,,,
C,9579,0.032542,0,0,0,,,,
C,9580,0.029616,0,0,0,,,,
C,9581,0.031992,0,0,0,,,,
C,9582,0.029820,0,0,0,,,,
C,9583,0.030794,0,0,0,,,,
C,9584,0.030236,0,0,0,,,,
C,9585,0.031830,0,0,0,,,,
C,9586,0.030679,0,0,0,,,,
C,9587,0.030823,0,0,0,,,,
C,9588,0.031057,0,0,0,,,,
C,9589,0.029892,0,0,0,,,,
C,9590,0.031222,0,0,0,,,,
C,9591,0.031118,0,0,0,,,,
C,9592,0.030005,0,0,0,,,,
C,9593,0.031711,0,0,0,,,,
C,9594,0.029355,0,0,0,,,,
C,9595,0.030016,0,0,0,,,,
C,9596,0.029951,0,0,0,,,,
C,9597,0.028268,0,0,0,,,,
C,9598,0.030286,0,0,0,,,,
C,9599,0.031953,0,0,0,,,,
C,9600,0.028516,0,0,0,,,,
C,9601,0.031650,0,0,0,,,,
C,9602,0.032116,0,0,0,,,,
C,9603,0.029886,0,0,0,,,,
C,9604,0.030068,0,0,0,,,,
C,9605,0.030980,0,0,0,,,,
C,9606,0.029418,0,0,0,,,,
C,9607,0.029631,0,0,0,,,,
C,9608,0.030911,0,0,0,,,,
C,9609,0.031642,0,0,0,,,,
C,9610,0.033537,0,0,0,,,,
C,9611,0.033949,0,0,0,,,,
C,9612,0.034123,0,0,0,,,,
C,9613,0.032501,0,0,0,,,,
C,9614,0.036061,0,0,0,,,,
C,9615,0.034504,0,0,0,,,,
C,9616,0.041012,0,0,0,,,,
C,9617,0.046073,0,0,0,,,,
C,9618,0.077666,0,0,0,,,,
C,9619,0.047888,0,0,0,,,,
C,9620,0.036217,0,0,0,,,,
C,9621,0.031578,0,0,0,,,,
C,9622,0.033338,0,0,0,,,,
C,9623,0.032984,0,0,0,,,,
C,9624,0.032498,0,0,0,,,,
C,9625,0.030336,0,0,0,,,,
C,9626,0.034117,0,0,0,,,,
C,9627,0.032669,0,0,0,,,,
C,9628,0.032808,0,0,0,,,,
C,9629,0.033829,0,0,0,,,,
C,9630,0.033562,0,0,0,,,,
C,9631,0.033889,0,0,0,,,,
C,9632,0.032625,0,0,0,,,,
C,9633,0.032046,0,0,0,,,,
C,9634,0.030415,0,0,0,,,,
C,9635,0.031651,0,0,0,,,,
C,9636,0.032323,0,0,0,,,,
C,9637,0.029379,0,0,0,,,,
C,9638,0.030265,0,0,0,,,,
C,9639,0.031440,0,0,0,,,,
C,9640,0.031320,0,0,0,,,,
C,9641,0.032567,0,0,0,,,,
C,9642,0.032050,0,0,0,,,,
C,9643,0.031333,0,0,0,,,,
C,9644,0.031834,0,0,0,,,,
C,9645,0.031953,0,0,0,,,,
C,9646,0.031569,0,0,0,,,,
C,9647,0.029934,0,0,0,,,,
C,9648,0.035752,0,0,0,,,,
C,9649,0.037889,0,0,0,,,,
C,9650,0.039602,0,0,0,,,,
C,9651,0.034686,0,0,0,,,,
C,9652,0.034716,0,0,0,,,,
C,9653,0.033330,0,0,0,,,,
C,9654,0.029751,0,0,0,,,,
C,9655,0.031340,0,0,0,,,,
C,9656,0.029841,0,0,0,,,,
C,9657,0.028622,0,0,0,,,,
C,9658,0.029139,0,0,0,,,,
C,9659,0.029804,0,0,0,,,,
C,9660,0.029133,0,0,0,,,,
C,9661,0.029397,0,0,0,,,,
C,9662,0.031726,0,0,0,,,,
C,9663,0.028385,0,0,0,,,,
C,9664,0.030655,0,0,0,,,,
C,9665,0.028380,0,0,0,,,,
C,9666,0.028468,0,0,0,,,,
C,9667,0.029658,0,0,0,,,,
C,9668,0.029115,0,0,0,,,,
C,9669,0.029661,0,0,0,,,,
C,9670,0.029708,0,0,0,,,,
C,9671,0.030668,0,0,0,,,,
C,9672,0.031430,0,0,0,,,,
C,9673,0.031209,0,0,0,,,,
C,9674,0.029556,0,0,0,,,,
C,9675,0.031873,0,0,0,,,,
C,9676,0.029923,0,0,0,,,,
C,9677,0.029323,0,0,0,,,,
C,9678,0.029234,0,0,0,,,,
C,9679,0.030758,0,0,0,,,,
C,9680,0.028974,0,0,0,,,,
C,9681,0.028409,0,0,0,,,,
C,9682,0.030548,0,0,0,,,,
C,9683,0.030128,0,0,0,,,,
C,9684,0.030727,0,0,0,,,,
C,9685,0.028080,0,0,0,,,,
C,9686,0.030398,0,0,0,,,,
C,9687,0.028327,0,0,0,,,,
C,9688,0.031053,0,0,0,,,,
C,9689,0.031177,0,0,0,,,,
C,9690,0.029688,0,0,0,,,,
C,9691,0.028997,0,0,0,,,,
C,9692,0.031515,0,0,0,,,,
C,9693,0.029743,0,0,0,,,,
C,9694,0.032520,0,0,0,,,,
C,9695,0.030179,0,0,0,,,,
C,9696,0.029615,0,0,0,,,,
C,9697,0.029561,0,0,0,,,,
C,9698,0.031820,0,0,0,,,,
C,9699,0.032035,0,0,0,,,,
C,9700,0.030303,0,0,0,,,,
C,9701,0.028568,0,0,0,,,,
C,9702,0.030570,0,0,0,,,,
C,9703,0.030714,0,0,0,,,,
C,9704,0.029469,0,0,0,,,,
C,9705,0.030825,0,0,0,,,,
C,9706,0.030984,0,0,0,,,,
C,9707,0.030794,0,0,0,,,,
C,9708,0.030476,0,0,0,,,,
C,9709,0.031019,0,0,0,,,,
C,9710,0.029276,0,0,0,,,,
C,9711,0.030538,0,0,0,,,,
C,9712,0.029720,0,0,0,,,,
C,9713,0.031090,0,0,0,,,,
C,9714,0.028335,0,0,0,,,,
C,9715,0.031910,0,0,0,,,,
C,9716,0.029847,0,0,0,,,,
C,9717,0.035917,0,0,0,,,,
C,9718,0.030998,0,0,0,,,,
C,9719,0.029661,0,0,0,,,,
C,9720,0.029337,0,0,0,,,,
C,9721,0.029457,0,0,0,,,,
C,9722,0.027626,0,0,0,,,,
C,9723,0.029711,0,0,0,,,,
C,9724,0.030320,0,0,0,,,,
C,9725,0.029759,0,0,0,,,,
C,9726,0.030996,0,0,0,,,,
C,9727,0.032129,0,0,0,,,,
C,9728,0.033773,0,0,0,,,,
C,9729,0.032792,0,0,0,,,,
C,9730,0.031649,0,0,0,,,,
C,9731,0.032971,0,0,0,,,,
C,9732,0.031608,0,0,0,,,,
C,9733,0.029342,0,0,0,,,,
C,9734,0.029497,0,0,0,,,,
C,9735,0.029966,0,0,0,,,,
C,9736,0.031968,0,0,0,,,,
C,9737,0.030688,0,0,0,,,,
C,9738,0.031819,0,0,0,,,,
C,9739,0.031494,0,0,0,,,,
C,9740,0.030993,0,0,0,,,,
C,9741,0.029692,0,0,0,,,,
C,9742,0.031113,0,0,0,,,,
C,9743,0.030685,0,0,0,,,,
C,9744,0.029982,0,0,0,,,,
C,9745,0.029997,0,0,0,,,,
C,9746,0.030514,0,0,0,,,,
C,9747,0.028064,0,0,0,,,,
C,9748,0.028936,0,0,0,,,,
C,9749,0.028805,0,0,0,,,,
C,9750,0.029685,0,0,0,,,,
C,9751,0.029345,0,0,0,,,,
C,9752,0.029204,0,0,0,,,,
C,9753,0.028925,0,0,0,,,,
C,9754,0.029370,0,0,0,,,,
C,9755,0.032160,0,0,0,,,,
C,9756,0.030768,0,0,0,,,,
C,9757,0.030713,0,0,0,,,,
C,9758,0.030909,0,0,0,,,,
C,9759,0.029776,0,0,0,,,,
C,9760,0.029111,0,0,0,,,,
C,9761,0.029520,0,0,0,,,,
C,9762,0.028415,0,0,0,,,,
C,9763,0.028863,0,0,0,,,,
C,9764,0.030153,0,0,0,,,,
C,9765,0.033029,0,0,0,,,,
C,9766,0.032001,0,0,0,,,,
C,9767,0.031534,0,0,0,,,,
C,9768,0.031614,0,0,0,,,,
C,9769,0.030918,0,0,0,,,,
C,9770,0.033933,0,0,0,,,,
C,9771,0.031640,0,0,0,,,,
C,9772,0.030253,0,0,0,,,,
C,9773,0.028992,0,0,0,,,,
C,9774,0.029206,0,0,0,,,,
C,9775,0.028574,0,0,0,,,,
C,9776,0.029784,0,0,0,,,,
C,9777,0.029731,0,0,0,,,,
C,9778,0.030280,0,0,0,,,,
C,9779,0.030044,0,0,0,,,,
C,9780,0.027500,0,0,0,,,,
C,9781,0.028142,0,0,0,,,,
C,9782,0.030013,0,0,0,,,,
C,9783,0.030439,0,0,0,,,,
C,9784,0.030047,0,0,0,,,,
C,9785,0.029981,0,0,0,,,,
C,9786,0.029590,0,0,0,,,,
C,9787,0.031436,0,0,0,,,,
C,9788,0.028854,0,0,0,,,,
C,9789,0.029442,0,0,0,,,,
C,9790,0.030017,0,0,0,,,,
C,9791,0.029094,0,0,0,,,,
C,9792,0.030794,0,0,0,,,,
C,9793,0.028493,0,0,0,,,,
C,9794,0.031142,0,0,0,,,,
C,9795,0.028633,0,0,0,,,,
C,9796,0.028174,0,0,0,,,,
C,9797,0.029985,0,0,0,,,,
C,9798,0.029975,0,0,0,,,,
C,9799,0.029809,0,0,0,,,,
C,9800,0.030112,0,0,0,,,,
C,9801,0.030057,0,0,0,,,,
C,9802,0.030226,0,0,0,,,,
C,9803,0.030434,0,0,0,,,,
C,9804,0.029134,0,0,0,,,,
C,9805,0.030407,0,0,0,,,,
C,9806,0.029736,0,0,0,,,,
C,9807,0.029948,0,0,0,,,,
C,9808,0.030750,0,0,0,,,,
C,9809,0.028521,0,0,0,,,,
C,9810,0.030003,0,0,0,,,,
C,9811,0.029345,0,0,0,,,,
C,9812,0.030180,0,0,0,,,,
C,9813,0.029605,0,0,0,,,,
C,9814,0.030047,0,0,0,,,,
C,9815,0.031602,0,0,0,,,,
C,9816,0.029660,0,0,0,,,,
C,9817,0.031218,0,0,0,,,,
C,9818,0.029659,0,0,0,,,,
C,9819,0.030891,0,0,0,,,,
C,9820,0.030292,0,0,0,,,,
C,9821,0.030778,0,0,0,,,,
C,9822,0.030601,0,0,0,,,,
C,9823,0.029884,0,0,0,,,,
C,9824,0.029204,0,0,0,,,,
C,9825,0.028534,0,0,0,,,,
C,9826,0.029549,0,0,0,,,,
C,9827,0.030642,0,0,0,,,,
C,9828,0.030530,0,0,0,,,,
C,9829,0.029688,0,0,0,,,,
C,9830,0.028259,0,0,0,,,,
C,9831,0.031640,0,0,0,,,,
C,9832,0.030540,0,0,0,,,,
C,9833,0.029100,0,0,0,,,,
C,9834,0.029619,0,0,0,,,,
C,9835,0.031714,0,0,0,,,,
C,9836,0.029459,0,0,0,,,,
C,9837,0.029289,0,0,0,,,,
C,9838,0.029775,0,0,0,,,,
C,9839,0.029039,0,0,0,,,,
C,9840,0.029943,0,0,0,,,,
C,9841,0.029238,0,0,0,,,,
C,9842,0.029893,0,0,0,,,,
C,9843,0.030230,0,0,0,,,,
C,9844,0.029204,0,0,0,,,,
C,9845,0.029768,0,0,0,,,,
C,9846,0.029310,0,0,0,,,,
C,9847,0.029186,0,0,0,,,,
C,9848,0.031421,0,0,0,,,,
C,9849,0.031086,0,0,0,,,,
C,9850,0.033832,0,0,0,,,,
C,9851,0.032794,0,0,0,,,,
C,9852,0.033839,0,0,0,,,,
C,9853,0.034317,0,0,0,,,,
C,9854,0.036672,0,0,0,,,,
C,9855,0.034640,0,0,0,,,,
C,9856,0.034767,0,0,0,,,,
C,9857,0.031511,0,0,0,,,,
C,9858,0.034565,0,0,0,,,,
C,9859,0.030303,0,0,0,,,,
C,9860,0.029117,0,0,0,,,,
C,9861,0.028939,0,0,0,,,,
C,9862,0.030313,0,0,0,,,,
C,9863,0.029849,0,0,0,,,,
C,9864,0.029884,0,0,0,,,,
C,9865,0.029804,0,0,0,,,,
C,9866,0.029556,0,0,0,,,,
C,9867,0.031187,0,0,0,,,,
C,9868,0.029360,0,0,0,,,,
C,9869,0.029888,0,0,0,,,,
C,9870,0.031733,0,0,0,,,,
C,9871,0.032010,0,0,0,,,,
C,9872,0.030912,0,0,0,,,,
C,9873,0.030172,0,0,0,,,,
C,9874,0.030708,0,0,0,,,,
C,9875,0.031342,0,0,0,,,,
C,9876,0.030408,0,0,0,,,,
C,9877,0.030334,0,0,0,,,,
C,9878,0.030588,0,0,0,,,,
C,9879,0.030988,0,0,0,,,,
C,9880,0.030209,0,0,0,,,,
C,9881,0.029953,0,0,0,,,,
C,9882,0.029105,0,0,0,,,,
C,9883,0.028110,0,0,0,,,,
C,9884,0.029955,0,0,0,,,,
C,9885,0.028852,0,0,0,,,,
C,9886,0.030356,0,0,0,,,,
C,9887,0.030685,0,0,0,,,,
C,9888,0.030438,0,0,0,,,,
C,9889,0.030512,0,0,0,,,,
C,9890,0.028785,0,0,0,,,,
C,9891,0.030533,0,0,0,,,,
C,9892,0.028562,0,0,0,,,,
C,9893,0.029599,0,0,0,,,,
C,9894,0.029245,0,0,0,,,,
C,9895,0.029110,0,0,0,,,,
C,9896,0.030809,0,0,0,,,,
C,9897,0.029089,0,0,0,,,,
C,9898,0.028396,0,0,0,,,,
C,9899,0.030345,0,0,0,,,,
C,9900,0.029308,0,0,0,,,,
C,9901,0.030031,0,0,0,,,,
C,9902,0.030945,0,0,0,,,,
C,9903,0.029870,0,0,0,,,,
C,9904,0.029286,0,0,0,,,,
C,9905,0.029461,0,0,0,,,,
C,9906,0.029036,0,0,0,,,,
C,9907,0.031368,0,0,0,,,,
C,9908,0.030451,0,0,0,,,,
C,9909,0.029532,0,0,0,,,,
C,9910,0.028997,0,0,0,,,,
C,9911,0.030383,0,0,0,,,,
C,9912,0.029022,0,0,0,,,,
C,9913,0.030636,0,0,0,,,,
C,9914,0.029855,0,0,0,,,,
C,9915,0.031779,0,0,0,,,,
C,9916,0.029731,0,0,0,,,,
C,9917,0.030105,0,0,0,,,,
C,9918,0.029172,0,0,0,,,,
C,9919,0.029831,0,0,0,,,,
C,9920,0.030180,0,0,0,,,,
C,9921,0.030403,0,0,0,,,,
C,9922,0.029498,0,0,0,,,,
C,9923,0.034090,0,0,0,,,,
C,9924,0.030033,0,0,0,,,,
C,9925,0.030817,0,0,0,,,,
C,9926,0.030368,0,0,0,,,,
C,9927,0.029824,0,0,0,,,,
C,9928,0.028385,0,0,0,,,,
C,9929,0.029807,0,0,0,,,,
C,9930,0.029598,0,0,0,,,,
C,9931,0.028210,0,0,0,,,,
C,9932,0.029603,0,0,0,,,,
C,9933,0.029004,0,0,0,,,,
C,9934,0.028989,0,0,0,,,,
C,9935,0.030856,0,0,0,,,,
C,9936,0.028421,0,0,0,,,,
C,9937,0.032037,0,0,0,,,,
C,9938,0.028452,0,0,0,,,,
C,9939,0.030353,0,0,0,,,,
C,9940,0.030386,0,0,0,,,,
C,9941,0.032870,0,0,0,,,,
C,9942,0.029472,0,0,0,,,,
C,9943,0.028946,0,0,0,,,,
C,9944,0.028239,0,0,0,,,,
C,9945,0.030372,0,0,0,,,,
C,9946,0.028893,0,0,0,,,,
C,9947,0.030422,0,0,0,,,,
C,9948,0.029588,0,0,0,,,,
C,9949,0.028525,0,0,0,,,,
C,9950,0.029970,0,0,0,,,,
C,9951,0.028660,0,0,0,,,,
C,9952,0.030413,0,0,0,,,,
C,9953,0.029693,0,0,0,,,,
C,9954,0.028909,0,0,0,,,,
C,9955,0.029176,0,0,0,,,,
C,9956,0.031416,0,0,0,,,,
C,9957,0.029493,0,0,0,,,,
C,9958,0.028662,0,0,0,,,,
C,9959,0.030611,0,0,0,,,,
C,9960,0.030527,0,0,0,,,,
C,9961,0.029326,0,0,0,,,,
C,9962,0.029065,0,0,0,,,,
C,9963,0.030235,0,0,0,,,,
C,9964,0.029853,0,0,0,,,,
C,9965,0.029335,0,0,0,,,,
C,9966,0.029214,0,0,0,,,,
C,9967,0.028027,0,0,0,,,,
C,9968,0.031111,0,0,0,,,,
C,9969,0.031287,0,0,0,,,,
C,9970,0.029248,0,0,0,,,,
C,9971,0.030257,0,0,0,,,,
C,9972,0.029733,0,0,0,,,,
C,9973,0.032187,0,0,0,,,,
C,9974,0.031265,0,0,0,,,,
C,9975,0.029965,0,0,0,,,,
C,9976,0.029065,0,0,0,,,,
C,9977,0.029292,0,0,0,,,,
C,9978,0.031270,0,0,0,,,,
C,9979,0.031679,0,0,0,,,,
C,9980,0.030389,0,0,0,,,,
C,9981,0.028306,0,0,0,,,,
C,9982,0.030069,0,0,0,,,,
C,9983,0.029353,0,0,0,,,,
C,9984,0.029638,0,0,0,,,,
C,9985,0.029972,0,0,0,,,,
C,9986,0.029183,0,0,0,,,,
C,9987,0.027782,0,0,0,,,,
C,9988,0.030474,0,0,0,,,,
C,9989,0.028262,0,0,0,,,,
C,9990,0.033865,0,0,0,,,,
C,9991,0.033514,0,0,0,,,,
C,9992,0.034332,0,0,0,,,,
C,9993,0.032429,0,0,0,,,,
C,9994,0.032075,0,0,0,,,,
C,9995,0.030269,0,0,0,,,,
C,9996,0.034783,0,0,0,,,,
C,9997,0.041152,0,0,0,,,,
C,9998,0.040552,0,0,0,,,,
C,9999,0.034834,0,0,0,,,,
C,10000,0.033134,0,0,0,209.9,6.081e-11,"{'checked': 26, 'zsx_rejected': 6, 'default_rejected': 0, 'closed_form_forced': 0, 'inexact': 9, 'exact_rebuilt': 0, 'best_effort': 0, 'best_effort_worst': 0.0, 'psf_rerouted': 0, 'psf_rerouted_worst_residual': 0.0}",467
C,10001,0.031193,0,0,0,,,,
C,10002,0.028632,0,0,0,,,,
C,10003,0.029807,0,0,0,,,,
C,10004,0.031225,0,0,0,,,,
C,10005,0.029670,0,0,0,,,,
C,10006,0.030233,0,0,0,,,,
C,10007,0.032151,0,0,0,,,,
C,10008,0.030495,0,0,0,,,,
C,10009,0.040432,0,0,0,,,,
C,10010,0.029405,0,0,0,,,,
C,10011,0.031342,0,0,0,,,,
C,10012,0.037530,0,0,0,,,,
C,10013,0.033100,0,0,0,,,,
C,10014,0.029946,0,0,0,,,,
C,10015,0.028636,0,0,0,,,,
C,10016,0.029779,0,0,0,,,,
C,10017,0.029598,0,0,0,,,,
C,10018,0.028460,0,0,0,,,,
C,10019,0.031970,0,0,0,,,,
C,10020,0.030879,0,0,0,,,,
C,10021,0.029981,0,0,0,,,,
C,10022,0.029425,0,0,0,,,,
C,10023,0.029635,0,0,0,,,,
C,10024,0.030164,0,0,0,,,,
C,10025,0.029864,0,0,0,,,,
C,10026,0.030340,0,0,0,,,,
C,10027,0.030177,0,0,0,,,,
C,10028,0.028669,0,0,0,,,,
C,10029,0.029850,0,0,0,,,,
C,10030,0.028941,0,0,0,,,,
C,10031,0.031689,0,0,0,,,,
C,10032,0.030200,0,0,0,,,,
C,10033,0.030079,0,0,0,,,,
C,10034,0.027391,0,0,0,,,,
C,10035,0.029192,0,0,0,,,,
C,10036,0.028195,0,0,0,,,,
C,10037,0.030231,0,0,0,,,,
C,10038,0.028558,0,0,0,,,,
C,10039,0.030495,0,0,0,,,,
C,10040,0.030480,0,0,0,,,,
C,10041,0.029969,0,0,0,,,,
C,10042,0.028951,0,0,0,,,,
C,10043,0.029183,0,0,0,,,,
C,10044,0.030863,0,0,0,,,,
C,10045,0.029000,0,0,0,,,,
C,10046,0.029159,0,0,0,,,,
C,10047,0.028648,0,0,0,,,,
C,10048,0.031583,0,0,0,,,,
C,10049,0.029754,0,0,0,,,,
C,10050,0.030242,0,0,0,,,,
C,10051,0.030552,0,0,0,,,,
C,10052,0.029078,0,0,0,,,,
C,10053,0.031575,0,0,0,,,,
C,10054,0.029212,0,0,0,,,,
C,10055,0.028965,0,0,0,,,,
C,10056,0.031003,0,0,0,,,,
C,10057,0.030087,0,0,0,,,,
C,10058,0.029588,0,0,0,,,,
C,10059,0.030085,0,0,0,,,,
C,10060,0.029752,0,0,0,,,,
C,10061,0.031474,0,0,0,,,,
C,10062,0.029225,0,0,0,,,,
C,10063,0.029477,0,0,0,,,,
C,10064,0.030319,0,0,0,,,,
C,10065,0.029926,0,0,0,,,,
C,10066,0.029137,0,0,0,,,,
C,10067,0.030112,0,0,0,,,,
C,10068,0.028325,0,0,0,,,,
C,10069,0.030823,0,0,0,,,,
C,10070,0.030621,0,0,0,,,,
C,10071,0.030008,0,0,0,,,,
C,10072,0.029308,0,0,0,,,,
C,10073,0.029076,0,0,0,,,,
C,10074,0.029357,0,0,0,,,,
C,10075,0.031430,0,0,0,,,,
C,10076,0.029865,0,0,0,,,,
C,10077,0.029766,0,0,0,,,,
C,10078,0.028458,0,0,0,,,,
C,10079,0.029142,0,0,0,,,,
C,10080,0.028874,0,0,0,,,,
C,10081,0.030564,0,0,0,,,,
C,10082,0.030434,0,0,0,,,,
C,10083,0.030205,0,0,0,,,,
C,10084,0.029461,0,0,0,,,,
C,10085,0.032119,0,0,0,,,,
C,10086,0.028326,0,0,0,,,,
C,10087,0.030035,0,0,0,,,,
C,10088,0.030001,0,0,0,,,,
C,10089,0.029539,0,0,0,,,,
C,10090,0.029173,0,0,0,,,,
C,10091,0.029306,0,0,0,,,,
C,10092,0.029634,0,0,0,,,,
C,10093,0.030849,0,0,0,,,,
C,10094,0.029624,0,0,0,,,,
C,10095,0.028983,0,0,0,,,,
C,10096,0.030327,0,0,0,,,,
C,10097,0.030142,0,0,0,,,,
C,10098,0.030758,0,0,0,,,,
C,10099,0.028657,0,0,0,,,,
C,10100,0.027594,0,0,0,,,,
C,10101,0.029237,0,0,0,,,,
C,10102,0.030563,0,0,0,,,,
C,10103,0.029128,0,0,0,,,,
C,10104,0.029439,0,0,0,,,,
C,10105,0.029653,0,0,0,,,,
C,10106,0.033004,0,0,0,,,,
C,10107,0.028774,0,0,0,,,,
C,10108,0.028861,0,0,0,,,,
C,10109,0.028780,0,0,0,,,,
C,10110,0.029331,0,0,0,,,,
C,10111,0.031032,0,0,0,,,,
C,10112,0.030787,0,0,0,,,,
C,10113,0.030995,0,0,0,,,,
C,10114,0.028674,0,0,0,,,,
C,10115,0.030085,0,0,0,,,,
C,10116,0.028291,0,0,0,,,,
C,10117,0.029893,0,0,0,,,,
C,10118,0.028743,0,0,0,,,,
C,10119,0.031979,0,0,0,,,,
C,10120,0.033531,0,0,0,,,,
C,10121,0.030619,0,0,0,,,,
C,10122,0.029484,0,0,0,,,,
C,10123,0.029814,0,0,0,,,,
C,10124,0.030027,0,0,0,,,,
C,10125,0.029457,0,0,0,,,,
C,10126,0.030246,0,0,0,,,,
C,10127,0.028291,0,0,0,,,,
C,10128,0.030736,0,0,0,,,,
C,10129,0.029948,0,0,0,,,,
C,10130,0.029503,0,0,0,,,,
C,10131,0.031308,0,0,0,,,,
C,10132,0.028636,0,0,0,,,,
C,10133,0.028782,0,0,0,,,,
C,10134,0.028162,0,0,0,,,,
C,10135,0.029439,0,0,0,,,,
C,10136,0.031563,0,0,0,,,,
C,10137,0.030257,0,0,0,,,,
C,10138,0.031519,0,0,0,,,,
C,10139,0.031015,0,0,0,,,,
C,10140,0.030361,0,0,0,,,,
C,10141,0.029103,0,0,0,,,,
C,10142,0.030054,0,0,0,,,,
C,10143,0.028310,0,0,0,,,,
C,10144,0.029091,0,0,0,,,,
C,10145,0.030518,0,0,0,,,,
C,10146,0.028258,0,0,0,,,,
C,10147,0.028383,0,0,0,,,,
C,10148,0.030046,0,0,0,,,,
C,10149,0.031265,0,0,0,,,,
C,10150,0.031321,0,0,0,,,,
C,10151,0.029796,0,0,0,,,,
C,10152,0.031474,0,0,0,,,,
C,10153,0.030018,0,0,0,,,,
C,10154,0.029211,0,0,0,,,,
C,10155,0.029031,0,0,0,,,,
C,10156,0.031616,0,0,0,,,,
C,10157,0.029983,0,0,0,,,,
C,10158,0.030488,0,0,0,,,,
C,10159,0.028234,0,0,0,,,,
C,10160,0.028602,0,0,0,,,,
C,10161,0.029949,0,0,0,,,,
C,10162,0.031978,0,0,0,,,,
C,10163,0.032302,0,0,0,,,,
C,10164,0.032974,0,0,0,,,,
C,10165,0.031599,0,0,0,,,,
C,10166,0.029763,0,0,0,,,,
C,10167,0.028993,0,0,0,,,,
C,10168,0.028781,0,0,0,,,,
C,10169,0.030667,0,0,0,,,,
C,10170,0.030215,0,0,0,,,,
C,10171,0.030123,0,0,0,,,,
C,10172,0.029720,0,0,0,,,,
C,10173,0.029284,0,0,0,,,,
C,10174,0.031480,0,0,0,,,,
C,10175,0.030140,0,0,0,,,,
C,10176,0.029556,0,0,0,,,,
C,10177,0.029463,0,0,0,,,,
C,10178,0.030579,0,0,0,,,,
C,10179,0.029214,0,0,0,,,,
C,10180,0.029808,0,0,0,,,,
C,10181,0.029456,0,0,0,,,,
C,10182,0.030331,0,0,0,,,,
C,10183,0.029540,0,0,0,,,,
C,10184,0.029803,0,0,0,,,,
C,10185,0.030353,0,0,0,,,,
C,10186,0.030136,0,0,0,,,,
C,10187,0.030186,0,0,0,,,,
C,10188,0.029385,0,0,0,,,,
C,10189,0.031680,0,0,0,,,,
C,10190,0.031390,0,0,0,,,,
C,10191,0.032426,0,0,0,,,,
C,10192,0.033084,0,0,0,,,,
C,10193,0.030009,0,0,0,,,,
C,10194,0.030551,0,0,0,,,,
C,10195,0.033937,0,0,0,,,,
C,10196,0.035615,0,0,0,,,,
C,10197,0.038402,0,0,0,,,,
C,10198,0.030641,0,0,0,,,,
C,10199,0.038350,0,0,0,,,,
C,10200,0.032215,0,0,0,,,,
C,10201,0.031166,0,0,0,,,,
C,10202,0.028951,0,0,0,,,,
C,10203,0.029524,0,0,0,,,,
C,10204,0.030238,0,0,0,,,,
C,10205,0.028001,0,0,0,,,,
C,10206,0.028859,0,0,0,,,,
C,10207,0.030855,0,0,0,,,,
C,10208,0.029899,0,0,0,,,,
C,10209,0.030666,0,0,0,,,,
C,10210,0.030360,0,0,0,,,,
C,10211,0.037792,0,0,0,,,,
C,10212,0.037330,0,0,0,,,,
C,10213,0.033122,0,0,0,,,,
C,10214,0.031204,0,0,0,,,,
C,10215,0.030044,0,0,0,,,,
C,10216,0.030747,0,0,0,,,,
C,10217,0.030421,0,0,0,,,,
C,10218,0.029881,0,0,0,,,,
C,10219,0.031203,0,0,0,,,,
C,10220,0.030129,0,0,0,,,,
C,10221,0.029297,0,0,0,,,,
C,10222,0.028932,0,0,0,,,,
C,10223,0.030196,0,0,0,,,,
C,10224,0.030964,0,0,0,,,,
C,10225,0.029147,0,0,0,,,,
C,10226,0.029678,0,0,0,,,,
C,10227,0.029490,0,0,0,,,,
C,10228,0.031861,0,0,0,,,,
C,10229,0.029130,0,0,0,,,,
C,10230,0.028420,0,0,0,,,,
C,10231,0.030201,0,0,0,,,,
C,10232,0.030263,0,0,0,,,,
C,10233,0.030558,0,0,0,,,,
C,10234,0.029401,0,0,0,,,,
C,10235,0.030737,0,0,0,,,,
C,10236,0.029490,0,0,0,,,,
C,10237,0.030065,0,0,0,,,,
C,10238,0.030529,0,0,0,,,,
C,10239,0.029655,0,0,0,,,,
C,10240,0.030502,0,0,0,,,,
C,10241,0.030020,0,0,0,,,,
C,10242,0.029868,0,0,0,,,,
C,10243,0.032363,0,0,0,,,,
C,10244,0.030417,0,0,0,,,,
C,10245,0.030754,0,0,0,,,,
C,10246,0.029442,0,0,0,,,,
C,10247,0.030163,0,0,0,,,,
C,10248,0.028597,0,0,0,,,,
C,10249,0.028967,0,0,0,,,,
C,10250,0.031040,0,0,0,,,,
C,10251,0.031338,0,0,0,,,,
C,10252,0.031767,0,0,0,,,,
C,10253,0.029285,0,0,0,,,,
C,10254,0.031988,0,0,0,,,,
C,10255,0.030104,0,0,0,,,,
C,10256,0.031383,0,0,0,,,,
C,10257,0.031153,0,0,0,,,,
C,10258,0.029286,0,0,0,,,,
C,10259,0.031206,0,0,0,,,,
C,10260,0.029086,0,0,0,,,,
C,10261,0.029905,0,0,0,,,,
C,10262,0.031033,0,0,0,,,,
C,10263,0.030335,0,0,0,,,,
C,10264,0.031097,0,0,0,,,,
C,10265,0.029470,0,0,0,,,,
C,10266,0.030132,0,0,0,,,,
C,10267,0.031011,0,0,0,,,,
C,10268,0.033667,0,0,0,,,,
C,10269,0.031286,0,0,0,,,,
C,10270,0.029424,0,0,0,,,,
C,10271,0.029857,0,0,0,,,,
C,10272,0.030511,0,0,0,,,,
C,10273,0.029120,0,0,0,,,,
C,10274,0.029105,0,0,0,,,,
C,10275,0.029480,0,0,0,,,,
C,10276,0.029649,0,0,0,,,,
C,10277,0.030435,0,0,0,,,,
C,10278,0.030009,0,0,0,,,,
C,10279,0.032440,0,0,0,,,,
C,10280,0.028679,0,0,0,,,,
C,10281,0.030451,0,0,0,,,,
C,10282,0.029591,0,0,0,,,,
C,10283,0.029698,0,0,0,,,,
C,10284,0.031074,0,0,0,,,,
C,10285,0.030044,0,0,0,,,,
C,10286,0.031253,0,0,0,,,,
C,10287,0.030951,0,0,0,,,,
C,10288,0.030143,0,0,0,,,,
C,10289,0.028865,0,0,0,,,,
C,10290,0.030722,0,0,0,,,,
C,10291,0.027857,0,0,0,,,,
C,10292,0.029192,0,0,0,,,,
C,10293,0.029973,0,0,0,,,,
C,10294,0.031473,0,0,0,,,,
C,10295,0.032156,0,0,0,,,,
C,10296,0.028772,0,0,0,,,,
C,10297,0.031401,0,0,0,,,,
C,10298,0.030123,0,0,0,,,,
C,10299,0.032070,0,0,0,,,,
C,10300,0.031397,0,0,0,,,,
C,10301,0.031420,0,0,0,,,,
C,10302,0.028727,0,0,0,,,,
C,10303,0.030243,0,0,0,,,,
C,10304,0.031014,0,0,0,,,,
C,10305,0.030636,0,0,0,,,,
C,10306,0.031004,0,0,0,,,,
C,10307,0.031772,0,0,0,,,,
C,10308,0.031372,0,0,0,,,,
C,10309,0.030065,0,0,0,,,,
C,10310,0.028899,0,0,0,,,,
C,10311,0.030710,0,0,0,,,,
C,10312,0.029214,0,0,0,,,,
C,10313,0.031187,0,0,0,,,,
C,10314,0.031512,0,0,0,,,,
C,10315,0.030529,0,0,0,,,,
C,10316,0.031808,0,0,0,,,,
C,10317,0.028549,0,0,0,,,,
C,10318,0.028469,0,0,0,,,,
C,10319,0.031387,0,0,0,,,,
C,10320,0.029549,0,0,0,,,,
C,10321,0.030858,0,0,0,,,,
C,10322,0.029655,0,0,0,,,,
C,10323,0.029819,0,0,0,,,,
C,10324,0.030685,0,0,0,,,,
C,10325,0.029257,0,0,0,,,,
C,10326,0.029642,0,0,0,,,,
C,10327,0.029968,0,0,0,,,,
C,10328,0.033018,0,0,0,,,,
C,10329,0.028738,0,0,0,,,,
C,10330,0.029766,0,0,0,,,,
C,10331,0.034200,0,0,0,,,,
C,10332,0.028970,0,0,0,,,,
C,10333,0.030583,0,0,0,,,,
C,10334,0.030476,0,0,0,,,,
C,10335,0.029097,0,0,0,,,,
C,10336,0.029595,0,0,0,,,,
C,10337,0.031105,0,0,0,,,,
C,10338,0.032863,0,0,0,,,,
C,10339,0.031004,0,0,0,,,,
C,10340,0.030377,0,0,0,,,,
C,10341,0.028940,0,0,0,,,,
C,10342,0.028963,0,0,0,,,,
C,10343,0.028037,0,0,0,,,,
C,10344,0.029703,0,0,0,,,,
C,10345,0.028743,0,0,0,,,,
C,10346,0.033751,0,0,0,,,,
C,10347,0.028202,0,0,0,,,,
C,10348,0.028908,0,0,0,,,,
C,10349,0.027772,0,0,0,,,,
C,10350,0.031956,0,0,0,,,,
C,10351,0.030248,0,0,0,,,,
C,10352,0.029787,0,0,0,,,,
C,10353,0.031052,0,0,0,,,,
C,10354,0.029235,0,0,0,,,,
C,10355,0.029850,0,0,0,,,,
C,10356,0.031681,0,0,0,,,,
C,10357,0.029915,0,0,0,,,,
C,10358,0.030699,0,0,0,,,,
C,10359,0.029670,0,0,0,,,,
C,10360,0.029615,0,0,0,,,,
C,10361,0.030244,0,0,0,,,,
C,10362,0.029255,0,0,0,,,,
C,10363,0.030579,0,0,0,,,,
C,10364,0.032076,0,0,0,,,,
C,10365,0.029157,0,0,0,,,,
C,10366,0.030516,0,0,0,,,,
C,10367,0.029806,0,0,0,,,,
C,10368,0.029436,0,0,0,,,,
C,10369,0.029602,0,0,0,,,,
C,10370,0.030218,0,0,0,,,,
C,10371,0.029726,0,0,0,,,,
C,10372,0.030522,0,0,0,,,,
C,10373,0.029046,0,0,0,,,,
C,10374,0.028697,0,0,0,,,,
C,10375,0.029633,0,0,0,,,,
C,10376,0.029774,0,0,0,,,,
C,10377,0.028675,0,0,0,,,,
C,10378,0.029754,0,0,0,,,,
C,10379,0.029879,0,0,0,,,,
C,10380,0.028355,0,0,0,,,,
C,10381,0.028830,0,0,0,,,,
C,10382,0.028474,0,0,0,,,,
C,10383,0.029585,0,0,0,,,,
C,10384,0.029583,0,0,0,,,,
C,10385,0.028845,0,0,0,,,,
C,10386,0.030030,0,0,0,,,,
C,10387,0.029588,0,0,0,,,,
C,10388,0.029728,0,0,0,,,,
C,10389,0.030527,0,0,0,,,,
C,10390,0.030459,0,0,0,,,,
C,10391,0.028170,0,0,0,,,,
C,10392,0.028634,0,0,0,,,,
C,10393,0.028935,0,0,0,,,,
C,10394,0.029540,0,0,0,,,,
C,10395,0.030905,0,0,0,,,,
C,10396,0.030094,0,0,0,,,,
C,10397,0.029337,0,0,0,,,,
C,10398,0.029474,0,0,0,,,,
C,10399,0.029670,0,0,0,,,,
C,10400,0.030667,0,0,0,,,,
C,10401,0.030599,0,0,0,,,,
C,10402,0.030485,0,0,0,,,,
C,10403,0.028796,0,0,0,,,,
C,10404,0.030202,0,0,0,,,,
C,10405,0.028757,0,0,0,,,,
C,10406,0.029423,0,0,0,,,,
C,10407,0.029001,0,0,0,,,,
C,10408,0.029903,0,0,0,,,,
C,10409,0.031193,0,0,0,,,,
C,10410,0.029155,0,0,0,,,,
C,10411,0.030562,0,0,0,,,,
C,10412,0.029572,0,0,0,,,,
C,10413,0.027809,0,0,0,,,,
C,10414,0.028608,0,0,0,,,,
C,10415,0.029781,0,0,0,,,,
C,10416,0.028534,0,0,0,,,,
C,10417,0.030026,0,0,0,,,,
C,10418,0.028191,0,0,0,,,,
C,10419,0.029012,0,0,0,,,,
C,10420,0.034915,0,0,0,,,,
C,10421,0.029496,0,0,0,,,,
C,10422,0.032284,0,0,0,,,,
C,10423,0.029460,0,0,0,,,,
C,10424,0.030516,0,0,0,,,,
C,10425,0.030844,0,0,0,,,,
C,10426,0.029386,0,0,0,,,,
C,10427,0.028412,0,0,0,,,,
C,10428,0.030115,0,0,0,,,,
C,10429,0.030975,0,0,0,,,,
C,10430,0.029059,0,0,0,,,,
C,10431,0.028251,0,0,0,,,,
C,10432,0.029378,0,0,0,,,,
C,10433,0.031953,0,0,0,,,,
C,10434,0.034267,0,0,0,,,,
C,10435,0.031978,0,0,0,,,,
C,10436,0.031505,0,0,0,,,,
C,10437,0.036937,0,0,0,,,,
C,10438,0.037520,0,0,0,,,,
C,10439,0.029879,0,0,0,,,,
C,10440,0.032058,0,0,0,,,,
C,10441,0.036263,0,0,0,,,,
C,10442,0.031091,0,0,0,,,,
C,10443,0.030546,0,0,0,,,,
C,10444,0.030884,0,0,0,,,,
C,10445,0.031684,0,0,0,,,,
C,10446,0.030863,0,0,0,,,,
C,10447,0.031923,0,0,0,,,,
C,10448,0.029637,0,0,0,,,,
C,10449,0.031548,0,0,0,,,,
C,10450,0.032845,0,0,0,,,,
C,10451,0.030006,0,0,0,,,,
C,10452,0.030176,0,0,0,,,,
C,10453,0.029715,0,0,0,,,,
C,10454,0.030492,0,0,0,,,,
C,10455,0.029368,0,0,0,,,,
C,10456,0.028171,0,0,0,,,,
C,10457,0.030335,0,0,0,,,,
C,10458,0.029150,0,0,0,,,,
C,10459,0.028867,0,0,0,,,,
C,10460,0.030093,0,0,0,,,,
C,10461,0.029344,0,0,0,,,,
C,10462,0.030519,0,0,0,,,,
C,10463,0.031252,0,0,0,,,,
C,10464,0.030535,0,0,0,,,,
C,10465,0.032532,0,0,0,,,,
C,10466,0.030791,0,0,0,,,,
C,10467,0.030537,0,0,0,,,,
C,10468,0.030553,0,0,0,,,,
C,10469,0.030957,0,0,0,,,,
C,10470,0.028542,0,0,0,,,,
C,10471,0.030841,0,0,0,,,,
C,10472,0.029642,0,0,0,,,,
C,10473,0.029747,0,0,0,,,,
C,10474,0.029759,0,0,0,,,,
C,10475,0.029283,0,0,0,,,,
C,10476,0.030478,0,0,0,,,,
C,10477,0.030273,0,0,0,,,,
C,10478,0.029967,0,0,0,,,,
C,10479,0.028957,0,0,0,,,,
C,10480,0.030174,0,0,0,,,,
C,10481,0.030071,0,0,0,,,,
C,10482,0.029389,0,0,0,,,,
C,10483,0.029731,0,0,0,,,,
C,10484,0.031040,0,0,0,,,,
C,10485,0.029616,0,0,0,,,,
C,10486,0.029169,0,0,0,,,,
C,10487,0.029931,0,0,0,,,,
C,10488,0.029471,0,0,0,,,,
C,10489,0.030008,0,0,0,,,,
C,10490,0.033951,0,0,0,,,,
C,10491,0.031993,0,0,0,,,,
C,10492,0.031361,0,0,0,,,,
C,10493,0.029740,0,0,0,,,,
C,10494,0.029654,0,0,0,,,,
C,10495,0.029826,0,0,0,,,,
C,10496,0.029935,0,0,0,,,,
C,10497,0.030456,0,0,0,,,,
C,10498,0.030710,0,0,0,,,,
C,10499,0.029291,0,0,0,,,,
C,10500,0.029194,0,0,0,,,,
C,10501,0.030770,0,0,0,,,,
C,10502,0.029179,0,0,0,,,,
C,10503,0.030598,0,0,0,,,,
C,10504,0.030715,0,0,0,,,,
C,10505,0.029738,0,0,0,,,,
C,10506,0.029213,0,0,0,,,,
C,10507,0.031393,0,0,0,,,,
C,10508,0.030843,0,0,0,,,,
C,10509,0.031898,0,0,0,,,,
C,10510,0.029494,0,0,0,,,,
C,10511,0.028936,0,0,0,,,,
C,10512,0.029617,0,0,0,,,,
C,10513,0.031592,0,0,0,,,,
C,10514,0.029638,0,0,0,,,,
C,10515,0.029955,0,0,0,,,,
C,10516,0.030495,0,0,0,,,,
C,10517,0.030867,0,0,0,,,,
C,10518,0.029209,0,0,0,,,,
C,10519,0.031269,0,0,0,,,,
C,10520,0.030112,0,0,0,,,,
C,10521,0.028733,0,0,0,,,,
C,10522,0.029451,0,0,0,,,,
C,10523,0.028298,0,0,0,,,,
C,10524,0.031839,0,0,0,,,,
C,10525,0.031900,0,0,0,,,,
C,10526,0.031014,0,0,0,,,,
C,10527,0.030416,0,0,0,,,,
C,10528,0.031342,0,0,0,,,,
C,10529,0.030374,0,0,0,,,,
C,10530,0.031105,0,0,0,,,,
C,10531,0.030580,0,0,0,,,,
C,10532,0.030031,0,0,0,,,,
C,10533,0.031393,0,0,0,,,,
C,10534,0.029855,0,0,0,,,,
C,10535,0.030899,0,0,0,,,,
C,10536,0.028072,0,0,0,,,,
C,10537,0.029120,0,0,0,,,,
C,10538,0.029398,0,0,0,,,,
C,10539,0.029718,0,0,0,,,,
C,10540,0.029101,0,0,0,,,,
C,10541,0.029698,0,0,0,,,,
C,10542,0.028824,0,0,0,,,,
C,10543,0.030648,0,0,0,,,,
C,10544,0.031999,0,0,0,,,,
C,10545,0.029244,0,0,0,,,,
C,10546,0.029574,0,0,0,,,,
C,10547,0.032016,0,0,0,,,,
C,10548,0.031168,0,0,0,,,,
C,10549,0.030246,0,0,0,,,,
C,10550,0.027503,0,0,0,,,,
C,10551,0.033049,0,0,0,,,,
C,10552,0.030773,0,0,0,,,,
C,10553,0.030248,0,0,0,,,,
C,10554,0.030476,0,0,0,,,,
C,10555,0.030936,0,0,0,,,,
C,10556,0.030706,0,0,0,,,,
C,10557,0.030196,0,0,0,,,,
C,10558,0.029312,0,0,0,,,,
C,10559,0.029577,0,0,0,,,,
C,10560,0.031270,0,0,0,,,,
C,10561,0.029281,0,0,0,,,,
C,10562,0.030197,0,0,0,,,,
C,10563,0.027920,0,0,0,,,,
C,10564,0.031417,0,0,0,,,,
C,10565,0.029067,0,0,0,,,,
C,10566,0.029717,0,0,0,,,,
C,10567,0.030221,0,0,0,,,,
C,10568,0.028946,0,0,0,,,,
C,10569,0.029624,0,0,0,,,,
C,10570,0.027956,0,0,0,,,,
C,10571,0.029013,0,0,0,,,,
C,10572,0.030752,0,0,0,,,,
C,10573,0.034637,0,0,0,,,,
C,10574,0.035180,0,0,0,,,,
C,10575,0.031266,0,0,0,,,,
C,10576,0.032215,0,0,0,,,,
C,10577,0.033068,0,0,0,,,,
C,10578,0.032207,0,0,0,,,,
C,10579,0.039935,0,0,0,,,,
C,10580,0.030105,0,0,0,,,,
C,10581,0.029844,0,0,0,,,,
C,10582,0.029371,0,0,0,,,,
C,10583,0.032158,0,0,0,,,,
C,10584,0.039584,0,0,0,,,,
C,10585,0.031907,0,0,0,,,,
C,10586,0.033626,0,0,0,,,,
C,10587,0.031240,0,0,0,,,,
C,10588,0.029682,0,0,0,,,,
C,10589,0.030022,0,0,0,,,,
C,10590,0.028961,0,0,0,,,,
C,10591,0.031571,0,0,0,,,,
C,10592,0.031168,0,0,0,,,,
C,10593,0.034105,0,0,0,,,,
C,10594,0.035255,0,0,0,,,,
C,10595,0.038045,0,0,0,,,,
C,10596,0.031555,0,0,0,,,,
C,10597,0.031077,0,0,0,,,,
C,10598,0.029464,0,0,0,,,,
C,10599,0.029362,0,0,0,,,,
C,10600,0.029440,0,0,0,,,,
C,10601,0.031165,0,0,0,,,,
C,10602,0.030734,0,0,0,,,,
C,10603,0.029931,0,0,0,,,,
C,10604,0.030334,0,0,0,,,,
C,10605,0.029814,0,0,0,,,,
C,10606,0.029415,0,0,0,,,,
C,10607,0.029741,0,0,0,,,,
C,10608,0.029502,0,0,0,,,,
C,10609,0.029093,0,0,0,,,,
C,10610,0.030034,0,0,0,,,,
C,10611,0.030438,0,0,0,,,,
C,10612,0.028227,0,0,0,,,,
C,10613,0.031207,0,0,0,,,,
C,10614,0.030535,0,0,0,,,,
C,10615,0.032161,0,0,0,,,,
C,10616,0.030824,0,0,0,,,,
C,10617,0.029363,0,0,0,,,,
C,10618,0.029965,0,0,0,,,,
C,10619,0.031218,0,0,0,,,,
C,10620,0.029905,0,0,0,,,,
C,10621,0.030058,0,0,0,,,,
C,10622,0.029391,0,0,0,,,,
C,10623,0.028605,0,0,0,,,,
C,10624,0.029486,0,0,0,,,,
C,10625,0.030000,0,0,0,,,,
C,10626,0.029086,0,0,0,,,,
C,10627,0.029256,0,0,0,,,,
C,10628,0.028589,0,0,0,,,,
C,10629,0.030576,0,0,0,,,,
C,10630,0.029965,0,0,0,,,,
C,10631,0.030773,0,0,0,,,,
C,10632,0.029019,0,0,0,,,,
C,10633,0.030080,0,0,0,,,,
C,10634,0.029441,0,0,0,,,,
C,10635,0.028441,0,0,0,,,,
C,10636,0.029827,0,0,0,,,,
C,10637,0.030455,0,0,0,,,,
C,10638,0.030016,0,0,0,,,,
C,10639,0.032000,0,0,0,,,,
C,10640,0.030441,0,0,0,,,,
C,10641,0.028673,0,0,0,,,,
C,10642,0.029357,0,0,0,,,,
C,10643,0.033999,0,0,0,,,,
C,10644,0.030214,0,0,0,,,,
C,10645,0.029928,0,0,0,,,,
C,10646,0.028831,0,0,0,,,,
C,10647,0.032726,0,0,0,,,,
C,10648,0.029750,0,0,0,,,,
C,10649,0.029607,0,0,0,,,,
C,10650,0.030536,0,0,0,,,,
C,10651,0.031630,0,0,0,,,,
C,10652,0.032025,0,0,0,,,,
C,10653,0.029621,0,0,0,,,,
C,10654,0.029643,0,0,0,,,,
C,10655,0.029968,0,0,0,,,,
C,10656,0.028740,0,0,0,,,,
C,10657,0.031110,0,0,0,,,,
C,10658,0.030146,0,0,0,,,,
C,10659,0.030559,0,0,0,,,,
C,10660,0.028926,0,0,0,,,,
C,10661,0.032371,0,0,0,,,,
C,10662,0.030428,0,0,0,,,,
C,10663,0.030070,0,0,0,,,,
C,10664,0.029767,0,0,0,,,,
C,10665,0.033429,0,0,0,,,,
C,10666,0.029708,0,0,0,,,,
C,10667,0.029116,0,0,0,,,,
C,10668,0.029969,0,0,0,,,,
C,10669,0.031052,0,0,0,,,,
C,10670,0.027740,0,0,0,,,,
C,10671,0.029894,0,0,0,,,,
C,10672,0.028002,0,0,0,,,,
C,10673,0.030210,0,0,0,,,,
C,10674,0.028829,0,0,0,,,,
C,10675,0.028135,0,0,0,,,,
C,10676,0.029828,0,0,0,,,,
C,10677,0.031119,0,0,0,,,,
C,10678,0.029019,0,0,0,,,,
C,10679,0.029390,0,0,0,,,,
C,10680,0.031187,0,0,0,,,,
C,10681,0.030547,0,0,0,,,,
C,10682,0.030782,0,0,0,,,,
C,10683,0.030986,0,0,0,,,,
C,10684,0.032095,0,0,0,,,,
C,10685,0.029942,0,0,0,,,,
C,10686,0.031000,0,0,0,,,,
C,10687,0.029446,0,0,0,,,,
C,10688,0.028480,0,0,0,,,,
C,10689,0.031505,0,0,0,,,,
C,10690,0.032521,0,0,0,,,,
C,10691,0.029167,0,0,0,,,,
C,10692,0.028352,0,0,0,,,,
C,10693,0.029027,0,0,0,,,,
C,10694,0.028966,0,0,0,,,,
C,10695,0.027804,0,0,0,,,,
C,10696,0.028639,0,0,0,,,,
C,10697,0.029819,0,0,0,,,,
C,10698,0.028149,0,0,0,,,,
C,10699,0.029471,0,0,0,,,,
C,10700,0.029187,0,0,0,,,,
C,10701,0.029184,0,0,0,,,,
C,10702,0.030424,0,0,0,,,,
C,10703,0.029519,0,0,0,,,,
C,10704,0.031161,0,0,0,,,,
C,10705,0.029348,0,0,0,,,,
C,10706,0.031684,0,0,0,,,,
C,10707,0.028201,0,0,0,,,,
C,10708,0.030736,0,0,0,,,,
C,10709,0.030637,0,0,0,,,,
C,10710,0.029972,0,0,0,,,,
C,10711,0.029227,0,0,0,,,,
C,10712,0.031629,0,0,0,,,,
C,10713,0.031204,0,0,0,,,,
C,10714,0.028218,0,0,0,,,,
C,10715,0.029129,0,0,0,,,,
C,10716,0.032199,0,0,0,,,,
C,10717,0.029416,0,0,0,,,,
C,10718,0.029257,0,0,0,,,,
C,10719,0.030089,0,0,0,,,,
C,10720,0.028716,0,0,0,,,,
C,10721,0.028874,0,0,0,,,,
C,10722,0.031193,0,0,0,,,,
C,10723,0.030474,0,0,0,,,,
C,10724,0.029724,0,0,0,,,,
C,10725,0.029485,0,0,0,,,,
C,10726,0.029671,0,0,0,,,,
C,10727,0.030949,0,0,0,,,,
C,10728,0.031203,0,0,0,,,,
C,10729,0.028453,0,0,0,,,,
C,10730,0.029792,0,0,0,,,,
C,10731,0.032664,0,0,0,,,,
C,10732,0.032623,0,0,0,,,,
C,10733,0.030160,0,0,0,,,,
C,10734,0.030541,0,0,0,,,,
C,10735,0.030735,0,0,0,,,,
C,10736,0.028686,0,0,0,,,,
C,10737,0.029769,0,0,0,,,,
C,10738,0.029976,0,0,0,,,,
C,10739,0.029180,0,0,0,,,,
C,10740,0.029727,0,0,0,,,,
C,10741,0.029719,0,0,0,,,,
C,10742,0.029156,0,0,0,,,,
C,10743,0.030362,0,0,0,,,,
C,10744,0.029052,0,0,0,,,,
C,10745,0.030135,0,0,0,,,,
C,10746,0.030227,0,0,0,,,,
C,10747,0.029512,0,0,0,,,,
C,10748,0.032635,0,0,0,,,,
C,10749,0.031282,0,0,0,,,,
C,10750,0.032121,0,0,0,,,,
C,10751,0.030730,0,0,0,,,,
C,10752,0.031516,0,0,0,,,,
C,10753,0.029812,0,0,0,,,,
C,10754,0.030573,0,0,0,,,,
C,10755,0.029891,0,0,0,,,,
C,10756,0.028532,0,0,0,,,,
C,10757,0.028536,0,0,0,,,,
C,10758,0.028625,0,0,0,,,,
C,10759,0.028057,0,0,0,,,,
C,10760,0.028525,0,0,0,,,,
C,10761,0.028969,0,0,0,,,,
C,10762,0.028211,0,0,0,,,,
C,10763,0.029254,0,0,0,,,,
C,10764,0.028706,0,0,0,,,,
C,10765,0.028822,0,0,0,,,,
C,10766,0.031227,0,0,0,,,,
C,10767,0.029981,0,0,0,,,,
C,10768,0.030174,0,0,0,,,,
C,10769,0.029103,0,0,0,,,,
C,10770,0.029731,0,0,0,,,,
C,10771,0.032062,0,0,0,,,,
C,10772,0.032783,0,0,0,,,,
C,10773,0.032335,0,0,0,,,,
C,10774,0.031745,0,0,0,,,,
C,10775,0.031595,0,0,0,,,,
C,10776,0.032191,0,0,0,,,,
C,10777,0.036388,0,0,0,,,,
C,10778,0.032893,0,0,0,,,,
C,10779,0.035388,0,0,0,,,,
C,10780,0.038515,0,0,0,,,,
C,10781,0.031675,0,0,0,,,,
C,10782,0.033653,0,0,0,,,,
C,10783,0.032594,0,0,0,,,,
C,10784,0.030644,0,0,0,,,,
C,10785,0.030056,0,0,0,,,,
C,10786,0.029042,0,0,0,,,,
C,10787,0.030959,0,0,0,,,,
C,10788,0.028472,0,0,0,,,,
C,10789,0.030719,0,0,0,,,,
C,10790,0.028968,0,0,0,,,,
C,10791,0.030775,0,0,0,,,,
C,10792,0.030569,0,0,0,,,,
C,10793,0.039106,0,0,0,,,,
C,10794,0.032273,0,0,0,,,,
C,10795,0.033735,0,0,0,,,,
C,10796,0.030107,0,0,0,,,,
C,10797,0.030976,0,0,0,,,,
C,10798,0.030330,0,0,0,,,,
C,10799,0.030092,0,0,0,,,,
C,10800,0.029025,0,0,0,,,,
C,10801,0.029979,0,0,0,,,,
C,10802,0.028698,0,0,0,,,,
C,10803,0.028405,0,0,0,,,,
C,10804,0.028210,0,0,0,,,,
C,10805,0.029806,0,0,0,,,,
C,10806,0.028672,0,0,0,,,,
C,10807,0.028728,0,0,0,,,,
C,10808,0.029384,0,0,0,,,,
C,10809,0.029769,0,0,0,,,,
C,10810,0.031616,0,0,0,,,,
C,10811,0.030170,0,0,0,,,,
C,10812,0.030628,0,0,0,,,,
C,10813,0.030136,0,0,0,,,,
C,10814,0.029182,0,0,0,,,,
C,10815,0.030026,0,0,0,,,,
C,10816,0.030172,0,0,0,,,,
C,10817,0.030980,0,0,0,,,,
C,10818,0.030713,0,0,0,,,,
C,10819,0.029452,0,0,0,,,,
C,10820,0.028127,0,0,0,,,,
C,10821,0.031513,0,0,0,,,,
C,10822,0.031770,0,0,0,,,,
C,10823,0.029856,0,0,0,,,,
C,10824,0.029221,0,0,0,,,,
C,10825,0.029335,0,0,0,,,,
C,10826,0.029340,0,0,0,,,,
C,10827,0.030522,0,0,0,,,,
C,10828,0.030811,0,0,0,,,,
C,10829,0.028818,0,0,0,,,,
C,10830,0.029380,0,0,0,,,,
C,10831,0.030507,0,0,0,,,,
C,10832,0.030115,0,0,0,,,,
C,10833,0.030197,0,0,0,,,,
C,10834,0.029667,0,0,0,,,,
C,10835,0.030872,0,0,0,,,,
C,10836,0.030828,0,0,0,,,,
C,10837,0.028961,0,0,0,,,,
C,10838,0.031326,0,0,0,,,,
C,10839,0.032602,0,0,0,,,,
C,10840,0.030912,0,0,0,,,,
C,10841,0.030067,0,0,0,,,,
C,10842,0.029917,0,0,0,,,,
C,10843,0.028774,0,0,0,,,,
C,10844,0.029075,0,0,0,,,,
C,10845,0.028650,0,0,0,,,,
C,10846,0.029939,0,0,0,,,,
C,10847,0.028347,0,0,0,,,,
C,10848,0.028276,0,0,0,,,,
C,10849,0.028983,0,0,0,,,,
C,10850,0.029860,0,0,0,,,,
C,10851,0.029136,0,0,0,,,,
C,10852,0.029892,0,0,0,,,,
C,10853,0.029790,0,0,0,,,,
C,10854,0.030350,0,0,0,,,,
C,10855,0.029623,0,0,0,,,,
C,10856,0.030139,0,0,0,,,,
C,10857,0.032402,0,0,0,,,,
C,10858,0.029064,0,0,0,,,,
C,10859,0.031905,0,0,0,,,,
C,10860,0.029265,0,0,0,,,,
C,10861,0.029320,0,0,0,,,,
C,10862,0.031766,0,0,0,,,,
C,10863,0.029218,0,0,0,,,,
C,10864,0.028998,0,0,0,,,,
C,10865,0.030381,0,0,0,,,,
C,10866,0.031734,0,0,0,,,,
C,10867,0.030270,0,0,0,,,,
C,10868,0.029994,0,0,0,,,,
C,10869,0.029796,0,0,0,,,,
C,10870,0.029707,0,0,0,,,,
C,10871,0.030061,0,0,0,,,,
C,10872,0.031575,0,0,0,,,,
C,10873,0.029915,0,0,0,,,,
C,10874,0.029664,0,0,0,,,,
C,10875,0.029131,0,0,0,,,,
C,10876,0.029497,0,0,0,,,,
C,10877,0.029254,0,0,0,,,,
C,10878,0.027743,0,0,0,,,,
C,10879,0.032689,0,0,0,,,,
C,10880,0.029184,0,0,0,,,,
C,10881,0.031364,0,0,0,,,,
C,10882,0.031950,0,0,0,,,,
C,10883,0.029165,0,0,0,,,,
C,10884,0.031891,0,0,0,,,,
C,10885,0.031230,0,0,0,,,,
C,10886,0.028517,0,0,0,,,,
C,10887,0.029420,0,0,0,,,,
C,10888,0.028194,0,0,0,,,,
C,10889,0.029547,0,0,0,,,,
C,10890,0.030338,0,0,0,,,,
C,10891,0.029306,0,0,0,,,,
C,10892,0.028784,0,0,0,,,,
C,10893,0.030398,0,0,0,,,,
C,10894,0.029236,0,0,0,,,,
C,10895,0.029985,0,0,0,,,,
C,10896,0.029536,0,0,0,,,,
C,10897,0.029207,0,0,0,,,,
C,10898,0.029098,0,0,0,,,,
C,10899,0.028928,0,0,0,,,,
C,10900,0.029278,0,0,0,,,,
C,10901,0.029726,0,0,0,,,,
C,10902,0.030148,0,0,0,,,,
C,10903,0.029946,0,0,0,,,,
C,10904,0.030211,0,0,0,,,,
C,10905,0.029718,0,0,0,,,,
C,10906,0.030277,0,0,0,,,,
C,10907,0.030685,0,0,0,,,,
C,10908,0.029526,0,0,0,,,,
C,10909,0.029888,0,0,0,,,,
C,10910,0.029929,0,0,0,,,,
C,10911,0.031144,0,0,0,,,,
C,10912,0.031403,0,0,0,,,,
C,10913,0.029687,0,0,0,,,,
C,10914,0.033112,0,0,0,,,,
C,10915,0.030168,0,0,0,,,,
C,10916,0.029147,0,0,0,,,,
C,10917,0.028130,0,0,0,,,,
C,10918,0.029240,0,0,0,,,,
C,10919,0.031883,0,0,0,,,,
C,10920,0.027846,0,0,0,,,,
C,10921,0.029670,0,0,0,,,,
C,10922,0.029372,0,0,0,,,,
C,10923,0.028780,0,0,0,,,,
C,10924,0.031797,0,0,0,,,,
C,10925,0.031448,0,0,0,,,,
C,10926,0.030136,0,0,0,,,,
C,10927,0.029863,0,0,0,,,,
C,10928,0.032597,0,0,0,,,,
C,10929,0.028721,0,0,0,,,,
C,10930,0.030354,0,0,0,,,,
C,10931,0.034594,0,0,0,,,,
C,10932,0.029891,0,0,0,,,,
C,10933,0.029533,0,0,0,,,,
C,10934,0.029058,0,0,0,,,,
C,10935,0.029652,0,0,0,,,,
C,10936,0.029324,0,0,0,,,,
C,10937,0.028850,0,0,0,,,,
C,10938,0.029771,0,0,0,,,,
C,10939,0.027390,0,0,0,,,,
C,10940,0.028022,0,0,0,,,,
C,10941,0.029868,0,0,0,,,,
C,10942,0.028732,0,0,0,,,,
C,10943,0.030395,0,0,0,,,,
C,10944,0.029038,0,0,0,,,,
C,10945,0.030073,0,0,0,,,,
C,10946,0.030104,0,0,0,,,,
C,10947,0.029115,0,0,0,,,,
C,10948,0.029702,0,0,0,,,,
C,10949,0.030597,0,0,0,,,,
C,10950,0.030208,0,0,0,,,,
C,10951,0.030186,0,0,0,,,,
C,10952,0.031039,0,0,0,,,,
C,10953,0.028593,0,0,0,,,,
C,10954,0.030683,0,0,0,,,,
C,10955,0.031409,0,0,0,,,,
C,10956,0.029054,0,0,0,,,,
C,10957,0.030979,0,0,0,,,,
C,10958,0.029854,0,0,0,,,,
C,10959,0.029067,0,0,0,,,,
C,10960,0.029409,0,0,0,,,,
C,10961,0.029338,0,0,0,,,,
C,10962,0.030783,0,0,0,,,,
C,10963,0.030529,0,0,0,,,,
C,10964,0.029379,0,0,0,,,,
C,10965,0.029698,0,0,0,,,,
C,10966,0.029069,0,0,0,,,,
C,10967,0.030408,0,0,0,,,,
C,10968,0.031347,0,0,0,,,,
C,10969,0.029471,0,0,0,,,,
C,10970,0.029637,0,0,0,,,,
C,10971,0.030833,0,0,0,,,,
C,10972,0.031017,0,0,0,,,,
C,10973,0.030984,0,0,0,,,,
C,10974,0.028087,0,0,0,,,,
C,10975,0.029106,0,0,0,,,,
C,10976,0.029476,0,0,0,,,,
C,10977,0.029835,0,0,0,,,,
C,10978,0.029085,0,0,0,,,,
C,10979,0.030101,0,0,0,,,,
C,10980,0.028419,0,0,0,,,,
C,10981,0.029178,0,0,0,,,,
C,10982,0.029880,0,0,0,,,,
C,10983,0.032179,0,0,0,,,,
C,10984,0.027762,0,0,0,,,,
C,10985,0.031330,0,0,0,,,,
C,10986,0.029271,0,0,0,,,,
C,10987,0.029333,0,0,0,,,,
C,10988,0.029675,0,0,0,,,,
C,10989,0.030428,0,0,0,,,,
C,10990,0.030658,0,0,0,,,,
C,10991,0.028195,0,0,0,,,,
C,10992,0.029177,0,0,0,,,,
C,10993,0.030561,0,0,0,,,,
C,10994,0.030842,0,0,0,,,,
C,10995,0.030102,0,0,0,,,,
C,10996,0.030208,0,0,0,,,,
C,10997,0.030545,0,0,0,,,,
C,10998,0.029710,0,0,0,,,,
C,10999,0.030413,0,0,0,,,,
C,11000,0.028939,0,0,0,224.9,6.691e-11,"{'checked': 26, 'zsx_rejected': 6, 'default_rejected': 0, 'closed_form_forced': 0, 'inexact': 9, 'exact_rebuilt': 0, 'best_effort': 0, 'best_effort_worst': 0.0, 'psf_rerouted': 0, 'psf_rerouted_worst_residual': 0.0}",513
C,11001,0.029460,0,0,0,,,,
C,11002,0.028166,0,0,0,,,,
C,11003,0.029046,0,0,0,,,,
C,11004,0.028952,0,0,0,,,,
C,11005,0.028624,0,0,0,,,,
C,11006,0.028958,0,0,0,,,,
C,11007,0.028460,0,0,0,,,,
C,11008,0.030208,0,0,0,,,,
C,11009,0.029912,0,0,0,,,,
C,11010,0.033787,0,0,0,,,,
C,11011,0.032256,0,0,0,,,,
C,11012,0.030562,0,0,0,,,,
C,11013,0.031340,0,0,0,,,,
C,11014,0.031218,0,0,0,,,,
C,11015,0.034531,0,0,0,,,,
C,11016,0.034301,0,0,0,,,,
C,11017,0.039920,0,0,0,,,,
C,11018,0.031198,0,0,0,,,,
C,11019,0.038190,0,0,0,,,,
C,11020,0.037896,0,0,0,,,,
C,11021,0.030589,0,0,0,,,,
C,11022,0.030453,0,0,0,,,,
C,11023,0.037148,0,0,0,,,,
C,11024,0.031238,0,0,0,,,,
C,11025,0.029927,0,0,0,,,,
C,11026,0.029744,0,0,0,,,,
C,11027,0.029307,0,0,0,,,,
C,11028,0.030762,0,0,0,,,,
C,11029,0.030501,0,0,0,,,,
C,11030,0.029766,0,0,0,,,,
C,11031,0.030303,0,0,0,,,,
C,11032,0.028397,0,0,0,,,,
C,11033,0.030162,0,0,0,,,,
C,11034,0.030984,0,0,0,,,,
C,11035,0.028335,0,0,0,,,,
C,11036,0.030019,0,0,0,,,,
C,11037,0.029167,0,0,0,,,,
C,11038,0.028340,0,0,0,,,,
C,11039,0.030747,0,0,0,,,,
C,11040,0.031559,0,0,0,,,,
C,11041,0.030805,0,0,0,,,,
C,11042,0.029342,0,0,0,,,,
C,11043,0.029198,0,0,0,,,,
C,11044,0.027814,0,0,0,,,,
C,11045,0.028741,0,0,0,,,,
C,11046,0.028812,0,0,0,,,,
C,11047,0.029062,0,0,0,,,,
C,11048,0.031299,0,0,0,,,,
C,11049,0.029609,0,0,0,,,,
C,11050,0.030867,0,0,0,,,,
C,11051,0.028145,0,0,0,,,,
C,11052,0.030528,0,0,0,,,,
C,11053,0.029870,0,0,0,,,,
C,11054,0.029451,0,0,0,,,,
C,11055,0.028628,0,0,0,,,,
C,11056,0.031838,0,0,0,,,,
C,11057,0.030430,0,0,0,,,,
C,11058,0.031126,0,0,0,,,,
C,11059,0.031267,0,0,0,,,,
C,11060,0.030598,0,0,0,,,,
C,11061,0.030609,0,0,0,,,,
C,11062,0.027749,0,0,0,,,,
C,11063,0.029412,0,0,0,,,,
C,11064,0.029465,0,0,0,,,,
C,11065,0.029808,0,0,0,,,,
C,11066,0.029245,0,0,0,,,,
C,11067,0.030557,0,0,0,,,,
C,11068,0.030819,0,0,0,,,,
C,11069,0.029519,0,0,0,,,,
C,11070,0.031059,0,0,0,,,,
C,11071,0.029598,0,0,0,,,,
C,11072,0.029726,0,0,0,,,,
C,11073,0.034185,0,0,0,,,,
C,11074,0.028731,0,0,0,,,,
C,11075,0.029077,0,0,0,,,,
C,11076,0.030356,0,0,0,,,,
C,11077,0.029996,0,0,0,,,,
C,11078,0.033405,0,0,0,,,,
C,11079,0.031166,0,0,0,,,,
C,11080,0.029500,0,0,0,,,,
C,11081,0.029860,0,0,0,,,,
C,11082,0.029337,0,0,0,,,,
C,11083,0.030188,0,0,0,,,,
C,11084,0.029647,0,0,0,,,,
C,11085,0.031256,0,0,0,,,,
C,11086,0.031296,0,0,0,,,,
C,11087,0.030106,0,0,0,,,,
C,11088,0.031089,0,0,0,,,,
C,11089,0.030268,0,0,0,,,,
C,11090,0.029767,0,0,0,,,,
C,11091,0.030922,0,0,0,,,,
C,11092,0.028253,0,0,0,,,,
C,11093,0.031518,0,0,0,,,,
C,11094,0.030602,0,0,0,,,,
C,11095,0.030938,0,0,0,,,,
C,11096,0.029936,0,0,0,,,,
C,11097,0.028734,0,0,0,,,,
C,11098,0.031737,0,0,0,,,,
C,11099,0.029308,0,0,0,,,,
C,11100,0.030827,0,0,0,,,,
C,11101,0.033213,0,0,0,,,,
C,11102,0.030687,0,0,0,,,,
C,11103,0.031717,0,0,0,,,,
C,11104,0.030213,0,0,0,,,,
C,11105,0.030881,0,0,0,,,,
C,11106,0.030337,0,0,0,,,,
C,11107,0.030518,0,0,0,,,,
C,11108,0.029276,0,0,0,,,,
C,11109,0.030110,0,0,0,,,,
C,11110,0.031592,0,0,0,,,,
C,11111,0.028466,0,0,0,,,,
C,11112,0.028445,0,0,0,,,,
C,11113,0.029841,0,0,0,,,,
C,11114,0.030067,0,0,0,,,,
C,11115,0.029604,0,0,0,,,,
C,11116,0.029651,0,0,0,,,,
C,11117,0.029189,0,0,0,,,,
C,11118,0.028583,0,0,0,,,,
C,11119,0.029137,0,0,0,,,,
C,11120,0.029887,0,0,0,,,,
C,11121,0.030353,0,0,0,,,,
C,11122,0.031376,0,0,0,,,,
C,11123,0.031657,0,0,0,,,,
C,11124,0.028709,0,0,0,,,,
C,11125,0.030003,0,0,0,,,,
C,11126,0.030080,0,0,0,,,,
C,11127,0.029208,0,0,0,,,,
C,11128,0.029563,0,0,0,,,,
C,11129,0.031361,0,0,0,,,,
C,11130,0.030943,0,0,0,,,,
C,11131,0.030174,0,0,0,,,,
C,11132,0.029483,0,0,0,,,,
C,11133,0.030198,0,0,0,,,,
C,11134,0.030725,0,0,0,,,,
C,11135,0.032185,0,0,0,,,,
C,11136,0.029488,0,0,0,,,,
C,11137,0.029396,0,0,0,,,,
C,11138,0.030055,0,0,0,,,,
C,11139,0.030462,0,0,0,,,,
C,11140,0.029354,0,0,0,,,,
C,11141,0.028099,0,0,0,,,,
C,11142,0.029844,0,0,0,,,,
C,11143,0.030557,0,0,0,,,,
C,11144,0.032630,0,0,0,,,,
C,11145,0.032457,0,0,0,,,,
C,11146,0.030401,0,0,0,,,,
C,11147,0.030607,0,0,0,,,,
C,11148,0.029253,0,0,0,,,,
C,11149,0.031546,0,0,0,,,,
C,11150,0.030007,0,0,0,,,,
C,11151,0.029573,0,0,0,,,,
C,11152,0.029711,0,0,0,,,,
C,11153,0.030355,0,0,0,,,,
C,11154,0.030000,0,0,0,,,,
C,11155,0.031461,0,0,0,,,,
C,11156,0.031625,0,0,0,,,,
C,11157,0.034007,0,0,0,,,,
C,11158,0.034632,0,0,0,,,,
C,11159,0.033505,0,0,0,,,,
C,11160,0.030241,0,0,0,,,,
C,11161,0.033253,0,0,0,,,,
C,11162,0.036185,0,0,0,,,,
C,11163,0.040118,0,0,0,,,,
C,11164,0.031896,0,0,0,,,,
C,11165,0.036123,0,0,0,,,,
C,11166,0.031462,0,0,0,,,,
C,11167,0.030153,0,0,0,,,,
C,11168,0.031007,0,0,0,,,,
C,11169,0.029729,0,0,0,,,,
C,11170,0.030652,0,0,0,,,,
C,11171,0.030678,0,0,0,,,,
C,11172,0.030137,0,0,0,,,,
C,11173,0.028437,0,0,0,,,,
C,11174,0.030095,0,0,0,,,,
C,11175,0.029682,0,0,0,,,,
C,11176,0.032815,0,0,0,,,,
C,11177,0.034701,0,0,0,,,,
C,11178,0.034259,0,0,0,,,,
C,11179,0.036425,0,0,0,,,,
C,11180,0.031322,0,0,0,,,,
C,11181,0.028458,0,0,0,,,,
C,11182,0.028806,0,0,0,,,,
C,11183,0.030256,0,0,0,,,,
C,11184,0.030968,0,0,0,,,,
C,11185,0.028998,0,0,0,,,,
C,11186,0.029144,0,0,0,,,,
C,11187,0.032222,0,0,0,,,,
C,11188,0.031053,0,0,0,,,,
C,11189,0.027993,0,0,0,,,,
C,11190,0.030529,0,0,0,,,,
C,11191,0.030269,0,0,0,,,,
C,11192,0.030828,0,0,0,,,,
C,11193,0.028237,0,0,0,,,,
C,11194,0.028964,0,0,0,,,,
C,11195,0.029843,0,0,0,,,,
C,11196,0.030681,0,0,0,,,,
C,11197,0.027437,0,0,0,,,,
C,11198,0.029216,0,0,0,,,,
C,11199,0.029430,0,0,0,,,,
C,11200,0.028823,0,0,0,,,,
C,11201,0.029876,0,0,0,,,,
C,11202,0.029208,0,0,0,,,,
C,11203,0.029239,0,0,0,,,,
C,11204,0.029852,0,0,0,,,,
C,11205,0.028563,0,0,0,,,,
C,11206,0.028902,0,0,0,,,,
C,11207,0.033301,0,0,0,,,,
C,11208,0.031974,0,0,0,,,,
C,11209,0.030909,0,0,0,,,,
C,11210,0.028784,0,0,0,,,,
C,11211,0.029488,0,0,0,,,,
C,11212,0.031652,0,0,0,,,,
C,11213,0.029676,0,0,0,,,,
C,11214,0.029530,0,0,0,,,,
C,11215,0.029309,0,0,0,,,,
C,11216,0.030261,0,0,0,,,,
C,11217,0.029153,0,0,0,,,,
C,11218,0.029473,0,0,0,,,,
C,11219,0.029260,0,0,0,,,,
C,11220,0.029281,0,0,0,,,,
C,11221,0.029867,0,0,0,,,,
C,11222,0.029645,0,0,0,,,,
C,11223,0.028331,0,0,0,,,,
C,11224,0.030940,0,0,0,,,,
C,11225,0.028876,0,0,0,,,,
C,11226,0.027749,0,0,0,,,,
C,11227,0.029889,0,0,0,,,,
C,11228,0.028847,0,0,0,,,,
C,11229,0.028844,0,0,0,,,,
C,11230,0.032594,0,0,0,,,,
C,11231,0.029318,0,0,0,,,,
C,11232,0.033782,0,0,0,,,,
C,11233,0.030035,0,0,0,,,,
C,11234,0.028321,0,0,0,,,,
C,11235,0.029056,0,0,0,,,,
C,11236,0.029700,0,0,0,,,,
C,11237,0.029350,0,0,0,,,,
C,11238,0.028644,0,0,0,,,,
C,11239,0.029412,0,0,0,,,,
C,11240,0.030296,0,0,0,,,,
C,11241,0.030460,0,0,0,,,,
C,11242,0.028791,0,0,0,,,,
C,11243,0.029896,0,0,0,,,,
C,11244,0.029925,0,0,0,,,,
C,11245,0.030667,0,0,0,,,,
C,11246,0.028171,0,0,0,,,,
C,11247,0.029505,0,0,0,,,,
C,11248,0.031644,0,0,0,,,,
C,11249,0.031257,0,0,0,,,,
C,11250,0.030537,0,0,0,,,,
C,11251,0.030659,0,0,0,,,,
C,11252,0.029175,0,0,0,,,,
C,11253,0.032041,0,0,0,,,,
C,11254,0.032466,0,0,0,,,,
C,11255,0.029192,0,0,0,,,,
C,11256,0.030180,0,0,0,,,,
C,11257,0.031380,0,0,0,,,,
C,11258,0.029631,0,0,0,,,,
C,11259,0.030667,0,0,0,,,,
C,11260,0.031791,0,0,0,,,,
C,11261,0.029310,0,0,0,,,,
C,11262,0.030875,0,0,0,,,,
C,11263,0.029390,0,0,0,,,,
C,11264,0.028347,0,0,0,,,,
C,11265,0.030068,0,0,0,,,,
C,11266,0.028794,0,0,0,,,,
C,11267,0.031125,0,0,0,,,,
C,11268,0.029622,0,0,0,,,,
C,11269,0.029259,0,0,0,,,,
C,11270,0.030024,0,0,0,,,,
C,11271,0.030696,0,0,0,,,,
C,11272,0.029632,0,0,0,,,,
C,11273,0.029860,0,0,0,,,,
C,11274,0.030113,0,0,0,,,,
C,11275,0.030026,0,0,0,,,,
C,11276,0.030440,0,0,0,,,,
C,11277,0.031284,0,0,0,,,,
C,11278,0.029084,0,0,0,,,,
C,11279,0.029920,0,0,0,,,,
C,11280,0.030582,0,0,0,,,,
C,11281,0.029390,0,0,0,,,,
C,11282,0.029933,0,0,0,,,,
C,11283,0.028706,0,0,0,,,,
C,11284,0.030341,0,0,0,,,,
C,11285,0.030237,0,0,0,,,,
C,11286,0.029731,0,0,0,,,,
C,11287,0.030398,0,0,0,,,,
C,11288,0.029995,0,0,0,,,,
C,11289,0.028189,0,0,0,,,,
C,11290,0.029655,0,0,0,,,,
C,11291,0.030696,0,0,0,,,,
C,11292,0.030312,0,0,0,,,,
C,11293,0.030704,0,0,0,,,,
C,11294,0.029221,0,0,0,,,,
C,11295,0.032483,0,0,0,,,,
C,11296,0.029814,0,0,0,,,,
C,11297,0.029465,0,0,0,,,,
C,11298,0.030341,0,0,0,,,,
C,11299,0.028894,0,0,0,,,,
C,11300,0.029496,0,0,0,,,,
C,11301,0.028865,0,0,0,,,,
C,11302,0.029954,0,0,0,,,,
C,11303,0.030464,0,0,0,,,,
C,11304,0.029916,0,0,0,,,,
C,11305,0.031492,0,0,0,,,,
C,11306,0.029594,0,0,0,,,,
C,11307,0.029090,0,0,0,,,,
C,11308,0.030994,0,0,0,,,,
C,11309,0.031325,0,0,0,,,,
C,11310,0.028826,0,0,0,,,,
C,11311,0.030621,0,0,0,,,,
C,11312,0.029433,0,0,0,,,,
C,11313,0.030023,0,0,0,,,,
C,11314,0.029385,0,0,0,,,,
C,11315,0.031587,0,0,0,,,,
C,11316,0.030851,0,0,0,,,,
C,11317,0.032482,0,0,0,,,,
C,11318,0.029199,0,0,0,,,,
C,11319,0.031545,0,0,0,,,,
C,11320,0.031526,0,0,0,,,,
C,11321,0.032684,0,0,0,,,,
C,11322,0.030162,0,0,0,,,,
C,11323,0.028288,0,0,0,,,,
C,11324,0.029933,0,0,0,,,,
C,11325,0.029321,0,0,0,,,,
C,11326,0.030580,0,0,0,,,,
C,11327,0.028593,0,0,0,,,,
C,11328,0.028755,0,0,0,,,,
C,11329,0.029913,0,0,0,,,,
C,11330,0.028409,0,0,0,,,,
C,11331,0.029738,0,0,0,,,,
C,11332,0.029012,0,0,0,,,,
C,11333,0.028280,0,0,0,,,,
C,11334,0.030277,0,0,0,,,,
C,11335,0.030659,0,0,0,,,,
C,11336,0.029967,0,0,0,,,,
C,11337,0.029905,0,0,0,,,,
C,11338,0.030382,0,0,0,,,,
C,11339,0.031681,0,0,0,,,,
C,11340,0.039343,0,0,0,,,,
C,11341,0.034373,0,0,0,,,,
C,11342,0.032198,0,0,0,,,,
C,11343,0.029461,0,0,0,,,,
C,11344,0.030847,0,0,0,,,,
C,11345,0.030359,0,0,0,,,,
C,11346,0.029035,0,0,0,,,,
C,11347,0.029530,0,0,0,,,,
C,11348,0.029184,0,0,0,,,,
C,11349,0.028772,0,0,0,,,,
C,11350,0.030004,0,0,0,,,,
C,11351,0.029672,0,0,0,,,,
C,11352,0.029133,0,0,0,,,,
C,11353,0.030324,0,0,0,,,,
C,11354,0.029343,0,0,0,,,,
C,11355,0.032866,0,0,0,,,,
C,11356,0.032042,0,0,0,,,,
C,11357,0.032554,0,0,0,,,,
C,11358,0.033497,0,0,0,,,,
C,11359,0.032591,0,0,0,,,,
C,11360,0.033693,0,0,0,,,,
C,11361,0.032729,0,0,0,,,,
C,11362,0.034002,0,0,0,,,,
C,11363,0.041746,0,0,0,,,,
C,11364,0.031190,0,0,0,,,,
C,11365,0.034158,0,0,0,,,,
C,11366,0.031628,0,0,0,,,,
C,11367,0.031683,0,0,0,,,,
C,11368,0.028550,0,0,0,,,,
C,11369,0.028520,0,0,0,,,,
C,11370,0.030817,0,0,0,,,,
C,11371,0.029899,0,0,0,,,,
C,11372,0.030761,0,0,0,,,,
C,11373,0.028550,0,0,0,,,,
C,11374,0.029486,0,0,0,,,,
C,11375,0.029556,0,0,0,,,,
C,11376,0.031647,0,0,0,,,,
C,11377,0.030951,0,0,0,,,,
C,11378,0.033682,0,0,0,,,,
C,11379,0.030633,0,0,0,,,,
C,11380,0.030775,0,0,0,,,,
C,11381,0.030397,0,0,0,,,,
C,11382,0.031432,0,0,0,,,,
C,11383,0.032345,0,0,0,,,,
C,11384,0.032010,0,0,0,,,,
C,11385,0.032145,0,0,0,,,,
C,11386,0.029364,0,0,0,,,,
C,11387,0.030500,0,0,0,,,,
C,11388,0.028556,0,0,0,,,,
C,11389,0.029031,0,0,0,,,,
C,11390,0.028894,0,0,0,,,,
C,11391,0.029139,0,0,0,,,,
C,11392,0.028592,0,0,0,,,,
C,11393,0.028842,0,0,0,,,,
C,11394,0.028394,0,0,0,,,,
C,11395,0.028401,0,0,0,,,,
C,11396,0.029565,0,0,0,,,,
C,11397,0.030109,0,0,0,,,,
C,11398,0.029112,0,0,0,,,,
C,11399,0.028580,0,0,0,,,,
C,11400,0.028868,0,0,0,,,,
C,11401,0.029255,0,0,0,,,,
C,11402,0.028606,0,0,0,,,,
C,11403,0.030741,0,0,0,,,,
C,11404,0.030715,0,0,0,,,,
C,11405,0.029269,0,0,0,,,,
C,11406,0.031527,0,0,0,,,,
C,11407,0.030070,0,0,0,,,,
C,11408,0.030790,0,0,0,,,,
C,11409,0.030613,0,0,0,,,,
C,11410,0.029112,0,0,0,,,,
C,11411,0.030254,0,0,0,,,,
C,11412,0.029519,0,0,0,,,,
C,11413,0.030528,0,0,0,,,,
C,11414,0.030946,0,0,0,,,,
C,11415,0.030514,0,0,0,,,,
C,11416,0.028191,0,0,0,,,,
C,11417,0.030672,0,0,0,,,,
C,11418,0.030766,0,0,0,,,,
C,11419,0.030587,0,0,0,,,,
C,11420,0.029517,0,0,0,,,,
C,11421,0.028470,0,0,0,,,,
C,11422,0.029368,0,0,0,,,,
C,11423,0.031656,0,0,0,,,,
C,11424,0.032184,0,0,0,,,,
C,11425,0.030361,0,0,0,,,,
C,11426,0.030972,0,0,0,,,,
C,11427,0.031187,0,0,0,,,,
C,11428,0.030109,0,0,0,,,,
C,11429,0.029148,0,0,0,,,,
C,11430,0.030380,0,0,0,,,,
C,11431,0.029461,0,0,0,,,,
C,11432,0.029449,0,0,0,,,,
C,11433,0.028109,0,0,0,,,,
C,11434,0.031394,0,0,0,,,,
C,11435,0.030419,0,0,0,,,,
C,11436,0.029880,0,0,0,,,,
C,11437,0.030136,0,0,0,,,,
C,11438,0.030908,0,0,0,,,,
C,11439,0.032337,0,0,0,,,,
C,11440,0.031324,0,0,0,,,,
C,11441,0.030076,0,0,0,,,,
C,11442,0.030437,0,0,0,,,,
C,11443,0.028917,0,0,0,,,,
C,11444,0.030008,0,0,0,,,,
C,11445,0.028111,0,0,0,,,,
C,11446,0.030655,0,0,0,,,,
C,11447,0.029259,0,0,0,,,,
C,11448,0.031772,0,0,0,,,,
C,11449,0.032642,0,0,0,,,,
C,11450,0.029825,0,0,0,,,,
C,11451,0.029488,0,0,0,,,,
C,11452,0.030434,0,0,0,,,,
C,11453,0.029736,0,0,0,,,,
C,11454,0.029629,0,0,0,,,,
C,11455,0.031502,0,0,0,,,,
C,11456,0.030044,0,0,0,,,,
C,11457,0.028353,0,0,0,,,,
C,11458,0.031378,0,0,0,,,,
C,11459,0.029216,0,0,0,,,,
C,11460,0.029705,0,0,0,,,,
C,11461,0.028832,0,0,0,,,,
C,11462,0.030545,0,0,0,,,,
C,11463,0.028821,0,0,0,,,,
C,11464,0.030379,0,0,0,,,,
C,11465,0.029355,0,0,0,,,,
C,11466,0.028403,0,0,0,,,,
C,11467,0.029684,0,0,0,,,,
C,11468,0.030712,0,0,0,,,,
C,11469,0.029129,0,0,0,,,,
C,11470,0.032539,0,0,0,,,,
C,11471,0.032260,0,0,0,,,,
C,11472,0.032417,0,0,0,,,,
C,11473,0.029219,0,0,0,,,,
C,11474,0.031472,0,0,0,,,,
C,11475,0.029710,0,0,0,,,,
C,11476,0.029125,0,0,0,,,,
C,11477,0.029642,0,0,0,,,,
C,11478,0.030567,0,0,0,,,,
C,11479,0.029761,0,0,0,,,,
C,11480,0.030023,0,0,0,,,,
C,11481,0.030320,0,0,0,,,,
C,11482,0.031127,0,0,0,,,,
C,11483,0.028615,0,0,0,,,,
C,11484,0.029137,0,0,0,,,,
C,11485,0.030703,0,0,0,,,,
C,11486,0.029691,0,0,0,,,,
C,11487,0.030315,0,0,0,,,,
C,11488,0.029602,0,0,0,,,,
C,11489,0.029978,0,0,0,,,,
C,11490,0.029044,0,0,0,,,,
C,11491,0.031121,0,0,0,,,,
C,11492,0.031285,0,0,0,,,,
C,11493,0.031336,0,0,0,,,,
C,11494,0.029692,0,0,0,,,,
C,11495,0.030727,0,0,0,,,,
C,11496,0.030675,0,0,0,,,,
C,11497,0.031528,0,0,0,,,,
C,11498,0.028418,0,0,0,,,,
C,11499,0.029283,0,0,0,,,,
C,11500,0.029646,0,0,0,,,,
C,11501,0.029323,0,0,0,,,,
C,11502,0.029160,0,0,0,,,,
C,11503,0.031433,0,0,0,,,,
C,11504,0.028238,0,0,0,,,,
C,11505,0.031662,0,0,0,,,,
C,11506,0.030526,0,0,0,,,,
C,11507,0.029845,0,0,0,,,,
C,11508,0.033264,0,0,0,,,,
C,11509,0.029025,0,0,0,,,,
C,11510,0.031248,0,0,0,,,,
C,11511,0.029945,0,0,0,,,,
C,11512,0.027931,0,0,0,,,,
C,11513,0.028870,0,0,0,,,,
C,11514,0.029620,0,0,0,,,,
C,11515,0.030118,0,0,0,,,,
C,11516,0.029082,0,0,0,,,,
C,11517,0.028872,0,0,0,,,,
C,11518,0.031868,0,0,0,,,,
C,11519,0.028664,0,0,0,,,,
C,11520,0.030094,0,0,0,,,,
C,11521,0.030491,0,0,0,,,,
C,11522,0.030819,0,0,0,,,,
C,11523,0.031710,0,0,0,,,,
C,11524,0.031203,0,0,0,,,,
C,11525,0.029448,0,0,0,,,,
C,11526,0.030793,0,0,0,,,,
C,11527,0.032728,0,0,0,,,,
C,11528,0.032597,0,0,0,,,,
C,11529,0.029345,0,0,0,,,,
C,11530,0.028711,0,0,0,,,,
C,11531,0.029701,0,0,0,,,,
C,11532,0.030576,0,0,0,,,,
C,11533,0.030496,0,0,0,,,,
C,11534,0.028936,0,0,0,,,,
C,11535,0.029398,0,0,0,,,,
C,11536,0.029241,0,0,0,,,,
C,11537,0.029077,0,0,0,,,,
C,11538,0.030060,0,0,0,,,,
C,11539,0.030936,0,0,0,,,,
C,11540,0.031161,0,0,0,,,,
C,11541,0.029215,0,0,0,,,,
C,11542,0.029349,0,0,0,,,,
C,11543,0.031728,0,0,0,,,,
C,11544,0.028850,0,0,0,,,,
C,11545,0.028508,0,0,0,,,,
C,11546,0.030152,0,0,0,,,,
C,11547,0.029376,0,0,0,,,,
C,11548,0.030720,0,0,0,,,,
C,11549,0.028572,0,0,0,,,,
C,11550,0.030904,0,0,0,,,,
C,11551,0.029849,0,0,0,,,,
C,11552,0.030170,0,0,0,,,,
C,11553,0.031362,0,0,0,,,,
C,11554,0.029332,0,0,0,,,,
C,11555,0.030019,0,0,0,,,,
C,11556,0.028920,0,0,0,,,,
C,11557,0.028609,0,0,0,,,,
C,11558,0.029464,0,0,0,,,,
C,11559,0.030208,0,0,0,,,,
C,11560,0.030066,0,0,0,,,,
C,11561,0.030015,0,0,0,,,,
C,11562,0.031154,0,0,0,,,,
C,11563,0.029188,0,0,0,,,,
C,11564,0.028753,0,0,0,,,,
C,11565,0.031456,0,0,0,,,,
C,11566,0.031909,0,0,0,,,,
C,11567,0.030249,0,0,0,,,,
C,11568,0.031394,0,0,0,,,,
C,11569,0.030487,0,0,0,,,,
C,11570,0.032505,0,0,0,,,,
C,11571,0.030371,0,0,0,,,,
C,11572,0.029325,0,0,0,,,,
C,11573,0.029894,0,0,0,,,,
C,11574,0.029083,0,0,0,,,,
C,11575,0.028648,0,0,0,,,,
C,11576,0.030485,0,0,0,,,,
C,11577,0.029622,0,0,0,,,,
C,11578,0.029116,0,0,0,,,,
C,11579,0.030185,0,0,0,,,,
C,11580,0.031024,0,0,0,,,,
C,11581,0.029300,0,0,0,,,,
C,11582,0.029971,0,0,0,,,,
C,11583,0.030231,0,0,0,,,,
C,11584,0.029308,0,0,0,,,,
C,11585,0.028901,0,0,0,,,,
C,11586,0.028930,0,0,0,,,,
C,11587,0.028999,0,0,0,,,,
C,11588,0.029250,0,0,0,,,,
C,11589,0.029414,0,0,0,,,,
C,11590,0.028691,0,0,0,,,,
C,11591,0.030713,0,0,0,,,,
C,11592,0.029940,0,0,0,,,,
C,11593,0.029683,0,0,0,,,,
C,11594,0.030106,0,0,0,,,,
C,11595,0.028067,0,0,0,,,,
C,11596,0.029410,0,0,0,,,,
C,11597,0.030589,0,0,0,,,,
C,11598,0.032506,0,0,0,,,,
C,11599,0.034516,0,0,0,,,,
C,11600,0.034029,0,0,0,,,,
C,11601,0.031571,0,0,0,,,,
C,11602,0.034237,0,0,0,,,,
C,11603,0.043216,0,0,0,,,,
C,11604,0.034691,0,0,0,,,,
C,11605,0.036734,0,0,0,,,,
C,11606,0.033376,0,0,0,,,,
C,11607,0.030537,0,0,0,,,,
C,11608,0.030868,0,0,0,,,,
C,11609,0.030643,0,0,0,,,,
C,11610,0.030106,0,0,0,,,,
C,11611,0.031052,0,0,0,,,,
C,11612,0.030253,0,0,0,,,,
C,11613,0.029154,0,0,0,,,,
C,11614,0.029334,0,0,0,,,,
C,11615,0.030126,0,0,0,,,,
C,11616,0.028816,0,0,0,,,,
C,11617,0.030896,0,0,0,,,,
C,11618,0.030820,0,0,0,,,,
C,11619,0.030133,0,0,0,,,,
C,11620,0.029815,0,0,0,,,,
C,11621,0.030446,0,0,0,,,,
C,11622,0.030777,0,0,0,,,,
C,11623,0.032023,0,0,0,,,,
C,11624,0.033364,0,0,0,,,,
C,11625,0.031338,0,0,0,,,,
C,11626,0.031550,0,0,0,,,,
C,11627,0.031021,0,0,0,,,,
C,11628,0.029806,0,0,0,,,,
C,11629,0.029596,0,0,0,,,,
C,11630,0.030909,0,0,0,,,,
C,11631,0.030751,0,0,0,,,,
C,11632,0.028262,0,0,0,,,,
C,11633,0.030674,0,0,0,,,,
C,11634,0.029279,0,0,0,,,,
C,11635,0.029190,0,0,0,,,,
C,11636,0.029901,0,0,0,,,,
C,11637,0.028694,0,0,0,,,,
C,11638,0.029070,0,0,0,,,,
C,11639,0.029199,0,0,0,,,,
C,11640,0.028956,0,0,0,,,,
C,11641,0.029140,0,0,0,,,,
C,11642,0.029934,0,0,0,,,,
C,11643,0.029181,0,0,0,,,,
C,11644,0.031049,0,0,0,,,,
C,11645,0.030042,0,0,0,,,,
C,11646,0.031187,0,0,0,,,,
C,11647,0.030015,0,0,0,,,,
C,11648,0.031192,0,0,0,,,,
C,11649,0.028250,0,0,0,,,,
C,11650,0.030335,0,0,0,,,,
C,11651,0.030689,0,0,0,,,,
C,11652,0.029961,0,0,0,,,,
C,11653,0.031848,0,0,0,,,,
C,11654,0.030742,0,0,0,,,,
C,11655,0.031543,0,0,0,,,,
C,11656,0.031972,0,0,0,,,,
C,11657,0.028990,0,0,0,,,,
C,11658,0.030885,0,0,0,,,,
C,11659,0.031240,0,0,0,,,,
C,11660,0.030096,0,0,0,,,,
C,11661,0.028696,0,0,0,,,,
C,11662,0.030324,0,0,0,,,,
C,11663,0.028950,0,0,0,,,,
C,11664,0.030281,0,0,0,,,,
C,11665,0.030375,0,0,0,,,,
C,11666,0.029357,0,0,0,,,,
C,11667,0.031777,0,0,0,,,,
C,11668,0.030737,0,0,0,,,,
C,11669,0.029323,0,0,0,,,,
C,11670,0.030893,0,0,0,,,,
C,11671,0.031022,0,0,0,,,,
C,11672,0.031052,0,0,0,,,,
C,11673,0.028751,0,0,0,,,,
C,11674,0.029514,0,0,0,,,,
C,11675,0.028872,0,0,0,,,,
C,11676,0.029431,0,0,0,,,,
C,11677,0.030293,0,0,0,,,,
C,11678,0.029224,0,0,0,,,,
C,11679,0.030707,0,0,0,,,,
C,11680,0.032059,0,0,0,,,,
C,11681,0.029409,0,0,0,,,,
C,11682,0.030497,0,0,0,,,,
C,11683,0.028148,0,0,0,,,,
C,11684,0.028931,0,0,0,,,,
C,11685,0.029614,0,0,0,,,,
C,11686,0.029512,0,0,0,,,,
C,11687,0.029434,0,0,0,,,,
C,11688,0.028389,0,0,0,,,,
C,11689,0.030312,0,0,0,,,,
C,11690,0.030062,0,0,0,,,,
C,11691,0.030907,0,0,0,,,,
C,11692,0.028930,0,0,0,,,,
C,11693,0.029414,0,0,0,,,,
C,11694,0.030179,0,0,0,,,,
C,11695,0.029212,0,0,0,,,,
C,11696,0.029155,0,0,0,,,,
C,11697,0.031972,0,0,0,,,,
C,11698,0.029475,0,0,0,,,,
C,11699,0.031088,0,0,0,,,,
C,11700,0.029422,0,0,0,,,,
C,11701,0.029263,0,0,0,,,,
C,11702,0.029053,0,0,0,,,,
C,11703,0.032263,0,0,0,,,,
C,11704,0.029900,0,0,0,,,,
C,11705,0.029181,0,0,0,,,,
C,11706,0.029387,0,0,0,,,,
C,11707,0.028860,0,0,0,,,,
C,11708,0.028284,0,0,0,,,,
C,11709,0.029067,0,0,0,,,,
C,11710,0.029982,0,0,0,,,,
C,11711,0.028671,0,0,0,,,,
C,11712,0.030432,0,0,0,,,,
C,11713,0.029609,0,0,0,,,,
C,11714,0.029591,0,0,0,,,,
C,11715,0.030168,0,0,0,,,,
C,11716,0.030926,0,0,0,,,,
C,11717,0.030036,0,0,0,,,,
C,11718,0.030450,0,0,0,,,,
C,11719,0.031054,0,0,0,,,,
C,11720,0.028814,0,0,0,,,,
C,11721,0.027848,0,0,0,,,,
C,11722,0.028759,0,0,0,,,,
C,11723,0.029327,0,0,0,,,,
C,11724,0.029433,0,0,0,,,,
C,11725,0.030728,0,0,0,,,,
C,11726,0.029912,0,0,0,,,,
C,11727,0.031058,0,0,0,,,,
C,11728,0.030480,0,0,0,,,,
C,11729,0.029643,0,0,0,,,,
C,11730,0.030364,0,0,0,,,,
C,11731,0.029106,0,0,0,,,,
C,11732,0.028394,0,0,0,,,,
C,11733,0.033573,0,0,0,,,,
C,11734,0.032541,0,0,0,,,,
C,11735,0.030472,0,0,0,,,,
C,11736,0.029674,0,0,0,,,,
C,11737,0.028288,0,0,0,,,,
C,11738,0.029499,0,0,0,,,,
C,11739,0.032809,0,0,0,,,,
C,11740,0.030460,0,0,0,,,,
C,11741,0.033582,0,0,0,,,,
C,11742,0.037570,0,0,0,,,,
C,11743,0.032545,0,0,0,,,,
C,11744,0.032790,0,0,0,,,,
C,11745,0.033045,0,0,0,,,,
C,11746,0.032860,0,0,0,,,,
C,11747,0.042741,0,0,0,,,,
C,11748,0.029422,0,0,0,,,,
C,11749,0.032913,0,0,0,,,,
C,11750,0.033660,0,0,0,,,,
C,11751,0.029179,0,0,0,,,,
C,11752,0.030059,0,0,0,,,,
C,11753,0.030748,0,0,0,,,,
C,11754,0.029235,0,0,0,,,,
C,11755,0.030086,0,0,0,,,,
C,11756,0.030168,0,0,0,,,,
C,11757,0.029346,0,0,0,,,,
C,11758,0.029695,0,0,0,,,,
C,11759,0.030766,0,0,0,,,,
C,11760,0.031288,0,0,0,,,,
C,11761,0.031981,0,0,0,,,,
C,11762,0.035014,0,0,0,,,,
C,11763,0.033595,0,0,0,,,,
C,11764,0.030652,0,0,0,,,,
C,11765,0.030220,0,0,0,,,,
C,11766,0.031012,0,0,0,,,,
C,11767,0.031639,0,0,0,,,,
C,11768,0.029678,0,0,0,,,,
C,11769,0.029381,0,0,0,,,,
C,11770,0.029461,0,0,0,,,,
C,11771,0.030426,0,0,0,,,,
C,11772,0.029609,0,0,0,,,,
C,11773,0.029747,0,0,0,,,,
C,11774,0.028946,0,0,0,,,,
C,11775,0.029997,0,0,0,,,,
C,11776,0.031862,0,0,0,,,,
C,11777,0.030250,0,0,0,,,,
C,11778,0.031557,0,0,0,,,,
C,11779,0.030128,0,0,0,,,,
C,11780,0.030714,0,0,0,,,,
C,11781,0.029095,0,0,0,,,,
C,11782,0.031239,0,0,0,,,,
C,11783,0.030302,0,0,0,,,,
C,11784,0.030641,0,0,0,,,,
C,11785,0.030738,0,0,0,,,,
C,11786,0.032430,0,0,0,,,,
C,11787,0.030078,0,0,0,,,,
C,11788,0.030021,0,0,0,,,,
C,11789,0.029940,0,0,0,,,,
C,11790,0.029784,0,0,0,,,,
C,11791,0.030187,0,0,0,,,,
C,11792,0.031477,0,0,0,,,,
C,11793,0.029831,0,0,0,,,,
C,11794,0.029908,0,0,0,,,,
C,11795,0.028684,0,0,0,,,,
C,11796,0.031178,0,0,0,,,,
C,11797,0.029979,0,0,0,,,,
C,11798,0.031862,0,0,0,,,,
C,11799,0.030197,0,0,0,,,,
C,11800,0.031066,0,0,0,,,,
C,11801,0.032465,0,0,0,,,,
C,11802,0.029913,0,0,0,,,,
C,11803,0.029033,0,0,0,,,,
C,11804,0.030656,0,0,0,,,,
C,11805,0.029658,0,0,0,,,,
C,11806,0.030159,0,0,0,,,,
C,11807,0.030590,0,0,0,,,,
C,11808,0.029062,0,0,0,,,,
C,11809,0.029925,0,0,0,,,,
C,11810,0.029233,0,0,0,,,,
C,11811,0.029358,0,0,0,,,,
C,11812,0.030936,0,0,0,,,,
C,11813,0.029385,0,0,0,,,,
C,11814,0.029975,0,0,0,,,,
C,11815,0.031515,0,0,0,,,,
C,11816,0.031065,0,0,0,,,,
C,11817,0.030842,0,0,0,,,,
C,11818,0.027888,0,0,0,,,,
C,11819,0.029386,0,0,0,,,,
C,11820,0.030831,0,0,0,,,,
C,11821,0.031418,0,0,0,,,,
C,11822,0.029928,0,0,0,,,,
C,11823,0.029213,0,0,0,,,,
C,11824,0.030078,0,0,0,,,,
C,11825,0.029306,0,0,0,,,,
C,11826,0.031711,0,0,0,,,,
C,11827,0.029534,0,0,0,,,,
C,11828,0.029590,0,0,0,,,,
C,11829,0.030161,0,0,0,,,,
C,11830,0.029713,0,0,0,,,,
C,11831,0.032269,0,0,0,,,,
C,11832,0.033948,0,0,0,,,,
C,11833,0.031960,0,0,0,,,,
C,11834,0.031099,0,0,0,,,,
C,11835,0.029589,0,0,0,,,,
C,11836,0.029686,0,0,0,,,,
C,11837,0.029023,0,0,0,,,,
C,11838,0.029233,0,0,0,,,,
C,11839,0.028995,0,0,0,,,,
C,11840,0.029344,0,0,0,,,,
C,11841,0.030183,0,0,0,,,,
C,11842,0.029284,0,0,0,,,,
C,11843,0.031174,0,0,0,,,,
C,11844,0.030635,0,0,0,,,,
C,11845,0.029140,0,0,0,,,,
C,11846,0.031764,0,0,0,,,,
C,11847,0.029549,0,0,0,,,,
C,11848,0.029933,0,0,0,,,,
C,11849,0.029742,0,0,0,,,,
C,11850,0.029735,0,0,0,,,,
C,11851,0.030636,0,0,0,,,,
C,11852,0.029289,0,0,0,,,,
C,11853,0.029691,0,0,0,,,,
C,11854,0.030232,0,0,0,,,,
C,11855,0.030288,0,0,0,,,,
C,11856,0.029967,0,0,0,,,,
C,11857,0.030242,0,0,0,,,,
C,11858,0.031207,0,0,0,,,,
C,11859,0.030097,0,0,0,,,,
C,11860,0.030272,0,0,0,,,,
C,11861,0.029859,0,0,0,,,,
C,11862,0.029811,0,0,0,,,,
C,11863,0.031821,0,0,0,,,,
C,11864,0.030976,0,0,0,,,,
C,11865,0.030971,0,0,0,,,,
C,11866,0.030084,0,0,0,,,,
C,11867,0.030781,0,0,0,,,,
C,11868,0.030468,0,0,0,,,,
C,11869,0.028949,0,0,0,,,,
C,11870,0.030968,0,0,0,,,,
C,11871,0.030437,0,0,0,,,,
C,11872,0.029699,0,0,0,,,,
C,11873,0.031071,0,0,0,,,,
C,11874,0.031277,0,0,0,,,,
C,11875,0.028723,0,0,0,,,,
C,11876,0.030828,0,0,0,,,,
C,11877,0.030629,0,0,0,,,,
C,11878,0.030314,0,0,0,,,,
C,11879,0.029557,0,0,0,,,,
C,11880,0.030047,0,0,0,,,,
C,11881,0.029558,0,0,0,,,,
C,11882,0.030229,0,0,0,,,,
C,11883,0.029795,0,0,0,,,,
C,11884,0.029830,0,0,0,,,,
C,11885,0.031180,0,0,0,,,,
C,11886,0.029018,0,0,0,,,,
C,11887,0.030937,0,0,0,,,,
C,11888,0.029282,0,0,0,,,,
C,11889,0.030721,0,0,0,,,,
C,11890,0.029993,0,0,0,,,,
C,11891,0.029239,0,0,0,,,,
C,11892,0.030672,0,0,0,,,,
C,11893,0.029048,0,0,0,,,,
C,11894,0.031197,0,0,0,,,,
C,11895,0.029624,0,0,0,,,,
C,11896,0.029831,0,0,0,,,,
C,11897,0.030469,0,0,0,,,,
C,11898,0.029603,0,0,0,,,,
C,11899,0.029526,0,0,0,,,,
C,11900,0.030182,0,0,0,,,,
C,11901,0.031098,0,0,0,,,,
C,11902,0.030660,0,0,0,,,,
C,11903,0.030655,0,0,0,,,,
C,11904,0.030593,0,0,0,,,,
C,11905,0.030067,0,0,0,,,,
C,11906,0.031292,0,0,0,,,,
C,11907,0.030893,0,0,0,,,,
C,11908,0.028746,0,0,0,,,,
C,11909,0.031440,0,0,0,,,,
C,11910,0.030408,0,0,0,,,,
C,11911,0.029301,0,0,0,,,,
C,11912,0.030021,0,0,0,,,,
C,11913,0.028828,0,0,0,,,,
C,11914,0.029862,0,0,0,,,,
C,11915,0.030406,0,0,0,,,,
C,11916,0.030088,0,0,0,,,,
C,11917,0.030190,0,0,0,,,,
C,11918,0.030557,0,0,0,,,,
C,11919,0.031048,0,0,0,,,,
C,11920,0.030831,0,0,0,,,,
C,11921,0.030819,0,0,0,,,,
C,11922,0.029772,0,0,0,,,,
C,11923,0.029419,0,0,0,,,,
C,11924,0.030982,0,0,0,,,,
C,11925,0.032373,0,0,0,,,,
C,11926,0.030088,0,0,0,,,,
C,11927,0.028375,0,0,0,,,,
C,11928,0.029788,0,0,0,,,,
C,11929,0.031583,0,0,0,,,,
C,11930,0.028508,0,0,0,,,,
C,11931,0.030660,0,0,0,,,,
C,11932,0.030235,0,0,0,,,,
C,11933,0.030456,0,0,0,,,,
C,11934,0.030967,0,0,0,,,,
C,11935,0.028894,0,0,0,,,,
C,11936,0.029903,0,0,0,,,,
C,11937,0.028940,0,0,0,,,,
C,11938,0.032541,0,0,0,,,,
C,11939,0.031597,0,0,0,,,,
C,11940,0.032464,0,0,0,,,,
C,11941,0.033221,0,0,0,,,,
C,11942,0.033098,0,0,0,,,,
C,11943,0.036937,0,0,0,,,,
C,11944,0.033185,0,0,0,,,,
C,11945,0.036603,0,0,0,,,,
C,11946,0.038611,0,0,0,,,,
C,11947,0.028890,0,0,0,,,,
C,11948,0.033115,0,0,0,,,,
C,11949,0.032449,0,0,0,,,,
C,11950,0.031334,0,0,0,,,,
C,11951,0.030719,0,0,0,,,,
C,11952,0.032586,0,0,0,,,,
C,11953,0.031160,0,0,0,,,,
C,11954,0.027701,0,0,0,,,,
C,11955,0.029828,0,0,0,,,,
C,11956,0.029242,0,0,0,,,,
C,11957,0.030827,0,0,0,,,,
C,11958,0.029888,0,0,0,,,,
C,11959,0.031484,0,0,0,,,,
C,11960,0.032049,0,0,0,,,,
C,11961,0.034103,0,0,0,,,,
C,11962,0.033217,0,0,0,,,,
C,11963,0.031771,0,0,0,,,,
C,11964,0.031623,0,0,0,,,,
C,11965,0.028933,0,0,0,,,,
C,11966,0.032340,0,0,0,,,,
C,11967,0.029673,0,0,0,,,,
C,11968,0.030144,0,0,0,,,,
C,11969,0.029302,0,0,0,,,,
C,11970,0.029736,0,0,0,,,,
C,11971,0.031090,0,0,0,,,,
C,11972,0.031588,0,0,0,,,,
C,11973,0.029469,0,0,0,,,,
C,11974,0.030088,0,0,0,,,,
C,11975,0.031881,0,0,0,,,,
C,11976,0.032113,0,0,0,,,,
C,11977,0.031377,0,0,0,,,,
C,11978,0.032050,0,0,0,,,,
C,11979,0.029796,0,0,0,,,,
C,11980,0.029354,0,0,0,,,,
C,11981,0.029551,0,0,0,,,,
C,11982,0.029346,0,0,0,,,,
C,11983,0.031046,0,0,0,,,,
C,11984,0.030769,0,0,0,,,,
C,11985,0.029137,0,0,0,,,,
C,11986,0.030632,0,0,0,,,,
C,11987,0.030129,0,0,0,,,,
C,11988,0.031150,0,0,0,,,,
C,11989,0.028631,0,0,0,,,,
C,11990,0.030627,0,0,0,,,,
C,11991,0.032764,0,0,0,,,,
C,11992,0.029995,0,0,0,,,,
C,11993,0.031435,0,0,0,,,,
C,11994,0.028324,0,0,0,,,,
C,11995,0.029238,0,0,0,,,,
C,11996,0.029627,0,0,0,,,,
C,11997,0.029300,0,0,0,,,,
C,11998,0.029437,0,0,0,,,,
C,11999,0.029724,0,0,0,,,,
C,12000,0.027379,0,0,0,217.5,7.299e-11,"{'checked': 26, 'zsx_rejected': 6, 'default_rejected': 0, 'closed_form_forced': 0, 'inexact': 9, 'exact_rebuilt': 0, 'best_effort': 0, 'best_effort_worst': 0.0, 'psf_rerouted': 0, 'psf_rerouted_worst_residual': 0.0}",559
C,12001,0.029754,0,0,0,,,,
C,12002,0.029802,0,0,0,,,,
C,12003,0.029459,0,0,0,,,,
C,12004,0.029518,0,0,0,,,,
C,12005,0.029988,0,0,0,,,,
C,12006,0.031334,0,0,0,,,,
C,12007,0.028308,0,0,0,,,,
C,12008,0.031259,0,0,0,,,,
C,12009,0.030316,0,0,0,,,,
C,12010,0.030546,0,0,0,,,,
C,12011,0.029444,0,0,0,,,,
C,12012,0.029867,0,0,0,,,,
C,12013,0.030048,0,0,0,,,,
C,12014,0.028561,0,0,0,,,,
C,12015,0.031110,0,0,0,,,,
C,12016,0.028709,0,0,0,,,,
C,12017,0.031837,0,0,0,,,,
C,12018,0.029683,0,0,0,,,,
C,12019,0.030594,0,0,0,,,,
C,12020,0.029513,0,0,0,,,,
C,12021,0.032634,0,0,0,,,,
C,12022,0.032210,0,0,0,,,,
C,12023,0.029403,0,0,0,,,,
C,12024,0.029372,0,0,0,,,,
C,12025,0.029715,0,0,0,,,,
C,12026,0.030298,0,0,0,,,,
C,12027,0.030328,0,0,0,,,,
C,12028,0.030753,0,0,0,,,,
C,12029,0.028471,0,0,0,,,,
C,12030,0.029117,0,0,0,,,,
C,12031,0.030209,0,0,0,,,,
C,12032,0.030900,0,0,0,,,,
C,12033,0.030049,0,0,0,,,,
C,12034,0.028742,0,0,0,,,,
C,12035,0.032174,0,0,0,,,,
C,12036,0.028891,0,0,0,,,,
C,12037,0.029346,0,0,0,,,,
C,12038,0.030490,0,0,0,,,,
C,12039,0.031092,0,0,0,,,,
C,12040,0.028946,0,0,0,,,,
C,12041,0.028483,0,0,0,,,,
C,12042,0.028553,0,0,0,,,,
C,12043,0.029668,0,0,0,,,,
C,12044,0.029696,0,0,0,,,,
C,12045,0.030794,0,0,0,,,,
C,12046,0.030108,0,0,0,,,,
C,12047,0.029305,0,0,0,,,,
C,12048,0.029119,0,0,0,,,,
C,12049,0.029537,0,0,0,,,,
C,12050,0.030637,0,0,0,,,,
C,12051,0.029294,0,0,0,,,,
C,12052,0.030625,0,0,0,,,,
C,12053,0.030949,0,0,0,,,,
C,12054,0.030325,0,0,0,,,,
C,12055,0.030159,0,0,0,,,,
C,12056,0.031736,0,0,0,,,,
C,12057,0.030143,0,0,0,,,,
C,12058,0.029426,0,0,0,,,,
C,12059,0.031917,0,0,0,,,,
C,12060,0.029814,0,0,0,,,,
C,12061,0.032914,0,0,0,,,,
C,12062,0.030991,0,0,0,,,,
C,12063,0.030145,0,0,0,,,,
C,12064,0.031499,0,0,0,,,,
C,12065,0.028919,0,0,0,,,,
C,12066,0.029250,0,0,0,,,,
C,12067,0.029676,0,0,0,,,,
C,12068,0.031005,0,0,0,,,,
C,12069,0.029369,0,0,0,,,,
C,12070,0.028918,0,0,0,,,,
C,12071,0.029468,0,0,0,,,,
C,12072,0.029759,0,0,0,,,,
C,12073,0.029055,0,0,0,,,,
C,12074,0.029493,0,0,0,,,,
C,12075,0.031251,0,0,0,,,,
C,12076,0.030155,0,0,0,,,,
C,12077,0.029567,0,0,0,,,,
C,12078,0.029293,0,0,0,,,,
C,12079,0.029930,0,0,0,,,,
C,12080,0.027969,0,0,0,,,,
C,12081,0.031484,0,0,0,,,,
C,12082,0.029155,0,0,0,,,,
C,12083,0.030898,0,0,0,,,,
C,12084,0.029187,0,0,0,,,,
C,12085,0.029343,0,0,0,,,,
C,12086,0.028349,0,0,0,,,,
C,12087,0.029850,0,0,0,,,,
C,12088,0.029771,0,0,0,,,,
C,12089,0.028799,0,0,0,,,,
C,12090,0.030672,0,0,0,,,,
C,12091,0.031445,0,0,0,,,,
C,12092,0.029884,0,0,0,,,,
C,12093,0.030042,0,0,0,,,,
C,12094,0.028102,0,0,0,,,,
C,12095,0.030199,0,0,0,,,,
C,12096,0.029570,0,0,0,,,,
C,12097,0.029376,0,0,0,,,,
C,12098,0.029268,0,0,0,,,,
C,12099,0.028722,0,0,0,,,,
C,12100,0.029633,0,0,0,,,,
C,12101,0.031012,0,0,0,,,,
C,12102,0.031138,0,0,0,,,,
C,12103,0.029778,0,0,0,,,,
C,12104,0.030719,0,0,0,,,,
C,12105,0.030594,0,0,0,,,,
C,12106,0.031343,0,0,0,,,,
C,12107,0.031671,0,0,0,,,,
C,12108,0.030316,0,0,0,,,,
C,12109,0.028783,0,0,0,,,,
C,12110,0.028705,0,0,0,,,,
C,12111,0.030744,0,0,0,,,,
C,12112,0.029767,0,0,0,,,,
C,12113,0.029473,0,0,0,,,,
C,12114,0.030255,0,0,0,,,,
C,12115,0.029492,0,0,0,,,,
C,12116,0.029396,0,0,0,,,,
C,12117,0.029672,0,0,0,,,,
C,12118,0.030343,0,0,0,,,,
C,12119,0.029175,0,0,0,,,,
C,12120,0.030459,0,0,0,,,,
C,12121,0.028958,0,0,0,,,,
C,12122,0.030720,0,0,0,,,,
C,12123,0.031131,0,0,0,,,,
C,12124,0.031711,0,0,0,,,,
C,12125,0.029111,0,0,0,,,,
C,12126,0.030108,0,0,0,,,,
C,12127,0.029196,0,0,0,,,,
C,12128,0.030399,0,0,0,,,,
C,12129,0.029366,0,0,0,,,,
C,12130,0.030469,0,0,0,,,,
C,12131,0.029917,0,0,0,,,,
C,12132,0.029392,0,0,0,,,,
C,12133,0.030882,0,0,0,,,,
C,12134,0.030522,0,0,0,,,,
C,12135,0.030134,0,0,0,,,,
C,12136,0.029729,0,0,0,,,,
C,12137,0.029372,0,0,0,,,,
C,12138,0.029576,0,0,0,,,,
C,12139,0.031303,0,0,0,,,,
C,12140,0.029738,0,0,0,,,,
C,12141,0.029654,0,0,0,,,,
C,12142,0.028975,0,0,0,,,,
C,12143,0.030626,0,0,0,,,,
C,12144,0.030016,0,0,0,,,,
C,12145,0.032641,0,0,0,,,,
C,12146,0.030058,0,0,0,,,,
C,12147,0.029213,0,0,0,,,,
C,12148,0.030766,0,0,0,,,,
C,12149,0.032544,0,0,0,,,,
C,12150,0.031435,0,0,0,,,,
C,12151,0.029823,0,0,0,,,,
C,12152,0.030635,0,0,0,,,,
C,12153,0.029485,0,0,0,,,,
C,12154,0.031520,0,0,0,,,,
C,12155,0.030036,0,0,0,,,,
C,12156,0.028747,0,0,0,,,,
C,12157,0.029348,0,0,0,,,,
C,12158,0.032737,0,0,0,,,,
C,12159,0.028921,0,0,0,,,,
C,12160,0.028016,0,0,0,,,,
C,12161,0.029048,0,0,0,,,,
C,12162,0.028814,0,0,0,,,,
C,12163,0.028801,0,0,0,,,,
C,12164,0.029911,0,0,0,,,,
C,12165,0.029388,0,0,0,,,,
C,12166,0.030273,0,0,0,,,,
C,12167,0.031170,0,0,0,,,,
C,12168,0.029985,0,0,0,,,,
C,12169,0.030139,0,0,0,,,,
C,12170,0.029417,0,0,0,,,,
C,12171,0.029832,0,0,0,,,,
C,12172,0.028411,0,0,0,,,,
C,12173,0.030021,0,0,0,,,,
C,12174,0.028949,0,0,0,,,,
C,12175,0.029757,0,0,0,,,,
C,12176,0.029347,0,0,0,,,,
C,12177,0.028726,0,0,0,,,,
C,12178,0.030285,0,0,0,,,,
C,12179,0.030907,0,0,0,,,,
C,12180,0.034578,0,0,0,,,,
C,12181,0.031979,0,0,0,,,,
C,12182,0.031560,0,0,0,,,,
C,12183,0.032234,0,0,0,,,,
C,12184,0.030595,0,0,0,,,,
C,12185,0.030077,0,0,0,,,,
C,12186,0.028957,0,0,0,,,,
C,12187,0.030521,0,0,0,,,,
C,12188,0.035609,0,0,0,,,,
C,12189,0.041993,0,0,0,,,,
C,12190,0.037142,0,0,0,,,,
C,12191,0.032059,0,0,0,,,,
C,12192,0.037311,0,0,0,,,,
C,12193,0.031831,0,0,0,,,,
C,12194,0.031588,0,0,0,,,,
C,12195,0.031059,0,0,0,,,,
C,12196,0.031898,0,0,0,,,,
C,12197,0.030879,0,0,0,,,,
C,12198,0.030603,0,0,0,,,,
C,12199,0.032620,0,0,0,,,,
C,12200,0.030830,0,0,0,,,,
C,12201,0.029581,0,0,0,,,,
C,12202,0.030575,0,0,0,,,,
C,12203,0.030750,0,0,0,,,,
C,12204,0.030249,0,0,0,,,,
C,12205,0.030405,0,0,0,,,,
C,12206,0.030567,0,0,0,,,,
C,12207,0.030286,0,0,0,,,,
C,12208,0.028437,0,0,0,,,,
C,12209,0.029659,0,0,0,,,,
C,12210,0.030283,0,0,0,,,,
C,12211,0.030456,0,0,0,,,,
C,12212,0.031419,0,0,0,,,,
C,12213,0.030139,0,0,0,,,,
C,12214,0.029792,0,0,0,,,,
C,12215,0.033188,0,0,0,,,,
C,12216,0.029465,0,0,0,,,,
C,12217,0.029905,0,0,0,,,,
C,12218,0.030695,0,0,0,,,,
C,12219,0.028988,0,0,0,,,,
C,12220,0.029197,0,0,0,,,,
C,12221,0.030433,0,0,0,,,,
C,12222,0.032386,0,0,0,,,,
C,12223,0.030121,0,0,0,,,,
C,12224,0.029416,0,0,0,,,,
C,12225,0.028743,0,0,0,,,,
C,12226,0.031062,0,0,0,,,,
C,12227,0.028754,0,0,0,,,,
C,12228,0.030573,0,0,0,,,,
C,12229,0.028929,0,0,0,,,,
C,12230,0.030270,0,0,0,,,,
C,12231,0.029326,0,0,0,,,,
C,12232,0.031362,0,0,0,,,,
C,12233,0.029486,0,0,0,,,,
C,12234,0.028866,0,0,0,,,,
C,12235,0.028048,0,0,0,,,,
C,12236,0.030655,0,0,0,,,,
C,12237,0.033463,0,0,0,,,,
C,12238,0.030323,0,0,0,,,,
C,12239,0.028579,0,0,0,,,,
C,12240,0.030514,0,0,0,,,,
C,12241,0.030079,0,0,0,,,,
C,12242,0.028583,0,0,0,,,,
C,12243,0.029591,0,0,0,,,,
C,12244,0.029422,0,0,0,,,,
C,12245,0.030972,0,0,0,,,,
C,12246,0.029767,0,0,0,,,,
C,12247,0.030230,0,0,0,,,,
C,12248,0.030049,0,0,0,,,,
C,12249,0.029612,0,0,0,,,,
C,12250,0.029462,0,0,0,,,,
C,12251,0.029781,0,0,0,,,,
C,12252,0.030628,0,0,0,,,,
C,12253,0.030310,0,0,0,,,,
C,12254,0.032365,0,0,0,,,,
C,12255,0.029656,0,0,0,,,,
C,12256,0.029704,0,0,0,,,,
C,12257,0.030228,0,0,0,,,,
C,12258,0.030103,0,0,0,,,,
C,12259,0.030723,0,0,0,,,,
C,12260,0.029707,0,0,0,,,,
C,12261,0.028610,0,0,0,,,,
C,12262,0.029802,0,0,0,,,,
C,12263,0.029900,0,0,0,,,,
C,12264,0.029277,0,0,0,,,,
C,12265,0.030972,0,0,0,,,,
C,12266,0.030303,0,0,0,,,,
C,12267,0.029597,0,0,0,,,,
C,12268,0.029067,0,0,0,,,,
C,12269,0.030833,0,0,0,,,,
C,12270,0.031176,0,0,0,,,,
C,12271,0.028915,0,0,0,,,,
C,12272,0.029232,0,0,0,,,,
C,12273,0.029606,0,0,0,,,,
C,12274,0.029376,0,0,0,,,,
C,12275,0.029576,0,0,0,,,,
C,12276,0.030561,0,0,0,,,,
C,12277,0.030082,0,0,0,,,,
C,12278,0.030772,0,0,0,,,,
C,12279,0.029628,0,0,0,,,,
C,12280,0.029570,0,0,0,,,,
C,12281,0.028827,0,0,0,,,,
C,12282,0.031414,0,0,0,,,,
C,12283,0.028876,0,0,0,,,,
C,12284,0.030546,0,0,0,,,,
C,12285,0.031104,0,0,0,,,,
C,12286,0.029333,0,0,0,,,,
C,12287,0.029889,0,0,0,,,,
C,12288,0.030901,0,0,0,,,,
C,12289,0.029143,0,0,0,,,,
C,12290,0.030498,0,0,0,,,,
C,12291,0.029478,0,0,0,,,,
C,12292,0.029618,0,0,0,,,,
C,12293,0.029325,0,0,0,,,,
C,12294,0.030268,0,0,0,,,,
C,12295,0.030309,0,0,0,,,,
C,12296,0.029486,0,0,0,,,,
C,12297,0.031754,0,0,0,,,,
C,12298,0.030181,0,0,0,,,,
C,12299,0.032114,0,0,0,,,,
C,12300,0.031616,0,0,0,,,,
C,12301,0.029247,0,0,0,,,,
C,12302,0.029616,0,0,0,,,,
C,12303,0.029766,0,0,0,,,,
C,12304,0.028847,0,0,0,,,,
C,12305,0.029109,0,0,0,,,,
C,12306,0.029301,0,0,0,,,,
C,12307,0.030128,0,0,0,,,,
C,12308,0.030895,0,0,0,,,,
C,12309,0.031405,0,0,0,,,,
C,12310,0.028747,0,0,0,,,,
C,12311,0.030500,0,0,0,,,,
C,12312,0.029761,0,0,0,,,,
C,12313,0.028985,0,0,0,,,,
C,12314,0.031140,0,0,0,,,,
C,12315,0.030902,0,0,0,,,,
C,12316,0.028147,0,0,0,,,,
C,12317,0.029877,0,0,0,,,,
C,12318,0.029936,0,0,0,,,,
C,12319,0.031967,0,0,0,,,,
C,12320,0.035069,0,0,0,,,,
C,12321,0.029828,0,0,0,,,,
C,12322,0.030404,0,0,0,,,,
C,12323,0.030562,0,0,0,,,,
C,12324,0.033603,0,0,0,,,,
C,12325,0.032601,0,0,0,,,,
C,12326,0.031483,0,0,0,,,,
C,12327,0.030727,0,0,0,,,,
C,12328,0.032867,0,0,0,,,,
C,12329,0.032829,0,0,0,,,,
C,12330,0.033260,0,0,0,,,,
C,12331,0.041613,0,0,0,,,,
C,12332,0.037072,0,0,0,,,,
C,12333,0.034662,0,0,0,,,,
C,12334,0.031425,0,0,0,,,,
C,12335,0.031001,0,0,0,,,,
C,12336,0.028791,0,0,0,,,,
C,12337,0.030439,0,0,0,,,,
C,12338,0.029405,0,0,0,,,,
C,12339,0.030896,0,0,0,,,,
C,12340,0.030343,0,0,0,,,,
C,12341,0.031858,0,0,0,,,,
C,12342,0.030571,0,0,0,,,,
C,12343,0.031157,0,0,0,,,,
C,12344,0.033353,0,0,0,,,,
C,12345,0.032386,0,0,0,,,,
C,12346,0.031097,0,0,0,,,,
C,12347,0.032267,0,0,0,,,,
C,12348,0.047015,0,0,0,,,,
C,12349,0.028525,0,0,0,,,,
C,12350,0.028933,0,0,0,,,,
C,12351,0.031112,0,0,0,,,,
C,12352,0.029335,0,0,0,,,,
C,12353,0.029692,0,0,0,,,,
C,12354,0.029018,0,0,0,,,,
C,12355,0.030504,0,0,0,,,,
C,12356,0.029596,0,0,0,,,,
C,12357,0.029216,0,0,0,,,,
C,12358,0.029018,0,0,0,,,,
C,12359,0.029574,0,0,0,,,,
C,12360,0.030494,0,0,0,,,,
C,12361,0.032195,0,0,0,,,,
C,12362,0.030126,0,0,0,,,,
C,12363,0.030688,0,0,0,,,,
C,12364,0.029577,0,0,0,,,,
C,12365,0.030915,0,0,0,,,,
C,12366,0.028859,0,0,0,,,,
C,12367,0.030005,0,0,0,,,,
C,12368,0.029468,0,0,0,,,,
C,12369,0.028779,0,0,0,,,,
C,12370,0.029456,0,0,0,,,,
C,12371,0.031287,0,0,0,,,,
C,12372,0.031773,0,0,0,,,,
C,12373,0.029404,0,0,0,,,,
C,12374,0.030493,0,0,0,,,,
C,12375,0.030924,0,0,0,,,,
C,12376,0.030359,0,0,0,,,,
C,12377,0.030464,0,0,0,,,,
C,12378,0.028396,0,0,0,,,,
C,12379,0.032471,0,0,0,,,,
C,12380,0.030574,0,0,0,,,,
C,12381,0.030760,0,0,0,,,,
C,12382,0.029240,0,0,0,,,,
C,12383,0.030053,0,0,0,,,,
C,12384,0.032095,0,0,0,,,,
C,12385,0.029944,0,0,0,,,,
C,12386,0.030412,0,0,0,,,,
C,12387,0.030270,0,0,0,,,,
C,12388,0.030831,0,0,0,,,,
C,12389,0.029262,0,0,0,,,,
C,12390,0.029909,0,0,0,,,,
C,12391,0.029268,0,0,0,,,,
C,12392,0.030472,0,0,0,,,,
C,12393,0.029510,0,0,0,,,,
C,12394,0.030451,0,0,0,,,,
C,12395,0.030751,0,0,0,,,,
C,12396,0.030291,0,0,0,,,,
C,12397,0.030395,0,0,0,,,,
C,12398,0.030094,0,0,0,,,,
C,12399,0.028748,0,0,0,,,,
C,12400,0.031104,0,0,0,,,,
C,12401,0.028849,0,0,0,,,,
C,12402,0.031104,0,0,0,,,,
C,12403,0.029275,0,0,0,,,,
C,12404,0.031893,0,0,0,,,,
C,12405,0.031084,0,0,0,,,,
C,12406,0.030981,0,0,0,,,,
C,12407,0.029727,0,0,0,,,,
C,12408,0.030793,0,0,0,,,,
C,12409,0.029145,0,0,0,,,,
C,12410,0.029340,0,0,0,,,,
C,12411,0.029291,0,0,0,,,,
C,12412,0.032192,0,0,0,,,,
C,12413,0.030953,0,0,0,,,,
C,12414,0.028043,0,0,0,,,,
C,12415,0.029511,0,0,0,,,,
C,12416,0.031741,0,0,0,,,,
C,12417,0.030534,0,0,0,,,,
C,12418,0.030164,0,0,0,,,,
C,12419,0.029111,0,0,0,,,,
C,12420,0.029967,0,0,0,,,,
C,12421,0.029502,0,0,0,,,,
C,12422,0.029520,0,0,0,,,,
C,12423,0.030190,0,0,0,,,,
C,12424,0.028728,0,0,0,,,,
C,12425,0.029473,0,0,0,,,,
C,12426,0.030937,0,0,0,,,,
C,12427,0.030711,0,0,0,,,,
C,12428,0.030309,0,0,0,,,,
C,12429,0.029694,0,0,0,,,,
C,12430,0.029189,0,0,0,,,,
C,12431,0.029541,0,0,0,,,,
C,12432,0.030419,0,0,0,,,,
C,12433,0.029902,0,0,0,,,,
C,12434,0.028980,0,0,0,,,,
C,12435,0.030424,0,0,0,,,,
C,12436,0.028880,0,0,0,,,,
C,12437,0.029093,0,0,0,,,,
C,12438,0.028847,0,0,0,,,,
C,12439,0.029682,0,0,0,,,,
C,12440,0.029605,0,0,0,,,,
C,12441,0.029887,0,0,0,,,,
C,12442,0.029924,0,0,0,,,,
C,12443,0.028883,0,0,0,,,,
C,12444,0.030976,0,0,0,,,,
C,12445,0.030501,0,0,0,,,,
C,12446,0.031243,0,0,0,,,,
C,12447,0.029656,0,0,0,,,,
C,12448,0.030432,0,0,0,,,,
C,12449,0.029822,0,0,0,,,,
C,12450,0.030771,0,0,0,,,,
C,12451,0.028778,0,0,0,,,,
C,12452,0.030593,0,0,0,,,,
C,12453,0.029032,0,0,0,,,,
C,12454,0.029826,0,0,0,,,,
C,12455,0.028320,0,0,0,,,,
C,12456,0.029691,0,0,0,,,,
C,12457,0.030493,0,0,0,,,,
C,12458,0.030393,0,0,0,,,,
C,12459,0.029558,0,0,0,,,,
C,12460,0.029518,0,0,0,,,,
C,12461,0.029846,0,0,0,,,,
C,12462,0.030289,0,0,0,,,,
C,12463,0.031756,0,0,0,,,,
C,12464,0.030434,0,0,0,,,,
C,12465,0.030385,0,0,0,,,,
C,12466,0.029120,0,0,0,,,,
C,12467,0.029808,0,0,0,,,,
C,12468,0.029363,0,0,0,,,,
C,12469,0.029536,0,0,0,,,,
C,12470,0.030396,0,0,0,,,,
C,12471,0.029758,0,0,0,,,,
C,12472,0.029882,0,0,0,,,,
C,12473,0.031182,0,0,0,,,,
C,12474,0.030097,0,0,0,,,,
C,12475,0.028986,0,0,0,,,,
C,12476,0.033297,0,0,0,,,,
C,12477,0.030735,0,0,0,,,,
C,12478,0.029132,0,0,0,,,,
C,12479,0.029537,0,0,0,,,,
C,12480,0.028702,0,0,0,,,,
C,12481,0.029753,0,0,0,,,,
C,12482,0.028457,0,0,0,,,,
C,12483,0.032082,0,0,0,,,,
C,12484,0.033314,0,0,0,,,,
C,12485,0.031081,0,0,0,,,,
C,12486,0.030432,0,0,0,,,,
C,12487,0.031225,0,0,0,,,,
C,12488,0.029623,0,0,0,,,,
C,12489,0.029878,0,0,0,,,,
C,12490,0.028826,0,0,0,,,,
C,12491,0.030776,0,0,0,,,,
C,12492,0.028985,0,0,0,,,,
C,12493,0.031103,0,0,0,,,,
C,12494,0.031738,0,0,0,,,,
C,12495,0.030176,0,0,0,,,,
C,12496,0.028202,0,0,0,,,,
C,12497,0.029186,0,0,0,,,,
C,12498,0.030261,0,0,0,,,,
C,12499,0.031044,0,0,0,,,,
C,12500,0.029549,0,0,0,,,,
C,12501,0.031856,0,0,0,,,,
C,12502,0.031490,0,0,0,,,,
C,12503,0.029901,0,0,0,,,,
C,12504,0.030063,0,0,0,,,,
C,12505,0.031499,0,0,0,,,,
C,12506,0.030968,0,0,0,,,,
C,12507,0.031124,0,0,0,,,,
C,12508,0.029305,0,0,0,,,,
C,12509,0.029652,0,0,0,,,,
C,12510,0.029711,0,0,0,,,,
C,12511,0.029293,0,0,0,,,,
C,12512,0.030340,0,0,0,,,,
C,12513,0.028610,0,0,0,,,,
C,12514,0.029342,0,0,0,,,,
C,12515,0.031044,0,0,0,,,,
C,12516,0.028360,0,0,0,,,,
C,12517,0.030064,0,0,0,,,,
C,12518,0.029478,0,0,0,,,,
C,12519,0.029534,0,0,0,,,,
C,12520,0.032773,0,0,0,,,,
C,12521,0.029671,0,0,0,,,,
C,12522,0.033290,0,0,0,,,,
C,12523,0.031636,0,0,0,,,,
C,12524,0.032834,0,0,0,,,,
C,12525,0.033930,0,0,0,,,,
C,12526,0.042473,0,0,0,,,,
C,12527,0.031215,0,0,0,,,,
C,12528,0.033317,0,0,0,,,,
C,12529,0.037645,0,0,0,,,,
C,12530,0.036912,0,0,0,,,,
C,12531,0.031334,0,0,0,,,,
C,12532,0.035094,0,0,0,,,,
C,12533,0.032609,0,0,0,,,,
C,12534,0.033523,0,0,0,,,,
C,12535,0.032034,0,0,0,,,,
C,12536,0.031587,0,0,0,,,,
C,12537,0.029170,0,0,0,,,,
C,12538,0.031215,0,0,0,,,,
C,12539,0.029057,0,0,0,,,,
C,12540,0.031640,0,0,0,,,,
C,12541,0.031501,0,0,0,,,,
C,12542,0.030212,0,0,0,,,,
C,12543,0.031443,0,0,0,,,,
C,12544,0.033815,0,0,0,,,,
C,12545,0.029839,0,0,0,,,,
C,12546,0.030383,0,0,0,,,,
C,12547,0.030722,0,0,0,,,,
C,12548,0.028509,0,0,0,,,,
C,12549,0.029732,0,0,0,,,,
C,12550,0.030777,0,0,0,,,,
C,12551,0.032896,0,0,0,,,,
C,12552,0.032755,0,0,0,,,,
C,12553,0.029325,0,0,0,,,,
C,12554,0.030853,0,0,0,,,,
C,12555,0.031836,0,0,0,,,,
C,12556,0.029411,0,0,0,,,,
C,12557,0.031518,0,0,0,,,,
C,12558,0.031406,0,0,0,,,,
C,12559,0.029484,0,0,0,,,,
C,12560,0.030738,0,0,0,,,,
C,12561,0.029566,0,0,0,,,,
C,12562,0.029904,0,0,0,,,,
C,12563,0.030786,0,0,0,,,,
C,12564,0.029690,0,0,0,,,,
C,12565,0.030200,0,0,0,,,,
C,12566,0.029862,0,0,0,,,,
C,12567,0.029405,0,0,0,,,,
C,12568,0.028289,0,0,0,,,,
C,12569,0.031228,0,0,0,,,,
C,12570,0.030077,0,0,0,,,,
C,12571,0.031454,0,0,0,,,,
C,12572,0.030256,0,0,0,,,,
C,12573,0.029268,0,0,0,,,,
C,12574,0.030074,0,0,0,,,,
C,12575,0.028782,0,0,0,,,,
C,12576,0.027721,0,0,0,,,,
C,12577,0.028424,0,0,0,,,,
C,12578,0.029321,0,0,0,,,,
C,12579,0.030673,0,0,0,,,,
C,12580,0.032058,0,0,0,,,,
C,12581,0.028196,0,0,0,,,,
C,12582,0.030024,0,0,0,,,,
C,12583,0.031794,0,0,0,,,,
C,12584,0.031743,0,0,0,,,,
C,12585,0.029829,0,0,0,,,,
C,12586,0.029096,0,0,0,,,,
C,12587,0.030657,0,0,0,,,,
C,12588,0.030779,0,0,0,,,,
C,12589,0.029683,0,0,0,,,,
C,12590,0.028678,0,0,0,,,,
C,12591,0.028985,0,0,0,,,,
C,12592,0.028743,0,0,0,,,,
C,12593,0.029402,0,0,0,,,,
C,12594,0.029007,0,0,0,,,,
C,12595,0.029312,0,0,0,,,,
C,12596,0.029008,0,0,0,,,,
C,12597,0.030794,0,0,0,,,,
C,12598,0.028736,0,0,0,,,,
C,12599,0.027954,0,0,0,,,,
C,12600,0.029656,0,0,0,,,,
C,12601,0.030366,0,0,0,,,,
C,12602,0.030846,0,0,0,,,,
C,12603,0.029482,0,0,0,,,,
C,12604,0.029141,0,0,0,,,,
C,12605,0.029066,0,0,0,,,,
C,12606,0.028342,0,0,0,,,,
C,12607,0.029923,0,0,0,,,,
C,12608,0.028691,0,0,0,,,,
C,12609,0.029080,0,0,0,,,,
C,12610,0.030346,0,0,0,,,,
C,12611,0.030309,0,0,0,,,,
C,12612,0.028838,0,0,0,,,,
C,12613,0.029635,0,0,0,,,,
C,12614,0.030583,0,0,0,,,,
C,12615,0.030919,0,0,0,,,,
C,12616,0.030830,0,0,0,,,,
C,12617,0.028571,0,0,0,,,,
C,12618,0.028585,0,0,0,,,,
C,12619,0.030863,0,0,0,,,,
C,12620,0.030151,0,0,0,,,,
C,12621,0.031126,0,0,0,,,,
C,12622,0.030579,0,0,0,,,,
C,12623,0.031465,0,0,0,,,,
C,12624,0.029954,0,0,0,,,,
C,12625,0.031701,0,0,0,,,,
C,12626,0.033202,0,0,0,,,,
C,12627,0.032803,0,0,0,,,,
C,12628,0.034800,0,0,0,,,,
C,12629,0.032265,0,0,0,,,,
C,12630,0.032152,0,0,0,,,,
C,12631,0.031635,0,0,0,,,,
C,12632,0.029657,0,0,0,,,,
C,12633,0.030608,0,0,0,,,,
C,12634,0.031958,0,0,0,,,,
C,12635,0.031505,0,0,0,,,,
C,12636,0.030746,0,0,0,,,,
C,12637,0.031966,0,0,0,,,,
C,12638,0.030437,0,0,0,,,,
C,12639,0.029508,0,0,0,,,,
C,12640,0.031297,0,0,0,,,,
C,12641,0.029261,0,0,0,,,,
C,12642,0.030283,0,0,0,,,,
C,12643,0.031436,0,0,0,,,,
C,12644,0.030475,0,0,0,,,,
C,12645,0.032652,0,0,0,,,,
C,12646,0.035004,0,0,0,,,,
C,12647,0.033622,0,0,0,,,,
C,12648,0.033238,0,0,0,,,,
C,12649,0.032683,0,0,0,,,,
C,12650,0.031677,0,0,0,,,,
C,12651,0.031059,0,0,0,,,,
C,12652,0.028911,0,0,0,,,,
C,12653,0.029945,0,0,0,,,,
C,12654,0.031208,0,0,0,,,,
C,12655,0.030903,0,0,0,,,,
C,12656,0.032654,0,0,0,,,,
C,12657,0.032046,0,0,0,,,,
C,12658,0.030609,0,0,0,,,,
C,12659,0.030906,0,0,0,,,,
C,12660,0.030058,0,0,0,,,,
C,12661,0.029963,0,0,0,,,,
C,12662,0.030078,0,0,0,,,,
C,12663,0.028589,0,0,0,,,,
C,12664,0.030299,0,0,0,,,,
C,12665,0.029409,0,0,0,,,,
C,12666,0.032458,0,0,0,,,,
C,12667,0.029989,0,0,0,,,,
C,12668,0.029537,0,0,0,,,,
C,12669,0.027920,0,0,0,,,,
C,12670,0.029384,0,0,0,,,,
C,12671,0.030384,0,0,0,,,,
C,12672,0.029021,0,0,0,,,,
C,12673,0.030214,0,0,0,,,,
C,12674,0.031231,0,0,0,,,,
C,12675,0.032500,0,0,0,,,,
C,12676,0.029908,0,0,0,,,,
C,12677,0.029335,0,0,0,,,,
C,12678,0.031203,0,0,0,,,,
C,12679,0.030049,0,0,0,,,,
C,12680,0.030902,0,0,0,,,,
C,12681,0.031096,0,0,0,,,,
C,12682,0.030847,0,0,0,,,,
C,12683,0.028511,0,0,0,,,,
C,12684,0.029521,0,0,0,,,,
C,12685,0.029580,0,0,0,,,,
C,12686,0.030234,0,0,0,,,,
C,12687,0.030392,0,0,0,,,,
C,12688,0.031453,0,0,0,,,,
C,12689,0.029148,0,0,0,,,,
C,12690,0.031823,0,0,0,,,,
C,12691,0.030343,0,0,0,,,,
C,12692,0.028382,0,0,0,,,,
C,12693,0.031434,0,0,0,,,,
C,12694,0.029958,0,0,0,,,,
C,12695,0.029139,0,0,0,,,,
C,12696,0.030707,0,0,0,,,,
C,12697,0.028622,0,0,0,,,,
C,12698,0.029617,0,0,0,,,,
C,12699,0.029837,0,0,0,,,,
C,12700,0.029123,0,0,0,,,,
C,12701,0.030978,0,0,0,,,,
C,12702,0.029273,0,0,0,,,,
C,12703,0.029486,0,0,0,,,,
C,12704,0.031244,0,0,0,,,,
C,12705,0.029186,0,0,0,,,,
C,12706,0.028618,0,0,0,,,,
C,12707,0.031486,0,0,0,,,,
C,12708,0.031331,0,0,0,,,,
C,12709,0.029112,0,0,0,,,,
C,12710,0.031417,0,0,0,,,,
C,12711,0.028558,0,0,0,,,,
C,12712,0.030707,0,0,0,,,,
C,12713,0.028695,0,0,0,,,,
C,12714,0.029755,0,0,0,,,,
C,12715,0.032093,0,0,0,,,,
C,12716,0.029882,0,0,0,,,,
C,12717,0.029819,0,0,0,,,,
C,12718,0.029307,0,0,0,,,,
C,12719,0.033753,0,0,0,,,,
C,12720,0.029080,0,0,0,,,,
C,12721,0.029209,0,0,0,,,,
C,12722,0.030620,0,0,0,,,,
C,12723,0.033557,0,0,0,,,,
C,12724,0.029313,0,0,0,,,,
C,12725,0.027759,0,0,0,,,,
C,12726,0.028590,0,0,0,,,,
C,12727,0.030222,0,0,0,,,,
C,12728,0.028912,0,0,0,,,,
C,12729,0.030366,0,0,0,,,,
C,12730,0.029750,0,0,0,,,,
C,12731,0.030020,0,0,0,,,,
C,12732,0.029905,0,0,0,,,,
C,12733,0.031529,0,0,0,,,,
C,12734,0.030907,0,0,0,,,,
C,12735,0.030379,0,0,0,,,,
C,12736,0.029938,0,0,0,,,,
C,12737,0.030295,0,0,0,,,,
C,12738,0.030932,0,0,0,,,,
C,12739,0.030553,0,0,0,,,,
C,12740,0.029148,0,0,0,,,,
C,12741,0.031791,0,0,0,,,,
C,12742,0.030382,0,0,0,,,,
C,12743,0.030212,0,0,0,,,,
C,12744,0.029232,0,0,0,,,,
C,12745,0.029423,0,0,0,,,,
C,12746,0.030513,0,0,0,,,,
C,12747,0.030873,0,0,0,,,,
C,12748,0.031891,0,0,0,,,,
C,12749,0.029305,0,0,0,,,,
C,12750,0.030233,0,0,0,,,,
C,12751,0.030080,0,0,0,,,,
C,12752,0.031856,0,0,0,,,,
C,12753,0.031164,0,0,0,,,,
C,12754,0.031605,0,0,0,,,,
C,12755,0.029758,0,0,0,,,,
C,12756,0.028693,0,0,0,,,,
C,12757,0.030546,0,0,0,,,,
C,12758,0.029957,0,0,0,,,,
C,12759,0.031750,0,0,0,,,,
C,12760,0.030226,0,0,0,,,,
C,12761,0.028897,0,0,0,,,,
C,12762,0.031558,0,0,0,,,,
C,12763,0.029533,0,0,0,,,,
C,12764,0.031625,0,0,0,,,,
C,12765,0.033208,0,0,0,,,,
C,12766,0.034138,0,0,0,,,,
C,12767,0.031898,0,0,0,,,,
C,12768,0.032561,0,0,0,,,,
C,12769,0.038554,0,0,0,,,,
C,12770,0.037589,0,0,0,,,,
C,12771,0.033852,0,0,0,,,,
C,12772,0.031556,0,0,0,,,,
C,12773,0.033070,0,0,0,,,,
C,12774,0.029331,0,0,0,,,,
C,12775,0.030620,0,0,0,,,,
C,12776,0.031013,0,0,0,,,,
C,12777,0.029259,0,0,0,,,,
C,12778,0.031055,0,0,0,,,,
C,12779,0.029660,0,0,0,,,,
C,12780,0.030659,0,0,0,,,,
C,12781,0.029807,0,0,0,,,,
C,12782,0.028790,0,0,0,,,,
C,12783,0.029158,0,0,0,,,,
C,12784,0.030072,0,0,0,,,,
C,12785,0.029509,0,0,0,,,,
C,12786,0.029632,0,0,0,,,,
C,12787,0.028805,0,0,0,,,,
C,12788,0.029354,0,0,0,,,,
C,12789,0.030338,0,0,0,,,,
C,12790,0.030626,0,0,0,,,,
C,12791,0.030692,0,0,0,,,,
C,12792,0.029114,0,0,0,,,,
C,12793,0.029312,0,0,0,,,,
C,12794,0.029383,0,0,0,,,,
C,12795,0.031158,0,0,0,,,,
C,12796,0.031317,0,0,0,,,,
C,12797,0.029893,0,0,0,,,,
C,12798,0.029677,0,0,0,,,,
C,12799,0.029797,0,0,0,,,,
C,12800,0.029675,0,0,0,,,,
C,12801,0.031220,0,0,0,,,,
C,12802,0.031478,0,0,0,,,,
C,12803,0.029326,0,0,0,,,,
C,12804,0.028958,0,0,0,,,,
C,12805,0.029662,0,0,0,,,,
C,12806,0.029203,0,0,0,,,,
C,12807,0.029893,0,0,0,,,,
C,12808,0.030642,0,0,0,,,,
C,12809,0.029316,0,0,0,,,,
C,12810,0.029651,0,0,0,,,,
C,12811,0.030888,0,0,0,,,,
C,12812,0.030321,0,0,0,,,,
C,12813,0.028645,0,0,0,,,,
C,12814,0.029642,0,0,0,,,,
C,12815,0.031291,0,0,0,,,,
C,12816,0.031487,0,0,0,,,,
C,12817,0.030569,0,0,0,,,,
C,12818,0.028627,0,0,0,,,,
C,12819,0.031189,0,0,0,,,,
C,12820,0.030015,0,0,0,,,,
C,12821,0.030244,0,0,0,,,,
C,12822,0.031799,0,0,0,,,,
C,12823,0.029857,0,0,0,,,,
C,12824,0.030019,0,0,0,,,,
C,12825,0.029710,0,0,0,,,,
C,12826,0.029207,0,0,0,,,,
C,12827,0.029978,0,0,0,,,,
C,12828,0.029345,0,0,0,,,,
C,12829,0.030348,0,0,0,,,,
C,12830,0.030485,0,0,0,,,,
C,12831,0.028839,0,0,0,,,,
C,12832,0.030105,0,0,0,,,,
C,12833,0.029739,0,0,0,,,,
C,12834,0.030415,0,0,0,,,,
C,12835,0.029533,0,0,0,,,,
C,12836,0.030697,0,0,0,,,,
C,12837,0.030313,0,0,0,,,,
C,12838,0.029707,0,0,0,,,,
C,12839,0.031458,0,0,0,,,,
C,12840,0.030414,0,0,0,,,,
C,12841,0.030495,0,0,0,,,,
C,12842,0.029964,0,0,0,,,,
C,12843,0.030929,0,0,0,,,,
C,12844,0.030276,0,0,0,,,,
C,12845,0.029928,0,0,0,,,,
C,12846,0.030942,0,0,0,,,,
C,12847,0.031083,0,0,0,,,,
C,12848,0.030589,0,0,0,,,,
C,12849,0.029672,0,0,0,,,,
C,12850,0.030879,0,0,0,,,,
C,12851,0.030277,0,0,0,,,,
C,12852,0.028712,0,0,0,,,,
C,12853,0.029083,0,0,0,,,,
C,12854,0.029046,0,0,0,,,,
C,12855,0.028967,0,0,0,,,,
C,12856,0.030584,0,0,0,,,,
C,12857,0.029372,0,0,0,,,,
C,12858,0.031129,0,0,0,,,,
C,12859,0.030321,0,0,0,,,,
C,12860,0.028054,0,0,0,,,,
C,12861,0.029456,0,0,0,,,,
C,12862,0.030159,0,0,0,,,,
C,12863,0.032805,0,0,0,,,,
C,12864,0.029597,0,0,0,,,,
C,12865,0.029898,0,0,0,,,,
C,12866,0.030116,0,0,0,,,,
C,12867,0.030078,0,0,0,,,,
C,12868,0.030748,0,0,0,,,,
C,12869,0.030769,0,0,0,,,,
C,12870,0.030382,0,0,0,,,,
C,12871,0.028314,0,0,0,,,,
C,12872,0.030656,0,0,0,,,,
C,12873,0.030340,0,0,0,,,,
C,12874,0.029467,0,0,0,,,,
C,12875,0.028507,0,0,0,,,,
C,12876,0.029009,0,0,0,,,,
C,12877,0.028250,0,0,0,,,,
C,12878,0.028746,0,0,0,,,,
C,12879,0.029381,0,0,0,,,,
C,12880,0.029551,0,0,0,,,,
C,12881,0.030662,0,0,0,,,,
C,12882,0.029751,0,0,0,,,,
C,12883,0.028676,0,0,0,,,,
C,12884,0.028972,0,0,0,,,,
C,12885,0.030646,0,0,0,,,,
C,12886,0.029914,0,0,0,,,,
C,12887,0.029443,0,0,0,,,,
C,12888,0.030247,0,0,0,,,,
C,12889,0.029647,0,0,0,,,,
C,12890,0.029605,0,0,0,,,,
C,12891,0.031474,0,0,0,,,,
C,12892,0.030756,0,0,0,,,,
C,12893,0.029349,0,0,0,,,,
C,12894,0.030001,0,0,0,,,,
C,12895,0.029833,0,0,0,,,,
C,12896,0.030856,0,0,0,,,,
C,12897,0.030245,0,0,0,,,,
C,12898,0.030325,0,0,0,,,,
C,12899,0.029738,0,0,0,,,,
C,12900,0.030322,0,0,0,,,,
C,12901,0.028940,0,0,0,,,,
C,12902,0.028777,0,0,0,,,,
C,12903,0.029284,0,0,0,,,,
C,12904,0.029149,0,0,0,,,,
C,12905,0.033508,0,0,0,,,,
C,12906,0.030979,0,0,0,,,,
C,12907,0.035229,0,0,0,,,,
C,12908,0.031955,0,0,0,,,,
C,12909,0.033164,0,0,0,,,,
C,12910,0.032173,0,0,0,,,,
C,12911,0.034079,0,0,0,,,,
C,12912,0.035640,0,0,0,,,,
C,12913,0.036956,0,0,0,,,,
C,12914,0.028782,0,0,0,,,,
C,12915,0.034383,0,0,0,,,,
C,12916,0.032353,0,0,0,,,,
C,12917,0.030203,0,0,0,,,,
C,12918,0.028710,0,0,0,,,,
C,12919,0.030058,0,0,0,,,,
C,12920,0.030733,0,0,0,,,,
C,12921,0.029480,0,0,0,,,,
C,12922,0.029789,0,0,0,,,,
C,12923,0.029584,0,0,0,,,,
C,12924,0.029721,0,0,0,,,,
C,12925,0.028445,0,0,0,,,,
C,12926,0.040208,0,0,0,,,,
C,12927,0.033127,0,0,0,,,,
C,12928,0.030405,0,0,0,,,,
C,12929,0.032072,0,0,0,,,,
C,12930,0.029490,0,0,0,,,,
C,12931,0.030581,0,0,0,,,,
C,12932,0.031473,0,0,0,,,,
C,12933,0.030596,0,0,0,,,,
C,12934,0.028403,0,0,0,,,,
C,12935,0.029559,0,0,0,,,,
C,12936,0.029957,0,0,0,,,,
C,12937,0.032658,0,0,0,,,,
C,12938,0.031548,0,0,0,,,,
C,12939,0.030163,0,0,0,,,,
C,12940,0.032629,0,0,0,,,,
C,12941,0.030845,0,0,0,,,,
C,12942,0.030058,0,0,0,,,,
C,12943,0.032550,0,0,0,,,,
C,12944,0.028529,0,0,0,,,,
C,12945,0.030292,0,0,0,,,,
C,12946,0.030674,0,0,0,,,,
C,12947,0.029993,0,0,0,,,,
C,12948,0.031410,0,0,0,,,,
C,12949,0.032267,0,0,0,,,,
C,12950,0.030410,0,0,0,,,,
C,12951,0.029184,0,0,0,,,,
C,12952,0.031945,0,0,0,,,,
C,12953,0.031474,0,0,0,,,,
C,12954,0.028650,0,0,0,,,,
C,12955,0.032945,0,0,0,,,,
C,12956,0.029909,0,0,0,,,,
C,12957,0.029176,0,0,0,,,,
C,12958,0.030078,0,0,0,,,,
C,12959,0.030912,0,0,0,,,,
C,12960,0.030511,0,0,0,,,,
C,12961,0.029487,0,0,0,,,,
C,12962,0.030742,0,0,0,,,,
C,12963,0.031353,0,0,0,,,,
C,12964,0.032861,0,0,0,,,,
C,12965,0.030718,0,0,0,,,,
C,12966,0.029456,0,0,0,,,,
C,12967,0.031464,0,0,0,,,,
C,12968,0.028099,0,0,0,,,,
C,12969,0.030823,0,0,0,,,,
C,12970,0.031376,0,0,0,,,,
C,12971,0.031368,0,0,0,,,,
C,12972,0.031124,0,0,0,,,,
C,12973,0.032674,0,0,0,,,,
C,12974,0.030188,0,0,0,,,,
C,12975,0.031025,0,0,0,,,,
C,12976,0.029879,0,0,0,,,,
C,12977,0.030948,0,0,0,,,,
C,12978,0.029894,0,0,0,,,,
C,12979,0.030503,0,0,0,,,,
C,12980,0.030476,0,0,0,,,,
C,12981,0.031335,0,0,0,,,,
C,12982,0.029799,0,0,0,,,,
C,12983,0.029949,0,0,0,,,,
C,12984,0.030154,0,0,0,,,,
C,12985,0.031244,0,0,0,,,,
C,12986,0.029510,0,0,0,,,,
C,12987,0.030326,0,0,0,,,,
C,12988,0.029031,0,0,0,,,,
C,12989,0.031674,0,0,0,,,,
C,12990,0.028996,0,0,0,,,,
C,12991,0.030092,0,0,0,,,,
C,12992,0.029988,0,0,0,,,,
C,12993,0.031276,0,0,0,,,,
C,12994,0.029890,0,0,0,,,,
C,12995,0.030834,0,0,0,,,,
C,12996,0.029328,0,0,0,,,,
C,12997,0.029357,0,0,0,,,,
C,12998,0.028788,0,0,0,,,,
C,12999,0.031443,0,0,0,,,,
C,13000,0.028829,0,0,0,217.5,7.909e-11,"{'checked': 26, 'zsx_rejected': 6, 'default_rejected': 0, 'closed_form_forced': 0, 'inexact': 9, 'exact_rebuilt': 0, 'best_effort': 0, 'best_effort_worst': 0.0, 'psf_rerouted': 0, 'psf_rerouted_worst_residual': 0.0}",605
C,13001,0.029801,0,0,0,,,,
C,13002,0.028940,0,0,0,,,,
C,13003,0.029366,0,0,0,,,,
C,13004,0.029677,0,0,0,,,,
C,13005,0.030548,0,0,0,,,,
C,13006,0.031183,0,0,0,,,,
C,13007,0.030479,0,0,0,,,,
C,13008,0.032539,0,0,0,,,,
C,13009,0.029757,0,0,0,,,,
C,13010,0.030223,0,0,0,,,,
C,13011,0.031114,0,0,0,,,,
C,13012,0.030544,0,0,0,,,,
C,13013,0.031521,0,0,0,,,,
C,13014,0.029692,0,0,0,,,,
C,13015,0.029784,0,0,0,,,,
C,13016,0.029120,0,0,0,,,,
C,13017,0.029226,0,0,0,,,,
C,13018,0.032424,0,0,0,,,,
C,13019,0.032163,0,0,0,,,,
C,13020,0.029360,0,0,0,,,,
C,13021,0.030348,0,0,0,,,,
C,13022,0.028024,0,0,0,,,,
C,13023,0.031002,0,0,0,,,,
C,13024,0.029999,0,0,0,,,,
C,13025,0.029960,0,0,0,,,,
C,13026,0.030412,0,0,0,,,,
C,13027,0.030117,0,0,0,,,,
C,13028,0.028773,0,0,0,,,,
C,13029,0.032017,0,0,0,,,,
C,13030,0.029434,0,0,0,,,,
C,13031,0.029774,0,0,0,,,,
C,13032,0.028399,0,0,0,,,,
C,13033,0.031499,0,0,0,,,,
C,13034,0.031767,0,0,0,,,,
C,13035,0.030126,0,0,0,,,,
C,13036,0.030183,0,0,0,,,,
C,13037,0.031644,0,0,0,,,,
C,13038,0.029710,0,0,0,,,,
C,13039,0.028981,0,0,0,,,,
C,13040,0.030340,0,0,0,,,,
C,13041,0.030442,0,0,0,,,,
C,13042,0.031941,0,0,0,,,,
C,13043,0.030394,0,0,0,,,,
C,13044,0.029397,0,0,0,,,,
C,13045,0.031162,0,0,0,,,,
C,13046,0.030518,0,0,0,,,,
C,13047,0.029139,0,0,0,,,,
C,13048,0.029862,0,0,0,,,,
C,13049,0.031181,0,0,0,,,,
C,13050,0.028742,0,0,0,,,,
C,13051,0.031497,0,0,0,,,,
C,13052,0.029878,0,0,0,,,,
C,13053,0.031751,0,0,0,,,,
C,13054,0.029434,0,0,0,,,,
C,13055,0.030630,0,0,0,,,,
C,13056,0.030903,0,0,0,,,,
C,13057,0.031842,0,0,0,,,,
C,13058,0.030491,0,0,0,,,,
C,13059,0.027372,0,0,0,,,,
C,13060,0.028524,0,0,0,,,,
C,13061,0.028944,0,0,0,,,,
C,13062,0.029136,0,0,0,,,,
C,13063,0.030489,0,0,0,,,,
C,13064,0.030755,0,0,0,,,,
C,13065,0.030453,0,0,0,,,,
C,13066,0.031858,0,0,0,,,,
C,13067,0.030647,0,0,0,,,,
C,13068,0.029978,0,0,0,,,,
C,13069,0.030161,0,0,0,,,,
C,13070,0.030153,0,0,0,,,,
C,13071,0.029862,0,0,0,,,,
C,13072,0.029616,0,0,0,,,,
C,13073,0.030690,0,0,0,,,,
C,13074,0.029429,0,0,0,,,,
C,13075,0.030080,0,0,0,,,,
C,13076,0.029188,0,0,0,,,,
C,13077,0.029837,0,0,0,,,,
C,13078,0.032558,0,0,0,,,,
C,13079,0.030238,0,0,0,,,,
C,13080,0.029684,0,0,0,,,,
C,13081,0.030205,0,0,0,,,,
C,13082,0.030320,0,0,0,,,,
C,13083,0.028667,0,0,0,,,,
C,13084,0.030919,0,0,0,,,,
C,13085,0.030566,0,0,0,,,,
C,13086,0.029522,0,0,0,,,,
C,13087,0.030943,0,0,0,,,,
C,13088,0.031541,0,0,0,,,,
C,13089,0.030097,0,0,0,,,,
C,13090,0.028838,0,0,0,,,,
C,13091,0.029564,0,0,0,,,,
C,13092,0.029517,0,0,0,,,,
C,13093,0.029276,0,0,0,,,,
C,13094,0.030694,0,0,0,,,,
C,13095,0.032297,0,0,0,,,,
C,13096,0.030204,0,0,0,,,,
C,13097,0.030492,0,0,0,,,,
C,13098,0.028897,0,0,0,,,,
C,13099,0.029548,0,0,0,,,,
C,13100,0.031445,0,0,0,,,,
C,13101,0.031214,0,0,0,,,,
C,13102,0.032206,0,0,0,,,,
C,13103,0.030449,0,0,0,,,,
C,13104,0.030758,0,0,0,,,,
C,13105,0.033238,0,0,0,,,,
C,13106,0.034104,0,0,0,,,,
C,13107,0.032398,0,0,0,,,,
C,13108,0.035929,0,0,0,,,,
C,13109,0.038987,0,0,0,,,,
C,13110,0.044677,0,0,0,,,,
C,13111,0.035336,0,0,0,,,,
C,13112,0.029225,0,0,0,,,,
C,13113,0.031374,0,0,0,,,,
C,13114,0.029190,0,0,0,,,,
C,13115,0.028702,0,0,0,,,,
C,13116,0.029089,0,0,0,,,,
C,13117,0.029759,0,0,0,,,,
C,13118,0.028605,0,0,0,,,,
C,13119,0.029973,0,0,0,,,,
C,13120,0.030441,0,0,0,,,,
C,13121,0.028890,0,0,0,,,,
C,13122,0.031321,0,0,0,,,,
C,13123,0.032813,0,0,0,,,,
C,13124,0.030565,0,0,0,,,,
C,13125,0.037553,0,0,0,,,,
C,13126,0.037840,0,0,0,,,,
C,13127,0.032281,0,0,0,,,,
C,13128,0.030514,0,0,0,,,,
C,13129,0.031342,0,0,0,,,,
C,13130,0.030630,0,0,0,,,,
C,13131,0.030486,0,0,0,,,,
C,13132,0.032931,0,0,0,,,,
C,13133,0.033471,0,0,0,,,,
C,13134,0.030790,0,0,0,,,,
C,13135,0.031445,0,0,0,,,,
C,13136,0.030127,0,0,0,,,,
C,13137,0.030194,0,0,0,,,,
C,13138,0.030790,0,0,0,,,,
C,13139,0.028993,0,0,0,,,,
C,13140,0.029121,0,0,0,,,,
C,13141,0.031646,0,0,0,,,,
C,13142,0.029481,0,0,0,,,,
C,13143,0.030408,0,0,0,,,,
C,13144,0.031236,0,0,0,,,,
C,13145,0.028106,0,0,0,,,,
C,13146,0.028328,0,0,0,,,,
C,13147,0.028743,0,0,0,,,,
C,13148,0.030075,0,0,0,,,,
C,13149,0.031011,0,0,0,,,,
C,13150,0.030153,0,0,0,,,,
C,13151,0.029735,0,0,0,,,,
C,13152,0.032098,0,0,0,,,,
C,13153,0.030197,0,0,0,,,,
C,13154,0.030971,0,0,0,,,,
C,13155,0.028050,0,0,0,,,,
C,13156,0.028854,0,0,0,,,,
C,13157,0.031817,0,0,0,,,,
C,13158,0.030495,0,0,0,,,,
C,13159,0.029649,0,0,0,,,,
C,13160,0.029639,0,0,0,,,,
C,13161,0.031390,0,0,0,,,,
C,13162,0.029360,0,0,0,,,,
C,13163,0.031247,0,0,0,,,,
C,13164,0.030637,0,0,0,,,,
C,13165,0.029740,0,0,0,,,,
C,13166,0.030099,0,0,0,,,,
C,13167,0.030053,0,0,0,,,,
C,13168,0.030088,0,0,0,,,,
C,13169,0.029493,0,0,0,,,,
C,13170,0.029776,0,0,0,,,,
C,13171,0.032611,0,0,0,,,,
C,13172,0.029349,0,0,0,,,,
C,13173,0.029447,0,0,0,,,,
C,13174,0.031461,0,0,0,,,,
C,13175,0.029154,0,0,0,,,,
C,13176,0.031193,0,0,0,,,,
C,13177,0.027845,0,0,0,,,,
C,13178,0.030668,0,0,0,,,,
C,13179,0.029582,0,0,0,,,,
C,13180,0.029262,0,0,0,,,,
C,13181,0.029467,0,0,0,,,,
C,13182,0.031170,0,0,0,,,,
C,13183,0.030552,0,0,0,,,,
C,13184,0.028566,0,0,0,,,,
C,13185,0.030060,0,0,0,,,,
C,13186,0.030470,0,0,0,,,,
C,13187,0.031318,0,0,0,,,,
C,13188,0.028767,0,0,0,,,,
C,13189,0.028949,0,0,0,,,,
C,13190,0.029457,0,0,0,,,,
C,13191,0.029930,0,0,0,,,,
C,13192,0.028607,0,0,0,,,,
C,13193,0.030079,0,0,0,,,,
C,13194,0.029697,0,0,0,,,,
C,13195,0.030161,0,0,0,,,,
C,13196,0.032213,0,0,0,,,,
C,13197,0.030363,0,0,0,,,,
C,13198,0.031091,0,0,0,,,,
C,13199,0.030999,0,0,0,,,,
C,13200,0.029954,0,0,0,,,,
C,13201,0.031625,0,0,0,,,,
C,13202,0.029315,0,0,0,,,,
C,13203,0.028940,0,0,0,,,,
C,13204,0.029971,0,0,0,,,,
C,13205,0.029697,0,0,0,,,,
C,13206,0.029973,0,0,0,,,,
C,13207,0.029427,0,0,0,,,,
C,13208,0.029886,0,0,0,,,,
C,13209,0.029339,0,0,0,,,,
C,13210,0.028963,0,0,0,,,,
C,13211,0.030753,0,0,0,,,,
C,13212,0.029983,0,0,0,,,,
C,13213,0.029477,0,0,0,,,,
C,13214,0.028929,0,0,0,,,,
C,13215,0.030094,0,0,0,,,,
C,13216,0.028347,0,0,0,,,,
C,13217,0.029679,0,0,0,,,,
C,13218,0.029235,0,0,0,,,,
C,13219,0.028991,0,0,0,,,,
C,13220,0.030527,0,0,0,,,,
C,13221,0.029253,0,0,0,,,,
C,13222,0.029101,0,0,0,,,,
C,13223,0.028720,0,0,0,,,,
C,13224,0.030879,0,0,0,,,,
C,13225,0.031697,0,0,0,,,,
C,13226,0.030533,0,0,0,,,,
C,13227,0.029963,0,0,0,,,,
C,13228,0.030854,0,0,0,,,,
C,13229,0.029823,0,0,0,,,,
C,13230,0.031274,0,0,0,,,,
C,13231,0.030076,0,0,0,,,,
C,13232,0.028101,0,0,0,,,,
C,13233,0.029533,0,0,0,,,,
C,13234,0.030221,0,0,0,,,,
C,13235,0.030502,0,0,0,,,,
C,13236,0.029635,0,0,0,,,,
C,13237,0.034297,0,0,0,,,,
C,13238,0.032032,0,0,0,,,,
C,13239,0.028233,0,0,0,,,,
C,13240,0.033421,0,0,0,,,,
C,13241,0.029826,0,0,0,,,,
C,13242,0.030024,0,0,0,,,,
C,13243,0.029308,0,0,0,,,,
C,13244,0.029070,0,0,0,,,,
C,13245,0.029424,0,0,0,,,,
C,13246,0.029715,0,0,0,,,,
C,13247,0.029495,0,0,0,,,,
C,13248,0.029602,0,0,0,,,,
C,13249,0.029470,0,0,0,,,,
C,13250,0.030142,0,0,0,,,,
C,13251,0.030006,0,0,0,,,,
C,13252,0.031438,0,0,0,,,,
C,13253,0.028243,0,0,0,,,,
C,13254,0.030169,0,0,0,,,,
C,13255,0.029384,0,0,0,,,,
C,13256,0.031206,0,0,0,,,,
C,13257,0.028991,0,0,0,,,,
C,13258,0.029084,0,0,0,,,,
C,13259,0.031604,0,0,0,,,,
C,13260,0.030796,0,0,0,,,,
C,13261,0.028833,0,0,0,,,,
C,13262,0.030210,0,0,0,,,,
C,13263,0.029054,0,0,0,,,,
C,13264,0.030382,0,0,0,,,,
C,13265,0.030105,0,0,0,,,,
C,13266,0.028625,0,0,0,,,,
C,13267,0.029423,0,0,0,,,,
C,13268,0.031527,0,0,0,,,,
C,13269,0.030966,0,0,0,,,,
C,13270,0.031084,0,0,0,,,,
C,13271,0.030763,0,0,0,,,,
C,13272,0.030362,0,0,0,,,,
C,13273,0.030128,0,0,0,,,,
C,13274,0.030516,0,0,0,,,,
C,13275,0.033392,0,0,0,,,,
C,13276,0.032626,0,0,0,,,,
C,13277,0.031085,0,0,0,,,,
C,13278,0.028141,0,0,0,,,,
C,13279,0.028708,0,0,0,,,,
C,13280,0.029748,0,0,0,,,,
C,13281,0.030740,0,0,0,,,,
C,13282,0.030271,0,0,0,,,,
C,13283,0.029095,0,0,0,,,,
C,13284,0.030912,0,0,0,,,,
C,13285,0.031405,0,0,0,,,,
C,13286,0.032404,0,0,0,,,,
C,13287,0.029776,0,0,0,,,,
C,13288,0.029005,0,0,0,,,,
C,13289,0.029812,0,0,0,,,,
C,13290,0.029077,0,0,0,,,,
C,13291,0.029408,0,0,0,,,,
C,13292,0.029240,0,0,0,,,,
C,13293,0.030001,0,0,0,,,,
C,13294,0.030656,0,0,0,,,,
C,13295,0.030198,0,0,0,,,,
C,13296,0.033233,0,0,0,,,,
C,13297,0.032533,0,0,0,,,,
C,13298,0.027819,0,0,0,,,,
C,13299,0.030017,0,0,0,,,,
C,13300,0.029703,0,0,0,,,,
C,13301,0.030108,0,0,0,,,,
C,13302,0.030754,0,0,0,,,,
C,13303,0.032606,0,0,0,,,,
C,13304,0.030181,0,0,0,,,,
C,13305,0.030034,0,0,0,,,,
C,13306,0.031711,0,0,0,,,,
C,13307,0.028038,0,0,0,,,,
C,13308,0.029515,0,0,0,,,,
C,13309,0.028754,0,0,0,,,,
C,13310,0.030579,0,0,0,,,,
C,13311,0.028176,0,0,0,,,,
C,13312,0.029280,0,0,0,,,,
C,13313,0.029811,0,0,0,,,,
C,13314,0.030528,0,0,0,,,,
C,13315,0.030385,0,0,0,,,,
C,13316,0.029816,0,0,0,,,,
C,13317,0.029961,0,0,0,,,,
C,13318,0.029187,0,0,0,,,,
C,13319,0.031293,0,0,0,,,,
C,13320,0.029391,0,0,0,,,,
C,13321,0.029046,0,0,0,,,,
C,13322,0.030178,0,0,0,,,,
C,13323,0.027960,0,0,0,,,,
C,13324,0.028376,0,0,0,,,,
C,13325,0.030949,0,0,0,,,,
C,13326,0.032530,0,0,0,,,,
C,13327,0.032437,0,0,0,,,,
C,13328,0.029019,0,0,0,,,,
C,13329,0.029702,0,0,0,,,,
C,13330,0.029872,0,0,0,,,,
C,13331,0.029515,0,0,0,,,,
C,13332,0.030149,0,0,0,,,,
C,13333,0.030829,0,0,0,,,,
C,13334,0.029683,0,0,0,,,,
C,13335,0.028729,0,0,0,,,,
C,13336,0.029645,0,0,0,,,,
C,13337,0.031379,0,0,0,,,,
C,13338,0.030621,0,0,0,,,,
C,13339,0.030205,0,0,0,,,,
C,13340,0.029540,0,0,0,,,,
C,13341,0.028757,0,0,0,,,,
C,13342,0.029458,0,0,0,,,,
C,13343,0.028366,0,0,0,,,,
C,13344,0.031089,0,0,0,,,,
C,13345,0.034040,0,0,0,,,,
C,13346,0.031286,0,0,0,,,,
C,13347,0.035812,0,0,0,,,,
C,13348,0.032115,0,0,0,,,,
C,13349,0.033392,0,0,0,,,,
C,13350,0.037774,0,0,0,,,,
C,13351,0.035104,0,0,0,,,,
C,13352,0.034916,0,0,0,,,,
C,13353,0.032636,0,0,0,,,,
C,13354,0.036118,0,0,0,,,,
C,13355,0.029373,0,0,0,,,,
C,13356,0.029299,0,0,0,,,,
C,13357,0.028331,0,0,0,,,,
C,13358,0.030449,0,0,0,,,,
C,13359,0.031444,0,0,0,,,,
C,13360,0.029816,0,0,0,,,,
C,13361,0.030832,0,0,0,,,,
C,13362,0.029695,0,0,0,,,,
C,13363,0.030306,0,0,0,,,,
C,13364,0.031192,0,0,0,,,,
C,13365,0.030499,0,0,0,,,,
C,13366,0.031342,0,0,0,,,,
C,13367,0.030384,0,0,0,,,,
C,13368,0.031629,0,0,0,,,,
C,13369,0.030033,0,0,0,,,,
C,13370,0.032099,0,0,0,,,,
C,13371,0.028974,0,0,0,,,,
C,13372,0.028217,0,0,0,,,,
C,13373,0.029225,0,0,0,,,,
C,13374,0.031115,0,0,0,,,,
C,13375,0.030065,0,0,0,,,,
C,13376,0.030381,0,0,0,,,,
C,13377,0.031468,0,0,0,,,,
C,13378,0.028900,0,0,0,,,,
C,13379,0.030422,0,0,0,,,,
C,13380,0.030801,0,0,0,,,,
C,13381,0.030920,0,0,0,,,,
C,13382,0.031716,0,0,0,,,,
C,13383,0.030639,0,0,0,,,,
C,13384,0.028804,0,0,0,,,,
C,13385,0.028816,0,0,0,,,,
C,13386,0.029803,0,0,0,,,,
C,13387,0.029257,0,0,0,,,,
C,13388,0.030331,0,0,0,,,,
C,13389,0.028656,0,0,0,,,,
C,13390,0.029146,0,0,0,,,,
C,13391,0.028522,0,0,0,,,,
C,13392,0.032120,0,0,0,,,,
C,13393,0.029560,0,0,0,,,,
C,13394,0.029977,0,0,0,,,,
C,13395,0.029232,0,0,0,,,,
C,13396,0.030307,0,0,0,,,,
C,13397,0.029424,0,0,0,,,,
C,13398,0.028470,0,0,0,,,,
C,13399,0.030007,0,0,0,,,,
C,13400,0.030297,0,0,0,,,,
C,13401,0.032948,0,0,0,,,,
C,13402,0.029611,0,0,0,,,,
C,13403,0.033997,0,0,0,,,,
C,13404,0.029985,0,0,0,,,,
C,13405,0.031399,0,0,0,,,,
C,13406,0.028943,0,0,0,,,,
C,13407,0.028252,0,0,0,,,,
C,13408,0.030074,0,0,0,,,,
C,13409,0.028621,0,0,0,,,,
C,13410,0.029702,0,0,0,,,,
C,13411,0.028802,0,0,0,,,,
C,13412,0.030390,0,0,0,,,,
C,13413,0.030567,0,0,0,,,,
C,13414,0.030645,0,0,0,,,,
C,13415,0.029744,0,0,0,,,,
C,13416,0.030441,0,0,0,,,,
C,13417,0.031948,0,0,0,,,,
C,13418,0.032002,0,0,0,,,,
C,13419,0.028287,0,0,0,,,,
C,13420,0.028837,0,0,0,,,,
C,13421,0.028497,0,0,0,,,,
C,13422,0.028481,0,0,0,,,,
C,13423,0.029722,0,0,0,,,,
C,13424,0.028537,0,0,0,,,,
C,13425,0.029626,0,0,0,,,,
C,13426,0.029616,0,0,0,,,,
C,13427,0.030807,0,0,0,,,,
C,13428,0.029454,0,0,0,,,,
C,13429,0.030855,0,0,0,,,,
C,13430,0.028924,0,0,0,,,,
C,13431,0.029739,0,0,0,,,,
C,13432,0.029476,0,0,0,,,,
C,13433,0.029798,0,0,0,,,,
C,13434,0.029998,0,0,0,,,,
C,13435,0.029886,0,0,0,,,,
C,13436,0.030379,0,0,0,,,,
C,13437,0.031280,0,0,0,,,,
C,13438,0.030066,0,0,0,,,,
C,13439,0.030061,0,0,0,,,,
C,13440,0.028834,0,0,0,,,,
C,13441,0.028615,0,0,0,,,,
C,13442,0.029628,0,0,0,,,,
C,13443,0.029420,0,0,0,,,,
C,13444,0.030660,0,0,0,,,,
C,13445,0.031003,0,0,0,,,,
C,13446,0.030902,0,0,0,,,,
C,13447,0.028492,0,0,0,,,,
C,13448,0.031088,0,0,0,,,,
C,13449,0.029494,0,0,0,,,,
C,13450,0.030677,0,0,0,,,,
C,13451,0.028835,0,0,0,,,,
C,13452,0.030895,0,0,0,,,,
C,13453,0.029256,0,0,0,,,,
C,13454,0.029793,0,0,0,,,,
C,13455,0.030651,0,0,0,,,,
C,13456,0.029686,0,0,0,,,,
C,13457,0.028780,0,0,0,,,,
C,13458,0.029476,0,0,0,,,,
C,13459,0.028591,0,0,0,,,,
C,13460,0.029952,0,0,0,,,,
C,13461,0.030229,0,0,0,,,,
C,13462,0.030859,0,0,0,,,,
C,13463,0.030195,0,0,0,,,,
C,13464,0.028549,0,0,0,,,,
C,13465,0.030768,0,0,0,,,,
C,13466,0.029998,0,0,0,,,,
C,13467,0.028957,0,0,0,,,,
C,13468,0.028797,0,0,0,,,,
C,13469,0.028802,0,0,0,,,,
C,13470,0.031621,0,0,0,,,,
C,13471,0.031197,0,0,0,,,,
C,13472,0.030491,0,0,0,,,,
C,13473,0.029338,0,0,0,,,,
C,13474,0.030377,0,0,0,,,,
C,13475,0.029769,0,0,0,,,,
C,13476,0.030273,0,0,0,,,,
C,13477,0.029112,0,0,0,,,,
C,13478,0.029777,0,0,0,,,,
C,13479,0.031223,0,0,0,,,,
C,13480,0.030544,0,0,0,,,,
C,13481,0.028749,0,0,0,,,,
C,13482,0.031343,0,0,0,,,,
C,13483,0.031031,0,0,0,,,,
C,13484,0.030856,0,0,0,,,,
C,13485,0.030150,0,0,0,,,,
C,13486,0.032078,0,0,0,,,,
C,13487,0.032154,0,0,0,,,,
C,13488,0.033962,0,0,0,,,,
C,13489,0.033780,0,0,0,,,,
C,13490,0.032965,0,0,0,,,,
C,13491,0.033000,0,0,0,,,,
C,13492,0.035326,0,0,0,,,,
C,13493,0.037588,0,0,0,,,,
C,13494,0.040110,0,0,0,,,,
C,13495,0.029661,0,0,0,,,,
C,13496,0.032016,0,0,0,,,,
C,13497,0.035741,0,0,0,,,,
C,13498,0.029507,0,0,0,,,,
C,13499,0.027933,0,0,0,,,,
C,13500,0.031056,0,0,0,,,,
C,13501,0.029529,0,0,0,,,,
C,13502,0.030661,0,0,0,,,,
C,13503,0.030491,0,0,0,,,,
C,13504,0.028964,0,0,0,,,,
C,13505,0.032602,0,0,0,,,,
C,13506,0.032510,0,0,0,,,,
C,13507,0.031554,0,0,0,,,,
C,13508,0.032821,0,0,0,,,,
C,13509,0.033458,0,0,0,,,,
C,13510,0.031361,0,0,0,,,,
C,13511,0.031403,0,0,0,,,,
C,13512,0.033380,0,0,0,,,,
C,13513,0.032482,0,0,0,,,,
C,13514,0.029095,0,0,0,,,,
C,13515,0.029351,0,0,0,,,,
C,13516,0.031248,0,0,0,,,,
C,13517,0.031731,0,0,0,,,,
C,13518,0.030292,0,0,0,,,,
C,13519,0.029430,0,0,0,,,,
C,13520,0.030765,0,0,0,,,,
C,13521,0.032238,0,0,0,,,,
C,13522,0.031657,0,0,0,,,,
C,13523,0.028751,0,0,0,,,,
C,13524,0.029678,0,0,0,,,,
C,13525,0.032667,0,0,0,,,,
C,13526,0.030972,0,0,0,,,,
C,13527,0.029737,0,0,0,,,,
C,13528,0.029322,0,0,0,,,,
C,13529,0.030984,0,0,0,,,,
C,13530,0.029363,0,0,0,,,,
C,13531,0.029223,0,0,0,,,,
C,13532,0.029548,0,0,0,,,,
C,13533,0.032430,0,0,0,,,,
C,13534,0.030266,0,0,0,,,,
C,13535,0.030136,0,0,0,,,,
C,13536,0.029200,0,0,0,,,,
C,13537,0.030235,0,0,0,,,,
C,13538,0.030156,0,0,0,,,,
C,13539,0.030366,0,0,0,,,,
C,13540,0.029491,0,0,0,,,,
C,13541,0.029250,0,0,0,,,,
C,13542,0.029834,0,0,0,,,,
C,13543,0.028708,0,0,0,,,,
C,13544,0.031240,0,0,0,,,,
C,13545,0.032259,0,0,0,,,,
C,13546,0.030339,0,0,0,,,,
C,13547,0.030411,0,0,0,,,,
C,13548,0.029384,0,0,0,,,,
C,13549,0.031593,0,0,0,,,,
C,13550,0.030282,0,0,0,,,,
C,13551,0.029558,0,0,0,,,,
C,13552,0.029246,0,0,0,,,,
C,13553,0.029243,0,0,0,,,,
C,13554,0.029652,0,0,0,,,,
C,13555,0.028962,0,0,0,,,,
C,13556,0.030704,0,0,0,,,,
C,13557,0.032527,0,0,0,,,,
C,13558,0.031237,0,0,0,,,,
C,13559,0.028994,0,0,0,,,,
C,13560,0.028768,0,0,0,,,,
C,13561,0.030340,0,0,0,,,,
C,13562,0.029801,0,0,0,,,,
C,13563,0.030125,0,0,0,,,,
C,13564,0.030215,0,0,0,,,,
C,13565,0.031840,0,0,0,,,,
C,13566,0.031345,0,0,0,,,,
C,13567,0.033534,0,0,0,,,,
C,13568,0.033264,0,0,0,,,,
C,13569,0.034923,0,0,0,,,,
C,13570,0.032480,0,0,0,,,,
C,13571,0.032937,0,0,0,,,,
C,13572,0.029868,0,0,0,,,,
C,13573,0.030117,0,0,0,,,,
C,13574,0.031248,0,0,0,,,,
C,13575,0.031368,0,0,0,,,,
C,13576,0.031812,0,0,0,,,,
C,13577,0.031544,0,0,0,,,,
C,13578,0.032353,0,0,0,,,,
C,13579,0.033154,0,0,0,,,,
C,13580,0.029553,0,0,0,,,,
C,13581,0.033200,0,0,0,,,,
C,13582,0.032561,0,0,0,,,,
C,13583,0.032539,0,0,0,,,,
C,13584,0.030884,0,0,0,,,,
C,13585,0.032109,0,0,0,,,,
C,13586,0.035929,0,0,0,,,,
C,13587,0.032454,0,0,0,,,,
C,13588,0.030775,0,0,0,,,,
C,13589,0.031073,0,0,0,,,,
C,13590,0.030521,0,0,0,,,,
C,13591,0.030551,0,0,0,,,,
C,13592,0.031842,0,0,0,,,,
C,13593,0.031391,0,0,0,,,,
C,13594,0.032372,0,0,0,,,,
C,13595,0.031461,0,0,0,,,,
C,13596,0.030761,0,0,0,,,,
C,13597,0.030432,0,0,0,,,,
C,13598,0.031754,0,0,0,,,,
C,13599,0.030986,0,0,0,,,,
C,13600,0.028477,0,0,0,,,,
C,13601,0.029119,0,0,0,,,,
C,13602,0.028832,0,0,0,,,,
C,13603,0.030772,0,0,0,,,,
C,13604,0.030106,0,0,0,,,,
C,13605,0.030051,0,0,0,,,,
C,13606,0.030545,0,0,0,,,,
C,13607,0.028664,0,0,0,,,,
C,13608,0.029542,0,0,0,,,,
C,13609,0.030808,0,0,0,,,,
C,13610,0.028578,0,0,0,,,,
C,13611,0.029575,0,0,0,,,,
C,13612,0.030334,0,0,0,,,,
C,13613,0.028740,0,0,0,,,,
C,13614,0.031046,0,0,0,,,,
C,13615,0.028078,0,0,0,,,,
C,13616,0.030074,0,0,0,,,,
C,13617,0.029878,0,0,0,,,,
C,13618,0.032388,0,0,0,,,,
C,13619,0.030607,0,0,0,,,,
C,13620,0.029589,0,0,0,,,,
C,13621,0.034409,0,0,0,,,,
C,13622,0.034855,0,0,0,,,,
C,13623,0.032241,0,0,0,,,,
C,13624,0.031744,0,0,0,,,,
C,13625,0.032723,0,0,0,,,,
C,13626,0.030332,0,0,0,,,,
C,13627,0.029976,0,0,0,,,,
C,13628,0.029435,0,0,0,,,,
C,13629,0.028739,0,0,0,,,,
C,13630,0.030614,0,0,0,,,,
C,13631,0.029665,0,0,0,,,,
C,13632,0.029994,0,0,0,,,,
C,13633,0.029532,0,0,0,,,,
C,13634,0.030084,0,0,0,,,,
C,13635,0.030287,0,0,0,,,,
C,13636,0.030729,0,0,0,,,,
C,13637,0.029745,0,0,0,,,,
C,13638,0.031073,0,0,0,,,,
C,13639,0.030850,0,0,0,,,,
C,13640,0.029445,0,0,0,,,,
C,13641,0.029570,0,0,0,,,,
C,13642,0.032301,0,0,0,,,,
C,13643,0.030470,0,0,0,,,,
C,13644,0.031459,0,0,0,,,,
C,13645,0.030066,0,0,0,,,,
C,13646,0.029614,0,0,0,,,,
C,13647,0.028741,0,0,0,,,,
C,13648,0.030953,0,0,0,,,,
C,13649,0.029098,0,0,0,,,,
C,13650,0.031365,0,0,0,,,,
C,13651,0.031974,0,0,0,,,,
C,13652,0.030927,0,0,0,,,,
C,13653,0.032055,0,0,0,,,,
C,13654,0.029276,0,0,0,,,,
C,13655,0.029594,0,0,0,,,,
C,13656,0.028694,0,0,0,,,,
C,13657,0.030520,0,0,0,,,,
C,13658,0.030061,0,0,0,,,,
C,13659,0.032059,0,0,0,,,,
C,13660,0.038801,0,0,0,,,,
C,13661,0.045549,0,0,0,,,,
C,13662,0.043782,0,0,0,,,,
C,13663,0.035474,0,0,0,,,,
C,13664,0.034857,0,0,0,,,,
C,13665,0.035369,0,0,0,,,,
C,13666,0.030581,0,0,0,,,,
C,13667,0.029919,0,0,0,,,,
C,13668,0.032116,0,0,0,,,,
C,13669,0.031579,0,0,0,,,,
C,13670,0.028929,0,0,0,,,,
C,13671,0.033000,0,0,0,,,,
C,13672,0.032127,0,0,0,,,,
C,13673,0.030068,0,0,0,,,,
C,13674,0.030727,0,0,0,,,,
C,13675,0.030822,0,0,0,,,,
C,13676,0.036744,0,0,0,,,,
C,13677,0.033064,0,0,0,,,,
C,13678,0.032352,0,0,0,,,,
C,13679,0.035577,0,0,0,,,,
C,13680,0.039038,0,0,0,,,,
C,13681,0.034776,0,0,0,,,,
C,13682,0.032926,0,0,0,,,,
C,13683,0.040031,0,0,0,,,,
C,13684,0.032961,0,0,0,,,,
C,13685,0.031936,0,0,0,,,,
C,13686,0.032944,0,0,0,,,,
C,13687,0.037726,0,0,0,,,,
C,13688,0.032387,0,0,0,,,,
C,13689,0.030993,0,0,0,,,,
C,13690,0.031484,0,0,0,,,,
C,13691,0.041325,0,0,0,,,,
C,13692,0.037389,0,0,0,,,,
C,13693,0.036279,0,0,0,,,,
C,13694,0.033070,0,0,0,,,,
C,13695,0.030186,0,0,0,,,,
C,13696,0.032568,0,0,0,,,,
C,13697,0.032100,0,0,0,,,,
C,13698,0.028801,0,0,0,,,,
C,13699,0.030675,0,0,0,,,,
C,13700,0.031094,0,0,0,,,,
C,13701,0.033424,0,0,0,,,,
C,13702,0.033844,0,0,0,,,,
C,13703,0.044972,0,0,0,,,,
C,13704,0.035988,0,0,0,,,,
C,13705,0.031146,0,0,0,,,,
C,13706,0.031567,0,0,0,,,,
C,13707,0.032532,0,0,0,,,,
C,13708,0.030696,0,0,0,,,,
C,13709,0.030958,0,0,0,,,,
C,13710,0.031701,0,0,0,,,,
C,13711,0.029179,0,0,0,,,,
C,13712,0.031068,0,0,0,,,,
C,13713,0.031832,0,0,0,,,,
C,13714,0.031067,0,0,0,,,,
C,13715,0.031171,0,0,0,,,,
C,13716,0.030831,0,0,0,,,,
C,13717,0.032724,0,0,0,,,,
C,13718,0.030329,0,0,0,,,,
C,13719,0.030753,0,0,0,,,,
C,13720,0.030558,0,0,0,,,,
C,13721,0.030845,0,0,0,,,,
C,13722,0.031084,0,0,0,,,,
C,13723,0.030697,0,0,0,,,,
C,13724,0.032005,0,0,0,,,,
C,13725,0.056400,0,0,0,,,,
C,13726,0.031361,0,0,0,,,,
C,13727,0.029966,0,0,0,,,,
C,13728,0.030765,0,0,0,,,,
C,13729,0.032466,0,0,0,,,,
C,13730,0.030881,0,0,0,,,,
C,13731,0.030989,0,0,0,,,,
C,13732,0.031306,0,0,0,,,,
C,13733,0.032121,0,0,0,,,,
C,13734,0.031014,0,0,0,,,,
C,13735,0.032696,0,0,0,,,,
C,13736,0.032750,0,0,0,,,,
C,13737,0.032869,0,0,0,,,,
C,13738,0.029906,0,0,0,,,,
C,13739,0.030787,0,0,0,,,,
C,13740,0.030236,0,0,0,,,,
C,13741,0.031606,0,0,0,,,,
C,13742,0.029654,0,0,0,,,,
C,13743,0.033251,0,0,0,,,,
C,13744,0.031291,0,0,0,,,,
C,13745,0.031487,0,0,0,,,,
C,13746,0.031654,0,0,0,,,,
C,13747,0.031158,0,0,0,,,,
C,13748,0.029624,0,0,0,,,,
C,13749,0.031207,0,0,0,,,,
C,13750,0.032139,0,0,0,,,,
C,13751,0.032773,0,0,0,,,,
C,13752,0.030437,0,0,0,,,,
C,13753,0.031235,0,0,0,,,,
C,13754,0.030759,0,0,0,,,,
C,13755,0.029725,0,0,0,,,,
C,13756,0.030069,0,0,0,,,,
C,13757,0.031024,0,0,0,,,,
C,13758,0.031067,0,0,0,,,,
C,13759,0.032062,0,0,0,,,,
C,13760,0.031686,0,0,0,,,,
C,13761,0.030377,0,0,0,,,,
C,13762,0.032695,0,0,0,,,,
C,13763,0.030063,0,0,0,,,,
C,13764,0.029900,0,0,0,,,,
C,13765,0.030257,0,0,0,,,,
C,13766,0.032325,0,0,0,,,,
C,13767,0.031480,0,0,0,,,,
C,13768,0.029910,0,0,0,,,,
C,13769,0.029697,0,0,0,,,,
C,13770,0.028880,0,0,0,,,,
C,13771,0.029867,0,0,0,,,,
C,13772,0.033015,0,0,0,,,,
C,13773,0.031893,0,0,0,,,,
C,13774,0.031760,0,0,0,,,,
C,13775,0.030336,0,0,0,,,,
C,13776,0.030650,0,0,0,,,,
C,13777,0.032090,0,0,0,,,,
C,13778,0.033883,0,0,0,,,,
C,13779,0.031019,0,0,0,,,,
C,13780,0.031034,0,0,0,,,,
C,13781,0.032046,0,0,0,,,,
C,13782,0.029802,0,0,0,,,,
C,13783,0.031413,0,0,0,,,,
C,13784,0.032025,0,0,0,,,,
C,13785,0.030889,0,0,0,,,,
C,13786,0.031779,0,0,0,,,,
C,13787,0.032975,0,0,0,,,,
C,13788,0.031133,0,0,0,,,,
C,13789,0.030591,0,0,0,,,,
C,13790,0.030002,0,0,0,,,,
C,13791,0.031267,0,0,0,,,,
C,13792,0.030597,0,0,0,,,,
C,13793,0.030075,0,0,0,,,,
C,13794,0.029174,0,0,0,,,,
C,13795,0.031272,0,0,0,,,,
C,13796,0.031171,0,0,0,,,,
C,13797,0.031123,0,0,0,,,,
C,13798,0.030607,0,0,0,,,,
C,13799,0.030664,0,0,0,,,,
C,13800,0.032397,0,0,0,,,,
C,13801,0.032861,0,0,0,,,,
C,13802,0.032197,0,0,0,,,,
C,13803,0.033316,0,0,0,,,,
C,13804,0.033280,0,0,0,,,,
C,13805,0.030031,0,0,0,,,,
C,13806,0.030519,0,0,0,,,,
C,13807,0.032016,0,0,0,,,,
C,13808,0.033068,0,0,0,,,,
C,13809,0.030619,0,0,0,,,,
C,13810,0.031265,0,0,0,,,,
C,13811,0.028856,0,0,0,,,,
C,13812,0.031034,0,0,0,,,,
C,13813,0.031534,0,0,0,,,,
C,13814,0.032227,0,0,0,,,,
C,13815,0.031130,0,0,0,,,,
C,13816,0.030459,0,0,0,,,,
C,13817,0.030623,0,0,0,,,,
C,13818,0.030273,0,0,0,,,,
C,13819,0.031266,0,0,0,,,,
C,13820,0.030504,0,0,0,,,,
C,13821,0.030115,0,0,0,,,,
C,13822,0.031981,0,0,0,,,,
C,13823,0.030577,0,0,0,,,,
C,13824,0.031069,0,0,0,,,,
C,13825,0.032634,0,0,0,,,,
C,13826,0.028869,0,0,0,,,,
C,13827,0.028622,0,0,0,,,,
C,13828,0.035732,0,0,0,,,,
C,13829,0.031113,0,0,0,,,,
C,13830,0.030509,0,0,0,,,,
C,13831,0.031453,0,0,0,,,,
C,13832,0.030381,0,0,0,,,,
C,13833,0.030627,0,0,0,,,,
C,13834,0.031906,0,0,0,,,,
C,13835,0.029299,0,0,0,,,,
C,13836,0.031993,0,0,0,,,,
C,13837,0.030555,0,0,0,,,,
C,13838,0.030621,0,0,0,,,,
C,13839,0.031009,0,0,0,,,,
C,13840,0.030647,0,0,0,,,,
C,13841,0.029567,0,0,0,,,,
C,13842,0.032137,0,0,0,,,,
C,13843,0.031493,0,0,0,,,,
C,13844,0.032990,0,0,0,,,,
C,13845,0.029709,0,0,0,,,,
C,13846,0.031719,0,0,0,,,,
C,13847,0.032690,0,0,0,,,,
C,13848,0.031264,0,0,0,,,,
C,13849,0.031233,0,0,0,,,,
C,13850,0.030340,0,0,0,,,,
C,13851,0.030796,0,0,0,,,,
C,13852,0.032175,0,0,0,,,,
C,13853,0.031064,0,0,0,,,,
C,13854,0.032018,0,0,0,,,,
C,13855,0.031370,0,0,0,,,,
C,13856,0.030852,0,0,0,,,,
C,13857,0.030587,0,0,0,,,,
C,13858,0.031015,0,0,0,,,,
C,13859,0.030538,0,0,0,,,,
C,13860,0.030833,0,0,0,,,,
C,13861,0.031087,0,0,0,,,,
C,13862,0.030585,0,0,0,,,,
C,13863,0.030366,0,0,0,,,,
C,13864,0.030581,0,0,0,,,,
C,13865,0.030183,0,0,0,,,,
C,13866,0.032040,0,0,0,,,,
C,13867,0.031557,0,0,0,,,,
C,13868,0.031019,0,0,0,,,,
C,13869,0.030214,0,0,0,,,,
C,13870,0.029576,0,0,0,,,,
C,13871,0.031659,0,0,0,,,,
C,13872,0.033731,0,0,0,,,,
C,13873,0.030550,0,0,0,,,,
C,13874,0.030236,0,0,0,,,,
C,13875,0.030554,0,0,0,,,,
C,13876,0.030613,0,0,0,,,,
C,13877,0.030360,0,0,0,,,,
C,13878,0.031599,0,0,0,,,,
C,13879,0.031201,0,0,0,,,,
C,13880,0.030023,0,0,0,,,,
C,13881,0.030417,0,0,0,,,,
C,13882,0.030457,0,0,0,,,,
C,13883,0.031571,0,0,0,,,,
C,13884,0.031723,0,0,0,,,,
C,13885,0.029154,0,0,0,,,,
C,13886,0.031368,0,0,0,,,,
C,13887,0.032159,0,0,0,,,,
C,13888,0.031507,0,0,0,,,,
C,13889,0.030408,0,0,0,,,,
C,13890,0.028301,0,0,0,,,,
C,13891,0.030420,0,0,0,,,,
C,13892,0.030004,0,0,0,,,,
C,13893,0.028719,0,0,0,,,,
C,13894,0.030551,0,0,0,,,,
C,13895,0.028268,0,0,0,,,,
C,13896,0.030397,0,0,0,,,,
C,13897,0.029808,0,0,0,,,,
C,13898,0.031067,0,0,0,,,,
C,13899,0.029385,0,0,0,,,,
C,13900,0.031372,0,0,0,,,,
C,13901,0.031434,0,0,0,,,,
C,13902,0.031039,0,0,0,,,,
C,13903,0.030893,0,0,0,,,,
C,13904,0.030186,0,0,0,,,,
C,13905,0.032558,0,0,0,,,,
C,13906,0.031506,0,0,0,,,,
C,13907,0.030794,0,0,0,,,,
C,13908,0.031567,0,0,0,,,,
C,13909,0.031392,0,0,0,,,,
C,13910,0.030552,0,0,0,,,,
C,13911,0.031722,0,0,0,,,,
C,13912,0.031619,0,0,0,,,,
C,13913,0.030138,0,0,0,,,,
C,13914,0.030687,0,0,0,,,,
C,13915,0.032038,0,0,0,,,,
C,13916,0.034701,0,0,0,,,,
C,13917,0.034025,0,0,0,,,,
C,13918,0.034068,0,0,0,,,,
C,13919,0.033524,0,0,0,,,,
C,13920,0.037317,0,0,0,,,,
C,13921,0.041969,0,0,0,,,,
C,13922,0.031714,0,0,0,,,,
C,13923,0.030792,0,0,0,,,,
C,13924,0.034157,0,0,0,,,,
C,13925,0.031834,0,0,0,,,,
C,13926,0.030072,0,0,0,,,,
C,13927,0.031308,0,0,0,,,,
C,13928,0.031169,0,0,0,,,,
C,13929,0.031118,0,0,0,,,,
C,13930,0.030651,0,0,0,,,,
C,13931,0.030935,0,0,0,,,,
C,13932,0.030793,0,0,0,,,,
C,13933,0.032106,0,0,0,,,,
C,13934,0.032925,0,0,0,,,,
C,13935,0.031587,0,0,0,,,,
C,13936,0.031562,0,0,0,,,,
C,13937,0.030705,0,0,0,,,,
C,13938,0.030007,0,0,0,,,,
C,13939,0.032074,0,0,0,,,,
C,13940,0.030762,0,0,0,,,,
C,13941,0.032318,0,0,0,,,,
C,13942,0.032615,0,0,0,,,,
C,13943,0.030884,0,0,0,,,,
C,13944,0.030730,0,0,0,,,,
C,13945,0.031175,0,0,0,,,,
C,13946,0.030292,0,0,0,,,,
C,13947,0.031199,0,0,0,,,,
C,13948,0.029513,0,0,0,,,,
C,13949,0.031995,0,0,0,,,,
C,13950,0.032006,0,0,0,,,,
C,13951,0.029887,0,0,0,,,,
C,13952,0.029684,0,0,0,,,,
C,13953,0.031579,0,0,0,,,,
C,13954,0.030723,0,0,0,,,,
C,13955,0.030674,0,0,0,,,,
C,13956,0.031021,0,0,0,,,,
C,13957,0.032292,0,0,0,,,,
C,13958,0.029682,0,0,0,,,,
C,13959,0.032601,0,0,0,,,,
C,13960,0.029686,0,0,0,,,,
C,13961,0.038348,0,0,0,,,,
C,13962,0.028772,0,0,0,,,,
C,13963,0.030543,0,0,0,,,,
C,13964,0.030158,0,0,0,,,,
C,13965,0.031640,0,0,0,,,,
C,13966,0.030803,0,0,0,,,,
C,13967,0.031298,0,0,0,,,,
C,13968,0.030546,0,0,0,,,,
C,13969,0.029678,0,0,0,,,,
C,13970,0.029704,0,0,0,,,,
C,13971,0.028745,0,0,0,,,,
C,13972,0.032454,0,0,0,,,,
C,13973,0.030844,0,0,0,,,,
C,13974,0.030080,0,0,0,,,,
C,13975,0.031722,0,0,0,,,,
C,13976,0.029962,0,0,0,,,,
C,13977,0.031286,0,0,0,,,,
C,13978,0.031122,0,0,0,,,,
C,13979,0.031678,0,0,0,,,,
C,13980,0.031365,0,0,0,,,,
C,13981,0.030349,0,0,0,,,,
C,13982,0.029546,0,0,0,,,,
C,13983,0.032358,0,0,0,,,,
C,13984,0.030483,0,0,0,,,,
C,13985,0.031348,0,0,0,,,,
C,13986,0.029274,0,0,0,,,,
C,13987,0.029615,0,0,0,,,,
C,13988,0.029285,0,0,0,,,,
C,13989,0.031270,0,0,0,,,,
C,13990,0.033799,0,0,0,,,,
C,13991,0.029697,0,0,0,,,,
C,13992,0.030015,0,0,0,,,,
C,13993,0.030537,0,0,0,,,,
C,13994,0.029187,0,0,0,,,,
C,13995,0.030234,0,0,0,,,,
C,13996,0.030835,0,0,0,,,,
C,13997,0.030874,0,0,0,,,,
C,13998,0.030282,0,0,0,,,,
C,13999,0.030315,0,0,0,,,,
C,14000,0.032150,0,0,0,218.4,8.522e-11,"{'checked': 26, 'zsx_rejected': 6, 'default_rejected': 0, 'closed_form_forced': 0, 'inexact': 9, 'exact_rebuilt': 0, 'best_effort': 0, 'best_effort_worst': 0.0, 'psf_rerouted': 0, 'psf_rerouted_worst_residual': 0.0}",652
C,14001,0.031875,0,0,0,,,,
C,14002,0.030910,0,0,0,,,,
C,14003,0.030206,0,0,0,,,,
C,14004,0.031707,0,0,0,,,,
C,14005,0.030292,0,0,0,,,,
C,14006,0.030708,0,0,0,,,,
C,14007,0.031240,0,0,0,,,,
C,14008,0.032137,0,0,0,,,,
C,14009,0.030681,0,0,0,,,,
C,14010,0.030773,0,0,0,,,,
C,14011,0.047395,0,0,0,,,,
C,14012,0.033674,0,0,0,,,,
C,14013,0.033682,0,0,0,,,,
C,14014,0.030787,0,0,0,,,,
C,14015,0.030085,0,0,0,,,,
C,14016,0.029816,0,0,0,,,,
C,14017,0.031340,0,0,0,,,,
C,14018,0.031539,0,0,0,,,,
C,14019,0.032973,0,0,0,,,,
C,14020,0.032892,0,0,0,,,,
C,14021,0.030746,0,0,0,,,,
C,14022,0.031446,0,0,0,,,,
C,14023,0.031444,0,0,0,,,,
C,14024,0.030430,0,0,0,,,,
C,14025,0.029477,0,0,0,,,,
C,14026,0.030861,0,0,0,,,,
C,14027,0.031593,0,0,0,,,,
C,14028,0.031134,0,0,0,,,,
C,14029,0.031601,0,0,0,,,,
C,14030,0.030835,0,0,0,,,,
C,14031,0.029650,0,0,0,,,,
C,14032,0.030289,0,0,0,,,,
C,14033,0.032510,0,0,0,,,,
C,14034,0.031902,0,0,0,,,,
C,14035,0.029486,0,0,0,,,,
C,14036,0.030992,0,0,0,,,,
C,14037,0.034974,0,0,0,,,,
C,14038,0.031037,0,0,0,,,,
C,14039,0.030638,0,0,0,,,,
C,14040,0.031479,0,0,0,,,,
C,14041,0.031742,0,0,0,,,,
C,14042,0.029804,0,0,0,,,,
C,14043,0.032701,0,0,0,,,,
C,14044,0.032713,0,0,0,,,,
C,14045,0.030725,0,0,0,,,,
C,14046,0.032196,0,0,0,,,,
C,14047,0.029171,0,0,0,,,,
C,14048,0.031069,0,0,0,,,,
C,14049,0.034616,0,0,0,,,,
C,14050,0.033865,0,0,0,,,,
C,14051,0.032581,0,0,0,,,,
C,14052,0.035202,0,0,0,,,,
C,14053,0.032566,0,0,0,,,,
C,14054,0.036534,0,0,0,,,,
C,14055,0.032029,0,0,0,,,,
C,14056,0.035966,0,0,0,,,,
C,14057,0.031003,0,0,0,,,,
C,14058,0.031669,0,0,0,,,,
C,14059,0.033999,0,0,0,,,,
C,14060,0.042316,0,0,0,,,,
C,14061,0.042929,0,0,0,,,,
C,14062,0.035325,0,0,0,,,,
C,14063,0.035367,0,0,0,,,,
C,14064,0.032485,0,0,0,,,,
C,14065,0.031797,0,0,0,,,,
C,14066,0.029761,0,0,0,,,,
C,14067,0.030864,0,0,0,,,,
C,14068,0.030163,0,0,0,,,,
C,14069,0.033268,0,0,0,,,,
C,14070,0.033397,0,0,0,,,,
C,14071,0.032967,0,0,0,,,,
C,14072,0.035335,0,0,0,,,,
C,14073,0.031734,0,0,0,,,,
C,14074,0.031188,0,0,0,,,,
C,14075,0.030023,0,0,0,,,,
C,14076,0.032141,0,0,0,,,,
C,14077,0.031352,0,0,0,,,,
C,14078,0.031612,0,0,0,,,,
C,14079,0.032467,0,0,0,,,,
C,14080,0.031955,0,0,0,,,,
C,14081,0.031029,0,0,0,,,,
C,14082,0.030087,0,0,0,,,,
C,14083,0.029435,0,0,0,,,,
C,14084,0.031819,0,0,0,,,,
C,14085,0.030698,0,0,0,,,,
C,14086,0.030338,0,0,0,,,,
C,14087,0.031338,0,0,0,,,,
C,14088,0.033485,0,0,0,,,,
C,14089,0.030244,0,0,0,,,,
C,14090,0.031145,0,0,0,,,,
C,14091,0.032715,0,0,0,,,,
C,14092,0.030028,0,0,0,,,,
C,14093,0.032800,0,0,0,,,,
C,14094,0.036129,0,0,0,,,,
C,14095,0.035124,0,0,0,,,,
C,14096,0.039127,0,0,0,,,,
C,14097,0.033138,0,0,0,,,,
C,14098,0.034387,0,0,0,,,,
C,14099,0.033945,0,0,0,,,,
C,14100,0.032457,0,0,0,,,,
C,14101,0.032632,0,0,0,,,,
C,14102,0.032661,0,0,0,,,,
C,14103,0.032628,0,0,0,,,,
C,14104,0.032831,0,0,0,,,,
C,14105,0.030233,0,0,0,,,,
C,14106,0.033578,0,0,0,,,,
C,14107,0.031554,0,0,0,,,,
C,14108,0.032813,0,0,0,,,,
C,14109,0.031138,0,0,0,,,,
C,14110,0.030161,0,0,0,,,,
C,14111,0.034437,0,0,0,,,,
C,14112,0.033311,0,0,0,,,,
C,14113,0.032539,0,0,0,,,,
C,14114,0.031207,0,0,0,,,,
C,14115,0.031879,0,0,0,,,,
C,14116,0.031300,0,0,0,,,,
C,14117,0.030349,0,0,0,,,,
C,14118,0.030164,0,0,0,,,,
C,14119,0.031000,0,0,0,,,,
C,14120,0.034035,0,0,0,,,,
C,14121,0.033866,0,0,0,,,,
C,14122,0.032908,0,0,0,,,,
C,14123,0.030901,0,0,0,,,,
C,14124,0.032998,0,0,0,,,,
C,14125,0.029566,0,0,0,,,,
C,14126,0.029725,0,0,0,,,,
C,14127,0.031010,0,0,0,,,,
C,14128,0.032336,0,0,0,,,,
C,14129,0.030611,0,0,0,,,,
C,14130,0.030339,0,0,0,,,,
C,14131,0.031900,0,0,0,,,,
C,14132,0.032094,0,0,0,,,,
C,14133,0.032887,0,0,0,,,,
C,14134,0.031538,0,0,0,,,,
C,14135,0.036164,0,0,0,,,,
C,14136,0.041613,0,0,0,,,,
C,14137,0.041503,0,0,0,,,,
C,14138,0.038790,0,0,0,,,,
C,14139,0.048265,0,0,0,,,,
C,14140,0.033289,0,0,0,,,,
C,14141,0.032437,0,0,0,,,,
C,14142,0.032689,0,0,0,,,,
C,14143,0.033223,0,0,0,,,,
C,14144,0.031212,0,0,0,,,,
C,14145,0.034734,0,0,0,,,,
C,14146,0.033122,0,0,0,,,,
C,14147,0.032502,0,0,0,,,,
C,14148,0.033012,0,0,0,,,,
C,14149,0.031044,0,0,0,,,,
C,14150,0.030946,0,0,0,,,,
C,14151,0.039245,0,0,0,,,,
C,14152,0.032857,0,0,0,,,,
C,14153,0.032982,0,0,0,,,,
C,14154,0.032406,0,0,0,,,,
C,14155,0.036004,0,0,0,,,,
C,14156,0.031313,0,0,0,,,,
C,14157,0.034838,0,0,0,,,,
C,14158,0.038676,0,0,0,,,,
C,14159,0.031407,0,0,0,,,,
C,14160,0.032441,0,0,0,,,,
C,14161,0.032918,0,0,0,,,,
C,14162,0.031263,0,0,0,,,,
C,14163,0.032239,0,0,0,,,,
C,14164,0.031285,0,0,0,,,,
C,14165,0.030761,0,0,0,,,,
C,14166,0.030740,0,0,0,,,,
C,14167,0.030376,0,0,0,,,,
C,14168,0.032639,0,0,0,,,,
C,14169,0.030321,0,0,0,,,,
C,14170,0.029979,0,0,0,,,,
C,14171,0.030332,0,0,0,,,,
C,14172,0.031327,0,0,0,,,,
C,14173,0.030315,0,0,0,,,,
C,14174,0.031294,0,0,0,,,,
C,14175,0.033021,0,0,0,,,,
C,14176,0.031896,0,0,0,,,,
C,14177,0.037152,0,0,0,,,,
C,14178,0.034229,0,0,0,,,,
C,14179,0.034888,0,0,0,,,,
C,14180,0.034759,0,0,0,,,,
C,14181,0.033096,0,0,0,,,,
C,14182,0.032899,0,0,0,,,,
C,14183,0.033007,0,0,0,,,,
C,14184,0.033348,0,0,0,,,,
C,14185,0.031639,0,0,0,,,,
C,14186,0.030961,0,0,0,,,,
C,14187,0.034921,0,0,0,,,,
C,14188,0.033698,0,0,0,,,,
C,14189,0.031844,0,0,0,,,,
C,14190,0.034897,0,0,0,,,,
C,14191,0.035859,0,0,0,,,,
C,14192,0.033877,0,0,0,,,,
C,14193,0.031630,0,0,0,,,,
C,14194,0.031390,0,0,0,,,,
C,14195,0.029931,0,0,0,,,,
C,14196,0.029715,0,0,0,,,,
C,14197,0.029833,0,0,0,,,,
C,14198,0.032005,0,0,0,,,,
C,14199,0.032168,0,0,0,,,,
C,14200,0.032555,0,0,0,,,,
C,14201,0.032306,0,0,0,,,,
C,14202,0.039712,0,0,0,,,,
C,14203,0.035308,0,0,0,,,,
C,14204,0.039971,0,0,0,,,,
C,14205,0.054332,0,0,0,,,,
C,14206,0.037283,0,0,0,,,,
C,14207,0.037011,0,0,0,,,,
C,14208,0.033522,0,0,0,,,,
C,14209,0.033474,0,0,0,,,,
C,14210,0.033440,0,0,0,,,,
C,14211,0.033452,0,0,0,,,,
C,14212,0.030778,0,0,0,,,,
C,14213,0.034361,0,0,0,,,,
C,14214,0.032475,0,0,0,,,,
C,14215,0.030715,0,0,0,,,,
C,14216,0.032817,0,0,0,,,,
C,14217,0.033608,0,0,0,,,,
C,14218,0.031758,0,0,0,,,,
C,14219,0.030420,0,0,0,,,,
C,14220,0.033757,0,0,0,,,,
C,14221,0.035724,0,0,0,,,,
C,14222,0.036077,0,0,0,,,,
C,14223,0.032975,0,0,0,,,,
C,14224,0.036336,0,0,0,,,,
C,14225,0.034433,0,0,0,,,,
C,14226,0.032565,0,0,0,,,,
C,14227,0.032747,0,0,0,,,,
C,14228,0.033708,0,0,0,,,,
C,14229,0.031865,0,0,0,,,,
C,14230,0.032862,0,0,0,,,,
C,14231,0.033938,0,0,0,,,,
C,14232,0.033978,0,0,0,,,,
C,14233,0.034624,0,0,0,,,,
C,14234,0.032990,0,0,0,,,,
C,14235,0.035301,0,0,0,,,,
C,14236,0.036220,0,0,0,,,,
C,14237,0.034582,0,0,0,,,,
C,14238,0.033150,0,0,0,,,,
C,14239,0.040239,0,0,0,,,,
C,14240,0.045387,0,0,0,,,,
C,14241,0.043642,0,0,0,,,,
C,14242,0.041128,0,0,0,,,,
C,14243,0.039696,0,0,0,,,,
C,14244,0.036303,0,0,0,,,,
C,14245,0.032513,0,0,0,,,,
C,14246,0.034356,0,0,0,,,,
C,14247,0.033623,0,0,0,,,,
C,14248,0.035100,0,0,0,,,,
C,14249,0.031608,0,0,0,,,,
C,14250,0.032182,0,0,0,,,,
C,14251,0.032627,0,0,0,,,,
C,14252,0.032884,0,0,0,,,,
C,14253,0.033996,0,0,0,,,,
C,14254,0.038636,0,0,0,,,,
C,14255,0.032164,0,0,0,,,,
C,14256,0.034968,0,0,0,,,,
C,14257,0.030776,0,0,0,,,,
C,14258,0.034990,0,0,0,,,,
C,14259,0.034183,0,0,0,,,,
C,14260,0.033942,0,0,0,,,,
C,14261,0.032493,0,0,0,,,,
C,14262,0.036950,0,0,0,,,,
C,14263,0.034012,0,0,0,,,,
C,14264,0.037019,0,0,0,,,,
C,14265,0.034357,0,0,0,,,,
C,14266,0.037419,0,0,0,,,,
C,14267,0.032047,0,0,0,,,,
C,14268,0.035898,0,0,0,,,,
C,14269,0.036008,0,0,0,,,,
C,14270,0.035317,0,0,0,,,,
C,14271,0.044391,0,0,0,,,,
C,14272,0.045393,0,0,0,,,,
C,14273,0.051109,0,0,0,,,,
C,14274,0.086324,0,0,0,,,,
C,14275,0.042679,0,0,0,,,,
C,14276,0.040015,0,0,0,,,,
C,14277,0.051053,0,0,0,,,,
C,14278,0.046273,0,0,0,,,,
C,14279,0.049488,0,0,0,,,,
C,14280,0.045596,0,0,0,,,,
C,14281,0.038482,0,0,0,,,,
C,14282,0.050709,0,0,0,,,,
C,14283,0.045847,0,0,0,,,,
C,14284,0.050639,0,0,0,,,,
C,14285,0.055382,0,0,0,,,,
C,14286,0.042413,0,0,0,,,,
C,14287,0.040976,0,0,0,,,,
C,14288,0.046288,0,0,0,,,,
C,14289,0.044265,0,0,0,,,,
C,14290,0.052322,0,0,0,,,,
C,14291,0.052607,0,0,0,,,,
C,14292,0.040994,0,0,0,,,,
C,14293,0.043834,0,0,0,,,,
C,14294,0.036803,0,0,0,,,,
C,14295,0.039772,0,0,0,,,,
C,14296,0.058400,0,0,0,,,,
C,14297,0.037657,0,0,0,,,,
C,14298,0.037911,0,0,0,,,,
C,14299,0.032925,0,0,0,,,,
C,14300,0.037546,0,0,0,,,,
C,14301,0.032845,0,0,0,,,,
C,14302,0.033741,0,0,0,,,,
C,14303,0.034978,0,0,0,,,,
C,14304,0.030337,0,0,0,,,,
C,14305,0.032513,0,0,0,,,,
C,14306,0.031919,0,0,0,,,,
C,14307,0.033858,0,0,0,,,,
C,14308,0.034965,0,0,0,,,,
C,14309,0.032227,0,0,0,,,,
C,14310,0.031521,0,0,0,,,,
C,14311,0.030562,0,0,0,,,,
C,14312,0.030908,0,0,0,,,,
C,14313,0.035157,0,0,0,,,,
C,14314,0.037140,0,0,0,,,,
C,14315,0.040479,0,0,0,,,,
C,14316,0.042736,0,0,0,,,,
C,14317,0.040711,0,0,0,,,,
C,14318,0.041136,0,0,0,,,,
C,14319,0.046702,0,0,0,,,,
C,14320,0.044558,0,0,0,,,,
C,14321,0.041389,0,0,0,,,,
C,14322,0.052797,0,0,0,,,,
C,14323,0.036107,0,0,0,,,,
C,14324,0.044248,0,0,0,,,,
C,14325,0.038144,0,0,0,,,,
C,14326,0.043866,0,0,0,,,,
C,14327,0.051690,0,0,0,,,,
C,14328,0.051162,0,0,0,,,,
C,14329,0.045366,0,0,0,,,,
C,14330,0.049715,0,0,0,,,,
C,14331,0.039899,0,0,0,,,,
C,14332,0.043810,0,0,0,,,,
C,14333,0.040569,0,0,0,,,,
C,14334,0.039853,0,0,0,,,,
C,14335,0.036453,0,0,0,,,,
C,14336,0.031969,0,0,0,,,,
C,14337,0.032117,0,0,0,,,,
C,14338,0.032851,0,0,0,,,,
C,14339,0.034648,0,0,0,,,,
C,14340,0.035743,0,0,0,,,,
C,14341,0.033936,0,0,0,,,,
C,14342,0.029995,0,0,0,,,,
C,14343,0.031659,0,0,0,,,,
C,14344,0.041408,0,0,0,,,,
C,14345,0.034000,0,0,0,,,,
C,14346,0.039361,0,0,0,,,,
C,14347,0.055454,0,0,0,,,,
C,14348,0.039992,0,0,0,,,,
C,14349,0.048371,0,0,0,,,,
C,14350,0.042305,0,0,0,,,,
C,14351,0.043873,0,0,0,,,,
C,14352,0.064458,0,0,0,,,,
C,14353,0.084058,0,0,0,,,,
C,14354,0.046654,0,0,0,,,,
C,14355,0.055761,0,0,0,,,,
C,14356,0.043248,0,0,0,,,,
C,14357,0.042750,0,0,0,,,,
C,14358,0.035586,0,0,0,,,,
C,14359,0.052132,0,0,0,,,,
C,14360,0.043344,0,0,0,,,,
C,14361,0.048800,0,0,0,,,,
C,14362,0.041459,0,0,0,,,,
C,14363,0.043318,0,0,0,,,,
C,14364,0.049214,0,0,0,,,,
C,14365,0.045538,0,0,0,,,,
C,14366,0.038910,0,0,0,,,,
C,14367,0.036508,0,0,0,,,,
C,14368,0.041620,0,0,0,,,,
C,14369,0.036440,0,0,0,,,,
C,14370,0.037450,0,0,0,,,,
C,14371,0.032133,0,0,0,,,,
C,14372,0.031823,0,0,0,,,,
C,14373,0.033340,0,0,0,,,,
C,14374,0.032850,0,0,0,,,,
C,14375,0.040704,0,0,0,,,,
C,14376,0.043393,0,0,0,,,,
C,14377,0.044893,0,0,0,,,,
C,14378,0.039888,0,0,0,,,,
C,14379,0.043834,0,0,0,,,,
C,14380,0.058115,0,0,0,,,,
C,14381,0.056963,0,0,0,,,,
C,14382,0.053542,0,0,0,,,,
C,14383,0.047681,0,0,0,,,,
C,14384,0.039462,0,0,0,,,,
C,14385,0.045762,0,0,0,,,,
C,14386,0.049505,0,0,0,,,,
C,14387,0.056166,0,0,0,,,,
C,14388,0.057714,0,0,0,,,,
C,14389,0.059713,0,0,0,,,,
C,14390,0.046602,0,0,0,,,,
C,14391,0.049625,0,0,0,,,,
C,14392,0.042419,0,0,0,,,,
C,14393,0.036433,0,0,0,,,,
C,14394,0.046985,0,0,0,,,,
C,14395,0.052084,0,0,0,,,,
C,14396,0.056182,0,0,0,,,,
C,14397,0.042858,0,0,0,,,,
C,14398,0.056411,0,0,0,,,,
C,14399,0.047782,0,0,0,,,,
C,14400,0.048046,0,0,0,,,,
C,14401,0.064348,0,0,0,,,,
C,14402,0.051501,0,0,0,,,,
C,14403,0.045308,0,0,0,,,,
C,14404,0.055448,0,0,0,,,,
C,14405,0.050698,0,0,0,,,,
C,14406,0.047781,0,0,0,,,,
C,14407,0.038734,0,0,0,,,,
C,14408,0.056325,0,0,0,,,,
C,14409,0.038735,0,0,0,,,,
C,14410,0.037443,0,0,0,,,,
C,14411,0.051503,0,0,0,,,,
C,14412,0.042688,0,0,0,,,,
C,14413,0.043659,0,0,0,,,,
C,14414,0.039108,0,0,0,,,,
C,14415,0.051493,0,0,0,,,,
C,14416,0.045917,0,0,0,,,,
C,14417,0.037328,0,0,0,,,,
C,14418,0.034685,0,0,0,,,,
C,14419,0.038435,0,0,0,,,,
C,14420,0.050013,0,0,0,,,,
C,14421,0.056456,0,0,0,,,,
C,14422,0.049431,0,0,0,,,,
C,14423,0.045538,0,0,0,,,,
C,14424,0.038787,0,0,0,,,,
C,14425,0.061170,0,0,0,,,,
C,14426,0.046515,0,0,0,,,,
C,14427,0.041145,0,0,0,,,,
C,14428,0.051293,0,0,0,,,,
C,14429,0.069149,0,0,0,,,,
C,14430,0.050231,0,0,0,,,,
C,14431,0.045075,0,0,0,,,,
C,14432,0.043242,0,0,0,,,,
C,14433,0.053311,0,0,0,,,,
C,14434,0.047349,0,0,0,,,,
C,14435,0.064293,0,0,0,,,,
C,14436,0.056685,0,0,0,,,,
C,14437,0.058862,0,0,0,,,,
C,14438,0.053037,0,0,0,,,,
C,14439,0.061034,0,0,0,,,,
C,14440,0.049288,0,0,0,,,,
C,14441,0.041300,0,0,0,,,,
C,14442,0.038185,0,0,0,,,,
C,14443,0.033831,0,0,0,,,,
C,14444,0.033860,0,0,0,,,,
C,14445,0.030568,0,0,0,,,,
C,14446,0.031940,0,0,0,,,,
C,14447,0.030976,0,0,0,,,,
C,14448,0.077408,0,0,0,,,,
C,14449,0.047203,0,0,0,,,,
C,14450,0.045046,0,0,0,,,,
C,14451,0.045520,0,0,0,,,,
C,14452,0.039119,0,0,0,,,,
C,14453,0.034040,0,0,0,,,,
C,14454,0.049086,0,0,0,,,,
C,14455,0.038220,0,0,0,,,,
C,14456,0.039495,0,0,0,,,,
C,14457,0.050328,0,0,0,,,,
C,14458,0.040181,0,0,0,,,,
C,14459,0.034302,0,0,0,,,,
C,14460,0.039448,0,0,0,,,,
C,14461,0.036821,0,0,0,,,,
C,14462,0.031799,0,0,0,,,,
C,14463,0.030508,0,0,0,,,,
C,14464,0.030030,0,0,0,,,,
C,14465,0.033566,0,0,0,,,,
C,14466,0.031031,0,0,0,,,,
C,14467,0.030358,0,0,0,,,,
C,14468,0.031475,0,0,0,,,,
C,14469,0.031363,0,0,0,,,,
C,14470,0.029496,0,0,0,,,,
C,14471,0.031097,0,0,0,,,,
C,14472,0.031035,0,0,0,,,,
C,14473,0.038780,0,0,0,,,,
C,14474,0.034830,0,0,0,,,,
C,14475,0.032539,0,0,0,,,,
C,14476,0.031659,0,0,0,,,,
C,14477,0.031412,0,0,0,,,,
C,14478,0.030517,0,0,0,,,,
C,14479,0.030606,0,0,0,,,,
C,14480,0.030844,0,0,0,,,,
C,14481,0.031262,0,0,0,,,,
C,14482,0.031576,0,0,0,,,,
C,14483,0.028411,0,0,0,,,,
C,14484,0.029821,0,0,0,,,,
C,14485,0.029458,0,0,0,,,,
C,14486,0.030625,0,0,0,,,,
C,14487,0.029310,0,0,0,,,,
C,14488,0.030889,0,0,0,,,,
C,14489,0.036355,0,0,0,,,,
C,14490,0.033545,0,0,0,,,,
C,14491,0.030539,0,0,0,,,,
C,14492,0.030655,0,0,0,,,,
C,14493,0.030553,0,0,0,,,,
C,14494,0.030822,0,0,0,,,,
C,14495,0.029686,0,0,0,,,,
C,14496,0.033965,0,0,0,,,,
C,14497,0.031077,0,0,0,,,,
C,14498,0.031526,0,0,0,,,,
C,14499,0.030330,0,0,0,,,,
C,14500,0.031088,0,0,0,,,,
C,14501,0.036075,0,0,0,,,,
C,14502,0.034346,0,0,0,,,,
C,14503,0.033353,0,0,0,,,,
C,14504,0.034717,0,0,0,,,,
C,14505,0.032707,0,0,0,,,,
C,14506,0.032845,0,0,0,,,,
C,14507,0.030178,0,0,0,,,,
C,14508,0.031230,0,0,0,,,,
C,14509,0.028924,0,0,0,,,,
C,14510,0.029511,0,0,0,,,,
C,14511,0.029601,0,0,0,,,,
C,14512,0.030227,0,0,0,,,,
C,14513,0.030541,0,0,0,,,,
C,14514,0.029462,0,0,0,,,,
C,14515,0.031095,0,0,0,,,,
C,14516,0.031420,0,0,0,,,,
C,14517,0.029984,0,0,0,,,,
C,14518,0.031416,0,0,0,,,,
C,14519,0.030457,0,0,0,,,,
C,14520,0.042010,0,0,0,,,,
C,14521,0.031434,0,0,0,,,,
C,14522,0.032340,0,0,0,,,,
C,14523,0.032870,0,0,0,,,,
C,14524,0.032417,0,0,0,,,,
C,14525,0.033207,0,0,0,,,,
C,14526,0.033125,0,0,0,,,,
C,14527,0.032851,0,0,0,,,,
C,14528,0.032338,0,0,0,,,,
C,14529,0.031984,0,0,0,,,,
C,14530,0.031838,0,0,0,,,,
C,14531,0.035378,0,0,0,,,,
C,14532,0.044825,0,0,0,,,,
C,14533,0.038176,0,0,0,,,,
C,14534,0.032337,0,0,0,,,,
C,14535,0.029686,0,0,0,,,,
C,14536,0.030470,0,0,0,,,,
C,14537,0.030643,0,0,0,,,,
C,14538,0.032298,0,0,0,,,,
C,14539,0.029861,0,0,0,,,,
C,14540,0.032150,0,0,0,,,,
C,14541,0.031197,0,0,0,,,,
C,14542,0.030134,0,0,0,,,,
C,14543,0.030861,0,0,0,,,,
C,14544,0.030302,0,0,0,,,,
C,14545,0.032775,0,0,0,,,,
C,14546,0.031001,0,0,0,,,,
C,14547,0.030702,0,0,0,,,,
C,14548,0.032647,0,0,0,,,,
C,14549,0.032728,0,0,0,,,,
C,14550,0.030650,0,0,0,,,,
C,14551,0.028971,0,0,0,,,,
C,14552,0.029686,0,0,0,,,,
C,14553,0.032104,0,0,0,,,,
C,14554,0.029851,0,0,0,,,,
C,14555,0.029504,0,0,0,,,,
C,14556,0.029720,0,0,0,,,,
C,14557,0.031519,0,0,0,,,,
C,14558,0.032595,0,0,0,,,,
C,14559,0.031448,0,0,0,,,,
C,14560,0.031161,0,0,0,,,,
C,14561,0.029029,0,0,0,,,,
C,14562,0.031389,0,0,0,,,,
C,14563,0.030362,0,0,0,,,,
C,14564,0.030104,0,0,0,,,,
C,14565,0.030414,0,0,0,,,,
C,14566,0.031117,0,0,0,,,,
C,14567,0.030145,0,0,0,,,,
C,14568,0.031432,0,0,0,,,,
C,14569,0.030583,0,0,0,,,,
C,14570,0.030587,0,0,0,,,,
C,14571,0.029783,0,0,0,,,,
C,14572,0.033507,0,0,0,,,,
C,14573,0.030725,0,0,0,,,,
C,14574,0.031249,0,0,0,,,,
C,14575,0.031402,0,0,0,,,,
C,14576,0.032276,0,0,0,,,,
C,14577,0.032526,0,0,0,,,,
C,14578,0.029342,0,0,0,,,,
C,14579,0.031070,0,0,0,,,,
C,14580,0.028905,0,0,0,,,,
C,14581,0.030052,0,0,0,,,,
C,14582,0.029779,0,0,0,,,,
C,14583,0.030944,0,0,0,,,,
C,14584,0.030654,0,0,0,,,,
C,14585,0.032469,0,0,0,,,,
C,14586,0.031168,0,0,0,,,,
C,14587,0.032619,0,0,0,,,,
C,14588,0.031249,0,0,0,,,,
C,14589,0.029838,0,0,0,,,,
C,14590,0.029220,0,0,0,,,,
C,14591,0.029387,0,0,0,,,,
C,14592,0.031131,0,0,0,,,,
C,14593,0.029989,0,0,0,,,,
C,14594,0.030446,0,0,0,,,,
C,14595,0.032008,0,0,0,,,,
C,14596,0.031751,0,0,0,,,,
C,14597,0.033398,0,0,0,,,,
C,14598,0.029360,0,0,0,,,,
C,14599,0.029975,0,0,0,,,,
C,14600,0.031193,0,0,0,,,,
C,14601,0.035973,0,0,0,,,,
C,14602,0.029239,0,0,0,,,,
C,14603,0.032345,0,0,0,,,,
C,14604,0.030366,0,0,0,,,,
C,14605,0.030107,0,0,0,,,,
C,14606,0.030448,0,0,0,,,,
C,14607,0.030350,0,0,0,,,,
C,14608,0.031276,0,0,0,,,,
C,14609,0.031605,0,0,0,,,,
C,14610,0.029941,0,0,0,,,,
C,14611,0.029398,0,0,0,,,,
C,14612,0.030850,0,0,0,,,,
C,14613,0.031725,0,0,0,,,,
C,14614,0.031109,0,0,0,,,,
C,14615,0.029319,0,0,0,,,,
C,14616,0.032256,0,0,0,,,,
C,14617,0.031579,0,0,0,,,,
C,14618,0.033342,0,0,0,,,,
C,14619,0.031708,0,0,0,,,,
C,14620,0.030120,0,0,0,,,,
C,14621,0.030022,0,0,0,,,,
C,14622,0.029243,0,0,0,,,,
C,14623,0.031724,0,0,0,,,,
C,14624,0.031377,0,0,0,,,,
C,14625,0.035137,0,0,0,,,,
C,14626,0.029145,0,0,0,,,,
C,14627,0.030736,0,0,0,,,,
C,14628,0.031157,0,0,0,,,,
C,14629,0.031663,0,0,0,,,,
C,14630,0.031136,0,0,0,,,,
C,14631,0.029967,0,0,0,,,,
C,14632,0.030339,0,0,0,,,,
C,14633,0.031051,0,0,0,,,,
C,14634,0.030228,0,0,0,,,,
C,14635,0.030113,0,0,0,,,,
C,14636,0.029004,0,0,0,,,,
C,14637,0.030068,0,0,0,,,,
C,14638,0.031588,0,0,0,,,,
C,14639,0.033129,0,0,0,,,,
C,14640,0.032063,0,0,0,,,,
C,14641,0.032689,0,0,0,,,,
C,14642,0.032646,0,0,0,,,,
C,14643,0.031599,0,0,0,,,,
C,14644,0.031245,0,0,0,,,,
C,14645,0.031266,0,0,0,,,,
C,14646,0.030523,0,0,0,,,,
C,14647,0.030312,0,0,0,,,,
C,14648,0.031513,0,0,0,,,,
C,14649,0.029333,0,0,0,,,,
C,14650,0.029772,0,0,0,,,,
C,14651,0.031503,0,0,0,,,,
C,14652,0.030350,0,0,0,,,,
C,14653,0.031291,0,0,0,,,,
C,14654,0.032381,0,0,0,,,,
C,14655,0.029839,0,0,0,,,,
C,14656,0.030790,0,0,0,,,,
C,14657,0.031560,0,0,0,,,,
C,14658,0.030030,0,0,0,,,,
C,14659,0.031455,0,0,0,,,,
C,14660,0.030172,0,0,0,,,,
C,14661,0.032026,0,0,0,,,,
C,14662,0.032931,0,0,0,,,,
C,14663,0.030452,0,0,0,,,,
C,14664,0.030224,0,0,0,,,,
C,14665,0.034490,0,0,0,,,,
C,14666,0.032344,0,0,0,,,,
C,14667,0.035167,0,0,0,,,,
C,14668,0.032732,0,0,0,,,,
C,14669,0.031598,0,0,0,,,,
C,14670,0.030191,0,0,0,,,,
C,14671,0.030670,0,0,0,,,,
C,14672,0.030563,0,0,0,,,,
C,14673,0.030293,0,0,0,,,,
C,14674,0.031616,0,0,0,,,,
C,14675,0.034242,0,0,0,,,,
C,14676,0.031473,0,0,0,,,,
C,14677,0.030865,0,0,0,,,,
C,14678,0.030641,0,0,0,,,,
C,14679,0.030413,0,0,0,,,,
C,14680,0.030636,0,0,0,,,,
C,14681,0.030606,0,0,0,,,,
C,14682,0.031961,0,0,0,,,,
C,14683,0.033814,0,0,0,,,,
C,14684,0.033467,0,0,0,,,,
C,14685,0.031588,0,0,0,,,,
C,14686,0.049308,0,0,0,,,,
C,14687,0.034364,0,0,0,,,,
C,14688,0.031253,0,0,0,,,,
C,14689,0.030091,0,0,0,,,,
C,14690,0.031421,0,0,0,,,,
C,14691,0.029283,0,0,0,,,,
C,14692,0.031011,0,0,0,,,,
C,14693,0.032044,0,0,0,,,,
C,14694,0.033442,0,0,0,,,,
C,14695,0.032086,0,0,0,,,,
C,14696,0.033449,0,0,0,,,,
C,14697,0.033296,0,0,0,,,,
C,14698,0.032435,0,0,0,,,,
C,14699,0.029167,0,0,0,,,,
C,14700,0.032260,0,0,0,,,,
C,14701,0.030494,0,0,0,,,,
C,14702,0.030422,0,0,0,,,,
C,14703,0.028439,0,0,0,,,,
C,14704,0.031372,0,0,0,,,,
C,14705,0.030659,0,0,0,,,,
C,14706,0.033230,0,0,0,,,,
C,14707,0.030840,0,0,0,,,,
C,14708,0.032769,0,0,0,,,,
C,14709,0.034038,0,0,0,,,,
C,14710,0.030141,0,0,0,,,,
C,14711,0.029391,0,0,0,,,,
C,14712,0.030709,0,0,0,,,,
C,14713,0.031360,0,0,0,,,,
C,14714,0.032813,0,0,0,,,,
C,14715,0.027976,0,0,0,,,,
C,14716,0.031108,0,0,0,,,,
C,14717,0.029288,0,0,0,,,,
C,14718,0.028783,0,0,0,,,,
C,14719,0.035565,0,0,0,,,,
C,14720,0.033691,0,0,0,,,,
C,14721,0.031028,0,0,0,,,,
C,14722,0.031006,0,0,0,,,,
C,14723,0.032391,0,0,0,,,,
C,14724,0.033066,0,0,0,,,,
C,14725,0.031851,0,0,0,,,,
C,14726,0.035496,0,0,0,,,,
C,14727,0.031954,0,0,0,,,,
C,14728,0.029412,0,0,0,,,,
C,14729,0.031093,0,0,0,,,,
C,14730,0.038645,0,0,0,,,,
C,14731,0.044692,0,0,0,,,,
C,14732,0.032354,0,0,0,,,,
C,14733,0.029837,0,0,0,,,,
C,14734,0.030948,0,0,0,,,,
C,14735,0.030527,0,0,0,,,,
C,14736,0.031898,0,0,0,,,,
C,14737,0.030384,0,0,0,,,,
C,14738,0.030593,0,0,0,,,,
C,14739,0.031759,0,0,0,,,,
C,14740,0.033740,0,0,0,,,,
C,14741,0.032141,0,0,0,,,,
C,14742,0.037538,0,0,0,,,,
C,14743,0.035428,0,0,0,,,,
C,14744,0.041432,0,0,0,,,,
C,14745,0.034544,0,0,0,,,,
C,14746,0.033895,0,0,0,,,,
C,14747,0.033592,0,0,0,,,,
C,14748,0.031799,0,0,0,,,,
C,14749,0.031706,0,0,0,,,,
C,14750,0.044203,0,0,0,,,,
C,14751,0.035593,0,0,0,,,,
C,14752,0.036530,0,0,0,,,,
C,14753,0.035452,0,0,0,,,,
C,14754,0.035218,0,0,0,,,,
C,14755,0.037316,0,0,0,,,,
C,14756,0.034096,0,0,0,,,,
C,14757,0.029892,0,0,0,,,,
C,14758,0.030551,0,0,0,,,,
C,14759,0.031473,0,0,0,,,,
C,14760,0.031134,0,0,0,,,,
C,14761,0.029822,0,0,0,,,,
C,14762,0.032064,0,0,0,,,,
C,14763,0.030836,0,0,0,,,,
C,14764,0.030440,0,0,0,,,,
C,14765,0.030223,0,0,0,,,,
C,14766,0.030047,0,0,0,,,,
C,14767,0.031268,0,0,0,,,,
C,14768,0.031792,0,0,0,,,,
C,14769,0.030397,0,0,0,,,,
C,14770,0.031615,0,0,0,,,,
C,14771,0.030164,0,0,0,,,,
C,14772,0.029341,0,0,0,,,,
C,14773,0.030367,0,0,0,,,,
C,14774,0.029592,0,0,0,,,,
C,14775,0.031139,0,0,0,,,,
C,14776,0.031908,0,0,0,,,,
C,14777,0.028746,0,0,0,,,,
C,14778,0.030948,0,0,0,,,,
C,14779,0.031011,0,0,0,,,,
C,14780,0.029697,0,0,0,,,,
C,14781,0.030169,0,0,0,,,,
C,14782,0.029291,0,0,0,,,,
C,14783,0.031477,0,0,0,,,,
C,14784,0.028207,0,0,0,,,,
C,14785,0.042280,0,0,0,,,,
C,14786,0.033774,0,0,0,,,,
C,14787,0.031622,0,0,0,,,,
C,14788,0.030168,0,0,0,,,,
C,14789,0.029978,0,0,0,,,,
C,14790,0.029376,0,0,0,,,,
C,14791,0.029533,0,0,0,,,,
C,14792,0.030827,0,0,0,,,,
C,14793,0.029780,0,0,0,,,,
C,14794,0.029913,0,0,0,,,,
C,14795,0.030369,0,0,0,,,,
C,14796,0.030650,0,0,0,,,,
C,14797,0.030721,0,0,0,,,,
C,14798,0.031121,0,0,0,,,,
C,14799,0.029413,0,0,0,,,,
C,14800,0.029740,0,0,0,,,,
C,14801,0.029724,0,0,0,,,,
C,14802,0.029716,0,0,0,,,,
C,14803,0.031478,0,0,0,,,,
C,14804,0.035412,0,0,0,,,,
C,14805,0.032161,0,0,0,,,,
C,14806,0.030985,0,0,0,,,,
C,14807,0.035572,0,0,0,,,,
C,14808,0.035955,0,0,0,,,,
C,14809,0.033481,0,0,0,,,,
C,14810,0.032753,0,0,0,,,,
C,14811,0.031815,0,0,0,,,,
C,14812,0.031600,0,0,0,,,,
C,14813,0.037143,0,0,0,,,,
C,14814,0.031043,0,0,0,,,,
C,14815,0.032491,0,0,0,,,,
C,14816,0.032836,0,0,0,,,,
C,14817,0.030528,0,0,0,,,,
C,14818,0.031669,0,0,0,,,,
C,14819,0.035728,0,0,0,,,,
C,14820,0.031863,0,0,0,,,,
C,14821,0.032379,0,0,0,,,,
C,14822,0.031424,0,0,0,,,,
C,14823,0.031359,0,0,0,,,,
C,14824,0.031884,0,0,0,,,,
C,14825,0.034234,0,0,0,,,,
C,14826,0.030608,0,0,0,,,,
C,14827,0.030873,0,0,0,,,,
C,14828,0.031478,0,0,0,,,,
C,14829,0.032510,0,0,0,,,,
C,14830,0.032991,0,0,0,,,,
C,14831,0.030873,0,0,0,,,,
C,14832,0.029720,0,0,0,,,,
C,14833,0.029672,0,0,0,,,,
C,14834,0.031450,0,0,0,,,,
C,14835,0.035330,0,0,0,,,,
C,14836,0.036402,0,0,0,,,,
C,14837,0.039207,0,0,0,,,,
C,14838,0.048176,0,0,0,,,,
C,14839,0.033923,0,0,0,,,,
C,14840,0.036186,0,0,0,,,,
C,14841,0.036515,0,0,0,,,,
C,14842,0.045079,0,0,0,,,,
C,14843,0.045843,0,0,0,,,,
C,14844,0.053187,0,0,0,,,,
C,14845,0.039873,0,0,0,,,,
C,14846,0.036210,0,0,0,,,,
C,14847,0.051522,0,0,0,,,,
C,14848,0.039431,0,0,0,,,,
C,14849,0.033892,0,0,0,,,,
C,14850,0.034107,0,0,0,,,,
C,14851,0.044588,0,0,0,,,,
C,14852,0.036178,0,0,0,,,,
C,14853,0.035242,0,0,0,,,,
C,14854,0.036238,0,0,0,,,,
C,14855,0.042285,0,0,0,,,,
C,14856,0.036382,0,0,0,,,,
C,14857,0.038505,0,0,0,,,,
C,14858,0.037420,0,0,0,,,,
C,14859,0.040358,0,0,0,,,,
C,14860,0.047631,0,0,0,,,,
C,14861,0.043688,0,0,0,,,,
C,14862,0.041246,0,0,0,,,,
C,14863,0.045020,0,0,0,,,,
C,14864,0.067184,0,0,0,,,,
C,14865,0.071952,0,0,0,,,,
C,14866,0.041037,0,0,0,,,,
C,14867,0.039361,0,0,0,,,,
C,14868,0.047713,0,0,0,,,,
C,14869,0.045914,0,0,0,,,,
C,14870,0.051165,0,0,0,,,,
C,14871,0.044171,0,0,0,,,,
C,14872,0.039585,0,0,0,,,,
C,14873,0.051912,0,0,0,,,,
C,14874,0.059445,0,0,0,,,,
C,14875,0.047011,0,0,0,,,,
C,14876,0.050722,0,0,0,,,,
C,14877,0.043698,0,0,0,,,,
C,14878,0.051297,0,0,0,,,,
C,14879,0.062723,0,0,0,,,,
C,14880,0.049481,0,0,0,,,,
C,14881,0.036721,0,0,0,,,,
C,14882,0.038960,0,0,0,,,,
C,14883,0.036462,0,0,0,,,,
C,14884,0.046446,0,0,0,,,,
C,14885,0.043823,0,0,0,,,,
C,14886,0.039237,0,0,0,,,,
C,14887,0.035771,0,0,0,,,,
C,14888,0.036179,0,0,0,,,,
C,14889,0.050743,0,0,0,,,,
C,14890,0.035416,0,0,0,,,,
C,14891,0.033826,0,0,0,,,,
C,14892,0.032889,0,0,0,,,,
C,14893,0.040286,0,0,0,,,,
C,14894,0.038249,0,0,0,,,,
C,14895,0.039403,0,0,0,,,,
C,14896,0.048330,0,0,0,,,,
C,14897,0.033608,0,0,0,,,,
C,14898,0.063833,0,0,0,,,,
C,14899,0.051792,0,0,0,,,,
C,14900,0.063655,0,0,0,,,,
C,14901,0.083658,0,0,0,,,,
C,14902,0.057031,0,0,0,,,,
C,14903,0.051223,0,0,0,,,,
C,14904,0.053014,0,0,0,,,,
C,14905,0.049474,0,0,0,,,,
C,14906,0.044457,0,0,0,,,,
C,14907,0.043380,0,0,0,,,,
C,14908,0.039786,0,0,0,,,,
C,14909,0.034422,0,0,0,,,,
C,14910,0.035481,0,0,0,,,,
C,14911,0.036118,0,0,0,,,,
C,14912,0.032483,0,0,0,,,,
C,14913,0.032775,0,0,0,,,,
C,14914,0.030690,0,0,0,,,,
C,14915,0.033069,0,0,0,,,,
C,14916,0.030251,0,0,0,,,,
C,14917,0.033637,0,0,0,,,,
C,14918,0.031524,0,0,0,,,,
C,14919,0.033822,0,0,0,,,,
C,14920,0.039080,0,0,0,,,,
C,14921,0.038353,0,0,0,,,,
C,14922,0.035839,0,0,0,,,,
C,14923,0.045699,0,0,0,,,,
C,14924,0.036822,0,0,0,,,,
C,14925,0.046566,0,0,0,,,,
C,14926,0.043829,0,0,0,,,,
C,14927,0.043328,0,0,0,,,,
C,14928,0.033071,0,0,0,,,,
C,14929,0.034742,0,0,0,,,,
C,14930,0.035259,0,0,0,,,,
C,14931,0.033568,0,0,0,,,,
C,14932,0.032693,0,0,0,,,,
C,14933,0.032771,0,0,0,,,,
C,14934,0.033478,0,0,0,,,,
C,14935,0.032026,0,0,0,,,,
C,14936,0.031686,0,0,0,,,,
C,14937,0.031592,0,0,0,,,,
C,14938,0.030571,0,0,0,,,,
C,14939,0.029940,0,0,0,,,,
C,14940,0.029769,0,0,0,,,,
C,14941,0.031282,0,0,0,,,,
C,14942,0.030068,0,0,0,,,,
C,14943,0.030850,0,0,0,,,,
C,14944,0.031340,0,0,0,,,,
C,14945,0.031804,0,0,0,,,,
C,14946,0.031739,0,0,0,,,,
C,14947,0.033335,0,0,0,,,,
C,14948,0.033004,0,0,0,,,,
C,14949,0.032137,0,0,0,,,,
C,14950,0.031474,0,0,0,,,,
C,14951,0.033045,0,0,0,,,,
C,14952,0.032010,0,0,0,,,,
C,14953,0.031519,0,0,0,,,,
C,14954,0.033182,0,0,0,,,,
C,14955,0.030531,0,0,0,,,,
C,14956,0.029230,0,0,0,,,,
C,14957,0.029035,0,0,0,,,,
C,14958,0.030036,0,0,0,,,,
C,14959,0.030824,0,0,0,,,,
C,14960,0.031897,0,0,0,,,,
C,14961,0.031376,0,0,0,,,,
C,14962,0.031203,0,0,0,,,,
C,14963,0.031945,0,0,0,,,,
C,14964,0.029864,0,0,0,,,,
C,14965,0.034674,0,0,0,,,,
C,14966,0.031161,0,0,0,,,,
C,14967,0.039956,0,0,0,,,,
C,14968,0.035959,0,0,0,,,,
C,14969,0.030970,0,0,0,,,,
C,14970,0.031048,0,0,0,,,,
C,14971,0.031890,0,0,0,,,,
C,14972,0.030057,0,0,0,,,,
C,14973,0.033742,0,0,0,,,,
C,14974,0.030044,0,0,0,,,,
C,14975,0.035958,0,0,0,,,,
C,14976,0.034202,0,0,0,,,,
C,14977,0.033513,0,0,0,,,,
C,14978,0.031733,0,0,0,,,,
C,14979,0.031912,0,0,0,,,,
C,14980,0.032745,0,0,0,,,,
C,14981,0.030410,0,0,0,,,,
C,14982,0.030315,0,0,0,,,,
C,14983,0.028881,0,0,0,,,,
C,14984,0.030807,0,0,0,,,,
C,14985,0.029195,0,0,0,,,,
C,14986,0.028522,0,0,0,,,,
C,14987,0.029651,0,0,0,,,,
C,14988,0.031136,0,0,0,,,,
C,14989,0.032798,0,0,0,,,,
C,14990,0.030124,0,0,0,,,,
C,14991,0.031337,0,0,0,,,,
C,14992,0.031164,0,0,0,,,,
C,14993,0.032775,0,0,0,,,,
C,14994,0.032564,0,0,0,,,,
C,14995,0.030059,0,0,0,,,,
C,14996,0.030390,0,0,0,,,,
C,14997,0.031427,0,0,0,,,,
C,14998,0.030358,0,0,0,,,,
C,14999,0.029215,0,0,0,,,,
C,15000,0.031508,0,0,0,218.1,9.136e-11,"{'checked': 26, 'zsx_rejected': 6, 'default_rejected': 0, 'closed_form_forced': 0, 'inexact': 9, 'exact_rebuilt': 0, 'best_effort': 0, 'best_effort_worst': 0.0, 'psf_rerouted': 0, 'psf_rerouted_worst_residual': 0.0}",705
C,15001,0.033568,0,0,0,,,,
C,15002,0.032910,0,0,0,,,,
C,15003,0.032014,0,0,0,,,,
C,15004,0.036637,0,0,0,,,,
C,15005,0.036107,0,0,0,,,,
C,15006,0.039502,0,0,0,,,,
C,15007,0.029799,0,0,0,,,,
C,15008,0.033086,0,0,0,,,,
C,15009,0.050187,0,0,0,,,,
C,15010,0.039990,0,0,0,,,,
C,15011,0.031747,0,0,0,,,,
C,15012,0.031624,0,0,0,,,,
C,15013,0.030565,0,0,0,,,,
C,15014,0.031230,0,0,0,,,,
C,15015,0.030837,0,0,0,,,,
C,15016,0.029716,0,0,0,,,,
C,15017,0.031632,0,0,0,,,,
C,15018,0.033479,0,0,0,,,,
C,15019,0.030929,0,0,0,,,,
C,15020,0.030613,0,0,0,,,,
C,15021,0.030838,0,0,0,,,,
C,15022,0.030320,0,0,0,,,,
C,15023,0.041235,0,0,0,,,,
C,15024,0.038218,0,0,0,,,,
C,15025,0.034239,0,0,0,,,,
C,15026,0.032037,0,0,0,,,,
C,15027,0.032771,0,0,0,,,,
C,15028,0.034893,0,0,0,,,,
C,15029,0.031890,0,0,0,,,,
C,15030,0.029681,0,0,0,,,,
C,15031,0.031913,0,0,0,,,,
C,15032,0.030638,0,0,0,,,,
C,15033,0.029481,0,0,0,,,,
C,15034,0.031262,0,0,0,,,,
C,15035,0.030047,0,0,0,,,,
C,15036,0.031987,0,0,0,,,,
C,15037,0.031033,0,0,0,,,,
C,15038,0.029117,0,0,0,,,,
C,15039,0.030098,0,0,0,,,,
C,15040,0.030153,0,0,0,,,,
C,15041,0.033074,0,0,0,,,,
C,15042,0.029698,0,0,0,,,,
C,15043,0.041419,0,0,0,,,,
C,15044,0.040497,0,0,0,,,,
C,15045,0.063226,0,0,0,,,,
C,15046,0.058811,0,0,0,,,,
C,15047,0.047966,0,0,0,,,,
C,15048,0.046930,0,0,0,,,,
C,15049,0.059443,0,0,0,,,,
C,15050,0.045666,0,0,0,,,,
C,15051,0.046374,0,0,0,,,,
C,15052,0.054569,0,0,0,,,,
C,15053,0.052038,0,0,0,,,,
C,15054,0.054491,0,0,0,,,,
C,15055,0.065922,0,0,0,,,,
C,15056,0.044857,0,0,0,,,,
C,15057,0.043596,0,0,0,,,,
C,15058,0.048652,0,0,0,,,,
C,15059,0.045043,0,0,0,,,,
C,15060,0.044343,0,0,0,,,,
C,15061,0.045159,0,0,0,,,,
C,15062,0.037408,0,0,0,,,,
C,15063,0.039730,0,0,0,,,,
C,15064,0.042042,0,0,0,,,,
C,15065,0.037805,0,0,0,,,,
C,15066,0.041235,0,0,0,,,,
C,15067,0.033119,0,0,0,,,,
C,15068,0.031642,0,0,0,,,,
C,15069,0.030947,0,0,0,,,,
C,15070,0.032327,0,0,0,,,,
C,15071,0.033474,0,0,0,,,,
C,15072,0.029380,0,0,0,,,,
C,15073,0.030182,0,0,0,,,,
C,15074,0.037304,0,0,0,,,,
C,15075,0.040123,0,0,0,,,,
C,15076,0.040752,0,0,0,,,,
C,15077,0.037942,0,0,0,,,,
C,15078,0.045334,0,0,0,,,,
C,15079,0.052027,0,0,0,,,,
C,15080,0.032774,0,0,0,,,,
C,15081,0.031427,0,0,0,,,,
C,15082,0.029794,0,0,0,,,,
C,15083,0.032570,0,0,0,,,,
C,15084,0.043267,0,0,0,,,,
C,15085,0.058941,0,0,0,,,,
C,15086,0.039278,0,0,0,,,,
C,15087,0.035085,0,0,0,,,,
C,15088,0.039541,0,0,0,,,,
C,15089,0.040327,0,0,0,,,,
C,15090,0.035008,0,0,0,,,,
C,15091,0.039496,0,0,0,,,,
C,15092,0.033164,0,0,0,,,,
C,15093,0.033339,0,0,0,,,,
C,15094,0.030702,0,0,0,,,,
C,15095,0.048978,0,0,0,,,,
C,15096,0.031006,0,0,0,,,,
C,15097,0.031126,0,0,0,,,,
C,15098,0.031900,0,0,0,,,,
C,15099,0.029701,0,0,0,,,,
C,15100,0.030211,0,0,0,,,,
C,15101,0.031603,0,0,0,,,,
C,15102,0.029985,0,0,0,,,,
C,15103,0.030171,0,0,0,,,,
C,15104,0.032098,0,0,0,,,,
C,15105,0.031671,0,0,0,,,,
C,15106,0.030795,0,0,0,,,,
C,15107,0.030187,0,0,0,,,,
C,15108,0.029211,0,0,0,,,,
C,15109,0.031897,0,0,0,,,,
C,15110,0.031364,0,0,0,,,,
C,15111,0.032093,0,0,0,,,,
C,15112,0.032074,0,0,0,,,,
C,15113,0.032199,0,0,0,,,,
C,15114,0.034614,0,0,0,,,,
C,15115,0.029763,0,0,0,,,,
C,15116,0.031685,0,0,0,,,,
C,15117,0.030480,0,0,0,,,,
C,15118,0.031045,0,0,0,,,,
C,15119,0.028417,0,0,0,,,,
C,15120,0.030715,0,0,0,,,,
C,15121,0.031911,0,0,0,,,,
C,15122,0.043433,0,0,0,,,,
C,15123,0.055815,0,0,0,,,,
C,15124,0.032955,0,0,0,,,,
C,15125,0.032663,0,0,0,,,,
C,15126,0.035990,0,0,0,,,,
C,15127,0.034550,0,0,0,,,,
C,15128,0.034577,0,0,0,,,,
C,15129,0.032375,0,0,0,,,,
C,15130,0.034865,0,0,0,,,,
C,15131,0.033530,0,0,0,,,,
C,15132,0.031856,0,0,0,,,,
C,15133,0.036075,0,0,0,,,,
C,15134,0.031883,0,0,0,,,,
C,15135,0.032430,0,0,0,,,,
C,15136,0.031256,0,0,0,,,,
C,15137,0.036059,0,0,0,,,,
C,15138,0.031146,0,0,0,,,,
C,15139,0.031973,0,0,0,,,,
C,15140,0.032406,0,0,0,,,,
C,15141,0.035191,0,0,0,,,,
C,15142,0.030440,0,0,0,,,,
C,15143,0.030927,0,0,0,,,,
C,15144,0.033206,0,0,0,,,,
C,15145,0.037417,0,0,0,,,,
C,15146,0.043011,0,0,0,,,,
C,15147,0.048495,0,0,0,,,,
C,15148,0.048028,0,0,0,,,,
C,15149,0.037735,0,0,0,,,,
C,15150,0.055860,0,0,0,,,,
C,15151,0.049267,0,0,0,,,,
C,15152,0.046475,0,0,0,,,,
C,15153,0.050612,0,0,0,,,,
C,15154,0.054217,0,0,0,,,,
C,15155,0.040818,0,0,0,,,,
C,15156,0.041557,0,0,0,,,,
C,15157,0.036931,0,0,0,,,,
C,15158,0.037943,0,0,0,,,,
C,15159,0.044500,0,0,0,,,,
C,15160,0.043138,0,0,0,,,,
C,15161,0.031614,0,0,0,,,,
C,15162,0.038342,0,0,0,,,,
C,15163,0.042439,0,0,0,,,,
C,15164,0.040852,0,0,0,,,,
C,15165,0.038087,0,0,0,,,,
C,15166,0.035670,0,0,0,,,,
C,15167,0.034516,0,0,0,,,,
C,15168,0.033032,0,0,0,,,,
C,15169,0.037353,0,0,0,,,,
C,15170,0.037995,0,0,0,,,,
C,15171,0.033780,0,0,0,,,,
C,15172,0.032090,0,0,0,,,,
C,15173,0.037036,0,0,0,,,,
C,15174,0.036171,0,0,0,,,,
C,15175,0.038762,0,0,0,,,,
C,15176,0.042865,0,0,0,,,,
C,15177,0.053218,0,0,0,,,,
C,15178,0.045166,0,0,0,,,,
C,15179,0.033886,0,0,0,,,,
C,15180,0.033518,0,0,0,,,,
C,15181,0.034229,0,0,0,,,,
C,15182,0.054205,0,0,0,,,,
C,15183,0.041160,0,0,0,,,,
C,15184,0.059950,0,0,0,,,,
C,15185,0.041888,0,0,0,,,,
C,15186,0.034679,0,0,0,,,,
C,15187,0.032592,0,0,0,,,,
C,15188,0.029671,0,0,0,,,,
C,15189,0.033057,0,0,0,,,,
C,15190,0.036714,0,0,0,,,,
C,15191,0.042323,0,0,0,,,,
C,15192,0.041896,0,0,0,,,,
C,15193,0.034331,0,0,0,,,,
C,15194,0.031981,0,0,0,,,,
C,15195,0.035913,0,0,0,,,,
C,15196,0.046161,0,0,0,,,,
C,15197,0.039421,0,0,0,,,,
C,15198,0.040624,0,0,0,,,,
C,15199,0.042283,0,0,0,,,,
C,15200,0.043512,0,0,0,,,,
C,15201,0.054622,0,0,0,,,,
C,15202,0.037666,0,0,0,,,,
C,15203,0.045193,0,0,0,,,,
C,15204,0.042645,0,0,0,,,,
C,15205,0.035829,0,0,0,,,,
C,15206,0.036460,0,0,0,,,,
C,15207,0.038260,0,0,0,,,,
C,15208,0.037928,0,0,0,,,,
C,15209,0.038663,0,0,0,,,,
C,15210,0.052202,0,0,0,,,,
C,15211,0.079104,0,0,0,,,,
C,15212,0.046318,0,0,0,,,,
C,15213,0.045481,0,0,0,,,,
C,15214,0.038523,0,0,0,,,,
C,15215,0.039319,0,0,0,,,,
C,15216,0.034626,0,0,0,,,,
C,15217,0.039252,0,0,0,,,,
C,15218,0.051504,0,0,0,,,,
C,15219,0.044336,0,0,0,,,,
C,15220,0.036751,0,0,0,,,,
C,15221,0.036424,0,0,0,,,,
C,15222,0.031282,0,0,0,,,,
C,15223,0.032327,0,0,0,,,,
C,15224,0.032119,0,0,0,,,,
C,15225,0.033625,0,0,0,,,,
C,15226,0.034085,0,0,0,,,,
C,15227,0.030681,0,0,0,,,,
C,15228,0.032064,0,0,0,,,,
C,15229,0.031030,0,0,0,,,,
C,15230,0.034456,0,0,0,,,,
C,15231,0.037338,0,0,0,,,,
C,15232,0.035922,0,0,0,,,,
C,15233,0.049255,0,0,0,,,,
C,15234,0.040616,0,0,0,,,,
C,15235,0.036554,0,0,0,,,,
C,15236,0.034696,0,0,0,,,,
C,15237,0.042061,0,0,0,,,,
C,15238,0.035893,0,0,0,,,,
C,15239,0.029955,0,0,0,,,,
C,15240,0.032267,0,0,0,,,,
C,15241,0.033528,0,0,0,,,,
C,15242,0.034597,0,0,0,,,,
C,15243,0.040937,0,0,0,,,,
C,15244,0.034890,0,0,0,,,,
C,15245,0.033201,0,0,0,,,,
C,15246,0.038150,0,0,0,,,,
C,15247,0.034511,0,0,0,,,,
C,15248,0.031226,0,0,0,,,,
C,15249,0.033150,0,0,0,,,,
C,15250,0.031874,0,0,0,,,,
C,15251,0.034080,0,0,0,,,,
C,15252,0.033656,0,0,0,,,,
C,15253,0.032761,0,0,0,,,,
C,15254,0.033958,0,0,0,,,,
C,15255,0.030964,0,0,0,,,,
C,15256,0.032299,0,0,0,,,,
C,15257,0.032393,0,0,0,,,,
C,15258,0.032180,0,0,0,,,,
C,15259,0.031743,0,0,0,,,,
C,15260,0.034352,0,0,0,,,,
C,15261,0.033066,0,0,0,,,,
C,15262,0.032606,0,0,0,,,,
C,15263,0.032173,0,0,0,,,,
C,15264,0.031153,0,0,0,,,,
C,15265,0.033625,0,0,0,,,,
C,15266,0.032048,0,0,0,,,,
C,15267,0.034737,0,0,0,,,,
C,15268,0.035250,0,0,0,,,,
C,15269,0.031287,0,0,0,,,,
C,15270,0.031437,0,0,0,,,,
C,15271,0.033237,0,0,0,,,,
C,15272,0.032471,0,0,0,,,,
C,15273,0.034950,0,0,0,,,,
C,15274,0.034318,0,0,0,,,,
C,15275,0.032058,0,0,0,,,,
C,15276,0.033862,0,0,0,,,,
C,15277,0.032908,0,0,0,,,,
C,15278,0.034779,0,0,0,,,,
C,15279,0.035130,0,0,0,,,,
C,15280,0.035052,0,0,0,,,,
C,15281,0.036084,0,0,0,,,,
C,15282,0.034220,0,0,0,,,,
C,15283,0.033717,0,0,0,,,,
C,15284,0.037002,0,0,0,,,,
C,15285,0.032128,0,0,0,,,,
C,15286,0.030725,0,0,0,,,,
C,15287,0.031219,0,0,0,,,,
C,15288,0.029575,0,0,0,,,,
C,15289,0.030631,0,0,0,,,,
C,15290,0.029122,0,0,0,,,,
C,15291,0.031944,0,0,0,,,,
C,15292,0.031646,0,0,0,,,,
C,15293,0.031813,0,0,0,,,,
C,15294,0.029735,0,0,0,,,,
C,15295,0.030775,0,0,0,,,,
C,15296,0.031717,0,0,0,,,,
C,15297,0.033837,0,0,0,,,,
C,15298,0.032938,0,0,0,,,,
C,15299,0.037644,0,0,0,,,,
C,15300,0.034936,0,0,0,,,,
C,15301,0.033002,0,0,0,,,,
C,15302,0.032264,0,0,0,,,,
C,15303,0.029853,0,0,0,,,,
C,15304,0.030365,0,0,0,,,,
C,15305,0.031419,0,0,0,,,,
C,15306,0.031003,0,0,0,,,,
C,15307,0.031839,0,0,0,,,,
C,15308,0.029693,0,0,0,,,,
C,15309,0.033087,0,0,0,,,,
C,15310,0.030660,0,0,0,,,,
C,15311,0.041607,0,0,0,,,,
C,15312,0.036860,0,0,0,,,,
C,15313,0.031506,0,0,0,,,,
C,15314,0.029275,0,0,0,,,,
C,15315,0.030428,0,0,0,,,,
C,15316,0.030699,0,0,0,,,,
C,15317,0.031980,0,0,0,,,,
C,15318,0.029730,0,0,0,,,,
C,15319,0.036729,0,0,0,,,,
C,15320,0.030843,0,0,0,,,,
C,15321,0.032846,0,0,0,,,,
C,15322,0.041094,0,0,0,,,,
C,15323,0.033859,0,0,0,,,,
C,15324,0.030599,0,0,0,,,,
C,15325,0.031141,0,0,0,,,,
C,15326,0.030770,0,0,0,,,,
C,15327,0.030752,0,0,0,,,,
C,15328,0.032769,0,0,0,,,,
C,15329,0.032916,0,0,0,,,,
C,15330,0.032467,0,0,0,,,,
C,15331,0.033063,0,0,0,,,,
C,15332,0.031958,0,0,0,,,,
C,15333,0.035052,0,0,0,,,,
C,15334,0.033818,0,0,0,,,,
C,15335,0.032466,0,0,0,,,,
C,15336,0.032866,0,0,0,,,,
C,15337,0.031911,0,0,0,,,,
C,15338,0.031988,0,0,0,,,,
C,15339,0.035009,0,0,0,,,,
C,15340,0.032993,0,0,0,,,,
C,15341,0.034506,0,0,0,,,,
C,15342,0.032614,0,0,0,,,,
C,15343,0.033882,0,0,0,,,,
C,15344,0.034013,0,0,0,,,,
C,15345,0.032705,0,0,0,,,,
C,15346,0.033336,0,0,0,,,,
C,15347,0.031276,0,0,0,,,,
C,15348,0.031993,0,0,0,,,,
C,15349,0.031635,0,0,0,,,,
C,15350,0.032148,0,0,0,,,,
C,15351,0.033798,0,0,0,,,,
C,15352,0.033618,0,0,0,,,,
C,15353,0.032616,0,0,0,,,,
C,15354,0.031227,0,0,0,,,,
C,15355,0.031542,0,0,0,,,,
C,15356,0.029414,0,0,0,,,,
C,15357,0.031929,0,0,0,,,,
C,15358,0.030583,0,0,0,,,,
C,15359,0.031678,0,0,0,,,,
C,15360,0.031176,0,0,0,,,,
C,15361,0.033090,0,0,0,,,,
C,15362,0.032115,0,0,0,,,,
C,15363,0.031753,0,0,0,,,,
C,15364,0.033358,0,0,0,,,,
C,15365,0.037415,0,0,0,,,,
C,15366,0.051941,0,0,0,,,,
C,15367,0.053680,0,0,0,,,,
C,15368,0.041107,0,0,0,,,,
C,15369,0.035854,0,0,0,,,,
C,15370,0.033245,0,0,0,,,,
C,15371,0.030136,0,0,0,,,,
C,15372,0.029375,0,0,0,,,,
C,15373,0.030289,0,0,0,,,,
C,15374,0.030189,0,0,0,,,,
C,15375,0.039123,0,0,0,,,,
C,15376,0.037756,0,0,0,,,,
C,15377,0.032198,0,0,0,,,,
C,15378,0.032445,0,0,0,,,,
C,15379,0.032446,0,0,0,,,,
C,15380,0.030743,0,0,0,,,,
C,15381,0.030311,0,0,0,,,,
C,15382,0.028623,0,0,0,,,,
C,15383,0.030173,0,0,0,,,,
C,15384,0.029158,0,0,0,,,,
C,15385,0.031931,0,0,0,,,,
C,15386,0.029277,0,0,0,,,,
C,15387,0.029020,0,0,0,,,,
C,15388,0.031027,0,0,0,,,,
C,15389,0.029284,0,0,0,,,,
C,15390,0.029633,0,0,0,,,,
C,15391,0.031441,0,0,0,,,,
C,15392,0.029765,0,0,0,,,,
C,15393,0.029597,0,0,0,,,,
C,15394,0.029225,0,0,0,,,,
C,15395,0.030834,0,0,0,,,,
C,15396,0.031006,0,0,0,,,,
C,15397,0.032281,0,0,0,,,,
C,15398,0.030803,0,0,0,,,,
C,15399,0.030930,0,0,0,,,,
C,15400,0.034428,0,0,0,,,,
C,15401,0.029722,0,0,0,,,,
C,15402,0.029565,0,0,0,,,,
C,15403,0.030032,0,0,0,,,,
C,15404,0.030994,0,0,0,,,,
C,15405,0.030374,0,0,0,,,,
C,15406,0.033844,0,0,0,,,,
C,15407,0.030591,0,0,0,,,,
C,15408,0.032835,0,0,0,,,,
C,15409,0.030303,0,0,0,,,,
C,15410,0.031228,0,0,0,,,,
C,15411,0.031248,0,0,0,,,,
C,15412,0.030741,0,0,0,,,,
C,15413,0.029378,0,0,0,,,,
C,15414,0.028339,0,0,0,,,,
C,15415,0.030382,0,0,0,,,,
C,15416,0.030983,0,0,0,,,,
C,15417,0.031280,0,0,0,,,,
C,15418,0.033930,0,0,0,,,,
C,15419,0.032780,0,0,0,,,,
C,15420,0.029697,0,0,0,,,,
C,15421,0.030187,0,0,0,,,,
C,15422,0.031826,0,0,0,,,,
C,15423,0.029613,0,0,0,,,,
C,15424,0.030006,0,0,0,,,,
C,15425,0.028787,0,0,0,,,,
C,15426,0.030974,0,0,0,,,,
C,15427,0.029198,0,0,0,,,,
C,15428,0.030485,0,0,0,,,,
C,15429,0.029913,0,0,0,,,,
C,15430,0.030585,0,0,0,,,,
C,15431,0.030104,0,0,0,,,,
C,15432,0.030665,0,0,0,,,,
C,15433,0.031223,0,0,0,,,,
C,15434,0.029401,0,0,0,,,,
C,15435,0.030152,0,0,0,,,,
C,15436,0.029723,0,0,0,,,,
C,15437,0.031375,0,0,0,,,,
C,15438,0.034198,0,0,0,,,,
C,15439,0.034166,0,0,0,,,,
C,15440,0.033504,0,0,0,,,,
C,15441,0.033781,0,0,0,,,,
C,15442,0.041956,0,0,0,,,,
C,15443,0.041975,0,0,0,,,,
C,15444,0.030327,0,0,0,,,,
C,15445,0.031500,0,0,0,,,,
C,15446,0.033917,0,0,0,,,,
C,15447,0.030287,0,0,0,,,,
C,15448,0.030368,0,0,0,,,,
C,15449,0.031615,0,0,0,,,,
C,15450,0.032161,0,0,0,,,,
C,15451,0.031076,0,0,0,,,,
C,15452,0.031339,0,0,0,,,,
C,15453,0.030674,0,0,0,,,,
C,15454,0.029885,0,0,0,,,,
C,15455,0.030070,0,0,0,,,,
C,15456,0.030210,0,0,0,,,,
C,15457,0.030382,0,0,0,,,,
C,15458,0.030842,0,0,0,,,,
C,15459,0.030395,0,0,0,,,,
C,15460,0.030744,0,0,0,,,,
C,15461,0.030362,0,0,0,,,,
C,15462,0.032008,0,0,0,,,,
C,15463,0.029794,0,0,0,,,,
C,15464,0.033436,0,0,0,,,,
C,15465,0.031735,0,0,0,,,,
C,15466,0.029062,0,0,0,,,,
C,15467,0.031499,0,0,0,,,,
C,15468,0.029829,0,0,0,,,,
C,15469,0.030461,0,0,0,,,,
C,15470,0.028983,0,0,0,,,,
C,15471,0.028713,0,0,0,,,,
C,15472,0.031806,0,0,0,,,,
C,15473,0.028978,0,0,0,,,,
C,15474,0.029980,0,0,0,,,,
C,15475,0.033348,0,0,0,,,,
C,15476,0.031244,0,0,0,,,,
C,15477,0.033068,0,0,0,,,,
C,15478,0.030716,0,0,0,,,,
C,15479,0.031125,0,0,0,,,,
C,15480,0.029406,0,0,0,,,,
C,15481,0.030430,0,0,0,,,,
C,15482,0.032952,0,0,0,,,,
C,15483,0.030015,0,0,0,,,,
C,15484,0.030375,0,0,0,,,,
C,15485,0.031500,0,0,0,,,,
C,15486,0.032821,0,0,0,,,,
C,15487,0.031883,0,0,0,,,,
C,15488,0.031214,0,0,0,,,,
C,15489,0.030485,0,0,0,,,,
C,15490,0.031013,0,0,0,,,,
C,15491,0.032024,0,0,0,,,,
C,15492,0.030695,0,0,0,,,,
C,15493,0.029870,0,0,0,,,,
C,15494,0.032473,0,0,0,,,,
C,15495,0.032896,0,0,0,,,,
C,15496,0.029943,0,0,0,,,,
C,15497,0.032308,0,0,0,,,,
C,15498,0.031531,0,0,0,,,,
C,15499,0.031457,0,0,0,,,,
C,15500,0.033623,0,0,0,,,,
C,15501,0.032286,0,0,0,,,,
C,15502,0.029869,0,0,0,,,,
C,15503,0.029999,0,0,0,,,,
C,15504,0.031316,0,0,0,,,,
C,15505,0.031749,0,0,0,,,,
C,15506,0.029186,0,0,0,,,,
C,15507,0.030611,0,0,0,,,,
C,15508,0.030812,0,0,0,,,,
C,15509,0.030446,0,0,0,,,,
C,15510,0.029769,0,0,0,,,,
C,15511,0.030353,0,0,0,,,,
C,15512,0.031136,0,0,0,,,,
C,15513,0.029686,0,0,0,,,,
C,15514,0.029465,0,0,0,,,,
C,15515,0.030609,0,0,0,,,,
C,15516,0.029373,0,0,0,,,,
C,15517,0.030517,0,0,0,,,,
C,15518,0.031678,0,0,0,,,,
C,15519,0.031172,0,0,0,,,,
C,15520,0.030983,0,0,0,,,,
C,15521,0.030625,0,0,0,,,,
C,15522,0.029424,0,0,0,,,,
C,15523,0.032059,0,0,0,,,,
C,15524,0.030730,0,0,0,,,,
C,15525,0.030743,0,0,0,,,,
C,15526,0.032434,0,0,0,,,,
C,15527,0.030281,0,0,0,,,,
C,15528,0.032566,0,0,0,,,,
C,15529,0.030783,0,0,0,,,,
C,15530,0.031729,0,0,0,,,,
C,15531,0.032574,0,0,0,,,,
C,15532,0.031048,0,0,0,,,,
C,15533,0.029652,0,0,0,,,,
C,15534,0.031430,0,0,0,,,,
C,15535,0.031009,0,0,0,,,,
C,15536,0.030463,0,0,0,,,,
C,15537,0.029206,0,0,0,,,,
C,15538,0.030988,0,0,0,,,,
C,15539,0.028415,0,0,0,,,,
C,15540,0.030878,0,0,0,,,,
C,15541,0.030136,0,0,0,,,,
C,15542,0.029918,0,0,0,,,,
C,15543,0.031039,0,0,0,,,,
C,15544,0.030365,0,0,0,,,,
C,15545,0.031729,0,0,0,,,,
C,15546,0.032057,0,0,0,,,,
C,15547,0.031969,0,0,0,,,,
C,15548,0.029393,0,0,0,,,,
C,15549,0.031027,0,0,0,,,,
C,15550,0.031908,0,0,0,,,,
C,15551,0.031673,0,0,0,,,,
C,15552,0.029897,0,0,0,,,,
C,15553,0.029580,0,0,0,,,,
C,15554,0.029850,0,0,0,,,,
C,15555,0.029561,0,0,0,,,,
C,15556,0.031187,0,0,0,,,,
C,15557,0.030776,0,0,0,,,,
C,15558,0.029693,0,0,0,,,,
C,15559,0.030796,0,0,0,,,,
C,15560,0.031081,0,0,0,,,,
C,15561,0.031969,0,0,0,,,,
C,15562,0.031606,0,0,0,,,,
C,15563,0.029106,0,0,0,,,,
C,15564,0.031536,0,0,0,,,,
C,15565,0.029907,0,0,0,,,,
C,15566,0.031885,0,0,0,,,,
C,15567,0.031157,0,0,0,,,,
C,15568,0.031236,0,0,0,,,,
C,15569,0.034053,0,0,0,,,,
C,15570,0.030614,0,0,0,,,,
C,15571,0.033840,0,0,0,,,,
C,15572,0.031212,0,0,0,,,,
C,15573,0.029835,0,0,0,,,,
C,15574,0.030479,0,0,0,,,,
C,15575,0.031761,0,0,0,,,,
C,15576,0.031064,0,0,0,,,,
C,15577,0.031399,0,0,0,,,,
C,15578,0.032028,0,0,0,,,,
C,15579,0.033774,0,0,0,,,,
C,15580,0.032776,0,0,0,,,,
C,15581,0.031983,0,0,0,,,,
C,15582,0.032557,0,0,0,,,,
C,15583,0.033858,0,0,0,,,,
C,15584,0.031339,0,0,0,,,,
C,15585,0.032619,0,0,0,,,,
C,15586,0.029778,0,0,0,,,,
C,15587,0.045336,0,0,0,,,,
C,15588,0.034206,0,0,0,,,,
C,15589,0.039080,0,0,0,,,,
C,15590,0.033210,0,0,0,,,,
C,15591,0.030343,0,0,0,,,,
C,15592,0.031540,0,0,0,,,,
C,15593,0.040210,0,0,0,,,,
C,15594,0.040435,0,0,0,,,,
C,15595,0.030158,0,0,0,,,,
C,15596,0.031889,0,0,0,,,,
C,15597,0.031285,0,0,0,,,,
C,15598,0.032166,0,0,0,,,,
C,15599,0.030915,0,0,0,,,,
C,15600,0.031913,0,0,0,,,,
C,15601,0.029688,0,0,0,,,,
C,15602,0.031237,0,0,0,,,,
C,15603,0.031384,0,0,0,,,,
C,15604,0.029646,0,0,0,,,,
C,15605,0.032727,0,0,0,,,,
C,15606,0.029382,0,0,0,,,,
C,15607,0.030373,0,0,0,,,,
C,15608,0.031818,0,0,0,,,,
C,15609,0.031682,0,0,0,,,,
C,15610,0.031391,0,0,0,,,,
C,15611,0.030668,0,0,0,,,,
C,15612,0.028995,0,0,0,,,,
C,15613,0.029222,0,0,0,,,,
C,15614,0.033656,0,0,0,,,,
C,15615,0.030120,0,0,0,,,,
C,15616,0.031402,0,0,0,,,,
C,15617,0.031143,0,0,0,,,,
C,15618,0.029713,0,0,0,,,,
C,15619,0.028319,0,0,0,,,,
C,15620,0.029029,0,0,0,,,,
C,15621,0.031993,0,0,0,,,,
C,15622,0.030935,0,0,0,,,,
C,15623,0.030740,0,0,0,,,,
C,15624,0.030134,0,0,0,,,,
C,15625,0.029363,0,0,0,,,,
C,15626,0.029300,0,0,0,,,,
C,15627,0.029318,0,0,0,,,,
C,15628,0.029058,0,0,0,,,,
C,15629,0.031611,0,0,0,,,,
C,15630,0.029867,0,0,0,,,,
C,15631,0.030375,0,0,0,,,,
C,15632,0.031899,0,0,0,,,,
C,15633,0.030448,0,0,0,,,,
C,15634,0.031083,0,0,0,,,,
C,15635,0.030357,0,0,0,,,,
C,15636,0.030653,0,0,0,,,,
C,15637,0.029358,0,0,0,,,,
C,15638,0.030206,0,0,0,,,,
C,15639,0.031735,0,0,0,,,,
C,15640,0.030264,0,0,0,,,,
C,15641,0.030816,0,0,0,,,,
C,15642,0.029810,0,0,0,,,,
C,15643,0.031971,0,0,0,,,,
C,15644,0.030751,0,0,0,,,,
C,15645,0.029080,0,0,0,,,,
C,15646,0.030182,0,0,0,,,,
C,15647,0.031202,0,0,0,,,,
C,15648,0.028312,0,0,0,,,,
C,15649,0.029547,0,0,0,,,,
C,15650,0.031494,0,0,0,,,,
C,15651,0.029885,0,0,0,,,,
C,15652,0.031574,0,0,0,,,,
C,15653,0.029966,0,0,0,,,,
C,15654,0.032048,0,0,0,,,,
C,15655,0.029539,0,0,0,,,,
C,15656,0.031393,0,0,0,,,,
C,15657,0.032299,0,0,0,,,,
C,15658,0.033096,0,0,0,,,,
C,15659,0.029947,0,0,0,,,,
C,15660,0.029375,0,0,0,,,,
C,15661,0.030354,0,0,0,,,,
C,15662,0.029561,0,0,0,,,,
C,15663,0.029467,0,0,0,,,,
C,15664,0.030068,0,0,0,,,,
C,15665,0.030062,0,0,0,,,,
C,15666,0.030525,0,0,0,,,,
C,15667,0.031770,0,0,0,,,,
C,15668,0.030935,0,0,0,,,,
C,15669,0.030001,0,0,0,,,,
C,15670,0.031684,0,0,0,,,,
C,15671,0.030415,0,0,0,,,,
C,15672,0.031765,0,0,0,,,,
C,15673,0.030485,0,0,0,,,,
C,15674,0.030124,0,0,0,,,,
C,15675,0.030849,0,0,0,,,,
C,15676,0.031752,0,0,0,,,,
C,15677,0.031996,0,0,0,,,,
C,15678,0.032006,0,0,0,,,,
C,15679,0.038307,0,0,0,,,,
C,15680,0.032791,0,0,0,,,,
C,15681,0.030714,0,0,0,,,,
C,15682,0.029710,0,0,0,,,,
C,15683,0.030593,0,0,0,,,,
C,15684,0.030065,0,0,0,,,,
C,15685,0.029534,0,0,0,,,,
C,15686,0.030103,0,0,0,,,,
C,15687,0.029528,0,0,0,,,,
C,15688,0.033076,0,0,0,,,,
C,15689,0.031491,0,0,0,,,,
C,15690,0.030852,0,0,0,,,,
C,15691,0.029119,0,0,0,,,,
C,15692,0.029375,0,0,0,,,,
C,15693,0.032042,0,0,0,,,,
C,15694,0.031764,0,0,0,,,,
C,15695,0.029815,0,0,0,,,,
C,15696,0.030585,0,0,0,,,,
C,15697,0.029183,0,0,0,,,,
C,15698,0.028874,0,0,0,,,,
C,15699,0.030884,0,0,0,,,,
C,15700,0.032128,0,0,0,,,,
C,15701,0.029294,0,0,0,,,,
C,15702,0.031035,0,0,0,,,,
C,15703,0.029857,0,0,0,,,,
C,15704,0.031631,0,0,0,,,,
C,15705,0.030030,0,0,0,,,,
C,15706,0.029621,0,0,0,,,,
C,15707,0.033416,0,0,0,,,,
C,15708,0.030873,0,0,0,,,,
C,15709,0.030317,0,0,0,,,,
C,15710,0.029629,0,0,0,,,,
C,15711,0.029952,0,0,0,,,,
C,15712,0.030821,0,0,0,,,,
C,15713,0.029561,0,0,0,,,,
C,15714,0.030317,0,0,0,,,,
C,15715,0.029914,0,0,0,,,,
C,15716,0.030962,0,0,0,,,,
C,15717,0.030693,0,0,0,,,,
C,15718,0.031304,0,0,0,,,,
C,15719,0.029983,0,0,0,,,,
C,15720,0.030542,0,0,0,,,,
C,15721,0.031461,0,0,0,,,,
C,15722,0.032682,0,0,0,,,,
C,15723,0.028753,0,0,0,,,,
C,15724,0.031356,0,0,0,,,,
C,15725,0.031445,0,0,0,,,,
C,15726,0.031910,0,0,0,,,,
C,15727,0.030784,0,0,0,,,,
C,15728,0.030286,0,0,0,,,,
C,15729,0.030190,0,0,0,,,,
C,15730,0.030874,0,0,0,,,,
C,15731,0.031579,0,0,0,,,,
C,15732,0.029862,0,0,0,,,,
C,15733,0.029835,0,0,0,,,,
C,15734,0.030679,0,0,0,,,,
C,15735,0.030185,0,0,0,,,,
C,15736,0.028480,0,0,0,,,,
C,15737,0.029012,0,0,0,,,,
C,15738,0.029790,0,0,0,,,,
C,15739,0.029767,0,0,0,,,,
C,15740,0.031156,0,0,0,,,,
C,15741,0.032204,0,0,0,,,,
C,15742,0.035306,0,0,0,,,,
C,15743,0.030985,0,0,0,,,,
C,15744,0.034659,0,0,0,,,,
C,15745,0.033057,0,0,0,,,,
C,15746,0.033670,0,0,0,,,,
C,15747,0.031162,0,0,0,,,,
C,15748,0.031305,0,0,0,,,,
C,15749,0.029643,0,0,0,,,,
C,15750,0.030720,0,0,0,,,,
C,15751,0.030848,0,0,0,,,,
C,15752,0.029434,0,0,0,,,,
C,15753,0.033990,0,0,0,,,,
C,15754,0.030396,0,0,0,,,,
C,15755,0.031247,0,0,0,,,,
C,15756,0.031480,0,0,0,,,,
C,15757,0.030550,0,0,0,,,,
C,15758,0.030093,0,0,0,,,,
C,15759,0.037251,0,0,0,,,,
C,15760,0.032089,0,0,0,,,,
C,15761,0.034575,0,0,0,,,,
C,15762,0.035924,0,0,0,,,,
C,15763,0.035559,0,0,0,,,,
C,15764,0.035402,0,0,0,,,,
C,15765,0.038116,0,0,0,,,,
C,15766,0.034444,0,0,0,,,,
C,15767,0.034904,0,0,0,,,,
C,15768,0.033690,0,0,0,,,,
C,15769,0.032232,0,0,0,,,,
C,15770,0.032334,0,0,0,,,,
C,15771,0.035541,0,0,0,,,,
C,15772,0.039742,0,0,0,,,,
C,15773,0.032423,0,0,0,,,,
C,15774,0.031728,0,0,0,,,,
C,15775,0.035623,0,0,0,,,,
C,15776,0.032099,0,0,0,,,,
C,15777,0.037189,0,0,0,,,,
C,15778,0.044996,0,0,0,,,,
C,15779,0.042227,0,0,0,,,,
C,15780,0.033504,0,0,0,,,,
C,15781,0.034632,0,0,0,,,,
C,15782,0.031172,0,0,0,,,,
C,15783,0.036057,0,0,0,,,,
C,15784,0.030704,0,0,0,,,,
C,15785,0.030401,0,0,0,,,,
C,15786,0.029284,0,0,0,,,,
C,15787,0.029922,0,0,0,,,,
C,15788,0.028872,0,0,0,,,,
C,15789,0.030810,0,0,0,,,,
C,15790,0.032974,0,0,0,,,,
C,15791,0.031092,0,0,0,,,,
C,15792,0.031248,0,0,0,,,,
C,15793,0.034550,0,0,0,,,,
C,15794,0.032590,0,0,0,,,,
C,15795,0.032064,0,0,0,,,,
C,15796,0.030077,0,0,0,,,,
C,15797,0.030239,0,0,0,,,,
C,15798,0.033744,0,0,0,,,,
C,15799,0.038978,0,0,0,,,,
C,15800,0.041062,0,0,0,,,,
C,15801,0.046245,0,0,0,,,,
C,15802,0.034487,0,0,0,,,,
C,15803,0.035350,0,0,0,,,,
C,15804,0.033061,0,0,0,,,,
C,15805,0.033366,0,0,0,,,,
C,15806,0.029272,0,0,0,,,,
C,15807,0.028305,0,0,0,,,,
C,15808,0.028865,0,0,0,,,,
C,15809,0.031369,0,0,0,,,,
C,15810,0.029081,0,0,0,,,,
C,15811,0.029384,0,0,0,,,,
C,15812,0.028321,0,0,0,,,,
C,15813,0.029079,0,0,0,,,,
C,15814,0.030627,0,0,0,,,,
C,15815,0.028957,0,0,0,,,,
C,15816,0.028604,0,0,0,,,,
C,15817,0.030118,0,0,0,,,,
C,15818,0.029358,0,0,0,,,,
C,15819,0.028665,0,0,0,,,,
C,15820,0.030081,0,0,0,,,,
C,15821,0.030959,0,0,0,,,,
C,15822,0.032554,0,0,0,,,,
C,15823,0.028647,0,0,0,,,,
C,15824,0.030804,0,0,0,,,,
C,15825,0.031335,0,0,0,,,,
C,15826,0.030262,0,0,0,,,,
C,15827,0.030578,0,0,0,,,,
C,15828,0.027888,0,0,0,,,,
C,15829,0.031287,0,0,0,,,,
C,15830,0.031126,0,0,0,,,,
C,15831,0.029737,0,0,0,,,,
C,15832,0.031604,0,0,0,,,,
C,15833,0.031307,0,0,0,,,,
C,15834,0.029456,0,0,0,,,,
C,15835,0.029517,0,0,0,,,,
C,15836,0.029963,0,0,0,,,,
C,15837,0.030700,0,0,0,,,,
C,15838,0.029088,0,0,0,,,,
C,15839,0.029180,0,0,0,,,,
C,15840,0.031201,0,0,0,,,,
C,15841,0.030632,0,0,0,,,,
C,15842,0.037829,0,0,0,,,,
C,15843,0.030417,0,0,0,,,,
C,15844,0.033636,0,0,0,,,,
C,15845,0.043421,0,0,0,,,,
C,15846,0.050051,0,0,0,,,,
C,15847,0.035040,0,0,0,,,,
C,15848,0.034087,0,0,0,,,,
C,15849,0.044286,0,0,0,,,,
C,15850,0.031392,0,0,0,,,,
C,15851,0.029971,0,0,0,,,,
C,15852,0.028910,0,0,0,,,,
C,15853,0.030493,0,0,0,,,,
C,15854,0.032254,0,0,0,,,,
C,15855,0.028967,0,0,0,,,,
C,15856,0.030334,0,0,0,,,,
C,15857,0.028800,0,0,0,,,,
C,15858,0.032506,0,0,0,,,,
C,15859,0.030039,0,0,0,,,,
C,15860,0.031076,0,0,0,,,,
C,15861,0.030619,0,0,0,,,,
C,15862,0.029004,0,0,0,,,,
C,15863,0.030884,0,0,0,,,,
C,15864,0.030915,0,0,0,,,,
C,15865,0.030234,0,0,0,,,,
C,15866,0.030603,0,0,0,,,,
C,15867,0.033923,0,0,0,,,,
C,15868,0.029292,0,0,0,,,,
C,15869,0.030212,0,0,0,,,,
C,15870,0.030086,0,0,0,,,,
C,15871,0.030249,0,0,0,,,,
C,15872,0.030500,0,0,0,,,,
C,15873,0.029892,0,0,0,,,,
C,15874,0.030877,0,0,0,,,,
C,15875,0.031844,0,0,0,,,,
C,15876,0.030807,0,0,0,,,,
C,15877,0.031648,0,0,0,,,,
C,15878,0.029796,0,0,0,,,,
C,15879,0.030817,0,0,0,,,,
C,15880,0.029749,0,0,0,,,,
C,15881,0.031195,0,0,0,,,,
C,15882,0.030285,0,0,0,,,,
C,15883,0.028874,0,0,0,,,,
C,15884,0.030920,0,0,0,,,,
C,15885,0.031160,0,0,0,,,,
C,15886,0.030815,0,0,0,,,,
C,15887,0.031078,0,0,0,,,,
C,15888,0.029509,0,0,0,,,,
C,15889,0.031246,0,0,0,,,,
C,15890,0.028824,0,0,0,,,,
C,15891,0.032543,0,0,0,,,,
C,15892,0.030277,0,0,0,,,,
C,15893,0.029352,0,0,0,,,,
C,15894,0.033555,0,0,0,,,,
C,15895,0.030587,0,0,0,,,,
C,15896,0.028735,0,0,0,,,,
C,15897,0.030072,0,0,0,,,,
C,15898,0.029296,0,0,0,,,,
C,15899,0.030807,0,0,0,,,,
C,15900,0.030145,0,0,0,,,,
C,15901,0.028244,0,0,0,,,,
C,15902,0.031268,0,0,0,,,,
C,15903,0.029263,0,0,0,,,,
C,15904,0.029018,0,0,0,,,,
C,15905,0.029461,0,0,0,,,,
C,15906,0.028471,0,0,0,,,,
C,15907,0.029834,0,0,0,,,,
C,15908,0.028393,0,0,0,,,,
C,15909,0.028616,0,0,0,,,,
C,15910,0.030091,0,0,0,,,,
C,15911,0.032390,0,0,0,,,,
C,15912,0.030164,0,0,0,,,,
C,15913,0.032595,0,0,0,,,,
C,15914,0.031638,0,0,0,,,,
C,15915,0.030113,0,0,0,,,,
C,15916,0.032103,0,0,0,,,,
C,15917,0.029310,0,0,0,,,,
C,15918,0.030409,0,0,0,,,,
C,15919,0.029657,0,0,0,,,,
C,15920,0.029511,0,0,0,,,,
C,15921,0.028070,0,0,0,,,,
C,15922,0.028990,0,0,0,,,,
C,15923,0.029184,0,0,0,,,,
C,15924,0.030972,0,0,0,,,,
C,15925,0.029642,0,0,0,,,,
C,15926,0.029504,0,0,0,,,,
C,15927,0.032322,0,0,0,,,,
C,15928,0.030097,0,0,0,,,,
C,15929,0.031098,0,0,0,,,,
C,15930,0.030472,0,0,0,,,,
C,15931,0.029647,0,0,0,,,,
C,15932,0.030447,0,0,0,,,,
C,15933,0.029625,0,0,0,,,,
C,15934,0.029120,0,0,0,,,,
C,15935,0.029260,0,0,0,,,,
C,15936,0.031276,0,0,0,,,,
C,15937,0.031363,0,0,0,,,,
C,15938,0.030629,0,0,0,,,,
C,15939,0.029444,0,0,0,,,,
C,15940,0.029329,0,0,0,,,,
C,15941,0.030806,0,0,0,,,,
C,15942,0.028026,0,0,0,,,,
C,15943,0.028369,0,0,0,,,,
C,15944,0.029174,0,0,0,,,,
C,15945,0.030856,0,0,0,,,,
C,15946,0.029696,0,0,0,,,,
C,15947,0.032316,0,0,0,,,,
C,15948,0.031955,0,0,0,,,,
C,15949,0.029052,0,0,0,,,,
C,15950,0.031440,0,0,0,,,,
C,15951,0.030882,0,0,0,,,,
C,15952,0.028888,0,0,0,,,,
C,15953,0.031765,0,0,0,,,,
C,15954,0.029435,0,0,0,,,,
C,15955,0.031114,0,0,0,,,,
C,15956,0.029036,0,0,0,,,,
C,15957,0.030522,0,0,0,,,,
C,15958,0.030106,0,0,0,,,,
C,15959,0.030037,0,0,0,,,,
C,15960,0.030560,0,0,0,,,,
C,15961,0.030033,0,0,0,,,,
C,15962,0.029096,0,0,0,,,,
C,15963,0.031097,0,0,0,,,,
C,15964,0.031722,0,0,0,,,,
C,15965,0.030552,0,0,0,,,,
C,15966,0.030779,0,0,0,,,,
C,15967,0.029384,0,0,0,,,,
C,15968,0.035201,0,0,0,,,,
C,15969,0.030590,0,0,0,,,,
C,15970,0.031896,0,0,0,,,,
C,15971,0.030802,0,0,0,,,,
C,15972,0.028016,0,0,0,,,,
C,15973,0.030609,0,0,0,,,,
C,15974,0.031012,0,0,0,,,,
C,15975,0.029704,0,0,0,,,,
C,15976,0.029471,0,0,0,,,,
C,15977,0.029899,0,0,0,,,,
C,15978,0.029862,0,0,0,,,,
C,15979,0.031293,0,0,0,,,,
C,15980,0.031593,0,0,0,,,,
C,15981,0.028580,0,0,0,,,,
C,15982,0.028567,0,0,0,,,,
C,15983,0.029152,0,0,0,,,,
C,15984,0.028926,0,0,0,,,,
C,15985,0.028437,0,0,0,,,,
C,15986,0.030979,0,0,0,,,,
C,15987,0.030775,0,0,0,,,,
C,15988,0.029525,0,0,0,,,,
C,15989,0.031113,0,0,0,,,,
C,15990,0.030348,0,0,0,,,,
C,15991,0.030136,0,0,0,,,,
C,15992,0.030053,0,0,0,,,,
C,15993,0.033161,0,0,0,,,,
C,15994,0.032624,0,0,0,,,,
C,15995,0.029675,0,0,0,,,,
C,15996,0.029416,0,0,0,,,,
C,15997,0.031339,0,0,0,,,,
C,15998,0.030316,0,0,0,,,,
C,15999,0.030247,0,0,0,,,,
C,16000,0.030158,0,0,0,210.0,9.745e-11,"{'checked': 26, 'zsx_rejected': 6, 'default_rejected': 0, 'closed_form_forced': 0, 'inexact': 9, 'exact_rebuilt': 0, 'best_effort': 0, 'best_effort_worst': 0.0, 'psf_rerouted': 0, 'psf_rerouted_worst_residual': 0.0}",755
C,16001,0.031984,0,0,0,,,,
C,16002,0.032329,0,0,0,,,,
C,16003,0.030458,0,0,0,,,,
C,16004,0.029622,0,0,0,,,,
C,16005,0.030769,0,0,0,,,,
C,16006,0.030150,0,0,0,,,,
C,16007,0.034794,0,0,0,,,,
C,16008,0.030904,0,0,0,,,,
C,16009,0.033626,0,0,0,,,,
C,16010,0.031680,0,0,0,,,,
C,16011,0.032877,0,0,0,,,,
C,16012,0.040631,0,0,0,,,,
C,16013,0.032910,0,0,0,,,,
C,16014,0.033271,0,0,0,,,,
C,16015,0.075408,0,0,0,,,,
C,16016,0.041639,0,0,0,,,,
C,16017,0.030263,0,0,0,,,,
C,16018,0.030164,0,0,0,,,,
C,16019,0.031381,0,0,0,,,,
C,16020,0.031685,0,0,0,,,,
C,16021,0.028562,0,0,0,,,,
C,16022,0.031574,0,0,0,,,,
C,16023,0.033807,0,0,0,,,,
C,16024,0.030384,0,0,0,,,,
C,16025,0.031720,0,0,0,,,,
C,16026,0.031896,0,0,0,,,,
C,16027,0.030193,0,0,0,,,,
C,16028,0.032905,0,0,0,,,,
C,16029,0.028878,0,0,0,,,,
C,16030,0.030287,0,0,0,,,,
C,16031,0.030843,0,0,0,,,,
C,16032,0.031482,0,0,0,,,,
C,16033,0.028955,0,0,0,,,,
C,16034,0.030820,0,0,0,,,,
C,16035,0.029517,0,0,0,,,,
C,16036,0.029071,0,0,0,,,,
C,16037,0.033259,0,0,0,,,,
C,16038,0.031120,0,0,0,,,,
C,16039,0.031917,0,0,0,,,,
C,16040,0.029474,0,0,0,,,,
C,16041,0.030518,0,0,0,,,,
C,16042,0.031853,0,0,0,,,,
C,16043,0.030707,0,0,0,,,,
C,16044,0.030668,0,0,0,,,,
C,16045,0.029566,0,0,0,,,,
C,16046,0.031582,0,0,0,,,,
C,16047,0.030363,0,0,0,,,,
C,16048,0.031065,0,0,0,,,,
C,16049,0.030441,0,0,0,,,,
C,16050,0.029391,0,0,0,,,,
C,16051,0.029048,0,0,0,,,,
C,16052,0.031730,0,0,0,,,,
C,16053,0.030521,0,0,0,,,,
C,16054,0.028740,0,0,0,,,,
C,16055,0.029137,0,0,0,,,,
C,16056,0.029299,0,0,0,,,,
C,16057,0.029967,0,0,0,,,,
C,16058,0.031106,0,0,0,,,,
C,16059,0.031491,0,0,0,,,,
C,16060,0.030510,0,0,0,,,,
C,16061,0.032609,0,0,0,,,,
C,16062,0.030437,0,0,0,,,,
C,16063,0.031035,0,0,0,,,,
C,16064,0.030651,0,0,0,,,,
C,16065,0.030776,0,0,0,,,,
C,16066,0.030931,0,0,0,,,,
C,16067,0.029482,0,0,0,,,,
C,16068,0.029090,0,0,0,,,,
C,16069,0.031456,0,0,0,,,,
C,16070,0.030311,0,0,0,,,,
C,16071,0.030407,0,0,0,,,,
C,16072,0.030885,0,0,0,,,,
C,16073,0.030339,0,0,0,,,,
C,16074,0.031435,0,0,0,,,,
C,16075,0.030501,0,0,0,,,,
C,16076,0.030767,0,0,0,,,,
C,16077,0.030250,0,0,0,,,,
C,16078,0.029062,0,0,0,,,,
C,16079,0.030430,0,0,0,,,,
C,16080,0.031607,0,0,0,,,,
C,16081,0.033227,0,0,0,,,,
C,16082,0.032606,0,0,0,,,,
C,16083,0.030338,0,0,0,,,,
C,16084,0.030617,0,0,0,,,,
C,16085,0.030269,0,0,0,,,,
C,16086,0.030540,0,0,0,,,,
C,16087,0.030764,0,0,0,,,,
C,16088,0.029716,0,0,0,,,,
C,16089,0.028989,0,0,0,,,,
C,16090,0.031669,0,0,0,,,,
C,16091,0.029238,0,0,0,,,,
C,16092,0.031899,0,0,0,,,,
C,16093,0.030732,0,0,0,,,,
C,16094,0.030874,0,0,0,,,,
C,16095,0.029259,0,0,0,,,,
C,16096,0.030956,0,0,0,,,,
C,16097,0.029771,0,0,0,,,,
C,16098,0.031727,0,0,0,,,,
C,16099,0.030515,0,0,0,,,,
C,16100,0.029062,0,0,0,,,,
C,16101,0.030466,0,0,0,,,,
C,16102,0.029498,0,0,0,,,,
C,16103,0.032673,0,0,0,,,,
C,16104,0.031423,0,0,0,,,,
C,16105,0.030878,0,0,0,,,,
C,16106,0.032918,0,0,0,,,,
C,16107,0.031208,0,0,0,,,,
C,16108,0.029391,0,0,0,,,,
C,16109,0.029163,0,0,0,,,,
C,16110,0.030763,0,0,0,,,,
C,16111,0.030806,0,0,0,,,,
C,16112,0.029993,0,0,0,,,,
C,16113,0.030723,0,0,0,,,,
C,16114,0.031247,0,0,0,,,,
C,16115,0.029769,0,0,0,,,,
C,16116,0.030736,0,0,0,,,,
C,16117,0.030988,0,0,0,,,,
C,16118,0.031202,0,0,0,,,,
C,16119,0.030486,0,0,0,,,,
C,16120,0.029141,0,0,0,,,,
C,16121,0.030092,0,0,0,,,,
C,16122,0.030139,0,0,0,,,,
C,16123,0.028509,0,0,0,,,,
C,16124,0.030633,0,0,0,,,,
C,16125,0.030964,0,0,0,,,,
C,16126,0.028932,0,0,0,,,,
C,16127,0.030558,0,0,0,,,,
C,16128,0.030287,0,0,0,,,,
C,16129,0.030751,0,0,0,,,,
C,16130,0.031255,0,0,0,,,,
C,16131,0.030536,0,0,0,,,,
C,16132,0.030638,0,0,0,,,,
C,16133,0.031633,0,0,0,,,,
C,16134,0.032063,0,0,0,,,,
C,16135,0.029209,0,0,0,,,,
C,16136,0.029077,0,0,0,,,,
C,16137,0.031694,0,0,0,,,,
C,16138,0.029358,0,0,0,,,,
C,16139,0.032226,0,0,0,,,,
C,16140,0.029638,0,0,0,,,,
C,16141,0.029626,0,0,0,,,,
C,16142,0.028210,0,0,0,,,,
C,16143,0.031108,0,0,0,,,,
C,16144,0.030973,0,0,0,,,,
C,16145,0.032087,0,0,0,,,,
C,16146,0.032020,0,0,0,,,,
C,16147,0.034387,0,0,0,,,,
C,16148,0.037668,0,0,0,,,,
C,16149,0.031062,0,0,0,,,,
C,16150,0.031662,0,0,0,,,,
C,16151,0.034031,0,0,0,,,,
C,16152,0.034461,0,0,0,,,,
C,16153,0.029693,0,0,0,,,,
C,16154,0.030460,0,0,0,,,,
C,16155,0.029021,0,0,0,,,,
C,16156,0.033482,0,0,0,,,,
C,16157,0.041080,0,0,0,,,,
C,16158,0.030662,0,0,0,,,,
C,16159,0.032687,0,0,0,,,,
C,16160,0.032540,0,0,0,,,,
C,16161,0.030537,0,0,0,,,,
C,16162,0.031683,0,0,0,,,,
C,16163,0.030963,0,0,0,,,,
C,16164,0.028993,0,0,0,,,,
C,16165,0.030540,0,0,0,,,,
C,16166,0.041234,0,0,0,,,,
C,16167,0.032738,0,0,0,,,,
C,16168,0.031560,0,0,0,,,,
C,16169,0.037494,0,0,0,,,,
C,16170,0.031948,0,0,0,,,,
C,16171,0.031181,0,0,0,,,,
C,16172,0.030050,0,0,0,,,,
C,16173,0.029346,0,0,0,,,,
C,16174,0.031902,0,0,0,,,,
C,16175,0.029648,0,0,0,,,,
C,16176,0.032004,0,0,0,,,,
C,16177,0.030910,0,0,0,,,,
C,16178,0.031637,0,0,0,,,,
C,16179,0.030136,0,0,0,,,,
C,16180,0.030295,0,0,0,,,,
C,16181,0.029637,0,0,0,,,,
C,16182,0.030399,0,0,0,,,,
C,16183,0.028821,0,0,0,,,,
C,16184,0.031031,0,0,0,,,,
C,16185,0.031422,0,0,0,,,,
C,16186,0.032107,0,0,0,,,,
C,16187,0.032723,0,0,0,,,,
C,16188,0.031481,0,0,0,,,,
C,16189,0.033544,0,0,0,,,,
C,16190,0.031976,0,0,0,,,,
C,16191,0.032514,0,0,0,,,,
C,16192,0.033115,0,0,0,,,,
C,16193,0.032001,0,0,0,,,,
C,16194,0.029815,0,0,0,,,,
C,16195,0.028754,0,0,0,,,,
C,16196,0.031511,0,0,0,,,,
C,16197,0.028833,0,0,0,,,,
C,16198,0.030578,0,0,0,,,,
C,16199,0.030338,0,0,0,,,,
C,16200,0.030162,0,0,0,,,,
C,16201,0.028811,0,0,0,,,,
C,16202,0.029858,0,0,0,,,,
C,16203,0.030567,0,0,0,,,,
C,16204,0.035319,0,0,0,,,,
C,16205,0.039919,0,0,0,,,,
C,16206,0.030716,0,0,0,,,,
C,16207,0.030205,0,0,0,,,,
C,16208,0.030556,0,0,0,,,,
C,16209,0.031641,0,0,0,,,,
C,16210,0.029624,0,0,0,,,,
C,16211,0.029940,0,0,0,,,,
C,16212,0.030109,0,0,0,,,,
C,16213,0.028750,0,0,0,,,,
C,16214,0.031018,0,0,0,,,,
C,16215,0.029364,0,0,0,,,,
C,16216,0.029004,0,0,0,,,,
C,16217,0.029379,0,0,0,,,,
C,16218,0.028498,0,0,0,,,,
C,16219,0.029222,0,0,0,,,,
C,16220,0.031202,0,0,0,,,,
C,16221,0.028795,0,0,0,,,,
C,16222,0.029538,0,0,0,,,,
C,16223,0.029600,0,0,0,,,,
C,16224,0.030296,0,0,0,,,,
C,16225,0.029035,0,0,0,,,,
C,16226,0.031608,0,0,0,,,,
C,16227,0.028208,0,0,0,,,,
C,16228,0.029509,0,0,0,,,,
C,16229,0.029099,0,0,0,,,,
C,16230,0.029644,0,0,0,,,,
C,16231,0.029785,0,0,0,,,,
C,16232,0.031376,0,0,0,,,,
C,16233,0.030078,0,0,0,,,,
C,16234,0.030979,0,0,0,,,,
C,16235,0.031068,0,0,0,,,,
C,16236,0.030373,0,0,0,,,,
C,16237,0.030907,0,0,0,,,,
C,16238,0.027905,0,0,0,,,,
C,16239,0.029295,0,0,0,,,,
C,16240,0.028830,0,0,0,,,,
C,16241,0.028858,0,0,0,,,,
C,16242,0.030714,0,0,0,,,,
C,16243,0.029904,0,0,0,,,,
C,16244,0.028934,0,0,0,,,,
C,16245,0.029612,0,0,0,,,,
C,16246,0.029756,0,0,0,,,,
C,16247,0.029574,0,0,0,,,,
C,16248,0.029370,0,0,0,,,,
C,16249,0.030370,0,0,0,,,,
C,16250,0.029877,0,0,0,,,,
C,16251,0.030088,0,0,0,,,,
C,16252,0.029552,0,0,0,,,,
C,16253,0.031172,0,0,0,,,,
C,16254,0.031132,0,0,0,,,,
C,16255,0.029788,0,0,0,,,,
C,16256,0.029023,0,0,0,,,,
C,16257,0.033498,0,0,0,,,,
C,16258,0.028598,0,0,0,,,,
C,16259,0.029960,0,0,0,,,,
C,16260,0.030499,0,0,0,,,,
C,16261,0.028681,0,0,0,,,,
C,16262,0.028751,0,0,0,,,,
C,16263,0.029439,0,0,0,,,,
C,16264,0.029481,0,0,0,,,,
C,16265,0.029558,0,0,0,,,,
C,16266,0.029611,0,0,0,,,,
C,16267,0.031165,0,0,0,,,,
C,16268,0.028442,0,0,0,,,,
C,16269,0.028521,0,0,0,,,,
C,16270,0.030198,0,0,0,,,,
C,16271,0.029359,0,0,0,,,,
C,16272,0.028948,0,0,0,,,,
C,16273,0.028428,0,0,0,,,,
C,16274,0.028368,0,0,0,,,,
C,16275,0.028482,0,0,0,,,,
C,16276,0.029717,0,0,0,,,,
C,16277,0.031558,0,0,0,,,,
C,16278,0.031728,0,0,0,,,,
C,16279,0.030240,0,0,0,,,,
C,16280,0.030642,0,0,0,,,,
C,16281,0.031138,0,0,0,,,,
C,16282,0.030163,0,0,0,,,,
C,16283,0.028154,0,0,0,,,,
C,16284,0.030507,0,0,0,,,,
C,16285,0.030050,0,0,0,,,,
C,16286,0.030222,0,0,0,,,,
C,16287,0.029494,0,0,0,,,,
C,16288,0.029675,0,0,0,,,,
C,16289,0.031103,0,0,0,,,,
C,16290,0.029077,0,0,0,,,,
C,16291,0.030091,0,0,0,,,,
C,16292,0.030953,0,0,0,,,,
C,16293,0.030278,0,0,0,,,,
C,16294,0.029019,0,0,0,,,,
C,16295,0.029398,0,0,0,,,,
C,16296,0.029295,0,0,0,,,,
C,16297,0.029118,0,0,0,,,,
C,16298,0.028925,0,0,0,,,,
C,16299,0.030881,0,0,0,,,,
C,16300,0.029867,0,0,0,,,,
C,16301,0.029499,0,0,0,,,,
C,16302,0.029423,0,0,0,,,,
C,16303,0.030143,0,0,0,,,,
C,16304,0.029035,0,0,0,,,,
C,16305,0.028941,0,0,0,,,,
C,16306,0.029935,0,0,0,,,,
C,16307,0.029791,0,0,0,,,,
C,16308,0.029408,0,0,0,,,,
C,16309,0.030755,0,0,0,,,,
C,16310,0.030512,0,0,0,,,,
C,16311,0.029962,0,0,0,,,,
C,16312,0.029471,0,0,0,,,,
C,16313,0.030648,0,0,0,,,,
C,16314,0.028835,0,0,0,,,,
C,16315,0.028157,0,0,0,,,,
C,16316,0.028594,0,0,0,,,,
C,16317,0.028481,0,0,0,,,,
C,16318,0.028745,0,0,0,,,,
C,16319,0.028698,0,0,0,,,,
C,16320,0.031056,0,0,0,,,,
C,16321,0.031179,0,0,0,,,,
C,16322,0.031458,0,0,0,,,,
C,16323,0.029532,0,0,0,,,,
C,16324,0.028677,0,0,0,,,,
C,16325,0.031321,0,0,0,,,,
C,16326,0.033084,0,0,0,,,,
C,16327,0.033413,0,0,0,,,,
C,16328,0.033181,0,0,0,,,,
C,16329,0.033759,0,0,0,,,,
C,16330,0.030964,0,0,0,,,,
C,16331,0.030904,0,0,0,,,,
C,16332,0.032038,0,0,0,,,,
C,16333,0.033973,0,0,0,,,,
C,16334,0.034228,0,0,0,,,,
C,16335,0.034291,0,0,0,,,,
C,16336,0.031420,0,0,0,,,,
C,16337,0.030368,0,0,0,,,,
C,16338,0.032254,0,0,0,,,,
C,16339,0.031645,0,0,0,,,,
C,16340,0.029714,0,0,0,,,,
C,16341,0.030234,0,0,0,,,,
C,16342,0.035100,0,0,0,,,,
C,16343,0.032708,0,0,0,,,,
C,16344,0.032034,0,0,0,,,,
C,16345,0.030977,0,0,0,,,,
C,16346,0.037279,0,0,0,,,,
C,16347,0.034604,0,0,0,,,,
C,16348,0.035854,0,0,0,,,,
C,16349,0.033399,0,0,0,,,,
C,16350,0.036324,0,0,0,,,,
C,16351,0.034016,0,0,0,,,,
C,16352,0.045096,0,0,0,,,,
C,16353,0.035156,0,0,0,,,,
C,16354,0.032207,0,0,0,,,,
C,16355,0.031704,0,0,0,,,,
C,16356,0.028713,0,0,0,,,,
C,16357,0.029231,0,0,0,,,,
C,16358,0.031753,0,0,0,,,,
C,16359,0.029887,0,0,0,,,,
C,16360,0.029836,0,0,0,,,,
C,16361,0.029915,0,0,0,,,,
C,16362,0.030168,0,0,0,,,,
C,16363,0.029591,0,0,0,,,,
C,16364,0.030320,0,0,0,,,,
C,16365,0.032585,0,0,0,,,,
C,16366,0.038882,0,0,0,,,,
C,16367,0.031094,0,0,0,,,,
C,16368,0.038434,0,0,0,,,,
C,16369,0.028520,0,0,0,,,,
C,16370,0.031166,0,0,0,,,,
C,16371,0.029134,0,0,0,,,,
C,16372,0.028113,0,0,0,,,,
C,16373,0.030850,0,0,0,,,,
C,16374,0.029345,0,0,0,,,,
C,16375,0.030591,0,0,0,,,,
C,16376,0.030045,0,0,0,,,,
C,16377,0.028815,0,0,0,,,,
C,16378,0.029031,0,0,0,,,,
C,16379,0.029843,0,0,0,,,,
C,16380,0.031695,0,0,0,,,,
C,16381,0.031058,0,0,0,,,,
C,16382,0.028630,0,0,0,,,,
C,16383,0.030542,0,0,0,,,,
C,16384,0.032171,0,0,0,,,,
C,16385,0.029711,0,0,0,,,,
C,16386,0.031056,0,0,0,,,,
C,16387,0.030243,0,0,0,,,,
C,16388,0.029888,0,0,0,,,,
C,16389,0.029962,0,0,0,,,,
C,16390,0.029588,0,0,0,,,,
C,16391,0.030896,0,0,0,,,,
C,16392,0.029070,0,0,0,,,,
C,16393,0.031326,0,0,0,,,,
C,16394,0.030560,0,0,0,,,,
C,16395,0.031219,0,0,0,,,,
C,16396,0.030962,0,0,0,,,,
C,16397,0.032097,0,0,0,,,,
C,16398,0.031303,0,0,0,,,,
C,16399,0.029576,0,0,0,,,,
C,16400,0.031345,0,0,0,,,,
C,16401,0.028779,0,0,0,,,,
C,16402,0.027391,0,0,0,,,,
C,16403,0.028266,0,0,0,,,,
C,16404,0.031624,0,0,0,,,,
C,16405,0.029859,0,0,0,,,,
C,16406,0.029950,0,0,0,,,,
C,16407,0.029932,0,0,0,,,,
C,16408,0.029106,0,0,0,,,,
C,16409,0.030796,0,0,0,,,,
C,16410,0.029719,0,0,0,,,,
C,16411,0.028798,0,0,0,,,,
C,16412,0.030752,0,0,0,,,,
C,16413,0.029069,0,0,0,,,,
C,16414,0.029427,0,0,0,,,,
C,16415,0.028170,0,0,0,,,,
C,16416,0.028977,0,0,0,,,,
C,16417,0.031045,0,0,0,,,,
C,16418,0.028479,0,0,0,,,,
C,16419,0.028666,0,0,0,,,,
C,16420,0.029836,0,0,0,,,,
C,16421,0.029258,0,0,0,,,,
C,16422,0.029814,0,0,0,,,,
C,16423,0.031099,0,0,0,,,,
C,16424,0.029720,0,0,0,,,,
C,16425,0.029288,0,0,0,,,,
C,16426,0.029778,0,0,0,,,,
C,16427,0.028712,0,0,0,,,,
C,16428,0.028651,0,0,0,,,,
C,16429,0.030835,0,0,0,,,,
C,16430,0.028888,0,0,0,,,,
C,16431,0.029527,0,0,0,,,,
C,16432,0.030608,0,0,0,,,,
C,16433,0.028737,0,0,0,,,,
C,16434,0.030364,0,0,0,,,,
C,16435,0.028891,0,0,0,,,,
C,16436,0.028660,0,0,0,,,,
C,16437,0.030212,0,0,0,,,,
C,16438,0.029136,0,0,0,,,,
C,16439,0.029538,0,0,0,,,,
C,16440,0.030089,0,0,0,,,,
C,16441,0.029637,0,0,0,,,,
C,16442,0.030127,0,0,0,,,,
C,16443,0.028662,0,0,0,,,,
C,16444,0.030709,0,0,0,,,,
C,16445,0.029353,0,0,0,,,,
C,16446,0.030317,0,0,0,,,,
C,16447,0.030918,0,0,0,,,,
C,16448,0.031109,0,0,0,,,,
C,16449,0.028174,0,0,0,,,,
C,16450,0.029093,0,0,0,,,,
C,16451,0.035394,0,0,0,,,,
C,16452,0.030283,0,0,0,,,,
C,16453,0.030747,0,0,0,,,,
C,16454,0.029903,0,0,0,,,,
C,16455,0.028688,0,0,0,,,,
C,16456,0.037415,0,0,0,,,,
C,16457,0.033301,0,0,0,,,,
C,16458,0.035479,0,0,0,,,,
C,16459,0.031642,0,0,0,,,,
C,16460,0.029421,0,0,0,,,,
C,16461,0.031766,0,0,0,,,,
C,16462,0.031637,0,0,0,,,,
C,16463,0.034704,0,0,0,,,,
C,16464,0.034132,0,0,0,,,,
C,16465,0.044134,0,0,0,,,,
C,16466,0.037794,0,0,0,,,,
C,16467,0.038453,0,0,0,,,,
C,16468,0.056281,0,0,0,,,,
C,16469,0.032921,0,0,0,,,,
C,16470,0.033739,0,0,0,,,,
C,16471,0.046406,0,0,0,,,,
C,16472,0.036652,0,0,0,,,,
C,16473,0.032457,0,0,0,,,,
C,16474,0.032287,0,0,0,,,,
C,16475,0.036474,0,0,0,,,,
C,16476,0.040589,0,0,0,,,,
C,16477,0.043597,0,0,0,,,,
C,16478,0.031124,0,0,0,,,,
C,16479,0.038597,0,0,0,,,,
C,16480,0.036370,0,0,0,,,,
C,16481,0.031482,0,0,0,,,,
C,16482,0.034143,0,0,0,,,,
C,16483,0.031281,0,0,0,,,,
C,16484,0.031892,0,0,0,,,,
C,16485,0.031835,0,0,0,,,,
C,16486,0.031414,0,0,0,,,,
C,16487,0.036870,0,0,0,,,,
C,16488,0.032349,0,0,0,,,,
C,16489,0.037351,0,0,0,,,,
C,16490,0.039377,0,0,0,,,,
C,16491,0.031206,0,0,0,,,,
C,16492,0.032115,0,0,0,,,,
C,16493,0.033164,0,0,0,,,,
C,16494,0.033945,0,0,0,,,,
C,16495,0.040613,0,0,0,,,,
C,16496,0.031858,0,0,0,,,,
C,16497,0.035923,0,0,0,,,,
C,16498,0.033497,0,0,0,,,,
C,16499,0.033448,0,0,0,,,,
C,16500,0.032945,0,0,0,,,,
C,16501,0.033933,0,0,0,,,,
C,16502,0.032367,0,0,0,,,,
C,16503,0.033249,0,0,0,,,,
C,16504,0.032412,0,0,0,,,,
C,16505,0.036819,0,0,0,,,,
C,16506,0.036517,0,0,0,,,,
C,16507,0.033031,0,0,0,,,,
C,16508,0.030977,0,0,0,,,,
C,16509,0.030467,0,0,0,,,,
C,16510,0.032471,0,0,0,,,,
C,16511,0.032184,0,0,0,,,,
C,16512,0.032041,0,0,0,,,,
C,16513,0.033626,0,0,0,,,,
C,16514,0.034948,0,0,0,,,,
C,16515,0.037827,0,0,0,,,,
C,16516,0.034612,0,0,0,,,,
C,16517,0.033990,0,0,0,,,,
C,16518,0.032535,0,0,0,,,,
C,16519,0.033117,0,0,0,,,,
C,16520,0.038367,0,0,0,,,,
C,16521,0.032368,0,0,0,,,,
C,16522,0.032173,0,0,0,,,,
C,16523,0.032757,0,0,0,,,,
C,16524,0.031312,0,0,0,,,,
C,16525,0.032506,0,0,0,,,,
C,16526,0.036097,0,0,0,,,,
C,16527,0.032169,0,0,0,,,,
C,16528,0.031933,0,0,0,,,,
C,16529,0.030847,0,0,0,,,,
C,16530,0.032823,0,0,0,,,,
C,16531,0.033657,0,0,0,,,,
C,16532,0.042458,0,0,0,,,,
C,16533,0.032799,0,0,0,,,,
C,16534,0.033592,0,0,0,,,,
C,16535,0.032077,0,0,0,,,,
C,16536,0.035016,0,0,0,,,,
C,16537,0.030835,0,0,0,,,,
C,16538,0.031519,0,0,0,,,,
C,16539,0.033288,0,0,0,,,,
C,16540,0.031944,0,0,0,,,,
C,16541,0.030083,0,0,0,,,,
C,16542,0.036814,0,0,0,,,,
C,16543,0.029944,0,0,0,,,,
C,16544,0.033094,0,0,0,,,,
C,16545,0.031313,0,0,0,,,,
C,16546,0.032751,0,0,0,,,,
C,16547,0.029757,0,0,0,,,,
C,16548,0.033241,0,0,0,,,,
C,16549,0.032902,0,0,0,,,,
C,16550,0.031974,0,0,0,,,,
C,16551,0.030980,0,0,0,,,,
C,16552,0.034134,0,0,0,,,,
C,16553,0.032653,0,0,0,,,,
C,16554,0.033153,0,0,0,,,,
C,16555,0.040886,0,0,0,,,,
C,16556,0.037800,0,0,0,,,,
C,16557,0.037607,0,0,0,,,,
C,16558,0.033963,0,0,0,,,,
C,16559,0.037924,0,0,0,,,,
C,16560,0.038023,0,0,0,,,,
C,16561,0.033029,0,0,0,,,,
C,16562,0.031202,0,0,0,,,,
C,16563,0.033769,0,0,0,,,,
C,16564,0.033568,0,0,0,,,,
C,16565,0.041707,0,0,0,,,,
C,16566,0.032814,0,0,0,,,,
C,16567,0.031895,0,0,0,,,,
C,16568,0.032899,0,0,0,,,,
C,16569,0.033500,0,0,0,,,,
C,16570,0.031057,0,0,0,,,,
C,16571,0.031729,0,0,0,,,,
C,16572,0.032852,0,0,0,,,,
C,16573,0.032354,0,0,0,,,,
C,16574,0.034041,0,0,0,,,,
C,16575,0.034865,0,0,0,,,,
C,16576,0.036455,0,0,0,,,,
C,16577,0.035429,0,0,0,,,,
C,16578,0.035801,0,0,0,,,,
C,16579,0.035904,0,0,0,,,,
C,16580,0.045731,0,0,0,,,,
C,16581,0.039197,0,0,0,,,,
C,16582,0.034801,0,0,0,,,,
C,16583,0.033369,0,0,0,,,,
C,16584,0.030673,0,0,0,,,,
C,16585,0.031670,0,0,0,,,,
C,16586,0.030208,0,0,0,,,,
C,16587,0.034342,0,0,0,,,,
C,16588,0.031927,0,0,0,,,,
C,16589,0.032227,0,0,0,,,,
C,16590,0.031749,0,0,0,,,,
C,16591,0.030827,0,0,0,,,,
C,16592,0.031269,0,0,0,,,,
C,16593,0.031576,0,0,0,,,,
C,16594,0.032095,0,0,0,,,,
C,16595,0.030054,0,0,0,,,,
C,16596,0.032656,0,0,0,,,,
C,16597,0.030965,0,0,0,,,,
C,16598,0.030989,0,0,0,,,,
C,16599,0.033320,0,0,0,,,,
C,16600,0.032302,0,0,0,,,,
C,16601,0.031672,0,0,0,,,,
C,16602,0.034769,0,0,0,,,,
C,16603,0.032269,0,0,0,,,,
C,16604,0.032014,0,0,0,,,,
C,16605,0.031693,0,0,0,,,,
C,16606,0.030709,0,0,0,,,,
C,16607,0.032050,0,0,0,,,,
C,16608,0.031915,0,0,0,,,,
C,16609,0.032406,0,0,0,,,,
C,16610,0.029495,0,0,0,,,,
C,16611,0.031997,0,0,0,,,,
C,16612,0.034971,0,0,0,,,,
C,16613,0.032313,0,0,0,,,,
C,16614,0.030384,0,0,0,,,,
C,16615,0.032144,0,0,0,,,,
C,16616,0.031143,0,0,0,,,,
C,16617,0.034989,0,0,0,,,,
C,16618,0.030378,0,0,0,,,,
C,16619,0.030401,0,0,0,,,,
C,16620,0.031271,0,0,0,,,,
C,16621,0.032375,0,0,0,,,,
C,16622,0.030333,0,0,0,,,,
C,16623,0.030850,0,0,0,,,,
C,16624,0.029884,0,0,0,,,,
C,16625,0.030641,0,0,0,,,,
C,16626,0.031465,0,0,0,,,,
C,16627,0.031686,0,0,0,,,,
C,16628,0.030658,0,0,0,,,,
C,16629,0.031638,0,0,0,,,,
C,16630,0.035683,0,0,0,,,,
C,16631,0.033613,0,0,0,,,,
C,16632,0.032287,0,0,0,,,,
C,16633,0.033619,0,0,0,,,,
C,16634,0.031403,0,0,0,,,,
C,16635,0.031656,0,0,0,,,,
C,16636,0.032282,0,0,0,,,,
C,16637,0.030492,0,0,0,,,,
C,16638,0.031305,0,0,0,,,,
C,16639,0.030288,0,0,0,,,,
C,16640,0.030798,0,0,0,,,,
C,16641,0.032149,0,0,0,,,,
C,16642,0.031542,0,0,0,,,,
C,16643,0.029548,0,0,0,,,,
C,16644,0.031548,0,0,0,,,,
C,16645,0.031738,0,0,0,,,,
C,16646,0.029832,0,0,0,,,,
C,16647,0.029650,0,0,0,,,,
C,16648,0.031063,0,0,0,,,,
C,16649,0.031660,0,0,0,,,,
C,16650,0.031780,0,0,0,,,,
C,16651,0.031090,0,0,0,,,,
C,16652,0.031293,0,0,0,,,,
C,16653,0.031358,0,0,0,,,,
C,16654,0.032736,0,0,0,,,,
C,16655,0.032554,0,0,0,,,,
C,16656,0.031552,0,0,0,,,,
C,16657,0.030011,0,0,0,,,,
C,16658,0.031201,0,0,0,,,,
C,16659,0.033060,0,0,0,,,,
C,16660,0.029680,0,0,0,,,,
C,16661,0.030540,0,0,0,,,,
C,16662,0.029367,0,0,0,,,,
C,16663,0.029766,0,0,0,,,,
C,16664,0.031136,0,0,0,,,,
C,16665,0.031792,0,0,0,,,,
C,16666,0.033471,0,0,0,,,,
C,16667,0.030208,0,0,0,,,,
C,16668,0.030766,0,0,0,,,,
C,16669,0.032036,0,0,0,,,,
C,16670,0.030481,0,0,0,,,,
C,16671,0.032601,0,0,0,,,,
C,16672,0.029059,0,0,0,,,,
C,16673,0.030931,0,0,0,,,,
C,16674,0.029926,0,0,0,,,,
C,16675,0.030840,0,0,0,,,,
C,16676,0.030923,0,0,0,,,,
C,16677,0.030239,0,0,0,,,,
C,16678,0.032463,0,0,0,,,,
C,16679,0.030855,0,0,0,,,,
C,16680,0.031081,0,0,0,,,,
C,16681,0.039694,0,0,0,,,,
C,16682,0.032056,0,0,0,,,,
C,16683,0.030764,0,0,0,,,,
C,16684,0.032001,0,0,0,,,,
C,16685,0.033019,0,0,0,,,,
C,16686,0.032156,0,0,0,,,,
C,16687,0.031934,0,0,0,,,,
C,16688,0.029450,0,0,0,,,,
C,16689,0.031179,0,0,0,,,,
C,16690,0.031668,0,0,0,,,,
C,16691,0.031109,0,0,0,,,,
C,16692,0.032882,0,0,0,,,,
C,16693,0.030258,0,0,0,,,,
C,16694,0.042175,0,0,0,,,,
C,16695,0.029352,0,0,0,,,,
C,16696,0.032053,0,0,0,,,,
C,16697,0.030069,0,0,0,,,,
C,16698,0.033379,0,0,0,,,,
C,16699,0.030327,0,0,0,,,,
C,16700,0.031684,0,0,0,,,,
C,16701,0.030772,0,0,0,,,,
C,16702,0.032325,0,0,0,,,,
C,16703,0.030226,0,0,0,,,,
C,16704,0.029164,0,0,0,,,,
C,16705,0.032838,0,0,0,,,,
C,16706,0.029899,0,0,0,,,,
C,16707,0.031556,0,0,0,,,,
C,16708,0.032100,0,0,0,,,,
C,16709,0.030672,0,0,0,,,,
C,16710,0.033450,0,0,0,,,,
C,16711,0.031835,0,0,0,,,,
C,16712,0.032695,0,0,0,,,,
C,16713,0.032550,0,0,0,,,,
C,16714,0.033699,0,0,0,,,,
C,16715,0.032411,0,0,0,,,,
C,16716,0.035271,0,0,0,,,,
C,16717,0.038783,0,0,0,,,,
C,16718,0.037879,0,0,0,,,,
C,16719,0.030986,0,0,0,,,,
C,16720,0.034903,0,0,0,,,,
C,16721,0.032594,0,0,0,,,,
C,16722,0.031538,0,0,0,,,,
C,16723,0.030583,0,0,0,,,,
C,16724,0.032346,0,0,0,,,,
C,16725,0.030263,0,0,0,,,,
C,16726,0.033490,0,0,0,,,,
C,16727,0.029010,0,0,0,,,,
C,16728,0.032295,0,0,0,,,,
C,16729,0.031348,0,0,0,,,,
C,16730,0.030522,0,0,0,,,,
C,16731,0.032686,0,0,0,,,,
C,16732,0.032266,0,0,0,,,,
C,16733,0.038359,0,0,0,,,,
C,16734,0.031456,0,0,0,,,,
C,16735,0.034450,0,0,0,,,,
C,16736,0.030706,0,0,0,,,,
C,16737,0.030902,0,0,0,,,,
C,16738,0.031074,0,0,0,,,,
C,16739,0.030647,0,0,0,,,,
C,16740,0.033200,0,0,0,,,,
C,16741,0.032597,0,0,0,,,,
C,16742,0.031858,0,0,0,,,,
C,16743,0.033107,0,0,0,,,,
C,16744,0.031301,0,0,0,,,,
C,16745,0.032711,0,0,0,,,,
C,16746,0.032340,0,0,0,,,,
C,16747,0.031645,0,0,0,,,,
C,16748,0.031771,0,0,0,,,,
C,16749,0.032803,0,0,0,,,,
C,16750,0.031676,0,0,0,,,,
C,16751,0.033094,0,0,0,,,,
C,16752,0.030146,0,0,0,,,,
C,16753,0.031397,0,0,0,,,,
C,16754,0.031957,0,0,0,,,,
C,16755,0.031795,0,0,0,,,,
C,16756,0.030862,0,0,0,,,,
C,16757,0.030622,0,0,0,,,,
C,16758,0.031808,0,0,0,,,,
C,16759,0.032508,0,0,0,,,,
C,16760,0.031115,0,0,0,,,,
C,16761,0.031813,0,0,0,,,,
C,16762,0.030936,0,0,0,,,,
C,16763,0.032181,0,0,0,,,,
C,16764,0.033876,0,0,0,,,,
C,16765,0.033800,0,0,0,,,,
C,16766,0.032206,0,0,0,,,,
C,16767,0.030245,0,0,0,,,,
C,16768,0.034082,0,0,0,,,,
C,16769,0.036535,0,0,0,,,,
C,16770,0.032468,0,0,0,,,,
C,16771,0.031554,0,0,0,,,,
C,16772,0.030285,0,0,0,,,,
C,16773,0.030501,0,0,0,,,,
C,16774,0.031186,0,0,0,,,,
C,16775,0.032192,0,0,0,,,,
C,16776,0.030779,0,0,0,,,,
C,16777,0.030753,0,0,0,,,,
C,16778,0.030720,0,0,0,,,,
C,16779,0.031337,0,0,0,,,,
C,16780,0.031464,0,0,0,,,,
C,16781,0.030183,0,0,0,,,,
C,16782,0.031168,0,0,0,,,,
C,16783,0.031011,0,0,0,,,,
C,16784,0.029541,0,0,0,,,,
C,16785,0.036186,0,0,0,,,,
C,16786,0.030961,0,0,0,,,,
C,16787,0.030289,0,0,0,,,,
C,16788,0.029424,0,0,0,,,,
C,16789,0.031535,0,0,0,,,,
C,16790,0.030604,0,0,0,,,,
C,16791,0.031667,0,0,0,,,,
C,16792,0.030498,0,0,0,,,,
C,16793,0.030988,0,0,0,,,,
C,16794,0.031376,0,0,0,,,,
C,16795,0.032347,0,0,0,,,,
C,16796,0.030931,0,0,0,,,,
C,16797,0.031400,0,0,0,,,,
C,16798,0.031618,0,0,0,,,,
C,16799,0.031786,0,0,0,,,,
C,16800,0.032001,0,0,0,,,,
C,16801,0.032200,0,0,0,,,,
C,16802,0.030790,0,0,0,,,,
C,16803,0.030965,0,0,0,,,,
C,16804,0.030192,0,0,0,,,,
C,16805,0.031193,0,0,0,,,,
C,16806,0.032238,0,0,0,,,,
C,16807,0.035116,0,0,0,,,,
C,16808,0.031876,0,0,0,,,,
C,16809,0.034864,0,0,0,,,,
C,16810,0.033217,0,0,0,,,,
C,16811,0.030436,0,0,0,,,,
C,16812,0.031714,0,0,0,,,,
C,16813,0.031852,0,0,0,,,,
C,16814,0.034142,0,0,0,,,,
C,16815,0.031360,0,0,0,,,,
C,16816,0.031430,0,0,0,,,,
C,16817,0.029877,0,0,0,,,,
C,16818,0.031442,0,0,0,,,,
C,16819,0.031337,0,0,0,,,,
C,16820,0.030402,0,0,0,,,,
C,16821,0.030420,0,0,0,,,,
C,16822,0.030887,0,0,0,,,,
C,16823,0.031986,0,0,0,,,,
C,16824,0.032589,0,0,0,,,,
C,16825,0.031644,0,0,0,,,,
C,16826,0.029416,0,0,0,,,,
C,16827,0.033383,0,0,0,,,,
C,16828,0.030437,0,0,0,,,,
C,16829,0.029239,0,0,0,,,,
C,16830,0.029041,0,0,0,,,,
C,16831,0.031035,0,0,0,,,,
C,16832,0.030337,0,0,0,,,,
C,16833,0.028025,0,0,0,,,,
C,16834,0.030910,0,0,0,,,,
C,16835,0.031639,0,0,0,,,,
C,16836,0.030175,0,0,0,,,,
C,16837,0.031904,0,0,0,,,,
C,16838,0.032705,0,0,0,,,,
C,16839,0.028830,0,0,0,,,,
C,16840,0.032637,0,0,0,,,,
C,16841,0.030788,0,0,0,,,,
C,16842,0.029945,0,0,0,,,,
C,16843,0.032415,0,0,0,,,,
C,16844,0.030283,0,0,0,,,,
C,16845,0.029931,0,0,0,,,,
C,16846,0.029638,0,0,0,,,,
C,16847,0.031240,0,0,0,,,,
C,16848,0.030437,0,0,0,,,,
C,16849,0.030758,0,0,0,,,,
C,16850,0.031305,0,0,0,,,,
C,16851,0.030699,0,0,0,,,,
C,16852,0.030629,0,0,0,,,,
C,16853,0.032760,0,0,0,,,,
C,16854,0.031895,0,0,0,,,,
C,16855,0.031113,0,0,0,,,,
C,16856,0.030221,0,0,0,,,,
C,16857,0.031499,0,0,0,,,,
C,16858,0.032975,0,0,0,,,,
C,16859,0.030095,0,0,0,,,,
C,16860,0.029629,0,0,0,,,,
C,16861,0.030903,0,0,0,,,,
C,16862,0.029777,0,0,0,,,,
C,16863,0.030976,0,0,0,,,,
C,16864,0.029813,0,0,0,,,,
C,16865,0.031223,0,0,0,,,,
C,16866,0.031480,0,0,0,,,,
C,16867,0.031749,0,0,0,,,,
C,16868,0.031436,0,0,0,,,,
C,16869,0.030755,0,0,0,,,,
C,16870,0.030784,0,0,0,,,,
C,16871,0.031790,0,0,0,,,,
C,16872,0.030595,0,0,0,,,,
C,16873,0.032147,0,0,0,,,,
C,16874,0.030010,0,0,0,,,,
C,16875,0.030475,0,0,0,,,,
C,16876,0.029544,0,0,0,,,,
C,16877,0.030975,0,0,0,,,,
C,16878,0.029672,0,0,0,,,,
C,16879,0.030779,0,0,0,,,,
C,16880,0.031629,0,0,0,,,,
C,16881,0.032784,0,0,0,,,,
C,16882,0.031273,0,0,0,,,,
C,16883,0.030887,0,0,0,,,,
C,16884,0.030715,0,0,0,,,,
C,16885,0.030963,0,0,0,,,,
C,16886,0.029249,0,0,0,,,,
C,16887,0.029744,0,0,0,,,,
C,16888,0.030420,0,0,0,,,,
C,16889,0.029916,0,0,0,,,,
C,16890,0.031803,0,0,0,,,,
C,16891,0.029490,0,0,0,,,,
C,16892,0.030208,0,0,0,,,,
C,16893,0.030878,0,0,0,,,,
C,16894,0.032861,0,0,0,,,,
C,16895,0.030349,0,0,0,,,,
C,16896,0.029750,0,0,0,,,,
C,16897,0.029949,0,0,0,,,,
C,16898,0.031358,0,0,0,,,,
C,16899,0.032826,0,0,0,,,,
C,16900,0.033458,0,0,0,,,,
C,16901,0.030864,0,0,0,,,,
C,16902,0.031229,0,0,0,,,,
C,16903,0.032332,0,0,0,,,,
C,16904,0.031545,0,0,0,,,,
C,16905,0.033908,0,0,0,,,,
C,16906,0.032237,0,0,0,,,,
C,16907,0.032008,0,0,0,,,,
C,16908,0.035476,0,0,0,,,,
C,16909,0.035171,0,0,0,,,,
C,16910,0.033952,0,0,0,,,,
C,16911,0.037380,0,0,0,,,,
C,16912,0.040265,0,0,0,,,,
C,16913,0.043482,0,0,0,,,,
C,16914,0.037107,0,0,0,,,,
C,16915,0.036819,0,0,0,,,,
C,16916,0.031610,0,0,0,,,,
C,16917,0.030502,0,0,0,,,,
C,16918,0.032152,0,0,0,,,,
C,16919,0.031946,0,0,0,,,,
C,16920,0.030258,0,0,0,,,,
C,16921,0.030631,0,0,0,,,,
C,16922,0.030307,0,0,0,,,,
C,16923,0.032383,0,0,0,,,,
C,16924,0.032191,0,0,0,,,,
C,16925,0.033211,0,0,0,,,,
C,16926,0.035566,0,0,0,,,,
C,16927,0.036371,0,0,0,,,,
C,16928,0.035899,0,0,0,,,,
C,16929,0.033269,0,0,0,,,,
C,16930,0.029703,0,0,0,,,,
C,16931,0.032596,0,0,0,,,,
C,16932,0.031479,0,0,0,,,,
C,16933,0.031649,0,0,0,,,,
C,16934,0.033962,0,0,0,,,,
C,16935,0.030532,0,0,0,,,,
C,16936,0.032333,0,0,0,,,,
C,16937,0.031999,0,0,0,,,,
C,16938,0.030603,0,0,0,,,,
C,16939,0.029816,0,0,0,,,,
C,16940,0.030754,0,0,0,,,,
C,16941,0.033305,0,0,0,,,,
C,16942,0.029631,0,0,0,,,,
C,16943,0.031085,0,0,0,,,,
C,16944,0.031125,0,0,0,,,,
C,16945,0.030158,0,0,0,,,,
C,16946,0.030748,0,0,0,,,,
C,16947,0.035268,0,0,0,,,,
C,16948,0.034254,0,0,0,,,,
C,16949,0.032934,0,0,0,,,,
C,16950,0.033033,0,0,0,,,,
C,16951,0.032332,0,0,0,,,,
C,16952,0.031459,0,0,0,,,,
C,16953,0.033103,0,0,0,,,,
C,16954,0.031381,0,0,0,,,,
C,16955,0.034773,0,0,0,,,,
C,16956,0.031031,0,0,0,,,,
C,16957,0.033876,0,0,0,,,,
C,16958,0.033597,0,0,0,,,,
C,16959,0.038828,0,0,0,,,,
C,16960,0.040158,0,0,0,,,,
C,16961,0.039441,0,0,0,,,,
C,16962,0.033638,0,0,0,,,,
C,16963,0.046336,0,0,0,,,,
C,16964,0.037913,0,0,0,,,,
C,16965,0.032874,0,0,0,,,,
C,16966,0.032489,0,0,0,,,,
C,16967,0.033695,0,0,0,,,,
C,16968,0.033690,0,0,0,,,,
C,16969,0.031114,0,0,0,,,,
C,16970,0.031121,0,0,0,,,,
C,16971,0.032810,0,0,0,,,,
C,16972,0.029810,0,0,0,,,,
C,16973,0.031466,0,0,0,,,,
C,16974,0.031859,0,0,0,,,,
C,16975,0.031905,0,0,0,,,,
C,16976,0.028153,0,0,0,,,,
C,16977,0.028914,0,0,0,,,,
C,16978,0.030504,0,0,0,,,,
C,16979,0.032344,0,0,0,,,,
C,16980,0.036348,0,0,0,,,,
C,16981,0.031680,0,0,0,,,,
C,16982,0.034304,0,0,0,,,,
C,16983,0.034098,0,0,0,,,,
C,16984,0.030791,0,0,0,,,,
C,16985,0.031591,0,0,0,,,,
C,16986,0.032748,0,0,0,,,,
C,16987,0.031020,0,0,0,,,,
C,16988,0.029781,0,0,0,,,,
C,16989,0.033860,0,0,0,,,,
C,16990,0.034102,0,0,0,,,,
C,16991,0.030285,0,0,0,,,,
C,16992,0.031143,0,0,0,,,,
C,16993,0.030059,0,0,0,,,,
C,16994,0.030027,0,0,0,,,,
C,16995,0.031212,0,0,0,,,,
C,16996,0.029934,0,0,0,,,,
C,16997,0.029258,0,0,0,,,,
C,16998,0.028461,0,0,0,,,,
C,16999,0.029192,0,0,0,,,,
C,17000,0.030656,0,0,0,217.6,1.036e-10,"{'checked': 26, 'zsx_rejected': 6, 'default_rejected': 0, 'closed_form_forced': 0, 'inexact': 9, 'exact_rebuilt': 0, 'best_effort': 0, 'best_effort_worst': 0.0, 'psf_rerouted': 0, 'psf_rerouted_worst_residual': 0.0}",802
C,17001,0.031379,0,0,0,,,,
C,17002,0.031353,0,0,0,,,,
C,17003,0.029978,0,0,0,,,,
C,17004,0.030425,0,0,0,,,,
C,17005,0.031199,0,0,0,,,,
C,17006,0.030103,0,0,0,,,,
C,17007,0.032154,0,0,0,,,,
C,17008,0.030784,0,0,0,,,,
C,17009,0.030957,0,0,0,,,,
C,17010,0.029687,0,0,0,,,,
C,17011,0.036354,0,0,0,,,,
C,17012,0.030078,0,0,0,,,,
C,17013,0.028068,0,0,0,,,,
C,17014,0.029069,0,0,0,,,,
C,17015,0.031253,0,0,0,,,,
C,17016,0.029468,0,0,0,,,,
C,17017,0.029954,0,0,0,,,,
C,17018,0.029136,0,0,0,,,,
C,17019,0.029994,0,0,0,,,,
C,17020,0.029912,0,0,0,,,,
C,17021,0.029723,0,0,0,,,,
C,17022,0.030135,0,0,0,,,,
C,17023,0.034442,0,0,0,,,,
C,17024,0.029556,0,0,0,,,,
C,17025,0.030002,0,0,0,,,,
C,17026,0.030870,0,0,0,,,,
C,17027,0.030793,0,0,0,,,,
C,17028,0.030960,0,0,0,,,,
C,17029,0.029884,0,0,0,,,,
C,17030,0.028610,0,0,0,,,,
C,17031,0.030878,0,0,0,,,,
C,17032,0.028996,0,0,0,,,,
C,17033,0.029111,0,0,0,,,,
C,17034,0.029837,0,0,0,,,,
C,17035,0.030446,0,0,0,,,,
C,17036,0.029638,0,0,0,,,,
C,17037,0.030144,0,0,0,,,,
C,17038,0.029604,0,0,0,,,,
C,17039,0.029558,0,0,0,,,,
C,17040,0.028285,0,0,0,,,,
C,17041,0.028745,0,0,0,,,,
C,17042,0.030678,0,0,0,,,,
C,17043,0.030091,0,0,0,,,,
C,17044,0.031151,0,0,0,,,,
C,17045,0.030311,0,0,0,,,,
C,17046,0.030441,0,0,0,,,,
C,17047,0.030019,0,0,0,,,,
C,17048,0.030166,0,0,0,,,,
C,17049,0.029840,0,0,0,,,,
C,17050,0.028287,0,0,0,,,,
C,17051,0.029431,0,0,0,,,,
C,17052,0.030734,0,0,0,,,,
C,17053,0.031227,0,0,0,,,,
C,17054,0.031698,0,0,0,,,,
C,17055,0.028945,0,0,0,,,,
C,17056,0.030116,0,0,0,,,,
C,17057,0.030413,0,0,0,,,,
C,17058,0.029306,0,0,0,,,,
C,17059,0.029616,0,0,0,,,,
C,17060,0.029548,0,0,0,,,,
C,17061,0.028894,0,0,0,,,,
C,17062,0.029379,0,0,0,,,,
C,17063,0.028872,0,0,0,,,,
C,17064,0.030081,0,0,0,,,,
C,17065,0.027660,0,0,0,,,,
C,17066,0.031673,0,0,0,,,,
C,17067,0.030044,0,0,0,,,,
C,17068,0.029621,0,0,0,,,,
C,17069,0.029544,0,0,0,,,,
C,17070,0.030748,0,0,0,,,,
C,17071,0.030388,0,0,0,,,,
C,17072,0.029890,0,0,0,,,,
C,17073,0.033419,0,0,0,,,,
C,17074,0.031514,0,0,0,,,,
C,17075,0.033035,0,0,0,,,,
C,17076,0.030181,0,0,0,,,,
C,17077,0.031743,0,0,0,,,,
C,17078,0.029720,0,0,0,,,,
C,17079,0.032225,0,0,0,,,,
C,17080,0.029880,0,0,0,,,,
C,17081,0.029708,0,0,0,,,,
C,17082,0.031788,0,0,0,,,,
C,17083,0.028182,0,0,0,,,,
C,17084,0.028844,0,0,0,,,,
C,17085,0.029340,0,0,0,,,,
C,17086,0.029581,0,0,0,,,,
C,17087,0.029092,0,0,0,,,,
C,17088,0.029677,0,0,0,,,,
C,17089,0.030609,0,0,0,,,,
C,17090,0.030202,0,0,0,,,,
C,17091,0.030038,0,0,0,,,,
C,17092,0.030393,0,0,0,,,,
C,17093,0.028284,0,0,0,,,,
C,17094,0.029269,0,0,0,,,,
C,17095,0.029045,0,0,0,,,,
C,17096,0.029332,0,0,0,,,,
C,17097,0.031786,0,0,0,,,,
C,17098,0.030243,0,0,0,,,,
C,17099,0.030534,0,0,0,,,,
C,17100,0.029923,0,0,0,,,,
C,17101,0.029321,0,0,0,,,,
C,17102,0.029232,0,0,0,,,,
C,17103,0.027659,0,0,0,,,,
C,17104,0.029736,0,0,0,,,,
C,17105,0.030238,0,0,0,,,,
C,17106,0.030882,0,0,0,,,,
C,17107,0.028860,0,0,0,,,,
C,17108,0.029925,0,0,0,,,,
C,17109,0.029798,0,0,0,,,,
C,17110,0.029530,0,0,0,,,,
C,17111,0.028626,0,0,0,,,,
C,17112,0.028604,0,0,0,,,,
C,17113,0.028812,0,0,0,,,,
C,17114,0.029149,0,0,0,,,,
C,17115,0.029104,0,0,0,,,,
C,17116,0.029234,0,0,0,,,,
C,17117,0.029798,0,0,0,,,,
C,17118,0.029741,0,0,0,,,,
C,17119,0.031315,0,0,0,,,,
C,17120,0.029757,0,0,0,,,,
C,17121,0.031026,0,0,0,,,,
C,17122,0.030604,0,0,0,,,,
C,17123,0.031182,0,0,0,,,,
C,17124,0.028851,0,0,0,,,,
C,17125,0.030765,0,0,0,,,,
C,17126,0.030742,0,0,0,,,,
C,17127,0.029763,0,0,0,,,,
C,17128,0.031605,0,0,0,,,,
C,17129,0.029484,0,0,0,,,,
C,17130,0.029365,0,0,0,,,,
C,17131,0.028843,0,0,0,,,,
C,17132,0.029543,0,0,0,,,,
C,17133,0.029464,0,0,0,,,,
C,17134,0.030299,0,0,0,,,,
C,17135,0.029920,0,0,0,,,,
C,17136,0.029066,0,0,0,,,,
C,17137,0.030956,0,0,0,,,,
C,17138,0.031071,0,0,0,,,,
C,17139,0.030703,0,0,0,,,,
C,17140,0.030409,0,0,0,,,,
C,17141,0.032032,0,0,0,,,,
C,17142,0.032345,0,0,0,,,,
C,17143,0.032744,0,0,0,,,,
C,17144,0.030667,0,0,0,,,,
C,17145,0.030516,0,0,0,,,,
C,17146,0.029381,0,0,0,,,,
C,17147,0.032743,0,0,0,,,,
C,17148,0.029409,0,0,0,,,,
C,17149,0.038500,0,0,0,,,,
C,17150,0.033980,0,0,0,,,,
C,17151,0.037524,0,0,0,,,,
C,17152,0.034762,0,0,0,,,,
C,17153,0.034935,0,0,0,,,,
C,17154,0.031071,0,0,0,,,,
C,17155,0.030736,0,0,0,,,,
C,17156,0.029141,0,0,0,,,,
C,17157,0.030034,0,0,0,,,,
C,17158,0.028683,0,0,0,,,,
C,17159,0.028922,0,0,0,,,,
C,17160,0.030204,0,0,0,,,,
C,17161,0.028889,0,0,0,,,,
C,17162,0.029172,0,0,0,,,,
C,17163,0.029181,0,0,0,,,,
C,17164,0.029509,0,0,0,,,,
C,17165,0.029684,0,0,0,,,,
C,17166,0.029968,0,0,0,,,,
C,17167,0.029238,0,0,0,,,,
C,17168,0.030946,0,0,0,,,,
C,17169,0.029689,0,0,0,,,,
C,17170,0.030045,0,0,0,,,,
C,17171,0.028981,0,0,0,,,,
C,17172,0.029419,0,0,0,,,,
C,17173,0.029450,0,0,0,,,,
C,17174,0.029873,0,0,0,,,,
C,17175,0.032037,0,0,0,,,,
C,17176,0.032754,0,0,0,,,,
C,17177,0.030100,0,0,0,,,,
C,17178,0.029353,0,0,0,,,,
C,17179,0.028892,0,0,0,,,,
C,17180,0.030284,0,0,0,,,,
C,17181,0.030493,0,0,0,,,,
C,17182,0.030160,0,0,0,,,,
C,17183,0.029111,0,0,0,,,,
C,17184,0.032001,0,0,0,,,,
C,17185,0.029092,0,0,0,,,,
C,17186,0.029992,0,0,0,,,,
C,17187,0.030901,0,0,0,,,,
C,17188,0.029640,0,0,0,,,,
C,17189,0.029120,0,0,0,,,,
C,17190,0.028963,0,0,0,,,,
C,17191,0.028126,0,0,0,,,,
C,17192,0.028516,0,0,0,,,,
C,17193,0.031694,0,0,0,,,,
C,17194,0.030498,0,0,0,,,,
C,17195,0.029206,0,0,0,,,,
C,17196,0.029209,0,0,0,,,,
C,17197,0.030829,0,0,0,,,,
C,17198,0.028942,0,0,0,,,,
C,17199,0.035079,0,0,0,,,,
C,17200,0.028153,0,0,0,,,,
C,17201,0.029363,0,0,0,,,,
C,17202,0.029271,0,0,0,,,,
C,17203,0.031015,0,0,0,,,,
C,17204,0.028484,0,0,0,,,,
C,17205,0.029560,0,0,0,,,,
C,17206,0.028435,0,0,0,,,,
C,17207,0.029746,0,0,0,,,,
C,17208,0.028932,0,0,0,,,,
C,17209,0.029798,0,0,0,,,,
C,17210,0.030720,0,0,0,,,,
C,17211,0.029367,0,0,0,,,,
C,17212,0.030081,0,0,0,,,,
C,17213,0.031061,0,0,0,,,,
C,17214,0.033423,0,0,0,,,,
C,17215,0.030674,0,0,0,,,,
C,17216,0.031114,0,0,0,,,,
C,17217,0.029687,0,0,0,,,,
C,17218,0.029684,0,0,0,,,,
C,17219,0.030663,0,0,0,,,,
C,17220,0.028983,0,0,0,,,,
C,17221,0.029353,0,0,0,,,,
C,17222,0.027709,0,0,0,,,,
C,17223,0.030604,0,0,0,,,,
C,17224,0.029137,0,0,0,,,,
C,17225,0.030861,0,0,0,,,,
C,17226,0.028558,0,0,0,,,,
C,17227,0.028930,0,0,0,,,,
C,17228,0.028563,0,0,0,,,,
C,17229,0.029493,0,0,0,,,,
C,17230,0.030152,0,0,0,,,,
C,17231,0.029959,0,0,0,,,,
C,17232,0.028986,0,0,0,,,,
C,17233,0.029150,0,0,0,,,,
C,17234,0.029339,0,0,0,,,,
C,17235,0.028884,0,0,0,,,,
C,17236,0.030915,0,0,0,,,,
C,17237,0.029974,0,0,0,,,,
C,17238,0.029859,0,0,0,,,,
C,17239,0.030081,0,0,0,,,,
C,17240,0.030445,0,0,0,,,,
C,17241,0.029850,0,0,0,,,,
C,17242,0.030365,0,0,0,,,,
C,17243,0.029476,0,0,0,,,,
C,17244,0.029361,0,0,0,,,,
C,17245,0.029338,0,0,0,,,,
C,17246,0.029337,0,0,0,,,,
C,17247,0.028353,0,0,0,,,,
C,17248,0.029752,0,0,0,,,,
C,17249,0.030403,0,0,0,,,,
C,17250,0.029475,0,0,0,,,,
C,17251,0.029641,0,0,0,,,,
C,17252,0.029096,0,0,0,,,,
C,17253,0.028615,0,0,0,,,,
C,17254,0.029281,0,0,0,,,,
C,17255,0.032224,0,0,0,,,,
C,17256,0.029250,0,0,0,,,,
C,17257,0.028819,0,0,0,,,,
C,17258,0.030935,0,0,0,,,,
C,17259,0.030468,0,0,0,,,,
C,17260,0.034415,0,0,0,,,,
C,17261,0.029356,0,0,0,,,,
C,17262,0.030522,0,0,0,,,,
C,17263,0.029374,0,0,0,,,,
C,17264,0.030603,0,0,0,,,,
C,17265,0.029703,0,0,0,,,,
C,17266,0.028559,0,0,0,,,,
C,17267,0.030524,0,0,0,,,,
C,17268,0.029110,0,0,0,,,,
C,17269,0.031532,0,0,0,,,,
C,17270,0.030529,0,0,0,,,,
C,17271,0.031093,0,0,0,,,,
C,17272,0.028163,0,0,0,,,,
C,17273,0.030121,0,0,0,,,,
C,17274,0.028488,0,0,0,,,,
C,17275,0.029459,0,0,0,,,,
C,17276,0.028572,0,0,0,,,,
C,17277,0.028863,0,0,0,,,,
C,17278,0.029793,0,0,0,,,,
C,17279,0.034208,0,0,0,,,,
C,17280,0.028431,0,0,0,,,,
C,17281,0.028582,0,0,0,,,,
C,17282,0.030136,0,0,0,,,,
C,17283,0.031397,0,0,0,,,,
C,17284,0.031345,0,0,0,,,,
C,17285,0.029527,0,0,0,,,,
C,17286,0.032891,0,0,0,,,,
C,17287,0.032481,0,0,0,,,,
C,17288,0.030380,0,0,0,,,,
C,17289,0.030650,0,0,0,,,,
C,17290,0.032366,0,0,0,,,,
C,17291,0.031857,0,0,0,,,,
C,17292,0.032058,0,0,0,,,,
C,17293,0.033809,0,0,0,,,,
C,17294,0.040205,0,0,0,,,,
C,17295,0.031535,0,0,0,,,,
C,17296,0.035985,0,0,0,,,,
C,17297,0.030838,0,0,0,,,,
C,17298,0.030226,0,0,0,,,,
C,17299,0.029510,0,0,0,,,,
C,17300,0.030727,0,0,0,,,,
C,17301,0.028871,0,0,0,,,,
C,17302,0.030260,0,0,0,,,,
C,17303,0.027606,0,0,0,,,,
C,17304,0.030295,0,0,0,,,,
C,17305,0.031019,0,0,0,,,,
C,17306,0.027349,0,0,0,,,,
C,17307,0.030560,0,0,0,,,,
C,17308,0.030761,0,0,0,,,,
C,17309,0.031859,0,0,0,,,,
C,17310,0.034523,0,0,0,,,,
C,17311,0.033055,0,0,0,,,,
C,17312,0.029836,0,0,0,,,,
C,17313,0.031511,0,0,0,,,,
C,17314,0.029771,0,0,0,,,,
C,17315,0.029806,0,0,0,,,,
C,17316,0.028595,0,0,0,,,,
C,17317,0.029678,0,0,0,,,,
C,17318,0.030020,0,0,0,,,,
C,17319,0.028205,0,0,0,,,,
C,17320,0.031354,0,0,0,,,,
C,17321,0.029468,0,0,0,,,,
C,17322,0.029524,0,0,0,,,,
C,17323,0.030001,0,0,0,,,,
C,17324,0.030371,0,0,0,,,,
C,17325,0.029106,0,0,0,,,,
C,17326,0.029531,0,0,0,,,,
C,17327,0.030793,0,0,0,,,,
C,17328,0.029784,0,0,0,,,,
C,17329,0.029676,0,0,0,,,,
C,17330,0.029285,0,0,0,,,,
C,17331,0.028814,0,0,0,,,,
C,17332,0.028391,0,0,0,,,,
C,17333,0.030128,0,0,0,,,,
C,17334,0.028558,0,0,0,,,,
C,17335,0.031746,0,0,0,,,,
C,17336,0.029349,0,0,0,,,,
C,17337,0.029920,0,0,0,,,,
C,17338,0.027404,0,0,0,,,,
C,17339,0.028989,0,0,0,,,,
C,17340,0.029377,0,0,0,,,,
C,17341,0.028964,0,0,0,,,,
C,17342,0.029230,0,0,0,,,,
C,17343,0.030531,0,0,0,,,,
C,17344,0.028988,0,0,0,,,,
C,17345,0.029023,0,0,0,,,,
C,17346,0.028906,0,0,0,,,,
C,17347,0.029605,0,0,0,,,,
C,17348,0.028111,0,0,0,,,,
C,17349,0.028683,0,0,0,,,,
C,17350,0.028438,0,0,0,,,,
C,17351,0.029228,0,0,0,,,,
C,17352,0.030504,0,0,0,,,,
C,17353,0.029611,0,0,0,,,,
C,17354,0.029750,0,0,0,,,,
C,17355,0.027845,0,0,0,,,,
C,17356,0.030687,0,0,0,,,,
C,17357,0.030471,0,0,0,,,,
C,17358,0.031055,0,0,0,,,,
C,17359,0.029050,0,0,0,,,,
C,17360,0.028113,0,0,0,,,,
C,17361,0.029606,0,0,0,,,,
C,17362,0.029938,0,0,0,,,,
C,17363,0.032217,0,0,0,,,,
C,17364,0.029913,0,0,0,,,,
C,17365,0.030769,0,0,0,,,,
C,17366,0.029237,0,0,0,,,,
C,17367,0.029414,0,0,0,,,,
C,17368,0.029033,0,0,0,,,,
C,17369,0.029403,0,0,0,,,,
C,17370,0.029954,0,0,0,,,,
C,17371,0.029234,0,0,0,,,,
C,17372,0.030378,0,0,0,,,,
C,17373,0.029140,0,0,0,,,,
C,17374,0.030661,0,0,0,,,,
C,17375,0.029987,0,0,0,,,,
C,17376,0.031140,0,0,0,,,,
C,17377,0.031098,0,0,0,,,,
C,17378,0.033120,0,0,0,,,,
C,17379,0.031629,0,0,0,,,,
C,17380,0.031235,0,0,0,,,,
C,17381,0.029869,0,0,0,,,,
C,17382,0.030520,0,0,0,,,,
C,17383,0.037619,0,0,0,,,,
C,17384,0.032474,0,0,0,,,,
C,17385,0.032918,0,0,0,,,,
C,17386,0.034730,0,0,0,,,,
C,17387,0.032142,0,0,0,,,,
C,17388,0.033412,0,0,0,,,,
C,17389,0.031730,0,0,0,,,,
C,17390,0.043470,0,0,0,,,,
C,17391,0.031027,0,0,0,,,,
C,17392,0.032516,0,0,0,,,,
C,17393,0.031046,0,0,0,,,,
C,17394,0.031076,0,0,0,,,,
C,17395,0.031140,0,0,0,,,,
C,17396,0.033180,0,0,0,,,,
C,17397,0.031278,0,0,0,,,,
C,17398,0.032895,0,0,0,,,,
C,17399,0.035698,0,0,0,,,,
C,17400,0.035969,0,0,0,,,,
C,17401,0.032839,0,0,0,,,,
C,17402,0.031060,0,0,0,,,,
C,17403,0.030241,0,0,0,,,,
C,17404,0.031035,0,0,0,,,,
C,17405,0.033102,0,0,0,,,,
C,17406,0.031443,0,0,0,,,,
C,17407,0.030132,0,0,0,,,,
C,17408,0.031351,0,0,0,,,,
C,17409,0.030882,0,0,0,,,,
C,17410,0.032279,0,0,0,,,,
C,17411,0.032390,0,0,0,,,,
C,17412,0.035296,0,0,0,,,,
C,17413,0.033184,0,0,0,,,,
C,17414,0.033756,0,0,0,,,,
C,17415,0.031409,0,0,0,,,,
C,17416,0.030902,0,0,0,,,,
C,17417,0.032345,0,0,0,,,,
C,17418,0.030810,0,0,0,,,,
C,17419,0.030515,0,0,0,,,,
C,17420,0.031381,0,0,0,,,,
C,17421,0.032470,0,0,0,,,,
C,17422,0.030313,0,0,0,,,,
C,17423,0.031636,0,0,0,,,,
C,17424,0.029992,0,0,0,,,,
C,17425,0.032503,0,0,0,,,,
C,17426,0.030981,0,0,0,,,,
C,17427,0.031646,0,0,0,,,,
C,17428,0.030268,0,0,0,,,,
C,17429,0.030309,0,0,0,,,,
C,17430,0.032119,0,0,0,,,,
C,17431,0.030804,0,0,0,,,,
C,17432,0.032942,0,0,0,,,,
C,17433,0.032695,0,0,0,,,,
C,17434,0.030976,0,0,0,,,,
C,17435,0.032514,0,0,0,,,,
C,17436,0.031838,0,0,0,,,,
C,17437,0.031711,0,0,0,,,,
C,17438,0.034323,0,0,0,,,,
C,17439,0.030914,0,0,0,,,,
C,17440,0.031608,0,0,0,,,,
C,17441,0.031363,0,0,0,,,,
C,17442,0.031749,0,0,0,,,,
C,17443,0.030824,0,0,0,,,,
C,17444,0.030314,0,0,0,,,,
C,17445,0.031161,0,0,0,,,,
C,17446,0.031320,0,0,0,,,,
C,17447,0.031449,0,0,0,,,,
C,17448,0.031791,0,0,0,,,,
C,17449,0.032210,0,0,0,,,,
C,17450,0.028898,0,0,0,,,,
C,17451,0.032303,0,0,0,,,,
C,17452,0.031017,0,0,0,,,,
C,17453,0.032382,0,0,0,,,,
C,17454,0.030823,0,0,0,,,,
C,17455,0.031028,0,0,0,,,,
C,17456,0.031107,0,0,0,,,,
C,17457,0.031563,0,0,0,,,,
C,17458,0.032733,0,0,0,,,,
C,17459,0.031509,0,0,0,,,,
C,17460,0.031025,0,0,0,,,,
C,17461,0.030784,0,0,0,,,,
C,17462,0.035689,0,0,0,,,,
C,17463,0.032572,0,0,0,,,,
C,17464,0.032652,0,0,0,,,,
C,17465,0.030344,0,0,0,,,,
C,17466,0.031442,0,0,0,,,,
C,17467,0.031367,0,0,0,,,,
C,17468,0.030675,0,0,0,,,,
C,17469,0.030564,0,0,0,,,,
C,17470,0.030538,0,0,0,,,,
C,17471,0.030617,0,0,0,,,,
C,17472,0.029899,0,0,0,,,,
C,17473,0.030058,0,0,0,,,,
C,17474,0.031413,0,0,0,,,,
C,17475,0.030551,0,0,0,,,,
C,17476,0.031849,0,0,0,,,,
C,17477,0.032549,0,0,0,,,,
C,17478,0.033461,0,0,0,,,,
C,17479,0.030096,0,0,0,,,,
C,17480,0.032534,0,0,0,,,,
C,17481,0.032175,0,0,0,,,,
C,17482,0.032456,0,0,0,,,,
C,17483,0.031805,0,0,0,,,,
C,17484,0.033141,0,0,0,,,,
C,17485,0.034092,0,0,0,,,,
C,17486,0.032348,0,0,0,,,,
C,17487,0.032520,0,0,0,,,,
C,17488,0.037772,0,0,0,,,,
C,17489,0.052829,0,0,0,,,,
C,17490,0.038004,0,0,0,,,,
C,17491,0.036070,0,0,0,,,,
C,17492,0.035300,0,0,0,,,,
C,17493,0.029864,0,0,0,,,,
C,17494,0.030003,0,0,0,,,,
C,17495,0.031647,0,0,0,,,,
C,17496,0.032360,0,0,0,,,,
C,17497,0.032283,0,0,0,,,,
C,17498,0.031802,0,0,0,,,,
C,17499,0.031231,0,0,0,,,,
C,17500,0.030782,0,0,0,,,,
C,17501,0.032749,0,0,0,,,,
C,17502,0.033038,0,0,0,,,,
C,17503,0.032341,0,0,0,,,,
C,17504,0.037507,0,0,0,,,,
C,17505,0.032413,0,0,0,,,,
C,17506,0.031011,0,0,0,,,,
C,17507,0.032111,0,0,0,,,,
C,17508,0.032314,0,0,0,,,,
C,17509,0.031722,0,0,0,,,,
C,17510,0.031320,0,0,0,,,,
C,17511,0.031214,0,0,0,,,,
C,17512,0.031943,0,0,0,,,,
C,17513,0.031976,0,0,0,,,,
C,17514,0.030694,0,0,0,,,,
C,17515,0.032257,0,0,0,,,,
C,17516,0.031873,0,0,0,,,,
C,17517,0.031324,0,0,0,,,,
C,17518,0.030953,0,0,0,,,,
C,17519,0.031476,0,0,0,,,,
C,17520,0.031734,0,0,0,,,,
C,17521,0.030573,0,0,0,,,,
C,17522,0.030049,0,0,0,,,,
C,17523,0.030356,0,0,0,,,,
C,17524,0.031946,0,0,0,,,,
C,17525,0.031668,0,0,0,,,,
C,17526,0.031967,0,0,0,,,,
C,17527,0.032160,0,0,0,,,,
C,17528,0.031791,0,0,0,,,,
C,17529,0.030601,0,0,0,,,,
C,17530,0.033879,0,0,0,,,,
C,17531,0.031942,0,0,0,,,,
C,17532,0.034376,0,0,0,,,,
C,17533,0.030733,0,0,0,,,,
C,17534,0.030282,0,0,0,,,,
C,17535,0.030828,0,0,0,,,,
C,17536,0.030697,0,0,0,,,,
C,17537,0.031016,0,0,0,,,,
C,17538,0.029848,0,0,0,,,,
C,17539,0.031618,0,0,0,,,,
C,17540,0.032550,0,0,0,,,,
C,17541,0.032284,0,0,0,,,,
C,17542,0.033004,0,0,0,,,,
C,17543,0.030490,0,0,0,,,,
C,17544,0.031191,0,0,0,,,,
C,17545,0.032849,0,0,0,,,,
C,17546,0.033859,0,0,0,,,,
C,17547,0.032353,0,0,0,,,,
C,17548,0.032194,0,0,0,,,,
C,17549,0.031349,0,0,0,,,,
C,17550,0.032142,0,0,0,,,,
C,17551,0.030368,0,0,0,,,,
C,17552,0.031306,0,0,0,,,,
C,17553,0.031574,0,0,0,,,,
C,17554,0.031768,0,0,0,,,,
C,17555,0.030969,0,0,0,,,,
C,17556,0.032395,0,0,0,,,,
C,17557,0.030226,0,0,0,,,,
C,17558,0.033257,0,0,0,,,,
C,17559,0.040647,0,0,0,,,,
C,17560,0.046745,0,0,0,,,,
C,17561,0.036374,0,0,0,,,,
C,17562,0.037667,0,0,0,,,,
C,17563,0.033961,0,0,0,,,,
C,17564,0.033913,0,0,0,,,,
C,17565,0.031569,0,0,0,,,,
C,17566,0.034287,0,0,0,,,,
C,17567,0.032368,0,0,0,,,,
C,17568,0.032305,0,0,0,,,,
C,17569,0.031820,0,0,0,,,,
C,17570,0.033157,0,0,0,,,,
C,17571,0.030598,0,0,0,,,,
C,17572,0.032619,0,0,0,,,,
C,17573,0.031295,0,0,0,,,,
C,17574,0.033925,0,0,0,,,,
C,17575,0.029852,0,0,0,,,,
C,17576,0.028709,0,0,0,,,,
C,17577,0.029625,0,0,0,,,,
C,17578,0.029343,0,0,0,,,,
C,17579,0.030128,0,0,0,,,,
C,17580,0.032640,0,0,0,,,,
C,17581,0.029648,0,0,0,,,,
C,17582,0.030098,0,0,0,,,,
C,17583,0.029779,0,0,0,,,,
C,17584,0.030232,0,0,0,,,,
C,17585,0.028258,0,0,0,,,,
C,17586,0.030219,0,0,0,,,,
C,17587,0.029626,0,0,0,,,,
C,17588,0.030517,0,0,0,,,,
C,17589,0.032256,0,0,0,,,,
C,17590,0.032177,0,0,0,,,,
C,17591,0.033200,0,0,0,,,,
C,17592,0.032162,0,0,0,,,,
C,17593,0.033670,0,0,0,,,,
C,17594,0.033243,0,0,0,,,,
C,17595,0.031446,0,0,0,,,,
C,17596,0.029624,0,0,0,,,,
C,17597,0.030657,0,0,0,,,,
C,17598,0.031660,0,0,0,,,,
C,17599,0.029380,0,0,0,,,,
C,17600,0.030564,0,0,0,,,,
C,17601,0.033089,0,0,0,,,,
C,17602,0.029702,0,0,0,,,,
C,17603,0.032938,0,0,0,,,,
C,17604,0.030416,0,0,0,,,,
C,17605,0.031759,0,0,0,,,,
C,17606,0.031628,0,0,0,,,,
C,17607,0.029768,0,0,0,,,,
C,17608,0.030408,0,0,0,,,,
C,17609,0.030931,0,0,0,,,,
C,17610,0.029503,0,0,0,,,,
C,17611,0.030045,0,0,0,,,,
C,17612,0.030547,0,0,0,,,,
C,17613,0.029688,0,0,0,,,,
C,17614,0.031656,0,0,0,,,,
C,17615,0.030494,0,0,0,,,,
C,17616,0.030539,0,0,0,,,,
C,17617,0.029168,0,0,0,,,,
C,17618,0.028862,0,0,0,,,,
C,17619,0.029181,0,0,0,,,,
C,17620,0.028824,0,0,0,,,,
C,17621,0.028164,0,0,0,,,,
C,17622,0.028850,0,0,0,,,,
C,17623,0.029421,0,0,0,,,,
C,17624,0.031262,0,0,0,,,,
C,17625,0.030086,0,0,0,,,,
C,17626,0.029183,0,0,0,,,,
C,17627,0.029959,0,0,0,,,,
C,17628,0.029085,0,0,0,,,,
C,17629,0.028582,0,0,0,,,,
C,17630,0.028133,0,0,0,,,,
C,17631,0.028806,0,0,0,,,,
C,17632,0.029608,0,0,0,,,,
C,17633,0.029280,0,0,0,,,,
C,17634,0.029174,0,0,0,,,,
C,17635,0.028659,0,0,0,,,,
C,17636,0.028549,0,0,0,,,,
C,17637,0.028637,0,0,0,,,,
C,17638,0.029269,0,0,0,,,,
C,17639,0.032155,0,0,0,,,,
C,17640,0.029657,0,0,0,,,,
C,17641,0.030757,0,0,0,,,,
C,17642,0.029352,0,0,0,,,,
C,17643,0.032078,0,0,0,,,,
C,17644,0.029700,0,0,0,,,,
C,17645,0.028928,0,0,0,,,,
C,17646,0.028944,0,0,0,,,,
C,17647,0.029699,0,0,0,,,,
C,17648,0.030399,0,0,0,,,,
C,17649,0.029192,0,0,0,,,,
C,17650,0.029432,0,0,0,,,,
C,17651,0.029950,0,0,0,,,,
C,17652,0.030627,0,0,0,,,,
C,17653,0.029376,0,0,0,,,,
C,17654,0.030589,0,0,0,,,,
C,17655,0.030280,0,0,0,,,,
C,17656,0.030270,0,0,0,,,,
C,17657,0.028717,0,0,0,,,,
C,17658,0.031402,0,0,0,,,,
C,17659,0.029983,0,0,0,,,,
C,17660,0.031201,0,0,0,,,,
C,17661,0.030223,0,0,0,,,,
C,17662,0.030395,0,0,0,,,,
C,17663,0.031443,0,0,0,,,,
C,17664,0.030582,0,0,0,,,,
C,17665,0.029074,0,0,0,,,,
C,17666,0.028567,0,0,0,,,,
C,17667,0.029959,0,0,0,,,,
C,17668,0.030826,0,0,0,,,,
C,17669,0.032612,0,0,0,,,,
C,17670,0.028001,0,0,0,,,,
C,17671,0.027845,0,0,0,,,,
C,17672,0.029203,0,0,0,,,,
C,17673,0.031265,0,0,0,,,,
C,17674,0.028791,0,0,0,,,,
C,17675,0.027818,0,0,0,,,,
C,17676,0.029143,0,0,0,,,,
C,17677,0.028528,0,0,0,,,,
C,17678,0.028112,0,0,0,,,,
C,17679,0.029002,0,0,0,,,,
C,17680,0.029673,0,0,0,,,,
C,17681,0.030162,0,0,0,,,,
C,17682,0.029014,0,0,0,,,,
C,17683,0.029699,0,0,0,,,,
C,17684,0.027845,0,0,0,,,,
C,17685,0.030958,0,0,0,,,,
C,17686,0.030089,0,0,0,,,,
C,17687,0.031214,0,0,0,,,,
C,17688,0.032673,0,0,0,,,,
C,17689,0.031733,0,0,0,,,,
C,17690,0.035475,0,0,0,,,,
C,17691,0.031496,0,0,0,,,,
C,17692,0.031118,0,0,0,,,,
C,17693,0.029426,0,0,0,,,,
C,17694,0.029841,0,0,0,,,,
C,17695,0.029695,0,0,0,,,,
C,17696,0.030764,0,0,0,,,,
C,17697,0.030444,0,0,0,,,,
C,17698,0.031086,0,0,0,,,,
C,17699,0.029449,0,0,0,,,,
C,17700,0.029585,0,0,0,,,,
C,17701,0.031901,0,0,0,,,,
C,17702,0.031805,0,0,0,,,,
C,17703,0.029894,0,0,0,,,,
C,17704,0.031893,0,0,0,,,,
C,17705,0.029213,0,0,0,,,,
C,17706,0.031462,0,0,0,,,,
C,17707,0.029100,0,0,0,,,,
C,17708,0.031905,0,0,0,,,,
C,17709,0.030691,0,0,0,,,,
C,17710,0.029916,0,0,0,,,,
C,17711,0.029851,0,0,0,,,,
C,17712,0.030167,0,0,0,,,,
C,17713,0.031698,0,0,0,,,,
C,17714,0.029981,0,0,0,,,,
C,17715,0.030658,0,0,0,,,,
C,17716,0.030636,0,0,0,,,,
C,17717,0.031694,0,0,0,,,,
C,17718,0.029854,0,0,0,,,,
C,17719,0.030478,0,0,0,,,,
C,17720,0.033847,0,0,0,,,,
C,17721,0.032318,0,0,0,,,,
C,17722,0.030343,0,0,0,,,,
C,17723,0.031821,0,0,0,,,,
C,17724,0.031848,0,0,0,,,,
C,17725,0.035926,0,0,0,,,,
C,17726,0.032503,0,0,0,,,,
C,17727,0.036808,0,0,0,,,,
C,17728,0.038100,0,0,0,,,,
C,17729,0.031106,0,0,0,,,,
C,17730,0.030642,0,0,0,,,,
C,17731,0.030476,0,0,0,,,,
C,17732,0.028725,0,0,0,,,,
C,17733,0.031701,0,0,0,,,,
C,17734,0.030461,0,0,0,,,,
C,17735,0.029196,0,0,0,,,,
C,17736,0.033863,0,0,0,,,,
C,17737,0.030684,0,0,0,,,,
C,17738,0.028906,0,0,0,,,,
C,17739,0.031595,0,0,0,,,,
C,17740,0.031254,0,0,0,,,,
C,17741,0.029310,0,0,0,,,,
C,17742,0.029459,0,0,0,,,,
C,17743,0.030023,0,0,0,,,,
C,17744,0.031507,0,0,0,,,,
C,17745,0.029476,0,0,0,,,,
C,17746,0.028839,0,0,0,,,,
C,17747,0.029708,0,0,0,,,,
C,17748,0.030675,0,0,0,,,,
C,17749,0.031023,0,0,0,,,,
C,17750,0.037598,0,0,0,,,,
C,17751,0.029366,0,0,0,,,,
C,17752,0.029433,0,0,0,,,,
C,17753,0.029543,0,0,0,,,,
C,17754,0.030959,0,0,0,,,,
C,17755,0.029562,0,0,0,,,,
C,17756,0.029436,0,0,0,,,,
C,17757,0.031672,0,0,0,,,,
C,17758,0.030911,0,0,0,,,,
C,17759,0.029603,0,0,0,,,,
C,17760,0.029990,0,0,0,,,,
C,17761,0.030219,0,0,0,,,,
C,17762,0.031905,0,0,0,,,,
C,17763,0.030161,0,0,0,,,,
C,17764,0.030923,0,0,0,,,,
C,17765,0.030333,0,0,0,,,,
C,17766,0.028999,0,0,0,,,,
C,17767,0.028955,0,0,0,,,,
C,17768,0.029496,0,0,0,,,,
C,17769,0.028431,0,0,0,,,,
C,17770,0.028078,0,0,0,,,,
C,17771,0.029480,0,0,0,,,,
C,17772,0.031612,0,0,0,,,,
C,17773,0.028817,0,0,0,,,,
C,17774,0.029279,0,0,0,,,,
C,17775,0.029739,0,0,0,,,,
C,17776,0.033999,0,0,0,,,,
C,17777,0.036712,0,0,0,,,,
C,17778,0.036007,0,0,0,,,,
C,17779,0.031166,0,0,0,,,,
C,17780,0.038167,0,0,0,,,,
C,17781,0.032406,0,0,0,,,,
C,17782,0.040045,0,0,0,,,,
C,17783,0.036440,0,0,0,,,,
C,17784,0.039445,0,0,0,,,,
C,17785,0.034742,0,0,0,,,,
C,17786,0.036939,0,0,0,,,,
C,17787,0.043981,0,0,0,,,,
C,17788,0.032370,0,0,0,,,,
C,17789,0.033734,0,0,0,,,,
C,17790,0.032270,0,0,0,,,,
C,17791,0.034307,0,0,0,,,,
C,17792,0.030799,0,0,0,,,,
C,17793,0.031909,0,0,0,,,,
C,17794,0.038402,0,0,0,,,,
C,17795,0.034753,0,0,0,,,,
C,17796,0.033175,0,0,0,,,,
C,17797,0.034050,0,0,0,,,,
C,17798,0.031491,0,0,0,,,,
C,17799,0.031317,0,0,0,,,,
C,17800,0.031169,0,0,0,,,,
C,17801,0.030905,0,0,0,,,,
C,17802,0.031787,0,0,0,,,,
C,17803,0.031149,0,0,0,,,,
C,17804,0.031071,0,0,0,,,,
C,17805,0.030929,0,0,0,,,,
C,17806,0.029776,0,0,0,,,,
C,17807,0.031652,0,0,0,,,,
C,17808,0.031413,0,0,0,,,,
C,17809,0.030190,0,0,0,,,,
C,17810,0.032180,0,0,0,,,,
C,17811,0.028672,0,0,0,,,,
C,17812,0.031562,0,0,0,,,,
C,17813,0.029713,0,0,0,,,,
C,17814,0.027935,0,0,0,,,,
C,17815,0.027973,0,0,0,,,,
C,17816,0.030387,0,0,0,,,,
C,17817,0.029767,0,0,0,,,,
C,17818,0.028468,0,0,0,,,,
C,17819,0.029580,0,0,0,,,,
C,17820,0.030160,0,0,0,,,,
C,17821,0.029723,0,0,0,,,,
C,17822,0.029556,0,0,0,,,,
C,17823,0.030642,0,0,0,,,,
C,17824,0.029949,0,0,0,,,,
C,17825,0.031254,0,0,0,,,,
C,17826,0.030067,0,0,0,,,,
C,17827,0.028798,0,0,0,,,,
C,17828,0.031171,0,0,0,,,,
C,17829,0.027669,0,0,0,,,,
C,17830,0.029781,0,0,0,,,,
C,17831,0.030096,0,0,0,,,,
C,17832,0.029780,0,0,0,,,,
C,17833,0.030766,0,0,0,,,,
C,17834,0.029189,0,0,0,,,,
C,17835,0.029806,0,0,0,,,,
C,17836,0.029438,0,0,0,,,,
C,17837,0.029514,0,0,0,,,,
C,17838,0.028842,0,0,0,,,,
C,17839,0.031189,0,0,0,,,,
C,17840,0.029772,0,0,0,,,,
C,17841,0.028524,0,0,0,,,,
C,17842,0.030510,0,0,0,,,,
C,17843,0.031975,0,0,0,,,,
C,17844,0.029815,0,0,0,,,,
C,17845,0.029524,0,0,0,,,,
C,17846,0.029655,0,0,0,,,,
C,17847,0.031389,0,0,0,,,,
C,17848,0.030319,0,0,0,,,,
C,17849,0.030271,0,0,0,,,,
C,17850,0.029585,0,0,0,,,,
C,17851,0.029438,0,0,0,,,,
C,17852,0.029143,0,0,0,,,,
C,17853,0.029717,0,0,0,,,,
C,17854,0.030089,0,0,0,,,,
C,17855,0.030542,0,0,0,,,,
C,17856,0.030040,0,0,0,,,,
C,17857,0.027908,0,0,0,,,,
C,17858,0.034809,0,0,0,,,,
C,17859,0.032444,0,0,0,,,,
C,17860,0.033913,0,0,0,,,,
C,17861,0.032502,0,0,0,,,,
C,17862,0.031877,0,0,0,,,,
C,17863,0.033100,0,0,0,,,,
C,17864,0.034713,0,0,0,,,,
C,17865,0.037116,0,0,0,,,,
C,17866,0.036664,0,0,0,,,,
C,17867,0.030190,0,0,0,,,,
C,17868,0.035122,0,0,0,,,,
C,17869,0.033535,0,0,0,,,,
C,17870,0.028061,0,0,0,,,,
C,17871,0.028929,0,0,0,,,,
C,17872,0.031263,0,0,0,,,,
C,17873,0.030803,0,0,0,,,,
C,17874,0.030756,0,0,0,,,,
C,17875,0.031007,0,0,0,,,,
C,17876,0.030471,0,0,0,,,,
C,17877,0.031109,0,0,0,,,,
C,17878,0.031639,0,0,0,,,,
C,17879,0.036779,0,0,0,,,,
C,17880,0.052467,0,0,0,,,,
C,17881,0.035522,0,0,0,,,,
C,17882,0.033438,0,0,0,,,,
C,17883,0.031629,0,0,0,,,,
C,17884,0.031382,0,0,0,,,,
C,17885,0.033716,0,0,0,,,,
C,17886,0.032402,0,0,0,,,,
C,17887,0.032554,0,0,0,,,,
C,17888,0.031840,0,0,0,,,,
C,17889,0.030958,0,0,0,,,,
C,17890,0.032355,0,0,0,,,,
C,17891,0.031038,0,0,0,,,,
C,17892,0.032581,0,0,0,,,,
C,17893,0.031078,0,0,0,,,,
C,17894,0.031003,0,0,0,,,,
C,17895,0.032389,0,0,0,,,,
C,17896,0.031354,0,0,0,,,,
C,17897,0.031823,0,0,0,,,,
C,17898,0.030829,0,0,0,,,,
C,17899,0.030453,0,0,0,,,,
C,17900,0.030516,0,0,0,,,,
C,17901,0.032165,0,0,0,,,,
C,17902,0.032103,0,0,0,,,,
C,17903,0.028777,0,0,0,,,,
C,17904,0.030669,0,0,0,,,,
C,17905,0.031226,0,0,0,,,,
C,17906,0.033209,0,0,0,,,,
C,17907,0.031678,0,0,0,,,,
C,17908,0.029331,0,0,0,,,,
C,17909,0.029057,0,0,0,,,,
C,17910,0.034556,0,0,0,,,,
C,17911,0.030749,0,0,0,,,,
C,17912,0.029366,0,0,0,,,,
C,17913,0.029559,0,0,0,,,,
C,17914,0.029745,0,0,0,,,,
C,17915,0.030807,0,0,0,,,,
C,17916,0.030956,0,0,0,,,,
C,17917,0.031148,0,0,0,,,,
C,17918,0.030143,0,0,0,,,,
C,17919,0.033579,0,0,0,,,,
C,17920,0.032569,0,0,0,,,,
C,17921,0.031982,0,0,0,,,,
C,17922,0.034278,0,0,0,,,,
C,17923,0.033392,0,0,0,,,,
C,17924,0.033506,0,0,0,,,,
C,17925,0.037688,0,0,0,,,,
C,17926,0.035110,0,0,0,,,,
C,17927,0.038209,0,0,0,,,,
C,17928,0.049828,0,0,0,,,,
C,17929,0.042346,0,0,0,,,,
C,17930,0.039018,0,0,0,,,,
C,17931,0.037734,0,0,0,,,,
C,17932,0.036817,0,0,0,,,,
C,17933,0.052403,0,0,0,,,,
C,17934,0.043506,0,0,0,,,,
C,17935,0.035747,0,0,0,,,,
C,17936,0.034256,0,0,0,,,,
C,17937,0.035753,0,0,0,,,,
C,17938,0.033884,0,0,0,,,,
C,17939,0.035064,0,0,0,,,,
C,17940,0.032620,0,0,0,,,,
C,17941,0.032264,0,0,0,,,,
C,17942,0.030430,0,0,0,,,,
C,17943,0.030336,0,0,0,,,,
C,17944,0.029133,0,0,0,,,,
C,17945,0.035449,0,0,0,,,,
C,17946,0.028429,0,0,0,,,,
C,17947,0.029044,0,0,0,,,,
C,17948,0.029434,0,0,0,,,,
C,17949,0.030884,0,0,0,,,,
C,17950,0.032778,0,0,0,,,,
C,17951,0.032836,0,0,0,,,,
C,17952,0.032099,0,0,0,,,,
C,17953,0.030843,0,0,0,,,,
C,17954,0.028953,0,0,0,,,,
C,17955,0.029031,0,0,0,,,,
C,17956,0.033296,0,0,0,,,,
C,17957,0.033421,0,0,0,,,,
C,17958,0.045720,0,0,0,,,,
C,17959,0.047586,0,0,0,,,,
C,17960,0.057932,0,0,0,,,,
C,17961,0.034870,0,0,0,,,,
C,17962,0.041371,0,0,0,,,,
C,17963,0.044874,0,0,0,,,,
C,17964,0.033546,0,0,0,,,,
C,17965,0.029851,0,0,0,,,,
C,17966,0.029014,0,0,0,,,,
C,17967,0.032217,0,0,0,,,,
C,17968,0.034502,0,0,0,,,,
C,17969,0.032523,0,0,0,,,,
C,17970,0.030697,0,0,0,,,,
C,17971,0.030725,0,0,0,,,,
C,17972,0.031758,0,0,0,,,,
C,17973,0.031144,0,0,0,,,,
C,17974,0.031142,0,0,0,,,,
C,17975,0.030291,0,0,0,,,,
C,17976,0.030842,0,0,0,,,,
C,17977,0.029932,0,0,0,,,,
C,17978,0.028678,0,0,0,,,,
C,17979,0.031673,0,0,0,,,,
C,17980,0.031680,0,0,0,,,,
C,17981,0.031589,0,0,0,,,,
C,17982,0.032112,0,0,0,,,,
C,17983,0.030258,0,0,0,,,,
C,17984,0.030089,0,0,0,,,,
C,17985,0.030652,0,0,0,,,,
C,17986,0.032064,0,0,0,,,,
C,17987,0.028640,0,0,0,,,,
C,17988,0.033300,0,0,0,,,,
C,17989,0.031789,0,0,0,,,,
C,17990,0.030038,0,0,0,,,,
C,17991,0.030067,0,0,0,,,,
C,17992,0.031434,0,0,0,,,,
C,17993,0.029156,0,0,0,,,,
C,17994,0.030701,0,0,0,,,,
C,17995,0.031120,0,0,0,,,,
C,17996,0.030293,0,0,0,,,,
C,17997,0.029086,0,0,0,,,,
C,17998,0.030386,0,0,0,,,,
C,17999,0.028092,0,0,0,,,,
C,18000,0.030987,0,0,0,219.0,1.097e-10,"{'checked': 26, 'zsx_rejected': 6, 'default_rejected': 0, 'closed_form_forced': 0, 'inexact': 9, 'exact_rebuilt': 0, 'best_effort': 0, 'best_effort_worst': 0.0, 'psf_rerouted': 0, 'psf_rerouted_worst_residual': 0.0}",849
C,18001,0.030818,0,0,0,,,,
C,18002,0.032838,0,0,0,,,,
C,18003,0.030665,0,0,0,,,,
C,18004,0.031077,0,0,0,,,,
C,18005,0.038335,0,0,0,,,,
C,18006,0.037394,0,0,0,,,,
C,18007,0.033938,0,0,0,,,,
C,18008,0.030077,0,0,0,,,,
C,18009,0.031777,0,0,0,,,,
C,18010,0.030605,0,0,0,,,,
C,18011,0.030948,0,0,0,,,,
C,18012,0.028860,0,0,0,,,,
C,18013,0.031109,0,0,0,,,,
C,18014,0.030185,0,0,0,,,,
C,18015,0.029702,0,0,0,,,,
C,18016,0.028488,0,0,0,,,,
C,18017,0.031247,0,0,0,,,,
C,18018,0.030094,0,0,0,,,,
C,18019,0.032522,0,0,0,,,,
C,18020,0.032093,0,0,0,,,,
C,18021,0.032465,0,0,0,,,,
C,18022,0.031227,0,0,0,,,,
C,18023,0.029743,0,0,0,,,,
C,18024,0.029002,0,0,0,,,,
C,18025,0.029251,0,0,0,,,,
C,18026,0.028902,0,0,0,,,,
C,18027,0.028786,0,0,0,,,,
C,18028,0.031013,0,0,0,,,,
C,18029,0.028199,0,0,0,,,,
C,18030,0.028790,0,0,0,,,,
C,18031,0.029058,0,0,0,,,,
C,18032,0.028974,0,0,0,,,,
C,18033,0.032376,0,0,0,,,,
C,18034,0.032552,0,0,0,,,,
C,18035,0.035010,0,0,0,,,,
C,18036,0.033591,0,0,0,,,,
C,18037,0.029849,0,0,0,,,,
C,18038,0.032168,0,0,0,,,,
C,18039,0.030081,0,0,0,,,,
C,18040,0.029827,0,0,0,,,,
C,18041,0.028679,0,0,0,,,,
C,18042,0.030828,0,0,0,,,,
C,18043,0.039138,0,0,0,,,,
C,18044,0.048676,0,0,0,,,,
C,18045,0.041352,0,0,0,,,,
C,18046,0.037411,0,0,0,,,,
C,18047,0.037984,0,0,0,,,,
C,18048,0.035129,0,0,0,,,,
C,18049,0.032263,0,0,0,,,,
C,18050,0.041701,0,0,0,,,,
C,18051,0.036588,0,0,0,,,,
C,18052,0.031407,0,0,0,,,,
C,18053,0.031867,0,0,0,,,,
C,18054,0.030431,0,0,0,,,,
C,18055,0.041187,0,0,0,,,,
C,18056,0.038236,0,0,0,,,,
C,18057,0.038920,0,0,0,,,,
C,18058,0.035815,0,0,0,,,,
C,18059,0.029839,0,0,0,,,,
C,18060,0.031530,0,0,0,,,,
C,18061,0.029826,0,0,0,,,,
C,18062,0.030744,0,0,0,,,,
C,18063,0.032187,0,0,0,,,,
C,18064,0.041088,0,0,0,,,,
C,18065,0.042269,0,0,0,,,,
C,18066,0.032091,0,0,0,,,,
C,18067,0.032737,0,0,0,,,,
C,18068,0.033409,0,0,0,,,,
C,18069,0.029635,0,0,0,,,,
C,18070,0.030080,0,0,0,,,,
C,18071,0.030270,0,0,0,,,,
C,18072,0.031823,0,0,0,,,,
C,18073,0.028487,0,0,0,,,,
C,18074,0.029580,0,0,0,,,,
C,18075,0.029552,0,0,0,,,,
C,18076,0.030248,0,0,0,,,,
C,18077,0.031182,0,0,0,,,,
C,18078,0.030113,0,0,0,,,,
C,18079,0.031248,0,0,0,,,,
C,18080,0.029688,0,0,0,,,,
C,18081,0.032420,0,0,0,,,,
C,18082,0.029365,0,0,0,,,,
C,18083,0.030399,0,0,0,,,,
C,18084,0.029357,0,0,0,,,,
C,18085,0.029794,0,0,0,,,,
C,18086,0.031713,0,0,0,,,,
C,18087,0.031796,0,0,0,,,,
C,18088,0.029792,0,0,0,,,,
C,18089,0.031663,0,0,0,,,,
C,18090,0.029655,0,0,0,,,,
C,18091,0.030101,0,0,0,,,,
C,18092,0.029233,0,0,0,,,,
C,18093,0.031323,0,0,0,,,,
C,18094,0.029459,0,0,0,,,,
C,18095,0.029585,0,0,0,,,,
C,18096,0.029452,0,0,0,,,,
C,18097,0.028920,0,0,0,,,,
C,18098,0.029027,0,0,0,,,,
C,18099,0.028415,0,0,0,,,,
C,18100,0.031164,0,0,0,,,,
C,18101,0.032998,0,0,0,,,,
C,18102,0.029698,0,0,0,,,,
C,18103,0.031083,0,0,0,,,,
C,18104,0.029037,0,0,0,,,,
C,18105,0.030973,0,0,0,,,,
C,18106,0.030332,0,0,0,,,,
C,18107,0.030313,0,0,0,,,,
C,18108,0.029811,0,0,0,,,,
C,18109,0.029990,0,0,0,,,,
C,18110,0.030370,0,0,0,,,,
C,18111,0.032461,0,0,0,,,,
C,18112,0.031433,0,0,0,,,,
C,18113,0.032815,0,0,0,,,,
C,18114,0.030199,0,0,0,,,,
C,18115,0.029844,0,0,0,,,,
C,18116,0.030237,0,0,0,,,,
C,18117,0.029264,0,0,0,,,,
C,18118,0.029062,0,0,0,,,,
C,18119,0.028810,0,0,0,,,,
C,18120,0.030325,0,0,0,,,,
C,18121,0.028464,0,0,0,,,,
C,18122,0.028833,0,0,0,,,,
C,18123,0.031605,0,0,0,,,,
C,18124,0.030262,0,0,0,,,,
C,18125,0.029377,0,0,0,,,,
C,18126,0.030205,0,0,0,,,,
C,18127,0.029271,0,0,0,,,,
C,18128,0.028814,0,0,0,,,,
C,18129,0.028494,0,0,0,,,,
C,18130,0.030485,0,0,0,,,,
C,18131,0.031577,0,0,0,,,,
C,18132,0.030830,0,0,0,,,,
C,18133,0.030896,0,0,0,,,,
C,18134,0.028881,0,0,0,,,,
C,18135,0.030882,0,0,0,,,,
C,18136,0.032368,0,0,0,,,,
C,18137,0.028945,0,0,0,,,,
C,18138,0.028866,0,0,0,,,,
C,18139,0.030614,0,0,0,,,,
C,18140,0.028593,0,0,0,,,,
C,18141,0.028959,0,0,0,,,,
C,18142,0.029557,0,0,0,,,,
C,18143,0.029671,0,0,0,,,,
C,18144,0.032896,0,0,0,,,,
C,18145,0.030623,0,0,0,,,,
C,18146,0.030655,0,0,0,,,,
C,18147,0.029226,0,0,0,,,,
C,18148,0.030528,0,0,0,,,,
C,18149,0.029016,0,0,0,,,,
C,18150,0.030144,0,0,0,,,,
C,18151,0.030062,0,0,0,,,,
C,18152,0.028954,0,0,0,,,,
C,18153,0.030649,0,0,0,,,,
C,18154,0.029384,0,0,0,,,,
C,18155,0.029202,0,0,0,,,,
C,18156,0.029613,0,0,0,,,,
C,18157,0.030031,0,0,0,,,,
C,18158,0.030026,0,0,0,,,,
C,18159,0.030599,0,0,0,,,,
C,18160,0.031600,0,0,0,,,,
C,18161,0.030848,0,0,0,,,,
C,18162,0.029570,0,0,0,,,,
C,18163,0.029424,0,0,0,,,,
C,18164,0.029753,0,0,0,,,,
C,18165,0.034481,0,0,0,,,,
C,18166,0.035441,0,0,0,,,,
C,18167,0.032536,0,0,0,,,,
C,18168,0.029868,0,0,0,,,,
C,18169,0.029237,0,0,0,,,,
C,18170,0.031529,0,0,0,,,,
C,18171,0.030010,0,0,0,,,,
C,18172,0.029971,0,0,0,,,,
C,18173,0.046014,0,0,0,,,,
C,18174,0.052286,0,0,0,,,,
C,18175,0.040471,0,0,0,,,,
C,18176,0.033952,0,0,0,,,,
C,18177,0.032671,0,0,0,,,,
C,18178,0.030242,0,0,0,,,,
C,18179,0.028451,0,0,0,,,,
C,18180,0.030025,0,0,0,,,,
C,18181,0.029615,0,0,0,,,,
C,18182,0.028469,0,0,0,,,,
C,18183,0.027821,0,0,0,,,,
C,18184,0.030499,0,0,0,,,,
C,18185,0.037796,0,0,0,,,,
C,18186,0.033699,0,0,0,,,,
C,18187,0.032726,0,0,0,,,,
C,18188,0.030801,0,0,0,,,,
C,18189,0.030466,0,0,0,,,,
C,18190,0.029514,0,0,0,,,,
C,18191,0.028190,0,0,0,,,,
C,18192,0.032008,0,0,0,,,,
C,18193,0.029008,0,0,0,,,,
C,18194,0.031280,0,0,0,,,,
C,18195,0.030351,0,0,0,,,,
C,18196,0.032737,0,0,0,,,,
C,18197,0.028953,0,0,0,,,,
C,18198,0.029995,0,0,0,,,,
C,18199,0.031114,0,0,0,,,,
C,18200,0.029898,0,0,0,,,,
C,18201,0.029830,0,0,0,,,,
C,18202,0.031165,0,0,0,,,,
C,18203,0.037542,0,0,0,,,,
C,18204,0.029430,0,0,0,,,,
C,18205,0.028896,0,0,0,,,,
C,18206,0.029442,0,0,0,,,,
C,18207,0.029759,0,0,0,,,,
C,18208,0.029818,0,0,0,,,,
C,18209,0.029614,0,0,0,,,,
C,18210,0.029590,0,0,0,,,,
C,18211,0.027868,0,0,0,,,,
C,18212,0.034522,0,0,0,,,,
C,18213,0.029565,0,0,0,,,,
C,18214,0.027508,0,0,0,,,,
C,18215,0.032861,0,0,0,,,,
C,18216,0.034828,0,0,0,,,,
C,18217,0.033750,0,0,0,,,,
C,18218,0.034301,0,0,0,,,,
C,18219,0.031210,0,0,0,,,,
C,18220,0.031518,0,0,0,,,,
C,18221,0.031957,0,0,0,,,,
C,18222,0.031345,0,0,0,,,,
C,18223,0.031073,0,0,0,,,,
C,18224,0.028193,0,0,0,,,,
C,18225,0.027839,0,0,0,,,,
C,18226,0.028493,0,0,0,,,,
C,18227,0.028883,0,0,0,,,,
C,18228,0.029178,0,0,0,,,,
C,18229,0.029014,0,0,0,,,,
C,18230,0.028316,0,0,0,,,,
C,18231,0.030276,0,0,0,,,,
C,18232,0.030479,0,0,0,,,,
C,18233,0.034143,0,0,0,,,,
C,18234,0.031503,0,0,0,,,,
C,18235,0.028915,0,0,0,,,,
C,18236,0.029929,0,0,0,,,,
C,18237,0.027921,0,0,0,,,,
C,18238,0.028803,0,0,0,,,,
C,18239,0.031324,0,0,0,,,,
C,18240,0.031346,0,0,0,,,,
C,18241,0.031243,0,0,0,,,,
C,18242,0.030608,0,0,0,,,,
C,18243,0.029519,0,0,0,,,,
C,18244,0.031133,0,0,0,,,,
C,18245,0.030884,0,0,0,,,,
C,18246,0.030569,0,0,0,,,,
C,18247,0.028973,0,0,0,,,,
C,18248,0.030181,0,0,0,,,,
C,18249,0.028323,0,0,0,,,,
C,18250,0.027674,0,0,0,,,,
C,18251,0.029432,0,0,0,,,,
C,18252,0.029649,0,0,0,,,,
C,18253,0.030064,0,0,0,,,,
C,18254,0.029718,0,0,0,,,,
C,18255,0.028292,0,0,0,,,,
C,18256,0.029377,0,0,0,,,,
C,18257,0.029286,0,0,0,,,,
C,18258,0.029364,0,0,0,,,,
C,18259,0.031054,0,0,0,,,,
C,18260,0.030981,0,0,0,,,,
C,18261,0.029741,0,0,0,,,,
C,18262,0.031221,0,0,0,,,,
C,18263,0.029488,0,0,0,,,,
C,18264,0.030119,0,0,0,,,,
C,18265,0.032738,0,0,0,,,,
C,18266,0.028339,0,0,0,,,,
C,18267,0.031159,0,0,0,,,,
C,18268,0.029285,0,0,0,,,,
C,18269,0.028086,0,0,0,,,,
C,18270,0.029306,0,0,0,,,,
C,18271,0.028052,0,0,0,,,,
C,18272,0.029140,0,0,0,,,,
C,18273,0.028750,0,0,0,,,,
C,18274,0.032142,0,0,0,,,,
C,18275,0.030752,0,0,0,,,,
C,18276,0.028953,0,0,0,,,,
C,18277,0.029758,0,0,0,,,,
C,18278,0.028452,0,0,0,,,,
C,18279,0.030256,0,0,0,,,,
C,18280,0.029241,0,0,0,,,,
C,18281,0.028874,0,0,0,,,,
C,18282,0.037926,0,0,0,,,,
C,18283,0.032415,0,0,0,,,,
C,18284,0.033883,0,0,0,,,,
C,18285,0.036095,0,0,0,,,,
C,18286,0.033617,0,0,0,,,,
C,18287,0.031664,0,0,0,,,,
C,18288,0.032135,0,0,0,,,,
C,18289,0.041898,0,0,0,,,,
C,18290,0.035769,0,0,0,,,,
C,18291,0.039223,0,0,0,,,,
C,18292,0.031825,0,0,0,,,,
C,18293,0.034240,0,0,0,,,,
C,18294,0.030252,0,0,0,,,,
C,18295,0.030117,0,0,0,,,,
C,18296,0.030467,0,0,0,,,,
C,18297,0.028916,0,0,0,,,,
C,18298,0.030352,0,0,0,,,,
C,18299,0.030620,0,0,0,,,,
C,18300,0.029078,0,0,0,,,,
C,18301,0.028084,0,0,0,,,,
C,18302,0.030896,0,0,0,,,,
C,18303,0.029597,0,0,0,,,,
C,18304,0.030334,0,0,0,,,,
C,18305,0.030521,0,0,0,,,,
C,18306,0.032458,0,0,0,,,,
C,18307,0.030610,0,0,0,,,,
C,18308,0.029063,0,0,0,,,,
C,18309,0.030187,0,0,0,,,,
C,18310,0.029488,0,0,0,,,,
C,18311,0.030229,0,0,0,,,,
C,18312,0.028462,0,0,0,,,,
C,18313,0.029447,0,0,0,,,,
C,18314,0.027532,0,0,0,,,,
C,18315,0.029688,0,0,0,,,,
C,18316,0.033330,0,0,0,,,,
C,18317,0.034017,0,0,0,,,,
C,18318,0.029968,0,0,0,,,,
C,18319,0.030231,0,0,0,,,,
C,18320,0.030089,0,0,0,,,,
C,18321,0.030296,0,0,0,,,,
C,18322,0.033890,0,0,0,,,,
C,18323,0.032917,0,0,0,,,,
C,18324,0.031063,0,0,0,,,,
C,18325,0.028104,0,0,0,,,,
C,18326,0.029785,0,0,0,,,,
C,18327,0.028622,0,0,0,,,,
C,18328,0.030133,0,0,0,,,,
C,18329,0.030095,0,0,0,,,,
C,18330,0.031380,0,0,0,,,,
C,18331,0.029119,0,0,0,,,,
C,18332,0.029234,0,0,0,,,,
C,18333,0.029849,0,0,0,,,,
C,18334,0.030129,0,0,0,,,,
C,18335,0.029580,0,0,0,,,,
C,18336,0.028742,0,0,0,,,,
C,18337,0.029411,0,0,0,,,,
C,18338,0.028340,0,0,0,,,,
C,18339,0.031910,0,0,0,,,,
C,18340,0.031459,0,0,0,,,,
C,18341,0.029855,0,0,0,,,,
C,18342,0.032458,0,0,0,,,,
C,18343,0.030702,0,0,0,,,,
C,18344,0.034038,0,0,0,,,,
C,18345,0.029007,0,0,0,,,,
C,18346,0.030960,0,0,0,,,,
C,18347,0.029024,0,0,0,,,,
C,18348,0.029696,0,0,0,,,,
C,18349,0.028840,0,0,0,,,,
C,18350,0.031932,0,0,0,,,,
C,18351,0.030239,0,0,0,,,,
C,18352,0.030527,0,0,0,,,,
C,18353,0.029149,0,0,0,,,,
C,18354,0.030374,0,0,0,,,,
C,18355,0.027940,0,0,0,,,,
C,18356,0.028412,0,0,0,,,,
C,18357,0.029868,0,0,0,,,,
C,18358,0.027464,0,0,0,,,,
C,18359,0.030437,0,0,0,,,,
C,18360,0.030310,0,0,0,,,,
C,18361,0.028041,0,0,0,,,,
C,18362,0.031750,0,0,0,,,,
C,18363,0.036851,0,0,0,,,,
C,18364,0.034858,0,0,0,,,,
C,18365,0.032987,0,0,0,,,,
C,18366,0.030099,0,0,0,,,,
C,18367,0.032951,0,0,0,,,,
C,18368,0.029800,0,0,0,,,,
C,18369,0.031044,0,0,0,,,,
C,18370,0.029835,0,0,0,,,,
C,18371,0.033916,0,0,0,,,,
C,18372,0.031254,0,0,0,,,,
C,18373,0.034100,0,0,0,,,,
C,18374,0.031365,0,0,0,,,,
C,18375,0.028995,0,0,0,,,,
C,18376,0.030287,0,0,0,,,,
C,18377,0.032039,0,0,0,,,,
C,18378,0.032626,0,0,0,,,,
C,18379,0.029406,0,0,0,,,,
C,18380,0.030046,0,0,0,,,,
C,18381,0.037502,0,0,0,,,,
C,18382,0.031339,0,0,0,,,,
C,18383,0.031280,0,0,0,,,,
C,18384,0.027956,0,0,0,,,,
C,18385,0.030869,0,0,0,,,,
C,18386,0.031378,0,0,0,,,,
C,18387,0.032679,0,0,0,,,,
C,18388,0.047635,0,0,0,,,,
C,18389,0.033099,0,0,0,,,,
C,18390,0.029247,0,0,0,,,,
C,18391,0.030586,0,0,0,,,,
C,18392,0.037131,0,0,0,,,,
C,18393,0.035783,0,0,0,,,,
C,18394,0.036897,0,0,0,,,,
C,18395,0.033334,0,0,0,,,,
C,18396,0.032985,0,0,0,,,,
C,18397,0.032516,0,0,0,,,,
C,18398,0.030251,0,0,0,,,,
C,18399,0.033940,0,0,0,,,,
C,18400,0.029971,0,0,0,,,,
C,18401,0.030031,0,0,0,,,,
C,18402,0.030251,0,0,0,,,,
C,18403,0.031133,0,0,0,,,,
C,18404,0.029328,0,0,0,,,,
C,18405,0.029295,0,0,0,,,,
C,18406,0.029670,0,0,0,,,,
C,18407,0.030986,0,0,0,,,,
C,18408,0.030873,0,0,0,,,,
C,18409,0.029205,0,0,0,,,,
C,18410,0.028005,0,0,0,,,,
C,18411,0.028667,0,0,0,,,,
C,18412,0.030851,0,0,0,,,,
C,18413,0.028848,0,0,0,,,,
C,18414,0.033508,0,0,0,,,,
C,18415,0.038676,0,0,0,,,,
C,18416,0.043235,0,0,0,,,,
C,18417,0.035373,0,0,0,,,,
C,18418,0.034076,0,0,0,,,,
C,18419,0.032502,0,0,0,,,,
C,18420,0.032877,0,0,0,,,,
C,18421,0.035653,0,0,0,,,,
C,18422,0.033313,0,0,0,,,,
C,18423,0.039444,0,0,0,,,,
C,18424,0.036279,0,0,0,,,,
C,18425,0.034482,0,0,0,,,,
C,18426,0.031914,0,0,0,,,,
C,18427,0.034494,0,0,0,,,,
C,18428,0.035791,0,0,0,,,,
C,18429,0.042170,0,0,0,,,,
C,18430,0.033434,0,0,0,,,,
C,18431,0.039982,0,0,0,,,,
C,18432,0.039161,0,0,0,,,,
C,18433,0.037501,0,0,0,,,,
C,18434,0.038109,0,0,0,,,,
C,18435,0.033025,0,0,0,,,,
C,18436,0.031158,0,0,0,,,,
C,18437,0.033918,0,0,0,,,,
C,18438,0.029408,0,0,0,,,,
C,18439,0.031489,0,0,0,,,,
C,18440,0.028839,0,0,0,,,,
C,18441,0.030886,0,0,0,,,,
C,18442,0.029826,0,0,0,,,,
C,18443,0.032621,0,0,0,,,,
C,18444,0.032666,0,0,0,,,,
C,18445,0.031069,0,0,0,,,,
C,18446,0.030585,0,0,0,,,,
C,18447,0.031558,0,0,0,,,,
C,18448,0.029507,0,0,0,,,,
C,18449,0.029253,0,0,0,,,,
C,18450,0.027998,0,0,0,,,,
C,18451,0.026979,0,0,0,,,,
C,18452,0.031233,0,0,0,,,,
C,18453,0.030236,0,0,0,,,,
C,18454,0.030881,0,0,0,,,,
C,18455,0.031201,0,0,0,,,,
C,18456,0.031915,0,0,0,,,,
C,18457,0.027751,0,0,0,,,,
C,18458,0.030393,0,0,0,,,,
C,18459,0.030598,0,0,0,,,,
C,18460,0.029232,0,0,0,,,,
C,18461,0.030039,0,0,0,,,,
C,18462,0.030338,0,0,0,,,,
C,18463,0.029291,0,0,0,,,,
C,18464,0.028233,0,0,0,,,,
C,18465,0.028937,0,0,0,,,,
C,18466,0.030121,0,0,0,,,,
C,18467,0.030429,0,0,0,,,,
C,18468,0.029221,0,0,0,,,,
C,18469,0.030126,0,0,0,,,,
C,18470,0.031448,0,0,0,,,,
C,18471,0.028151,0,0,0,,,,
C,18472,0.039925,0,0,0,,,,
C,18473,0.038381,0,0,0,,,,
C,18474,0.032358,0,0,0,,,,
C,18475,0.030229,0,0,0,,,,
C,18476,0.030628,0,0,0,,,,
C,18477,0.031422,0,0,0,,,,
C,18478,0.033475,0,0,0,,,,
C,18479,0.029732,0,0,0,,,,
C,18480,0.030551,0,0,0,,,,
C,18481,0.029413,0,0,0,,,,
C,18482,0.028520,0,0,0,,,,
C,18483,0.029052,0,0,0,,,,
C,18484,0.029199,0,0,0,,,,
C,18485,0.028104,0,0,0,,,,
C,18486,0.031001,0,0,0,,,,
C,18487,0.028527,0,0,0,,,,
C,18488,0.029640,0,0,0,,,,
C,18489,0.030400,0,0,0,,,,
C,18490,0.031784,0,0,0,,,,
C,18491,0.029682,0,0,0,,,,
C,18492,0.028624,0,0,0,,,,
C,18493,0.028913,0,0,0,,,,
C,18494,0.029240,0,0,0,,,,
C,18495,0.033328,0,0,0,,,,
C,18496,0.031854,0,0,0,,,,
C,18497,0.030405,0,0,0,,,,
C,18498,0.031935,0,0,0,,,,
C,18499,0.035256,0,0,0,,,,
C,18500,0.033725,0,0,0,,,,
C,18501,0.032857,0,0,0,,,,
C,18502,0.030798,0,0,0,,,,
C,18503,0.029935,0,0,0,,,,
C,18504,0.029450,0,0,0,,,,
C,18505,0.033546,0,0,0,,,,
C,18506,0.029725,0,0,0,,,,
C,18507,0.032177,0,0,0,,,,
C,18508,0.031697,0,0,0,,,,
C,18509,0.030061,0,0,0,,,,
C,18510,0.028519,0,0,0,,,,
C,18511,0.029877,0,0,0,,,,
C,18512,0.031677,0,0,0,,,,
C,18513,0.029411,0,0,0,,,,
C,18514,0.032691,0,0,0,,,,
C,18515,0.033157,0,0,0,,,,
C,18516,0.029131,0,0,0,,,,
C,18517,0.034697,0,0,0,,,,
C,18518,0.032115,0,0,0,,,,
C,18519,0.030703,0,0,0,,,,
C,18520,0.031292,0,0,0,,,,
C,18521,0.029567,0,0,0,,,,
C,18522,0.033587,0,0,0,,,,
C,18523,0.032166,0,0,0,,,,
C,18524,0.033035,0,0,0,,,,
C,18525,0.036313,0,0,0,,,,
C,18526,0.030578,0,0,0,,,,
C,18527,0.029050,0,0,0,,,,
C,18528,0.030642,0,0,0,,,,
C,18529,0.029943,0,0,0,,,,
C,18530,0.039536,0,0,0,,,,
C,18531,0.031176,0,0,0,,,,
C,18532,0.033357,0,0,0,,,,
C,18533,0.034480,0,0,0,,,,
C,18534,0.034740,0,0,0,,,,
C,18535,0.032603,0,0,0,,,,
C,18536,0.033312,0,0,0,,,,
C,18537,0.032036,0,0,0,,,,
C,18538,0.030621,0,0,0,,,,
C,18539,0.030769,0,0,0,,,,
C,18540,0.030254,0,0,0,,,,
C,18541,0.029078,0,0,0,,,,
C,18542,0.031522,0,0,0,,,,
C,18543,0.029101,0,0,0,,,,
C,18544,0.029767,0,0,0,,,,
C,18545,0.030720,0,0,0,,,,
C,18546,0.028923,0,0,0,,,,
C,18547,0.030457,0,0,0,,,,
C,18548,0.030209,0,0,0,,,,
C,18549,0.028330,0,0,0,,,,
C,18550,0.027753,0,0,0,,,,
C,18551,0.028919,0,0,0,,,,
C,18552,0.029958,0,0,0,,,,
C,18553,0.027897,0,0,0,,,,
C,18554,0.028986,0,0,0,,,,
C,18555,0.030041,0,0,0,,,,
C,18556,0.028870,0,0,0,,,,
C,18557,0.032102,0,0,0,,,,
C,18558,0.030761,0,0,0,,,,
C,18559,0.030021,0,0,0,,,,
C,18560,0.032285,0,0,0,,,,
C,18561,0.029551,0,0,0,,,,
C,18562,0.029048,0,0,0,,,,
C,18563,0.030682,0,0,0,,,,
C,18564,0.029432,0,0,0,,,,
C,18565,0.029281,0,0,0,,,,
C,18566,0.031314,0,0,0,,,,
C,18567,0.030745,0,0,0,,,,
C,18568,0.030373,0,0,0,,,,
C,18569,0.028672,0,0,0,,,,
C,18570,0.030807,0,0,0,,,,
C,18571,0.028298,0,0,0,,,,
C,18572,0.028846,0,0,0,,,,
C,18573,0.030898,0,0,0,,,,
C,18574,0.029808,0,0,0,,,,
C,18575,0.027843,0,0,0,,,,
C,18576,0.028593,0,0,0,,,,
C,18577,0.030524,0,0,0,,,,
C,18578,0.029748,0,0,0,,,,
C,18579,0.029690,0,0,0,,,,
C,18580,0.033466,0,0,0,,,,
C,18581,0.030701,0,0,0,,,,
C,18582,0.028631,0,0,0,,,,
C,18583,0.033186,0,0,0,,,,
C,18584,0.030625,0,0,0,,,,
C,18585,0.029370,0,0,0,,,,
C,18586,0.031201,0,0,0,,,,
C,18587,0.029540,0,0,0,,,,
C,18588,0.029147,0,0,0,,,,
C,18589,0.033031,0,0,0,,,,
C,18590,0.029999,0,0,0,,,,
C,18591,0.031111,0,0,0,,,,
C,18592,0.030172,0,0,0,,,,
C,18593,0.028716,0,0,0,,,,
C,18594,0.031088,0,0,0,,,,
C,18595,0.031886,0,0,0,,,,
C,18596,0.029868,0,0,0,,,,
C,18597,0.029895,0,0,0,,,,
C,18598,0.030447,0,0,0,,,,
C,18599,0.032652,0,0,0,,,,
C,18600,0.031576,0,0,0,,,,
C,18601,0.032187,0,0,0,,,,
C,18602,0.029160,0,0,0,,,,
C,18603,0.029306,0,0,0,,,,
C,18604,0.031402,0,0,0,,,,
C,18605,0.032663,0,0,0,,,,
C,18606,0.034311,0,0,0,,,,
C,18607,0.035026,0,0,0,,,,
C,18608,0.033173,0,0,0,,,,
C,18609,0.032650,0,0,0,,,,
C,18610,0.038070,0,0,0,,,,
C,18611,0.044004,0,0,0,,,,
C,18612,0.029035,0,0,0,,,,
C,18613,0.029260,0,0,0,,,,
C,18614,0.032098,0,0,0,,,,
C,18615,0.033090,0,0,0,,,,
C,18616,0.032383,0,0,0,,,,
C,18617,0.032221,0,0,0,,,,
C,18618,0.031067,0,0,0,,,,
C,18619,0.032155,0,0,0,,,,
C,18620,0.032990,0,0,0,,,,
C,18621,0.031402,0,0,0,,,,
C,18622,0.031196,0,0,0,,,,
C,18623,0.034459,0,0,0,,,,
C,18624,0.040202,0,0,0,,,,
C,18625,0.039011,0,0,0,,,,
C,18626,0.031465,0,0,0,,,,
C,18627,0.032100,0,0,0,,,,
C,18628,0.040413,0,0,0,,,,
C,18629,0.034401,0,0,0,,,,
C,18630,0.031084,0,0,0,,,,
C,18631,0.031038,0,0,0,,,,
C,18632,0.029435,0,0,0,,,,
C,18633,0.028199,0,0,0,,,,
C,18634,0.028371,0,0,0,,,,
C,18635,0.032899,0,0,0,,,,
C,18636,0.033661,0,0,0,,,,
C,18637,0.030694,0,0,0,,,,
C,18638,0.031820,0,0,0,,,,
C,18639,0.031465,0,0,0,,,,
C,18640,0.035409,0,0,0,,,,
C,18641,0.031808,0,0,0,,,,
C,18642,0.028490,0,0,0,,,,
C,18643,0.032046,0,0,0,,,,
C,18644,0.029632,0,0,0,,,,
C,18645,0.028476,0,0,0,,,,
C,18646,0.031982,0,0,0,,,,
C,18647,0.029418,0,0,0,,,,
C,18648,0.031199,0,0,0,,,,
C,18649,0.030697,0,0,0,,,,
C,18650,0.032290,0,0,0,,,,
C,18651,0.038144,0,0,0,,,,
C,18652,0.032276,0,0,0,,,,
C,18653,0.030103,0,0,0,,,,
C,18654,0.031699,0,0,0,,,,
C,18655,0.029621,0,0,0,,,,
C,18656,0.028772,0,0,0,,,,
C,18657,0.030109,0,0,0,,,,
C,18658,0.029422,0,0,0,,,,
C,18659,0.031491,0,0,0,,,,
C,18660,0.029908,0,0,0,,,,
C,18661,0.031548,0,0,0,,,,
C,18662,0.031253,0,0,0,,,,
C,18663,0.030149,0,0,0,,,,
C,18664,0.031201,0,0,0,,,,
C,18665,0.030219,0,0,0,,,,
C,18666,0.029537,0,0,0,,,,
C,18667,0.032551,0,0,0,,,,
C,18668,0.030805,0,0,0,,,,
C,18669,0.034560,0,0,0,,,,
C,18670,0.033261,0,0,0,,,,
C,18671,0.033645,0,0,0,,,,
C,18672,0.034837,0,0,0,,,,
C,18673,0.031136,0,0,0,,,,
C,18674,0.029636,0,0,0,,,,
C,18675,0.039053,0,0,0,,,,
C,18676,0.031472,0,0,0,,,,
C,18677,0.031883,0,0,0,,,,
C,18678,0.030696,0,0,0,,,,
C,18679,0.030267,0,0,0,,,,
C,18680,0.029015,0,0,0,,,,
C,18681,0.033818,0,0,0,,,,
C,18682,0.033856,0,0,0,,,,
C,18683,0.032440,0,0,0,,,,
C,18684,0.040425,0,0,0,,,,
C,18685,0.030188,0,0,0,,,,
C,18686,0.031704,0,0,0,,,,
C,18687,0.033765,0,0,0,,,,
C,18688,0.033026,0,0,0,,,,
C,18689,0.036612,0,0,0,,,,
C,18690,0.032728,0,0,0,,,,
C,18691,0.036845,0,0,0,,,,
C,18692,0.033510,0,0,0,,,,
C,18693,0.033170,0,0,0,,,,
C,18694,0.030795,0,0,0,,,,
C,18695,0.028338,0,0,0,,,,
C,18696,0.030500,0,0,0,,,,
C,18697,0.031110,0,0,0,,,,
C,18698,0.031277,0,0,0,,,,
C,18699,0.029654,0,0,0,,,,
C,18700,0.035444,0,0,0,,,,
C,18701,0.031611,0,0,0,,,,
C,18702,0.034351,0,0,0,,,,
C,18703,0.030313,0,0,0,,,,
C,18704,0.031428,0,0,0,,,,
C,18705,0.029107,0,0,0,,,,
C,18706,0.029689,0,0,0,,,,
C,18707,0.029089,0,0,0,,,,
C,18708,0.029835,0,0,0,,,,
C,18709,0.029856,0,0,0,,,,
C,18710,0.031922,0,0,0,,,,
C,18711,0.028655,0,0,0,,,,
C,18712,0.030671,0,0,0,,,,
C,18713,0.031178,0,0,0,,,,
C,18714,0.030891,0,0,0,,,,
C,18715,0.030060,0,0,0,,,,
C,18716,0.028809,0,0,0,,,,
C,18717,0.028937,0,0,0,,,,
C,18718,0.029165,0,0,0,,,,
C,18719,0.029571,0,0,0,,,,
C,18720,0.037027,0,0,0,,,,
C,18721,0.035169,0,0,0,,,,
C,18722,0.035188,0,0,0,,,,
C,18723,0.035327,0,0,0,,,,
C,18724,0.030999,0,0,0,,,,
C,18725,0.031124,0,0,0,,,,
C,18726,0.029781,0,0,0,,,,
C,18727,0.028289,0,0,0,,,,
C,18728,0.028866,0,0,0,,,,
C,18729,0.027792,0,0,0,,,,
C,18730,0.033349,0,0,0,,,,
C,18731,0.030075,0,0,0,,,,
C,18732,0.028726,0,0,0,,,,
C,18733,0.030609,0,0,0,,,,
C,18734,0.030955,0,0,0,,,,
C,18735,0.030764,0,0,0,,,,
C,18736,0.029484,0,0,0,,,,
C,18737,0.033009,0,0,0,,,,
C,18738,0.030751,0,0,0,,,,
C,18739,0.033070,0,0,0,,,,
C,18740,0.031496,0,0,0,,,,
C,18741,0.030018,0,0,0,,,,
C,18742,0.029898,0,0,0,,,,
C,18743,0.031702,0,0,0,,,,
C,18744,0.029782,0,0,0,,,,
C,18745,0.029079,0,0,0,,,,
C,18746,0.030044,0,0,0,,,,
C,18747,0.031695,0,0,0,,,,
C,18748,0.035286,0,0,0,,,,
C,18749,0.034847,0,0,0,,,,
C,18750,0.029854,0,0,0,,,,
C,18751,0.029245,0,0,0,,,,
C,18752,0.029445,0,0,0,,,,
C,18753,0.030254,0,0,0,,,,
C,18754,0.028825,0,0,0,,,,
C,18755,0.033372,0,0,0,,,,
C,18756,0.032336,0,0,0,,,,
C,18757,0.028751,0,0,0,,,,
C,18758,0.029214,0,0,0,,,,
C,18759,0.032369,0,0,0,,,,
C,18760,0.028261,0,0,0,,,,
C,18761,0.030997,0,0,0,,,,
C,18762,0.031893,0,0,0,,,,
C,18763,0.035571,0,0,0,,,,
C,18764,0.032902,0,0,0,,,,
C,18765,0.032515,0,0,0,,,,
C,18766,0.032822,0,0,0,,,,
C,18767,0.030343,0,0,0,,,,
C,18768,0.029517,0,0,0,,,,
C,18769,0.030222,0,0,0,,,,
C,18770,0.029157,0,0,0,,,,
C,18771,0.029990,0,0,0,,,,
C,18772,0.029944,0,0,0,,,,
C,18773,0.028675,0,0,0,,,,
C,18774,0.030632,0,0,0,,,,
C,18775,0.029810,0,0,0,,,,
C,18776,0.029665,0,0,0,,,,
C,18777,0.029570,0,0,0,,,,
C,18778,0.030439,0,0,0,,,,
C,18779,0.030924,0,0,0,,,,
C,18780,0.031611,0,0,0,,,,
C,18781,0.027898,0,0,0,,,,
C,18782,0.028427,0,0,0,,,,
C,18783,0.028819,0,0,0,,,,
C,18784,0.031041,0,0,0,,,,
C,18785,0.030570,0,0,0,,,,
C,18786,0.027904,0,0,0,,,,
C,18787,0.031723,0,0,0,,,,
C,18788,0.030636,0,0,0,,,,
C,18789,0.029532,0,0,0,,,,
C,18790,0.029010,0,0,0,,,,
C,18791,0.031294,0,0,0,,,,
C,18792,0.029279,0,0,0,,,,
C,18793,0.030203,0,0,0,,,,
C,18794,0.028989,0,0,0,,,,
C,18795,0.030201,0,0,0,,,,
C,18796,0.030891,0,0,0,,,,
C,18797,0.029767,0,0,0,,,,
C,18798,0.029257,0,0,0,,,,
C,18799,0.028444,0,0,0,,,,
C,18800,0.032399,0,0,0,,,,
C,18801,0.029360,0,0,0,,,,
C,18802,0.029589,0,0,0,,,,
C,18803,0.031522,0,0,0,,,,
C,18804,0.028930,0,0,0,,,,
C,18805,0.029898,0,0,0,,,,
C,18806,0.028528,0,0,0,,,,
C,18807,0.029610,0,0,0,,,,
C,18808,0.029795,0,0,0,,,,
C,18809,0.028506,0,0,0,,,,
C,18810,0.029055,0,0,0,,,,
C,18811,0.029498,0,0,0,,,,
C,18812,0.031193,0,0,0,,,,
C,18813,0.031412,0,0,0,,,,
C,18814,0.029448,0,0,0,,,,
C,18815,0.029538,0,0,0,,,,
C,18816,0.029376,0,0,0,,,,
C,18817,0.027996,0,0,0,,,,
C,18818,0.029025,0,0,0,,,,
C,18819,0.031785,0,0,0,,,,
C,18820,0.030942,0,0,0,,,,
C,18821,0.031752,0,0,0,,,,
C,18822,0.029534,0,0,0,,,,
C,18823,0.030929,0,0,0,,,,
C,18824,0.031092,0,0,0,,,,
C,18825,0.048018,0,0,0,,,,
C,18826,0.038021,0,0,0,,,,
C,18827,0.031603,0,0,0,,,,
C,18828,0.030245,0,0,0,,,,
C,18829,0.029730,0,0,0,,,,
C,18830,0.028739,0,0,0,,,,
C,18831,0.029279,0,0,0,,,,
C,18832,0.028782,0,0,0,,,,
C,18833,0.029192,0,0,0,,,,
C,18834,0.030820,0,0,0,,,,
C,18835,0.029875,0,0,0,,,,
C,18836,0.029106,0,0,0,,,,
C,18837,0.033139,0,0,0,,,,
C,18838,0.029803,0,0,0,,,,
C,18839,0.030156,0,0,0,,,,
C,18840,0.032002,0,0,0,,,,
C,18841,0.029916,0,0,0,,,,
C,18842,0.029432,0,0,0,,,,
C,18843,0.028055,0,0,0,,,,
C,18844,0.029676,0,0,0,,,,
C,18845,0.031206,0,0,0,,,,
C,18846,0.030096,0,0,0,,,,
C,18847,0.030917,0,0,0,,,,
C,18848,0.030150,0,0,0,,,,
C,18849,0.030646,0,0,0,,,,
C,18850,0.029078,0,0,0,,,,
C,18851,0.029243,0,0,0,,,,
C,18852,0.028400,0,0,0,,,,
C,18853,0.031378,0,0,0,,,,
C,18854,0.029335,0,0,0,,,,
C,18855,0.031771,0,0,0,,,,
C,18856,0.033378,0,0,0,,,,
C,18857,0.034243,0,0,0,,,,
C,18858,0.034393,0,0,0,,,,
C,18859,0.032584,0,0,0,,,,
C,18860,0.032009,0,0,0,,,,
C,18861,0.030372,0,0,0,,,,
C,18862,0.032413,0,0,0,,,,
C,18863,0.035084,0,0,0,,,,
C,18864,0.040997,0,0,0,,,,
C,18865,0.035275,0,0,0,,,,
C,18866,0.030650,0,0,0,,,,
C,18867,0.033475,0,0,0,,,,
C,18868,0.031357,0,0,0,,,,
C,18869,0.032979,0,0,0,,,,
C,18870,0.032243,0,0,0,,,,
C,18871,0.031133,0,0,0,,,,
C,18872,0.030174,0,0,0,,,,
C,18873,0.031817,0,0,0,,,,
C,18874,0.029894,0,0,0,,,,
C,18875,0.029785,0,0,0,,,,
C,18876,0.030526,0,0,0,,,,
C,18877,0.031852,0,0,0,,,,
C,18878,0.032959,0,0,0,,,,
C,18879,0.030867,0,0,0,,,,
C,18880,0.037581,0,0,0,,,,
C,18881,0.033070,0,0,0,,,,
C,18882,0.034546,0,0,0,,,,
C,18883,0.036457,0,0,0,,,,
C,18884,0.031414,0,0,0,,,,
C,18885,0.032315,0,0,0,,,,
C,18886,0.034376,0,0,0,,,,
C,18887,0.031520,0,0,0,,,,
C,18888,0.031133,0,0,0,,,,
C,18889,0.035856,0,0,0,,,,
C,18890,0.035361,0,0,0,,,,
C,18891,0.030063,0,0,0,,,,
C,18892,0.030198,0,0,0,,,,
C,18893,0.029819,0,0,0,,,,
C,18894,0.035254,0,0,0,,,,
C,18895,0.033712,0,0,0,,,,
C,18896,0.032321,0,0,0,,,,
C,18897,0.031085,0,0,0,,,,
C,18898,0.030878,0,0,0,,,,
C,18899,0.029645,0,0,0,,,,
C,18900,0.028432,0,0,0,,,,
C,18901,0.028530,0,0,0,,,,
C,18902,0.029744,0,0,0,,,,
C,18903,0.030472,0,0,0,,,,
C,18904,0.031295,0,0,0,,,,
C,18905,0.030147,0,0,0,,,,
C,18906,0.029524,0,0,0,,,,
C,18907,0.031141,0,0,0,,,,
C,18908,0.031973,0,0,0,,,,
C,18909,0.030729,0,0,0,,,,
C,18910,0.028673,0,0,0,,,,
C,18911,0.031977,0,0,0,,,,
C,18912,0.029294,0,0,0,,,,
C,18913,0.029517,0,0,0,,,,
C,18914,0.028002,0,0,0,,,,
C,18915,0.029000,0,0,0,,,,
C,18916,0.029649,0,0,0,,,,
C,18917,0.033723,0,0,0,,,,
C,18918,0.034207,0,0,0,,,,
C,18919,0.031986,0,0,0,,,,
C,18920,0.030997,0,0,0,,,,
C,18921,0.031760,0,0,0,,,,
C,18922,0.030135,0,0,0,,,,
C,18923,0.031942,0,0,0,,,,
C,18924,0.037698,0,0,0,,,,
C,18925,0.034815,0,0,0,,,,
C,18926,0.032740,0,0,0,,,,
C,18927,0.029948,0,0,0,,,,
C,18928,0.029227,0,0,0,,,,
C,18929,0.031346,0,0,0,,,,
C,18930,0.028327,0,0,0,,,,
C,18931,0.036312,0,0,0,,,,
C,18932,0.031304,0,0,0,,,,
C,18933,0.031661,0,0,0,,,,
C,18934,0.032881,0,0,0,,,,
C,18935,0.029926,0,0,0,,,,
C,18936,0.028221,0,0,0,,,,
C,18937,0.031086,0,0,0,,,,
C,18938,0.029782,0,0,0,,,,
C,18939,0.032080,0,0,0,,,,
C,18940,0.030723,0,0,0,,,,
C,18941,0.030720,0,0,0,,,,
C,18942,0.032929,0,0,0,,,,
C,18943,0.033099,0,0,0,,,,
C,18944,0.039346,0,0,0,,,,
C,18945,0.034408,0,0,0,,,,
C,18946,0.032521,0,0,0,,,,
C,18947,0.030801,0,0,0,,,,
C,18948,0.030640,0,0,0,,,,
C,18949,0.030449,0,0,0,,,,
C,18950,0.031394,0,0,0,,,,
C,18951,0.030418,0,0,0,,,,
C,18952,0.029482,0,0,0,,,,
C,18953,0.030442,0,0,0,,,,
C,18954,0.033834,0,0,0,,,,
C,18955,0.031795,0,0,0,,,,
C,18956,0.032097,0,0,0,,,,
C,18957,0.030221,0,0,0,,,,
C,18958,0.030134,0,0,0,,,,
C,18959,0.030466,0,0,0,,,,
C,18960,0.029556,0,0,0,,,,
C,18961,0.029901,0,0,0,,,,
C,18962,0.029859,0,0,0,,,,
C,18963,0.030571,0,0,0,,,,
C,18964,0.029103,0,0,0,,,,
C,18965,0.031877,0,0,0,,,,
C,18966,0.033298,0,0,0,,,,
C,18967,0.037323,0,0,0,,,,
C,18968,0.031382,0,0,0,,,,
C,18969,0.031993,0,0,0,,,,
C,18970,0.035187,0,0,0,,,,
C,18971,0.033728,0,0,0,,,,
C,18972,0.033755,0,0,0,,,,
C,18973,0.029942,0,0,0,,,,
C,18974,0.032762,0,0,0,,,,
C,18975,0.031154,0,0,0,,,,
C,18976,0.029616,0,0,0,,,,
C,18977,0.029923,0,0,0,,,,
C,18978,0.029054,0,0,0,,,,
C,18979,0.030127,0,0,0,,,,
C,18980,0.030596,0,0,0,,,,
C,18981,0.036330,0,0,0,,,,
C,18982,0.042801,0,0,0,,,,
C,18983,0.047281,0,0,0,,,,
C,18984,0.044313,0,0,0,,,,
C,18985,0.029836,0,0,0,,,,
C,18986,0.033278,0,0,0,,,,
C,18987,0.032050,0,0,0,,,,
C,18988,0.032667,0,0,0,,,,
C,18989,0.030567,0,0,0,,,,
C,18990,0.029819,0,0,0,,,,
C,18991,0.032133,0,0,0,,,,
C,18992,0.031342,0,0,0,,,,
C,18993,0.036928,0,0,0,,,,
C,18994,0.032072,0,0,0,,,,
C,18995,0.030838,0,0,0,,,,
C,18996,0.030417,0,0,0,,,,
C,18997,0.031251,0,0,0,,,,
C,18998,0.032125,0,0,0,,,,
C,18999,0.037007,0,0,0,,,,
C,19000,0.041556,0,0,0,218.4,1.158e-10,"{'checked': 26, 'zsx_rejected': 6, 'default_rejected': 0, 'closed_form_forced': 0, 'inexact': 9, 'exact_rebuilt': 0, 'best_effort': 0, 'best_effort_worst': 0.0, 'psf_rerouted': 0, 'psf_rerouted_worst_residual': 0.0}",896
C,19001,0.033822,0,0,0,,,,
C,19002,0.029898,0,0,0,,,,
C,19003,0.030632,0,0,0,,,,
C,19004,0.030503,0,0,0,,,,
C,19005,0.029614,0,0,0,,,,
C,19006,0.028473,0,0,0,,,,
C,19007,0.029350,0,0,0,,,,
C,19008,0.029691,0,0,0,,,,
C,19009,0.029983,0,0,0,,,,
C,19010,0.030874,0,0,0,,,,
C,19011,0.030804,0,0,0,,,,
C,19012,0.032306,0,0,0,,,,
C,19013,0.032661,0,0,0,,,,
C,19014,0.036288,0,0,0,,,,
C,19015,0.030970,0,0,0,,,,
C,19016,0.029590,0,0,0,,,,
C,19017,0.030253,0,0,0,,,,
C,19018,0.033927,0,0,0,,,,
C,19019,0.030403,0,0,0,,,,
C,19020,0.031043,0,0,0,,,,
C,19021,0.031544,0,0,0,,,,
C,19022,0.029649,0,0,0,,,,
C,19023,0.029573,0,0,0,,,,
C,19024,0.032545,0,0,0,,,,
C,19025,0.031243,0,0,0,,,,
C,19026,0.031433,0,0,0,,,,
C,19027,0.031247,0,0,0,,,,
C,19028,0.028200,0,0,0,,,,
C,19029,0.032332,0,0,0,,,,
C,19030,0.029736,0,0,0,,,,
C,19031,0.042628,0,0,0,,,,
C,19032,0.033250,0,0,0,,,,
C,19033,0.036483,0,0,0,,,,
C,19034,0.041267,0,0,0,,,,
C,19035,0.032025,0,0,0,,,,
C,19036,0.032488,0,0,0,,,,
C,19037,0.032682,0,0,0,,,,
C,19038,0.032786,0,0,0,,,,
C,19039,0.032457,0,0,0,,,,
C,19040,0.031322,0,0,0,,,,
C,19041,0.031859,0,0,0,,,,
C,19042,0.030745,0,0,0,,,,
C,19043,0.030887,0,0,0,,,,
C,19044,0.029669,0,0,0,,,,
C,19045,0.029777,0,0,0,,,,
C,19046,0.031420,0,0,0,,,,
C,19047,0.031844,0,0,0,,,,
C,19048,0.031363,0,0,0,,,,
C,19049,0.029092,0,0,0,,,,
C,19050,0.031596,0,0,0,,,,
C,19051,0.030496,0,0,0,,,,
C,19052,0.031564,0,0,0,,,,
C,19053,0.030502,0,0,0,,,,
C,19054,0.031216,0,0,0,,,,
C,19055,0.030480,0,0,0,,,,
C,19056,0.029280,0,0,0,,,,
C,19057,0.029401,0,0,0,,,,
C,19058,0.029716,0,0,0,,,,
C,19059,0.030061,0,0,0,,,,
C,19060,0.032346,0,0,0,,,,
C,19061,0.034682,0,0,0,,,,
C,19062,0.048214,0,0,0,,,,
C,19063,0.035192,0,0,0,,,,
C,19064,0.041160,0,0,0,,,,
C,19065,0.038717,0,0,0,,,,
C,19066,0.043022,0,0,0,,,,
C,19067,0.029697,0,0,0,,,,
C,19068,0.034767,0,0,0,,,,
C,19069,0.042086,0,0,0,,,,
C,19070,0.046506,0,0,0,,,,
C,19071,0.036377,0,0,0,,,,
C,19072,0.032132,0,0,0,,,,
C,19073,0.033308,0,0,0,,,,
C,19074,0.033184,0,0,0,,,,
C,19075,0.038551,0,0,0,,,,
C,19076,0.032973,0,0,0,,,,
C,19077,0.029821,0,0,0,,,,
C,19078,0.033109,0,0,0,,,,
C,19079,0.040403,0,0,0,,,,
C,19080,0.028779,0,0,0,,,,
C,19081,0.032587,0,0,0,,,,
C,19082,0.033685,0,0,0,,,,
C,19083,0.031934,0,0,0,,,,
C,19084,0.035402,0,0,0,,,,
C,19085,0.032033,0,0,0,,,,
C,19086,0.033239,0,0,0,,,,
C,19087,0.032759,0,0,0,,,,
C,19088,0.030464,0,0,0,,,,
C,19089,0.029742,0,0,0,,,,
C,19090,0.030065,0,0,0,,,,
C,19091,0.033633,0,0,0,,,,
C,19092,0.032223,0,0,0,,,,
C,19093,0.030602,0,0,0,,,,
C,19094,0.031155,0,0,0,,,,
C,19095,0.032663,0,0,0,,,,
C,19096,0.032521,0,0,0,,,,
C,19097,0.031971,0,0,0,,,,
C,19098,0.031637,0,0,0,,,,
C,19099,0.030846,0,0,0,,,,
C,19100,0.031974,0,0,0,,,,
C,19101,0.029427,0,0,0,,,,
C,19102,0.030952,0,0,0,,,,
C,19103,0.032293,0,0,0,,,,
C,19104,0.033451,0,0,0,,,,
C,19105,0.032763,0,0,0,,,,
C,19106,0.034326,0,0,0,,,,
C,19107,0.030247,0,0,0,,,,
C,19108,0.033267,0,0,0,,,,
C,19109,0.030861,0,0,0,,,,
C,19110,0.031620,0,0,0,,,,
C,19111,0.031694,0,0,0,,,,
C,19112,0.032621,0,0,0,,,,
C,19113,0.030979,0,0,0,,,,
C,19114,0.028333,0,0,0,,,,
C,19115,0.030593,0,0,0,,,,
C,19116,0.028936,0,0,0,,,,
C,19117,0.032304,0,0,0,,,,
C,19118,0.029282,0,0,0,,,,
C,19119,0.029983,0,0,0,,,,
C,19120,0.029367,0,0,0,,,,
C,19121,0.030673,0,0,0,,,,
C,19122,0.030917,0,0,0,,,,
C,19123,0.032045,0,0,0,,,,
C,19124,0.033366,0,0,0,,,,
C,19125,0.032477,0,0,0,,,,
C,19126,0.031270,0,0,0,,,,
C,19127,0.032614,0,0,0,,,,
C,19128,0.034229,0,0,0,,,,
C,19129,0.031866,0,0,0,,,,
C,19130,0.031485,0,0,0,,,,
C,19131,0.030288,0,0,0,,,,
C,19132,0.032141,0,0,0,,,,
C,19133,0.031614,0,0,0,,,,
C,19134,0.032917,0,0,0,,,,
C,19135,0.030647,0,0,0,,,,
C,19136,0.035804,0,0,0,,,,
C,19137,0.035539,0,0,0,,,,
C,19138,0.032642,0,0,0,,,,
C,19139,0.035837,0,0,0,,,,
C,19140,0.039009,0,0,0,,,,
C,19141,0.035892,0,0,0,,,,
C,19142,0.034324,0,0,0,,,,
C,19143,0.042609,0,0,0,,,,
C,19144,0.036100,0,0,0,,,,
C,19145,0.044377,0,0,0,,,,
C,19146,0.043231,0,0,0,,,,
C,19147,0.047975,0,0,0,,,,
C,19148,0.040282,0,0,0,,,,
C,19149,0.037411,0,0,0,,,,
C,19150,0.041520,0,0,0,,,,
C,19151,0.036586,0,0,0,,,,
C,19152,0.037101,0,0,0,,,,
C,19153,0.036059,0,0,0,,,,
C,19154,0.038534,0,0,0,,,,
C,19155,0.038072,0,0,0,,,,
C,19156,0.040316,0,0,0,,,,
C,19157,0.046292,0,0,0,,,,
C,19158,0.043726,0,0,0,,,,
C,19159,0.041378,0,0,0,,,,
C,19160,0.040551,0,0,0,,,,
C,19161,0.035993,0,0,0,,,,
C,19162,0.036031,0,0,0,,,,
C,19163,0.036262,0,0,0,,,,
C,19164,0.036934,0,0,0,,,,
C,19165,0.036913,0,0,0,,,,
C,19166,0.033304,0,0,0,,,,
C,19167,0.035148,0,0,0,,,,
C,19168,0.036040,0,0,0,,,,
C,19169,0.037815,0,0,0,,,,
C,19170,0.034361,0,0,0,,,,
C,19171,0.034544,0,0,0,,,,
C,19172,0.033337,0,0,0,,,,
C,19173,0.039626,0,0,0,,,,
C,19174,0.037902,0,0,0,,,,
C,19175,0.035025,0,0,0,,,,
C,19176,0.033110,0,0,0,,,,
C,19177,0.036568,0,0,0,,,,
C,19178,0.035913,0,0,0,,,,
C,19179,0.038212,0,0,0,,,,
C,19180,0.046424,0,0,0,,,,
C,19181,0.045831,0,0,0,,,,
C,19182,0.038356,0,0,0,,,,
C,19183,0.036042,0,0,0,,,,
C,19184,0.034434,0,0,0,,,,
C,19185,0.032442,0,0,0,,,,
C,19186,0.031970,0,0,0,,,,
C,19187,0.032077,0,0,0,,,,
C,19188,0.034654,0,0,0,,,,
C,19189,0.031692,0,0,0,,,,
C,19190,0.030328,0,0,0,,,,
C,19191,0.031810,0,0,0,,,,
C,19192,0.031664,0,0,0,,,,
C,19193,0.032590,0,0,0,,,,
C,19194,0.044860,0,0,0,,,,
C,19195,0.033444,0,0,0,,,,
C,19196,0.032163,0,0,0,,,,
C,19197,0.031123,0,0,0,,,,
C,19198,0.031947,0,0,0,,,,
C,19199,0.030292,0,0,0,,,,
C,19200,0.030807,0,0,0,,,,
C,19201,0.030894,0,0,0,,,,
C,19202,0.032857,0,0,0,,,,
C,19203,0.032029,0,0,0,,,,
C,19204,0.031124,0,0,0,,,,
C,19205,0.029600,0,0,0,,,,
C,19206,0.030185,0,0,0,,,,
C,19207,0.032201,0,0,0,,,,
C,19208,0.031967,0,0,0,,,,
C,19209,0.032249,0,0,0,,,,
C,19210,0.031708,0,0,0,,,,
C,19211,0.031964,0,0,0,,,,
C,19212,0.031741,0,0,0,,,,
C,19213,0.030422,0,0,0,,,,
C,19214,0.032921,0,0,0,,,,
C,19215,0.028901,0,0,0,,,,
C,19216,0.031377,0,0,0,,,,
C,19217,0.032057,0,0,0,,,,
C,19218,0.029509,0,0,0,,,,
C,19219,0.032008,0,0,0,,,,
C,19220,0.032596,0,0,0,,,,
C,19221,0.031898,0,0,0,,,,
C,19222,0.030837,0,0,0,,,,
C,19223,0.031746,0,0,0,,,,
C,19224,0.031707,0,0,0,,,,
C,19225,0.030081,0,0,0,,,,
C,19226,0.033682,0,0,0,,,,
C,19227,0.031133,0,0,0,,,,
C,19228,0.031391,0,0,0,,,,
C,19229,0.031982,0,0,0,,,,
C,19230,0.033714,0,0,0,,,,
C,19231,0.031022,0,0,0,,,,
C,19232,0.032792,0,0,0,,,,
C,19233,0.033191,0,0,0,,,,
C,19234,0.031499,0,0,0,,,,
C,19235,0.030044,0,0,0,,,,
C,19236,0.031067,0,0,0,,,,
C,19237,0.032131,0,0,0,,,,
C,19238,0.029455,0,0,0,,,,
C,19239,0.032438,0,0,0,,,,
C,19240,0.031110,0,0,0,,,,
C,19241,0.034311,0,0,0,,,,
C,19242,0.032822,0,0,0,,,,
C,19243,0.030671,0,0,0,,,,
C,19244,0.032611,0,0,0,,,,
C,19245,0.032700,0,0,0,,,,
C,19246,0.031751,0,0,0,,,,
C,19247,0.035316,0,0,0,,,,
C,19248,0.032681,0,0,0,,,,
C,19249,0.034173,0,0,0,,,,
C,19250,0.031715,0,0,0,,,,
C,19251,0.032434,0,0,0,,,,
C,19252,0.031421,0,0,0,,,,
C,19253,0.031830,0,0,0,,,,
C,19254,0.032376,0,0,0,,,,
C,19255,0.030295,0,0,0,,,,
C,19256,0.030856,0,0,0,,,,
C,19257,0.032567,0,0,0,,,,
C,19258,0.030712,0,0,0,,,,
C,19259,0.030838,0,0,0,,,,
C,19260,0.031331,0,0,0,,,,
C,19261,0.031606,0,0,0,,,,
C,19262,0.032354,0,0,0,,,,
C,19263,0.030851,0,0,0,,,,
C,19264,0.030700,0,0,0,,,,
C,19265,0.033032,0,0,0,,,,
C,19266,0.031315,0,0,0,,,,
C,19267,0.030291,0,0,0,,,,
C,19268,0.031224,0,0,0,,,,
C,19269,0.035716,0,0,0,,,,
C,19270,0.031349,0,0,0,,,,
C,19271,0.034401,0,0,0,,,,
C,19272,0.033839,0,0,0,,,,
C,19273,0.029507,0,0,0,,,,
C,19274,0.029753,0,0,0,,,,
C,19275,0.030208,0,0,0,,,,
C,19276,0.032773,0,0,0,,,,
C,19277,0.031692,0,0,0,,,,
C,19278,0.028535,0,0,0,,,,
C,19279,0.031747,0,0,0,,,,
C,19280,0.030124,0,0,0,,,,
C,19281,0.032748,0,0,0,,,,
C,19282,0.031273,0,0,0,,,,
C,19283,0.031163,0,0,0,,,,
C,19284,0.030470,0,0,0,,,,
C,19285,0.031371,0,0,0,,,,
C,19286,0.033253,0,0,0,,,,
C,19287,0.031561,0,0,0,,,,
C,19288,0.031597,0,0,0,,,,
C,19289,0.032410,0,0,0,,,,
C,19290,0.031329,0,0,0,,,,
C,19291,0.034035,0,0,0,,,,
C,19292,0.034063,0,0,0,,,,
C,19293,0.031975,0,0,0,,,,
C,19294,0.033564,0,0,0,,,,
C,19295,0.035870,0,0,0,,,,
C,19296,0.036366,0,0,0,,,,
C,19297,0.049240,0,0,0,,,,
C,19298,0.038388,0,0,0,,,,
C,19299,0.038212,0,0,0,,,,
C,19300,0.041021,0,0,0,,,,
C,19301,0.039622,0,0,0,,,,
C,19302,0.044113,0,0,0,,,,
C,19303,0.037092,0,0,0,,,,
C,19304,0.036885,0,0,0,,,,
C,19305,0.033256,0,0,0,,,,
C,19306,0.037031,0,0,0,,,,
C,19307,0.036297,0,0,0,,,,
C,19308,0.038749,0,0,0,,,,
C,19309,0.034375,0,0,0,,,,
C,19310,0.033620,0,0,0,,,,
C,19311,0.032175,0,0,0,,,,
C,19312,0.030075,0,0,0,,,,
C,19313,0.031554,0,0,0,,,,
C,19314,0.029166,0,0,0,,,,
C,19315,0.030467,0,0,0,,,,
C,19316,0.031298,0,0,0,,,,
C,19317,0.033078,0,0,0,,,,
C,19318,0.032409,0,0,0,,,,
C,19319,0.031739,0,0,0,,,,
C,19320,0.030600,0,0,0,,,,
C,19321,0.030755,0,0,0,,,,
C,19322,0.031748,0,0,0,,,,
C,19323,0.032522,0,0,0,,,,
C,19324,0.032800,0,0,0,,,,
C,19325,0.033328,0,0,0,,,,
C,19326,0.030837,0,0,0,,,,
C,19327,0.031364,0,0,0,,,,
C,19328,0.030558,0,0,0,,,,
C,19329,0.030111,0,0,0,,,,
C,19330,0.030538,0,0,0,,,,
C,19331,0.030533,0,0,0,,,,
C,19332,0.030114,0,0,0,,,,
C,19333,0.031360,0,0,0,,,,
C,19334,0.033433,0,0,0,,,,
C,19335,0.030016,0,0,0,,,,
C,19336,0.033196,0,0,0,,,,
C,19337,0.033318,0,0,0,,,,
C,19338,0.030253,0,0,0,,,,
C,19339,0.032899,0,0,0,,,,
C,19340,0.031278,0,0,0,,,,
C,19341,0.032354,0,0,0,,,,
C,19342,0.032890,0,0,0,,,,
C,19343,0.030251,0,0,0,,,,
C,19344,0.035494,0,0,0,,,,
C,19345,0.032552,0,0,0,,,,
C,19346,0.045627,0,0,0,,,,
C,19347,0.033819,0,0,0,,,,
C,19348,0.035693,0,0,0,,,,
C,19349,0.033049,0,0,0,,,,
C,19350,0.030975,0,0,0,,,,
C,19351,0.032335,0,0,0,,,,
C,19352,0.032480,0,0,0,,,,
C,19353,0.031483,0,0,0,,,,
C,19354,0.030009,0,0,0,,,,
C,19355,0.030598,0,0,0,,,,
C,19356,0.030926,0,0,0,,,,
C,19357,0.032228,0,0,0,,,,
C,19358,0.029582,0,0,0,,,,
C,19359,0.030997,0,0,0,,,,
C,19360,0.031121,0,0,0,,,,
C,19361,0.030778,0,0,0,,,,
C,19362,0.029870,0,0,0,,,,
C,19363,0.031430,0,0,0,,,,
C,19364,0.031279,0,0,0,,,,
C,19365,0.032132,0,0,0,,,,
C,19366,0.032285,0,0,0,,,,
C,19367,0.030959,0,0,0,,,,
C,19368,0.032170,0,0,0,,,,
C,19369,0.032142,0,0,0,,,,
C,19370,0.029747,0,0,0,,,,
C,19371,0.032604,0,0,0,,,,
C,19372,0.030990,0,0,0,,,,
C,19373,0.034006,0,0,0,,,,
C,19374,0.034528,0,0,0,,,,
C,19375,0.034260,0,0,0,,,,
C,19376,0.031430,0,0,0,,,,
C,19377,0.032029,0,0,0,,,,
C,19378,0.031865,0,0,0,,,,
C,19379,0.029502,0,0,0,,,,
C,19380,0.030889,0,0,0,,,,
C,19381,0.029840,0,0,0,,,,
C,19382,0.031977,0,0,0,,,,
C,19383,0.032717,0,0,0,,,,
C,19384,0.030856,0,0,0,,,,
C,19385,0.031865,0,0,0,,,,
C,19386,0.030284,0,0,0,,,,
C,19387,0.034153,0,0,0,,,,
C,19388,0.030323,0,0,0,,,,
C,19389,0.031844,0,0,0,,,,
C,19390,0.032536,0,0,0,,,,
C,19391,0.030183,0,0,0,,,,
C,19392,0.031778,0,0,0,,,,
C,19393,0.030462,0,0,0,,,,
C,19394,0.030623,0,0,0,,,,
C,19395,0.031862,0,0,0,,,,
C,19396,0.030773,0,0,0,,,,
C,19397,0.030874,0,0,0,,,,
C,19398,0.030960,0,0,0,,,,
C,19399,0.030483,0,0,0,,,,
C,19400,0.032013,0,0,0,,,,
C,19401,0.030351,0,0,0,,,,
C,19402,0.034065,0,0,0,,,,
C,19403,0.035904,0,0,0,,,,
C,19404,0.035036,0,0,0,,,,
C,19405,0.033343,0,0,0,,,,
C,19406,0.044438,0,0,0,,,,
C,19407,0.043141,0,0,0,,,,
C,19408,0.037520,0,0,0,,,,
C,19409,0.033287,0,0,0,,,,
C,19410,0.036025,0,0,0,,,,
C,19411,0.033521,0,0,0,,,,
C,19412,0.039285,0,0,0,,,,
C,19413,0.033963,0,0,0,,,,
C,19414,0.036566,0,0,0,,,,
C,19415,0.031325,0,0,0,,,,
C,19416,0.033822,0,0,0,,,,
C,19417,0.034751,0,0,0,,,,
C,19418,0.032253,0,0,0,,,,
C,19419,0.032436,0,0,0,,,,
C,19420,0.033521,0,0,0,,,,
C,19421,0.030759,0,0,0,,,,
C,19422,0.032152,0,0,0,,,,
C,19423,0.031335,0,0,0,,,,
C,19424,0.031301,0,0,0,,,,
C,19425,0.033088,0,0,0,,,,
C,19426,0.030990,0,0,0,,,,
C,19427,0.031166,0,0,0,,,,
C,19428,0.032005,0,0,0,,,,
C,19429,0.030826,0,0,0,,,,
C,19430,0.033076,0,0,0,,,,
C,19431,0.032109,0,0,0,,,,
C,19432,0.030184,0,0,0,,,,
C,19433,0.032291,0,0,0,,,,
C,19434,0.030970,0,0,0,,,,
C,19435,0.032598,0,0,0,,,,
C,19436,0.033413,0,0,0,,,,
C,19437,0.033938,0,0,0,,,,
C,19438,0.032156,0,0,0,,,,
C,19439,0.032211,0,0,0,,,,
C,19440,0.032390,0,0,0,,,,
C,19441,0.032145,0,0,0,,,,
C,19442,0.030907,0,0,0,,,,
C,19443,0.031594,0,0,0,,,,
C,19444,0.031621,0,0,0,,,,
C,19445,0.033388,0,0,0,,,,
C,19446,0.030777,0,0,0,,,,
C,19447,0.030792,0,0,0,,,,
C,19448,0.031986,0,0,0,,,,
C,19449,0.031623,0,0,0,,,,
C,19450,0.029741,0,0,0,,,,
C,19451,0.030360,0,0,0,,,,
C,19452,0.032671,0,0,0,,,,
C,19453,0.030063,0,0,0,,,,
C,19454,0.029570,0,0,0,,,,
C,19455,0.031470,0,0,0,,,,
C,19456,0.036651,0,0,0,,,,
C,19457,0.030422,0,0,0,,,,
C,19458,0.029660,0,0,0,,,,
C,19459,0.030006,0,0,0,,,,
C,19460,0.029035,0,0,0,,,,
C,19461,0.030692,0,0,0,,,,
C,19462,0.030233,0,0,0,,,,
C,19463,0.031386,0,0,0,,,,
C,19464,0.031965,0,0,0,,,,
C,19465,0.030042,0,0,0,,,,
C,19466,0.033900,0,0,0,,,,
C,19467,0.031973,0,0,0,,,,
C,19468,0.032462,0,0,0,,,,
C,19469,0.033041,0,0,0,,,,
C,19470,0.034069,0,0,0,,,,
C,19471,0.033078,0,0,0,,,,
C,19472,0.032555,0,0,0,,,,
C,19473,0.034623,0,0,0,,,,
C,19474,0.033615,0,0,0,,,,
C,19475,0.033886,0,0,0,,,,
C,19476,0.049953,0,0,0,,,,
C,19477,0.041107,0,0,0,,,,
C,19478,0.033783,0,0,0,,,,
C,19479,0.035954,0,0,0,,,,
C,19480,0.037943,0,0,0,,,,
C,19481,0.036505,0,0,0,,,,
C,19482,0.035614,0,0,0,,,,
C,19483,0.042226,0,0,0,,,,
C,19484,0.035292,0,0,0,,,,
C,19485,0.035504,0,0,0,,,,
C,19486,0.035743,0,0,0,,,,
C,19487,0.039598,0,0,0,,,,
C,19488,0.037706,0,0,0,,,,
C,19489,0.044504,0,0,0,,,,
C,19490,0.035578,0,0,0,,,,
C,19491,0.033476,0,0,0,,,,
C,19492,0.031961,0,0,0,,,,
C,19493,0.032399,0,0,0,,,,
C,19494,0.033263,0,0,0,,,,
C,19495,0.037982,0,0,0,,,,
C,19496,0.039004,0,0,0,,,,
C,19497,0.034985,0,0,0,,,,
C,19498,0.032607,0,0,0,,,,
C,19499,0.034243,0,0,0,,,,
C,19500,0.032152,0,0,0,,,,
C,19501,0.030243,0,0,0,,,,
C,19502,0.032559,0,0,0,,,,
C,19503,0.034509,0,0,0,,,,
C,19504,0.034199,0,0,0,,,,
C,19505,0.033386,0,0,0,,,,
C,19506,0.033040,0,0,0,,,,
C,19507,0.035390,0,0,0,,,,
C,19508,0.035480,0,0,0,,,,
C,19509,0.032510,0,0,0,,,,
C,19510,0.033174,0,0,0,,,,
C,19511,0.034173,0,0,0,,,,
C,19512,0.031362,0,0,0,,,,
C,19513,0.033234,0,0,0,,,,
C,19514,0.033193,0,0,0,,,,
C,19515,0.033486,0,0,0,,,,
C,19516,0.032006,0,0,0,,,,
C,19517,0.033209,0,0,0,,,,
C,19518,0.031834,0,0,0,,,,
C,19519,0.029879,0,0,0,,,,
C,19520,0.038665,0,0,0,,,,
C,19521,0.032958,0,0,0,,,,
C,19522,0.035441,0,0,0,,,,
C,19523,0.034809,0,0,0,,,,
C,19524,0.041561,0,0,0,,,,
C,19525,0.042354,0,0,0,,,,
C,19526,0.039102,0,0,0,,,,
C,19527,0.037140,0,0,0,,,,
C,19528,0.035923,0,0,0,,,,
C,19529,0.045746,0,0,0,,,,
C,19530,0.033679,0,0,0,,,,
C,19531,0.037356,0,0,0,,,,
C,19532,0.045951,0,0,0,,,,
C,19533,0.039754,0,0,0,,,,
C,19534,0.038471,0,0,0,,,,
C,19535,0.038707,0,0,0,,,,
C,19536,0.050960,0,0,0,,,,
C,19537,0.048905,0,0,0,,,,
C,19538,0.041531,0,0,0,,,,
C,19539,0.033962,0,0,0,,,,
C,19540,0.030129,0,0,0,,,,
C,19541,0.032303,0,0,0,,,,
C,19542,0.030344,0,0,0,,,,
C,19543,0.030740,0,0,0,,,,
C,19544,0.031705,0,0,0,,,,
C,19545,0.031583,0,0,0,,,,
C,19546,0.029779,0,0,0,,,,
C,19547,0.031292,0,0,0,,,,
C,19548,0.030558,0,0,0,,,,
C,19549,0.031661,0,0,0,,,,
C,19550,0.031588,0,0,0,,,,
C,19551,0.035096,0,0,0,,,,
C,19552,0.033519,0,0,0,,,,
C,19553,0.031513,0,0,0,,,,
C,19554,0.028946,0,0,0,,,,
C,19555,0.031588,0,0,0,,,,
C,19556,0.029578,0,0,0,,,,
C,19557,0.030496,0,0,0,,,,
C,19558,0.030684,0,0,0,,,,
C,19559,0.030564,0,0,0,,,,
C,19560,0.028020,0,0,0,,,,
C,19561,0.031932,0,0,0,,,,
C,19562,0.028516,0,0,0,,,,
C,19563,0.029934,0,0,0,,,,
C,19564,0.030641,0,0,0,,,,
C,19565,0.030453,0,0,0,,,,
C,19566,0.032388,0,0,0,,,,
C,19567,0.030070,0,0,0,,,,
C,19568,0.029793,0,0,0,,,,
C,19569,0.032116,0,0,0,,,,
C,19570,0.030297,0,0,0,,,,
C,19571,0.031520,0,0,0,,,,
C,19572,0.031325,0,0,0,,,,
C,19573,0.031293,0,0,0,,,,
C,19574,0.033984,0,0,0,,,,
C,19575,0.030001,0,0,0,,,,
C,19576,0.032829,0,0,0,,,,
C,19577,0.032848,0,0,0,,,,
C,19578,0.031283,0,0,0,,,,
C,19579,0.029861,0,0,0,,,,
C,19580,0.028506,0,0,0,,,,
C,19581,0.034985,0,0,0,,,,
C,19582,0.033028,0,0,0,,,,
C,19583,0.030948,0,0,0,,,,
C,19584,0.031064,0,0,0,,,,
C,19585,0.031052,0,0,0,,,,
C,19586,0.031784,0,0,0,,,,
C,19587,0.031418,0,0,0,,,,
C,19588,0.031609,0,0,0,,,,
C,19589,0.032497,0,0,0,,,,
C,19590,0.030033,0,0,0,,,,
C,19591,0.030818,0,0,0,,,,
C,19592,0.036736,0,0,0,,,,
C,19593,0.033322,0,0,0,,,,
C,19594,0.029765,0,0,0,,,,
C,19595,0.032292,0,0,0,,,,
C,19596,0.030724,0,0,0,,,,
C,19597,0.031806,0,0,0,,,,
C,19598,0.028750,0,0,0,,,,
C,19599,0.028951,0,0,0,,,,
C,19600,0.030050,0,0,0,,,,
C,19601,0.031044,0,0,0,,,,
C,19602,0.033705,0,0,0,,,,
C,19603,0.030850,0,0,0,,,,
C,19604,0.029261,0,0,0,,,,
C,19605,0.030921,0,0,0,,,,
C,19606,0.030105,0,0,0,,,,
C,19607,0.031310,0,0,0,,,,
C,19608,0.032656,0,0,0,,,,
C,19609,0.028594,0,0,0,,,,
C,19610,0.028908,0,0,0,,,,
C,19611,0.030424,0,0,0,,,,
C,19612,0.031031,0,0,0,,,,
C,19613,0.029685,0,0,0,,,,
C,19614,0.031682,0,0,0,,,,
C,19615,0.028706,0,0,0,,,,
C,19616,0.028367,0,0,0,,,,
C,19617,0.033274,0,0,0,,,,
C,19618,0.030847,0,0,0,,,,
C,19619,0.031208,0,0,0,,,,
C,19620,0.029893,0,0,0,,,,
C,19621,0.030245,0,0,0,,,,
C,19622,0.032092,0,0,0,,,,
C,19623,0.030801,0,0,0,,,,
C,19624,0.030667,0,0,0,,,,
C,19625,0.031707,0,0,0,,,,
C,19626,0.028904,0,0,0,,,,
C,19627,0.030007,0,0,0,,,,
C,19628,0.032104,0,0,0,,,,
C,19629,0.030671,0,0,0,,,,
C,19630,0.031304,0,0,0,,,,
C,19631,0.027962,0,0,0,,,,
C,19632,0.028921,0,0,0,,,,
C,19633,0.034187,0,0,0,,,,
C,19634,0.033552,0,0,0,,,,
C,19635,0.032601,0,0,0,,,,
C,19636,0.029472,0,0,0,,,,
C,19637,0.032295,0,0,0,,,,
C,19638,0.032572,0,0,0,,,,
C,19639,0.032516,0,0,0,,,,
C,19640,0.033072,0,0,0,,,,
C,19641,0.028887,0,0,0,,,,
C,19642,0.029056,0,0,0,,,,
C,19643,0.032332,0,0,0,,,,
C,19644,0.033861,0,0,0,,,,
C,19645,0.032913,0,0,0,,,,
C,19646,0.030270,0,0,0,,,,
C,19647,0.029844,0,0,0,,,,
C,19648,0.028808,0,0,0,,,,
C,19649,0.033903,0,0,0,,,,
C,19650,0.030123,0,0,0,,,,
C,19651,0.030489,0,0,0,,,,
C,19652,0.029962,0,0,0,,,,
C,19653,0.030214,0,0,0,,,,
C,19654,0.032506,0,0,0,,,,
C,19655,0.031927,0,0,0,,,,
C,19656,0.039085,0,0,0,,,,
C,19657,0.033801,0,0,0,,,,
C,19658,0.037100,0,0,0,,,,
C,19659,0.033022,0,0,0,,,,
C,19660,0.032938,0,0,0,,,,
C,19661,0.036965,0,0,0,,,,
C,19662,0.034326,0,0,0,,,,
C,19663,0.031856,0,0,0,,,,
C,19664,0.034193,0,0,0,,,,
C,19665,0.033891,0,0,0,,,,
C,19666,0.030970,0,0,0,,,,
C,19667,0.032014,0,0,0,,,,
C,19668,0.030203,0,0,0,,,,
C,19669,0.029986,0,0,0,,,,
C,19670,0.034744,0,0,0,,,,
C,19671,0.030329,0,0,0,,,,
C,19672,0.031087,0,0,0,,,,
C,19673,0.034172,0,0,0,,,,
C,19674,0.031375,0,0,0,,,,
C,19675,0.029476,0,0,0,,,,
C,19676,0.032544,0,0,0,,,,
C,19677,0.032073,0,0,0,,,,
C,19678,0.031297,0,0,0,,,,
C,19679,0.031094,0,0,0,,,,
C,19680,0.030734,0,0,0,,,,
C,19681,0.029221,0,0,0,,,,
C,19682,0.031711,0,0,0,,,,
C,19683,0.027500,0,0,0,,,,
C,19684,0.031271,0,0,0,,,,
C,19685,0.029616,0,0,0,,,,
C,19686,0.031961,0,0,0,,,,
C,19687,0.031514,0,0,0,,,,
C,19688,0.031627,0,0,0,,,,
C,19689,0.033035,0,0,0,,,,
C,19690,0.032899,0,0,0,,,,
C,19691,0.034211,0,0,0,,,,
C,19692,0.036185,0,0,0,,,,
C,19693,0.035637,0,0,0,,,,
C,19694,0.030706,0,0,0,,,,
C,19695,0.030769,0,0,0,,,,
C,19696,0.029685,0,0,0,,,,
C,19697,0.031695,0,0,0,,,,
C,19698,0.030112,0,0,0,,,,
C,19699,0.030069,0,0,0,,,,
C,19700,0.031745,0,0,0,,,,
C,19701,0.031674,0,0,0,,,,
C,19702,0.030603,0,0,0,,,,
C,19703,0.032139,0,0,0,,,,
C,19704,0.032668,0,0,0,,,,
C,19705,0.029058,0,0,0,,,,
C,19706,0.032867,0,0,0,,,,
C,19707,0.030593,0,0,0,,,,
C,19708,0.031260,0,0,0,,,,
C,19709,0.031063,0,0,0,,,,
C,19710,0.028191,0,0,0,,,,
C,19711,0.031555,0,0,0,,,,
C,19712,0.031215,0,0,0,,,,
C,19713,0.029441,0,0,0,,,,
C,19714,0.033267,0,0,0,,,,
C,19715,0.028327,0,0,0,,,,
C,19716,0.030382,0,0,0,,,,
C,19717,0.032859,0,0,0,,,,
C,19718,0.029851,0,0,0,,,,
C,19719,0.029598,0,0,0,,,,
C,19720,0.029406,0,0,0,,,,
C,19721,0.030018,0,0,0,,,,
C,19722,0.032679,0,0,0,,,,
C,19723,0.034015,0,0,0,,,,
C,19724,0.038504,0,0,0,,,,
C,19725,0.031471,0,0,0,,,,
C,19726,0.032383,0,0,0,,,,
C,19727,0.031507,0,0,0,,,,
C,19728,0.033928,0,0,0,,,,
C,19729,0.037502,0,0,0,,,,
C,19730,0.042620,0,0,0,,,,
C,19731,0.031619,0,0,0,,,,
C,19732,0.034735,0,0,0,,,,
C,19733,0.033604,0,0,0,,,,
C,19734,0.032016,0,0,0,,,,
C,19735,0.028700,0,0,0,,,,
C,19736,0.030601,0,0,0,,,,
C,19737,0.028880,0,0,0,,,,
C,19738,0.030283,0,0,0,,,,
C,19739,0.031154,0,0,0,,,,
C,19740,0.031406,0,0,0,,,,
C,19741,0.031500,0,0,0,,,,
C,19742,0.033354,0,0,0,,,,
C,19743,0.031495,0,0,0,,,,
C,19744,0.028610,0,0,0,,,,
C,19745,0.035778,0,0,0,,,,
C,19746,0.030287,0,0,0,,,,
C,19747,0.029693,0,0,0,,,,
C,19748,0.030566,0,0,0,,,,
C,19749,0.029783,0,0,0,,,,
C,19750,0.028156,0,0,0,,,,
C,19751,0.029808,0,0,0,,,,
C,19752,0.029954,0,0,0,,,,
C,19753,0.030493,0,0,0,,,,
C,19754,0.029119,0,0,0,,,,
C,19755,0.030151,0,0,0,,,,
C,19756,0.030167,0,0,0,,,,
C,19757,0.030219,0,0,0,,,,
C,19758,0.030077,0,0,0,,,,
C,19759,0.029956,0,0,0,,,,
C,19760,0.029515,0,0,0,,,,
C,19761,0.030941,0,0,0,,,,
C,19762,0.033239,0,0,0,,,,
C,19763,0.030728,0,0,0,,,,
C,19764,0.028819,0,0,0,,,,
C,19765,0.029791,0,0,0,,,,
C,19766,0.028455,0,0,0,,,,
C,19767,0.029600,0,0,0,,,,
C,19768,0.029620,0,0,0,,,,
C,19769,0.031228,0,0,0,,,,
C,19770,0.032626,0,0,0,,,,
C,19771,0.030247,0,0,0,,,,
C,19772,0.032760,0,0,0,,,,
C,19773,0.032433,0,0,0,,,,
C,19774,0.032600,0,0,0,,,,
C,19775,0.033211,0,0,0,,,,
C,19776,0.035113,0,0,0,,,,
C,19777,0.033500,0,0,0,,,,
C,19778,0.030428,0,0,0,,,,
C,19779,0.029195,0,0,0,,,,
C,19780,0.028850,0,0,0,,,,
C,19781,0.029985,0,0,0,,,,
C,19782,0.030807,0,0,0,,,,
C,19783,0.031142,0,0,0,,,,
C,19784,0.030892,0,0,0,,,,
C,19785,0.030283,0,0,0,,,,
C,19786,0.029530,0,0,0,,,,
C,19787,0.029584,0,0,0,,,,
C,19788,0.030555,0,0,0,,,,
C,19789,0.029923,0,0,0,,,,
C,19790,0.029916,0,0,0,,,,
C,19791,0.029767,0,0,0,,,,
C,19792,0.029950,0,0,0,,,,
C,19793,0.029635,0,0,0,,,,
C,19794,0.029477,0,0,0,,,,
C,19795,0.031240,0,0,0,,,,
C,19796,0.030148,0,0,0,,,,
C,19797,0.030618,0,0,0,,,,
C,19798,0.032824,0,0,0,,,,
C,19799,0.033666,0,0,0,,,,
C,19800,0.032078,0,0,0,,,,
C,19801,0.029751,0,0,0,,,,
C,19802,0.029770,0,0,0,,,,
C,19803,0.030746,0,0,0,,,,
C,19804,0.032811,0,0,0,,,,
C,19805,0.032049,0,0,0,,,,
C,19806,0.032524,0,0,0,,,,
C,19807,0.036134,0,0,0,,,,
C,19808,0.035762,0,0,0,,,,
C,19809,0.033098,0,0,0,,,,
C,19810,0.032617,0,0,0,,,,
C,19811,0.032928,0,0,0,,,,
C,19812,0.031653,0,0,0,,,,
C,19813,0.030883,0,0,0,,,,
C,19814,0.036843,0,0,0,,,,
C,19815,0.028638,0,0,0,,,,
C,19816,0.029982,0,0,0,,,,
C,19817,0.027588,0,0,0,,,,
C,19818,0.029145,0,0,0,,,,
C,19819,0.030713,0,0,0,,,,
C,19820,0.031174,0,0,0,,,,
C,19821,0.031607,0,0,0,,,,
C,19822,0.030584,0,0,0,,,,
C,19823,0.029760,0,0,0,,,,
C,19824,0.029591,0,0,0,,,,
C,19825,0.028583,0,0,0,,,,
C,19826,0.029841,0,0,0,,,,
C,19827,0.028617,0,0,0,,,,
C,19828,0.030116,0,0,0,,,,
C,19829,0.030017,0,0,0,,,,
C,19830,0.028852,0,0,0,,,,
C,19831,0.029678,0,0,0,,,,
C,19832,0.032563,0,0,0,,,,
C,19833,0.030324,0,0,0,,,,
C,19834,0.030090,0,0,0,,,,
C,19835,0.029471,0,0,0,,,,
C,19836,0.028268,0,0,0,,,,
C,19837,0.028136,0,0,0,,,,
C,19838,0.030813,0,0,0,,,,
C,19839,0.030972,0,0,0,,,,
C,19840,0.029831,0,0,0,,,,
C,19841,0.032305,0,0,0,,,,
C,19842,0.031096,0,0,0,,,,
C,19843,0.029851,0,0,0,,,,
C,19844,0.030718,0,0,0,,,,
C,19845,0.029548,0,0,0,,,,
C,19846,0.028489,0,0,0,,,,
C,19847,0.030533,0,0,0,,,,
C,19848,0.029944,0,0,0,,,,
C,19849,0.029729,0,0,0,,,,
C,19850,0.029144,0,0,0,,,,
C,19851,0.030625,0,0,0,,,,
C,19852,0.031659,0,0,0,,,,
C,19853,0.028366,0,0,0,,,,
C,19854,0.031998,0,0,0,,,,
C,19855,0.031848,0,0,0,,,,
C,19856,0.031473,0,0,0,,,,
C,19857,0.032716,0,0,0,,,,
C,19858,0.030471,0,0,0,,,,
C,19859,0.030903,0,0,0,,,,
C,19860,0.030011,0,0,0,,,,
C,19861,0.029442,0,0,0,,,,
C,19862,0.029770,0,0,0,,,,
C,19863,0.030563,0,0,0,,,,
C,19864,0.031248,0,0,0,,,,
C,19865,0.030416,0,0,0,,,,
C,19866,0.032503,0,0,0,,,,
C,19867,0.029551,0,0,0,,,,
C,19868,0.031513,0,0,0,,,,
C,19869,0.029639,0,0,0,,,,
C,19870,0.030072,0,0,0,,,,
C,19871,0.029277,0,0,0,,,,
C,19872,0.028601,0,0,0,,,,
C,19873,0.030397,0,0,0,,,,
C,19874,0.028500,0,0,0,,,,
C,19875,0.029060,0,0,0,,,,
C,19876,0.030064,0,0,0,,,,
C,19877,0.029884,0,0,0,,,,
C,19878,0.030102,0,0,0,,,,
C,19879,0.030721,0,0,0,,,,
C,19880,0.027881,0,0,0,,,,
C,19881,0.029230,0,0,0,,,,
C,19882,0.030095,0,0,0,,,,
C,19883,0.029378,0,0,0,,,,
C,19884,0.029513,0,0,0,,,,
C,19885,0.031527,0,0,0,,,,
C,19886,0.031269,0,0,0,,,,
C,19887,0.030863,0,0,0,,,,
C,19888,0.030076,0,0,0,,,,
C,19889,0.028342,0,0,0,,,,
C,19890,0.029663,0,0,0,,,,
C,19891,0.029923,0,0,0,,,,
C,19892,0.030621,0,0,0,,,,
C,19893,0.028901,0,0,0,,,,
C,19894,0.029685,0,0,0,,,,
C,19895,0.028511,0,0,0,,,,
C,19896,0.028796,0,0,0,,,,
C,19897,0.031667,0,0,0,,,,
C,19898,0.029526,0,0,0,,,,
C,19899,0.030951,0,0,0,,,,
C,19900,0.029161,0,0,0,,,,
C,19901,0.029678,0,0,0,,,,
C,19902,0.029356,0,0,0,,,,
C,19903,0.028541,0,0,0,,,,
C,19904,0.029874,0,0,0,,,,
C,19905,0.029389,0,0,0,,,,
C,19906,0.029802,0,0,0,,,,
C,19907,0.030260,0,0,0,,,,
C,19908,0.030086,0,0,0,,,,
C,19909,0.031263,0,0,0,,,,
C,19910,0.030290,0,0,0,,,,
C,19911,0.030649,0,0,0,,,,
C,19912,0.029849,0,0,0,,,,
C,19913,0.029033,0,0,0,,,,
C,19914,0.029137,0,0,0,,,,
C,19915,0.030482,0,0,0,,,,
C,19916,0.029011,0,0,0,,,,
C,19917,0.030423,0,0,0,,,,
C,19918,0.029282,0,0,0,,,,
C,19919,0.029706,0,0,0,,,,
C,19920,0.031391,0,0,0,,,,
C,19921,0.033082,0,0,0,,,,
C,19922,0.032792,0,0,0,,,,
C,19923,0.031098,0,0,0,,,,
C,19924,0.028949,0,0,0,,,,
C,19925,0.029710,0,0,0,,,,
C,19926,0.028187,0,0,0,,,,
C,19927,0.030550,0,0,0,,,,
C,19928,0.030700,0,0,0,,,,
C,19929,0.029386,0,0,0,,,,
C,19930,0.029191,0,0,0,,,,
C,19931,0.034789,0,0,0,,,,
C,19932,0.029270,0,0,0,,,,
C,19933,0.029522,0,0,0,,,,
C,19934,0.030526,0,0,0,,,,
C,19935,0.028871,0,0,0,,,,
C,19936,0.029007,0,0,0,,,,
C,19937,0.029505,0,0,0,,,,
C,19938,0.031376,0,0,0,,,,
C,19939,0.031336,0,0,0,,,,
C,19940,0.029589,0,0,0,,,,
C,19941,0.030016,0,0,0,,,,
C,19942,0.028341,0,0,0,,,,
C,19943,0.029643,0,0,0,,,,
C,19944,0.028647,0,0,0,,,,
C,19945,0.027909,0,0,0,,,,
C,19946,0.028761,0,0,0,,,,
C,19947,0.029948,0,0,0,,,,
C,19948,0.032154,0,0,0,,,,
C,19949,0.029694,0,0,0,,,,
C,19950,0.029654,0,0,0,,,,
C,19951,0.029643,0,0,0,,,,
C,19952,0.030875,0,0,0,,,,
C,19953,0.031243,0,0,0,,,,
C,19954,0.031260,0,0,0,,,,
C,19955,0.031169,0,0,0,,,,
C,19956,0.029160,0,0,0,,,,
C,19957,0.028473,0,0,0,,,,
C,19958,0.030555,0,0,0,,,,
C,19959,0.029206,0,0,0,,,,
C,19960,0.029566,0,0,0,,,,
C,19961,0.029745,0,0,0,,,,
C,19962,0.028835,0,0,0,,,,
C,19963,0.029527,0,0,0,,,,
C,19964,0.030127,0,0,0,,,,
C,19965,0.032167,0,0,0,,,,
C,19966,0.034925,0,0,0,,,,
C,19967,0.032913,0,0,0,,,,
C,19968,0.032363,0,0,0,,,,
C,19969,0.035901,0,0,0,,,,
C,19970,0.039474,0,0,0,,,,
C,19971,0.031885,0,0,0,,,,
C,19972,0.032415,0,0,0,,,,
C,19973,0.035269,0,0,0,,,,
C,19974,0.030878,0,0,0,,,,
C,19975,0.031787,0,0,0,,,,
C,19976,0.030765,0,0,0,,,,
C,19977,0.031433,0,0,0,,,,
C,19978,0.030852,0,0,0,,,,
C,19979,0.029945,0,0,0,,,,
C,19980,0.032063,0,0,0,,,,
C,19981,0.029538,0,0,0,,,,
C,19982,0.029162,0,0,0,,,,
C,19983,0.030418,0,0,0,,,,
C,19984,0.031648,0,0,0,,,,
C,19985,0.030760,0,0,0,,,,
C,19986,0.030526,0,0,0,,,,
C,19987,0.029177,0,0,0,,,,
C,19988,0.028096,0,0,0,,,,
C,19989,0.028113,0,0,0,,,,
C,19990,0.031424,0,0,0,,,,
C,19991,0.029290,0,0,0,,,,
C,19992,0.030238,0,0,0,,,,
C,19993,0.037156,0,0,0,,,,
C,19994,0.042375,0,0,0,,,,
C,19995,0.041440,0,0,0,,,,
C,19996,0.028187,0,0,0,,,,
C,19997,0.031657,0,0,0,,,,
C,19998,0.029556,0,0,0,,,,
C,19999,0.029477,0,0,0,,,,
C,20000,0.028978,0,0,0,210.8,1.219e-10,"{'checked': 26, 'zsx_rejected': 6, 'default_rejected': 0, 'closed_form_forced': 0, 'inexact': 9, 'exact_rebuilt': 0, 'best_effort': 0, 'best_effort_worst': 0.0, 'psf_rerouted': 0, 'psf_rerouted_worst_residual': 0.0}",945
