converter,family,tape,step,fp0,fp_equal,rt_infid,meaning_infid,n_ops
NEW,F1_int_wires,seed0,1,d9718e62937de449,1,1.2212453270876722e-15,9.992007221626409e-16,20
NEW,F1_int_wires,seed0,2,d9718e62937de449,1,1.2212453270876722e-15,9.992007221626409e-16,20
NEW,F1_int_wires,seed0,3,d9718e62937de449,1,1.2212453270876722e-15,9.992007221626409e-16,20
NEW,F1_int_wires,seed0,4,d9718e62937de449,1,1.2212453270876722e-15,9.992007221626409e-16,20
NEW,F1_int_wires,seed0,5,d9718e62937de449,1,1.2212453270876722e-15,9.992007221626409e-16,20
NEW,F1_int_wires,seed0,6,d9718e62937de449,1,1.2212453270876722e-15,9.992007221626409e-16,20
NEW,F1_int_wires,seed0,7,d9718e62937de449,1,1.2212453270876722e-15,9.992007221626409e-16,20
NEW,F1_int_wires,seed0,8,d9718e62937de449,1,1.2212453270876722e-15,9.992007221626409e-16,20
NEW,F1_int_wires,seed0,9,d9718e62937de449,1,1.2212453270876722e-15,9.992007221626409e-16,20
NEW,F1_int_wires,seed0,10,d9718e62937de449,1,1.2212453270876722e-15,9.992007221626409e-16,20
NEW,F1_int_wires,seed0,11,d9718e62937de449,1,1.2212453270876722e-15,9.992007221626409e-16,20
NEW,F1_int_wires,seed0,12,d9718e62937de449,1,1.2212453270876722e-15,9.992007221626409e-16,20
NEW,F1_int_wires,seed0,13,d9718e62937de449,1,1.2212453270876722e-15,9.992007221626409e-16,20
NEW,F1_int_wires,seed0,14,d9718e62937de449,1,1.2212453270876722e-15,9.992007221626409e-16,20
NEW,F1_int_wires,seed0,15,d9718e62937de449,1,1.2212453270876722e-15,9.992007221626409e-16,20
NEW,F1_int_wires,seed0,16,d9718e62937de449,1,1.2212453270876722e-15,9.992007221626409e-16,20
NEW,F1_int_wires,seed0,17,d9718e62937de449,1,1.2212453270876722e-15,9.992007221626409e-16,20
NEW,F1_int_wires,seed0,18,d9718e62937de449,1,1.2212453270876722e-15,9.992007221626409e-16,20
NEW,F1_int_wires,seed0,19,d9718e62937de449,1,1.2212453270876722e-15,9.992007221626409e-16,20
NEW,F1_int_wires,seed0,20,d9718e62937de449,1,1.2212453270876722e-15,9.992007221626409e-16,20
NEW,F1_int_wires,seed0,21,d9718e62937de449,1,1.2212453270876722e-15,9.992007221626409e-16,20
NEW,F1_int_wires,seed0,22,d9718e62937de449,1,1.2212453270876722e-15,9.992007221626409e-16,20
NEW,F1_int_wires,seed0,23,d9718e62937de449,1,1.2212453270876722e-15,9.992007221626409e-16,20
NEW,F1_int_wires,seed0,24,d9718e62937de449,1,1.2212453270876722e-15,9.992007221626409e-16,20
NEW,F1_int_wires,seed0,25,d9718e62937de449,1,1.2212453270876722e-15,9.992007221626409e-16,20
NEW,F1_int_wires,seed0,26,d9718e62937de449,1,1.2212453270876722e-15,9.992007221626409e-16,20
NEW,F1_int_wires,seed0,27,d9718e62937de449,1,1.2212453270876722e-15,9.992007221626409e-16,20
NEW,F1_int_wires,seed0,28,d9718e62937de449,1,1.2212453270876722e-15,9.992007221626409e-16,20
NEW,F1_int_wires,seed0,29,d9718e62937de449,1,1.2212453270876722e-15,9.992007221626409e-16,20
NEW,F1_int_wires,seed0,30,d9718e62937de449,1,1.2212453270876722e-15,9.992007221626409e-16,20
NEW,F1_int_wires,seed0,31,d9718e62937de449,1,1.2212453270876722e-15,9.992007221626409e-16,20
NEW,F1_int_wires,seed0,32,d9718e62937de449,1,1.2212453270876722e-15,9.992007221626409e-16,20
NEW,F1_int_wires,seed0,33,d9718e62937de449,1,1.2212453270876722e-15,9.992007221626409e-16,20
NEW,F1_int_wires,seed0,34,d9718e62937de449,1,1.2212453270876722e-15,9.992007221626409e-16,20
NEW,F1_int_wires,seed0,35,d9718e62937de449,1,1.2212453270876722e-15,9.992007221626409e-16,20
NEW,F1_int_wires,seed0,36,d9718e62937de449,1,1.2212453270876722e-15,9.992007221626409e-16,20
NEW,F1_int_wires,seed0,37,d9718e62937de449,1,1.2212453270876722e-15,9.992007221626409e-16,20
NEW,F1_int_wires,seed0,38,d9718e62937de449,1,1.2212453270876722e-15,9.992007221626409e-16,20
NEW,F1_int_wires,seed0,39,d9718e62937de449,1,1.2212453270876722e-15,9.992007221626409e-16,20
NEW,F1_int_wires,seed0,40,d9718e62937de449,1,1.2212453270876722e-15,9.992007221626409e-16,20
NEW,F1_int_wires,seed0,41,d9718e62937de449,1,1.2212453270876722e-15,9.992007221626409e-16,20
NEW,F1_int_wires,seed0,42,d9718e62937de449,1,1.2212453270876722e-15,9.992007221626409e-16,20
NEW,F1_int_wires,seed0,43,d9718e62937de449,1,1.2212453270876722e-15,9.992007221626409e-16,20
NEW,F1_int_wires,seed0,44,d9718e62937de449,1,1.2212453270876722e-15,9.992007221626409e-16,20
NEW,F1_int_wires,seed0,45,d9718e62937de449,1,1.2212453270876722e-15,9.992007221626409e-16,20
NEW,F1_int_wires,seed0,46,d9718e62937de449,1,1.2212453270876722e-15,9.992007221626409e-16,20
NEW,F1_int_wires,seed0,47,d9718e62937de449,1,1.2212453270876722e-15,9.992007221626409e-16,20
NEW,F1_int_wires,seed0,48,d9718e62937de449,1,1.2212453270876722e-15,9.992007221626409e-16,20
NEW,F1_int_wires,seed0,49,d9718e62937de449,1,1.2212453270876722e-15,9.992007221626409e-16,20
NEW,F1_int_wires,seed0,50,d9718e62937de449,1,1.2212453270876722e-15,9.992007221626409e-16,20
NEW,F1_int_wires,seed0,51,d9718e62937de449,1,1.2212453270876722e-15,9.992007221626409e-16,20
NEW,F1_int_wires,seed0,52,d9718e62937de449,1,1.2212453270876722e-15,9.992007221626409e-16,20
NEW,F1_int_wires,seed0,53,d9718e62937de449,1,1.2212453270876722e-15,9.992007221626409e-16,20
NEW,F1_int_wires,seed0,54,d9718e62937de449,1,1.2212453270876722e-15,9.992007221626409e-16,20
NEW,F1_int_wires,seed0,55,d9718e62937de449,1,1.2212453270876722e-15,9.992007221626409e-16,20
NEW,F1_int_wires,seed0,56,d9718e62937de449,1,1.2212453270876722e-15,9.992007221626409e-16,20
NEW,F1_int_wires,seed0,57,d9718e62937de449,1,1.2212453270876722e-15,9.992007221626409e-16,20
NEW,F1_int_wires,seed0,58,d9718e62937de449,1,1.2212453270876722e-15,9.992007221626409e-16,20
NEW,F1_int_wires,seed0,59,d9718e62937de449,1,1.2212453270876722e-15,9.992007221626409e-16,20
NEW,F1_int_wires,seed0,60,d9718e62937de449,1,1.2212453270876722e-15,9.992007221626409e-16,20
NEW,F1_int_wires,seed0,61,d9718e62937de449,1,1.2212453270876722e-15,9.992007221626409e-16,20
NEW,F1_int_wires,seed0,62,d9718e62937de449,1,1.2212453270876722e-15,9.992007221626409e-16,20
NEW,F1_int_wires,seed0,63,d9718e62937de449,1,1.2212453270876722e-15,9.992007221626409e-16,20
NEW,F1_int_wires,seed0,64,d9718e62937de449,1,1.2212453270876722e-15,9.992007221626409e-16,20
NEW,F1_int_wires,seed0,65,d9718e62937de449,1,1.2212453270876722e-15,9.992007221626409e-16,20
NEW,F1_int_wires,seed0,66,d9718e62937de449,1,1.2212453270876722e-15,9.992007221626409e-16,20
NEW,F1_int_wires,seed0,67,d9718e62937de449,1,1.2212453270876722e-15,9.992007221626409e-16,20
NEW,F1_int_wires,seed0,68,d9718e62937de449,1,1.2212453270876722e-15,9.992007221626409e-16,20
NEW,F1_int_wires,seed0,69,d9718e62937de449,1,1.2212453270876722e-15,9.992007221626409e-16,20
NEW,F1_int_wires,seed0,70,d9718e62937de449,1,1.2212453270876722e-15,9.992007221626409e-16,20
NEW,F1_int_wires,seed0,71,d9718e62937de449,1,1.2212453270876722e-15,9.992007221626409e-16,20
NEW,F1_int_wires,seed0,72,d9718e62937de449,1,1.2212453270876722e-15,9.992007221626409e-16,20
NEW,F1_int_wires,seed0,73,d9718e62937de449,1,1.2212453270876722e-15,9.992007221626409e-16,20
NEW,F1_int_wires,seed0,74,d9718e62937de449,1,1.2212453270876722e-15,9.992007221626409e-16,20
NEW,F1_int_wires,seed0,75,d9718e62937de449,1,1.2212453270876722e-15,9.992007221626409e-16,20
NEW,F1_int_wires,seed0,76,d9718e62937de449,1,1.2212453270876722e-15,9.992007221626409e-16,20
NEW,F1_int_wires,seed0,77,d9718e62937de449,1,1.2212453270876722e-15,9.992007221626409e-16,20
NEW,F1_int_wires,seed0,78,d9718e62937de449,1,1.2212453270876722e-15,9.992007221626409e-16,20
NEW,F1_int_wires,seed0,79,d9718e62937de449,1,1.2212453270876722e-15,9.992007221626409e-16,20
NEW,F1_int_wires,seed0,80,d9718e62937de449,1,1.2212453270876722e-15,9.992007221626409e-16,20
NEW,F1_int_wires,seed0,81,d9718e62937de449,1,1.2212453270876722e-15,9.992007221626409e-16,20
NEW,F1_int_wires,seed0,82,d9718e62937de449,1,1.2212453270876722e-15,9.992007221626409e-16,20
NEW,F1_int_wires,seed0,83,d9718e62937de449,1,1.2212453270876722e-15,9.992007221626409e-16,20
NEW,F1_int_wires,seed0,84,d9718e62937de449,1,1.2212453270876722e-15,9.992007221626409e-16,20
NEW,F1_int_wires,seed0,85,d9718e62937de449,1,1.2212453270876722e-15,9.992007221626409e-16,20
NEW,F1_int_wires,seed0,86,d9718e62937de449,1,1.2212453270876722e-15,9.992007221626409e-16,20
NEW,F1_int_wires,seed0,87,d9718e62937de449,1,1.2212453270876722e-15,9.992007221626409e-16,20
NEW,F1_int_wires,seed0,88,d9718e62937de449,1,1.2212453270876722e-15,9.992007221626409e-16,20
NEW,F1_int_wires,seed0,89,d9718e62937de449,1,1.2212453270876722e-15,9.992007221626409e-16,20
NEW,F1_int_wires,seed0,90,d9718e62937de449,1,1.2212453270876722e-15,9.992007221626409e-16,20
NEW,F1_int_wires,seed0,91,d9718e62937de449,1,1.2212453270876722e-15,9.992007221626409e-16,20
NEW,F1_int_wires,seed0,92,d9718e62937de449,1,1.2212453270876722e-15,9.992007221626409e-16,20
NEW,F1_int_wires,seed0,93,d9718e62937de449,1,1.2212453270876722e-15,9.992007221626409e-16,20
NEW,F1_int_wires,seed0,94,d9718e62937de449,1,1.2212453270876722e-15,9.992007221626409e-16,20
NEW,F1_int_wires,seed0,95,d9718e62937de449,1,1.2212453270876722e-15,9.992007221626409e-16,20
NEW,F1_int_wires,seed0,96,d9718e62937de449,1,1.2212453270876722e-15,9.992007221626409e-16,20
NEW,F1_int_wires,seed0,97,d9718e62937de449,1,1.2212453270876722e-15,9.992007221626409e-16,20
NEW,F1_int_wires,seed0,98,d9718e62937de449,1,1.2212453270876722e-15,9.992007221626409e-16,20
NEW,F1_int_wires,seed0,99,d9718e62937de449,1,1.2212453270876722e-15,9.992007221626409e-16,20
NEW,F1_int_wires,seed0,100,d9718e62937de449,1,1.2212453270876722e-15,9.992007221626409e-16,20
OLD,F1_int_wires,seed0,1,d9718e62937de449,1,1.2212453270876722e-15,0.9364286132764482,20
OLD,F1_int_wires,seed0,2,d9718e62937de449,1,1.2212453270876722e-15,0.9364286132764482,20
OLD,F1_int_wires,seed0,3,d9718e62937de449,1,1.2212453270876722e-15,0.9364286132764482,20
OLD,F1_int_wires,seed0,4,d9718e62937de449,1,1.2212453270876722e-15,0.9364286132764482,20
OLD,F1_int_wires,seed0,5,d9718e62937de449,1,1.2212453270876722e-15,0.9364286132764482,20
OLD,F1_int_wires,seed0,6,d9718e62937de449,1,1.2212453270876722e-15,0.9364286132764482,20
OLD,F1_int_wires,seed0,7,d9718e62937de449,1,1.2212453270876722e-15,0.9364286132764482,20
OLD,F1_int_wires,seed0,8,d9718e62937de449,1,1.2212453270876722e-15,0.9364286132764482,20
OLD,F1_int_wires,seed0,9,d9718e62937de449,1,1.2212453270876722e-15,0.9364286132764482,20
OLD,F1_int_wires,seed0,10,d9718e62937de449,1,1.2212453270876722e-15,0.9364286132764482,20
OLD,F1_int_wires,seed0,11,d9718e62937de449,1,1.2212453270876722e-15,0.9364286132764482,20
OLD,F1_int_wires,seed0,12,d9718e62937de449,1,1.2212453270876722e-15,0.9364286132764482,20
OLD,F1_int_wires,seed0,13,d9718e62937de449,1,1.2212453270876722e-15,0.9364286132764482,20
OLD,F1_int_wires,seed0,14,d9718e62937de449,1,1.2212453270876722e-15,0.9364286132764482,20
OLD,F1_int_wires,seed0,15,d9718e62937de449,1,1.2212453270876722e-15,0.9364286132764482,20
OLD,F1_int_wires,seed0,16,d9718e62937de449,1,1.2212453270876722e-15,0.9364286132764482,20
OLD,F1_int_wires,seed0,17,d9718e62937de449,1,1.2212453270876722e-15,0.9364286132764482,20
OLD,F1_int_wires,seed0,18,d9718e62937de449,1,1.2212453270876722e-15,0.9364286132764482,20
OLD,F1_int_wires,seed0,19,d9718e62937de449,1,1.2212453270876722e-15,0.9364286132764482,20
OLD,F1_int_wires,seed0,20,d9718e62937de449,1,1.2212453270876722e-15,0.9364286132764482,20
OLD,F1_int_wires,seed0,21,d9718e62937de449,1,1.2212453270876722e-15,0.9364286132764482,20
OLD,F1_int_wires,seed0,22,d9718e62937de449,1,1.2212453270876722e-15,0.9364286132764482,20
OLD,F1_int_wires,seed0,23,d9718e62937de449,1,1.2212453270876722e-15,0.9364286132764482,20
OLD,F1_int_wires,seed0,24,d9718e62937de449,1,1.2212453270876722e-15,0.9364286132764482,20
OLD,F1_int_wires,seed0,25,d9718e62937de449,1,1.2212453270876722e-15,0.9364286132764482,20
OLD,F1_int_wires,seed0,26,d9718e62937de449,1,1.2212453270876722e-15,0.9364286132764482,20
OLD,F1_int_wires,seed0,27,d9718e62937de449,1,1.2212453270876722e-15,0.9364286132764482,20
OLD,F1_int_wires,seed0,28,d9718e62937de449,1,1.2212453270876722e-15,0.9364286132764482,20
OLD,F1_int_wires,seed0,29,d9718e62937de449,1,1.2212453270876722e-15,0.9364286132764482,20
OLD,F1_int_wires,seed0,30,d9718e62937de449,1,1.2212453270876722e-15,0.9364286132764482,20
OLD,F1_int_wires,seed0,31,d9718e62937de449,1,1.2212453270876722e-15,0.9364286132764482,20
OLD,F1_int_wires,seed0,32,d9718e62937de449,1,1.2212453270876722e-15,0.9364286132764482,20
OLD,F1_int_wires,seed0,33,d9718e62937de449,1,1.2212453270876722e-15,0.9364286132764482,20
OLD,F1_int_wires,seed0,34,d9718e62937de449,1,1.2212453270876722e-15,0.9364286132764482,20
OLD,F1_int_wires,seed0,35,d9718e62937de449,1,1.2212453270876722e-15,0.9364286132764482,20
OLD,F1_int_wires,seed0,36,d9718e62937de449,1,1.2212453270876722e-15,0.9364286132764482,20
OLD,F1_int_wires,seed0,37,d9718e62937de449,1,1.2212453270876722e-15,0.9364286132764482,20
OLD,F1_int_wires,seed0,38,d9718e62937de449,1,1.2212453270876722e-15,0.9364286132764482,20
OLD,F1_int_wires,seed0,39,d9718e62937de449,1,1.2212453270876722e-15,0.9364286132764482,20
OLD,F1_int_wires,seed0,40,d9718e62937de449,1,1.2212453270876722e-15,0.9364286132764482,20
OLD,F1_int_wires,seed0,41,d9718e62937de449,1,1.2212453270876722e-15,0.9364286132764482,20
OLD,F1_int_wires,seed0,42,d9718e62937de449,1,1.2212453270876722e-15,0.9364286132764482,20
OLD,F1_int_wires,seed0,43,d9718e62937de449,1,1.2212453270876722e-15,0.9364286132764482,20
OLD,F1_int_wires,seed0,44,d9718e62937de449,1,1.2212453270876722e-15,0.9364286132764482,20
OLD,F1_int_wires,seed0,45,d9718e62937de449,1,1.2212453270876722e-15,0.9364286132764482,20
OLD,F1_int_wires,seed0,46,d9718e62937de449,1,1.2212453270876722e-15,0.9364286132764482,20
OLD,F1_int_wires,seed0,47,d9718e62937de449,1,1.2212453270876722e-15,0.9364286132764482,20
OLD,F1_int_wires,seed0,48,d9718e62937de449,1,1.2212453270876722e-15,0.9364286132764482,20
OLD,F1_int_wires,seed0,49,d9718e62937de449,1,1.2212453270876722e-15,0.9364286132764482,20
OLD,F1_int_wires,seed0,50,d9718e62937de449,1,1.2212453270876722e-15,0.9364286132764482,20
OLD,F1_int_wires,seed0,51,d9718e62937de449,1,1.2212453270876722e-15,0.9364286132764482,20
OLD,F1_int_wires,seed0,52,d9718e62937de449,1,1.2212453270876722e-15,0.9364286132764482,20
OLD,F1_int_wires,seed0,53,d9718e62937de449,1,1.2212453270876722e-15,0.9364286132764482,20
OLD,F1_int_wires,seed0,54,d9718e62937de449,1,1.2212453270876722e-15,0.9364286132764482,20
OLD,F1_int_wires,seed0,55,d9718e62937de449,1,1.2212453270876722e-15,0.9364286132764482,20
OLD,F1_int_wires,seed0,56,d9718e62937de449,1,1.2212453270876722e-15,0.9364286132764482,20
OLD,F1_int_wires,seed0,57,d9718e62937de449,1,1.2212453270876722e-15,0.9364286132764482,20
OLD,F1_int_wires,seed0,58,d9718e62937de449,1,1.2212453270876722e-15,0.9364286132764482,20
OLD,F1_int_wires,seed0,59,d9718e62937de449,1,1.2212453270876722e-15,0.9364286132764482,20
OLD,F1_int_wires,seed0,60,d9718e62937de449,1,1.2212453270876722e-15,0.9364286132764482,20
OLD,F1_int_wires,seed0,61,d9718e62937de449,1,1.2212453270876722e-15,0.9364286132764482,20
OLD,F1_int_wires,seed0,62,d9718e62937de449,1,1.2212453270876722e-15,0.9364286132764482,20
OLD,F1_int_wires,seed0,63,d9718e62937de449,1,1.2212453270876722e-15,0.9364286132764482,20
OLD,F1_int_wires,seed0,64,d9718e62937de449,1,1.2212453270876722e-15,0.9364286132764482,20
OLD,F1_int_wires,seed0,65,d9718e62937de449,1,1.2212453270876722e-15,0.9364286132764482,20
OLD,F1_int_wires,seed0,66,d9718e62937de449,1,1.2212453270876722e-15,0.9364286132764482,20
OLD,F1_int_wires,seed0,67,d9718e62937de449,1,1.2212453270876722e-15,0.9364286132764482,20
OLD,F1_int_wires,seed0,68,d9718e62937de449,1,1.2212453270876722e-15,0.9364286132764482,20
OLD,F1_int_wires,seed0,69,d9718e62937de449,1,1.2212453270876722e-15,0.9364286132764482,20
OLD,F1_int_wires,seed0,70,d9718e62937de449,1,1.2212453270876722e-15,0.9364286132764482,20
OLD,F1_int_wires,seed0,71,d9718e62937de449,1,1.2212453270876722e-15,0.9364286132764482,20
OLD,F1_int_wires,seed0,72,d9718e62937de449,1,1.2212453270876722e-15,0.9364286132764482,20
OLD,F1_int_wires,seed0,73,d9718e62937de449,1,1.2212453270876722e-15,0.9364286132764482,20
OLD,F1_int_wires,seed0,74,d9718e62937de449,1,1.2212453270876722e-15,0.9364286132764482,20
OLD,F1_int_wires,seed0,75,d9718e62937de449,1,1.2212453270876722e-15,0.9364286132764482,20
OLD,F1_int_wires,seed0,76,d9718e62937de449,1,1.2212453270876722e-15,0.9364286132764482,20
OLD,F1_int_wires,seed0,77,d9718e62937de449,1,1.2212453270876722e-15,0.9364286132764482,20
OLD,F1_int_wires,seed0,78,d9718e62937de449,1,1.2212453270876722e-15,0.9364286132764482,20
OLD,F1_int_wires,seed0,79,d9718e62937de449,1,1.2212453270876722e-15,0.9364286132764482,20
OLD,F1_int_wires,seed0,80,d9718e62937de449,1,1.2212453270876722e-15,0.9364286132764482,20
OLD,F1_int_wires,seed0,81,d9718e62937de449,1,1.2212453270876722e-15,0.9364286132764482,20
OLD,F1_int_wires,seed0,82,d9718e62937de449,1,1.2212453270876722e-15,0.9364286132764482,20
OLD,F1_int_wires,seed0,83,d9718e62937de449,1,1.2212453270876722e-15,0.9364286132764482,20
OLD,F1_int_wires,seed0,84,d9718e62937de449,1,1.2212453270876722e-15,0.9364286132764482,20
OLD,F1_int_wires,seed0,85,d9718e62937de449,1,1.2212453270876722e-15,0.9364286132764482,20
OLD,F1_int_wires,seed0,86,d9718e62937de449,1,1.2212453270876722e-15,0.9364286132764482,20
OLD,F1_int_wires,seed0,87,d9718e62937de449,1,1.2212453270876722e-15,0.9364286132764482,20
OLD,F1_int_wires,seed0,88,d9718e62937de449,1,1.2212453270876722e-15,0.9364286132764482,20
OLD,F1_int_wires,seed0,89,d9718e62937de449,1,1.2212453270876722e-15,0.9364286132764482,20
OLD,F1_int_wires,seed0,90,d9718e62937de449,1,1.2212453270876722e-15,0.9364286132764482,20
OLD,F1_int_wires,seed0,91,d9718e62937de449,1,1.2212453270876722e-15,0.9364286132764482,20
OLD,F1_int_wires,seed0,92,d9718e62937de449,1,1.2212453270876722e-15,0.9364286132764482,20
OLD,F1_int_wires,seed0,93,d9718e62937de449,1,1.2212453270876722e-15,0.9364286132764482,20
OLD,F1_int_wires,seed0,94,d9718e62937de449,1,1.2212453270876722e-15,0.9364286132764482,20
OLD,F1_int_wires,seed0,95,d9718e62937de449,1,1.2212453270876722e-15,0.9364286132764482,20
OLD,F1_int_wires,seed0,96,d9718e62937de449,1,1.2212453270876722e-15,0.9364286132764482,20
OLD,F1_int_wires,seed0,97,d9718e62937de449,1,1.2212453270876722e-15,0.9364286132764482,20
OLD,F1_int_wires,seed0,98,d9718e62937de449,1,1.2212453270876722e-15,0.9364286132764482,20
OLD,F1_int_wires,seed0,99,d9718e62937de449,1,1.2212453270876722e-15,0.9364286132764482,20
OLD,F1_int_wires,seed0,100,d9718e62937de449,1,1.2212453270876722e-15,0.9364286132764482,20
NEW,F1_int_wires,seed1,1,13eacba871e8681d,1,2.1094237467877974e-15,2.3314683517128287e-15,20
NEW,F1_int_wires,seed1,2,13eacba871e8681d,1,2.1094237467877974e-15,2.3314683517128287e-15,20
NEW,F1_int_wires,seed1,3,13eacba871e8681d,1,2.1094237467877974e-15,2.3314683517128287e-15,20
NEW,F1_int_wires,seed1,4,13eacba871e8681d,1,2.1094237467877974e-15,2.3314683517128287e-15,20
NEW,F1_int_wires,seed1,5,13eacba871e8681d,1,2.1094237467877974e-15,2.3314683517128287e-15,20
NEW,F1_int_wires,seed1,6,13eacba871e8681d,1,2.1094237467877974e-15,2.3314683517128287e-15,20
NEW,F1_int_wires,seed1,7,13eacba871e8681d,1,2.1094237467877974e-15,2.3314683517128287e-15,20
NEW,F1_int_wires,seed1,8,13eacba871e8681d,1,2.1094237467877974e-15,2.3314683517128287e-15,20
NEW,F1_int_wires,seed1,9,13eacba871e8681d,1,2.1094237467877974e-15,2.3314683517128287e-15,20
NEW,F1_int_wires,seed1,10,13eacba871e8681d,1,2.1094237467877974e-15,2.3314683517128287e-15,20
NEW,F1_int_wires,seed1,11,13eacba871e8681d,1,2.1094237467877974e-15,2.3314683517128287e-15,20
NEW,F1_int_wires,seed1,12,13eacba871e8681d,1,2.1094237467877974e-15,2.3314683517128287e-15,20
NEW,F1_int_wires,seed1,13,13eacba871e8681d,1,2.1094237467877974e-15,2.3314683517128287e-15,20
NEW,F1_int_wires,seed1,14,13eacba871e8681d,1,2.1094237467877974e-15,2.3314683517128287e-15,20
NEW,F1_int_wires,seed1,15,13eacba871e8681d,1,2.1094237467877974e-15,2.3314683517128287e-15,20
NEW,F1_int_wires,seed1,16,13eacba871e8681d,1,2.1094237467877974e-15,2.3314683517128287e-15,20
NEW,F1_int_wires,seed1,17,13eacba871e8681d,1,2.1094237467877974e-15,2.3314683517128287e-15,20
NEW,F1_int_wires,seed1,18,13eacba871e8681d,1,2.1094237467877974e-15,2.3314683517128287e-15,20
NEW,F1_int_wires,seed1,19,13eacba871e8681d,1,2.1094237467877974e-15,2.3314683517128287e-15,20
NEW,F1_int_wires,seed1,20,13eacba871e8681d,1,2.1094237467877974e-15,2.3314683517128287e-15,20
NEW,F1_int_wires,seed1,21,13eacba871e8681d,1,2.1094237467877974e-15,2.3314683517128287e-15,20
NEW,F1_int_wires,seed1,22,13eacba871e8681d,1,2.1094237467877974e-15,2.3314683517128287e-15,20
NEW,F1_int_wires,seed1,23,13eacba871e8681d,1,2.1094237467877974e-15,2.3314683517128287e-15,20
NEW,F1_int_wires,seed1,24,13eacba871e8681d,1,2.1094237467877974e-15,2.3314683517128287e-15,20
NEW,F1_int_wires,seed1,25,13eacba871e8681d,1,2.1094237467877974e-15,2.3314683517128287e-15,20
NEW,F1_int_wires,seed1,26,13eacba871e8681d,1,2.1094237467877974e-15,2.3314683517128287e-15,20
NEW,F1_int_wires,seed1,27,13eacba871e8681d,1,2.1094237467877974e-15,2.3314683517128287e-15,20
NEW,F1_int_wires,seed1,28,13eacba871e8681d,1,2.1094237467877974e-15,2.3314683517128287e-15,20
NEW,F1_int_wires,seed1,29,13eacba871e8681d,1,2.1094237467877974e-15,2.3314683517128287e-15,20
NEW,F1_int_wires,seed1,30,13eacba871e8681d,1,2.1094237467877974e-15,2.3314683517128287e-15,20
NEW,F1_int_wires,seed1,31,13eacba871e8681d,1,2.1094237467877974e-15,2.3314683517128287e-15,20
NEW,F1_int_wires,seed1,32,13eacba871e8681d,1,2.1094237467877974e-15,2.3314683517128287e-15,20
NEW,F1_int_wires,seed1,33,13eacba871e8681d,1,2.1094237467877974e-15,2.3314683517128287e-15,20
NEW,F1_int_wires,seed1,34,13eacba871e8681d,1,2.1094237467877974e-15,2.3314683517128287e-15,20
NEW,F1_int_wires,seed1,35,13eacba871e8681d,1,2.1094237467877974e-15,2.3314683517128287e-15,20
NEW,F1_int_wires,seed1,36,13eacba871e8681d,1,2.1094237467877974e-15,2.3314683517128287e-15,20
NEW,F1_int_wires,seed1,37,13eacba871e8681d,1,2.1094237467877974e-15,2.3314683517128287e-15,20
NEW,F1_int_wires,seed1,38,13eacba871e8681d,1,2.1094237467877974e-15,2.3314683517128287e-15,20
NEW,F1_int_wires,seed1,39,13eacba871e8681d,1,2.1094237467877974e-15,2.3314683517128287e-15,20
NEW,F1_int_wires,seed1,40,13eacba871e8681d,1,2.1094237467877974e-15,2.3314683517128287e-15,20
NEW,F1_int_wires,seed1,41,13eacba871e8681d,1,2.1094237467877974e-15,2.3314683517128287e-15,20
NEW,F1_int_wires,seed1,42,13eacba871e8681d,1,2.1094237467877974e-15,2.3314683517128287e-15,20
NEW,F1_int_wires,seed1,43,13eacba871e8681d,1,2.1094237467877974e-15,2.3314683517128287e-15,20
NEW,F1_int_wires,seed1,44,13eacba871e8681d,1,2.1094237467877974e-15,2.3314683517128287e-15,20
NEW,F1_int_wires,seed1,45,13eacba871e8681d,1,2.1094237467877974e-15,2.3314683517128287e-15,20
NEW,F1_int_wires,seed1,46,13eacba871e8681d,1,2.1094237467877974e-15,2.3314683517128287e-15,20
NEW,F1_int_wires,seed1,47,13eacba871e8681d,1,2.1094237467877974e-15,2.3314683517128287e-15,20
NEW,F1_int_wires,seed1,48,13eacba871e8681d,1,2.1094237467877974e-15,2.3314683517128287e-15,20
NEW,F1_int_wires,seed1,49,13eacba871e8681d,1,2.1094237467877974e-15,2.3314683517128287e-15,20
NEW,F1_int_wires,seed1,50,13eacba871e8681d,1,2.1094237467877974e-15,2.3314683517128287e-15,20
NEW,F1_int_wires,seed1,51,13eacba871e8681d,1,2.1094237467877974e-15,2.3314683517128287e-15,20
NEW,F1_int_wires,seed1,52,13eacba871e8681d,1,2.1094237467877974e-15,2.3314683517128287e-15,20
NEW,F1_int_wires,seed1,53,13eacba871e8681d,1,2.1094237467877974e-15,2.3314683517128287e-15,20
NEW,F1_int_wires,seed1,54,13eacba871e8681d,1,2.1094237467877974e-15,2.3314683517128287e-15,20
NEW,F1_int_wires,seed1,55,13eacba871e8681d,1,2.1094237467877974e-15,2.3314683517128287e-15,20
NEW,F1_int_wires,seed1,56,13eacba871e8681d,1,2.1094237467877974e-15,2.3314683517128287e-15,20
NEW,F1_int_wires,seed1,57,13eacba871e8681d,1,2.1094237467877974e-15,2.3314683517128287e-15,20
NEW,F1_int_wires,seed1,58,13eacba871e8681d,1,2.1094237467877974e-15,2.3314683517128287e-15,20
NEW,F1_int_wires,seed1,59,13eacba871e8681d,1,2.1094237467877974e-15,2.3314683517128287e-15,20
NEW,F1_int_wires,seed1,60,13eacba871e8681d,1,2.1094237467877974e-15,2.3314683517128287e-15,20
NEW,F1_int_wires,seed1,61,13eacba871e8681d,1,2.1094237467877974e-15,2.3314683517128287e-15,20
NEW,F1_int_wires,seed1,62,13eacba871e8681d,1,2.1094237467877974e-15,2.3314683517128287e-15,20
NEW,F1_int_wires,seed1,63,13eacba871e8681d,1,2.1094237467877974e-15,2.3314683517128287e-15,20
NEW,F1_int_wires,seed1,64,13eacba871e8681d,1,2.1094237467877974e-15,2.3314683517128287e-15,20
NEW,F1_int_wires,seed1,65,13eacba871e8681d,1,2.1094237467877974e-15,2.3314683517128287e-15,20
NEW,F1_int_wires,seed1,66,13eacba871e8681d,1,2.1094237467877974e-15,2.3314683517128287e-15,20
NEW,F1_int_wires,seed1,67,13eacba871e8681d,1,2.1094237467877974e-15,2.3314683517128287e-15,20
NEW,F1_int_wires,seed1,68,13eacba871e8681d,1,2.1094237467877974e-15,2.3314683517128287e-15,20
NEW,F1_int_wires,seed1,69,13eacba871e8681d,1,2.1094237467877974e-15,2.3314683517128287e-15,20
NEW,F1_int_wires,seed1,70,13eacba871e8681d,1,2.1094237467877974e-15,2.3314683517128287e-15,20
NEW,F1_int_wires,seed1,71,13eacba871e8681d,1,2.1094237467877974e-15,2.3314683517128287e-15,20
NEW,F1_int_wires,seed1,72,13eacba871e8681d,1,2.1094237467877974e-15,2.3314683517128287e-15,20
NEW,F1_int_wires,seed1,73,13eacba871e8681d,1,2.1094237467877974e-15,2.3314683517128287e-15,20
NEW,F1_int_wires,seed1,74,13eacba871e8681d,1,2.1094237467877974e-15,2.3314683517128287e-15,20
NEW,F1_int_wires,seed1,75,13eacba871e8681d,1,2.1094237467877974e-15,2.3314683517128287e-15,20
NEW,F1_int_wires,seed1,76,13eacba871e8681d,1,2.1094237467877974e-15,2.3314683517128287e-15,20
NEW,F1_int_wires,seed1,77,13eacba871e8681d,1,2.1094237467877974e-15,2.3314683517128287e-15,20
NEW,F1_int_wires,seed1,78,13eacba871e8681d,1,2.1094237467877974e-15,2.3314683517128287e-15,20
NEW,F1_int_wires,seed1,79,13eacba871e8681d,1,2.1094237467877974e-15,2.3314683517128287e-15,20
NEW,F1_int_wires,seed1,80,13eacba871e8681d,1,2.1094237467877974e-15,2.3314683517128287e-15,20
NEW,F1_int_wires,seed1,81,13eacba871e8681d,1,2.1094237467877974e-15,2.3314683517128287e-15,20
NEW,F1_int_wires,seed1,82,13eacba871e8681d,1,2.1094237467877974e-15,2.3314683517128287e-15,20
NEW,F1_int_wires,seed1,83,13eacba871e8681d,1,2.1094237467877974e-15,2.3314683517128287e-15,20
NEW,F1_int_wires,seed1,84,13eacba871e8681d,1,2.1094237467877974e-15,2.3314683517128287e-15,20
NEW,F1_int_wires,seed1,85,13eacba871e8681d,1,2.1094237467877974e-15,2.3314683517128287e-15,20
NEW,F1_int_wires,seed1,86,13eacba871e8681d,1,2.1094237467877974e-15,2.3314683517128287e-15,20
NEW,F1_int_wires,seed1,87,13eacba871e8681d,1,2.1094237467877974e-15,2.3314683517128287e-15,20
NEW,F1_int_wires,seed1,88,13eacba871e8681d,1,2.1094237467877974e-15,2.3314683517128287e-15,20
NEW,F1_int_wires,seed1,89,13eacba871e8681d,1,2.1094237467877974e-15,2.3314683517128287e-15,20
NEW,F1_int_wires,seed1,90,13eacba871e8681d,1,2.1094237467877974e-15,2.3314683517128287e-15,20
NEW,F1_int_wires,seed1,91,13eacba871e8681d,1,2.1094237467877974e-15,2.3314683517128287e-15,20
NEW,F1_int_wires,seed1,92,13eacba871e8681d,1,2.1094237467877974e-15,2.3314683517128287e-15,20
NEW,F1_int_wires,seed1,93,13eacba871e8681d,1,2.1094237467877974e-15,2.3314683517128287e-15,20
NEW,F1_int_wires,seed1,94,13eacba871e8681d,1,2.1094237467877974e-15,2.3314683517128287e-15,20
NEW,F1_int_wires,seed1,95,13eacba871e8681d,1,2.1094237467877974e-15,2.3314683517128287e-15,20
NEW,F1_int_wires,seed1,96,13eacba871e8681d,1,2.1094237467877974e-15,2.3314683517128287e-15,20
NEW,F1_int_wires,seed1,97,13eacba871e8681d,1,2.1094237467877974e-15,2.3314683517128287e-15,20
NEW,F1_int_wires,seed1,98,13eacba871e8681d,1,2.1094237467877974e-15,2.3314683517128287e-15,20
NEW,F1_int_wires,seed1,99,13eacba871e8681d,1,2.1094237467877974e-15,2.3314683517128287e-15,20
NEW,F1_int_wires,seed1,100,13eacba871e8681d,1,2.1094237467877974e-15,2.3314683517128287e-15,20
OLD,F1_int_wires,seed1,1,13eacba871e8681d,1,2.1094237467877974e-15,0.9408902773489826,20
OLD,F1_int_wires,seed1,2,13eacba871e8681d,1,2.1094237467877974e-15,0.9408902773489826,20
OLD,F1_int_wires,seed1,3,13eacba871e8681d,1,2.1094237467877974e-15,0.9408902773489826,20
OLD,F1_int_wires,seed1,4,13eacba871e8681d,1,2.1094237467877974e-15,0.9408902773489826,20
OLD,F1_int_wires,seed1,5,13eacba871e8681d,1,2.1094237467877974e-15,0.9408902773489826,20
OLD,F1_int_wires,seed1,6,13eacba871e8681d,1,2.1094237467877974e-15,0.9408902773489826,20
OLD,F1_int_wires,seed1,7,13eacba871e8681d,1,2.1094237467877974e-15,0.9408902773489826,20
OLD,F1_int_wires,seed1,8,13eacba871e8681d,1,2.1094237467877974e-15,0.9408902773489826,20
OLD,F1_int_wires,seed1,9,13eacba871e8681d,1,2.1094237467877974e-15,0.9408902773489826,20
OLD,F1_int_wires,seed1,10,13eacba871e8681d,1,2.1094237467877974e-15,0.9408902773489826,20
OLD,F1_int_wires,seed1,11,13eacba871e8681d,1,2.1094237467877974e-15,0.9408902773489826,20
OLD,F1_int_wires,seed1,12,13eacba871e8681d,1,2.1094237467877974e-15,0.9408902773489826,20
OLD,F1_int_wires,seed1,13,13eacba871e8681d,1,2.1094237467877974e-15,0.9408902773489826,20
OLD,F1_int_wires,seed1,14,13eacba871e8681d,1,2.1094237467877974e-15,0.9408902773489826,20
OLD,F1_int_wires,seed1,15,13eacba871e8681d,1,2.1094237467877974e-15,0.9408902773489826,20
OLD,F1_int_wires,seed1,16,13eacba871e8681d,1,2.1094237467877974e-15,0.9408902773489826,20
OLD,F1_int_wires,seed1,17,13eacba871e8681d,1,2.1094237467877974e-15,0.9408902773489826,20
OLD,F1_int_wires,seed1,18,13eacba871e8681d,1,2.1094237467877974e-15,0.9408902773489826,20
OLD,F1_int_wires,seed1,19,13eacba871e8681d,1,2.1094237467877974e-15,0.9408902773489826,20
OLD,F1_int_wires,seed1,20,13eacba871e8681d,1,2.1094237467877974e-15,0.9408902773489826,20
OLD,F1_int_wires,seed1,21,13eacba871e8681d,1,2.1094237467877974e-15,0.9408902773489826,20
OLD,F1_int_wires,seed1,22,13eacba871e8681d,1,2.1094237467877974e-15,0.9408902773489826,20
OLD,F1_int_wires,seed1,23,13eacba871e8681d,1,2.1094237467877974e-15,0.9408902773489826,20
OLD,F1_int_wires,seed1,24,13eacba871e8681d,1,2.1094237467877974e-15,0.9408902773489826,20
OLD,F1_int_wires,seed1,25,13eacba871e8681d,1,2.1094237467877974e-15,0.9408902773489826,20
OLD,F1_int_wires,seed1,26,13eacba871e8681d,1,2.1094237467877974e-15,0.9408902773489826,20
OLD,F1_int_wires,seed1,27,13eacba871e8681d,1,2.1094237467877974e-15,0.9408902773489826,20
OLD,F1_int_wires,seed1,28,13eacba871e8681d,1,2.1094237467877974e-15,0.9408902773489826,20
OLD,F1_int_wires,seed1,29,13eacba871e8681d,1,2.1094237467877974e-15,0.9408902773489826,20
OLD,F1_int_wires,seed1,30,13eacba871e8681d,1,2.1094237467877974e-15,0.9408902773489826,20
OLD,F1_int_wires,seed1,31,13eacba871e8681d,1,2.1094237467877974e-15,0.9408902773489826,20
OLD,F1_int_wires,seed1,32,13eacba871e8681d,1,2.1094237467877974e-15,0.9408902773489826,20
OLD,F1_int_wires,seed1,33,13eacba871e8681d,1,2.1094237467877974e-15,0.9408902773489826,20
OLD,F1_int_wires,seed1,34,13eacba871e8681d,1,2.1094237467877974e-15,0.9408902773489826,20
OLD,F1_int_wires,seed1,35,13eacba871e8681d,1,2.1094237467877974e-15,0.9408902773489826,20
OLD,F1_int_wires,seed1,36,13eacba871e8681d,1,2.1094237467877974e-15,0.9408902773489826,20
OLD,F1_int_wires,seed1,37,13eacba871e8681d,1,2.1094237467877974e-15,0.9408902773489826,20
OLD,F1_int_wires,seed1,38,13eacba871e8681d,1,2.1094237467877974e-15,0.9408902773489826,20
OLD,F1_int_wires,seed1,39,13eacba871e8681d,1,2.1094237467877974e-15,0.9408902773489826,20
OLD,F1_int_wires,seed1,40,13eacba871e8681d,1,2.1094237467877974e-15,0.9408902773489826,20
OLD,F1_int_wires,seed1,41,13eacba871e8681d,1,2.1094237467877974e-15,0.9408902773489826,20
OLD,F1_int_wires,seed1,42,13eacba871e8681d,1,2.1094237467877974e-15,0.9408902773489826,20
OLD,F1_int_wires,seed1,43,13eacba871e8681d,1,2.1094237467877974e-15,0.9408902773489826,20
OLD,F1_int_wires,seed1,44,13eacba871e8681d,1,2.1094237467877974e-15,0.9408902773489826,20
OLD,F1_int_wires,seed1,45,13eacba871e8681d,1,2.1094237467877974e-15,0.9408902773489826,20
OLD,F1_int_wires,seed1,46,13eacba871e8681d,1,2.1094237467877974e-15,0.9408902773489826,20
OLD,F1_int_wires,seed1,47,13eacba871e8681d,1,2.1094237467877974e-15,0.9408902773489826,20
OLD,F1_int_wires,seed1,48,13eacba871e8681d,1,2.1094237467877974e-15,0.9408902773489826,20
OLD,F1_int_wires,seed1,49,13eacba871e8681d,1,2.1094237467877974e-15,0.9408902773489826,20
OLD,F1_int_wires,seed1,50,13eacba871e8681d,1,2.1094237467877974e-15,0.9408902773489826,20
OLD,F1_int_wires,seed1,51,13eacba871e8681d,1,2.1094237467877974e-15,0.9408902773489826,20
OLD,F1_int_wires,seed1,52,13eacba871e8681d,1,2.1094237467877974e-15,0.9408902773489826,20
OLD,F1_int_wires,seed1,53,13eacba871e8681d,1,2.1094237467877974e-15,0.9408902773489826,20
OLD,F1_int_wires,seed1,54,13eacba871e8681d,1,2.1094237467877974e-15,0.9408902773489826,20
OLD,F1_int_wires,seed1,55,13eacba871e8681d,1,2.1094237467877974e-15,0.9408902773489826,20
OLD,F1_int_wires,seed1,56,13eacba871e8681d,1,2.1094237467877974e-15,0.9408902773489826,20
OLD,F1_int_wires,seed1,57,13eacba871e8681d,1,2.1094237467877974e-15,0.9408902773489826,20
OLD,F1_int_wires,seed1,58,13eacba871e8681d,1,2.1094237467877974e-15,0.9408902773489826,20
OLD,F1_int_wires,seed1,59,13eacba871e8681d,1,2.1094237467877974e-15,0.9408902773489826,20
OLD,F1_int_wires,seed1,60,13eacba871e8681d,1,2.1094237467877974e-15,0.9408902773489826,20
OLD,F1_int_wires,seed1,61,13eacba871e8681d,1,2.1094237467877974e-15,0.9408902773489826,20
OLD,F1_int_wires,seed1,62,13eacba871e8681d,1,2.1094237467877974e-15,0.9408902773489826,20
OLD,F1_int_wires,seed1,63,13eacba871e8681d,1,2.1094237467877974e-15,0.9408902773489826,20
OLD,F1_int_wires,seed1,64,13eacba871e8681d,1,2.1094237467877974e-15,0.9408902773489826,20
OLD,F1_int_wires,seed1,65,13eacba871e8681d,1,2.1094237467877974e-15,0.9408902773489826,20
OLD,F1_int_wires,seed1,66,13eacba871e8681d,1,2.1094237467877974e-15,0.9408902773489826,20
OLD,F1_int_wires,seed1,67,13eacba871e8681d,1,2.1094237467877974e-15,0.9408902773489826,20
OLD,F1_int_wires,seed1,68,13eacba871e8681d,1,2.1094237467877974e-15,0.9408902773489826,20
OLD,F1_int_wires,seed1,69,13eacba871e8681d,1,2.1094237467877974e-15,0.9408902773489826,20
OLD,F1_int_wires,seed1,70,13eacba871e8681d,1,2.1094237467877974e-15,0.9408902773489826,20
OLD,F1_int_wires,seed1,71,13eacba871e8681d,1,2.1094237467877974e-15,0.9408902773489826,20
OLD,F1_int_wires,seed1,72,13eacba871e8681d,1,2.1094237467877974e-15,0.9408902773489826,20
OLD,F1_int_wires,seed1,73,13eacba871e8681d,1,2.1094237467877974e-15,0.9408902773489826,20
OLD,F1_int_wires,seed1,74,13eacba871e8681d,1,2.1094237467877974e-15,0.9408902773489826,20
OLD,F1_int_wires,seed1,75,13eacba871e8681d,1,2.1094237467877974e-15,0.9408902773489826,20
OLD,F1_int_wires,seed1,76,13eacba871e8681d,1,2.1094237467877974e-15,0.9408902773489826,20
OLD,F1_int_wires,seed1,77,13eacba871e8681d,1,2.1094237467877974e-15,0.9408902773489826,20
OLD,F1_int_wires,seed1,78,13eacba871e8681d,1,2.1094237467877974e-15,0.9408902773489826,20
OLD,F1_int_wires,seed1,79,13eacba871e8681d,1,2.1094237467877974e-15,0.9408902773489826,20
OLD,F1_int_wires,seed1,80,13eacba871e8681d,1,2.1094237467877974e-15,0.9408902773489826,20
OLD,F1_int_wires,seed1,81,13eacba871e8681d,1,2.1094237467877974e-15,0.9408902773489826,20
OLD,F1_int_wires,seed1,82,13eacba871e8681d,1,2.1094237467877974e-15,0.9408902773489826,20
OLD,F1_int_wires,seed1,83,13eacba871e8681d,1,2.1094237467877974e-15,0.9408902773489826,20
OLD,F1_int_wires,seed1,84,13eacba871e8681d,1,2.1094237467877974e-15,0.9408902773489826,20
OLD,F1_int_wires,seed1,85,13eacba871e8681d,1,2.1094237467877974e-15,0.9408902773489826,20
OLD,F1_int_wires,seed1,86,13eacba871e8681d,1,2.1094237467877974e-15,0.9408902773489826,20
OLD,F1_int_wires,seed1,87,13eacba871e8681d,1,2.1094237467877974e-15,0.9408902773489826,20
OLD,F1_int_wires,seed1,88,13eacba871e8681d,1,2.1094237467877974e-15,0.9408902773489826,20
OLD,F1_int_wires,seed1,89,13eacba871e8681d,1,2.1094237467877974e-15,0.9408902773489826,20
OLD,F1_int_wires,seed1,90,13eacba871e8681d,1,2.1094237467877974e-15,0.9408902773489826,20
OLD,F1_int_wires,seed1,91,13eacba871e8681d,1,2.1094237467877974e-15,0.9408902773489826,20
OLD,F1_int_wires,seed1,92,13eacba871e8681d,1,2.1094237467877974e-15,0.9408902773489826,20
OLD,F1_int_wires,seed1,93,13eacba871e8681d,1,2.1094237467877974e-15,0.9408902773489826,20
OLD,F1_int_wires,seed1,94,13eacba871e8681d,1,2.1094237467877974e-15,0.9408902773489826,20
OLD,F1_int_wires,seed1,95,13eacba871e8681d,1,2.1094237467877974e-15,0.9408902773489826,20
OLD,F1_int_wires,seed1,96,13eacba871e8681d,1,2.1094237467877974e-15,0.9408902773489826,20
OLD,F1_int_wires,seed1,97,13eacba871e8681d,1,2.1094237467877974e-15,0.9408902773489826,20
OLD,F1_int_wires,seed1,98,13eacba871e8681d,1,2.1094237467877974e-15,0.9408902773489826,20
OLD,F1_int_wires,seed1,99,13eacba871e8681d,1,2.1094237467877974e-15,0.9408902773489826,20
OLD,F1_int_wires,seed1,100,13eacba871e8681d,1,2.1094237467877974e-15,0.9408902773489826,20
NEW,F1_int_wires,seed2,1,8798c90f644ed65c,1,3.3306690738754696e-15,3.552713678800501e-15,20
NEW,F1_int_wires,seed2,2,8798c90f644ed65c,1,3.3306690738754696e-15,3.552713678800501e-15,20
NEW,F1_int_wires,seed2,3,8798c90f644ed65c,1,3.3306690738754696e-15,3.552713678800501e-15,20
NEW,F1_int_wires,seed2,4,8798c90f644ed65c,1,3.3306690738754696e-15,3.552713678800501e-15,20
NEW,F1_int_wires,seed2,5,8798c90f644ed65c,1,3.3306690738754696e-15,3.552713678800501e-15,20
NEW,F1_int_wires,seed2,6,8798c90f644ed65c,1,3.3306690738754696e-15,3.552713678800501e-15,20
NEW,F1_int_wires,seed2,7,8798c90f644ed65c,1,3.3306690738754696e-15,3.552713678800501e-15,20
NEW,F1_int_wires,seed2,8,8798c90f644ed65c,1,3.3306690738754696e-15,3.552713678800501e-15,20
NEW,F1_int_wires,seed2,9,8798c90f644ed65c,1,3.3306690738754696e-15,3.552713678800501e-15,20
NEW,F1_int_wires,seed2,10,8798c90f644ed65c,1,3.3306690738754696e-15,3.552713678800501e-15,20
NEW,F1_int_wires,seed2,11,8798c90f644ed65c,1,3.3306690738754696e-15,3.552713678800501e-15,20
NEW,F1_int_wires,seed2,12,8798c90f644ed65c,1,3.3306690738754696e-15,3.552713678800501e-15,20
NEW,F1_int_wires,seed2,13,8798c90f644ed65c,1,3.3306690738754696e-15,3.552713678800501e-15,20
NEW,F1_int_wires,seed2,14,8798c90f644ed65c,1,3.3306690738754696e-15,3.552713678800501e-15,20
NEW,F1_int_wires,seed2,15,8798c90f644ed65c,1,3.3306690738754696e-15,3.552713678800501e-15,20
NEW,F1_int_wires,seed2,16,8798c90f644ed65c,1,3.3306690738754696e-15,3.552713678800501e-15,20
NEW,F1_int_wires,seed2,17,8798c90f644ed65c,1,3.3306690738754696e-15,3.552713678800501e-15,20
NEW,F1_int_wires,seed2,18,8798c90f644ed65c,1,3.3306690738754696e-15,3.552713678800501e-15,20
NEW,F1_int_wires,seed2,19,8798c90f644ed65c,1,3.3306690738754696e-15,3.552713678800501e-15,20
NEW,F1_int_wires,seed2,20,8798c90f644ed65c,1,3.3306690738754696e-15,3.552713678800501e-15,20
NEW,F1_int_wires,seed2,21,8798c90f644ed65c,1,3.3306690738754696e-15,3.552713678800501e-15,20
NEW,F1_int_wires,seed2,22,8798c90f644ed65c,1,3.3306690738754696e-15,3.552713678800501e-15,20
NEW,F1_int_wires,seed2,23,8798c90f644ed65c,1,3.3306690738754696e-15,3.552713678800501e-15,20
NEW,F1_int_wires,seed2,24,8798c90f644ed65c,1,3.3306690738754696e-15,3.552713678800501e-15,20
NEW,F1_int_wires,seed2,25,8798c90f644ed65c,1,3.3306690738754696e-15,3.552713678800501e-15,20
NEW,F1_int_wires,seed2,26,8798c90f644ed65c,1,3.3306690738754696e-15,3.552713678800501e-15,20
NEW,F1_int_wires,seed2,27,8798c90f644ed65c,1,3.3306690738754696e-15,3.552713678800501e-15,20
NEW,F1_int_wires,seed2,28,8798c90f644ed65c,1,3.3306690738754696e-15,3.552713678800501e-15,20
NEW,F1_int_wires,seed2,29,8798c90f644ed65c,1,3.3306690738754696e-15,3.552713678800501e-15,20
NEW,F1_int_wires,seed2,30,8798c90f644ed65c,1,3.3306690738754696e-15,3.552713678800501e-15,20
NEW,F1_int_wires,seed2,31,8798c90f644ed65c,1,3.3306690738754696e-15,3.552713678800501e-15,20
NEW,F1_int_wires,seed2,32,8798c90f644ed65c,1,3.3306690738754696e-15,3.552713678800501e-15,20
NEW,F1_int_wires,seed2,33,8798c90f644ed65c,1,3.3306690738754696e-15,3.552713678800501e-15,20
NEW,F1_int_wires,seed2,34,8798c90f644ed65c,1,3.3306690738754696e-15,3.552713678800501e-15,20
NEW,F1_int_wires,seed2,35,8798c90f644ed65c,1,3.3306690738754696e-15,3.552713678800501e-15,20
NEW,F1_int_wires,seed2,36,8798c90f644ed65c,1,3.3306690738754696e-15,3.552713678800501e-15,20
NEW,F1_int_wires,seed2,37,8798c90f644ed65c,1,3.3306690738754696e-15,3.552713678800501e-15,20
NEW,F1_int_wires,seed2,38,8798c90f644ed65c,1,3.3306690738754696e-15,3.552713678800501e-15,20
NEW,F1_int_wires,seed2,39,8798c90f644ed65c,1,3.3306690738754696e-15,3.552713678800501e-15,20
NEW,F1_int_wires,seed2,40,8798c90f644ed65c,1,3.3306690738754696e-15,3.552713678800501e-15,20
NEW,F1_int_wires,seed2,41,8798c90f644ed65c,1,3.3306690738754696e-15,3.552713678800501e-15,20
NEW,F1_int_wires,seed2,42,8798c90f644ed65c,1,3.3306690738754696e-15,3.552713678800501e-15,20
NEW,F1_int_wires,seed2,43,8798c90f644ed65c,1,3.3306690738754696e-15,3.552713678800501e-15,20
NEW,F1_int_wires,seed2,44,8798c90f644ed65c,1,3.3306690738754696e-15,3.552713678800501e-15,20
NEW,F1_int_wires,seed2,45,8798c90f644ed65c,1,3.3306690738754696e-15,3.552713678800501e-15,20
NEW,F1_int_wires,seed2,46,8798c90f644ed65c,1,3.3306690738754696e-15,3.552713678800501e-15,20
NEW,F1_int_wires,seed2,47,8798c90f644ed65c,1,3.3306690738754696e-15,3.552713678800501e-15,20
NEW,F1_int_wires,seed2,48,8798c90f644ed65c,1,3.3306690738754696e-15,3.552713678800501e-15,20
NEW,F1_int_wires,seed2,49,8798c90f644ed65c,1,3.3306690738754696e-15,3.552713678800501e-15,20
NEW,F1_int_wires,seed2,50,8798c90f644ed65c,1,3.3306690738754696e-15,3.552713678800501e-15,20
NEW,F1_int_wires,seed2,51,8798c90f644ed65c,1,3.3306690738754696e-15,3.552713678800501e-15,20
NEW,F1_int_wires,seed2,52,8798c90f644ed65c,1,3.3306690738754696e-15,3.552713678800501e-15,20
NEW,F1_int_wires,seed2,53,8798c90f644ed65c,1,3.3306690738754696e-15,3.552713678800501e-15,20
NEW,F1_int_wires,seed2,54,8798c90f644ed65c,1,3.3306690738754696e-15,3.552713678800501e-15,20
NEW,F1_int_wires,seed2,55,8798c90f644ed65c,1,3.3306690738754696e-15,3.552713678800501e-15,20
NEW,F1_int_wires,seed2,56,8798c90f644ed65c,1,3.3306690738754696e-15,3.552713678800501e-15,20
NEW,F1_int_wires,seed2,57,8798c90f644ed65c,1,3.3306690738754696e-15,3.552713678800501e-15,20
NEW,F1_int_wires,seed2,58,8798c90f644ed65c,1,3.3306690738754696e-15,3.552713678800501e-15,20
NEW,F1_int_wires,seed2,59,8798c90f644ed65c,1,3.3306690738754696e-15,3.552713678800501e-15,20
NEW,F1_int_wires,seed2,60,8798c90f644ed65c,1,3.3306690738754696e-15,3.552713678800501e-15,20
NEW,F1_int_wires,seed2,61,8798c90f644ed65c,1,3.3306690738754696e-15,3.552713678800501e-15,20
NEW,F1_int_wires,seed2,62,8798c90f644ed65c,1,3.3306690738754696e-15,3.552713678800501e-15,20
NEW,F1_int_wires,seed2,63,8798c90f644ed65c,1,3.3306690738754696e-15,3.552713678800501e-15,20
NEW,F1_int_wires,seed2,64,8798c90f644ed65c,1,3.3306690738754696e-15,3.552713678800501e-15,20
NEW,F1_int_wires,seed2,65,8798c90f644ed65c,1,3.3306690738754696e-15,3.552713678800501e-15,20
NEW,F1_int_wires,seed2,66,8798c90f644ed65c,1,3.3306690738754696e-15,3.552713678800501e-15,20
NEW,F1_int_wires,seed2,67,8798c90f644ed65c,1,3.3306690738754696e-15,3.552713678800501e-15,20
NEW,F1_int_wires,seed2,68,8798c90f644ed65c,1,3.3306690738754696e-15,3.552713678800501e-15,20
NEW,F1_int_wires,seed2,69,8798c90f644ed65c,1,3.3306690738754696e-15,3.552713678800501e-15,20
NEW,F1_int_wires,seed2,70,8798c90f644ed65c,1,3.3306690738754696e-15,3.552713678800501e-15,20
NEW,F1_int_wires,seed2,71,8798c90f644ed65c,1,3.3306690738754696e-15,3.552713678800501e-15,20
NEW,F1_int_wires,seed2,72,8798c90f644ed65c,1,3.3306690738754696e-15,3.552713678800501e-15,20
NEW,F1_int_wires,seed2,73,8798c90f644ed65c,1,3.3306690738754696e-15,3.552713678800501e-15,20
NEW,F1_int_wires,seed2,74,8798c90f644ed65c,1,3.3306690738754696e-15,3.552713678800501e-15,20
NEW,F1_int_wires,seed2,75,8798c90f644ed65c,1,3.3306690738754696e-15,3.552713678800501e-15,20
NEW,F1_int_wires,seed2,76,8798c90f644ed65c,1,3.3306690738754696e-15,3.552713678800501e-15,20
NEW,F1_int_wires,seed2,77,8798c90f644ed65c,1,3.3306690738754696e-15,3.552713678800501e-15,20
NEW,F1_int_wires,seed2,78,8798c90f644ed65c,1,3.3306690738754696e-15,3.552713678800501e-15,20
NEW,F1_int_wires,seed2,79,8798c90f644ed65c,1,3.3306690738754696e-15,3.552713678800501e-15,20
NEW,F1_int_wires,seed2,80,8798c90f644ed65c,1,3.3306690738754696e-15,3.552713678800501e-15,20
NEW,F1_int_wires,seed2,81,8798c90f644ed65c,1,3.3306690738754696e-15,3.552713678800501e-15,20
NEW,F1_int_wires,seed2,82,8798c90f644ed65c,1,3.3306690738754696e-15,3.552713678800501e-15,20
NEW,F1_int_wires,seed2,83,8798c90f644ed65c,1,3.3306690738754696e-15,3.552713678800501e-15,20
NEW,F1_int_wires,seed2,84,8798c90f644ed65c,1,3.3306690738754696e-15,3.552713678800501e-15,20
NEW,F1_int_wires,seed2,85,8798c90f644ed65c,1,3.3306690738754696e-15,3.552713678800501e-15,20
NEW,F1_int_wires,seed2,86,8798c90f644ed65c,1,3.3306690738754696e-15,3.552713678800501e-15,20
NEW,F1_int_wires,seed2,87,8798c90f644ed65c,1,3.3306690738754696e-15,3.552713678800501e-15,20
NEW,F1_int_wires,seed2,88,8798c90f644ed65c,1,3.3306690738754696e-15,3.552713678800501e-15,20
NEW,F1_int_wires,seed2,89,8798c90f644ed65c,1,3.3306690738754696e-15,3.552713678800501e-15,20
NEW,F1_int_wires,seed2,90,8798c90f644ed65c,1,3.3306690738754696e-15,3.552713678800501e-15,20
NEW,F1_int_wires,seed2,91,8798c90f644ed65c,1,3.3306690738754696e-15,3.552713678800501e-15,20
NEW,F1_int_wires,seed2,92,8798c90f644ed65c,1,3.3306690738754696e-15,3.552713678800501e-15,20
NEW,F1_int_wires,seed2,93,8798c90f644ed65c,1,3.3306690738754696e-15,3.552713678800501e-15,20
NEW,F1_int_wires,seed2,94,8798c90f644ed65c,1,3.3306690738754696e-15,3.552713678800501e-15,20
NEW,F1_int_wires,seed2,95,8798c90f644ed65c,1,3.3306690738754696e-15,3.552713678800501e-15,20
NEW,F1_int_wires,seed2,96,8798c90f644ed65c,1,3.3306690738754696e-15,3.552713678800501e-15,20
NEW,F1_int_wires,seed2,97,8798c90f644ed65c,1,3.3306690738754696e-15,3.552713678800501e-15,20
NEW,F1_int_wires,seed2,98,8798c90f644ed65c,1,3.3306690738754696e-15,3.552713678800501e-15,20
NEW,F1_int_wires,seed2,99,8798c90f644ed65c,1,3.3306690738754696e-15,3.552713678800501e-15,20
NEW,F1_int_wires,seed2,100,8798c90f644ed65c,1,3.3306690738754696e-15,3.552713678800501e-15,20
OLD,F1_int_wires,seed2,1,8798c90f644ed65c,1,3.3306690738754696e-15,0.9407456917651015,20
OLD,F1_int_wires,seed2,2,8798c90f644ed65c,1,3.3306690738754696e-15,0.9407456917651015,20
OLD,F1_int_wires,seed2,3,8798c90f644ed65c,1,3.3306690738754696e-15,0.9407456917651015,20
OLD,F1_int_wires,seed2,4,8798c90f644ed65c,1,3.3306690738754696e-15,0.9407456917651015,20
OLD,F1_int_wires,seed2,5,8798c90f644ed65c,1,3.3306690738754696e-15,0.9407456917651015,20
OLD,F1_int_wires,seed2,6,8798c90f644ed65c,1,3.3306690738754696e-15,0.9407456917651015,20
OLD,F1_int_wires,seed2,7,8798c90f644ed65c,1,3.3306690738754696e-15,0.9407456917651015,20
OLD,F1_int_wires,seed2,8,8798c90f644ed65c,1,3.3306690738754696e-15,0.9407456917651015,20
OLD,F1_int_wires,seed2,9,8798c90f644ed65c,1,3.3306690738754696e-15,0.9407456917651015,20
OLD,F1_int_wires,seed2,10,8798c90f644ed65c,1,3.3306690738754696e-15,0.9407456917651015,20
OLD,F1_int_wires,seed2,11,8798c90f644ed65c,1,3.3306690738754696e-15,0.9407456917651015,20
OLD,F1_int_wires,seed2,12,8798c90f644ed65c,1,3.3306690738754696e-15,0.9407456917651015,20
OLD,F1_int_wires,seed2,13,8798c90f644ed65c,1,3.3306690738754696e-15,0.9407456917651015,20
OLD,F1_int_wires,seed2,14,8798c90f644ed65c,1,3.3306690738754696e-15,0.9407456917651015,20
OLD,F1_int_wires,seed2,15,8798c90f644ed65c,1,3.3306690738754696e-15,0.9407456917651015,20
OLD,F1_int_wires,seed2,16,8798c90f644ed65c,1,3.3306690738754696e-15,0.9407456917651015,20
OLD,F1_int_wires,seed2,17,8798c90f644ed65c,1,3.3306690738754696e-15,0.9407456917651015,20
OLD,F1_int_wires,seed2,18,8798c90f644ed65c,1,3.3306690738754696e-15,0.9407456917651015,20
OLD,F1_int_wires,seed2,19,8798c90f644ed65c,1,3.3306690738754696e-15,0.9407456917651015,20
OLD,F1_int_wires,seed2,20,8798c90f644ed65c,1,3.3306690738754696e-15,0.9407456917651015,20
OLD,F1_int_wires,seed2,21,8798c90f644ed65c,1,3.3306690738754696e-15,0.9407456917651015,20
OLD,F1_int_wires,seed2,22,8798c90f644ed65c,1,3.3306690738754696e-15,0.9407456917651015,20
OLD,F1_int_wires,seed2,23,8798c90f644ed65c,1,3.3306690738754696e-15,0.9407456917651015,20
OLD,F1_int_wires,seed2,24,8798c90f644ed65c,1,3.3306690738754696e-15,0.9407456917651015,20
OLD,F1_int_wires,seed2,25,8798c90f644ed65c,1,3.3306690738754696e-15,0.9407456917651015,20
OLD,F1_int_wires,seed2,26,8798c90f644ed65c,1,3.3306690738754696e-15,0.9407456917651015,20
OLD,F1_int_wires,seed2,27,8798c90f644ed65c,1,3.3306690738754696e-15,0.9407456917651015,20
OLD,F1_int_wires,seed2,28,8798c90f644ed65c,1,3.3306690738754696e-15,0.9407456917651015,20
OLD,F1_int_wires,seed2,29,8798c90f644ed65c,1,3.3306690738754696e-15,0.9407456917651015,20
OLD,F1_int_wires,seed2,30,8798c90f644ed65c,1,3.3306690738754696e-15,0.9407456917651015,20
OLD,F1_int_wires,seed2,31,8798c90f644ed65c,1,3.3306690738754696e-15,0.9407456917651015,20
OLD,F1_int_wires,seed2,32,8798c90f644ed65c,1,3.3306690738754696e-15,0.9407456917651015,20
OLD,F1_int_wires,seed2,33,8798c90f644ed65c,1,3.3306690738754696e-15,0.9407456917651015,20
OLD,F1_int_wires,seed2,34,8798c90f644ed65c,1,3.3306690738754696e-15,0.9407456917651015,20
OLD,F1_int_wires,seed2,35,8798c90f644ed65c,1,3.3306690738754696e-15,0.9407456917651015,20
OLD,F1_int_wires,seed2,36,8798c90f644ed65c,1,3.3306690738754696e-15,0.9407456917651015,20
OLD,F1_int_wires,seed2,37,8798c90f644ed65c,1,3.3306690738754696e-15,0.9407456917651015,20
OLD,F1_int_wires,seed2,38,8798c90f644ed65c,1,3.3306690738754696e-15,0.9407456917651015,20
OLD,F1_int_wires,seed2,39,8798c90f644ed65c,1,3.3306690738754696e-15,0.9407456917651015,20
OLD,F1_int_wires,seed2,40,8798c90f644ed65c,1,3.3306690738754696e-15,0.9407456917651015,20
OLD,F1_int_wires,seed2,41,8798c90f644ed65c,1,3.3306690738754696e-15,0.9407456917651015,20
OLD,F1_int_wires,seed2,42,8798c90f644ed65c,1,3.3306690738754696e-15,0.9407456917651015,20
OLD,F1_int_wires,seed2,43,8798c90f644ed65c,1,3.3306690738754696e-15,0.9407456917651015,20
OLD,F1_int_wires,seed2,44,8798c90f644ed65c,1,3.3306690738754696e-15,0.9407456917651015,20
OLD,F1_int_wires,seed2,45,8798c90f644ed65c,1,3.3306690738754696e-15,0.9407456917651015,20
OLD,F1_int_wires,seed2,46,8798c90f644ed65c,1,3.3306690738754696e-15,0.9407456917651015,20
OLD,F1_int_wires,seed2,47,8798c90f644ed65c,1,3.3306690738754696e-15,0.9407456917651015,20
OLD,F1_int_wires,seed2,48,8798c90f644ed65c,1,3.3306690738754696e-15,0.9407456917651015,20
OLD,F1_int_wires,seed2,49,8798c90f644ed65c,1,3.3306690738754696e-15,0.9407456917651015,20
OLD,F1_int_wires,seed2,50,8798c90f644ed65c,1,3.3306690738754696e-15,0.9407456917651015,20
OLD,F1_int_wires,seed2,51,8798c90f644ed65c,1,3.3306690738754696e-15,0.9407456917651015,20
OLD,F1_int_wires,seed2,52,8798c90f644ed65c,1,3.3306690738754696e-15,0.9407456917651015,20
OLD,F1_int_wires,seed2,53,8798c90f644ed65c,1,3.3306690738754696e-15,0.9407456917651015,20
OLD,F1_int_wires,seed2,54,8798c90f644ed65c,1,3.3306690738754696e-15,0.9407456917651015,20
OLD,F1_int_wires,seed2,55,8798c90f644ed65c,1,3.3306690738754696e-15,0.9407456917651015,20
OLD,F1_int_wires,seed2,56,8798c90f644ed65c,1,3.3306690738754696e-15,0.9407456917651015,20
OLD,F1_int_wires,seed2,57,8798c90f644ed65c,1,3.3306690738754696e-15,0.9407456917651015,20
OLD,F1_int_wires,seed2,58,8798c90f644ed65c,1,3.3306690738754696e-15,0.9407456917651015,20
OLD,F1_int_wires,seed2,59,8798c90f644ed65c,1,3.3306690738754696e-15,0.9407456917651015,20
OLD,F1_int_wires,seed2,60,8798c90f644ed65c,1,3.3306690738754696e-15,0.9407456917651015,20
OLD,F1_int_wires,seed2,61,8798c90f644ed65c,1,3.3306690738754696e-15,0.9407456917651015,20
OLD,F1_int_wires,seed2,62,8798c90f644ed65c,1,3.3306690738754696e-15,0.9407456917651015,20
OLD,F1_int_wires,seed2,63,8798c90f644ed65c,1,3.3306690738754696e-15,0.9407456917651015,20
OLD,F1_int_wires,seed2,64,8798c90f644ed65c,1,3.3306690738754696e-15,0.9407456917651015,20
OLD,F1_int_wires,seed2,65,8798c90f644ed65c,1,3.3306690738754696e-15,0.9407456917651015,20
OLD,F1_int_wires,seed2,66,8798c90f644ed65c,1,3.3306690738754696e-15,0.9407456917651015,20
OLD,F1_int_wires,seed2,67,8798c90f644ed65c,1,3.3306690738754696e-15,0.9407456917651015,20
OLD,F1_int_wires,seed2,68,8798c90f644ed65c,1,3.3306690738754696e-15,0.9407456917651015,20
OLD,F1_int_wires,seed2,69,8798c90f644ed65c,1,3.3306690738754696e-15,0.9407456917651015,20
OLD,F1_int_wires,seed2,70,8798c90f644ed65c,1,3.3306690738754696e-15,0.9407456917651015,20
OLD,F1_int_wires,seed2,71,8798c90f644ed65c,1,3.3306690738754696e-15,0.9407456917651015,20
OLD,F1_int_wires,seed2,72,8798c90f644ed65c,1,3.3306690738754696e-15,0.9407456917651015,20
OLD,F1_int_wires,seed2,73,8798c90f644ed65c,1,3.3306690738754696e-15,0.9407456917651015,20
OLD,F1_int_wires,seed2,74,8798c90f644ed65c,1,3.3306690738754696e-15,0.9407456917651015,20
OLD,F1_int_wires,seed2,75,8798c90f644ed65c,1,3.3306690738754696e-15,0.9407456917651015,20
OLD,F1_int_wires,seed2,76,8798c90f644ed65c,1,3.3306690738754696e-15,0.9407456917651015,20
OLD,F1_int_wires,seed2,77,8798c90f644ed65c,1,3.3306690738754696e-15,0.9407456917651015,20
OLD,F1_int_wires,seed2,78,8798c90f644ed65c,1,3.3306690738754696e-15,0.9407456917651015,20
OLD,F1_int_wires,seed2,79,8798c90f644ed65c,1,3.3306690738754696e-15,0.9407456917651015,20
OLD,F1_int_wires,seed2,80,8798c90f644ed65c,1,3.3306690738754696e-15,0.9407456917651015,20
OLD,F1_int_wires,seed2,81,8798c90f644ed65c,1,3.3306690738754696e-15,0.9407456917651015,20
OLD,F1_int_wires,seed2,82,8798c90f644ed65c,1,3.3306690738754696e-15,0.9407456917651015,20
OLD,F1_int_wires,seed2,83,8798c90f644ed65c,1,3.3306690738754696e-15,0.9407456917651015,20
OLD,F1_int_wires,seed2,84,8798c90f644ed65c,1,3.3306690738754696e-15,0.9407456917651015,20
OLD,F1_int_wires,seed2,85,8798c90f644ed65c,1,3.3306690738754696e-15,0.9407456917651015,20
OLD,F1_int_wires,seed2,86,8798c90f644ed65c,1,3.3306690738754696e-15,0.9407456917651015,20
OLD,F1_int_wires,seed2,87,8798c90f644ed65c,1,3.3306690738754696e-15,0.9407456917651015,20
OLD,F1_int_wires,seed2,88,8798c90f644ed65c,1,3.3306690738754696e-15,0.9407456917651015,20
OLD,F1_int_wires,seed2,89,8798c90f644ed65c,1,3.3306690738754696e-15,0.9407456917651015,20
OLD,F1_int_wires,seed2,90,8798c90f644ed65c,1,3.3306690738754696e-15,0.9407456917651015,20
OLD,F1_int_wires,seed2,91,8798c90f644ed65c,1,3.3306690738754696e-15,0.9407456917651015,20
OLD,F1_int_wires,seed2,92,8798c90f644ed65c,1,3.3306690738754696e-15,0.9407456917651015,20
OLD,F1_int_wires,seed2,93,8798c90f644ed65c,1,3.3306690738754696e-15,0.9407456917651015,20
OLD,F1_int_wires,seed2,94,8798c90f644ed65c,1,3.3306690738754696e-15,0.9407456917651015,20
OLD,F1_int_wires,seed2,95,8798c90f644ed65c,1,3.3306690738754696e-15,0.9407456917651015,20
OLD,F1_int_wires,seed2,96,8798c90f644ed65c,1,3.3306690738754696e-15,0.9407456917651015,20
OLD,F1_int_wires,seed2,97,8798c90f644ed65c,1,3.3306690738754696e-15,0.9407456917651015,20
OLD,F1_int_wires,seed2,98,8798c90f644ed65c,1,3.3306690738754696e-15,0.9407456917651015,20
OLD,F1_int_wires,seed2,99,8798c90f644ed65c,1,3.3306690738754696e-15,0.9407456917651015,20
OLD,F1_int_wires,seed2,100,8798c90f644ed65c,1,3.3306690738754696e-15,0.9407456917651015,20
NEW,F1_int_wires,seed3,1,98c732f5d9353069,1,2.1094237467877974e-15,2.1094237467877974e-15,20
NEW,F1_int_wires,seed3,2,98c732f5d9353069,1,2.1094237467877974e-15,2.1094237467877974e-15,20
NEW,F1_int_wires,seed3,3,98c732f5d9353069,1,2.1094237467877974e-15,2.1094237467877974e-15,20
NEW,F1_int_wires,seed3,4,98c732f5d9353069,1,2.1094237467877974e-15,2.1094237467877974e-15,20
NEW,F1_int_wires,seed3,5,98c732f5d9353069,1,2.1094237467877974e-15,2.1094237467877974e-15,20
NEW,F1_int_wires,seed3,6,98c732f5d9353069,1,2.1094237467877974e-15,2.1094237467877974e-15,20
NEW,F1_int_wires,seed3,7,98c732f5d9353069,1,2.1094237467877974e-15,2.1094237467877974e-15,20
NEW,F1_int_wires,seed3,8,98c732f5d9353069,1,2.1094237467877974e-15,2.1094237467877974e-15,20
NEW,F1_int_wires,seed3,9,98c732f5d9353069,1,2.1094237467877974e-15,2.1094237467877974e-15,20
NEW,F1_int_wires,seed3,10,98c732f5d9353069,1,2.1094237467877974e-15,2.1094237467877974e-15,20
NEW,F1_int_wires,seed3,11,98c732f5d9353069,1,2.1094237467877974e-15,2.1094237467877974e-15,20
NEW,F1_int_wires,seed3,12,98c732f5d9353069,1,2.1094237467877974e-15,2.1094237467877974e-15,20
NEW,F1_int_wires,seed3,13,98c732f5d9353069,1,2.1094237467877974e-15,2.1094237467877974e-15,20
NEW,F1_int_wires,seed3,14,98c732f5d9353069,1,2.1094237467877974e-15,2.1094237467877974e-15,20
NEW,F1_int_wires,seed3,15,98c732f5d9353069,1,2.1094237467877974e-15,2.1094237467877974e-15,20
NEW,F1_int_wires,seed3,16,98c732f5d9353069,1,2.1094237467877974e-15,2.1094237467877974e-15,20
NEW,F1_int_wires,seed3,17,98c732f5d9353069,1,2.1094237467877974e-15,2.1094237467877974e-15,20
NEW,F1_int_wires,seed3,18,98c732f5d9353069,1,2.1094237467877974e-15,2.1094237467877974e-15,20
NEW,F1_int_wires,seed3,19,98c732f5d9353069,1,2.1094237467877974e-15,2.1094237467877974e-15,20
NEW,F1_int_wires,seed3,20,98c732f5d9353069,1,2.1094237467877974e-15,2.1094237467877974e-15,20
NEW,F1_int_wires,seed3,21,98c732f5d9353069,1,2.1094237467877974e-15,2.1094237467877974e-15,20
NEW,F1_int_wires,seed3,22,98c732f5d9353069,1,2.1094237467877974e-15,2.1094237467877974e-15,20
NEW,F1_int_wires,seed3,23,98c732f5d9353069,1,2.1094237467877974e-15,2.1094237467877974e-15,20
NEW,F1_int_wires,seed3,24,98c732f5d9353069,1,2.1094237467877974e-15,2.1094237467877974e-15,20
NEW,F1_int_wires,seed3,25,98c732f5d9353069,1,2.1094237467877974e-15,2.1094237467877974e-15,20
NEW,F1_int_wires,seed3,26,98c732f5d9353069,1,2.1094237467877974e-15,2.1094237467877974e-15,20
NEW,F1_int_wires,seed3,27,98c732f5d9353069,1,2.1094237467877974e-15,2.1094237467877974e-15,20
NEW,F1_int_wires,seed3,28,98c732f5d9353069,1,2.1094237467877974e-15,2.1094237467877974e-15,20
NEW,F1_int_wires,seed3,29,98c732f5d9353069,1,2.1094237467877974e-15,2.1094237467877974e-15,20
NEW,F1_int_wires,seed3,30,98c732f5d9353069,1,2.1094237467877974e-15,2.1094237467877974e-15,20
NEW,F1_int_wires,seed3,31,98c732f5d9353069,1,2.1094237467877974e-15,2.1094237467877974e-15,20
NEW,F1_int_wires,seed3,32,98c732f5d9353069,1,2.1094237467877974e-15,2.1094237467877974e-15,20
NEW,F1_int_wires,seed3,33,98c732f5d9353069,1,2.1094237467877974e-15,2.1094237467877974e-15,20
NEW,F1_int_wires,seed3,34,98c732f5d9353069,1,2.1094237467877974e-15,2.1094237467877974e-15,20
NEW,F1_int_wires,seed3,35,98c732f5d9353069,1,2.1094237467877974e-15,2.1094237467877974e-15,20
NEW,F1_int_wires,seed3,36,98c732f5d9353069,1,2.1094237467877974e-15,2.1094237467877974e-15,20
NEW,F1_int_wires,seed3,37,98c732f5d9353069,1,2.1094237467877974e-15,2.1094237467877974e-15,20
NEW,F1_int_wires,seed3,38,98c732f5d9353069,1,2.1094237467877974e-15,2.1094237467877974e-15,20
NEW,F1_int_wires,seed3,39,98c732f5d9353069,1,2.1094237467877974e-15,2.1094237467877974e-15,20
NEW,F1_int_wires,seed3,40,98c732f5d9353069,1,2.1094237467877974e-15,2.1094237467877974e-15,20
NEW,F1_int_wires,seed3,41,98c732f5d9353069,1,2.1094237467877974e-15,2.1094237467877974e-15,20
NEW,F1_int_wires,seed3,42,98c732f5d9353069,1,2.1094237467877974e-15,2.1094237467877974e-15,20
NEW,F1_int_wires,seed3,43,98c732f5d9353069,1,2.1094237467877974e-15,2.1094237467877974e-15,20
NEW,F1_int_wires,seed3,44,98c732f5d9353069,1,2.1094237467877974e-15,2.1094237467877974e-15,20
NEW,F1_int_wires,seed3,45,98c732f5d9353069,1,2.1094237467877974e-15,2.1094237467877974e-15,20
NEW,F1_int_wires,seed3,46,98c732f5d9353069,1,2.1094237467877974e-15,2.1094237467877974e-15,20
NEW,F1_int_wires,seed3,47,98c732f5d9353069,1,2.1094237467877974e-15,2.1094237467877974e-15,20
NEW,F1_int_wires,seed3,48,98c732f5d9353069,1,2.1094237467877974e-15,2.1094237467877974e-15,20
NEW,F1_int_wires,seed3,49,98c732f5d9353069,1,2.1094237467877974e-15,2.1094237467877974e-15,20
NEW,F1_int_wires,seed3,50,98c732f5d9353069,1,2.1094237467877974e-15,2.1094237467877974e-15,20
NEW,F1_int_wires,seed3,51,98c732f5d9353069,1,2.1094237467877974e-15,2.1094237467877974e-15,20
NEW,F1_int_wires,seed3,52,98c732f5d9353069,1,2.1094237467877974e-15,2.1094237467877974e-15,20
NEW,F1_int_wires,seed3,53,98c732f5d9353069,1,2.1094237467877974e-15,2.1094237467877974e-15,20
NEW,F1_int_wires,seed3,54,98c732f5d9353069,1,2.1094237467877974e-15,2.1094237467877974e-15,20
NEW,F1_int_wires,seed3,55,98c732f5d9353069,1,2.1094237467877974e-15,2.1094237467877974e-15,20
NEW,F1_int_wires,seed3,56,98c732f5d9353069,1,2.1094237467877974e-15,2.1094237467877974e-15,20
NEW,F1_int_wires,seed3,57,98c732f5d9353069,1,2.1094237467877974e-15,2.1094237467877974e-15,20
NEW,F1_int_wires,seed3,58,98c732f5d9353069,1,2.1094237467877974e-15,2.1094237467877974e-15,20
NEW,F1_int_wires,seed3,59,98c732f5d9353069,1,2.1094237467877974e-15,2.1094237467877974e-15,20
NEW,F1_int_wires,seed3,60,98c732f5d9353069,1,2.1094237467877974e-15,2.1094237467877974e-15,20
NEW,F1_int_wires,seed3,61,98c732f5d9353069,1,2.1094237467877974e-15,2.1094237467877974e-15,20
NEW,F1_int_wires,seed3,62,98c732f5d9353069,1,2.1094237467877974e-15,2.1094237467877974e-15,20
NEW,F1_int_wires,seed3,63,98c732f5d9353069,1,2.1094237467877974e-15,2.1094237467877974e-15,20
NEW,F1_int_wires,seed3,64,98c732f5d9353069,1,2.1094237467877974e-15,2.1094237467877974e-15,20
NEW,F1_int_wires,seed3,65,98c732f5d9353069,1,2.1094237467877974e-15,2.1094237467877974e-15,20
NEW,F1_int_wires,seed3,66,98c732f5d9353069,1,2.1094237467877974e-15,2.1094237467877974e-15,20
NEW,F1_int_wires,seed3,67,98c732f5d9353069,1,2.1094237467877974e-15,2.1094237467877974e-15,20
NEW,F1_int_wires,seed3,68,98c732f5d9353069,1,2.1094237467877974e-15,2.1094237467877974e-15,20
NEW,F1_int_wires,seed3,69,98c732f5d9353069,1,2.1094237467877974e-15,2.1094237467877974e-15,20
NEW,F1_int_wires,seed3,70,98c732f5d9353069,1,2.1094237467877974e-15,2.1094237467877974e-15,20
NEW,F1_int_wires,seed3,71,98c732f5d9353069,1,2.1094237467877974e-15,2.1094237467877974e-15,20
NEW,F1_int_wires,seed3,72,98c732f5d9353069,1,2.1094237467877974e-15,2.1094237467877974e-15,20
NEW,F1_int_wires,seed3,73,98c732f5d9353069,1,2.1094237467877974e-15,2.1094237467877974e-15,20
NEW,F1_int_wires,seed3,74,98c732f5d9353069,1,2.1094237467877974e-15,2.1094237467877974e-15,20
NEW,F1_int_wires,seed3,75,98c732f5d9353069,1,2.1094237467877974e-15,2.1094237467877974e-15,20
NEW,F1_int_wires,seed3,76,98c732f5d9353069,1,2.1094237467877974e-15,2.1094237467877974e-15,20
NEW,F1_int_wires,seed3,77,98c732f5d9353069,1,2.1094237467877974e-15,2.1094237467877974e-15,20
NEW,F1_int_wires,seed3,78,98c732f5d9353069,1,2.1094237467877974e-15,2.1094237467877974e-15,20
NEW,F1_int_wires,seed3,79,98c732f5d9353069,1,2.1094237467877974e-15,2.1094237467877974e-15,20
NEW,F1_int_wires,seed3,80,98c732f5d9353069,1,2.1094237467877974e-15,2.1094237467877974e-15,20
NEW,F1_int_wires,seed3,81,98c732f5d9353069,1,2.1094237467877974e-15,2.1094237467877974e-15,20
NEW,F1_int_wires,seed3,82,98c732f5d9353069,1,2.1094237467877974e-15,2.1094237467877974e-15,20
NEW,F1_int_wires,seed3,83,98c732f5d9353069,1,2.1094237467877974e-15,2.1094237467877974e-15,20
NEW,F1_int_wires,seed3,84,98c732f5d9353069,1,2.1094237467877974e-15,2.1094237467877974e-15,20
NEW,F1_int_wires,seed3,85,98c732f5d9353069,1,2.1094237467877974e-15,2.1094237467877974e-15,20
NEW,F1_int_wires,seed3,86,98c732f5d9353069,1,2.1094237467877974e-15,2.1094237467877974e-15,20
NEW,F1_int_wires,seed3,87,98c732f5d9353069,1,2.1094237467877974e-15,2.1094237467877974e-15,20
NEW,F1_int_wires,seed3,88,98c732f5d9353069,1,2.1094237467877974e-15,2.1094237467877974e-15,20
NEW,F1_int_wires,seed3,89,98c732f5d9353069,1,2.1094237467877974e-15,2.1094237467877974e-15,20
NEW,F1_int_wires,seed3,90,98c732f5d9353069,1,2.1094237467877974e-15,2.1094237467877974e-15,20
NEW,F1_int_wires,seed3,91,98c732f5d9353069,1,2.1094237467877974e-15,2.1094237467877974e-15,20
NEW,F1_int_wires,seed3,92,98c732f5d9353069,1,2.1094237467877974e-15,2.1094237467877974e-15,20
NEW,F1_int_wires,seed3,93,98c732f5d9353069,1,2.1094237467877974e-15,2.1094237467877974e-15,20
NEW,F1_int_wires,seed3,94,98c732f5d9353069,1,2.1094237467877974e-15,2.1094237467877974e-15,20
NEW,F1_int_wires,seed3,95,98c732f5d9353069,1,2.1094237467877974e-15,2.1094237467877974e-15,20
NEW,F1_int_wires,seed3,96,98c732f5d9353069,1,2.1094237467877974e-15,2.1094237467877974e-15,20
NEW,F1_int_wires,seed3,97,98c732f5d9353069,1,2.1094237467877974e-15,2.1094237467877974e-15,20
NEW,F1_int_wires,seed3,98,98c732f5d9353069,1,2.1094237467877974e-15,2.1094237467877974e-15,20
NEW,F1_int_wires,seed3,99,98c732f5d9353069,1,2.1094237467877974e-15,2.1094237467877974e-15,20
NEW,F1_int_wires,seed3,100,98c732f5d9353069,1,2.1094237467877974e-15,2.1094237467877974e-15,20
OLD,F1_int_wires,seed3,1,98c732f5d9353069,1,2.1094237467877974e-15,0.9390973527701268,20
OLD,F1_int_wires,seed3,2,98c732f5d9353069,1,2.1094237467877974e-15,0.9390973527701268,20
OLD,F1_int_wires,seed3,3,98c732f5d9353069,1,2.1094237467877974e-15,0.9390973527701268,20
OLD,F1_int_wires,seed3,4,98c732f5d9353069,1,2.1094237467877974e-15,0.9390973527701268,20
OLD,F1_int_wires,seed3,5,98c732f5d9353069,1,2.1094237467877974e-15,0.9390973527701268,20
OLD,F1_int_wires,seed3,6,98c732f5d9353069,1,2.1094237467877974e-15,0.9390973527701268,20
OLD,F1_int_wires,seed3,7,98c732f5d9353069,1,2.1094237467877974e-15,0.9390973527701268,20
OLD,F1_int_wires,seed3,8,98c732f5d9353069,1,2.1094237467877974e-15,0.9390973527701268,20
OLD,F1_int_wires,seed3,9,98c732f5d9353069,1,2.1094237467877974e-15,0.9390973527701268,20
OLD,F1_int_wires,seed3,10,98c732f5d9353069,1,2.1094237467877974e-15,0.9390973527701268,20
OLD,F1_int_wires,seed3,11,98c732f5d9353069,1,2.1094237467877974e-15,0.9390973527701268,20
OLD,F1_int_wires,seed3,12,98c732f5d9353069,1,2.1094237467877974e-15,0.9390973527701268,20
OLD,F1_int_wires,seed3,13,98c732f5d9353069,1,2.1094237467877974e-15,0.9390973527701268,20
OLD,F1_int_wires,seed3,14,98c732f5d9353069,1,2.1094237467877974e-15,0.9390973527701268,20
OLD,F1_int_wires,seed3,15,98c732f5d9353069,1,2.1094237467877974e-15,0.9390973527701268,20
OLD,F1_int_wires,seed3,16,98c732f5d9353069,1,2.1094237467877974e-15,0.9390973527701268,20
OLD,F1_int_wires,seed3,17,98c732f5d9353069,1,2.1094237467877974e-15,0.9390973527701268,20
OLD,F1_int_wires,seed3,18,98c732f5d9353069,1,2.1094237467877974e-15,0.9390973527701268,20
OLD,F1_int_wires,seed3,19,98c732f5d9353069,1,2.1094237467877974e-15,0.9390973527701268,20
OLD,F1_int_wires,seed3,20,98c732f5d9353069,1,2.1094237467877974e-15,0.9390973527701268,20
OLD,F1_int_wires,seed3,21,98c732f5d9353069,1,2.1094237467877974e-15,0.9390973527701268,20
OLD,F1_int_wires,seed3,22,98c732f5d9353069,1,2.1094237467877974e-15,0.9390973527701268,20
OLD,F1_int_wires,seed3,23,98c732f5d9353069,1,2.1094237467877974e-15,0.9390973527701268,20
OLD,F1_int_wires,seed3,24,98c732f5d9353069,1,2.1094237467877974e-15,0.9390973527701268,20
OLD,F1_int_wires,seed3,25,98c732f5d9353069,1,2.1094237467877974e-15,0.9390973527701268,20
OLD,F1_int_wires,seed3,26,98c732f5d9353069,1,2.1094237467877974e-15,0.9390973527701268,20
OLD,F1_int_wires,seed3,27,98c732f5d9353069,1,2.1094237467877974e-15,0.9390973527701268,20
OLD,F1_int_wires,seed3,28,98c732f5d9353069,1,2.1094237467877974e-15,0.9390973527701268,20
OLD,F1_int_wires,seed3,29,98c732f5d9353069,1,2.1094237467877974e-15,0.9390973527701268,20
OLD,F1_int_wires,seed3,30,98c732f5d9353069,1,2.1094237467877974e-15,0.9390973527701268,20
OLD,F1_int_wires,seed3,31,98c732f5d9353069,1,2.1094237467877974e-15,0.9390973527701268,20
OLD,F1_int_wires,seed3,32,98c732f5d9353069,1,2.1094237467877974e-15,0.9390973527701268,20
OLD,F1_int_wires,seed3,33,98c732f5d9353069,1,2.1094237467877974e-15,0.9390973527701268,20
OLD,F1_int_wires,seed3,34,98c732f5d9353069,1,2.1094237467877974e-15,0.9390973527701268,20
OLD,F1_int_wires,seed3,35,98c732f5d9353069,1,2.1094237467877974e-15,0.9390973527701268,20
OLD,F1_int_wires,seed3,36,98c732f5d9353069,1,2.1094237467877974e-15,0.9390973527701268,20
OLD,F1_int_wires,seed3,37,98c732f5d9353069,1,2.1094237467877974e-15,0.9390973527701268,20
OLD,F1_int_wires,seed3,38,98c732f5d9353069,1,2.1094237467877974e-15,0.9390973527701268,20
OLD,F1_int_wires,seed3,39,98c732f5d9353069,1,2.1094237467877974e-15,0.9390973527701268,20
OLD,F1_int_wires,seed3,40,98c732f5d9353069,1,2.1094237467877974e-15,0.9390973527701268,20
OLD,F1_int_wires,seed3,41,98c732f5d9353069,1,2.1094237467877974e-15,0.9390973527701268,20
OLD,F1_int_wires,seed3,42,98c732f5d9353069,1,2.1094237467877974e-15,0.9390973527701268,20
OLD,F1_int_wires,seed3,43,98c732f5d9353069,1,2.1094237467877974e-15,0.9390973527701268,20
OLD,F1_int_wires,seed3,44,98c732f5d9353069,1,2.1094237467877974e-15,0.9390973527701268,20
OLD,F1_int_wires,seed3,45,98c732f5d9353069,1,2.1094237467877974e-15,0.9390973527701268,20
OLD,F1_int_wires,seed3,46,98c732f5d9353069,1,2.1094237467877974e-15,0.9390973527701268,20
OLD,F1_int_wires,seed3,47,98c732f5d9353069,1,2.1094237467877974e-15,0.9390973527701268,20
OLD,F1_int_wires,seed3,48,98c732f5d9353069,1,2.1094237467877974e-15,0.9390973527701268,20
OLD,F1_int_wires,seed3,49,98c732f5d9353069,1,2.1094237467877974e-15,0.9390973527701268,20
OLD,F1_int_wires,seed3,50,98c732f5d9353069,1,2.1094237467877974e-15,0.9390973527701268,20
OLD,F1_int_wires,seed3,51,98c732f5d9353069,1,2.1094237467877974e-15,0.9390973527701268,20
OLD,F1_int_wires,seed3,52,98c732f5d9353069,1,2.1094237467877974e-15,0.9390973527701268,20
OLD,F1_int_wires,seed3,53,98c732f5d9353069,1,2.1094237467877974e-15,0.9390973527701268,20
OLD,F1_int_wires,seed3,54,98c732f5d9353069,1,2.1094237467877974e-15,0.9390973527701268,20
OLD,F1_int_wires,seed3,55,98c732f5d9353069,1,2.1094237467877974e-15,0.9390973527701268,20
OLD,F1_int_wires,seed3,56,98c732f5d9353069,1,2.1094237467877974e-15,0.9390973527701268,20
OLD,F1_int_wires,seed3,57,98c732f5d9353069,1,2.1094237467877974e-15,0.9390973527701268,20
OLD,F1_int_wires,seed3,58,98c732f5d9353069,1,2.1094237467877974e-15,0.9390973527701268,20
OLD,F1_int_wires,seed3,59,98c732f5d9353069,1,2.1094237467877974e-15,0.9390973527701268,20
OLD,F1_int_wires,seed3,60,98c732f5d9353069,1,2.1094237467877974e-15,0.9390973527701268,20
OLD,F1_int_wires,seed3,61,98c732f5d9353069,1,2.1094237467877974e-15,0.9390973527701268,20
OLD,F1_int_wires,seed3,62,98c732f5d9353069,1,2.1094237467877974e-15,0.9390973527701268,20
OLD,F1_int_wires,seed3,63,98c732f5d9353069,1,2.1094237467877974e-15,0.9390973527701268,20
OLD,F1_int_wires,seed3,64,98c732f5d9353069,1,2.1094237467877974e-15,0.9390973527701268,20
OLD,F1_int_wires,seed3,65,98c732f5d9353069,1,2.1094237467877974e-15,0.9390973527701268,20
OLD,F1_int_wires,seed3,66,98c732f5d9353069,1,2.1094237467877974e-15,0.9390973527701268,20
OLD,F1_int_wires,seed3,67,98c732f5d9353069,1,2.1094237467877974e-15,0.9390973527701268,20
OLD,F1_int_wires,seed3,68,98c732f5d9353069,1,2.1094237467877974e-15,0.9390973527701268,20
OLD,F1_int_wires,seed3,69,98c732f5d9353069,1,2.1094237467877974e-15,0.9390973527701268,20
OLD,F1_int_wires,seed3,70,98c732f5d9353069,1,2.1094237467877974e-15,0.9390973527701268,20
OLD,F1_int_wires,seed3,71,98c732f5d9353069,1,2.1094237467877974e-15,0.9390973527701268,20
OLD,F1_int_wires,seed3,72,98c732f5d9353069,1,2.1094237467877974e-15,0.9390973527701268,20
OLD,F1_int_wires,seed3,73,98c732f5d9353069,1,2.1094237467877974e-15,0.9390973527701268,20
OLD,F1_int_wires,seed3,74,98c732f5d9353069,1,2.1094237467877974e-15,0.9390973527701268,20
OLD,F1_int_wires,seed3,75,98c732f5d9353069,1,2.1094237467877974e-15,0.9390973527701268,20
OLD,F1_int_wires,seed3,76,98c732f5d9353069,1,2.1094237467877974e-15,0.9390973527701268,20
OLD,F1_int_wires,seed3,77,98c732f5d9353069,1,2.1094237467877974e-15,0.9390973527701268,20
OLD,F1_int_wires,seed3,78,98c732f5d9353069,1,2.1094237467877974e-15,0.9390973527701268,20
OLD,F1_int_wires,seed3,79,98c732f5d9353069,1,2.1094237467877974e-15,0.9390973527701268,20
OLD,F1_int_wires,seed3,80,98c732f5d9353069,1,2.1094237467877974e-15,0.9390973527701268,20
OLD,F1_int_wires,seed3,81,98c732f5d9353069,1,2.1094237467877974e-15,0.9390973527701268,20
OLD,F1_int_wires,seed3,82,98c732f5d9353069,1,2.1094237467877974e-15,0.9390973527701268,20
OLD,F1_int_wires,seed3,83,98c732f5d9353069,1,2.1094237467877974e-15,0.9390973527701268,20
OLD,F1_int_wires,seed3,84,98c732f5d9353069,1,2.1094237467877974e-15,0.9390973527701268,20
OLD,F1_int_wires,seed3,85,98c732f5d9353069,1,2.1094237467877974e-15,0.9390973527701268,20
OLD,F1_int_wires,seed3,86,98c732f5d9353069,1,2.1094237467877974e-15,0.9390973527701268,20
OLD,F1_int_wires,seed3,87,98c732f5d9353069,1,2.1094237467877974e-15,0.9390973527701268,20
OLD,F1_int_wires,seed3,88,98c732f5d9353069,1,2.1094237467877974e-15,0.9390973527701268,20
OLD,F1_int_wires,seed3,89,98c732f5d9353069,1,2.1094237467877974e-15,0.9390973527701268,20
OLD,F1_int_wires,seed3,90,98c732f5d9353069,1,2.1094237467877974e-15,0.9390973527701268,20
OLD,F1_int_wires,seed3,91,98c732f5d9353069,1,2.1094237467877974e-15,0.9390973527701268,20
OLD,F1_int_wires,seed3,92,98c732f5d9353069,1,2.1094237467877974e-15,0.9390973527701268,20
OLD,F1_int_wires,seed3,93,98c732f5d9353069,1,2.1094237467877974e-15,0.9390973527701268,20
OLD,F1_int_wires,seed3,94,98c732f5d9353069,1,2.1094237467877974e-15,0.9390973527701268,20
OLD,F1_int_wires,seed3,95,98c732f5d9353069,1,2.1094237467877974e-15,0.9390973527701268,20
OLD,F1_int_wires,seed3,96,98c732f5d9353069,1,2.1094237467877974e-15,0.9390973527701268,20
OLD,F1_int_wires,seed3,97,98c732f5d9353069,1,2.1094237467877974e-15,0.9390973527701268,20
OLD,F1_int_wires,seed3,98,98c732f5d9353069,1,2.1094237467877974e-15,0.9390973527701268,20
OLD,F1_int_wires,seed3,99,98c732f5d9353069,1,2.1094237467877974e-15,0.9390973527701268,20
OLD,F1_int_wires,seed3,100,98c732f5d9353069,1,2.1094237467877974e-15,0.9390973527701268,20
NEW,F1_int_wires,seed4,1,8d3b089593f27d08,1,2.1094237467877974e-15,2.1094237467877974e-15,20
NEW,F1_int_wires,seed4,2,8d3b089593f27d08,1,2.1094237467877974e-15,2.1094237467877974e-15,20
NEW,F1_int_wires,seed4,3,8d3b089593f27d08,1,2.1094237467877974e-15,2.1094237467877974e-15,20
NEW,F1_int_wires,seed4,4,8d3b089593f27d08,1,2.1094237467877974e-15,2.1094237467877974e-15,20
NEW,F1_int_wires,seed4,5,8d3b089593f27d08,1,2.1094237467877974e-15,2.1094237467877974e-15,20
NEW,F1_int_wires,seed4,6,8d3b089593f27d08,1,2.1094237467877974e-15,2.1094237467877974e-15,20
NEW,F1_int_wires,seed4,7,8d3b089593f27d08,1,2.1094237467877974e-15,2.1094237467877974e-15,20
NEW,F1_int_wires,seed4,8,8d3b089593f27d08,1,2.1094237467877974e-15,2.1094237467877974e-15,20
NEW,F1_int_wires,seed4,9,8d3b089593f27d08,1,2.1094237467877974e-15,2.1094237467877974e-15,20
NEW,F1_int_wires,seed4,10,8d3b089593f27d08,1,2.1094237467877974e-15,2.1094237467877974e-15,20
NEW,F1_int_wires,seed4,11,8d3b089593f27d08,1,2.1094237467877974e-15,2.1094237467877974e-15,20
NEW,F1_int_wires,seed4,12,8d3b089593f27d08,1,2.1094237467877974e-15,2.1094237467877974e-15,20
NEW,F1_int_wires,seed4,13,8d3b089593f27d08,1,2.1094237467877974e-15,2.1094237467877974e-15,20
NEW,F1_int_wires,seed4,14,8d3b089593f27d08,1,2.1094237467877974e-15,2.1094237467877974e-15,20
NEW,F1_int_wires,seed4,15,8d3b089593f27d08,1,2.1094237467877974e-15,2.1094237467877974e-15,20
NEW,F1_int_wires,seed4,16,8d3b089593f27d08,1,2.1094237467877974e-15,2.1094237467877974e-15,20
NEW,F1_int_wires,seed4,17,8d3b089593f27d08,1,2.1094237467877974e-15,2.1094237467877974e-15,20
NEW,F1_int_wires,seed4,18,8d3b089593f27d08,1,2.1094237467877974e-15,2.1094237467877974e-15,20
NEW,F1_int_wires,seed4,19,8d3b089593f27d08,1,2.1094237467877974e-15,2.1094237467877974e-15,20
NEW,F1_int_wires,seed4,20,8d3b089593f27d08,1,2.1094237467877974e-15,2.1094237467877974e-15,20
NEW,F1_int_wires,seed4,21,8d3b089593f27d08,1,2.1094237467877974e-15,2.1094237467877974e-15,20
NEW,F1_int_wires,seed4,22,8d3b089593f27d08,1,2.1094237467877974e-15,2.1094237467877974e-15,20
NEW,F1_int_wires,seed4,23,8d3b089593f27d08,1,2.1094237467877974e-15,2.1094237467877974e-15,20
NEW,F1_int_wires,seed4,24,8d3b089593f27d08,1,2.1094237467877974e-15,2.1094237467877974e-15,20
NEW,F1_int_wires,seed4,25,8d3b089593f27d08,1,2.1094237467877974e-15,2.1094237467877974e-15,20
NEW,F1_int_wires,seed4,26,8d3b089593f27d08,1,2.1094237467877974e-15,2.1094237467877974e-15,20
NEW,F1_int_wires,seed4,27,8d3b089593f27d08,1,2.1094237467877974e-15,2.1094237467877974e-15,20
NEW,F1_int_wires,seed4,28,8d3b089593f27d08,1,2.1094237467877974e-15,2.1094237467877974e-15,20
NEW,F1_int_wires,seed4,29,8d3b089593f27d08,1,2.1094237467877974e-15,2.1094237467877974e-15,20
NEW,F1_int_wires,seed4,30,8d3b089593f27d08,1,2.1094237467877974e-15,2.1094237467877974e-15,20
NEW,F1_int_wires,seed4,31,8d3b089593f27d08,1,2.1094237467877974e-15,2.1094237467877974e-15,20
NEW,F1_int_wires,seed4,32,8d3b089593f27d08,1,2.1094237467877974e-15,2.1094237467877974e-15,20
NEW,F1_int_wires,seed4,33,8d3b089593f27d08,1,2.1094237467877974e-15,2.1094237467877974e-15,20
NEW,F1_int_wires,seed4,34,8d3b089593f27d08,1,2.1094237467877974e-15,2.1094237467877974e-15,20
NEW,F1_int_wires,seed4,35,8d3b089593f27d08,1,2.1094237467877974e-15,2.1094237467877974e-15,20
NEW,F1_int_wires,seed4,36,8d3b089593f27d08,1,2.1094237467877974e-15,2.1094237467877974e-15,20
NEW,F1_int_wires,seed4,37,8d3b089593f27d08,1,2.1094237467877974e-15,2.1094237467877974e-15,20
NEW,F1_int_wires,seed4,38,8d3b089593f27d08,1,2.1094237467877974e-15,2.1094237467877974e-15,20
NEW,F1_int_wires,seed4,39,8d3b089593f27d08,1,2.1094237467877974e-15,2.1094237467877974e-15,20
NEW,F1_int_wires,seed4,40,8d3b089593f27d08,1,2.1094237467877974e-15,2.1094237467877974e-15,20
NEW,F1_int_wires,seed4,41,8d3b089593f27d08,1,2.1094237467877974e-15,2.1094237467877974e-15,20
NEW,F1_int_wires,seed4,42,8d3b089593f27d08,1,2.1094237467877974e-15,2.1094237467877974e-15,20
NEW,F1_int_wires,seed4,43,8d3b089593f27d08,1,2.1094237467877974e-15,2.1094237467877974e-15,20
NEW,F1_int_wires,seed4,44,8d3b089593f27d08,1,2.1094237467877974e-15,2.1094237467877974e-15,20
NEW,F1_int_wires,seed4,45,8d3b089593f27d08,1,2.1094237467877974e-15,2.1094237467877974e-15,20
NEW,F1_int_wires,seed4,46,8d3b089593f27d08,1,2.1094237467877974e-15,2.1094237467877974e-15,20
NEW,F1_int_wires,seed4,47,8d3b089593f27d08,1,2.1094237467877974e-15,2.1094237467877974e-15,20
NEW,F1_int_wires,seed4,48,8d3b089593f27d08,1,2.1094237467877974e-15,2.1094237467877974e-15,20
NEW,F1_int_wires,seed4,49,8d3b089593f27d08,1,2.1094237467877974e-15,2.1094237467877974e-15,20
NEW,F1_int_wires,seed4,50,8d3b089593f27d08,1,2.1094237467877974e-15,2.1094237467877974e-15,20
NEW,F1_int_wires,seed4,51,8d3b089593f27d08,1,2.1094237467877974e-15,2.1094237467877974e-15,20
NEW,F1_int_wires,seed4,52,8d3b089593f27d08,1,2.1094237467877974e-15,2.1094237467877974e-15,20
NEW,F1_int_wires,seed4,53,8d3b089593f27d08,1,2.1094237467877974e-15,2.1094237467877974e-15,20
NEW,F1_int_wires,seed4,54,8d3b089593f27d08,1,2.1094237467877974e-15,2.1094237467877974e-15,20
NEW,F1_int_wires,seed4,55,8d3b089593f27d08,1,2.1094237467877974e-15,2.1094237467877974e-15,20
NEW,F1_int_wires,seed4,56,8d3b089593f27d08,1,2.1094237467877974e-15,2.1094237467877974e-15,20
NEW,F1_int_wires,seed4,57,8d3b089593f27d08,1,2.1094237467877974e-15,2.1094237467877974e-15,20
NEW,F1_int_wires,seed4,58,8d3b089593f27d08,1,2.1094237467877974e-15,2.1094237467877974e-15,20
NEW,F1_int_wires,seed4,59,8d3b089593f27d08,1,2.1094237467877974e-15,2.1094237467877974e-15,20
NEW,F1_int_wires,seed4,60,8d3b089593f27d08,1,2.1094237467877974e-15,2.1094237467877974e-15,20
NEW,F1_int_wires,seed4,61,8d3b089593f27d08,1,2.1094237467877974e-15,2.1094237467877974e-15,20
NEW,F1_int_wires,seed4,62,8d3b089593f27d08,1,2.1094237467877974e-15,2.1094237467877974e-15,20
NEW,F1_int_wires,seed4,63,8d3b089593f27d08,1,2.1094237467877974e-15,2.1094237467877974e-15,20
NEW,F1_int_wires,seed4,64,8d3b089593f27d08,1,2.1094237467877974e-15,2.1094237467877974e-15,20
NEW,F1_int_wires,seed4,65,8d3b089593f27d08,1,2.1094237467877974e-15,2.1094237467877974e-15,20
NEW,F1_int_wires,seed4,66,8d3b089593f27d08,1,2.1094237467877974e-15,2.1094237467877974e-15,20
NEW,F1_int_wires,seed4,67,8d3b089593f27d08,1,2.1094237467877974e-15,2.1094237467877974e-15,20
NEW,F1_int_wires,seed4,68,8d3b089593f27d08,1,2.1094237467877974e-15,2.1094237467877974e-15,20
NEW,F1_int_wires,seed4,69,8d3b089593f27d08,1,2.1094237467877974e-15,2.1094237467877974e-15,20
NEW,F1_int_wires,seed4,70,8d3b089593f27d08,1,2.1094237467877974e-15,2.1094237467877974e-15,20
NEW,F1_int_wires,seed4,71,8d3b089593f27d08,1,2.1094237467877974e-15,2.1094237467877974e-15,20
NEW,F1_int_wires,seed4,72,8d3b089593f27d08,1,2.1094237467877974e-15,2.1094237467877974e-15,20
NEW,F1_int_wires,seed4,73,8d3b089593f27d08,1,2.1094237467877974e-15,2.1094237467877974e-15,20
NEW,F1_int_wires,seed4,74,8d3b089593f27d08,1,2.1094237467877974e-15,2.1094237467877974e-15,20
NEW,F1_int_wires,seed4,75,8d3b089593f27d08,1,2.1094237467877974e-15,2.1094237467877974e-15,20
NEW,F1_int_wires,seed4,76,8d3b089593f27d08,1,2.1094237467877974e-15,2.1094237467877974e-15,20
NEW,F1_int_wires,seed4,77,8d3b089593f27d08,1,2.1094237467877974e-15,2.1094237467877974e-15,20
NEW,F1_int_wires,seed4,78,8d3b089593f27d08,1,2.1094237467877974e-15,2.1094237467877974e-15,20
NEW,F1_int_wires,seed4,79,8d3b089593f27d08,1,2.1094237467877974e-15,2.1094237467877974e-15,20
NEW,F1_int_wires,seed4,80,8d3b089593f27d08,1,2.1094237467877974e-15,2.1094237467877974e-15,20
NEW,F1_int_wires,seed4,81,8d3b089593f27d08,1,2.1094237467877974e-15,2.1094237467877974e-15,20
NEW,F1_int_wires,seed4,82,8d3b089593f27d08,1,2.1094237467877974e-15,2.1094237467877974e-15,20
NEW,F1_int_wires,seed4,83,8d3b089593f27d08,1,2.1094237467877974e-15,2.1094237467877974e-15,20
NEW,F1_int_wires,seed4,84,8d3b089593f27d08,1,2.1094237467877974e-15,2.1094237467877974e-15,20
NEW,F1_int_wires,seed4,85,8d3b089593f27d08,1,2.1094237467877974e-15,2.1094237467877974e-15,20
NEW,F1_int_wires,seed4,86,8d3b089593f27d08,1,2.1094237467877974e-15,2.1094237467877974e-15,20
NEW,F1_int_wires,seed4,87,8d3b089593f27d08,1,2.1094237467877974e-15,2.1094237467877974e-15,20
NEW,F1_int_wires,seed4,88,8d3b089593f27d08,1,2.1094237467877974e-15,2.1094237467877974e-15,20
NEW,F1_int_wires,seed4,89,8d3b089593f27d08,1,2.1094237467877974e-15,2.1094237467877974e-15,20
NEW,F1_int_wires,seed4,90,8d3b089593f27d08,1,2.1094237467877974e-15,2.1094237467877974e-15,20
NEW,F1_int_wires,seed4,91,8d3b089593f27d08,1,2.1094237467877974e-15,2.1094237467877974e-15,20
NEW,F1_int_wires,seed4,92,8d3b089593f27d08,1,2.1094237467877974e-15,2.1094237467877974e-15,20
NEW,F1_int_wires,seed4,93,8d3b089593f27d08,1,2.1094237467877974e-15,2.1094237467877974e-15,20
NEW,F1_int_wires,seed4,94,8d3b089593f27d08,1,2.1094237467877974e-15,2.1094237467877974e-15,20
NEW,F1_int_wires,seed4,95,8d3b089593f27d08,1,2.1094237467877974e-15,2.1094237467877974e-15,20
NEW,F1_int_wires,seed4,96,8d3b089593f27d08,1,2.1094237467877974e-15,2.1094237467877974e-15,20
NEW,F1_int_wires,seed4,97,8d3b089593f27d08,1,2.1094237467877974e-15,2.1094237467877974e-15,20
NEW,F1_int_wires,seed4,98,8d3b089593f27d08,1,2.1094237467877974e-15,2.1094237467877974e-15,20
NEW,F1_int_wires,seed4,99,8d3b089593f27d08,1,2.1094237467877974e-15,2.1094237467877974e-15,20
NEW,F1_int_wires,seed4,100,8d3b089593f27d08,1,2.1094237467877974e-15,2.1094237467877974e-15,20
OLD,F1_int_wires,seed4,1,8d3b089593f27d08,1,2.1094237467877974e-15,0.9283337873847848,20
OLD,F1_int_wires,seed4,2,8d3b089593f27d08,1,2.1094237467877974e-15,0.9283337873847848,20
OLD,F1_int_wires,seed4,3,8d3b089593f27d08,1,2.1094237467877974e-15,0.9283337873847848,20
OLD,F1_int_wires,seed4,4,8d3b089593f27d08,1,2.1094237467877974e-15,0.9283337873847848,20
OLD,F1_int_wires,seed4,5,8d3b089593f27d08,1,2.1094237467877974e-15,0.9283337873847848,20
OLD,F1_int_wires,seed4,6,8d3b089593f27d08,1,2.1094237467877974e-15,0.9283337873847848,20
OLD,F1_int_wires,seed4,7,8d3b089593f27d08,1,2.1094237467877974e-15,0.9283337873847848,20
OLD,F1_int_wires,seed4,8,8d3b089593f27d08,1,2.1094237467877974e-15,0.9283337873847848,20
OLD,F1_int_wires,seed4,9,8d3b089593f27d08,1,2.1094237467877974e-15,0.9283337873847848,20
OLD,F1_int_wires,seed4,10,8d3b089593f27d08,1,2.1094237467877974e-15,0.9283337873847848,20
OLD,F1_int_wires,seed4,11,8d3b089593f27d08,1,2.1094237467877974e-15,0.9283337873847848,20
OLD,F1_int_wires,seed4,12,8d3b089593f27d08,1,2.1094237467877974e-15,0.9283337873847848,20
OLD,F1_int_wires,seed4,13,8d3b089593f27d08,1,2.1094237467877974e-15,0.9283337873847848,20
OLD,F1_int_wires,seed4,14,8d3b089593f27d08,1,2.1094237467877974e-15,0.9283337873847848,20
OLD,F1_int_wires,seed4,15,8d3b089593f27d08,1,2.1094237467877974e-15,0.9283337873847848,20
OLD,F1_int_wires,seed4,16,8d3b089593f27d08,1,2.1094237467877974e-15,0.9283337873847848,20
OLD,F1_int_wires,seed4,17,8d3b089593f27d08,1,2.1094237467877974e-15,0.9283337873847848,20
OLD,F1_int_wires,seed4,18,8d3b089593f27d08,1,2.1094237467877974e-15,0.9283337873847848,20
OLD,F1_int_wires,seed4,19,8d3b089593f27d08,1,2.1094237467877974e-15,0.9283337873847848,20
OLD,F1_int_wires,seed4,20,8d3b089593f27d08,1,2.1094237467877974e-15,0.9283337873847848,20
OLD,F1_int_wires,seed4,21,8d3b089593f27d08,1,2.1094237467877974e-15,0.9283337873847848,20
OLD,F1_int_wires,seed4,22,8d3b089593f27d08,1,2.1094237467877974e-15,0.9283337873847848,20
OLD,F1_int_wires,seed4,23,8d3b089593f27d08,1,2.1094237467877974e-15,0.9283337873847848,20
OLD,F1_int_wires,seed4,24,8d3b089593f27d08,1,2.1094237467877974e-15,0.9283337873847848,20
OLD,F1_int_wires,seed4,25,8d3b089593f27d08,1,2.1094237467877974e-15,0.9283337873847848,20
OLD,F1_int_wires,seed4,26,8d3b089593f27d08,1,2.1094237467877974e-15,0.9283337873847848,20
OLD,F1_int_wires,seed4,27,8d3b089593f27d08,1,2.1094237467877974e-15,0.9283337873847848,20
OLD,F1_int_wires,seed4,28,8d3b089593f27d08,1,2.1094237467877974e-15,0.9283337873847848,20
OLD,F1_int_wires,seed4,29,8d3b089593f27d08,1,2.1094237467877974e-15,0.9283337873847848,20
OLD,F1_int_wires,seed4,30,8d3b089593f27d08,1,2.1094237467877974e-15,0.9283337873847848,20
OLD,F1_int_wires,seed4,31,8d3b089593f27d08,1,2.1094237467877974e-15,0.9283337873847848,20
OLD,F1_int_wires,seed4,32,8d3b089593f27d08,1,2.1094237467877974e-15,0.9283337873847848,20
OLD,F1_int_wires,seed4,33,8d3b089593f27d08,1,2.1094237467877974e-15,0.9283337873847848,20
OLD,F1_int_wires,seed4,34,8d3b089593f27d08,1,2.1094237467877974e-15,0.9283337873847848,20
OLD,F1_int_wires,seed4,35,8d3b089593f27d08,1,2.1094237467877974e-15,0.9283337873847848,20
OLD,F1_int_wires,seed4,36,8d3b089593f27d08,1,2.1094237467877974e-15,0.9283337873847848,20
OLD,F1_int_wires,seed4,37,8d3b089593f27d08,1,2.1094237467877974e-15,0.9283337873847848,20
OLD,F1_int_wires,seed4,38,8d3b089593f27d08,1,2.1094237467877974e-15,0.9283337873847848,20
OLD,F1_int_wires,seed4,39,8d3b089593f27d08,1,2.1094237467877974e-15,0.9283337873847848,20
OLD,F1_int_wires,seed4,40,8d3b089593f27d08,1,2.1094237467877974e-15,0.9283337873847848,20
OLD,F1_int_wires,seed4,41,8d3b089593f27d08,1,2.1094237467877974e-15,0.9283337873847848,20
OLD,F1_int_wires,seed4,42,8d3b089593f27d08,1,2.1094237467877974e-15,0.9283337873847848,20
OLD,F1_int_wires,seed4,43,8d3b089593f27d08,1,2.1094237467877974e-15,0.9283337873847848,20
OLD,F1_int_wires,seed4,44,8d3b089593f27d08,1,2.1094237467877974e-15,0.9283337873847848,20
OLD,F1_int_wires,seed4,45,8d3b089593f27d08,1,2.1094237467877974e-15,0.9283337873847848,20
OLD,F1_int_wires,seed4,46,8d3b089593f27d08,1,2.1094237467877974e-15,0.9283337873847848,20
OLD,F1_int_wires,seed4,47,8d3b089593f27d08,1,2.1094237467877974e-15,0.9283337873847848,20
OLD,F1_int_wires,seed4,48,8d3b089593f27d08,1,2.1094237467877974e-15,0.9283337873847848,20
OLD,F1_int_wires,seed4,49,8d3b089593f27d08,1,2.1094237467877974e-15,0.9283337873847848,20
OLD,F1_int_wires,seed4,50,8d3b089593f27d08,1,2.1094237467877974e-15,0.9283337873847848,20
OLD,F1_int_wires,seed4,51,8d3b089593f27d08,1,2.1094237467877974e-15,0.9283337873847848,20
OLD,F1_int_wires,seed4,52,8d3b089593f27d08,1,2.1094237467877974e-15,0.9283337873847848,20
OLD,F1_int_wires,seed4,53,8d3b089593f27d08,1,2.1094237467877974e-15,0.9283337873847848,20
OLD,F1_int_wires,seed4,54,8d3b089593f27d08,1,2.1094237467877974e-15,0.9283337873847848,20
OLD,F1_int_wires,seed4,55,8d3b089593f27d08,1,2.1094237467877974e-15,0.9283337873847848,20
OLD,F1_int_wires,seed4,56,8d3b089593f27d08,1,2.1094237467877974e-15,0.9283337873847848,20
OLD,F1_int_wires,seed4,57,8d3b089593f27d08,1,2.1094237467877974e-15,0.9283337873847848,20
OLD,F1_int_wires,seed4,58,8d3b089593f27d08,1,2.1094237467877974e-15,0.9283337873847848,20
OLD,F1_int_wires,seed4,59,8d3b089593f27d08,1,2.1094237467877974e-15,0.9283337873847848,20
OLD,F1_int_wires,seed4,60,8d3b089593f27d08,1,2.1094237467877974e-15,0.9283337873847848,20
OLD,F1_int_wires,seed4,61,8d3b089593f27d08,1,2.1094237467877974e-15,0.9283337873847848,20
OLD,F1_int_wires,seed4,62,8d3b089593f27d08,1,2.1094237467877974e-15,0.9283337873847848,20
OLD,F1_int_wires,seed4,63,8d3b089593f27d08,1,2.1094237467877974e-15,0.9283337873847848,20
OLD,F1_int_wires,seed4,64,8d3b089593f27d08,1,2.1094237467877974e-15,0.9283337873847848,20
OLD,F1_int_wires,seed4,65,8d3b089593f27d08,1,2.1094237467877974e-15,0.9283337873847848,20
OLD,F1_int_wires,seed4,66,8d3b089593f27d08,1,2.1094237467877974e-15,0.9283337873847848,20
OLD,F1_int_wires,seed4,67,8d3b089593f27d08,1,2.1094237467877974e-15,0.9283337873847848,20
OLD,F1_int_wires,seed4,68,8d3b089593f27d08,1,2.1094237467877974e-15,0.9283337873847848,20
OLD,F1_int_wires,seed4,69,8d3b089593f27d08,1,2.1094237467877974e-15,0.9283337873847848,20
OLD,F1_int_wires,seed4,70,8d3b089593f27d08,1,2.1094237467877974e-15,0.9283337873847848,20
OLD,F1_int_wires,seed4,71,8d3b089593f27d08,1,2.1094237467877974e-15,0.9283337873847848,20
OLD,F1_int_wires,seed4,72,8d3b089593f27d08,1,2.1094237467877974e-15,0.9283337873847848,20
OLD,F1_int_wires,seed4,73,8d3b089593f27d08,1,2.1094237467877974e-15,0.9283337873847848,20
OLD,F1_int_wires,seed4,74,8d3b089593f27d08,1,2.1094237467877974e-15,0.9283337873847848,20
OLD,F1_int_wires,seed4,75,8d3b089593f27d08,1,2.1094237467877974e-15,0.9283337873847848,20
OLD,F1_int_wires,seed4,76,8d3b089593f27d08,1,2.1094237467877974e-15,0.9283337873847848,20
OLD,F1_int_wires,seed4,77,8d3b089593f27d08,1,2.1094237467877974e-15,0.9283337873847848,20
OLD,F1_int_wires,seed4,78,8d3b089593f27d08,1,2.1094237467877974e-15,0.9283337873847848,20
OLD,F1_int_wires,seed4,79,8d3b089593f27d08,1,2.1094237467877974e-15,0.9283337873847848,20
OLD,F1_int_wires,seed4,80,8d3b089593f27d08,1,2.1094237467877974e-15,0.9283337873847848,20
OLD,F1_int_wires,seed4,81,8d3b089593f27d08,1,2.1094237467877974e-15,0.9283337873847848,20
OLD,F1_int_wires,seed4,82,8d3b089593f27d08,1,2.1094237467877974e-15,0.9283337873847848,20
OLD,F1_int_wires,seed4,83,8d3b089593f27d08,1,2.1094237467877974e-15,0.9283337873847848,20
OLD,F1_int_wires,seed4,84,8d3b089593f27d08,1,2.1094237467877974e-15,0.9283337873847848,20
OLD,F1_int_wires,seed4,85,8d3b089593f27d08,1,2.1094237467877974e-15,0.9283337873847848,20
OLD,F1_int_wires,seed4,86,8d3b089593f27d08,1,2.1094237467877974e-15,0.9283337873847848,20
OLD,F1_int_wires,seed4,87,8d3b089593f27d08,1,2.1094237467877974e-15,0.9283337873847848,20
OLD,F1_int_wires,seed4,88,8d3b089593f27d08,1,2.1094237467877974e-15,0.9283337873847848,20
OLD,F1_int_wires,seed4,89,8d3b089593f27d08,1,2.1094237467877974e-15,0.9283337873847848,20
OLD,F1_int_wires,seed4,90,8d3b089593f27d08,1,2.1094237467877974e-15,0.9283337873847848,20
OLD,F1_int_wires,seed4,91,8d3b089593f27d08,1,2.1094237467877974e-15,0.9283337873847848,20
OLD,F1_int_wires,seed4,92,8d3b089593f27d08,1,2.1094237467877974e-15,0.9283337873847848,20
OLD,F1_int_wires,seed4,93,8d3b089593f27d08,1,2.1094237467877974e-15,0.9283337873847848,20
OLD,F1_int_wires,seed4,94,8d3b089593f27d08,1,2.1094237467877974e-15,0.9283337873847848,20
OLD,F1_int_wires,seed4,95,8d3b089593f27d08,1,2.1094237467877974e-15,0.9283337873847848,20
OLD,F1_int_wires,seed4,96,8d3b089593f27d08,1,2.1094237467877974e-15,0.9283337873847848,20
OLD,F1_int_wires,seed4,97,8d3b089593f27d08,1,2.1094237467877974e-15,0.9283337873847848,20
OLD,F1_int_wires,seed4,98,8d3b089593f27d08,1,2.1094237467877974e-15,0.9283337873847848,20
OLD,F1_int_wires,seed4,99,8d3b089593f27d08,1,2.1094237467877974e-15,0.9283337873847848,20
OLD,F1_int_wires,seed4,100,8d3b089593f27d08,1,2.1094237467877974e-15,0.9283337873847848,20
NEW,F1_int_wires,seed5,1,b571e027fab895c8,1,1.887379141862766e-15,1.6653345369377348e-15,20
NEW,F1_int_wires,seed5,2,b571e027fab895c8,1,1.887379141862766e-15,1.6653345369377348e-15,20
NEW,F1_int_wires,seed5,3,b571e027fab895c8,1,1.887379141862766e-15,1.6653345369377348e-15,20
NEW,F1_int_wires,seed5,4,b571e027fab895c8,1,1.887379141862766e-15,1.6653345369377348e-15,20
NEW,F1_int_wires,seed5,5,b571e027fab895c8,1,1.887379141862766e-15,1.6653345369377348e-15,20
NEW,F1_int_wires,seed5,6,b571e027fab895c8,1,1.887379141862766e-15,1.6653345369377348e-15,20
NEW,F1_int_wires,seed5,7,b571e027fab895c8,1,1.887379141862766e-15,1.6653345369377348e-15,20
NEW,F1_int_wires,seed5,8,b571e027fab895c8,1,1.887379141862766e-15,1.6653345369377348e-15,20
NEW,F1_int_wires,seed5,9,b571e027fab895c8,1,1.887379141862766e-15,1.6653345369377348e-15,20
NEW,F1_int_wires,seed5,10,b571e027fab895c8,1,1.887379141862766e-15,1.6653345369377348e-15,20
NEW,F1_int_wires,seed5,11,b571e027fab895c8,1,1.887379141862766e-15,1.6653345369377348e-15,20
NEW,F1_int_wires,seed5,12,b571e027fab895c8,1,1.887379141862766e-15,1.6653345369377348e-15,20
NEW,F1_int_wires,seed5,13,b571e027fab895c8,1,1.887379141862766e-15,1.6653345369377348e-15,20
NEW,F1_int_wires,seed5,14,b571e027fab895c8,1,1.887379141862766e-15,1.6653345369377348e-15,20
NEW,F1_int_wires,seed5,15,b571e027fab895c8,1,1.887379141862766e-15,1.6653345369377348e-15,20
NEW,F1_int_wires,seed5,16,b571e027fab895c8,1,1.887379141862766e-15,1.6653345369377348e-15,20
NEW,F1_int_wires,seed5,17,b571e027fab895c8,1,1.887379141862766e-15,1.6653345369377348e-15,20
NEW,F1_int_wires,seed5,18,b571e027fab895c8,1,1.887379141862766e-15,1.6653345369377348e-15,20
NEW,F1_int_wires,seed5,19,b571e027fab895c8,1,1.887379141862766e-15,1.6653345369377348e-15,20
NEW,F1_int_wires,seed5,20,b571e027fab895c8,1,1.887379141862766e-15,1.6653345369377348e-15,20
NEW,F1_int_wires,seed5,21,b571e027fab895c8,1,1.887379141862766e-15,1.6653345369377348e-15,20
NEW,F1_int_wires,seed5,22,b571e027fab895c8,1,1.887379141862766e-15,1.6653345369377348e-15,20
NEW,F1_int_wires,seed5,23,b571e027fab895c8,1,1.887379141862766e-15,1.6653345369377348e-15,20
NEW,F1_int_wires,seed5,24,b571e027fab895c8,1,1.887379141862766e-15,1.6653345369377348e-15,20
NEW,F1_int_wires,seed5,25,b571e027fab895c8,1,1.887379141862766e-15,1.6653345369377348e-15,20
NEW,F1_int_wires,seed5,26,b571e027fab895c8,1,1.887379141862766e-15,1.6653345369377348e-15,20
NEW,F1_int_wires,seed5,27,b571e027fab895c8,1,1.887379141862766e-15,1.6653345369377348e-15,20
NEW,F1_int_wires,seed5,28,b571e027fab895c8,1,1.887379141862766e-15,1.6653345369377348e-15,20
NEW,F1_int_wires,seed5,29,b571e027fab895c8,1,1.887379141862766e-15,1.6653345369377348e-15,20
NEW,F1_int_wires,seed5,30,b571e027fab895c8,1,1.887379141862766e-15,1.6653345369377348e-15,20
NEW,F1_int_wires,seed5,31,b571e027fab895c8,1,1.887379141862766e-15,1.6653345369377348e-15,20
NEW,F1_int_wires,seed5,32,b571e027fab895c8,1,1.887379141862766e-15,1.6653345369377348e-15,20
NEW,F1_int_wires,seed5,33,b571e027fab895c8,1,1.887379141862766e-15,1.6653345369377348e-15,20
NEW,F1_int_wires,seed5,34,b571e027fab895c8,1,1.887379141862766e-15,1.6653345369377348e-15,20
NEW,F1_int_wires,seed5,35,b571e027fab895c8,1,1.887379141862766e-15,1.6653345369377348e-15,20
NEW,F1_int_wires,seed5,36,b571e027fab895c8,1,1.887379141862766e-15,1.6653345369377348e-15,20
NEW,F1_int_wires,seed5,37,b571e027fab895c8,1,1.887379141862766e-15,1.6653345369377348e-15,20
NEW,F1_int_wires,seed5,38,b571e027fab895c8,1,1.887379141862766e-15,1.6653345369377348e-15,20
NEW,F1_int_wires,seed5,39,b571e027fab895c8,1,1.887379141862766e-15,1.6653345369377348e-15,20
NEW,F1_int_wires,seed5,40,b571e027fab895c8,1,1.887379141862766e-15,1.6653345369377348e-15,20
NEW,F1_int_wires,seed5,41,b571e027fab895c8,1,1.887379141862766e-15,1.6653345369377348e-15,20
NEW,F1_int_wires,seed5,42,b571e027fab895c8,1,1.887379141862766e-15,1.6653345369377348e-15,20
NEW,F1_int_wires,seed5,43,b571e027fab895c8,1,1.887379141862766e-15,1.6653345369377348e-15,20
NEW,F1_int_wires,seed5,44,b571e027fab895c8,1,1.887379141862766e-15,1.6653345369377348e-15,20
NEW,F1_int_wires,seed5,45,b571e027fab895c8,1,1.887379141862766e-15,1.6653345369377348e-15,20
NEW,F1_int_wires,seed5,46,b571e027fab895c8,1,1.887379141862766e-15,1.6653345369377348e-15,20
NEW,F1_int_wires,seed5,47,b571e027fab895c8,1,1.887379141862766e-15,1.6653345369377348e-15,20
NEW,F1_int_wires,seed5,48,b571e027fab895c8,1,1.887379141862766e-15,1.6653345369377348e-15,20
NEW,F1_int_wires,seed5,49,b571e027fab895c8,1,1.887379141862766e-15,1.6653345369377348e-15,20
NEW,F1_int_wires,seed5,50,b571e027fab895c8,1,1.887379141862766e-15,1.6653345369377348e-15,20
NEW,F1_int_wires,seed5,51,b571e027fab895c8,1,1.887379141862766e-15,1.6653345369377348e-15,20
NEW,F1_int_wires,seed5,52,b571e027fab895c8,1,1.887379141862766e-15,1.6653345369377348e-15,20
NEW,F1_int_wires,seed5,53,b571e027fab895c8,1,1.887379141862766e-15,1.6653345369377348e-15,20
NEW,F1_int_wires,seed5,54,b571e027fab895c8,1,1.887379141862766e-15,1.6653345369377348e-15,20
NEW,F1_int_wires,seed5,55,b571e027fab895c8,1,1.887379141862766e-15,1.6653345369377348e-15,20
NEW,F1_int_wires,seed5,56,b571e027fab895c8,1,1.887379141862766e-15,1.6653345369377348e-15,20
NEW,F1_int_wires,seed5,57,b571e027fab895c8,1,1.887379141862766e-15,1.6653345369377348e-15,20
NEW,F1_int_wires,seed5,58,b571e027fab895c8,1,1.887379141862766e-15,1.6653345369377348e-15,20
NEW,F1_int_wires,seed5,59,b571e027fab895c8,1,1.887379141862766e-15,1.6653345369377348e-15,20
NEW,F1_int_wires,seed5,60,b571e027fab895c8,1,1.887379141862766e-15,1.6653345369377348e-15,20
NEW,F1_int_wires,seed5,61,b571e027fab895c8,1,1.887379141862766e-15,1.6653345369377348e-15,20
NEW,F1_int_wires,seed5,62,b571e027fab895c8,1,1.887379141862766e-15,1.6653345369377348e-15,20
NEW,F1_int_wires,seed5,63,b571e027fab895c8,1,1.887379141862766e-15,1.6653345369377348e-15,20
NEW,F1_int_wires,seed5,64,b571e027fab895c8,1,1.887379141862766e-15,1.6653345369377348e-15,20
NEW,F1_int_wires,seed5,65,b571e027fab895c8,1,1.887379141862766e-15,1.6653345369377348e-15,20
NEW,F1_int_wires,seed5,66,b571e027fab895c8,1,1.887379141862766e-15,1.6653345369377348e-15,20
NEW,F1_int_wires,seed5,67,b571e027fab895c8,1,1.887379141862766e-15,1.6653345369377348e-15,20
NEW,F1_int_wires,seed5,68,b571e027fab895c8,1,1.887379141862766e-15,1.6653345369377348e-15,20
NEW,F1_int_wires,seed5,69,b571e027fab895c8,1,1.887379141862766e-15,1.6653345369377348e-15,20
NEW,F1_int_wires,seed5,70,b571e027fab895c8,1,1.887379141862766e-15,1.6653345369377348e-15,20
NEW,F1_int_wires,seed5,71,b571e027fab895c8,1,1.887379141862766e-15,1.6653345369377348e-15,20
NEW,F1_int_wires,seed5,72,b571e027fab895c8,1,1.887379141862766e-15,1.6653345369377348e-15,20
NEW,F1_int_wires,seed5,73,b571e027fab895c8,1,1.887379141862766e-15,1.6653345369377348e-15,20
NEW,F1_int_wires,seed5,74,b571e027fab895c8,1,1.887379141862766e-15,1.6653345369377348e-15,20
NEW,F1_int_wires,seed5,75,b571e027fab895c8,1,1.887379141862766e-15,1.6653345369377348e-15,20
NEW,F1_int_wires,seed5,76,b571e027fab895c8,1,1.887379141862766e-15,1.6653345369377348e-15,20
NEW,F1_int_wires,seed5,77,b571e027fab895c8,1,1.887379141862766e-15,1.6653345369377348e-15,20
NEW,F1_int_wires,seed5,78,b571e027fab895c8,1,1.887379141862766e-15,1.6653345369377348e-15,20
NEW,F1_int_wires,seed5,79,b571e027fab895c8,1,1.887379141862766e-15,1.6653345369377348e-15,20
NEW,F1_int_wires,seed5,80,b571e027fab895c8,1,1.887379141862766e-15,1.6653345369377348e-15,20
NEW,F1_int_wires,seed5,81,b571e027fab895c8,1,1.887379141862766e-15,1.6653345369377348e-15,20
NEW,F1_int_wires,seed5,82,b571e027fab895c8,1,1.887379141862766e-15,1.6653345369377348e-15,20
NEW,F1_int_wires,seed5,83,b571e027fab895c8,1,1.887379141862766e-15,1.6653345369377348e-15,20
NEW,F1_int_wires,seed5,84,b571e027fab895c8,1,1.887379141862766e-15,1.6653345369377348e-15,20
NEW,F1_int_wires,seed5,85,b571e027fab895c8,1,1.887379141862766e-15,1.6653345369377348e-15,20
NEW,F1_int_wires,seed5,86,b571e027fab895c8,1,1.887379141862766e-15,1.6653345369377348e-15,20
NEW,F1_int_wires,seed5,87,b571e027fab895c8,1,1.887379141862766e-15,1.6653345369377348e-15,20
NEW,F1_int_wires,seed5,88,b571e027fab895c8,1,1.887379141862766e-15,1.6653345369377348e-15,20
NEW,F1_int_wires,seed5,89,b571e027fab895c8,1,1.887379141862766e-15,1.6653345369377348e-15,20
NEW,F1_int_wires,seed5,90,b571e027fab895c8,1,1.887379141862766e-15,1.6653345369377348e-15,20
NEW,F1_int_wires,seed5,91,b571e027fab895c8,1,1.887379141862766e-15,1.6653345369377348e-15,20
NEW,F1_int_wires,seed5,92,b571e027fab895c8,1,1.887379141862766e-15,1.6653345369377348e-15,20
NEW,F1_int_wires,seed5,93,b571e027fab895c8,1,1.887379141862766e-15,1.6653345369377348e-15,20
NEW,F1_int_wires,seed5,94,b571e027fab895c8,1,1.887379141862766e-15,1.6653345369377348e-15,20
NEW,F1_int_wires,seed5,95,b571e027fab895c8,1,1.887379141862766e-15,1.6653345369377348e-15,20
NEW,F1_int_wires,seed5,96,b571e027fab895c8,1,1.887379141862766e-15,1.6653345369377348e-15,20
NEW,F1_int_wires,seed5,97,b571e027fab895c8,1,1.887379141862766e-15,1.6653345369377348e-15,20
NEW,F1_int_wires,seed5,98,b571e027fab895c8,1,1.887379141862766e-15,1.6653345369377348e-15,20
NEW,F1_int_wires,seed5,99,b571e027fab895c8,1,1.887379141862766e-15,1.6653345369377348e-15,20
NEW,F1_int_wires,seed5,100,b571e027fab895c8,1,1.887379141862766e-15,1.6653345369377348e-15,20
OLD,F1_int_wires,seed5,1,b571e027fab895c8,1,1.887379141862766e-15,0.938442560747625,20
OLD,F1_int_wires,seed5,2,b571e027fab895c8,1,1.887379141862766e-15,0.938442560747625,20
OLD,F1_int_wires,seed5,3,b571e027fab895c8,1,1.887379141862766e-15,0.938442560747625,20
OLD,F1_int_wires,seed5,4,b571e027fab895c8,1,1.887379141862766e-15,0.938442560747625,20
OLD,F1_int_wires,seed5,5,b571e027fab895c8,1,1.887379141862766e-15,0.938442560747625,20
OLD,F1_int_wires,seed5,6,b571e027fab895c8,1,1.887379141862766e-15,0.938442560747625,20
OLD,F1_int_wires,seed5,7,b571e027fab895c8,1,1.887379141862766e-15,0.938442560747625,20
OLD,F1_int_wires,seed5,8,b571e027fab895c8,1,1.887379141862766e-15,0.938442560747625,20
OLD,F1_int_wires,seed5,9,b571e027fab895c8,1,1.887379141862766e-15,0.938442560747625,20
OLD,F1_int_wires,seed5,10,b571e027fab895c8,1,1.887379141862766e-15,0.938442560747625,20
OLD,F1_int_wires,seed5,11,b571e027fab895c8,1,1.887379141862766e-15,0.938442560747625,20
OLD,F1_int_wires,seed5,12,b571e027fab895c8,1,1.887379141862766e-15,0.938442560747625,20
OLD,F1_int_wires,seed5,13,b571e027fab895c8,1,1.887379141862766e-15,0.938442560747625,20
OLD,F1_int_wires,seed5,14,b571e027fab895c8,1,1.887379141862766e-15,0.938442560747625,20
OLD,F1_int_wires,seed5,15,b571e027fab895c8,1,1.887379141862766e-15,0.938442560747625,20
OLD,F1_int_wires,seed5,16,b571e027fab895c8,1,1.887379141862766e-15,0.938442560747625,20
OLD,F1_int_wires,seed5,17,b571e027fab895c8,1,1.887379141862766e-15,0.938442560747625,20
OLD,F1_int_wires,seed5,18,b571e027fab895c8,1,1.887379141862766e-15,0.938442560747625,20
OLD,F1_int_wires,seed5,19,b571e027fab895c8,1,1.887379141862766e-15,0.938442560747625,20
OLD,F1_int_wires,seed5,20,b571e027fab895c8,1,1.887379141862766e-15,0.938442560747625,20
OLD,F1_int_wires,seed5,21,b571e027fab895c8,1,1.887379141862766e-15,0.938442560747625,20
OLD,F1_int_wires,seed5,22,b571e027fab895c8,1,1.887379141862766e-15,0.938442560747625,20
OLD,F1_int_wires,seed5,23,b571e027fab895c8,1,1.887379141862766e-15,0.938442560747625,20
OLD,F1_int_wires,seed5,24,b571e027fab895c8,1,1.887379141862766e-15,0.938442560747625,20
OLD,F1_int_wires,seed5,25,b571e027fab895c8,1,1.887379141862766e-15,0.938442560747625,20
OLD,F1_int_wires,seed5,26,b571e027fab895c8,1,1.887379141862766e-15,0.938442560747625,20
OLD,F1_int_wires,seed5,27,b571e027fab895c8,1,1.887379141862766e-15,0.938442560747625,20
OLD,F1_int_wires,seed5,28,b571e027fab895c8,1,1.887379141862766e-15,0.938442560747625,20
OLD,F1_int_wires,seed5,29,b571e027fab895c8,1,1.887379141862766e-15,0.938442560747625,20
OLD,F1_int_wires,seed5,30,b571e027fab895c8,1,1.887379141862766e-15,0.938442560747625,20
OLD,F1_int_wires,seed5,31,b571e027fab895c8,1,1.887379141862766e-15,0.938442560747625,20
OLD,F1_int_wires,seed5,32,b571e027fab895c8,1,1.887379141862766e-15,0.938442560747625,20
OLD,F1_int_wires,seed5,33,b571e027fab895c8,1,1.887379141862766e-15,0.938442560747625,20
OLD,F1_int_wires,seed5,34,b571e027fab895c8,1,1.887379141862766e-15,0.938442560747625,20
OLD,F1_int_wires,seed5,35,b571e027fab895c8,1,1.887379141862766e-15,0.938442560747625,20
OLD,F1_int_wires,seed5,36,b571e027fab895c8,1,1.887379141862766e-15,0.938442560747625,20
OLD,F1_int_wires,seed5,37,b571e027fab895c8,1,1.887379141862766e-15,0.938442560747625,20
OLD,F1_int_wires,seed5,38,b571e027fab895c8,1,1.887379141862766e-15,0.938442560747625,20
OLD,F1_int_wires,seed5,39,b571e027fab895c8,1,1.887379141862766e-15,0.938442560747625,20
OLD,F1_int_wires,seed5,40,b571e027fab895c8,1,1.887379141862766e-15,0.938442560747625,20
OLD,F1_int_wires,seed5,41,b571e027fab895c8,1,1.887379141862766e-15,0.938442560747625,20
OLD,F1_int_wires,seed5,42,b571e027fab895c8,1,1.887379141862766e-15,0.938442560747625,20
OLD,F1_int_wires,seed5,43,b571e027fab895c8,1,1.887379141862766e-15,0.938442560747625,20
OLD,F1_int_wires,seed5,44,b571e027fab895c8,1,1.887379141862766e-15,0.938442560747625,20
OLD,F1_int_wires,seed5,45,b571e027fab895c8,1,1.887379141862766e-15,0.938442560747625,20
OLD,F1_int_wires,seed5,46,b571e027fab895c8,1,1.887379141862766e-15,0.938442560747625,20
OLD,F1_int_wires,seed5,47,b571e027fab895c8,1,1.887379141862766e-15,0.938442560747625,20
OLD,F1_int_wires,seed5,48,b571e027fab895c8,1,1.887379141862766e-15,0.938442560747625,20
OLD,F1_int_wires,seed5,49,b571e027fab895c8,1,1.887379141862766e-15,0.938442560747625,20
OLD,F1_int_wires,seed5,50,b571e027fab895c8,1,1.887379141862766e-15,0.938442560747625,20
OLD,F1_int_wires,seed5,51,b571e027fab895c8,1,1.887379141862766e-15,0.938442560747625,20
OLD,F1_int_wires,seed5,52,b571e027fab895c8,1,1.887379141862766e-15,0.938442560747625,20
OLD,F1_int_wires,seed5,53,b571e027fab895c8,1,1.887379141862766e-15,0.938442560747625,20
OLD,F1_int_wires,seed5,54,b571e027fab895c8,1,1.887379141862766e-15,0.938442560747625,20
OLD,F1_int_wires,seed5,55,b571e027fab895c8,1,1.887379141862766e-15,0.938442560747625,20
OLD,F1_int_wires,seed5,56,b571e027fab895c8,1,1.887379141862766e-15,0.938442560747625,20
OLD,F1_int_wires,seed5,57,b571e027fab895c8,1,1.887379141862766e-15,0.938442560747625,20
OLD,F1_int_wires,seed5,58,b571e027fab895c8,1,1.887379141862766e-15,0.938442560747625,20
OLD,F1_int_wires,seed5,59,b571e027fab895c8,1,1.887379141862766e-15,0.938442560747625,20
OLD,F1_int_wires,seed5,60,b571e027fab895c8,1,1.887379141862766e-15,0.938442560747625,20
OLD,F1_int_wires,seed5,61,b571e027fab895c8,1,1.887379141862766e-15,0.938442560747625,20
OLD,F1_int_wires,seed5,62,b571e027fab895c8,1,1.887379141862766e-15,0.938442560747625,20
OLD,F1_int_wires,seed5,63,b571e027fab895c8,1,1.887379141862766e-15,0.938442560747625,20
OLD,F1_int_wires,seed5,64,b571e027fab895c8,1,1.887379141862766e-15,0.938442560747625,20
OLD,F1_int_wires,seed5,65,b571e027fab895c8,1,1.887379141862766e-15,0.938442560747625,20
OLD,F1_int_wires,seed5,66,b571e027fab895c8,1,1.887379141862766e-15,0.938442560747625,20
OLD,F1_int_wires,seed5,67,b571e027fab895c8,1,1.887379141862766e-15,0.938442560747625,20
OLD,F1_int_wires,seed5,68,b571e027fab895c8,1,1.887379141862766e-15,0.938442560747625,20
OLD,F1_int_wires,seed5,69,b571e027fab895c8,1,1.887379141862766e-15,0.938442560747625,20
OLD,F1_int_wires,seed5,70,b571e027fab895c8,1,1.887379141862766e-15,0.938442560747625,20
OLD,F1_int_wires,seed5,71,b571e027fab895c8,1,1.887379141862766e-15,0.938442560747625,20
OLD,F1_int_wires,seed5,72,b571e027fab895c8,1,1.887379141862766e-15,0.938442560747625,20
OLD,F1_int_wires,seed5,73,b571e027fab895c8,1,1.887379141862766e-15,0.938442560747625,20
OLD,F1_int_wires,seed5,74,b571e027fab895c8,1,1.887379141862766e-15,0.938442560747625,20
OLD,F1_int_wires,seed5,75,b571e027fab895c8,1,1.887379141862766e-15,0.938442560747625,20
OLD,F1_int_wires,seed5,76,b571e027fab895c8,1,1.887379141862766e-15,0.938442560747625,20
OLD,F1_int_wires,seed5,77,b571e027fab895c8,1,1.887379141862766e-15,0.938442560747625,20
OLD,F1_int_wires,seed5,78,b571e027fab895c8,1,1.887379141862766e-15,0.938442560747625,20
OLD,F1_int_wires,seed5,79,b571e027fab895c8,1,1.887379141862766e-15,0.938442560747625,20
OLD,F1_int_wires,seed5,80,b571e027fab895c8,1,1.887379141862766e-15,0.938442560747625,20
OLD,F1_int_wires,seed5,81,b571e027fab895c8,1,1.887379141862766e-15,0.938442560747625,20
OLD,F1_int_wires,seed5,82,b571e027fab895c8,1,1.887379141862766e-15,0.938442560747625,20
OLD,F1_int_wires,seed5,83,b571e027fab895c8,1,1.887379141862766e-15,0.938442560747625,20
OLD,F1_int_wires,seed5,84,b571e027fab895c8,1,1.887379141862766e-15,0.938442560747625,20
OLD,F1_int_wires,seed5,85,b571e027fab895c8,1,1.887379141862766e-15,0.938442560747625,20
OLD,F1_int_wires,seed5,86,b571e027fab895c8,1,1.887379141862766e-15,0.938442560747625,20
OLD,F1_int_wires,seed5,87,b571e027fab895c8,1,1.887379141862766e-15,0.938442560747625,20
OLD,F1_int_wires,seed5,88,b571e027fab895c8,1,1.887379141862766e-15,0.938442560747625,20
OLD,F1_int_wires,seed5,89,b571e027fab895c8,1,1.887379141862766e-15,0.938442560747625,20
OLD,F1_int_wires,seed5,90,b571e027fab895c8,1,1.887379141862766e-15,0.938442560747625,20
OLD,F1_int_wires,seed5,91,b571e027fab895c8,1,1.887379141862766e-15,0.938442560747625,20
OLD,F1_int_wires,seed5,92,b571e027fab895c8,1,1.887379141862766e-15,0.938442560747625,20
OLD,F1_int_wires,seed5,93,b571e027fab895c8,1,1.887379141862766e-15,0.938442560747625,20
OLD,F1_int_wires,seed5,94,b571e027fab895c8,1,1.887379141862766e-15,0.938442560747625,20
OLD,F1_int_wires,seed5,95,b571e027fab895c8,1,1.887379141862766e-15,0.938442560747625,20
OLD,F1_int_wires,seed5,96,b571e027fab895c8,1,1.887379141862766e-15,0.938442560747625,20
OLD,F1_int_wires,seed5,97,b571e027fab895c8,1,1.887379141862766e-15,0.938442560747625,20
OLD,F1_int_wires,seed5,98,b571e027fab895c8,1,1.887379141862766e-15,0.938442560747625,20
OLD,F1_int_wires,seed5,99,b571e027fab895c8,1,1.887379141862766e-15,0.938442560747625,20
OLD,F1_int_wires,seed5,100,b571e027fab895c8,1,1.887379141862766e-15,0.938442560747625,20
NEW,F1_int_wires,seed6,1,7cc52e940d8338a0,1,1.4432899320127035e-15,1.4432899320127035e-15,20
NEW,F1_int_wires,seed6,2,7cc52e940d8338a0,1,1.4432899320127035e-15,1.4432899320127035e-15,20
NEW,F1_int_wires,seed6,3,7cc52e940d8338a0,1,1.4432899320127035e-15,1.4432899320127035e-15,20
NEW,F1_int_wires,seed6,4,7cc52e940d8338a0,1,1.4432899320127035e-15,1.4432899320127035e-15,20
NEW,F1_int_wires,seed6,5,7cc52e940d8338a0,1,1.4432899320127035e-15,1.4432899320127035e-15,20
NEW,F1_int_wires,seed6,6,7cc52e940d8338a0,1,1.4432899320127035e-15,1.4432899320127035e-15,20
NEW,F1_int_wires,seed6,7,7cc52e940d8338a0,1,1.4432899320127035e-15,1.4432899320127035e-15,20
NEW,F1_int_wires,seed6,8,7cc52e940d8338a0,1,1.4432899320127035e-15,1.4432899320127035e-15,20
NEW,F1_int_wires,seed6,9,7cc52e940d8338a0,1,1.4432899320127035e-15,1.4432899320127035e-15,20
NEW,F1_int_wires,seed6,10,7cc52e940d8338a0,1,1.4432899320127035e-15,1.4432899320127035e-15,20
NEW,F1_int_wires,seed6,11,7cc52e940d8338a0,1,1.4432899320127035e-15,1.4432899320127035e-15,20
NEW,F1_int_wires,seed6,12,7cc52e940d8338a0,1,1.4432899320127035e-15,1.4432899320127035e-15,20
NEW,F1_int_wires,seed6,13,7cc52e940d8338a0,1,1.4432899320127035e-15,1.4432899320127035e-15,20
NEW,F1_int_wires,seed6,14,7cc52e940d8338a0,1,1.4432899320127035e-15,1.4432899320127035e-15,20
NEW,F1_int_wires,seed6,15,7cc52e940d8338a0,1,1.4432899320127035e-15,1.4432899320127035e-15,20
NEW,F1_int_wires,seed6,16,7cc52e940d8338a0,1,1.4432899320127035e-15,1.4432899320127035e-15,20
NEW,F1_int_wires,seed6,17,7cc52e940d8338a0,1,1.4432899320127035e-15,1.4432899320127035e-15,20
NEW,F1_int_wires,seed6,18,7cc52e940d8338a0,1,1.4432899320127035e-15,1.4432899320127035e-15,20
NEW,F1_int_wires,seed6,19,7cc52e940d8338a0,1,1.4432899320127035e-15,1.4432899320127035e-15,20
NEW,F1_int_wires,seed6,20,7cc52e940d8338a0,1,1.4432899320127035e-15,1.4432899320127035e-15,20
NEW,F1_int_wires,seed6,21,7cc52e940d8338a0,1,1.4432899320127035e-15,1.4432899320127035e-15,20
NEW,F1_int_wires,seed6,22,7cc52e940d8338a0,1,1.4432899320127035e-15,1.4432899320127035e-15,20
NEW,F1_int_wires,seed6,23,7cc52e940d8338a0,1,1.4432899320127035e-15,1.4432899320127035e-15,20
NEW,F1_int_wires,seed6,24,7cc52e940d8338a0,1,1.4432899320127035e-15,1.4432899320127035e-15,20
NEW,F1_int_wires,seed6,25,7cc52e940d8338a0,1,1.4432899320127035e-15,1.4432899320127035e-15,20
NEW,F1_int_wires,seed6,26,7cc52e940d8338a0,1,1.4432899320127035e-15,1.4432899320127035e-15,20
NEW,F1_int_wires,seed6,27,7cc52e940d8338a0,1,1.4432899320127035e-15,1.4432899320127035e-15,20
NEW,F1_int_wires,seed6,28,7cc52e940d8338a0,1,1.4432899320127035e-15,1.4432899320127035e-15,20
NEW,F1_int_wires,seed6,29,7cc52e940d8338a0,1,1.4432899320127035e-15,1.4432899320127035e-15,20
NEW,F1_int_wires,seed6,30,7cc52e940d8338a0,1,1.4432899320127035e-15,1.4432899320127035e-15,20
NEW,F1_int_wires,seed6,31,7cc52e940d8338a0,1,1.4432899320127035e-15,1.4432899320127035e-15,20
NEW,F1_int_wires,seed6,32,7cc52e940d8338a0,1,1.4432899320127035e-15,1.4432899320127035e-15,20
NEW,F1_int_wires,seed6,33,7cc52e940d8338a0,1,1.4432899320127035e-15,1.4432899320127035e-15,20
NEW,F1_int_wires,seed6,34,7cc52e940d8338a0,1,1.4432899320127035e-15,1.4432899320127035e-15,20
NEW,F1_int_wires,seed6,35,7cc52e940d8338a0,1,1.4432899320127035e-15,1.4432899320127035e-15,20
NEW,F1_int_wires,seed6,36,7cc52e940d8338a0,1,1.4432899320127035e-15,1.4432899320127035e-15,20
NEW,F1_int_wires,seed6,37,7cc52e940d8338a0,1,1.4432899320127035e-15,1.4432899320127035e-15,20
NEW,F1_int_wires,seed6,38,7cc52e940d8338a0,1,1.4432899320127035e-15,1.4432899320127035e-15,20
NEW,F1_int_wires,seed6,39,7cc52e940d8338a0,1,1.4432899320127035e-15,1.4432899320127035e-15,20
NEW,F1_int_wires,seed6,40,7cc52e940d8338a0,1,1.4432899320127035e-15,1.4432899320127035e-15,20
NEW,F1_int_wires,seed6,41,7cc52e940d8338a0,1,1.4432899320127035e-15,1.4432899320127035e-15,20
NEW,F1_int_wires,seed6,42,7cc52e940d8338a0,1,1.4432899320127035e-15,1.4432899320127035e-15,20
NEW,F1_int_wires,seed6,43,7cc52e940d8338a0,1,1.4432899320127035e-15,1.4432899320127035e-15,20
NEW,F1_int_wires,seed6,44,7cc52e940d8338a0,1,1.4432899320127035e-15,1.4432899320127035e-15,20
NEW,F1_int_wires,seed6,45,7cc52e940d8338a0,1,1.4432899320127035e-15,1.4432899320127035e-15,20
NEW,F1_int_wires,seed6,46,7cc52e940d8338a0,1,1.4432899320127035e-15,1.4432899320127035e-15,20
NEW,F1_int_wires,seed6,47,7cc52e940d8338a0,1,1.4432899320127035e-15,1.4432899320127035e-15,20
NEW,F1_int_wires,seed6,48,7cc52e940d8338a0,1,1.4432899320127035e-15,1.4432899320127035e-15,20
NEW,F1_int_wires,seed6,49,7cc52e940d8338a0,1,1.4432899320127035e-15,1.4432899320127035e-15,20
NEW,F1_int_wires,seed6,50,7cc52e940d8338a0,1,1.4432899320127035e-15,1.4432899320127035e-15,20
NEW,F1_int_wires,seed6,51,7cc52e940d8338a0,1,1.4432899320127035e-15,1.4432899320127035e-15,20
NEW,F1_int_wires,seed6,52,7cc52e940d8338a0,1,1.4432899320127035e-15,1.4432899320127035e-15,20
NEW,F1_int_wires,seed6,53,7cc52e940d8338a0,1,1.4432899320127035e-15,1.4432899320127035e-15,20
NEW,F1_int_wires,seed6,54,7cc52e940d8338a0,1,1.4432899320127035e-15,1.4432899320127035e-15,20
NEW,F1_int_wires,seed6,55,7cc52e940d8338a0,1,1.4432899320127035e-15,1.4432899320127035e-15,20
NEW,F1_int_wires,seed6,56,7cc52e940d8338a0,1,1.4432899320127035e-15,1.4432899320127035e-15,20
NEW,F1_int_wires,seed6,57,7cc52e940d8338a0,1,1.4432899320127035e-15,1.4432899320127035e-15,20
NEW,F1_int_wires,seed6,58,7cc52e940d8338a0,1,1.4432899320127035e-15,1.4432899320127035e-15,20
NEW,F1_int_wires,seed6,59,7cc52e940d8338a0,1,1.4432899320127035e-15,1.4432899320127035e-15,20
NEW,F1_int_wires,seed6,60,7cc52e940d8338a0,1,1.4432899320127035e-15,1.4432899320127035e-15,20
NEW,F1_int_wires,seed6,61,7cc52e940d8338a0,1,1.4432899320127035e-15,1.4432899320127035e-15,20
NEW,F1_int_wires,seed6,62,7cc52e940d8338a0,1,1.4432899320127035e-15,1.4432899320127035e-15,20
NEW,F1_int_wires,seed6,63,7cc52e940d8338a0,1,1.4432899320127035e-15,1.4432899320127035e-15,20
NEW,F1_int_wires,seed6,64,7cc52e940d8338a0,1,1.4432899320127035e-15,1.4432899320127035e-15,20
NEW,F1_int_wires,seed6,65,7cc52e940d8338a0,1,1.4432899320127035e-15,1.4432899320127035e-15,20
NEW,F1_int_wires,seed6,66,7cc52e940d8338a0,1,1.4432899320127035e-15,1.4432899320127035e-15,20
NEW,F1_int_wires,seed6,67,7cc52e940d8338a0,1,1.4432899320127035e-15,1.4432899320127035e-15,20
NEW,F1_int_wires,seed6,68,7cc52e940d8338a0,1,1.4432899320127035e-15,1.4432899320127035e-15,20
NEW,F1_int_wires,seed6,69,7cc52e940d8338a0,1,1.4432899320127035e-15,1.4432899320127035e-15,20
NEW,F1_int_wires,seed6,70,7cc52e940d8338a0,1,1.4432899320127035e-15,1.4432899320127035e-15,20
NEW,F1_int_wires,seed6,71,7cc52e940d8338a0,1,1.4432899320127035e-15,1.4432899320127035e-15,20
NEW,F1_int_wires,seed6,72,7cc52e940d8338a0,1,1.4432899320127035e-15,1.4432899320127035e-15,20
NEW,F1_int_wires,seed6,73,7cc52e940d8338a0,1,1.4432899320127035e-15,1.4432899320127035e-15,20
NEW,F1_int_wires,seed6,74,7cc52e940d8338a0,1,1.4432899320127035e-15,1.4432899320127035e-15,20
NEW,F1_int_wires,seed6,75,7cc52e940d8338a0,1,1.4432899320127035e-15,1.4432899320127035e-15,20
NEW,F1_int_wires,seed6,76,7cc52e940d8338a0,1,1.4432899320127035e-15,1.4432899320127035e-15,20
NEW,F1_int_wires,seed6,77,7cc52e940d8338a0,1,1.4432899320127035e-15,1.4432899320127035e-15,20
NEW,F1_int_wires,seed6,78,7cc52e940d8338a0,1,1.4432899320127035e-15,1.4432899320127035e-15,20
NEW,F1_int_wires,seed6,79,7cc52e940d8338a0,1,1.4432899320127035e-15,1.4432899320127035e-15,20
NEW,F1_int_wires,seed6,80,7cc52e940d8338a0,1,1.4432899320127035e-15,1.4432899320127035e-15,20
NEW,F1_int_wires,seed6,81,7cc52e940d8338a0,1,1.4432899320127035e-15,1.4432899320127035e-15,20
NEW,F1_int_wires,seed6,82,7cc52e940d8338a0,1,1.4432899320127035e-15,1.4432899320127035e-15,20
NEW,F1_int_wires,seed6,83,7cc52e940d8338a0,1,1.4432899320127035e-15,1.4432899320127035e-15,20
NEW,F1_int_wires,seed6,84,7cc52e940d8338a0,1,1.4432899320127035e-15,1.4432899320127035e-15,20
NEW,F1_int_wires,seed6,85,7cc52e940d8338a0,1,1.4432899320127035e-15,1.4432899320127035e-15,20
NEW,F1_int_wires,seed6,86,7cc52e940d8338a0,1,1.4432899320127035e-15,1.4432899320127035e-15,20
NEW,F1_int_wires,seed6,87,7cc52e940d8338a0,1,1.4432899320127035e-15,1.4432899320127035e-15,20
NEW,F1_int_wires,seed6,88,7cc52e940d8338a0,1,1.4432899320127035e-15,1.4432899320127035e-15,20
NEW,F1_int_wires,seed6,89,7cc52e940d8338a0,1,1.4432899320127035e-15,1.4432899320127035e-15,20
NEW,F1_int_wires,seed6,90,7cc52e940d8338a0,1,1.4432899320127035e-15,1.4432899320127035e-15,20
NEW,F1_int_wires,seed6,91,7cc52e940d8338a0,1,1.4432899320127035e-15,1.4432899320127035e-15,20
NEW,F1_int_wires,seed6,92,7cc52e940d8338a0,1,1.4432899320127035e-15,1.4432899320127035e-15,20
NEW,F1_int_wires,seed6,93,7cc52e940d8338a0,1,1.4432899320127035e-15,1.4432899320127035e-15,20
NEW,F1_int_wires,seed6,94,7cc52e940d8338a0,1,1.4432899320127035e-15,1.4432899320127035e-15,20
NEW,F1_int_wires,seed6,95,7cc52e940d8338a0,1,1.4432899320127035e-15,1.4432899320127035e-15,20
NEW,F1_int_wires,seed6,96,7cc52e940d8338a0,1,1.4432899320127035e-15,1.4432899320127035e-15,20
NEW,F1_int_wires,seed6,97,7cc52e940d8338a0,1,1.4432899320127035e-15,1.4432899320127035e-15,20
NEW,F1_int_wires,seed6,98,7cc52e940d8338a0,1,1.4432899320127035e-15,1.4432899320127035e-15,20
NEW,F1_int_wires,seed6,99,7cc52e940d8338a0,1,1.4432899320127035e-15,1.4432899320127035e-15,20
NEW,F1_int_wires,seed6,100,7cc52e940d8338a0,1,1.4432899320127035e-15,1.4432899320127035e-15,20
OLD,F1_int_wires,seed6,1,7cc52e940d8338a0,1,1.4432899320127035e-15,0.9189972972109468,20
OLD,F1_int_wires,seed6,2,7cc52e940d8338a0,1,1.4432899320127035e-15,0.9189972972109468,20
OLD,F1_int_wires,seed6,3,7cc52e940d8338a0,1,1.4432899320127035e-15,0.9189972972109468,20
OLD,F1_int_wires,seed6,4,7cc52e940d8338a0,1,1.4432899320127035e-15,0.9189972972109468,20
OLD,F1_int_wires,seed6,5,7cc52e940d8338a0,1,1.4432899320127035e-15,0.9189972972109468,20
OLD,F1_int_wires,seed6,6,7cc52e940d8338a0,1,1.4432899320127035e-15,0.9189972972109468,20
OLD,F1_int_wires,seed6,7,7cc52e940d8338a0,1,1.4432899320127035e-15,0.9189972972109468,20
OLD,F1_int_wires,seed6,8,7cc52e940d8338a0,1,1.4432899320127035e-15,0.9189972972109468,20
OLD,F1_int_wires,seed6,9,7cc52e940d8338a0,1,1.4432899320127035e-15,0.9189972972109468,20
OLD,F1_int_wires,seed6,10,7cc52e940d8338a0,1,1.4432899320127035e-15,0.9189972972109468,20
OLD,F1_int_wires,seed6,11,7cc52e940d8338a0,1,1.4432899320127035e-15,0.9189972972109468,20
OLD,F1_int_wires,seed6,12,7cc52e940d8338a0,1,1.4432899320127035e-15,0.9189972972109468,20
OLD,F1_int_wires,seed6,13,7cc52e940d8338a0,1,1.4432899320127035e-15,0.9189972972109468,20
OLD,F1_int_wires,seed6,14,7cc52e940d8338a0,1,1.4432899320127035e-15,0.9189972972109468,20
OLD,F1_int_wires,seed6,15,7cc52e940d8338a0,1,1.4432899320127035e-15,0.9189972972109468,20
OLD,F1_int_wires,seed6,16,7cc52e940d8338a0,1,1.4432899320127035e-15,0.9189972972109468,20
OLD,F1_int_wires,seed6,17,7cc52e940d8338a0,1,1.4432899320127035e-15,0.9189972972109468,20
OLD,F1_int_wires,seed6,18,7cc52e940d8338a0,1,1.4432899320127035e-15,0.9189972972109468,20
OLD,F1_int_wires,seed6,19,7cc52e940d8338a0,1,1.4432899320127035e-15,0.9189972972109468,20
OLD,F1_int_wires,seed6,20,7cc52e940d8338a0,1,1.4432899320127035e-15,0.9189972972109468,20
OLD,F1_int_wires,seed6,21,7cc52e940d8338a0,1,1.4432899320127035e-15,0.9189972972109468,20
OLD,F1_int_wires,seed6,22,7cc52e940d8338a0,1,1.4432899320127035e-15,0.9189972972109468,20
OLD,F1_int_wires,seed6,23,7cc52e940d8338a0,1,1.4432899320127035e-15,0.9189972972109468,20
OLD,F1_int_wires,seed6,24,7cc52e940d8338a0,1,1.4432899320127035e-15,0.9189972972109468,20
OLD,F1_int_wires,seed6,25,7cc52e940d8338a0,1,1.4432899320127035e-15,0.9189972972109468,20
OLD,F1_int_wires,seed6,26,7cc52e940d8338a0,1,1.4432899320127035e-15,0.9189972972109468,20
OLD,F1_int_wires,seed6,27,7cc52e940d8338a0,1,1.4432899320127035e-15,0.9189972972109468,20
OLD,F1_int_wires,seed6,28,7cc52e940d8338a0,1,1.4432899320127035e-15,0.9189972972109468,20
OLD,F1_int_wires,seed6,29,7cc52e940d8338a0,1,1.4432899320127035e-15,0.9189972972109468,20
OLD,F1_int_wires,seed6,30,7cc52e940d8338a0,1,1.4432899320127035e-15,0.9189972972109468,20
OLD,F1_int_wires,seed6,31,7cc52e940d8338a0,1,1.4432899320127035e-15,0.9189972972109468,20
OLD,F1_int_wires,seed6,32,7cc52e940d8338a0,1,1.4432899320127035e-15,0.9189972972109468,20
OLD,F1_int_wires,seed6,33,7cc52e940d8338a0,1,1.4432899320127035e-15,0.9189972972109468,20
OLD,F1_int_wires,seed6,34,7cc52e940d8338a0,1,1.4432899320127035e-15,0.9189972972109468,20
OLD,F1_int_wires,seed6,35,7cc52e940d8338a0,1,1.4432899320127035e-15,0.9189972972109468,20
OLD,F1_int_wires,seed6,36,7cc52e940d8338a0,1,1.4432899320127035e-15,0.9189972972109468,20
OLD,F1_int_wires,seed6,37,7cc52e940d8338a0,1,1.4432899320127035e-15,0.9189972972109468,20
OLD,F1_int_wires,seed6,38,7cc52e940d8338a0,1,1.4432899320127035e-15,0.9189972972109468,20
OLD,F1_int_wires,seed6,39,7cc52e940d8338a0,1,1.4432899320127035e-15,0.9189972972109468,20
OLD,F1_int_wires,seed6,40,7cc52e940d8338a0,1,1.4432899320127035e-15,0.9189972972109468,20
OLD,F1_int_wires,seed6,41,7cc52e940d8338a0,1,1.4432899320127035e-15,0.9189972972109468,20
OLD,F1_int_wires,seed6,42,7cc52e940d8338a0,1,1.4432899320127035e-15,0.9189972972109468,20
OLD,F1_int_wires,seed6,43,7cc52e940d8338a0,1,1.4432899320127035e-15,0.9189972972109468,20
OLD,F1_int_wires,seed6,44,7cc52e940d8338a0,1,1.4432899320127035e-15,0.9189972972109468,20
OLD,F1_int_wires,seed6,45,7cc52e940d8338a0,1,1.4432899320127035e-15,0.9189972972109468,20
OLD,F1_int_wires,seed6,46,7cc52e940d8338a0,1,1.4432899320127035e-15,0.9189972972109468,20
OLD,F1_int_wires,seed6,47,7cc52e940d8338a0,1,1.4432899320127035e-15,0.9189972972109468,20
OLD,F1_int_wires,seed6,48,7cc52e940d8338a0,1,1.4432899320127035e-15,0.9189972972109468,20
OLD,F1_int_wires,seed6,49,7cc52e940d8338a0,1,1.4432899320127035e-15,0.9189972972109468,20
OLD,F1_int_wires,seed6,50,7cc52e940d8338a0,1,1.4432899320127035e-15,0.9189972972109468,20
OLD,F1_int_wires,seed6,51,7cc52e940d8338a0,1,1.4432899320127035e-15,0.9189972972109468,20
OLD,F1_int_wires,seed6,52,7cc52e940d8338a0,1,1.4432899320127035e-15,0.9189972972109468,20
OLD,F1_int_wires,seed6,53,7cc52e940d8338a0,1,1.4432899320127035e-15,0.9189972972109468,20
OLD,F1_int_wires,seed6,54,7cc52e940d8338a0,1,1.4432899320127035e-15,0.9189972972109468,20
OLD,F1_int_wires,seed6,55,7cc52e940d8338a0,1,1.4432899320127035e-15,0.9189972972109468,20
OLD,F1_int_wires,seed6,56,7cc52e940d8338a0,1,1.4432899320127035e-15,0.9189972972109468,20
OLD,F1_int_wires,seed6,57,7cc52e940d8338a0,1,1.4432899320127035e-15,0.9189972972109468,20
OLD,F1_int_wires,seed6,58,7cc52e940d8338a0,1,1.4432899320127035e-15,0.9189972972109468,20
OLD,F1_int_wires,seed6,59,7cc52e940d8338a0,1,1.4432899320127035e-15,0.9189972972109468,20
OLD,F1_int_wires,seed6,60,7cc52e940d8338a0,1,1.4432899320127035e-15,0.9189972972109468,20
OLD,F1_int_wires,seed6,61,7cc52e940d8338a0,1,1.4432899320127035e-15,0.9189972972109468,20
OLD,F1_int_wires,seed6,62,7cc52e940d8338a0,1,1.4432899320127035e-15,0.9189972972109468,20
OLD,F1_int_wires,seed6,63,7cc52e940d8338a0,1,1.4432899320127035e-15,0.9189972972109468,20
OLD,F1_int_wires,seed6,64,7cc52e940d8338a0,1,1.4432899320127035e-15,0.9189972972109468,20
OLD,F1_int_wires,seed6,65,7cc52e940d8338a0,1,1.4432899320127035e-15,0.9189972972109468,20
OLD,F1_int_wires,seed6,66,7cc52e940d8338a0,1,1.4432899320127035e-15,0.9189972972109468,20
OLD,F1_int_wires,seed6,67,7cc52e940d8338a0,1,1.4432899320127035e-15,0.9189972972109468,20
OLD,F1_int_wires,seed6,68,7cc52e940d8338a0,1,1.4432899320127035e-15,0.9189972972109468,20
OLD,F1_int_wires,seed6,69,7cc52e940d8338a0,1,1.4432899320127035e-15,0.9189972972109468,20
OLD,F1_int_wires,seed6,70,7cc52e940d8338a0,1,1.4432899320127035e-15,0.9189972972109468,20
OLD,F1_int_wires,seed6,71,7cc52e940d8338a0,1,1.4432899320127035e-15,0.9189972972109468,20
OLD,F1_int_wires,seed6,72,7cc52e940d8338a0,1,1.4432899320127035e-15,0.9189972972109468,20
OLD,F1_int_wires,seed6,73,7cc52e940d8338a0,1,1.4432899320127035e-15,0.9189972972109468,20
OLD,F1_int_wires,seed6,74,7cc52e940d8338a0,1,1.4432899320127035e-15,0.9189972972109468,20
OLD,F1_int_wires,seed6,75,7cc52e940d8338a0,1,1.4432899320127035e-15,0.9189972972109468,20
OLD,F1_int_wires,seed6,76,7cc52e940d8338a0,1,1.4432899320127035e-15,0.9189972972109468,20
OLD,F1_int_wires,seed6,77,7cc52e940d8338a0,1,1.4432899320127035e-15,0.9189972972109468,20
OLD,F1_int_wires,seed6,78,7cc52e940d8338a0,1,1.4432899320127035e-15,0.9189972972109468,20
OLD,F1_int_wires,seed6,79,7cc52e940d8338a0,1,1.4432899320127035e-15,0.9189972972109468,20
OLD,F1_int_wires,seed6,80,7cc52e940d8338a0,1,1.4432899320127035e-15,0.9189972972109468,20
OLD,F1_int_wires,seed6,81,7cc52e940d8338a0,1,1.4432899320127035e-15,0.9189972972109468,20
OLD,F1_int_wires,seed6,82,7cc52e940d8338a0,1,1.4432899320127035e-15,0.9189972972109468,20
OLD,F1_int_wires,seed6,83,7cc52e940d8338a0,1,1.4432899320127035e-15,0.9189972972109468,20
OLD,F1_int_wires,seed6,84,7cc52e940d8338a0,1,1.4432899320127035e-15,0.9189972972109468,20
OLD,F1_int_wires,seed6,85,7cc52e940d8338a0,1,1.4432899320127035e-15,0.9189972972109468,20
OLD,F1_int_wires,seed6,86,7cc52e940d8338a0,1,1.4432899320127035e-15,0.9189972972109468,20
OLD,F1_int_wires,seed6,87,7cc52e940d8338a0,1,1.4432899320127035e-15,0.9189972972109468,20
OLD,F1_int_wires,seed6,88,7cc52e940d8338a0,1,1.4432899320127035e-15,0.9189972972109468,20
OLD,F1_int_wires,seed6,89,7cc52e940d8338a0,1,1.4432899320127035e-15,0.9189972972109468,20
OLD,F1_int_wires,seed6,90,7cc52e940d8338a0,1,1.4432899320127035e-15,0.9189972972109468,20
OLD,F1_int_wires,seed6,91,7cc52e940d8338a0,1,1.4432899320127035e-15,0.9189972972109468,20
OLD,F1_int_wires,seed6,92,7cc52e940d8338a0,1,1.4432899320127035e-15,0.9189972972109468,20
OLD,F1_int_wires,seed6,93,7cc52e940d8338a0,1,1.4432899320127035e-15,0.9189972972109468,20
OLD,F1_int_wires,seed6,94,7cc52e940d8338a0,1,1.4432899320127035e-15,0.9189972972109468,20
OLD,F1_int_wires,seed6,95,7cc52e940d8338a0,1,1.4432899320127035e-15,0.9189972972109468,20
OLD,F1_int_wires,seed6,96,7cc52e940d8338a0,1,1.4432899320127035e-15,0.9189972972109468,20
OLD,F1_int_wires,seed6,97,7cc52e940d8338a0,1,1.4432899320127035e-15,0.9189972972109468,20
OLD,F1_int_wires,seed6,98,7cc52e940d8338a0,1,1.4432899320127035e-15,0.9189972972109468,20
OLD,F1_int_wires,seed6,99,7cc52e940d8338a0,1,1.4432899320127035e-15,0.9189972972109468,20
OLD,F1_int_wires,seed6,100,7cc52e940d8338a0,1,1.4432899320127035e-15,0.9189972972109468,20
NEW,F1_int_wires,seed7,1,64694ac48e58760e,1,2.55351295663786e-15,2.1094237467877974e-15,20
NEW,F1_int_wires,seed7,2,64694ac48e58760e,1,2.55351295663786e-15,2.1094237467877974e-15,20
NEW,F1_int_wires,seed7,3,64694ac48e58760e,1,2.55351295663786e-15,2.1094237467877974e-15,20
NEW,F1_int_wires,seed7,4,64694ac48e58760e,1,2.55351295663786e-15,2.1094237467877974e-15,20
NEW,F1_int_wires,seed7,5,64694ac48e58760e,1,2.55351295663786e-15,2.1094237467877974e-15,20
NEW,F1_int_wires,seed7,6,64694ac48e58760e,1,2.55351295663786e-15,2.1094237467877974e-15,20
NEW,F1_int_wires,seed7,7,64694ac48e58760e,1,2.55351295663786e-15,2.1094237467877974e-15,20
NEW,F1_int_wires,seed7,8,64694ac48e58760e,1,2.55351295663786e-15,2.1094237467877974e-15,20
NEW,F1_int_wires,seed7,9,64694ac48e58760e,1,2.55351295663786e-15,2.1094237467877974e-15,20
NEW,F1_int_wires,seed7,10,64694ac48e58760e,1,2.55351295663786e-15,2.1094237467877974e-15,20
NEW,F1_int_wires,seed7,11,64694ac48e58760e,1,2.55351295663786e-15,2.1094237467877974e-15,20
NEW,F1_int_wires,seed7,12,64694ac48e58760e,1,2.55351295663786e-15,2.1094237467877974e-15,20
NEW,F1_int_wires,seed7,13,64694ac48e58760e,1,2.55351295663786e-15,2.1094237467877974e-15,20
NEW,F1_int_wires,seed7,14,64694ac48e58760e,1,2.55351295663786e-15,2.1094237467877974e-15,20
NEW,F1_int_wires,seed7,15,64694ac48e58760e,1,2.55351295663786e-15,2.1094237467877974e-15,20
NEW,F1_int_wires,seed7,16,64694ac48e58760e,1,2.55351295663786e-15,2.1094237467877974e-15,20
NEW,F1_int_wires,seed7,17,64694ac48e58760e,1,2.55351295663786e-15,2.1094237467877974e-15,20
NEW,F1_int_wires,seed7,18,64694ac48e58760e,1,2.55351295663786e-15,2.1094237467877974e-15,20
NEW,F1_int_wires,seed7,19,64694ac48e58760e,1,2.55351295663786e-15,2.1094237467877974e-15,20
NEW,F1_int_wires,seed7,20,64694ac48e58760e,1,2.55351295663786e-15,2.1094237467877974e-15,20
NEW,F1_int_wires,seed7,21,64694ac48e58760e,1,2.55351295663786e-15,2.1094237467877974e-15,20
NEW,F1_int_wires,seed7,22,64694ac48e58760e,1,2.55351295663786e-15,2.1094237467877974e-15,20
NEW,F1_int_wires,seed7,23,64694ac48e58760e,1,2.55351295663786e-15,2.1094237467877974e-15,20
NEW,F1_int_wires,seed7,24,64694ac48e58760e,1,2.55351295663786e-15,2.1094237467877974e-15,20
NEW,F1_int_wires,seed7,25,64694ac48e58760e,1,2.55351295663786e-15,2.1094237467877974e-15,20
NEW,F1_int_wires,seed7,26,64694ac48e58760e,1,2.55351295663786e-15,2.1094237467877974e-15,20
NEW,F1_int_wires,seed7,27,64694ac48e58760e,1,2.55351295663786e-15,2.1094237467877974e-15,20
NEW,F1_int_wires,seed7,28,64694ac48e58760e,1,2.55351295663786e-15,2.1094237467877974e-15,20
NEW,F1_int_wires,seed7,29,64694ac48e58760e,1,2.55351295663786e-15,2.1094237467877974e-15,20
NEW,F1_int_wires,seed7,30,64694ac48e58760e,1,2.55351295663786e-15,2.1094237467877974e-15,20
NEW,F1_int_wires,seed7,31,64694ac48e58760e,1,2.55351295663786e-15,2.1094237467877974e-15,20
NEW,F1_int_wires,seed7,32,64694ac48e58760e,1,2.55351295663786e-15,2.1094237467877974e-15,20
NEW,F1_int_wires,seed7,33,64694ac48e58760e,1,2.55351295663786e-15,2.1094237467877974e-15,20
NEW,F1_int_wires,seed7,34,64694ac48e58760e,1,2.55351295663786e-15,2.1094237467877974e-15,20
NEW,F1_int_wires,seed7,35,64694ac48e58760e,1,2.55351295663786e-15,2.1094237467877974e-15,20
NEW,F1_int_wires,seed7,36,64694ac48e58760e,1,2.55351295663786e-15,2.1094237467877974e-15,20
NEW,F1_int_wires,seed7,37,64694ac48e58760e,1,2.55351295663786e-15,2.1094237467877974e-15,20
NEW,F1_int_wires,seed7,38,64694ac48e58760e,1,2.55351295663786e-15,2.1094237467877974e-15,20
NEW,F1_int_wires,seed7,39,64694ac48e58760e,1,2.55351295663786e-15,2.1094237467877974e-15,20
NEW,F1_int_wires,seed7,40,64694ac48e58760e,1,2.55351295663786e-15,2.1094237467877974e-15,20
NEW,F1_int_wires,seed7,41,64694ac48e58760e,1,2.55351295663786e-15,2.1094237467877974e-15,20
NEW,F1_int_wires,seed7,42,64694ac48e58760e,1,2.55351295663786e-15,2.1094237467877974e-15,20
NEW,F1_int_wires,seed7,43,64694ac48e58760e,1,2.55351295663786e-15,2.1094237467877974e-15,20
NEW,F1_int_wires,seed7,44,64694ac48e58760e,1,2.55351295663786e-15,2.1094237467877974e-15,20
NEW,F1_int_wires,seed7,45,64694ac48e58760e,1,2.55351295663786e-15,2.1094237467877974e-15,20
NEW,F1_int_wires,seed7,46,64694ac48e58760e,1,2.55351295663786e-15,2.1094237467877974e-15,20
NEW,F1_int_wires,seed7,47,64694ac48e58760e,1,2.55351295663786e-15,2.1094237467877974e-15,20
NEW,F1_int_wires,seed7,48,64694ac48e58760e,1,2.55351295663786e-15,2.1094237467877974e-15,20
NEW,F1_int_wires,seed7,49,64694ac48e58760e,1,2.55351295663786e-15,2.1094237467877974e-15,20
NEW,F1_int_wires,seed7,50,64694ac48e58760e,1,2.55351295663786e-15,2.1094237467877974e-15,20
NEW,F1_int_wires,seed7,51,64694ac48e58760e,1,2.55351295663786e-15,2.1094237467877974e-15,20
NEW,F1_int_wires,seed7,52,64694ac48e58760e,1,2.55351295663786e-15,2.1094237467877974e-15,20
NEW,F1_int_wires,seed7,53,64694ac48e58760e,1,2.55351295663786e-15,2.1094237467877974e-15,20
NEW,F1_int_wires,seed7,54,64694ac48e58760e,1,2.55351295663786e-15,2.1094237467877974e-15,20
NEW,F1_int_wires,seed7,55,64694ac48e58760e,1,2.55351295663786e-15,2.1094237467877974e-15,20
NEW,F1_int_wires,seed7,56,64694ac48e58760e,1,2.55351295663786e-15,2.1094237467877974e-15,20
NEW,F1_int_wires,seed7,57,64694ac48e58760e,1,2.55351295663786e-15,2.1094237467877974e-15,20
NEW,F1_int_wires,seed7,58,64694ac48e58760e,1,2.55351295663786e-15,2.1094237467877974e-15,20
NEW,F1_int_wires,seed7,59,64694ac48e58760e,1,2.55351295663786e-15,2.1094237467877974e-15,20
NEW,F1_int_wires,seed7,60,64694ac48e58760e,1,2.55351295663786e-15,2.1094237467877974e-15,20
NEW,F1_int_wires,seed7,61,64694ac48e58760e,1,2.55351295663786e-15,2.1094237467877974e-15,20
NEW,F1_int_wires,seed7,62,64694ac48e58760e,1,2.55351295663786e-15,2.1094237467877974e-15,20
NEW,F1_int_wires,seed7,63,64694ac48e58760e,1,2.55351295663786e-15,2.1094237467877974e-15,20
NEW,F1_int_wires,seed7,64,64694ac48e58760e,1,2.55351295663786e-15,2.1094237467877974e-15,20
NEW,F1_int_wires,seed7,65,64694ac48e58760e,1,2.55351295663786e-15,2.1094237467877974e-15,20
NEW,F1_int_wires,seed7,66,64694ac48e58760e,1,2.55351295663786e-15,2.1094237467877974e-15,20
NEW,F1_int_wires,seed7,67,64694ac48e58760e,1,2.55351295663786e-15,2.1094237467877974e-15,20
NEW,F1_int_wires,seed7,68,64694ac48e58760e,1,2.55351295663786e-15,2.1094237467877974e-15,20
NEW,F1_int_wires,seed7,69,64694ac48e58760e,1,2.55351295663786e-15,2.1094237467877974e-15,20
NEW,F1_int_wires,seed7,70,64694ac48e58760e,1,2.55351295663786e-15,2.1094237467877974e-15,20
NEW,F1_int_wires,seed7,71,64694ac48e58760e,1,2.55351295663786e-15,2.1094237467877974e-15,20
NEW,F1_int_wires,seed7,72,64694ac48e58760e,1,2.55351295663786e-15,2.1094237467877974e-15,20
NEW,F1_int_wires,seed7,73,64694ac48e58760e,1,2.55351295663786e-15,2.1094237467877974e-15,20
NEW,F1_int_wires,seed7,74,64694ac48e58760e,1,2.55351295663786e-15,2.1094237467877974e-15,20
NEW,F1_int_wires,seed7,75,64694ac48e58760e,1,2.55351295663786e-15,2.1094237467877974e-15,20
NEW,F1_int_wires,seed7,76,64694ac48e58760e,1,2.55351295663786e-15,2.1094237467877974e-15,20
NEW,F1_int_wires,seed7,77,64694ac48e58760e,1,2.55351295663786e-15,2.1094237467877974e-15,20
NEW,F1_int_wires,seed7,78,64694ac48e58760e,1,2.55351295663786e-15,2.1094237467877974e-15,20
NEW,F1_int_wires,seed7,79,64694ac48e58760e,1,2.55351295663786e-15,2.1094237467877974e-15,20
NEW,F1_int_wires,seed7,80,64694ac48e58760e,1,2.55351295663786e-15,2.1094237467877974e-15,20
NEW,F1_int_wires,seed7,81,64694ac48e58760e,1,2.55351295663786e-15,2.1094237467877974e-15,20
NEW,F1_int_wires,seed7,82,64694ac48e58760e,1,2.55351295663786e-15,2.1094237467877974e-15,20
NEW,F1_int_wires,seed7,83,64694ac48e58760e,1,2.55351295663786e-15,2.1094237467877974e-15,20
NEW,F1_int_wires,seed7,84,64694ac48e58760e,1,2.55351295663786e-15,2.1094237467877974e-15,20
NEW,F1_int_wires,seed7,85,64694ac48e58760e,1,2.55351295663786e-15,2.1094237467877974e-15,20
NEW,F1_int_wires,seed7,86,64694ac48e58760e,1,2.55351295663786e-15,2.1094237467877974e-15,20
NEW,F1_int_wires,seed7,87,64694ac48e58760e,1,2.55351295663786e-15,2.1094237467877974e-15,20
NEW,F1_int_wires,seed7,88,64694ac48e58760e,1,2.55351295663786e-15,2.1094237467877974e-15,20
NEW,F1_int_wires,seed7,89,64694ac48e58760e,1,2.55351295663786e-15,2.1094237467877974e-15,20
NEW,F1_int_wires,seed7,90,64694ac48e58760e,1,2.55351295663786e-15,2.1094237467877974e-15,20
NEW,F1_int_wires,seed7,91,64694ac48e58760e,1,2.55351295663786e-15,2.1094237467877974e-15,20
NEW,F1_int_wires,seed7,92,64694ac48e58760e,1,2.55351295663786e-15,2.1094237467877974e-15,20
NEW,F1_int_wires,seed7,93,64694ac48e58760e,1,2.55351295663786e-15,2.1094237467877974e-15,20
NEW,F1_int_wires,seed7,94,64694ac48e58760e,1,2.55351295663786e-15,2.1094237467877974e-15,20
NEW,F1_int_wires,seed7,95,64694ac48e58760e,1,2.55351295663786e-15,2.1094237467877974e-15,20
NEW,F1_int_wires,seed7,96,64694ac48e58760e,1,2.55351295663786e-15,2.1094237467877974e-15,20
NEW,F1_int_wires,seed7,97,64694ac48e58760e,1,2.55351295663786e-15,2.1094237467877974e-15,20
NEW,F1_int_wires,seed7,98,64694ac48e58760e,1,2.55351295663786e-15,2.1094237467877974e-15,20
NEW,F1_int_wires,seed7,99,64694ac48e58760e,1,2.55351295663786e-15,2.1094237467877974e-15,20
NEW,F1_int_wires,seed7,100,64694ac48e58760e,1,2.55351295663786e-15,2.1094237467877974e-15,20
OLD,F1_int_wires,seed7,1,64694ac48e58760e,1,2.55351295663786e-15,0.9396411432443094,20
OLD,F1_int_wires,seed7,2,64694ac48e58760e,1,2.55351295663786e-15,0.9396411432443094,20
OLD,F1_int_wires,seed7,3,64694ac48e58760e,1,2.55351295663786e-15,0.9396411432443094,20
OLD,F1_int_wires,seed7,4,64694ac48e58760e,1,2.55351295663786e-15,0.9396411432443094,20
OLD,F1_int_wires,seed7,5,64694ac48e58760e,1,2.55351295663786e-15,0.9396411432443094,20
OLD,F1_int_wires,seed7,6,64694ac48e58760e,1,2.55351295663786e-15,0.9396411432443094,20
OLD,F1_int_wires,seed7,7,64694ac48e58760e,1,2.55351295663786e-15,0.9396411432443094,20
OLD,F1_int_wires,seed7,8,64694ac48e58760e,1,2.55351295663786e-15,0.9396411432443094,20
OLD,F1_int_wires,seed7,9,64694ac48e58760e,1,2.55351295663786e-15,0.9396411432443094,20
OLD,F1_int_wires,seed7,10,64694ac48e58760e,1,2.55351295663786e-15,0.9396411432443094,20
OLD,F1_int_wires,seed7,11,64694ac48e58760e,1,2.55351295663786e-15,0.9396411432443094,20
OLD,F1_int_wires,seed7,12,64694ac48e58760e,1,2.55351295663786e-15,0.9396411432443094,20
OLD,F1_int_wires,seed7,13,64694ac48e58760e,1,2.55351295663786e-15,0.9396411432443094,20
OLD,F1_int_wires,seed7,14,64694ac48e58760e,1,2.55351295663786e-15,0.9396411432443094,20
OLD,F1_int_wires,seed7,15,64694ac48e58760e,1,2.55351295663786e-15,0.9396411432443094,20
OLD,F1_int_wires,seed7,16,64694ac48e58760e,1,2.55351295663786e-15,0.9396411432443094,20
OLD,F1_int_wires,seed7,17,64694ac48e58760e,1,2.55351295663786e-15,0.9396411432443094,20
OLD,F1_int_wires,seed7,18,64694ac48e58760e,1,2.55351295663786e-15,0.9396411432443094,20
OLD,F1_int_wires,seed7,19,64694ac48e58760e,1,2.55351295663786e-15,0.9396411432443094,20
OLD,F1_int_wires,seed7,20,64694ac48e58760e,1,2.55351295663786e-15,0.9396411432443094,20
OLD,F1_int_wires,seed7,21,64694ac48e58760e,1,2.55351295663786e-15,0.9396411432443094,20
OLD,F1_int_wires,seed7,22,64694ac48e58760e,1,2.55351295663786e-15,0.9396411432443094,20
OLD,F1_int_wires,seed7,23,64694ac48e58760e,1,2.55351295663786e-15,0.9396411432443094,20
OLD,F1_int_wires,seed7,24,64694ac48e58760e,1,2.55351295663786e-15,0.9396411432443094,20
OLD,F1_int_wires,seed7,25,64694ac48e58760e,1,2.55351295663786e-15,0.9396411432443094,20
OLD,F1_int_wires,seed7,26,64694ac48e58760e,1,2.55351295663786e-15,0.9396411432443094,20
OLD,F1_int_wires,seed7,27,64694ac48e58760e,1,2.55351295663786e-15,0.9396411432443094,20
OLD,F1_int_wires,seed7,28,64694ac48e58760e,1,2.55351295663786e-15,0.9396411432443094,20
OLD,F1_int_wires,seed7,29,64694ac48e58760e,1,2.55351295663786e-15,0.9396411432443094,20
OLD,F1_int_wires,seed7,30,64694ac48e58760e,1,2.55351295663786e-15,0.9396411432443094,20
OLD,F1_int_wires,seed7,31,64694ac48e58760e,1,2.55351295663786e-15,0.9396411432443094,20
OLD,F1_int_wires,seed7,32,64694ac48e58760e,1,2.55351295663786e-15,0.9396411432443094,20
OLD,F1_int_wires,seed7,33,64694ac48e58760e,1,2.55351295663786e-15,0.9396411432443094,20
OLD,F1_int_wires,seed7,34,64694ac48e58760e,1,2.55351295663786e-15,0.9396411432443094,20
OLD,F1_int_wires,seed7,35,64694ac48e58760e,1,2.55351295663786e-15,0.9396411432443094,20
OLD,F1_int_wires,seed7,36,64694ac48e58760e,1,2.55351295663786e-15,0.9396411432443094,20
OLD,F1_int_wires,seed7,37,64694ac48e58760e,1,2.55351295663786e-15,0.9396411432443094,20
OLD,F1_int_wires,seed7,38,64694ac48e58760e,1,2.55351295663786e-15,0.9396411432443094,20
OLD,F1_int_wires,seed7,39,64694ac48e58760e,1,2.55351295663786e-15,0.9396411432443094,20
OLD,F1_int_wires,seed7,40,64694ac48e58760e,1,2.55351295663786e-15,0.9396411432443094,20
OLD,F1_int_wires,seed7,41,64694ac48e58760e,1,2.55351295663786e-15,0.9396411432443094,20
OLD,F1_int_wires,seed7,42,64694ac48e58760e,1,2.55351295663786e-15,0.9396411432443094,20
OLD,F1_int_wires,seed7,43,64694ac48e58760e,1,2.55351295663786e-15,0.9396411432443094,20
OLD,F1_int_wires,seed7,44,64694ac48e58760e,1,2.55351295663786e-15,0.9396411432443094,20
OLD,F1_int_wires,seed7,45,64694ac48e58760e,1,2.55351295663786e-15,0.9396411432443094,20
OLD,F1_int_wires,seed7,46,64694ac48e58760e,1,2.55351295663786e-15,0.9396411432443094,20
OLD,F1_int_wires,seed7,47,64694ac48e58760e,1,2.55351295663786e-15,0.9396411432443094,20
OLD,F1_int_wires,seed7,48,64694ac48e58760e,1,2.55351295663786e-15,0.9396411432443094,20
OLD,F1_int_wires,seed7,49,64694ac48e58760e,1,2.55351295663786e-15,0.9396411432443094,20
OLD,F1_int_wires,seed7,50,64694ac48e58760e,1,2.55351295663786e-15,0.9396411432443094,20
OLD,F1_int_wires,seed7,51,64694ac48e58760e,1,2.55351295663786e-15,0.9396411432443094,20
OLD,F1_int_wires,seed7,52,64694ac48e58760e,1,2.55351295663786e-15,0.9396411432443094,20
OLD,F1_int_wires,seed7,53,64694ac48e58760e,1,2.55351295663786e-15,0.9396411432443094,20
OLD,F1_int_wires,seed7,54,64694ac48e58760e,1,2.55351295663786e-15,0.9396411432443094,20
OLD,F1_int_wires,seed7,55,64694ac48e58760e,1,2.55351295663786e-15,0.9396411432443094,20
OLD,F1_int_wires,seed7,56,64694ac48e58760e,1,2.55351295663786e-15,0.9396411432443094,20
OLD,F1_int_wires,seed7,57,64694ac48e58760e,1,2.55351295663786e-15,0.9396411432443094,20
OLD,F1_int_wires,seed7,58,64694ac48e58760e,1,2.55351295663786e-15,0.9396411432443094,20
OLD,F1_int_wires,seed7,59,64694ac48e58760e,1,2.55351295663786e-15,0.9396411432443094,20
OLD,F1_int_wires,seed7,60,64694ac48e58760e,1,2.55351295663786e-15,0.9396411432443094,20
OLD,F1_int_wires,seed7,61,64694ac48e58760e,1,2.55351295663786e-15,0.9396411432443094,20
OLD,F1_int_wires,seed7,62,64694ac48e58760e,1,2.55351295663786e-15,0.9396411432443094,20
OLD,F1_int_wires,seed7,63,64694ac48e58760e,1,2.55351295663786e-15,0.9396411432443094,20
OLD,F1_int_wires,seed7,64,64694ac48e58760e,1,2.55351295663786e-15,0.9396411432443094,20
OLD,F1_int_wires,seed7,65,64694ac48e58760e,1,2.55351295663786e-15,0.9396411432443094,20
OLD,F1_int_wires,seed7,66,64694ac48e58760e,1,2.55351295663786e-15,0.9396411432443094,20
OLD,F1_int_wires,seed7,67,64694ac48e58760e,1,2.55351295663786e-15,0.9396411432443094,20
OLD,F1_int_wires,seed7,68,64694ac48e58760e,1,2.55351295663786e-15,0.9396411432443094,20
OLD,F1_int_wires,seed7,69,64694ac48e58760e,1,2.55351295663786e-15,0.9396411432443094,20
OLD,F1_int_wires,seed7,70,64694ac48e58760e,1,2.55351295663786e-15,0.9396411432443094,20
OLD,F1_int_wires,seed7,71,64694ac48e58760e,1,2.55351295663786e-15,0.9396411432443094,20
OLD,F1_int_wires,seed7,72,64694ac48e58760e,1,2.55351295663786e-15,0.9396411432443094,20
OLD,F1_int_wires,seed7,73,64694ac48e58760e,1,2.55351295663786e-15,0.9396411432443094,20
OLD,F1_int_wires,seed7,74,64694ac48e58760e,1,2.55351295663786e-15,0.9396411432443094,20
OLD,F1_int_wires,seed7,75,64694ac48e58760e,1,2.55351295663786e-15,0.9396411432443094,20
OLD,F1_int_wires,seed7,76,64694ac48e58760e,1,2.55351295663786e-15,0.9396411432443094,20
OLD,F1_int_wires,seed7,77,64694ac48e58760e,1,2.55351295663786e-15,0.9396411432443094,20
OLD,F1_int_wires,seed7,78,64694ac48e58760e,1,2.55351295663786e-15,0.9396411432443094,20
OLD,F1_int_wires,seed7,79,64694ac48e58760e,1,2.55351295663786e-15,0.9396411432443094,20
OLD,F1_int_wires,seed7,80,64694ac48e58760e,1,2.55351295663786e-15,0.9396411432443094,20
OLD,F1_int_wires,seed7,81,64694ac48e58760e,1,2.55351295663786e-15,0.9396411432443094,20
OLD,F1_int_wires,seed7,82,64694ac48e58760e,1,2.55351295663786e-15,0.9396411432443094,20
OLD,F1_int_wires,seed7,83,64694ac48e58760e,1,2.55351295663786e-15,0.9396411432443094,20
OLD,F1_int_wires,seed7,84,64694ac48e58760e,1,2.55351295663786e-15,0.9396411432443094,20
OLD,F1_int_wires,seed7,85,64694ac48e58760e,1,2.55351295663786e-15,0.9396411432443094,20
OLD,F1_int_wires,seed7,86,64694ac48e58760e,1,2.55351295663786e-15,0.9396411432443094,20
OLD,F1_int_wires,seed7,87,64694ac48e58760e,1,2.55351295663786e-15,0.9396411432443094,20
OLD,F1_int_wires,seed7,88,64694ac48e58760e,1,2.55351295663786e-15,0.9396411432443094,20
OLD,F1_int_wires,seed7,89,64694ac48e58760e,1,2.55351295663786e-15,0.9396411432443094,20
OLD,F1_int_wires,seed7,90,64694ac48e58760e,1,2.55351295663786e-15,0.9396411432443094,20
OLD,F1_int_wires,seed7,91,64694ac48e58760e,1,2.55351295663786e-15,0.9396411432443094,20
OLD,F1_int_wires,seed7,92,64694ac48e58760e,1,2.55351295663786e-15,0.9396411432443094,20
OLD,F1_int_wires,seed7,93,64694ac48e58760e,1,2.55351295663786e-15,0.9396411432443094,20
OLD,F1_int_wires,seed7,94,64694ac48e58760e,1,2.55351295663786e-15,0.9396411432443094,20
OLD,F1_int_wires,seed7,95,64694ac48e58760e,1,2.55351295663786e-15,0.9396411432443094,20
OLD,F1_int_wires,seed7,96,64694ac48e58760e,1,2.55351295663786e-15,0.9396411432443094,20
OLD,F1_int_wires,seed7,97,64694ac48e58760e,1,2.55351295663786e-15,0.9396411432443094,20
OLD,F1_int_wires,seed7,98,64694ac48e58760e,1,2.55351295663786e-15,0.9396411432443094,20
OLD,F1_int_wires,seed7,99,64694ac48e58760e,1,2.55351295663786e-15,0.9396411432443094,20
OLD,F1_int_wires,seed7,100,64694ac48e58760e,1,2.55351295663786e-15,0.9396411432443094,20
NEW,F1_int_wires,seed8,1,2a6337438127ddcf,1,2.1094237467877974e-15,1.6653345369377348e-15,20
NEW,F1_int_wires,seed8,2,2a6337438127ddcf,1,2.1094237467877974e-15,1.6653345369377348e-15,20
NEW,F1_int_wires,seed8,3,2a6337438127ddcf,1,2.1094237467877974e-15,1.6653345369377348e-15,20
NEW,F1_int_wires,seed8,4,2a6337438127ddcf,1,2.1094237467877974e-15,1.6653345369377348e-15,20
NEW,F1_int_wires,seed8,5,2a6337438127ddcf,1,2.1094237467877974e-15,1.6653345369377348e-15,20
NEW,F1_int_wires,seed8,6,2a6337438127ddcf,1,2.1094237467877974e-15,1.6653345369377348e-15,20
NEW,F1_int_wires,seed8,7,2a6337438127ddcf,1,2.1094237467877974e-15,1.6653345369377348e-15,20
NEW,F1_int_wires,seed8,8,2a6337438127ddcf,1,2.1094237467877974e-15,1.6653345369377348e-15,20
NEW,F1_int_wires,seed8,9,2a6337438127ddcf,1,2.1094237467877974e-15,1.6653345369377348e-15,20
NEW,F1_int_wires,seed8,10,2a6337438127ddcf,1,2.1094237467877974e-15,1.6653345369377348e-15,20
NEW,F1_int_wires,seed8,11,2a6337438127ddcf,1,2.1094237467877974e-15,1.6653345369377348e-15,20
NEW,F1_int_wires,seed8,12,2a6337438127ddcf,1,2.1094237467877974e-15,1.6653345369377348e-15,20
NEW,F1_int_wires,seed8,13,2a6337438127ddcf,1,2.1094237467877974e-15,1.6653345369377348e-15,20
NEW,F1_int_wires,seed8,14,2a6337438127ddcf,1,2.1094237467877974e-15,1.6653345369377348e-15,20
NEW,F1_int_wires,seed8,15,2a6337438127ddcf,1,2.1094237467877974e-15,1.6653345369377348e-15,20
NEW,F1_int_wires,seed8,16,2a6337438127ddcf,1,2.1094237467877974e-15,1.6653345369377348e-15,20
NEW,F1_int_wires,seed8,17,2a6337438127ddcf,1,2.1094237467877974e-15,1.6653345369377348e-15,20
NEW,F1_int_wires,seed8,18,2a6337438127ddcf,1,2.1094237467877974e-15,1.6653345369377348e-15,20
NEW,F1_int_wires,seed8,19,2a6337438127ddcf,1,2.1094237467877974e-15,1.6653345369377348e-15,20
NEW,F1_int_wires,seed8,20,2a6337438127ddcf,1,2.1094237467877974e-15,1.6653345369377348e-15,20
NEW,F1_int_wires,seed8,21,2a6337438127ddcf,1,2.1094237467877974e-15,1.6653345369377348e-15,20
NEW,F1_int_wires,seed8,22,2a6337438127ddcf,1,2.1094237467877974e-15,1.6653345369377348e-15,20
NEW,F1_int_wires,seed8,23,2a6337438127ddcf,1,2.1094237467877974e-15,1.6653345369377348e-15,20
NEW,F1_int_wires,seed8,24,2a6337438127ddcf,1,2.1094237467877974e-15,1.6653345369377348e-15,20
NEW,F1_int_wires,seed8,25,2a6337438127ddcf,1,2.1094237467877974e-15,1.6653345369377348e-15,20
NEW,F1_int_wires,seed8,26,2a6337438127ddcf,1,2.1094237467877974e-15,1.6653345369377348e-15,20
NEW,F1_int_wires,seed8,27,2a6337438127ddcf,1,2.1094237467877974e-15,1.6653345369377348e-15,20
NEW,F1_int_wires,seed8,28,2a6337438127ddcf,1,2.1094237467877974e-15,1.6653345369377348e-15,20
NEW,F1_int_wires,seed8,29,2a6337438127ddcf,1,2.1094237467877974e-15,1.6653345369377348e-15,20
NEW,F1_int_wires,seed8,30,2a6337438127ddcf,1,2.1094237467877974e-15,1.6653345369377348e-15,20
NEW,F1_int_wires,seed8,31,2a6337438127ddcf,1,2.1094237467877974e-15,1.6653345369377348e-15,20
NEW,F1_int_wires,seed8,32,2a6337438127ddcf,1,2.1094237467877974e-15,1.6653345369377348e-15,20
NEW,F1_int_wires,seed8,33,2a6337438127ddcf,1,2.1094237467877974e-15,1.6653345369377348e-15,20
NEW,F1_int_wires,seed8,34,2a6337438127ddcf,1,2.1094237467877974e-15,1.6653345369377348e-15,20
NEW,F1_int_wires,seed8,35,2a6337438127ddcf,1,2.1094237467877974e-15,1.6653345369377348e-15,20
NEW,F1_int_wires,seed8,36,2a6337438127ddcf,1,2.1094237467877974e-15,1.6653345369377348e-15,20
NEW,F1_int_wires,seed8,37,2a6337438127ddcf,1,2.1094237467877974e-15,1.6653345369377348e-15,20
NEW,F1_int_wires,seed8,38,2a6337438127ddcf,1,2.1094237467877974e-15,1.6653345369377348e-15,20
NEW,F1_int_wires,seed8,39,2a6337438127ddcf,1,2.1094237467877974e-15,1.6653345369377348e-15,20
NEW,F1_int_wires,seed8,40,2a6337438127ddcf,1,2.1094237467877974e-15,1.6653345369377348e-15,20
NEW,F1_int_wires,seed8,41,2a6337438127ddcf,1,2.1094237467877974e-15,1.6653345369377348e-15,20
NEW,F1_int_wires,seed8,42,2a6337438127ddcf,1,2.1094237467877974e-15,1.6653345369377348e-15,20
NEW,F1_int_wires,seed8,43,2a6337438127ddcf,1,2.1094237467877974e-15,1.6653345369377348e-15,20
NEW,F1_int_wires,seed8,44,2a6337438127ddcf,1,2.1094237467877974e-15,1.6653345369377348e-15,20
NEW,F1_int_wires,seed8,45,2a6337438127ddcf,1,2.1094237467877974e-15,1.6653345369377348e-15,20
NEW,F1_int_wires,seed8,46,2a6337438127ddcf,1,2.1094237467877974e-15,1.6653345369377348e-15,20
NEW,F1_int_wires,seed8,47,2a6337438127ddcf,1,2.1094237467877974e-15,1.6653345369377348e-15,20
NEW,F1_int_wires,seed8,48,2a6337438127ddcf,1,2.1094237467877974e-15,1.6653345369377348e-15,20
NEW,F1_int_wires,seed8,49,2a6337438127ddcf,1,2.1094237467877974e-15,1.6653345369377348e-15,20
NEW,F1_int_wires,seed8,50,2a6337438127ddcf,1,2.1094237467877974e-15,1.6653345369377348e-15,20
NEW,F1_int_wires,seed8,51,2a6337438127ddcf,1,2.1094237467877974e-15,1.6653345369377348e-15,20
NEW,F1_int_wires,seed8,52,2a6337438127ddcf,1,2.1094237467877974e-15,1.6653345369377348e-15,20
NEW,F1_int_wires,seed8,53,2a6337438127ddcf,1,2.1094237467877974e-15,1.6653345369377348e-15,20
NEW,F1_int_wires,seed8,54,2a6337438127ddcf,1,2.1094237467877974e-15,1.6653345369377348e-15,20
NEW,F1_int_wires,seed8,55,2a6337438127ddcf,1,2.1094237467877974e-15,1.6653345369377348e-15,20
NEW,F1_int_wires,seed8,56,2a6337438127ddcf,1,2.1094237467877974e-15,1.6653345369377348e-15,20
NEW,F1_int_wires,seed8,57,2a6337438127ddcf,1,2.1094237467877974e-15,1.6653345369377348e-15,20
NEW,F1_int_wires,seed8,58,2a6337438127ddcf,1,2.1094237467877974e-15,1.6653345369377348e-15,20
NEW,F1_int_wires,seed8,59,2a6337438127ddcf,1,2.1094237467877974e-15,1.6653345369377348e-15,20
NEW,F1_int_wires,seed8,60,2a6337438127ddcf,1,2.1094237467877974e-15,1.6653345369377348e-15,20
NEW,F1_int_wires,seed8,61,2a6337438127ddcf,1,2.1094237467877974e-15,1.6653345369377348e-15,20
NEW,F1_int_wires,seed8,62,2a6337438127ddcf,1,2.1094237467877974e-15,1.6653345369377348e-15,20
NEW,F1_int_wires,seed8,63,2a6337438127ddcf,1,2.1094237467877974e-15,1.6653345369377348e-15,20
NEW,F1_int_wires,seed8,64,2a6337438127ddcf,1,2.1094237467877974e-15,1.6653345369377348e-15,20
NEW,F1_int_wires,seed8,65,2a6337438127ddcf,1,2.1094237467877974e-15,1.6653345369377348e-15,20
NEW,F1_int_wires,seed8,66,2a6337438127ddcf,1,2.1094237467877974e-15,1.6653345369377348e-15,20
NEW,F1_int_wires,seed8,67,2a6337438127ddcf,1,2.1094237467877974e-15,1.6653345369377348e-15,20
NEW,F1_int_wires,seed8,68,2a6337438127ddcf,1,2.1094237467877974e-15,1.6653345369377348e-15,20
NEW,F1_int_wires,seed8,69,2a6337438127ddcf,1,2.1094237467877974e-15,1.6653345369377348e-15,20
NEW,F1_int_wires,seed8,70,2a6337438127ddcf,1,2.1094237467877974e-15,1.6653345369377348e-15,20
NEW,F1_int_wires,seed8,71,2a6337438127ddcf,1,2.1094237467877974e-15,1.6653345369377348e-15,20
NEW,F1_int_wires,seed8,72,2a6337438127ddcf,1,2.1094237467877974e-15,1.6653345369377348e-15,20
NEW,F1_int_wires,seed8,73,2a6337438127ddcf,1,2.1094237467877974e-15,1.6653345369377348e-15,20
NEW,F1_int_wires,seed8,74,2a6337438127ddcf,1,2.1094237467877974e-15,1.6653345369377348e-15,20
NEW,F1_int_wires,seed8,75,2a6337438127ddcf,1,2.1094237467877974e-15,1.6653345369377348e-15,20
NEW,F1_int_wires,seed8,76,2a6337438127ddcf,1,2.1094237467877974e-15,1.6653345369377348e-15,20
NEW,F1_int_wires,seed8,77,2a6337438127ddcf,1,2.1094237467877974e-15,1.6653345369377348e-15,20
NEW,F1_int_wires,seed8,78,2a6337438127ddcf,1,2.1094237467877974e-15,1.6653345369377348e-15,20
NEW,F1_int_wires,seed8,79,2a6337438127ddcf,1,2.1094237467877974e-15,1.6653345369377348e-15,20
NEW,F1_int_wires,seed8,80,2a6337438127ddcf,1,2.1094237467877974e-15,1.6653345369377348e-15,20
NEW,F1_int_wires,seed8,81,2a6337438127ddcf,1,2.1094237467877974e-15,1.6653345369377348e-15,20
NEW,F1_int_wires,seed8,82,2a6337438127ddcf,1,2.1094237467877974e-15,1.6653345369377348e-15,20
NEW,F1_int_wires,seed8,83,2a6337438127ddcf,1,2.1094237467877974e-15,1.6653345369377348e-15,20
NEW,F1_int_wires,seed8,84,2a6337438127ddcf,1,2.1094237467877974e-15,1.6653345369377348e-15,20
NEW,F1_int_wires,seed8,85,2a6337438127ddcf,1,2.1094237467877974e-15,1.6653345369377348e-15,20
NEW,F1_int_wires,seed8,86,2a6337438127ddcf,1,2.1094237467877974e-15,1.6653345369377348e-15,20
NEW,F1_int_wires,seed8,87,2a6337438127ddcf,1,2.1094237467877974e-15,1.6653345369377348e-15,20
NEW,F1_int_wires,seed8,88,2a6337438127ddcf,1,2.1094237467877974e-15,1.6653345369377348e-15,20
NEW,F1_int_wires,seed8,89,2a6337438127ddcf,1,2.1094237467877974e-15,1.6653345369377348e-15,20
NEW,F1_int_wires,seed8,90,2a6337438127ddcf,1,2.1094237467877974e-15,1.6653345369377348e-15,20
NEW,F1_int_wires,seed8,91,2a6337438127ddcf,1,2.1094237467877974e-15,1.6653345369377348e-15,20
NEW,F1_int_wires,seed8,92,2a6337438127ddcf,1,2.1094237467877974e-15,1.6653345369377348e-15,20
NEW,F1_int_wires,seed8,93,2a6337438127ddcf,1,2.1094237467877974e-15,1.6653345369377348e-15,20
NEW,F1_int_wires,seed8,94,2a6337438127ddcf,1,2.1094237467877974e-15,1.6653345369377348e-15,20
NEW,F1_int_wires,seed8,95,2a6337438127ddcf,1,2.1094237467877974e-15,1.6653345369377348e-15,20
NEW,F1_int_wires,seed8,96,2a6337438127ddcf,1,2.1094237467877974e-15,1.6653345369377348e-15,20
NEW,F1_int_wires,seed8,97,2a6337438127ddcf,1,2.1094237467877974e-15,1.6653345369377348e-15,20
NEW,F1_int_wires,seed8,98,2a6337438127ddcf,1,2.1094237467877974e-15,1.6653345369377348e-15,20
NEW,F1_int_wires,seed8,99,2a6337438127ddcf,1,2.1094237467877974e-15,1.6653345369377348e-15,20
NEW,F1_int_wires,seed8,100,2a6337438127ddcf,1,2.1094237467877974e-15,1.6653345369377348e-15,20
OLD,F1_int_wires,seed8,1,2a6337438127ddcf,1,2.1094237467877974e-15,0.9401497706229388,20
OLD,F1_int_wires,seed8,2,2a6337438127ddcf,1,2.1094237467877974e-15,0.9401497706229388,20
OLD,F1_int_wires,seed8,3,2a6337438127ddcf,1,2.1094237467877974e-15,0.9401497706229388,20
OLD,F1_int_wires,seed8,4,2a6337438127ddcf,1,2.1094237467877974e-15,0.9401497706229388,20
OLD,F1_int_wires,seed8,5,2a6337438127ddcf,1,2.1094237467877974e-15,0.9401497706229388,20
OLD,F1_int_wires,seed8,6,2a6337438127ddcf,1,2.1094237467877974e-15,0.9401497706229388,20
OLD,F1_int_wires,seed8,7,2a6337438127ddcf,1,2.1094237467877974e-15,0.9401497706229388,20
OLD,F1_int_wires,seed8,8,2a6337438127ddcf,1,2.1094237467877974e-15,0.9401497706229388,20
OLD,F1_int_wires,seed8,9,2a6337438127ddcf,1,2.1094237467877974e-15,0.9401497706229388,20
OLD,F1_int_wires,seed8,10,2a6337438127ddcf,1,2.1094237467877974e-15,0.9401497706229388,20
OLD,F1_int_wires,seed8,11,2a6337438127ddcf,1,2.1094237467877974e-15,0.9401497706229388,20
OLD,F1_int_wires,seed8,12,2a6337438127ddcf,1,2.1094237467877974e-15,0.9401497706229388,20
OLD,F1_int_wires,seed8,13,2a6337438127ddcf,1,2.1094237467877974e-15,0.9401497706229388,20
OLD,F1_int_wires,seed8,14,2a6337438127ddcf,1,2.1094237467877974e-15,0.9401497706229388,20
OLD,F1_int_wires,seed8,15,2a6337438127ddcf,1,2.1094237467877974e-15,0.9401497706229388,20
OLD,F1_int_wires,seed8,16,2a6337438127ddcf,1,2.1094237467877974e-15,0.9401497706229388,20
OLD,F1_int_wires,seed8,17,2a6337438127ddcf,1,2.1094237467877974e-15,0.9401497706229388,20
OLD,F1_int_wires,seed8,18,2a6337438127ddcf,1,2.1094237467877974e-15,0.9401497706229388,20
OLD,F1_int_wires,seed8,19,2a6337438127ddcf,1,2.1094237467877974e-15,0.9401497706229388,20
OLD,F1_int_wires,seed8,20,2a6337438127ddcf,1,2.1094237467877974e-15,0.9401497706229388,20
OLD,F1_int_wires,seed8,21,2a6337438127ddcf,1,2.1094237467877974e-15,0.9401497706229388,20
OLD,F1_int_wires,seed8,22,2a6337438127ddcf,1,2.1094237467877974e-15,0.9401497706229388,20
OLD,F1_int_wires,seed8,23,2a6337438127ddcf,1,2.1094237467877974e-15,0.9401497706229388,20
OLD,F1_int_wires,seed8,24,2a6337438127ddcf,1,2.1094237467877974e-15,0.9401497706229388,20
OLD,F1_int_wires,seed8,25,2a6337438127ddcf,1,2.1094237467877974e-15,0.9401497706229388,20
OLD,F1_int_wires,seed8,26,2a6337438127ddcf,1,2.1094237467877974e-15,0.9401497706229388,20
OLD,F1_int_wires,seed8,27,2a6337438127ddcf,1,2.1094237467877974e-15,0.9401497706229388,20
OLD,F1_int_wires,seed8,28,2a6337438127ddcf,1,2.1094237467877974e-15,0.9401497706229388,20
OLD,F1_int_wires,seed8,29,2a6337438127ddcf,1,2.1094237467877974e-15,0.9401497706229388,20
OLD,F1_int_wires,seed8,30,2a6337438127ddcf,1,2.1094237467877974e-15,0.9401497706229388,20
OLD,F1_int_wires,seed8,31,2a6337438127ddcf,1,2.1094237467877974e-15,0.9401497706229388,20
OLD,F1_int_wires,seed8,32,2a6337438127ddcf,1,2.1094237467877974e-15,0.9401497706229388,20
OLD,F1_int_wires,seed8,33,2a6337438127ddcf,1,2.1094237467877974e-15,0.9401497706229388,20
OLD,F1_int_wires,seed8,34,2a6337438127ddcf,1,2.1094237467877974e-15,0.9401497706229388,20
OLD,F1_int_wires,seed8,35,2a6337438127ddcf,1,2.1094237467877974e-15,0.9401497706229388,20
OLD,F1_int_wires,seed8,36,2a6337438127ddcf,1,2.1094237467877974e-15,0.9401497706229388,20
OLD,F1_int_wires,seed8,37,2a6337438127ddcf,1,2.1094237467877974e-15,0.9401497706229388,20
OLD,F1_int_wires,seed8,38,2a6337438127ddcf,1,2.1094237467877974e-15,0.9401497706229388,20
OLD,F1_int_wires,seed8,39,2a6337438127ddcf,1,2.1094237467877974e-15,0.9401497706229388,20
OLD,F1_int_wires,seed8,40,2a6337438127ddcf,1,2.1094237467877974e-15,0.9401497706229388,20
OLD,F1_int_wires,seed8,41,2a6337438127ddcf,1,2.1094237467877974e-15,0.9401497706229388,20
OLD,F1_int_wires,seed8,42,2a6337438127ddcf,1,2.1094237467877974e-15,0.9401497706229388,20
OLD,F1_int_wires,seed8,43,2a6337438127ddcf,1,2.1094237467877974e-15,0.9401497706229388,20
OLD,F1_int_wires,seed8,44,2a6337438127ddcf,1,2.1094237467877974e-15,0.9401497706229388,20
OLD,F1_int_wires,seed8,45,2a6337438127ddcf,1,2.1094237467877974e-15,0.9401497706229388,20
OLD,F1_int_wires,seed8,46,2a6337438127ddcf,1,2.1094237467877974e-15,0.9401497706229388,20
OLD,F1_int_wires,seed8,47,2a6337438127ddcf,1,2.1094237467877974e-15,0.9401497706229388,20
OLD,F1_int_wires,seed8,48,2a6337438127ddcf,1,2.1094237467877974e-15,0.9401497706229388,20
OLD,F1_int_wires,seed8,49,2a6337438127ddcf,1,2.1094237467877974e-15,0.9401497706229388,20
OLD,F1_int_wires,seed8,50,2a6337438127ddcf,1,2.1094237467877974e-15,0.9401497706229388,20
OLD,F1_int_wires,seed8,51,2a6337438127ddcf,1,2.1094237467877974e-15,0.9401497706229388,20
OLD,F1_int_wires,seed8,52,2a6337438127ddcf,1,2.1094237467877974e-15,0.9401497706229388,20
OLD,F1_int_wires,seed8,53,2a6337438127ddcf,1,2.1094237467877974e-15,0.9401497706229388,20
OLD,F1_int_wires,seed8,54,2a6337438127ddcf,1,2.1094237467877974e-15,0.9401497706229388,20
OLD,F1_int_wires,seed8,55,2a6337438127ddcf,1,2.1094237467877974e-15,0.9401497706229388,20
OLD,F1_int_wires,seed8,56,2a6337438127ddcf,1,2.1094237467877974e-15,0.9401497706229388,20
OLD,F1_int_wires,seed8,57,2a6337438127ddcf,1,2.1094237467877974e-15,0.9401497706229388,20
OLD,F1_int_wires,seed8,58,2a6337438127ddcf,1,2.1094237467877974e-15,0.9401497706229388,20
OLD,F1_int_wires,seed8,59,2a6337438127ddcf,1,2.1094237467877974e-15,0.9401497706229388,20
OLD,F1_int_wires,seed8,60,2a6337438127ddcf,1,2.1094237467877974e-15,0.9401497706229388,20
OLD,F1_int_wires,seed8,61,2a6337438127ddcf,1,2.1094237467877974e-15,0.9401497706229388,20
OLD,F1_int_wires,seed8,62,2a6337438127ddcf,1,2.1094237467877974e-15,0.9401497706229388,20
OLD,F1_int_wires,seed8,63,2a6337438127ddcf,1,2.1094237467877974e-15,0.9401497706229388,20
OLD,F1_int_wires,seed8,64,2a6337438127ddcf,1,2.1094237467877974e-15,0.9401497706229388,20
OLD,F1_int_wires,seed8,65,2a6337438127ddcf,1,2.1094237467877974e-15,0.9401497706229388,20
OLD,F1_int_wires,seed8,66,2a6337438127ddcf,1,2.1094237467877974e-15,0.9401497706229388,20
OLD,F1_int_wires,seed8,67,2a6337438127ddcf,1,2.1094237467877974e-15,0.9401497706229388,20
OLD,F1_int_wires,seed8,68,2a6337438127ddcf,1,2.1094237467877974e-15,0.9401497706229388,20
OLD,F1_int_wires,seed8,69,2a6337438127ddcf,1,2.1094237467877974e-15,0.9401497706229388,20
OLD,F1_int_wires,seed8,70,2a6337438127ddcf,1,2.1094237467877974e-15,0.9401497706229388,20
OLD,F1_int_wires,seed8,71,2a6337438127ddcf,1,2.1094237467877974e-15,0.9401497706229388,20
OLD,F1_int_wires,seed8,72,2a6337438127ddcf,1,2.1094237467877974e-15,0.9401497706229388,20
OLD,F1_int_wires,seed8,73,2a6337438127ddcf,1,2.1094237467877974e-15,0.9401497706229388,20
OLD,F1_int_wires,seed8,74,2a6337438127ddcf,1,2.1094237467877974e-15,0.9401497706229388,20
OLD,F1_int_wires,seed8,75,2a6337438127ddcf,1,2.1094237467877974e-15,0.9401497706229388,20
OLD,F1_int_wires,seed8,76,2a6337438127ddcf,1,2.1094237467877974e-15,0.9401497706229388,20
OLD,F1_int_wires,seed8,77,2a6337438127ddcf,1,2.1094237467877974e-15,0.9401497706229388,20
OLD,F1_int_wires,seed8,78,2a6337438127ddcf,1,2.1094237467877974e-15,0.9401497706229388,20
OLD,F1_int_wires,seed8,79,2a6337438127ddcf,1,2.1094237467877974e-15,0.9401497706229388,20
OLD,F1_int_wires,seed8,80,2a6337438127ddcf,1,2.1094237467877974e-15,0.9401497706229388,20
OLD,F1_int_wires,seed8,81,2a6337438127ddcf,1,2.1094237467877974e-15,0.9401497706229388,20
OLD,F1_int_wires,seed8,82,2a6337438127ddcf,1,2.1094237467877974e-15,0.9401497706229388,20
OLD,F1_int_wires,seed8,83,2a6337438127ddcf,1,2.1094237467877974e-15,0.9401497706229388,20
OLD,F1_int_wires,seed8,84,2a6337438127ddcf,1,2.1094237467877974e-15,0.9401497706229388,20
OLD,F1_int_wires,seed8,85,2a6337438127ddcf,1,2.1094237467877974e-15,0.9401497706229388,20
OLD,F1_int_wires,seed8,86,2a6337438127ddcf,1,2.1094237467877974e-15,0.9401497706229388,20
OLD,F1_int_wires,seed8,87,2a6337438127ddcf,1,2.1094237467877974e-15,0.9401497706229388,20
OLD,F1_int_wires,seed8,88,2a6337438127ddcf,1,2.1094237467877974e-15,0.9401497706229388,20
OLD,F1_int_wires,seed8,89,2a6337438127ddcf,1,2.1094237467877974e-15,0.9401497706229388,20
OLD,F1_int_wires,seed8,90,2a6337438127ddcf,1,2.1094237467877974e-15,0.9401497706229388,20
OLD,F1_int_wires,seed8,91,2a6337438127ddcf,1,2.1094237467877974e-15,0.9401497706229388,20
OLD,F1_int_wires,seed8,92,2a6337438127ddcf,1,2.1094237467877974e-15,0.9401497706229388,20
OLD,F1_int_wires,seed8,93,2a6337438127ddcf,1,2.1094237467877974e-15,0.9401497706229388,20
OLD,F1_int_wires,seed8,94,2a6337438127ddcf,1,2.1094237467877974e-15,0.9401497706229388,20
OLD,F1_int_wires,seed8,95,2a6337438127ddcf,1,2.1094237467877974e-15,0.9401497706229388,20
OLD,F1_int_wires,seed8,96,2a6337438127ddcf,1,2.1094237467877974e-15,0.9401497706229388,20
OLD,F1_int_wires,seed8,97,2a6337438127ddcf,1,2.1094237467877974e-15,0.9401497706229388,20
OLD,F1_int_wires,seed8,98,2a6337438127ddcf,1,2.1094237467877974e-15,0.9401497706229388,20
OLD,F1_int_wires,seed8,99,2a6337438127ddcf,1,2.1094237467877974e-15,0.9401497706229388,20
OLD,F1_int_wires,seed8,100,2a6337438127ddcf,1,2.1094237467877974e-15,0.9401497706229388,20
NEW,F1_int_wires,seed9,1,3ee2f1416079edfd,1,2.220446049250313e-16,2.220446049250313e-16,20
NEW,F1_int_wires,seed9,2,3ee2f1416079edfd,1,2.220446049250313e-16,2.220446049250313e-16,20
NEW,F1_int_wires,seed9,3,3ee2f1416079edfd,1,2.220446049250313e-16,2.220446049250313e-16,20
NEW,F1_int_wires,seed9,4,3ee2f1416079edfd,1,2.220446049250313e-16,2.220446049250313e-16,20
NEW,F1_int_wires,seed9,5,3ee2f1416079edfd,1,2.220446049250313e-16,2.220446049250313e-16,20
NEW,F1_int_wires,seed9,6,3ee2f1416079edfd,1,2.220446049250313e-16,2.220446049250313e-16,20
NEW,F1_int_wires,seed9,7,3ee2f1416079edfd,1,2.220446049250313e-16,2.220446049250313e-16,20
NEW,F1_int_wires,seed9,8,3ee2f1416079edfd,1,2.220446049250313e-16,2.220446049250313e-16,20
NEW,F1_int_wires,seed9,9,3ee2f1416079edfd,1,2.220446049250313e-16,2.220446049250313e-16,20
NEW,F1_int_wires,seed9,10,3ee2f1416079edfd,1,2.220446049250313e-16,2.220446049250313e-16,20
NEW,F1_int_wires,seed9,11,3ee2f1416079edfd,1,2.220446049250313e-16,2.220446049250313e-16,20
NEW,F1_int_wires,seed9,12,3ee2f1416079edfd,1,2.220446049250313e-16,2.220446049250313e-16,20
NEW,F1_int_wires,seed9,13,3ee2f1416079edfd,1,2.220446049250313e-16,2.220446049250313e-16,20
NEW,F1_int_wires,seed9,14,3ee2f1416079edfd,1,2.220446049250313e-16,2.220446049250313e-16,20
NEW,F1_int_wires,seed9,15,3ee2f1416079edfd,1,2.220446049250313e-16,2.220446049250313e-16,20
NEW,F1_int_wires,seed9,16,3ee2f1416079edfd,1,2.220446049250313e-16,2.220446049250313e-16,20
NEW,F1_int_wires,seed9,17,3ee2f1416079edfd,1,2.220446049250313e-16,2.220446049250313e-16,20
NEW,F1_int_wires,seed9,18,3ee2f1416079edfd,1,2.220446049250313e-16,2.220446049250313e-16,20
NEW,F1_int_wires,seed9,19,3ee2f1416079edfd,1,2.220446049250313e-16,2.220446049250313e-16,20
NEW,F1_int_wires,seed9,20,3ee2f1416079edfd,1,2.220446049250313e-16,2.220446049250313e-16,20
NEW,F1_int_wires,seed9,21,3ee2f1416079edfd,1,2.220446049250313e-16,2.220446049250313e-16,20
NEW,F1_int_wires,seed9,22,3ee2f1416079edfd,1,2.220446049250313e-16,2.220446049250313e-16,20
NEW,F1_int_wires,seed9,23,3ee2f1416079edfd,1,2.220446049250313e-16,2.220446049250313e-16,20
NEW,F1_int_wires,seed9,24,3ee2f1416079edfd,1,2.220446049250313e-16,2.220446049250313e-16,20
NEW,F1_int_wires,seed9,25,3ee2f1416079edfd,1,2.220446049250313e-16,2.220446049250313e-16,20
NEW,F1_int_wires,seed9,26,3ee2f1416079edfd,1,2.220446049250313e-16,2.220446049250313e-16,20
NEW,F1_int_wires,seed9,27,3ee2f1416079edfd,1,2.220446049250313e-16,2.220446049250313e-16,20
NEW,F1_int_wires,seed9,28,3ee2f1416079edfd,1,2.220446049250313e-16,2.220446049250313e-16,20
NEW,F1_int_wires,seed9,29,3ee2f1416079edfd,1,2.220446049250313e-16,2.220446049250313e-16,20
NEW,F1_int_wires,seed9,30,3ee2f1416079edfd,1,2.220446049250313e-16,2.220446049250313e-16,20
NEW,F1_int_wires,seed9,31,3ee2f1416079edfd,1,2.220446049250313e-16,2.220446049250313e-16,20
NEW,F1_int_wires,seed9,32,3ee2f1416079edfd,1,2.220446049250313e-16,2.220446049250313e-16,20
NEW,F1_int_wires,seed9,33,3ee2f1416079edfd,1,2.220446049250313e-16,2.220446049250313e-16,20
NEW,F1_int_wires,seed9,34,3ee2f1416079edfd,1,2.220446049250313e-16,2.220446049250313e-16,20
NEW,F1_int_wires,seed9,35,3ee2f1416079edfd,1,2.220446049250313e-16,2.220446049250313e-16,20
NEW,F1_int_wires,seed9,36,3ee2f1416079edfd,1,2.220446049250313e-16,2.220446049250313e-16,20
NEW,F1_int_wires,seed9,37,3ee2f1416079edfd,1,2.220446049250313e-16,2.220446049250313e-16,20
NEW,F1_int_wires,seed9,38,3ee2f1416079edfd,1,2.220446049250313e-16,2.220446049250313e-16,20
NEW,F1_int_wires,seed9,39,3ee2f1416079edfd,1,2.220446049250313e-16,2.220446049250313e-16,20
NEW,F1_int_wires,seed9,40,3ee2f1416079edfd,1,2.220446049250313e-16,2.220446049250313e-16,20
NEW,F1_int_wires,seed9,41,3ee2f1416079edfd,1,2.220446049250313e-16,2.220446049250313e-16,20
NEW,F1_int_wires,seed9,42,3ee2f1416079edfd,1,2.220446049250313e-16,2.220446049250313e-16,20
NEW,F1_int_wires,seed9,43,3ee2f1416079edfd,1,2.220446049250313e-16,2.220446049250313e-16,20
NEW,F1_int_wires,seed9,44,3ee2f1416079edfd,1,2.220446049250313e-16,2.220446049250313e-16,20
NEW,F1_int_wires,seed9,45,3ee2f1416079edfd,1,2.220446049250313e-16,2.220446049250313e-16,20
NEW,F1_int_wires,seed9,46,3ee2f1416079edfd,1,2.220446049250313e-16,2.220446049250313e-16,20
NEW,F1_int_wires,seed9,47,3ee2f1416079edfd,1,2.220446049250313e-16,2.220446049250313e-16,20
NEW,F1_int_wires,seed9,48,3ee2f1416079edfd,1,2.220446049250313e-16,2.220446049250313e-16,20
NEW,F1_int_wires,seed9,49,3ee2f1416079edfd,1,2.220446049250313e-16,2.220446049250313e-16,20
NEW,F1_int_wires,seed9,50,3ee2f1416079edfd,1,2.220446049250313e-16,2.220446049250313e-16,20
NEW,F1_int_wires,seed9,51,3ee2f1416079edfd,1,2.220446049250313e-16,2.220446049250313e-16,20
NEW,F1_int_wires,seed9,52,3ee2f1416079edfd,1,2.220446049250313e-16,2.220446049250313e-16,20
NEW,F1_int_wires,seed9,53,3ee2f1416079edfd,1,2.220446049250313e-16,2.220446049250313e-16,20
NEW,F1_int_wires,seed9,54,3ee2f1416079edfd,1,2.220446049250313e-16,2.220446049250313e-16,20
NEW,F1_int_wires,seed9,55,3ee2f1416079edfd,1,2.220446049250313e-16,2.220446049250313e-16,20
NEW,F1_int_wires,seed9,56,3ee2f1416079edfd,1,2.220446049250313e-16,2.220446049250313e-16,20
NEW,F1_int_wires,seed9,57,3ee2f1416079edfd,1,2.220446049250313e-16,2.220446049250313e-16,20
NEW,F1_int_wires,seed9,58,3ee2f1416079edfd,1,2.220446049250313e-16,2.220446049250313e-16,20
NEW,F1_int_wires,seed9,59,3ee2f1416079edfd,1,2.220446049250313e-16,2.220446049250313e-16,20
NEW,F1_int_wires,seed9,60,3ee2f1416079edfd,1,2.220446049250313e-16,2.220446049250313e-16,20
NEW,F1_int_wires,seed9,61,3ee2f1416079edfd,1,2.220446049250313e-16,2.220446049250313e-16,20
NEW,F1_int_wires,seed9,62,3ee2f1416079edfd,1,2.220446049250313e-16,2.220446049250313e-16,20
NEW,F1_int_wires,seed9,63,3ee2f1416079edfd,1,2.220446049250313e-16,2.220446049250313e-16,20
NEW,F1_int_wires,seed9,64,3ee2f1416079edfd,1,2.220446049250313e-16,2.220446049250313e-16,20
NEW,F1_int_wires,seed9,65,3ee2f1416079edfd,1,2.220446049250313e-16,2.220446049250313e-16,20
NEW,F1_int_wires,seed9,66,3ee2f1416079edfd,1,2.220446049250313e-16,2.220446049250313e-16,20
NEW,F1_int_wires,seed9,67,3ee2f1416079edfd,1,2.220446049250313e-16,2.220446049250313e-16,20
NEW,F1_int_wires,seed9,68,3ee2f1416079edfd,1,2.220446049250313e-16,2.220446049250313e-16,20
NEW,F1_int_wires,seed9,69,3ee2f1416079edfd,1,2.220446049250313e-16,2.220446049250313e-16,20
NEW,F1_int_wires,seed9,70,3ee2f1416079edfd,1,2.220446049250313e-16,2.220446049250313e-16,20
NEW,F1_int_wires,seed9,71,3ee2f1416079edfd,1,2.220446049250313e-16,2.220446049250313e-16,20
NEW,F1_int_wires,seed9,72,3ee2f1416079edfd,1,2.220446049250313e-16,2.220446049250313e-16,20
NEW,F1_int_wires,seed9,73,3ee2f1416079edfd,1,2.220446049250313e-16,2.220446049250313e-16,20
NEW,F1_int_wires,seed9,74,3ee2f1416079edfd,1,2.220446049250313e-16,2.220446049250313e-16,20
NEW,F1_int_wires,seed9,75,3ee2f1416079edfd,1,2.220446049250313e-16,2.220446049250313e-16,20
NEW,F1_int_wires,seed9,76,3ee2f1416079edfd,1,2.220446049250313e-16,2.220446049250313e-16,20
NEW,F1_int_wires,seed9,77,3ee2f1416079edfd,1,2.220446049250313e-16,2.220446049250313e-16,20
NEW,F1_int_wires,seed9,78,3ee2f1416079edfd,1,2.220446049250313e-16,2.220446049250313e-16,20
NEW,F1_int_wires,seed9,79,3ee2f1416079edfd,1,2.220446049250313e-16,2.220446049250313e-16,20
NEW,F1_int_wires,seed9,80,3ee2f1416079edfd,1,2.220446049250313e-16,2.220446049250313e-16,20
NEW,F1_int_wires,seed9,81,3ee2f1416079edfd,1,2.220446049250313e-16,2.220446049250313e-16,20
NEW,F1_int_wires,seed9,82,3ee2f1416079edfd,1,2.220446049250313e-16,2.220446049250313e-16,20
NEW,F1_int_wires,seed9,83,3ee2f1416079edfd,1,2.220446049250313e-16,2.220446049250313e-16,20
NEW,F1_int_wires,seed9,84,3ee2f1416079edfd,1,2.220446049250313e-16,2.220446049250313e-16,20
NEW,F1_int_wires,seed9,85,3ee2f1416079edfd,1,2.220446049250313e-16,2.220446049250313e-16,20
NEW,F1_int_wires,seed9,86,3ee2f1416079edfd,1,2.220446049250313e-16,2.220446049250313e-16,20
NEW,F1_int_wires,seed9,87,3ee2f1416079edfd,1,2.220446049250313e-16,2.220446049250313e-16,20
NEW,F1_int_wires,seed9,88,3ee2f1416079edfd,1,2.220446049250313e-16,2.220446049250313e-16,20
NEW,F1_int_wires,seed9,89,3ee2f1416079edfd,1,2.220446049250313e-16,2.220446049250313e-16,20
NEW,F1_int_wires,seed9,90,3ee2f1416079edfd,1,2.220446049250313e-16,2.220446049250313e-16,20
NEW,F1_int_wires,seed9,91,3ee2f1416079edfd,1,2.220446049250313e-16,2.220446049250313e-16,20
NEW,F1_int_wires,seed9,92,3ee2f1416079edfd,1,2.220446049250313e-16,2.220446049250313e-16,20
NEW,F1_int_wires,seed9,93,3ee2f1416079edfd,1,2.220446049250313e-16,2.220446049250313e-16,20
NEW,F1_int_wires,seed9,94,3ee2f1416079edfd,1,2.220446049250313e-16,2.220446049250313e-16,20
NEW,F1_int_wires,seed9,95,3ee2f1416079edfd,1,2.220446049250313e-16,2.220446049250313e-16,20
NEW,F1_int_wires,seed9,96,3ee2f1416079edfd,1,2.220446049250313e-16,2.220446049250313e-16,20
NEW,F1_int_wires,seed9,97,3ee2f1416079edfd,1,2.220446049250313e-16,2.220446049250313e-16,20
NEW,F1_int_wires,seed9,98,3ee2f1416079edfd,1,2.220446049250313e-16,2.220446049250313e-16,20
NEW,F1_int_wires,seed9,99,3ee2f1416079edfd,1,2.220446049250313e-16,2.220446049250313e-16,20
NEW,F1_int_wires,seed9,100,3ee2f1416079edfd,1,2.220446049250313e-16,2.220446049250313e-16,20
OLD,F1_int_wires,seed9,1,3ee2f1416079edfd,1,2.220446049250313e-16,0.93883924529907,20
OLD,F1_int_wires,seed9,2,3ee2f1416079edfd,1,2.220446049250313e-16,0.93883924529907,20
OLD,F1_int_wires,seed9,3,3ee2f1416079edfd,1,2.220446049250313e-16,0.93883924529907,20
OLD,F1_int_wires,seed9,4,3ee2f1416079edfd,1,2.220446049250313e-16,0.93883924529907,20
OLD,F1_int_wires,seed9,5,3ee2f1416079edfd,1,2.220446049250313e-16,0.93883924529907,20
OLD,F1_int_wires,seed9,6,3ee2f1416079edfd,1,2.220446049250313e-16,0.93883924529907,20
OLD,F1_int_wires,seed9,7,3ee2f1416079edfd,1,2.220446049250313e-16,0.93883924529907,20
OLD,F1_int_wires,seed9,8,3ee2f1416079edfd,1,2.220446049250313e-16,0.93883924529907,20
OLD,F1_int_wires,seed9,9,3ee2f1416079edfd,1,2.220446049250313e-16,0.93883924529907,20
OLD,F1_int_wires,seed9,10,3ee2f1416079edfd,1,2.220446049250313e-16,0.93883924529907,20
OLD,F1_int_wires,seed9,11,3ee2f1416079edfd,1,2.220446049250313e-16,0.93883924529907,20
OLD,F1_int_wires,seed9,12,3ee2f1416079edfd,1,2.220446049250313e-16,0.93883924529907,20
OLD,F1_int_wires,seed9,13,3ee2f1416079edfd,1,2.220446049250313e-16,0.93883924529907,20
OLD,F1_int_wires,seed9,14,3ee2f1416079edfd,1,2.220446049250313e-16,0.93883924529907,20
OLD,F1_int_wires,seed9,15,3ee2f1416079edfd,1,2.220446049250313e-16,0.93883924529907,20
OLD,F1_int_wires,seed9,16,3ee2f1416079edfd,1,2.220446049250313e-16,0.93883924529907,20
OLD,F1_int_wires,seed9,17,3ee2f1416079edfd,1,2.220446049250313e-16,0.93883924529907,20
OLD,F1_int_wires,seed9,18,3ee2f1416079edfd,1,2.220446049250313e-16,0.93883924529907,20
OLD,F1_int_wires,seed9,19,3ee2f1416079edfd,1,2.220446049250313e-16,0.93883924529907,20
OLD,F1_int_wires,seed9,20,3ee2f1416079edfd,1,2.220446049250313e-16,0.93883924529907,20
OLD,F1_int_wires,seed9,21,3ee2f1416079edfd,1,2.220446049250313e-16,0.93883924529907,20
OLD,F1_int_wires,seed9,22,3ee2f1416079edfd,1,2.220446049250313e-16,0.93883924529907,20
OLD,F1_int_wires,seed9,23,3ee2f1416079edfd,1,2.220446049250313e-16,0.93883924529907,20
OLD,F1_int_wires,seed9,24,3ee2f1416079edfd,1,2.220446049250313e-16,0.93883924529907,20
OLD,F1_int_wires,seed9,25,3ee2f1416079edfd,1,2.220446049250313e-16,0.93883924529907,20
OLD,F1_int_wires,seed9,26,3ee2f1416079edfd,1,2.220446049250313e-16,0.93883924529907,20
OLD,F1_int_wires,seed9,27,3ee2f1416079edfd,1,2.220446049250313e-16,0.93883924529907,20
OLD,F1_int_wires,seed9,28,3ee2f1416079edfd,1,2.220446049250313e-16,0.93883924529907,20
OLD,F1_int_wires,seed9,29,3ee2f1416079edfd,1,2.220446049250313e-16,0.93883924529907,20
OLD,F1_int_wires,seed9,30,3ee2f1416079edfd,1,2.220446049250313e-16,0.93883924529907,20
OLD,F1_int_wires,seed9,31,3ee2f1416079edfd,1,2.220446049250313e-16,0.93883924529907,20
OLD,F1_int_wires,seed9,32,3ee2f1416079edfd,1,2.220446049250313e-16,0.93883924529907,20
OLD,F1_int_wires,seed9,33,3ee2f1416079edfd,1,2.220446049250313e-16,0.93883924529907,20
OLD,F1_int_wires,seed9,34,3ee2f1416079edfd,1,2.220446049250313e-16,0.93883924529907,20
OLD,F1_int_wires,seed9,35,3ee2f1416079edfd,1,2.220446049250313e-16,0.93883924529907,20
OLD,F1_int_wires,seed9,36,3ee2f1416079edfd,1,2.220446049250313e-16,0.93883924529907,20
OLD,F1_int_wires,seed9,37,3ee2f1416079edfd,1,2.220446049250313e-16,0.93883924529907,20
OLD,F1_int_wires,seed9,38,3ee2f1416079edfd,1,2.220446049250313e-16,0.93883924529907,20
OLD,F1_int_wires,seed9,39,3ee2f1416079edfd,1,2.220446049250313e-16,0.93883924529907,20
OLD,F1_int_wires,seed9,40,3ee2f1416079edfd,1,2.220446049250313e-16,0.93883924529907,20
OLD,F1_int_wires,seed9,41,3ee2f1416079edfd,1,2.220446049250313e-16,0.93883924529907,20
OLD,F1_int_wires,seed9,42,3ee2f1416079edfd,1,2.220446049250313e-16,0.93883924529907,20
OLD,F1_int_wires,seed9,43,3ee2f1416079edfd,1,2.220446049250313e-16,0.93883924529907,20
OLD,F1_int_wires,seed9,44,3ee2f1416079edfd,1,2.220446049250313e-16,0.93883924529907,20
OLD,F1_int_wires,seed9,45,3ee2f1416079edfd,1,2.220446049250313e-16,0.93883924529907,20
OLD,F1_int_wires,seed9,46,3ee2f1416079edfd,1,2.220446049250313e-16,0.93883924529907,20
OLD,F1_int_wires,seed9,47,3ee2f1416079edfd,1,2.220446049250313e-16,0.93883924529907,20
OLD,F1_int_wires,seed9,48,3ee2f1416079edfd,1,2.220446049250313e-16,0.93883924529907,20
OLD,F1_int_wires,seed9,49,3ee2f1416079edfd,1,2.220446049250313e-16,0.93883924529907,20
OLD,F1_int_wires,seed9,50,3ee2f1416079edfd,1,2.220446049250313e-16,0.93883924529907,20
OLD,F1_int_wires,seed9,51,3ee2f1416079edfd,1,2.220446049250313e-16,0.93883924529907,20
OLD,F1_int_wires,seed9,52,3ee2f1416079edfd,1,2.220446049250313e-16,0.93883924529907,20
OLD,F1_int_wires,seed9,53,3ee2f1416079edfd,1,2.220446049250313e-16,0.93883924529907,20
OLD,F1_int_wires,seed9,54,3ee2f1416079edfd,1,2.220446049250313e-16,0.93883924529907,20
OLD,F1_int_wires,seed9,55,3ee2f1416079edfd,1,2.220446049250313e-16,0.93883924529907,20
OLD,F1_int_wires,seed9,56,3ee2f1416079edfd,1,2.220446049250313e-16,0.93883924529907,20
OLD,F1_int_wires,seed9,57,3ee2f1416079edfd,1,2.220446049250313e-16,0.93883924529907,20
OLD,F1_int_wires,seed9,58,3ee2f1416079edfd,1,2.220446049250313e-16,0.93883924529907,20
OLD,F1_int_wires,seed9,59,3ee2f1416079edfd,1,2.220446049250313e-16,0.93883924529907,20
OLD,F1_int_wires,seed9,60,3ee2f1416079edfd,1,2.220446049250313e-16,0.93883924529907,20
OLD,F1_int_wires,seed9,61,3ee2f1416079edfd,1,2.220446049250313e-16,0.93883924529907,20
OLD,F1_int_wires,seed9,62,3ee2f1416079edfd,1,2.220446049250313e-16,0.93883924529907,20
OLD,F1_int_wires,seed9,63,3ee2f1416079edfd,1,2.220446049250313e-16,0.93883924529907,20
OLD,F1_int_wires,seed9,64,3ee2f1416079edfd,1,2.220446049250313e-16,0.93883924529907,20
OLD,F1_int_wires,seed9,65,3ee2f1416079edfd,1,2.220446049250313e-16,0.93883924529907,20
OLD,F1_int_wires,seed9,66,3ee2f1416079edfd,1,2.220446049250313e-16,0.93883924529907,20
OLD,F1_int_wires,seed9,67,3ee2f1416079edfd,1,2.220446049250313e-16,0.93883924529907,20
OLD,F1_int_wires,seed9,68,3ee2f1416079edfd,1,2.220446049250313e-16,0.93883924529907,20
OLD,F1_int_wires,seed9,69,3ee2f1416079edfd,1,2.220446049250313e-16,0.93883924529907,20
OLD,F1_int_wires,seed9,70,3ee2f1416079edfd,1,2.220446049250313e-16,0.93883924529907,20
OLD,F1_int_wires,seed9,71,3ee2f1416079edfd,1,2.220446049250313e-16,0.93883924529907,20
OLD,F1_int_wires,seed9,72,3ee2f1416079edfd,1,2.220446049250313e-16,0.93883924529907,20
OLD,F1_int_wires,seed9,73,3ee2f1416079edfd,1,2.220446049250313e-16,0.93883924529907,20
OLD,F1_int_wires,seed9,74,3ee2f1416079edfd,1,2.220446049250313e-16,0.93883924529907,20
OLD,F1_int_wires,seed9,75,3ee2f1416079edfd,1,2.220446049250313e-16,0.93883924529907,20
OLD,F1_int_wires,seed9,76,3ee2f1416079edfd,1,2.220446049250313e-16,0.93883924529907,20
OLD,F1_int_wires,seed9,77,3ee2f1416079edfd,1,2.220446049250313e-16,0.93883924529907,20
OLD,F1_int_wires,seed9,78,3ee2f1416079edfd,1,2.220446049250313e-16,0.93883924529907,20
OLD,F1_int_wires,seed9,79,3ee2f1416079edfd,1,2.220446049250313e-16,0.93883924529907,20
OLD,F1_int_wires,seed9,80,3ee2f1416079edfd,1,2.220446049250313e-16,0.93883924529907,20
OLD,F1_int_wires,seed9,81,3ee2f1416079edfd,1,2.220446049250313e-16,0.93883924529907,20
OLD,F1_int_wires,seed9,82,3ee2f1416079edfd,1,2.220446049250313e-16,0.93883924529907,20
OLD,F1_int_wires,seed9,83,3ee2f1416079edfd,1,2.220446049250313e-16,0.93883924529907,20
OLD,F1_int_wires,seed9,84,3ee2f1416079edfd,1,2.220446049250313e-16,0.93883924529907,20
OLD,F1_int_wires,seed9,85,3ee2f1416079edfd,1,2.220446049250313e-16,0.93883924529907,20
OLD,F1_int_wires,seed9,86,3ee2f1416079edfd,1,2.220446049250313e-16,0.93883924529907,20
OLD,F1_int_wires,seed9,87,3ee2f1416079edfd,1,2.220446049250313e-16,0.93883924529907,20
OLD,F1_int_wires,seed9,88,3ee2f1416079edfd,1,2.220446049250313e-16,0.93883924529907,20
OLD,F1_int_wires,seed9,89,3ee2f1416079edfd,1,2.220446049250313e-16,0.93883924529907,20
OLD,F1_int_wires,seed9,90,3ee2f1416079edfd,1,2.220446049250313e-16,0.93883924529907,20
OLD,F1_int_wires,seed9,91,3ee2f1416079edfd,1,2.220446049250313e-16,0.93883924529907,20
OLD,F1_int_wires,seed9,92,3ee2f1416079edfd,1,2.220446049250313e-16,0.93883924529907,20
OLD,F1_int_wires,seed9,93,3ee2f1416079edfd,1,2.220446049250313e-16,0.93883924529907,20
OLD,F1_int_wires,seed9,94,3ee2f1416079edfd,1,2.220446049250313e-16,0.93883924529907,20
OLD,F1_int_wires,seed9,95,3ee2f1416079edfd,1,2.220446049250313e-16,0.93883924529907,20
OLD,F1_int_wires,seed9,96,3ee2f1416079edfd,1,2.220446049250313e-16,0.93883924529907,20
OLD,F1_int_wires,seed9,97,3ee2f1416079edfd,1,2.220446049250313e-16,0.93883924529907,20
OLD,F1_int_wires,seed9,98,3ee2f1416079edfd,1,2.220446049250313e-16,0.93883924529907,20
OLD,F1_int_wires,seed9,99,3ee2f1416079edfd,1,2.220446049250313e-16,0.93883924529907,20
OLD,F1_int_wires,seed9,100,3ee2f1416079edfd,1,2.220446049250313e-16,0.93883924529907,20
NEW,F2_mixed_labels,seed0,1,11fdb95252eb783d,1,1.887379141862766e-15,2.1094237467877974e-15,20
NEW,F2_mixed_labels,seed0,2,11fdb95252eb783d,1,1.887379141862766e-15,2.1094237467877974e-15,20
NEW,F2_mixed_labels,seed0,3,11fdb95252eb783d,1,1.887379141862766e-15,2.1094237467877974e-15,20
NEW,F2_mixed_labels,seed0,4,11fdb95252eb783d,1,1.887379141862766e-15,2.1094237467877974e-15,20
NEW,F2_mixed_labels,seed0,5,11fdb95252eb783d,1,1.887379141862766e-15,2.1094237467877974e-15,20
NEW,F2_mixed_labels,seed0,6,11fdb95252eb783d,1,1.887379141862766e-15,2.1094237467877974e-15,20
NEW,F2_mixed_labels,seed0,7,11fdb95252eb783d,1,1.887379141862766e-15,2.1094237467877974e-15,20
NEW,F2_mixed_labels,seed0,8,11fdb95252eb783d,1,1.887379141862766e-15,2.1094237467877974e-15,20
NEW,F2_mixed_labels,seed0,9,11fdb95252eb783d,1,1.887379141862766e-15,2.1094237467877974e-15,20
NEW,F2_mixed_labels,seed0,10,11fdb95252eb783d,1,1.887379141862766e-15,2.1094237467877974e-15,20
NEW,F2_mixed_labels,seed0,11,11fdb95252eb783d,1,1.887379141862766e-15,2.1094237467877974e-15,20
NEW,F2_mixed_labels,seed0,12,11fdb95252eb783d,1,1.887379141862766e-15,2.1094237467877974e-15,20
NEW,F2_mixed_labels,seed0,13,11fdb95252eb783d,1,1.887379141862766e-15,2.1094237467877974e-15,20
NEW,F2_mixed_labels,seed0,14,11fdb95252eb783d,1,1.887379141862766e-15,2.1094237467877974e-15,20
NEW,F2_mixed_labels,seed0,15,11fdb95252eb783d,1,1.887379141862766e-15,2.1094237467877974e-15,20
NEW,F2_mixed_labels,seed0,16,11fdb95252eb783d,1,1.887379141862766e-15,2.1094237467877974e-15,20
NEW,F2_mixed_labels,seed0,17,11fdb95252eb783d,1,1.887379141862766e-15,2.1094237467877974e-15,20
NEW,F2_mixed_labels,seed0,18,11fdb95252eb783d,1,1.887379141862766e-15,2.1094237467877974e-15,20
NEW,F2_mixed_labels,seed0,19,11fdb95252eb783d,1,1.887379141862766e-15,2.1094237467877974e-15,20
NEW,F2_mixed_labels,seed0,20,11fdb95252eb783d,1,1.887379141862766e-15,2.1094237467877974e-15,20
NEW,F2_mixed_labels,seed0,21,11fdb95252eb783d,1,1.887379141862766e-15,2.1094237467877974e-15,20
NEW,F2_mixed_labels,seed0,22,11fdb95252eb783d,1,1.887379141862766e-15,2.1094237467877974e-15,20
NEW,F2_mixed_labels,seed0,23,11fdb95252eb783d,1,1.887379141862766e-15,2.1094237467877974e-15,20
NEW,F2_mixed_labels,seed0,24,11fdb95252eb783d,1,1.887379141862766e-15,2.1094237467877974e-15,20
NEW,F2_mixed_labels,seed0,25,11fdb95252eb783d,1,1.887379141862766e-15,2.1094237467877974e-15,20
NEW,F2_mixed_labels,seed0,26,11fdb95252eb783d,1,1.887379141862766e-15,2.1094237467877974e-15,20
NEW,F2_mixed_labels,seed0,27,11fdb95252eb783d,1,1.887379141862766e-15,2.1094237467877974e-15,20
NEW,F2_mixed_labels,seed0,28,11fdb95252eb783d,1,1.887379141862766e-15,2.1094237467877974e-15,20
NEW,F2_mixed_labels,seed0,29,11fdb95252eb783d,1,1.887379141862766e-15,2.1094237467877974e-15,20
NEW,F2_mixed_labels,seed0,30,11fdb95252eb783d,1,1.887379141862766e-15,2.1094237467877974e-15,20
NEW,F2_mixed_labels,seed0,31,11fdb95252eb783d,1,1.887379141862766e-15,2.1094237467877974e-15,20
NEW,F2_mixed_labels,seed0,32,11fdb95252eb783d,1,1.887379141862766e-15,2.1094237467877974e-15,20
NEW,F2_mixed_labels,seed0,33,11fdb95252eb783d,1,1.887379141862766e-15,2.1094237467877974e-15,20
NEW,F2_mixed_labels,seed0,34,11fdb95252eb783d,1,1.887379141862766e-15,2.1094237467877974e-15,20
NEW,F2_mixed_labels,seed0,35,11fdb95252eb783d,1,1.887379141862766e-15,2.1094237467877974e-15,20
NEW,F2_mixed_labels,seed0,36,11fdb95252eb783d,1,1.887379141862766e-15,2.1094237467877974e-15,20
NEW,F2_mixed_labels,seed0,37,11fdb95252eb783d,1,1.887379141862766e-15,2.1094237467877974e-15,20
NEW,F2_mixed_labels,seed0,38,11fdb95252eb783d,1,1.887379141862766e-15,2.1094237467877974e-15,20
NEW,F2_mixed_labels,seed0,39,11fdb95252eb783d,1,1.887379141862766e-15,2.1094237467877974e-15,20
NEW,F2_mixed_labels,seed0,40,11fdb95252eb783d,1,1.887379141862766e-15,2.1094237467877974e-15,20
NEW,F2_mixed_labels,seed0,41,11fdb95252eb783d,1,1.887379141862766e-15,2.1094237467877974e-15,20
NEW,F2_mixed_labels,seed0,42,11fdb95252eb783d,1,1.887379141862766e-15,2.1094237467877974e-15,20
NEW,F2_mixed_labels,seed0,43,11fdb95252eb783d,1,1.887379141862766e-15,2.1094237467877974e-15,20
NEW,F2_mixed_labels,seed0,44,11fdb95252eb783d,1,1.887379141862766e-15,2.1094237467877974e-15,20
NEW,F2_mixed_labels,seed0,45,11fdb95252eb783d,1,1.887379141862766e-15,2.1094237467877974e-15,20
NEW,F2_mixed_labels,seed0,46,11fdb95252eb783d,1,1.887379141862766e-15,2.1094237467877974e-15,20
NEW,F2_mixed_labels,seed0,47,11fdb95252eb783d,1,1.887379141862766e-15,2.1094237467877974e-15,20
NEW,F2_mixed_labels,seed0,48,11fdb95252eb783d,1,1.887379141862766e-15,2.1094237467877974e-15,20
NEW,F2_mixed_labels,seed0,49,11fdb95252eb783d,1,1.887379141862766e-15,2.1094237467877974e-15,20
NEW,F2_mixed_labels,seed0,50,11fdb95252eb783d,1,1.887379141862766e-15,2.1094237467877974e-15,20
NEW,F2_mixed_labels,seed0,51,11fdb95252eb783d,1,1.887379141862766e-15,2.1094237467877974e-15,20
NEW,F2_mixed_labels,seed0,52,11fdb95252eb783d,1,1.887379141862766e-15,2.1094237467877974e-15,20
NEW,F2_mixed_labels,seed0,53,11fdb95252eb783d,1,1.887379141862766e-15,2.1094237467877974e-15,20
NEW,F2_mixed_labels,seed0,54,11fdb95252eb783d,1,1.887379141862766e-15,2.1094237467877974e-15,20
NEW,F2_mixed_labels,seed0,55,11fdb95252eb783d,1,1.887379141862766e-15,2.1094237467877974e-15,20
NEW,F2_mixed_labels,seed0,56,11fdb95252eb783d,1,1.887379141862766e-15,2.1094237467877974e-15,20
NEW,F2_mixed_labels,seed0,57,11fdb95252eb783d,1,1.887379141862766e-15,2.1094237467877974e-15,20
NEW,F2_mixed_labels,seed0,58,11fdb95252eb783d,1,1.887379141862766e-15,2.1094237467877974e-15,20
NEW,F2_mixed_labels,seed0,59,11fdb95252eb783d,1,1.887379141862766e-15,2.1094237467877974e-15,20
NEW,F2_mixed_labels,seed0,60,11fdb95252eb783d,1,1.887379141862766e-15,2.1094237467877974e-15,20
NEW,F2_mixed_labels,seed0,61,11fdb95252eb783d,1,1.887379141862766e-15,2.1094237467877974e-15,20
NEW,F2_mixed_labels,seed0,62,11fdb95252eb783d,1,1.887379141862766e-15,2.1094237467877974e-15,20
NEW,F2_mixed_labels,seed0,63,11fdb95252eb783d,1,1.887379141862766e-15,2.1094237467877974e-15,20
NEW,F2_mixed_labels,seed0,64,11fdb95252eb783d,1,1.887379141862766e-15,2.1094237467877974e-15,20
NEW,F2_mixed_labels,seed0,65,11fdb95252eb783d,1,1.887379141862766e-15,2.1094237467877974e-15,20
NEW,F2_mixed_labels,seed0,66,11fdb95252eb783d,1,1.887379141862766e-15,2.1094237467877974e-15,20
NEW,F2_mixed_labels,seed0,67,11fdb95252eb783d,1,1.887379141862766e-15,2.1094237467877974e-15,20
NEW,F2_mixed_labels,seed0,68,11fdb95252eb783d,1,1.887379141862766e-15,2.1094237467877974e-15,20
NEW,F2_mixed_labels,seed0,69,11fdb95252eb783d,1,1.887379141862766e-15,2.1094237467877974e-15,20
NEW,F2_mixed_labels,seed0,70,11fdb95252eb783d,1,1.887379141862766e-15,2.1094237467877974e-15,20
NEW,F2_mixed_labels,seed0,71,11fdb95252eb783d,1,1.887379141862766e-15,2.1094237467877974e-15,20
NEW,F2_mixed_labels,seed0,72,11fdb95252eb783d,1,1.887379141862766e-15,2.1094237467877974e-15,20
NEW,F2_mixed_labels,seed0,73,11fdb95252eb783d,1,1.887379141862766e-15,2.1094237467877974e-15,20
NEW,F2_mixed_labels,seed0,74,11fdb95252eb783d,1,1.887379141862766e-15,2.1094237467877974e-15,20
NEW,F2_mixed_labels,seed0,75,11fdb95252eb783d,1,1.887379141862766e-15,2.1094237467877974e-15,20
NEW,F2_mixed_labels,seed0,76,11fdb95252eb783d,1,1.887379141862766e-15,2.1094237467877974e-15,20
NEW,F2_mixed_labels,seed0,77,11fdb95252eb783d,1,1.887379141862766e-15,2.1094237467877974e-15,20
NEW,F2_mixed_labels,seed0,78,11fdb95252eb783d,1,1.887379141862766e-15,2.1094237467877974e-15,20
NEW,F2_mixed_labels,seed0,79,11fdb95252eb783d,1,1.887379141862766e-15,2.1094237467877974e-15,20
NEW,F2_mixed_labels,seed0,80,11fdb95252eb783d,1,1.887379141862766e-15,2.1094237467877974e-15,20
NEW,F2_mixed_labels,seed0,81,11fdb95252eb783d,1,1.887379141862766e-15,2.1094237467877974e-15,20
NEW,F2_mixed_labels,seed0,82,11fdb95252eb783d,1,1.887379141862766e-15,2.1094237467877974e-15,20
NEW,F2_mixed_labels,seed0,83,11fdb95252eb783d,1,1.887379141862766e-15,2.1094237467877974e-15,20
NEW,F2_mixed_labels,seed0,84,11fdb95252eb783d,1,1.887379141862766e-15,2.1094237467877974e-15,20
NEW,F2_mixed_labels,seed0,85,11fdb95252eb783d,1,1.887379141862766e-15,2.1094237467877974e-15,20
NEW,F2_mixed_labels,seed0,86,11fdb95252eb783d,1,1.887379141862766e-15,2.1094237467877974e-15,20
NEW,F2_mixed_labels,seed0,87,11fdb95252eb783d,1,1.887379141862766e-15,2.1094237467877974e-15,20
NEW,F2_mixed_labels,seed0,88,11fdb95252eb783d,1,1.887379141862766e-15,2.1094237467877974e-15,20
NEW,F2_mixed_labels,seed0,89,11fdb95252eb783d,1,1.887379141862766e-15,2.1094237467877974e-15,20
NEW,F2_mixed_labels,seed0,90,11fdb95252eb783d,1,1.887379141862766e-15,2.1094237467877974e-15,20
NEW,F2_mixed_labels,seed0,91,11fdb95252eb783d,1,1.887379141862766e-15,2.1094237467877974e-15,20
NEW,F2_mixed_labels,seed0,92,11fdb95252eb783d,1,1.887379141862766e-15,2.1094237467877974e-15,20
NEW,F2_mixed_labels,seed0,93,11fdb95252eb783d,1,1.887379141862766e-15,2.1094237467877974e-15,20
NEW,F2_mixed_labels,seed0,94,11fdb95252eb783d,1,1.887379141862766e-15,2.1094237467877974e-15,20
NEW,F2_mixed_labels,seed0,95,11fdb95252eb783d,1,1.887379141862766e-15,2.1094237467877974e-15,20
NEW,F2_mixed_labels,seed0,96,11fdb95252eb783d,1,1.887379141862766e-15,2.1094237467877974e-15,20
NEW,F2_mixed_labels,seed0,97,11fdb95252eb783d,1,1.887379141862766e-15,2.1094237467877974e-15,20
NEW,F2_mixed_labels,seed0,98,11fdb95252eb783d,1,1.887379141862766e-15,2.1094237467877974e-15,20
NEW,F2_mixed_labels,seed0,99,11fdb95252eb783d,1,1.887379141862766e-15,2.1094237467877974e-15,20
NEW,F2_mixed_labels,seed0,100,11fdb95252eb783d,1,1.887379141862766e-15,2.1094237467877974e-15,20
OLD,F2_mixed_labels,seed0,1,11fdb95252eb783d,1,1.887379141862766e-15,0.9392883351374619,20
OLD,F2_mixed_labels,seed0,2,11fdb95252eb783d,1,1.887379141862766e-15,0.9392883351374619,20
OLD,F2_mixed_labels,seed0,3,11fdb95252eb783d,1,1.887379141862766e-15,0.9392883351374619,20
OLD,F2_mixed_labels,seed0,4,11fdb95252eb783d,1,1.887379141862766e-15,0.9392883351374619,20
OLD,F2_mixed_labels,seed0,5,11fdb95252eb783d,1,1.887379141862766e-15,0.9392883351374619,20
OLD,F2_mixed_labels,seed0,6,11fdb95252eb783d,1,1.887379141862766e-15,0.9392883351374619,20
OLD,F2_mixed_labels,seed0,7,11fdb95252eb783d,1,1.887379141862766e-15,0.9392883351374619,20
OLD,F2_mixed_labels,seed0,8,11fdb95252eb783d,1,1.887379141862766e-15,0.9392883351374619,20
OLD,F2_mixed_labels,seed0,9,11fdb95252eb783d,1,1.887379141862766e-15,0.9392883351374619,20
OLD,F2_mixed_labels,seed0,10,11fdb95252eb783d,1,1.887379141862766e-15,0.9392883351374619,20
OLD,F2_mixed_labels,seed0,11,11fdb95252eb783d,1,1.887379141862766e-15,0.9392883351374619,20
OLD,F2_mixed_labels,seed0,12,11fdb95252eb783d,1,1.887379141862766e-15,0.9392883351374619,20
OLD,F2_mixed_labels,seed0,13,11fdb95252eb783d,1,1.887379141862766e-15,0.9392883351374619,20
OLD,F2_mixed_labels,seed0,14,11fdb95252eb783d,1,1.887379141862766e-15,0.9392883351374619,20
OLD,F2_mixed_labels,seed0,15,11fdb95252eb783d,1,1.887379141862766e-15,0.9392883351374619,20
OLD,F2_mixed_labels,seed0,16,11fdb95252eb783d,1,1.887379141862766e-15,0.9392883351374619,20
OLD,F2_mixed_labels,seed0,17,11fdb95252eb783d,1,1.887379141862766e-15,0.9392883351374619,20
OLD,F2_mixed_labels,seed0,18,11fdb95252eb783d,1,1.887379141862766e-15,0.9392883351374619,20
OLD,F2_mixed_labels,seed0,19,11fdb95252eb783d,1,1.887379141862766e-15,0.9392883351374619,20
OLD,F2_mixed_labels,seed0,20,11fdb95252eb783d,1,1.887379141862766e-15,0.9392883351374619,20
OLD,F2_mixed_labels,seed0,21,11fdb95252eb783d,1,1.887379141862766e-15,0.9392883351374619,20
OLD,F2_mixed_labels,seed0,22,11fdb95252eb783d,1,1.887379141862766e-15,0.9392883351374619,20
OLD,F2_mixed_labels,seed0,23,11fdb95252eb783d,1,1.887379141862766e-15,0.9392883351374619,20
OLD,F2_mixed_labels,seed0,24,11fdb95252eb783d,1,1.887379141862766e-15,0.9392883351374619,20
OLD,F2_mixed_labels,seed0,25,11fdb95252eb783d,1,1.887379141862766e-15,0.9392883351374619,20
OLD,F2_mixed_labels,seed0,26,11fdb95252eb783d,1,1.887379141862766e-15,0.9392883351374619,20
OLD,F2_mixed_labels,seed0,27,11fdb95252eb783d,1,1.887379141862766e-15,0.9392883351374619,20
OLD,F2_mixed_labels,seed0,28,11fdb95252eb783d,1,1.887379141862766e-15,0.9392883351374619,20
OLD,F2_mixed_labels,seed0,29,11fdb95252eb783d,1,1.887379141862766e-15,0.9392883351374619,20
OLD,F2_mixed_labels,seed0,30,11fdb95252eb783d,1,1.887379141862766e-15,0.9392883351374619,20
OLD,F2_mixed_labels,seed0,31,11fdb95252eb783d,1,1.887379141862766e-15,0.9392883351374619,20
OLD,F2_mixed_labels,seed0,32,11fdb95252eb783d,1,1.887379141862766e-15,0.9392883351374619,20
OLD,F2_mixed_labels,seed0,33,11fdb95252eb783d,1,1.887379141862766e-15,0.9392883351374619,20
OLD,F2_mixed_labels,seed0,34,11fdb95252eb783d,1,1.887379141862766e-15,0.9392883351374619,20
OLD,F2_mixed_labels,seed0,35,11fdb95252eb783d,1,1.887379141862766e-15,0.9392883351374619,20
OLD,F2_mixed_labels,seed0,36,11fdb95252eb783d,1,1.887379141862766e-15,0.9392883351374619,20
OLD,F2_mixed_labels,seed0,37,11fdb95252eb783d,1,1.887379141862766e-15,0.9392883351374619,20
OLD,F2_mixed_labels,seed0,38,11fdb95252eb783d,1,1.887379141862766e-15,0.9392883351374619,20
OLD,F2_mixed_labels,seed0,39,11fdb95252eb783d,1,1.887379141862766e-15,0.9392883351374619,20
OLD,F2_mixed_labels,seed0,40,11fdb95252eb783d,1,1.887379141862766e-15,0.9392883351374619,20
OLD,F2_mixed_labels,seed0,41,11fdb95252eb783d,1,1.887379141862766e-15,0.9392883351374619,20
OLD,F2_mixed_labels,seed0,42,11fdb95252eb783d,1,1.887379141862766e-15,0.9392883351374619,20
OLD,F2_mixed_labels,seed0,43,11fdb95252eb783d,1,1.887379141862766e-15,0.9392883351374619,20
OLD,F2_mixed_labels,seed0,44,11fdb95252eb783d,1,1.887379141862766e-15,0.9392883351374619,20
OLD,F2_mixed_labels,seed0,45,11fdb95252eb783d,1,1.887379141862766e-15,0.9392883351374619,20
OLD,F2_mixed_labels,seed0,46,11fdb95252eb783d,1,1.887379141862766e-15,0.9392883351374619,20
OLD,F2_mixed_labels,seed0,47,11fdb95252eb783d,1,1.887379141862766e-15,0.9392883351374619,20
OLD,F2_mixed_labels,seed0,48,11fdb95252eb783d,1,1.887379141862766e-15,0.9392883351374619,20
OLD,F2_mixed_labels,seed0,49,11fdb95252eb783d,1,1.887379141862766e-15,0.9392883351374619,20
OLD,F2_mixed_labels,seed0,50,11fdb95252eb783d,1,1.887379141862766e-15,0.9392883351374619,20
OLD,F2_mixed_labels,seed0,51,11fdb95252eb783d,1,1.887379141862766e-15,0.9392883351374619,20
OLD,F2_mixed_labels,seed0,52,11fdb95252eb783d,1,1.887379141862766e-15,0.9392883351374619,20
OLD,F2_mixed_labels,seed0,53,11fdb95252eb783d,1,1.887379141862766e-15,0.9392883351374619,20
OLD,F2_mixed_labels,seed0,54,11fdb95252eb783d,1,1.887379141862766e-15,0.9392883351374619,20
OLD,F2_mixed_labels,seed0,55,11fdb95252eb783d,1,1.887379141862766e-15,0.9392883351374619,20
OLD,F2_mixed_labels,seed0,56,11fdb95252eb783d,1,1.887379141862766e-15,0.9392883351374619,20
OLD,F2_mixed_labels,seed0,57,11fdb95252eb783d,1,1.887379141862766e-15,0.9392883351374619,20
OLD,F2_mixed_labels,seed0,58,11fdb95252eb783d,1,1.887379141862766e-15,0.9392883351374619,20
OLD,F2_mixed_labels,seed0,59,11fdb95252eb783d,1,1.887379141862766e-15,0.9392883351374619,20
OLD,F2_mixed_labels,seed0,60,11fdb95252eb783d,1,1.887379141862766e-15,0.9392883351374619,20
OLD,F2_mixed_labels,seed0,61,11fdb95252eb783d,1,1.887379141862766e-15,0.9392883351374619,20
OLD,F2_mixed_labels,seed0,62,11fdb95252eb783d,1,1.887379141862766e-15,0.9392883351374619,20
OLD,F2_mixed_labels,seed0,63,11fdb95252eb783d,1,1.887379141862766e-15,0.9392883351374619,20
OLD,F2_mixed_labels,seed0,64,11fdb95252eb783d,1,1.887379141862766e-15,0.9392883351374619,20
OLD,F2_mixed_labels,seed0,65,11fdb95252eb783d,1,1.887379141862766e-15,0.9392883351374619,20
OLD,F2_mixed_labels,seed0,66,11fdb95252eb783d,1,1.887379141862766e-15,0.9392883351374619,20
OLD,F2_mixed_labels,seed0,67,11fdb95252eb783d,1,1.887379141862766e-15,0.9392883351374619,20
OLD,F2_mixed_labels,seed0,68,11fdb95252eb783d,1,1.887379141862766e-15,0.9392883351374619,20
OLD,F2_mixed_labels,seed0,69,11fdb95252eb783d,1,1.887379141862766e-15,0.9392883351374619,20
OLD,F2_mixed_labels,seed0,70,11fdb95252eb783d,1,1.887379141862766e-15,0.9392883351374619,20
OLD,F2_mixed_labels,seed0,71,11fdb95252eb783d,1,1.887379141862766e-15,0.9392883351374619,20
OLD,F2_mixed_labels,seed0,72,11fdb95252eb783d,1,1.887379141862766e-15,0.9392883351374619,20
OLD,F2_mixed_labels,seed0,73,11fdb95252eb783d,1,1.887379141862766e-15,0.9392883351374619,20
OLD,F2_mixed_labels,seed0,74,11fdb95252eb783d,1,1.887379141862766e-15,0.9392883351374619,20
OLD,F2_mixed_labels,seed0,75,11fdb95252eb783d,1,1.887379141862766e-15,0.9392883351374619,20
OLD,F2_mixed_labels,seed0,76,11fdb95252eb783d,1,1.887379141862766e-15,0.9392883351374619,20
OLD,F2_mixed_labels,seed0,77,11fdb95252eb783d,1,1.887379141862766e-15,0.9392883351374619,20
OLD,F2_mixed_labels,seed0,78,11fdb95252eb783d,1,1.887379141862766e-15,0.9392883351374619,20
OLD,F2_mixed_labels,seed0,79,11fdb95252eb783d,1,1.887379141862766e-15,0.9392883351374619,20
OLD,F2_mixed_labels,seed0,80,11fdb95252eb783d,1,1.887379141862766e-15,0.9392883351374619,20
OLD,F2_mixed_labels,seed0,81,11fdb95252eb783d,1,1.887379141862766e-15,0.9392883351374619,20
OLD,F2_mixed_labels,seed0,82,11fdb95252eb783d,1,1.887379141862766e-15,0.9392883351374619,20
OLD,F2_mixed_labels,seed0,83,11fdb95252eb783d,1,1.887379141862766e-15,0.9392883351374619,20
OLD,F2_mixed_labels,seed0,84,11fdb95252eb783d,1,1.887379141862766e-15,0.9392883351374619,20
OLD,F2_mixed_labels,seed0,85,11fdb95252eb783d,1,1.887379141862766e-15,0.9392883351374619,20
OLD,F2_mixed_labels,seed0,86,11fdb95252eb783d,1,1.887379141862766e-15,0.9392883351374619,20
OLD,F2_mixed_labels,seed0,87,11fdb95252eb783d,1,1.887379141862766e-15,0.9392883351374619,20
OLD,F2_mixed_labels,seed0,88,11fdb95252eb783d,1,1.887379141862766e-15,0.9392883351374619,20
OLD,F2_mixed_labels,seed0,89,11fdb95252eb783d,1,1.887379141862766e-15,0.9392883351374619,20
OLD,F2_mixed_labels,seed0,90,11fdb95252eb783d,1,1.887379141862766e-15,0.9392883351374619,20
OLD,F2_mixed_labels,seed0,91,11fdb95252eb783d,1,1.887379141862766e-15,0.9392883351374619,20
OLD,F2_mixed_labels,seed0,92,11fdb95252eb783d,1,1.887379141862766e-15,0.9392883351374619,20
OLD,F2_mixed_labels,seed0,93,11fdb95252eb783d,1,1.887379141862766e-15,0.9392883351374619,20
OLD,F2_mixed_labels,seed0,94,11fdb95252eb783d,1,1.887379141862766e-15,0.9392883351374619,20
OLD,F2_mixed_labels,seed0,95,11fdb95252eb783d,1,1.887379141862766e-15,0.9392883351374619,20
OLD,F2_mixed_labels,seed0,96,11fdb95252eb783d,1,1.887379141862766e-15,0.9392883351374619,20
OLD,F2_mixed_labels,seed0,97,11fdb95252eb783d,1,1.887379141862766e-15,0.9392883351374619,20
OLD,F2_mixed_labels,seed0,98,11fdb95252eb783d,1,1.887379141862766e-15,0.9392883351374619,20
OLD,F2_mixed_labels,seed0,99,11fdb95252eb783d,1,1.887379141862766e-15,0.9392883351374619,20
OLD,F2_mixed_labels,seed0,100,11fdb95252eb783d,1,1.887379141862766e-15,0.9392883351374619,20
NEW,F2_mixed_labels,seed1,1,aad3abdebcee8f00,1,1.887379141862766e-15,2.1094237467877974e-15,20
NEW,F2_mixed_labels,seed1,2,aad3abdebcee8f00,1,1.887379141862766e-15,2.1094237467877974e-15,20
NEW,F2_mixed_labels,seed1,3,aad3abdebcee8f00,1,1.887379141862766e-15,2.1094237467877974e-15,20
NEW,F2_mixed_labels,seed1,4,aad3abdebcee8f00,1,1.887379141862766e-15,2.1094237467877974e-15,20
NEW,F2_mixed_labels,seed1,5,aad3abdebcee8f00,1,1.887379141862766e-15,2.1094237467877974e-15,20
NEW,F2_mixed_labels,seed1,6,aad3abdebcee8f00,1,1.887379141862766e-15,2.1094237467877974e-15,20
NEW,F2_mixed_labels,seed1,7,aad3abdebcee8f00,1,1.887379141862766e-15,2.1094237467877974e-15,20
NEW,F2_mixed_labels,seed1,8,aad3abdebcee8f00,1,1.887379141862766e-15,2.1094237467877974e-15,20
NEW,F2_mixed_labels,seed1,9,aad3abdebcee8f00,1,1.887379141862766e-15,2.1094237467877974e-15,20
NEW,F2_mixed_labels,seed1,10,aad3abdebcee8f00,1,1.887379141862766e-15,2.1094237467877974e-15,20
NEW,F2_mixed_labels,seed1,11,aad3abdebcee8f00,1,1.887379141862766e-15,2.1094237467877974e-15,20
NEW,F2_mixed_labels,seed1,12,aad3abdebcee8f00,1,1.887379141862766e-15,2.1094237467877974e-15,20
NEW,F2_mixed_labels,seed1,13,aad3abdebcee8f00,1,1.887379141862766e-15,2.1094237467877974e-15,20
NEW,F2_mixed_labels,seed1,14,aad3abdebcee8f00,1,1.887379141862766e-15,2.1094237467877974e-15,20
NEW,F2_mixed_labels,seed1,15,aad3abdebcee8f00,1,1.887379141862766e-15,2.1094237467877974e-15,20
NEW,F2_mixed_labels,seed1,16,aad3abdebcee8f00,1,1.887379141862766e-15,2.1094237467877974e-15,20
NEW,F2_mixed_labels,seed1,17,aad3abdebcee8f00,1,1.887379141862766e-15,2.1094237467877974e-15,20
NEW,F2_mixed_labels,seed1,18,aad3abdebcee8f00,1,1.887379141862766e-15,2.1094237467877974e-15,20
NEW,F2_mixed_labels,seed1,19,aad3abdebcee8f00,1,1.887379141862766e-15,2.1094237467877974e-15,20
NEW,F2_mixed_labels,seed1,20,aad3abdebcee8f00,1,1.887379141862766e-15,2.1094237467877974e-15,20
NEW,F2_mixed_labels,seed1,21,aad3abdebcee8f00,1,1.887379141862766e-15,2.1094237467877974e-15,20
NEW,F2_mixed_labels,seed1,22,aad3abdebcee8f00,1,1.887379141862766e-15,2.1094237467877974e-15,20
NEW,F2_mixed_labels,seed1,23,aad3abdebcee8f00,1,1.887379141862766e-15,2.1094237467877974e-15,20
NEW,F2_mixed_labels,seed1,24,aad3abdebcee8f00,1,1.887379141862766e-15,2.1094237467877974e-15,20
NEW,F2_mixed_labels,seed1,25,aad3abdebcee8f00,1,1.887379141862766e-15,2.1094237467877974e-15,20
NEW,F2_mixed_labels,seed1,26,aad3abdebcee8f00,1,1.887379141862766e-15,2.1094237467877974e-15,20
NEW,F2_mixed_labels,seed1,27,aad3abdebcee8f00,1,1.887379141862766e-15,2.1094237467877974e-15,20
NEW,F2_mixed_labels,seed1,28,aad3abdebcee8f00,1,1.887379141862766e-15,2.1094237467877974e-15,20
NEW,F2_mixed_labels,seed1,29,aad3abdebcee8f00,1,1.887379141862766e-15,2.1094237467877974e-15,20
NEW,F2_mixed_labels,seed1,30,aad3abdebcee8f00,1,1.887379141862766e-15,2.1094237467877974e-15,20
NEW,F2_mixed_labels,seed1,31,aad3abdebcee8f00,1,1.887379141862766e-15,2.1094237467877974e-15,20
NEW,F2_mixed_labels,seed1,32,aad3abdebcee8f00,1,1.887379141862766e-15,2.1094237467877974e-15,20
NEW,F2_mixed_labels,seed1,33,aad3abdebcee8f00,1,1.887379141862766e-15,2.1094237467877974e-15,20
NEW,F2_mixed_labels,seed1,34,aad3abdebcee8f00,1,1.887379141862766e-15,2.1094237467877974e-15,20
NEW,F2_mixed_labels,seed1,35,aad3abdebcee8f00,1,1.887379141862766e-15,2.1094237467877974e-15,20
NEW,F2_mixed_labels,seed1,36,aad3abdebcee8f00,1,1.887379141862766e-15,2.1094237467877974e-15,20
NEW,F2_mixed_labels,seed1,37,aad3abdebcee8f00,1,1.887379141862766e-15,2.1094237467877974e-15,20
NEW,F2_mixed_labels,seed1,38,aad3abdebcee8f00,1,1.887379141862766e-15,2.1094237467877974e-15,20
NEW,F2_mixed_labels,seed1,39,aad3abdebcee8f00,1,1.887379141862766e-15,2.1094237467877974e-15,20
NEW,F2_mixed_labels,seed1,40,aad3abdebcee8f00,1,1.887379141862766e-15,2.1094237467877974e-15,20
NEW,F2_mixed_labels,seed1,41,aad3abdebcee8f00,1,1.887379141862766e-15,2.1094237467877974e-15,20
NEW,F2_mixed_labels,seed1,42,aad3abdebcee8f00,1,1.887379141862766e-15,2.1094237467877974e-15,20
NEW,F2_mixed_labels,seed1,43,aad3abdebcee8f00,1,1.887379141862766e-15,2.1094237467877974e-15,20
NEW,F2_mixed_labels,seed1,44,aad3abdebcee8f00,1,1.887379141862766e-15,2.1094237467877974e-15,20
NEW,F2_mixed_labels,seed1,45,aad3abdebcee8f00,1,1.887379141862766e-15,2.1094237467877974e-15,20
NEW,F2_mixed_labels,seed1,46,aad3abdebcee8f00,1,1.887379141862766e-15,2.1094237467877974e-15,20
NEW,F2_mixed_labels,seed1,47,aad3abdebcee8f00,1,1.887379141862766e-15,2.1094237467877974e-15,20
NEW,F2_mixed_labels,seed1,48,aad3abdebcee8f00,1,1.887379141862766e-15,2.1094237467877974e-15,20
NEW,F2_mixed_labels,seed1,49,aad3abdebcee8f00,1,1.887379141862766e-15,2.1094237467877974e-15,20
NEW,F2_mixed_labels,seed1,50,aad3abdebcee8f00,1,1.887379141862766e-15,2.1094237467877974e-15,20
NEW,F2_mixed_labels,seed1,51,aad3abdebcee8f00,1,1.887379141862766e-15,2.1094237467877974e-15,20
NEW,F2_mixed_labels,seed1,52,aad3abdebcee8f00,1,1.887379141862766e-15,2.1094237467877974e-15,20
NEW,F2_mixed_labels,seed1,53,aad3abdebcee8f00,1,1.887379141862766e-15,2.1094237467877974e-15,20
NEW,F2_mixed_labels,seed1,54,aad3abdebcee8f00,1,1.887379141862766e-15,2.1094237467877974e-15,20
NEW,F2_mixed_labels,seed1,55,aad3abdebcee8f00,1,1.887379141862766e-15,2.1094237467877974e-15,20
NEW,F2_mixed_labels,seed1,56,aad3abdebcee8f00,1,1.887379141862766e-15,2.1094237467877974e-15,20
NEW,F2_mixed_labels,seed1,57,aad3abdebcee8f00,1,1.887379141862766e-15,2.1094237467877974e-15,20
NEW,F2_mixed_labels,seed1,58,aad3abdebcee8f00,1,1.887379141862766e-15,2.1094237467877974e-15,20
NEW,F2_mixed_labels,seed1,59,aad3abdebcee8f00,1,1.887379141862766e-15,2.1094237467877974e-15,20
NEW,F2_mixed_labels,seed1,60,aad3abdebcee8f00,1,1.887379141862766e-15,2.1094237467877974e-15,20
NEW,F2_mixed_labels,seed1,61,aad3abdebcee8f00,1,1.887379141862766e-15,2.1094237467877974e-15,20
NEW,F2_mixed_labels,seed1,62,aad3abdebcee8f00,1,1.887379141862766e-15,2.1094237467877974e-15,20
NEW,F2_mixed_labels,seed1,63,aad3abdebcee8f00,1,1.887379141862766e-15,2.1094237467877974e-15,20
NEW,F2_mixed_labels,seed1,64,aad3abdebcee8f00,1,1.887379141862766e-15,2.1094237467877974e-15,20
NEW,F2_mixed_labels,seed1,65,aad3abdebcee8f00,1,1.887379141862766e-15,2.1094237467877974e-15,20
NEW,F2_mixed_labels,seed1,66,aad3abdebcee8f00,1,1.887379141862766e-15,2.1094237467877974e-15,20
NEW,F2_mixed_labels,seed1,67,aad3abdebcee8f00,1,1.887379141862766e-15,2.1094237467877974e-15,20
NEW,F2_mixed_labels,seed1,68,aad3abdebcee8f00,1,1.887379141862766e-15,2.1094237467877974e-15,20
NEW,F2_mixed_labels,seed1,69,aad3abdebcee8f00,1,1.887379141862766e-15,2.1094237467877974e-15,20
NEW,F2_mixed_labels,seed1,70,aad3abdebcee8f00,1,1.887379141862766e-15,2.1094237467877974e-15,20
NEW,F2_mixed_labels,seed1,71,aad3abdebcee8f00,1,1.887379141862766e-15,2.1094237467877974e-15,20
NEW,F2_mixed_labels,seed1,72,aad3abdebcee8f00,1,1.887379141862766e-15,2.1094237467877974e-15,20
NEW,F2_mixed_labels,seed1,73,aad3abdebcee8f00,1,1.887379141862766e-15,2.1094237467877974e-15,20
NEW,F2_mixed_labels,seed1,74,aad3abdebcee8f00,1,1.887379141862766e-15,2.1094237467877974e-15,20
NEW,F2_mixed_labels,seed1,75,aad3abdebcee8f00,1,1.887379141862766e-15,2.1094237467877974e-15,20
NEW,F2_mixed_labels,seed1,76,aad3abdebcee8f00,1,1.887379141862766e-15,2.1094237467877974e-15,20
NEW,F2_mixed_labels,seed1,77,aad3abdebcee8f00,1,1.887379141862766e-15,2.1094237467877974e-15,20
NEW,F2_mixed_labels,seed1,78,aad3abdebcee8f00,1,1.887379141862766e-15,2.1094237467877974e-15,20
NEW,F2_mixed_labels,seed1,79,aad3abdebcee8f00,1,1.887379141862766e-15,2.1094237467877974e-15,20
NEW,F2_mixed_labels,seed1,80,aad3abdebcee8f00,1,1.887379141862766e-15,2.1094237467877974e-15,20
NEW,F2_mixed_labels,seed1,81,aad3abdebcee8f00,1,1.887379141862766e-15,2.1094237467877974e-15,20
NEW,F2_mixed_labels,seed1,82,aad3abdebcee8f00,1,1.887379141862766e-15,2.1094237467877974e-15,20
NEW,F2_mixed_labels,seed1,83,aad3abdebcee8f00,1,1.887379141862766e-15,2.1094237467877974e-15,20
NEW,F2_mixed_labels,seed1,84,aad3abdebcee8f00,1,1.887379141862766e-15,2.1094237467877974e-15,20
NEW,F2_mixed_labels,seed1,85,aad3abdebcee8f00,1,1.887379141862766e-15,2.1094237467877974e-15,20
NEW,F2_mixed_labels,seed1,86,aad3abdebcee8f00,1,1.887379141862766e-15,2.1094237467877974e-15,20
NEW,F2_mixed_labels,seed1,87,aad3abdebcee8f00,1,1.887379141862766e-15,2.1094237467877974e-15,20
NEW,F2_mixed_labels,seed1,88,aad3abdebcee8f00,1,1.887379141862766e-15,2.1094237467877974e-15,20
NEW,F2_mixed_labels,seed1,89,aad3abdebcee8f00,1,1.887379141862766e-15,2.1094237467877974e-15,20
NEW,F2_mixed_labels,seed1,90,aad3abdebcee8f00,1,1.887379141862766e-15,2.1094237467877974e-15,20
NEW,F2_mixed_labels,seed1,91,aad3abdebcee8f00,1,1.887379141862766e-15,2.1094237467877974e-15,20
NEW,F2_mixed_labels,seed1,92,aad3abdebcee8f00,1,1.887379141862766e-15,2.1094237467877974e-15,20
NEW,F2_mixed_labels,seed1,93,aad3abdebcee8f00,1,1.887379141862766e-15,2.1094237467877974e-15,20
NEW,F2_mixed_labels,seed1,94,aad3abdebcee8f00,1,1.887379141862766e-15,2.1094237467877974e-15,20
NEW,F2_mixed_labels,seed1,95,aad3abdebcee8f00,1,1.887379141862766e-15,2.1094237467877974e-15,20
NEW,F2_mixed_labels,seed1,96,aad3abdebcee8f00,1,1.887379141862766e-15,2.1094237467877974e-15,20
NEW,F2_mixed_labels,seed1,97,aad3abdebcee8f00,1,1.887379141862766e-15,2.1094237467877974e-15,20
NEW,F2_mixed_labels,seed1,98,aad3abdebcee8f00,1,1.887379141862766e-15,2.1094237467877974e-15,20
NEW,F2_mixed_labels,seed1,99,aad3abdebcee8f00,1,1.887379141862766e-15,2.1094237467877974e-15,20
NEW,F2_mixed_labels,seed1,100,aad3abdebcee8f00,1,1.887379141862766e-15,2.1094237467877974e-15,20
OLD,F2_mixed_labels,seed1,1,aad3abdebcee8f00,1,1.887379141862766e-15,0.9405875858427788,20
OLD,F2_mixed_labels,seed1,2,aad3abdebcee8f00,1,1.887379141862766e-15,0.9405875858427788,20
OLD,F2_mixed_labels,seed1,3,aad3abdebcee8f00,1,1.887379141862766e-15,0.9405875858427788,20
OLD,F2_mixed_labels,seed1,4,aad3abdebcee8f00,1,1.887379141862766e-15,0.9405875858427788,20
OLD,F2_mixed_labels,seed1,5,aad3abdebcee8f00,1,1.887379141862766e-15,0.9405875858427788,20
OLD,F2_mixed_labels,seed1,6,aad3abdebcee8f00,1,1.887379141862766e-15,0.9405875858427788,20
OLD,F2_mixed_labels,seed1,7,aad3abdebcee8f00,1,1.887379141862766e-15,0.9405875858427788,20
OLD,F2_mixed_labels,seed1,8,aad3abdebcee8f00,1,1.887379141862766e-15,0.9405875858427788,20
OLD,F2_mixed_labels,seed1,9,aad3abdebcee8f00,1,1.887379141862766e-15,0.9405875858427788,20
OLD,F2_mixed_labels,seed1,10,aad3abdebcee8f00,1,1.887379141862766e-15,0.9405875858427788,20
OLD,F2_mixed_labels,seed1,11,aad3abdebcee8f00,1,1.887379141862766e-15,0.9405875858427788,20
OLD,F2_mixed_labels,seed1,12,aad3abdebcee8f00,1,1.887379141862766e-15,0.9405875858427788,20
OLD,F2_mixed_labels,seed1,13,aad3abdebcee8f00,1,1.887379141862766e-15,0.9405875858427788,20
OLD,F2_mixed_labels,seed1,14,aad3abdebcee8f00,1,1.887379141862766e-15,0.9405875858427788,20
OLD,F2_mixed_labels,seed1,15,aad3abdebcee8f00,1,1.887379141862766e-15,0.9405875858427788,20
OLD,F2_mixed_labels,seed1,16,aad3abdebcee8f00,1,1.887379141862766e-15,0.9405875858427788,20
OLD,F2_mixed_labels,seed1,17,aad3abdebcee8f00,1,1.887379141862766e-15,0.9405875858427788,20
OLD,F2_mixed_labels,seed1,18,aad3abdebcee8f00,1,1.887379141862766e-15,0.9405875858427788,20
OLD,F2_mixed_labels,seed1,19,aad3abdebcee8f00,1,1.887379141862766e-15,0.9405875858427788,20
OLD,F2_mixed_labels,seed1,20,aad3abdebcee8f00,1,1.887379141862766e-15,0.9405875858427788,20
OLD,F2_mixed_labels,seed1,21,aad3abdebcee8f00,1,1.887379141862766e-15,0.9405875858427788,20
OLD,F2_mixed_labels,seed1,22,aad3abdebcee8f00,1,1.887379141862766e-15,0.9405875858427788,20
OLD,F2_mixed_labels,seed1,23,aad3abdebcee8f00,1,1.887379141862766e-15,0.9405875858427788,20
OLD,F2_mixed_labels,seed1,24,aad3abdebcee8f00,1,1.887379141862766e-15,0.9405875858427788,20
OLD,F2_mixed_labels,seed1,25,aad3abdebcee8f00,1,1.887379141862766e-15,0.9405875858427788,20
OLD,F2_mixed_labels,seed1,26,aad3abdebcee8f00,1,1.887379141862766e-15,0.9405875858427788,20
OLD,F2_mixed_labels,seed1,27,aad3abdebcee8f00,1,1.887379141862766e-15,0.9405875858427788,20
OLD,F2_mixed_labels,seed1,28,aad3abdebcee8f00,1,1.887379141862766e-15,0.9405875858427788,20
OLD,F2_mixed_labels,seed1,29,aad3abdebcee8f00,1,1.887379141862766e-15,0.9405875858427788,20
OLD,F2_mixed_labels,seed1,30,aad3abdebcee8f00,1,1.887379141862766e-15,0.9405875858427788,20
OLD,F2_mixed_labels,seed1,31,aad3abdebcee8f00,1,1.887379141862766e-15,0.9405875858427788,20
OLD,F2_mixed_labels,seed1,32,aad3abdebcee8f00,1,1.887379141862766e-15,0.9405875858427788,20
OLD,F2_mixed_labels,seed1,33,aad3abdebcee8f00,1,1.887379141862766e-15,0.9405875858427788,20
OLD,F2_mixed_labels,seed1,34,aad3abdebcee8f00,1,1.887379141862766e-15,0.9405875858427788,20
OLD,F2_mixed_labels,seed1,35,aad3abdebcee8f00,1,1.887379141862766e-15,0.9405875858427788,20
OLD,F2_mixed_labels,seed1,36,aad3abdebcee8f00,1,1.887379141862766e-15,0.9405875858427788,20
OLD,F2_mixed_labels,seed1,37,aad3abdebcee8f00,1,1.887379141862766e-15,0.9405875858427788,20
OLD,F2_mixed_labels,seed1,38,aad3abdebcee8f00,1,1.887379141862766e-15,0.9405875858427788,20
OLD,F2_mixed_labels,seed1,39,aad3abdebcee8f00,1,1.887379141862766e-15,0.9405875858427788,20
OLD,F2_mixed_labels,seed1,40,aad3abdebcee8f00,1,1.887379141862766e-15,0.9405875858427788,20
OLD,F2_mixed_labels,seed1,41,aad3abdebcee8f00,1,1.887379141862766e-15,0.9405875858427788,20
OLD,F2_mixed_labels,seed1,42,aad3abdebcee8f00,1,1.887379141862766e-15,0.9405875858427788,20
OLD,F2_mixed_labels,seed1,43,aad3abdebcee8f00,1,1.887379141862766e-15,0.9405875858427788,20
OLD,F2_mixed_labels,seed1,44,aad3abdebcee8f00,1,1.887379141862766e-15,0.9405875858427788,20
OLD,F2_mixed_labels,seed1,45,aad3abdebcee8f00,1,1.887379141862766e-15,0.9405875858427788,20
OLD,F2_mixed_labels,seed1,46,aad3abdebcee8f00,1,1.887379141862766e-15,0.9405875858427788,20
OLD,F2_mixed_labels,seed1,47,aad3abdebcee8f00,1,1.887379141862766e-15,0.9405875858427788,20
OLD,F2_mixed_labels,seed1,48,aad3abdebcee8f00,1,1.887379141862766e-15,0.9405875858427788,20
OLD,F2_mixed_labels,seed1,49,aad3abdebcee8f00,1,1.887379141862766e-15,0.9405875858427788,20
OLD,F2_mixed_labels,seed1,50,aad3abdebcee8f00,1,1.887379141862766e-15,0.9405875858427788,20
OLD,F2_mixed_labels,seed1,51,aad3abdebcee8f00,1,1.887379141862766e-15,0.9405875858427788,20
OLD,F2_mixed_labels,seed1,52,aad3abdebcee8f00,1,1.887379141862766e-15,0.9405875858427788,20
OLD,F2_mixed_labels,seed1,53,aad3abdebcee8f00,1,1.887379141862766e-15,0.9405875858427788,20
OLD,F2_mixed_labels,seed1,54,aad3abdebcee8f00,1,1.887379141862766e-15,0.9405875858427788,20
OLD,F2_mixed_labels,seed1,55,aad3abdebcee8f00,1,1.887379141862766e-15,0.9405875858427788,20
OLD,F2_mixed_labels,seed1,56,aad3abdebcee8f00,1,1.887379141862766e-15,0.9405875858427788,20
OLD,F2_mixed_labels,seed1,57,aad3abdebcee8f00,1,1.887379141862766e-15,0.9405875858427788,20
OLD,F2_mixed_labels,seed1,58,aad3abdebcee8f00,1,1.887379141862766e-15,0.9405875858427788,20
OLD,F2_mixed_labels,seed1,59,aad3abdebcee8f00,1,1.887379141862766e-15,0.9405875858427788,20
OLD,F2_mixed_labels,seed1,60,aad3abdebcee8f00,1,1.887379141862766e-15,0.9405875858427788,20
OLD,F2_mixed_labels,seed1,61,aad3abdebcee8f00,1,1.887379141862766e-15,0.9405875858427788,20
OLD,F2_mixed_labels,seed1,62,aad3abdebcee8f00,1,1.887379141862766e-15,0.9405875858427788,20
OLD,F2_mixed_labels,seed1,63,aad3abdebcee8f00,1,1.887379141862766e-15,0.9405875858427788,20
OLD,F2_mixed_labels,seed1,64,aad3abdebcee8f00,1,1.887379141862766e-15,0.9405875858427788,20
OLD,F2_mixed_labels,seed1,65,aad3abdebcee8f00,1,1.887379141862766e-15,0.9405875858427788,20
OLD,F2_mixed_labels,seed1,66,aad3abdebcee8f00,1,1.887379141862766e-15,0.9405875858427788,20
OLD,F2_mixed_labels,seed1,67,aad3abdebcee8f00,1,1.887379141862766e-15,0.9405875858427788,20
OLD,F2_mixed_labels,seed1,68,aad3abdebcee8f00,1,1.887379141862766e-15,0.9405875858427788,20
OLD,F2_mixed_labels,seed1,69,aad3abdebcee8f00,1,1.887379141862766e-15,0.9405875858427788,20
OLD,F2_mixed_labels,seed1,70,aad3abdebcee8f00,1,1.887379141862766e-15,0.9405875858427788,20
OLD,F2_mixed_labels,seed1,71,aad3abdebcee8f00,1,1.887379141862766e-15,0.9405875858427788,20
OLD,F2_mixed_labels,seed1,72,aad3abdebcee8f00,1,1.887379141862766e-15,0.9405875858427788,20
OLD,F2_mixed_labels,seed1,73,aad3abdebcee8f00,1,1.887379141862766e-15,0.9405875858427788,20
OLD,F2_mixed_labels,seed1,74,aad3abdebcee8f00,1,1.887379141862766e-15,0.9405875858427788,20
OLD,F2_mixed_labels,seed1,75,aad3abdebcee8f00,1,1.887379141862766e-15,0.9405875858427788,20
OLD,F2_mixed_labels,seed1,76,aad3abdebcee8f00,1,1.887379141862766e-15,0.9405875858427788,20
OLD,F2_mixed_labels,seed1,77,aad3abdebcee8f00,1,1.887379141862766e-15,0.9405875858427788,20
OLD,F2_mixed_labels,seed1,78,aad3abdebcee8f00,1,1.887379141862766e-15,0.9405875858427788,20
OLD,F2_mixed_labels,seed1,79,aad3abdebcee8f00,1,1.887379141862766e-15,0.9405875858427788,20
OLD,F2_mixed_labels,seed1,80,aad3abdebcee8f00,1,1.887379141862766e-15,0.9405875858427788,20
OLD,F2_mixed_labels,seed1,81,aad3abdebcee8f00,1,1.887379141862766e-15,0.9405875858427788,20
OLD,F2_mixed_labels,seed1,82,aad3abdebcee8f00,1,1.887379141862766e-15,0.9405875858427788,20
OLD,F2_mixed_labels,seed1,83,aad3abdebcee8f00,1,1.887379141862766e-15,0.9405875858427788,20
OLD,F2_mixed_labels,seed1,84,aad3abdebcee8f00,1,1.887379141862766e-15,0.9405875858427788,20
OLD,F2_mixed_labels,seed1,85,aad3abdebcee8f00,1,1.887379141862766e-15,0.9405875858427788,20
OLD,F2_mixed_labels,seed1,86,aad3abdebcee8f00,1,1.887379141862766e-15,0.9405875858427788,20
OLD,F2_mixed_labels,seed1,87,aad3abdebcee8f00,1,1.887379141862766e-15,0.9405875858427788,20
OLD,F2_mixed_labels,seed1,88,aad3abdebcee8f00,1,1.887379141862766e-15,0.9405875858427788,20
OLD,F2_mixed_labels,seed1,89,aad3abdebcee8f00,1,1.887379141862766e-15,0.9405875858427788,20
OLD,F2_mixed_labels,seed1,90,aad3abdebcee8f00,1,1.887379141862766e-15,0.9405875858427788,20
OLD,F2_mixed_labels,seed1,91,aad3abdebcee8f00,1,1.887379141862766e-15,0.9405875858427788,20
OLD,F2_mixed_labels,seed1,92,aad3abdebcee8f00,1,1.887379141862766e-15,0.9405875858427788,20
OLD,F2_mixed_labels,seed1,93,aad3abdebcee8f00,1,1.887379141862766e-15,0.9405875858427788,20
OLD,F2_mixed_labels,seed1,94,aad3abdebcee8f00,1,1.887379141862766e-15,0.9405875858427788,20
OLD,F2_mixed_labels,seed1,95,aad3abdebcee8f00,1,1.887379141862766e-15,0.9405875858427788,20
OLD,F2_mixed_labels,seed1,96,aad3abdebcee8f00,1,1.887379141862766e-15,0.9405875858427788,20
OLD,F2_mixed_labels,seed1,97,aad3abdebcee8f00,1,1.887379141862766e-15,0.9405875858427788,20
OLD,F2_mixed_labels,seed1,98,aad3abdebcee8f00,1,1.887379141862766e-15,0.9405875858427788,20
OLD,F2_mixed_labels,seed1,99,aad3abdebcee8f00,1,1.887379141862766e-15,0.9405875858427788,20
OLD,F2_mixed_labels,seed1,100,aad3abdebcee8f00,1,1.887379141862766e-15,0.9405875858427788,20
NEW,F2_mixed_labels,seed2,1,4a3c0a864c263754,1,1.2212453270876722e-15,1.4432899320127035e-15,20
NEW,F2_mixed_labels,seed2,2,4a3c0a864c263754,1,1.2212453270876722e-15,1.4432899320127035e-15,20
NEW,F2_mixed_labels,seed2,3,4a3c0a864c263754,1,1.2212453270876722e-15,1.4432899320127035e-15,20
NEW,F2_mixed_labels,seed2,4,4a3c0a864c263754,1,1.2212453270876722e-15,1.4432899320127035e-15,20
NEW,F2_mixed_labels,seed2,5,4a3c0a864c263754,1,1.2212453270876722e-15,1.4432899320127035e-15,20
NEW,F2_mixed_labels,seed2,6,4a3c0a864c263754,1,1.2212453270876722e-15,1.4432899320127035e-15,20
NEW,F2_mixed_labels,seed2,7,4a3c0a864c263754,1,1.2212453270876722e-15,1.4432899320127035e-15,20
NEW,F2_mixed_labels,seed2,8,4a3c0a864c263754,1,1.2212453270876722e-15,1.4432899320127035e-15,20
NEW,F2_mixed_labels,seed2,9,4a3c0a864c263754,1,1.2212453270876722e-15,1.4432899320127035e-15,20
NEW,F2_mixed_labels,seed2,10,4a3c0a864c263754,1,1.2212453270876722e-15,1.4432899320127035e-15,20
NEW,F2_mixed_labels,seed2,11,4a3c0a864c263754,1,1.2212453270876722e-15,1.4432899320127035e-15,20
NEW,F2_mixed_labels,seed2,12,4a3c0a864c263754,1,1.2212453270876722e-15,1.4432899320127035e-15,20
NEW,F2_mixed_labels,seed2,13,4a3c0a864c263754,1,1.2212453270876722e-15,1.4432899320127035e-15,20
NEW,F2_mixed_labels,seed2,14,4a3c0a864c263754,1,1.2212453270876722e-15,1.4432899320127035e-15,20
NEW,F2_mixed_labels,seed2,15,4a3c0a864c263754,1,1.2212453270876722e-15,1.4432899320127035e-15,20
NEW,F2_mixed_labels,seed2,16,4a3c0a864c263754,1,1.2212453270876722e-15,1.4432899320127035e-15,20
NEW,F2_mixed_labels,seed2,17,4a3c0a864c263754,1,1.2212453270876722e-15,1.4432899320127035e-15,20
NEW,F2_mixed_labels,seed2,18,4a3c0a864c263754,1,1.2212453270876722e-15,1.4432899320127035e-15,20
NEW,F2_mixed_labels,seed2,19,4a3c0a864c263754,1,1.2212453270876722e-15,1.4432899320127035e-15,20
NEW,F2_mixed_labels,seed2,20,4a3c0a864c263754,1,1.2212453270876722e-15,1.4432899320127035e-15,20
NEW,F2_mixed_labels,seed2,21,4a3c0a864c263754,1,1.2212453270876722e-15,1.4432899320127035e-15,20
NEW,F2_mixed_labels,seed2,22,4a3c0a864c263754,1,1.2212453270876722e-15,1.4432899320127035e-15,20
NEW,F2_mixed_labels,seed2,23,4a3c0a864c263754,1,1.2212453270876722e-15,1.4432899320127035e-15,20
NEW,F2_mixed_labels,seed2,24,4a3c0a864c263754,1,1.2212453270876722e-15,1.4432899320127035e-15,20
NEW,F2_mixed_labels,seed2,25,4a3c0a864c263754,1,1.2212453270876722e-15,1.4432899320127035e-15,20
NEW,F2_mixed_labels,seed2,26,4a3c0a864c263754,1,1.2212453270876722e-15,1.4432899320127035e-15,20
NEW,F2_mixed_labels,seed2,27,4a3c0a864c263754,1,1.2212453270876722e-15,1.4432899320127035e-15,20
NEW,F2_mixed_labels,seed2,28,4a3c0a864c263754,1,1.2212453270876722e-15,1.4432899320127035e-15,20
NEW,F2_mixed_labels,seed2,29,4a3c0a864c263754,1,1.2212453270876722e-15,1.4432899320127035e-15,20
NEW,F2_mixed_labels,seed2,30,4a3c0a864c263754,1,1.2212453270876722e-15,1.4432899320127035e-15,20
NEW,F2_mixed_labels,seed2,31,4a3c0a864c263754,1,1.2212453270876722e-15,1.4432899320127035e-15,20
NEW,F2_mixed_labels,seed2,32,4a3c0a864c263754,1,1.2212453270876722e-15,1.4432899320127035e-15,20
NEW,F2_mixed_labels,seed2,33,4a3c0a864c263754,1,1.2212453270876722e-15,1.4432899320127035e-15,20
NEW,F2_mixed_labels,seed2,34,4a3c0a864c263754,1,1.2212453270876722e-15,1.4432899320127035e-15,20
NEW,F2_mixed_labels,seed2,35,4a3c0a864c263754,1,1.2212453270876722e-15,1.4432899320127035e-15,20
NEW,F2_mixed_labels,seed2,36,4a3c0a864c263754,1,1.2212453270876722e-15,1.4432899320127035e-15,20
NEW,F2_mixed_labels,seed2,37,4a3c0a864c263754,1,1.2212453270876722e-15,1.4432899320127035e-15,20
NEW,F2_mixed_labels,seed2,38,4a3c0a864c263754,1,1.2212453270876722e-15,1.4432899320127035e-15,20
NEW,F2_mixed_labels,seed2,39,4a3c0a864c263754,1,1.2212453270876722e-15,1.4432899320127035e-15,20
NEW,F2_mixed_labels,seed2,40,4a3c0a864c263754,1,1.2212453270876722e-15,1.4432899320127035e-15,20
NEW,F2_mixed_labels,seed2,41,4a3c0a864c263754,1,1.2212453270876722e-15,1.4432899320127035e-15,20
NEW,F2_mixed_labels,seed2,42,4a3c0a864c263754,1,1.2212453270876722e-15,1.4432899320127035e-15,20
NEW,F2_mixed_labels,seed2,43,4a3c0a864c263754,1,1.2212453270876722e-15,1.4432899320127035e-15,20
NEW,F2_mixed_labels,seed2,44,4a3c0a864c263754,1,1.2212453270876722e-15,1.4432899320127035e-15,20
NEW,F2_mixed_labels,seed2,45,4a3c0a864c263754,1,1.2212453270876722e-15,1.4432899320127035e-15,20
NEW,F2_mixed_labels,seed2,46,4a3c0a864c263754,1,1.2212453270876722e-15,1.4432899320127035e-15,20
NEW,F2_mixed_labels,seed2,47,4a3c0a864c263754,1,1.2212453270876722e-15,1.4432899320127035e-15,20
NEW,F2_mixed_labels,seed2,48,4a3c0a864c263754,1,1.2212453270876722e-15,1.4432899320127035e-15,20
NEW,F2_mixed_labels,seed2,49,4a3c0a864c263754,1,1.2212453270876722e-15,1.4432899320127035e-15,20
NEW,F2_mixed_labels,seed2,50,4a3c0a864c263754,1,1.2212453270876722e-15,1.4432899320127035e-15,20
NEW,F2_mixed_labels,seed2,51,4a3c0a864c263754,1,1.2212453270876722e-15,1.4432899320127035e-15,20
NEW,F2_mixed_labels,seed2,52,4a3c0a864c263754,1,1.2212453270876722e-15,1.4432899320127035e-15,20
NEW,F2_mixed_labels,seed2,53,4a3c0a864c263754,1,1.2212453270876722e-15,1.4432899320127035e-15,20
NEW,F2_mixed_labels,seed2,54,4a3c0a864c263754,1,1.2212453270876722e-15,1.4432899320127035e-15,20
NEW,F2_mixed_labels,seed2,55,4a3c0a864c263754,1,1.2212453270876722e-15,1.4432899320127035e-15,20
NEW,F2_mixed_labels,seed2,56,4a3c0a864c263754,1,1.2212453270876722e-15,1.4432899320127035e-15,20
NEW,F2_mixed_labels,seed2,57,4a3c0a864c263754,1,1.2212453270876722e-15,1.4432899320127035e-15,20
NEW,F2_mixed_labels,seed2,58,4a3c0a864c263754,1,1.2212453270876722e-15,1.4432899320127035e-15,20
NEW,F2_mixed_labels,seed2,59,4a3c0a864c263754,1,1.2212453270876722e-15,1.4432899320127035e-15,20
NEW,F2_mixed_labels,seed2,60,4a3c0a864c263754,1,1.2212453270876722e-15,1.4432899320127035e-15,20
NEW,F2_mixed_labels,seed2,61,4a3c0a864c263754,1,1.2212453270876722e-15,1.4432899320127035e-15,20
NEW,F2_mixed_labels,seed2,62,4a3c0a864c263754,1,1.2212453270876722e-15,1.4432899320127035e-15,20
NEW,F2_mixed_labels,seed2,63,4a3c0a864c263754,1,1.2212453270876722e-15,1.4432899320127035e-15,20
NEW,F2_mixed_labels,seed2,64,4a3c0a864c263754,1,1.2212453270876722e-15,1.4432899320127035e-15,20
NEW,F2_mixed_labels,seed2,65,4a3c0a864c263754,1,1.2212453270876722e-15,1.4432899320127035e-15,20
NEW,F2_mixed_labels,seed2,66,4a3c0a864c263754,1,1.2212453270876722e-15,1.4432899320127035e-15,20
NEW,F2_mixed_labels,seed2,67,4a3c0a864c263754,1,1.2212453270876722e-15,1.4432899320127035e-15,20
NEW,F2_mixed_labels,seed2,68,4a3c0a864c263754,1,1.2212453270876722e-15,1.4432899320127035e-15,20
NEW,F2_mixed_labels,seed2,69,4a3c0a864c263754,1,1.2212453270876722e-15,1.4432899320127035e-15,20
NEW,F2_mixed_labels,seed2,70,4a3c0a864c263754,1,1.2212453270876722e-15,1.4432899320127035e-15,20
NEW,F2_mixed_labels,seed2,71,4a3c0a864c263754,1,1.2212453270876722e-15,1.4432899320127035e-15,20
NEW,F2_mixed_labels,seed2,72,4a3c0a864c263754,1,1.2212453270876722e-15,1.4432899320127035e-15,20
NEW,F2_mixed_labels,seed2,73,4a3c0a864c263754,1,1.2212453270876722e-15,1.4432899320127035e-15,20
NEW,F2_mixed_labels,seed2,74,4a3c0a864c263754,1,1.2212453270876722e-15,1.4432899320127035e-15,20
NEW,F2_mixed_labels,seed2,75,4a3c0a864c263754,1,1.2212453270876722e-15,1.4432899320127035e-15,20
NEW,F2_mixed_labels,seed2,76,4a3c0a864c263754,1,1.2212453270876722e-15,1.4432899320127035e-15,20
NEW,F2_mixed_labels,seed2,77,4a3c0a864c263754,1,1.2212453270876722e-15,1.4432899320127035e-15,20
NEW,F2_mixed_labels,seed2,78,4a3c0a864c263754,1,1.2212453270876722e-15,1.4432899320127035e-15,20
NEW,F2_mixed_labels,seed2,79,4a3c0a864c263754,1,1.2212453270876722e-15,1.4432899320127035e-15,20
NEW,F2_mixed_labels,seed2,80,4a3c0a864c263754,1,1.2212453270876722e-15,1.4432899320127035e-15,20
NEW,F2_mixed_labels,seed2,81,4a3c0a864c263754,1,1.2212453270876722e-15,1.4432899320127035e-15,20
NEW,F2_mixed_labels,seed2,82,4a3c0a864c263754,1,1.2212453270876722e-15,1.4432899320127035e-15,20
NEW,F2_mixed_labels,seed2,83,4a3c0a864c263754,1,1.2212453270876722e-15,1.4432899320127035e-15,20
NEW,F2_mixed_labels,seed2,84,4a3c0a864c263754,1,1.2212453270876722e-15,1.4432899320127035e-15,20
NEW,F2_mixed_labels,seed2,85,4a3c0a864c263754,1,1.2212453270876722e-15,1.4432899320127035e-15,20
NEW,F2_mixed_labels,seed2,86,4a3c0a864c263754,1,1.2212453270876722e-15,1.4432899320127035e-15,20
NEW,F2_mixed_labels,seed2,87,4a3c0a864c263754,1,1.2212453270876722e-15,1.4432899320127035e-15,20
NEW,F2_mixed_labels,seed2,88,4a3c0a864c263754,1,1.2212453270876722e-15,1.4432899320127035e-15,20
NEW,F2_mixed_labels,seed2,89,4a3c0a864c263754,1,1.2212453270876722e-15,1.4432899320127035e-15,20
NEW,F2_mixed_labels,seed2,90,4a3c0a864c263754,1,1.2212453270876722e-15,1.4432899320127035e-15,20
NEW,F2_mixed_labels,seed2,91,4a3c0a864c263754,1,1.2212453270876722e-15,1.4432899320127035e-15,20
NEW,F2_mixed_labels,seed2,92,4a3c0a864c263754,1,1.2212453270876722e-15,1.4432899320127035e-15,20
NEW,F2_mixed_labels,seed2,93,4a3c0a864c263754,1,1.2212453270876722e-15,1.4432899320127035e-15,20
NEW,F2_mixed_labels,seed2,94,4a3c0a864c263754,1,1.2212453270876722e-15,1.4432899320127035e-15,20
NEW,F2_mixed_labels,seed2,95,4a3c0a864c263754,1,1.2212453270876722e-15,1.4432899320127035e-15,20
NEW,F2_mixed_labels,seed2,96,4a3c0a864c263754,1,1.2212453270876722e-15,1.4432899320127035e-15,20
NEW,F2_mixed_labels,seed2,97,4a3c0a864c263754,1,1.2212453270876722e-15,1.4432899320127035e-15,20
NEW,F2_mixed_labels,seed2,98,4a3c0a864c263754,1,1.2212453270876722e-15,1.4432899320127035e-15,20
NEW,F2_mixed_labels,seed2,99,4a3c0a864c263754,1,1.2212453270876722e-15,1.4432899320127035e-15,20
NEW,F2_mixed_labels,seed2,100,4a3c0a864c263754,1,1.2212453270876722e-15,1.4432899320127035e-15,20
OLD,F2_mixed_labels,seed2,1,4a3c0a864c263754,1,1.2212453270876722e-15,0.9399518089988966,20
OLD,F2_mixed_labels,seed2,2,4a3c0a864c263754,1,1.2212453270876722e-15,0.9399518089988966,20
OLD,F2_mixed_labels,seed2,3,4a3c0a864c263754,1,1.2212453270876722e-15,0.9399518089988966,20
OLD,F2_mixed_labels,seed2,4,4a3c0a864c263754,1,1.2212453270876722e-15,0.9399518089988966,20
OLD,F2_mixed_labels,seed2,5,4a3c0a864c263754,1,1.2212453270876722e-15,0.9399518089988966,20
OLD,F2_mixed_labels,seed2,6,4a3c0a864c263754,1,1.2212453270876722e-15,0.9399518089988966,20
OLD,F2_mixed_labels,seed2,7,4a3c0a864c263754,1,1.2212453270876722e-15,0.9399518089988966,20
OLD,F2_mixed_labels,seed2,8,4a3c0a864c263754,1,1.2212453270876722e-15,0.9399518089988966,20
OLD,F2_mixed_labels,seed2,9,4a3c0a864c263754,1,1.2212453270876722e-15,0.9399518089988966,20
OLD,F2_mixed_labels,seed2,10,4a3c0a864c263754,1,1.2212453270876722e-15,0.9399518089988966,20
OLD,F2_mixed_labels,seed2,11,4a3c0a864c263754,1,1.2212453270876722e-15,0.9399518089988966,20
OLD,F2_mixed_labels,seed2,12,4a3c0a864c263754,1,1.2212453270876722e-15,0.9399518089988966,20
OLD,F2_mixed_labels,seed2,13,4a3c0a864c263754,1,1.2212453270876722e-15,0.9399518089988966,20
OLD,F2_mixed_labels,seed2,14,4a3c0a864c263754,1,1.2212453270876722e-15,0.9399518089988966,20
OLD,F2_mixed_labels,seed2,15,4a3c0a864c263754,1,1.2212453270876722e-15,0.9399518089988966,20
OLD,F2_mixed_labels,seed2,16,4a3c0a864c263754,1,1.2212453270876722e-15,0.9399518089988966,20
OLD,F2_mixed_labels,seed2,17,4a3c0a864c263754,1,1.2212453270876722e-15,0.9399518089988966,20
OLD,F2_mixed_labels,seed2,18,4a3c0a864c263754,1,1.2212453270876722e-15,0.9399518089988966,20
OLD,F2_mixed_labels,seed2,19,4a3c0a864c263754,1,1.2212453270876722e-15,0.9399518089988966,20
OLD,F2_mixed_labels,seed2,20,4a3c0a864c263754,1,1.2212453270876722e-15,0.9399518089988966,20
OLD,F2_mixed_labels,seed2,21,4a3c0a864c263754,1,1.2212453270876722e-15,0.9399518089988966,20
OLD,F2_mixed_labels,seed2,22,4a3c0a864c263754,1,1.2212453270876722e-15,0.9399518089988966,20
OLD,F2_mixed_labels,seed2,23,4a3c0a864c263754,1,1.2212453270876722e-15,0.9399518089988966,20
OLD,F2_mixed_labels,seed2,24,4a3c0a864c263754,1,1.2212453270876722e-15,0.9399518089988966,20
OLD,F2_mixed_labels,seed2,25,4a3c0a864c263754,1,1.2212453270876722e-15,0.9399518089988966,20
OLD,F2_mixed_labels,seed2,26,4a3c0a864c263754,1,1.2212453270876722e-15,0.9399518089988966,20
OLD,F2_mixed_labels,seed2,27,4a3c0a864c263754,1,1.2212453270876722e-15,0.9399518089988966,20
OLD,F2_mixed_labels,seed2,28,4a3c0a864c263754,1,1.2212453270876722e-15,0.9399518089988966,20
OLD,F2_mixed_labels,seed2,29,4a3c0a864c263754,1,1.2212453270876722e-15,0.9399518089988966,20
OLD,F2_mixed_labels,seed2,30,4a3c0a864c263754,1,1.2212453270876722e-15,0.9399518089988966,20
OLD,F2_mixed_labels,seed2,31,4a3c0a864c263754,1,1.2212453270876722e-15,0.9399518089988966,20
OLD,F2_mixed_labels,seed2,32,4a3c0a864c263754,1,1.2212453270876722e-15,0.9399518089988966,20
OLD,F2_mixed_labels,seed2,33,4a3c0a864c263754,1,1.2212453270876722e-15,0.9399518089988966,20
OLD,F2_mixed_labels,seed2,34,4a3c0a864c263754,1,1.2212453270876722e-15,0.9399518089988966,20
OLD,F2_mixed_labels,seed2,35,4a3c0a864c263754,1,1.2212453270876722e-15,0.9399518089988966,20
OLD,F2_mixed_labels,seed2,36,4a3c0a864c263754,1,1.2212453270876722e-15,0.9399518089988966,20
OLD,F2_mixed_labels,seed2,37,4a3c0a864c263754,1,1.2212453270876722e-15,0.9399518089988966,20
OLD,F2_mixed_labels,seed2,38,4a3c0a864c263754,1,1.2212453270876722e-15,0.9399518089988966,20
OLD,F2_mixed_labels,seed2,39,4a3c0a864c263754,1,1.2212453270876722e-15,0.9399518089988966,20
OLD,F2_mixed_labels,seed2,40,4a3c0a864c263754,1,1.2212453270876722e-15,0.9399518089988966,20
OLD,F2_mixed_labels,seed2,41,4a3c0a864c263754,1,1.2212453270876722e-15,0.9399518089988966,20
OLD,F2_mixed_labels,seed2,42,4a3c0a864c263754,1,1.2212453270876722e-15,0.9399518089988966,20
OLD,F2_mixed_labels,seed2,43,4a3c0a864c263754,1,1.2212453270876722e-15,0.9399518089988966,20
OLD,F2_mixed_labels,seed2,44,4a3c0a864c263754,1,1.2212453270876722e-15,0.9399518089988966,20
OLD,F2_mixed_labels,seed2,45,4a3c0a864c263754,1,1.2212453270876722e-15,0.9399518089988966,20
OLD,F2_mixed_labels,seed2,46,4a3c0a864c263754,1,1.2212453270876722e-15,0.9399518089988966,20
OLD,F2_mixed_labels,seed2,47,4a3c0a864c263754,1,1.2212453270876722e-15,0.9399518089988966,20
OLD,F2_mixed_labels,seed2,48,4a3c0a864c263754,1,1.2212453270876722e-15,0.9399518089988966,20
OLD,F2_mixed_labels,seed2,49,4a3c0a864c263754,1,1.2212453270876722e-15,0.9399518089988966,20
OLD,F2_mixed_labels,seed2,50,4a3c0a864c263754,1,1.2212453270876722e-15,0.9399518089988966,20
OLD,F2_mixed_labels,seed2,51,4a3c0a864c263754,1,1.2212453270876722e-15,0.9399518089988966,20
OLD,F2_mixed_labels,seed2,52,4a3c0a864c263754,1,1.2212453270876722e-15,0.9399518089988966,20
OLD,F2_mixed_labels,seed2,53,4a3c0a864c263754,1,1.2212453270876722e-15,0.9399518089988966,20
OLD,F2_mixed_labels,seed2,54,4a3c0a864c263754,1,1.2212453270876722e-15,0.9399518089988966,20
OLD,F2_mixed_labels,seed2,55,4a3c0a864c263754,1,1.2212453270876722e-15,0.9399518089988966,20
OLD,F2_mixed_labels,seed2,56,4a3c0a864c263754,1,1.2212453270876722e-15,0.9399518089988966,20
OLD,F2_mixed_labels,seed2,57,4a3c0a864c263754,1,1.2212453270876722e-15,0.9399518089988966,20
OLD,F2_mixed_labels,seed2,58,4a3c0a864c263754,1,1.2212453270876722e-15,0.9399518089988966,20
OLD,F2_mixed_labels,seed2,59,4a3c0a864c263754,1,1.2212453270876722e-15,0.9399518089988966,20
OLD,F2_mixed_labels,seed2,60,4a3c0a864c263754,1,1.2212453270876722e-15,0.9399518089988966,20
OLD,F2_mixed_labels,seed2,61,4a3c0a864c263754,1,1.2212453270876722e-15,0.9399518089988966,20
OLD,F2_mixed_labels,seed2,62,4a3c0a864c263754,1,1.2212453270876722e-15,0.9399518089988966,20
OLD,F2_mixed_labels,seed2,63,4a3c0a864c263754,1,1.2212453270876722e-15,0.9399518089988966,20
OLD,F2_mixed_labels,seed2,64,4a3c0a864c263754,1,1.2212453270876722e-15,0.9399518089988966,20
OLD,F2_mixed_labels,seed2,65,4a3c0a864c263754,1,1.2212453270876722e-15,0.9399518089988966,20
OLD,F2_mixed_labels,seed2,66,4a3c0a864c263754,1,1.2212453270876722e-15,0.9399518089988966,20
OLD,F2_mixed_labels,seed2,67,4a3c0a864c263754,1,1.2212453270876722e-15,0.9399518089988966,20
OLD,F2_mixed_labels,seed2,68,4a3c0a864c263754,1,1.2212453270876722e-15,0.9399518089988966,20
OLD,F2_mixed_labels,seed2,69,4a3c0a864c263754,1,1.2212453270876722e-15,0.9399518089988966,20
OLD,F2_mixed_labels,seed2,70,4a3c0a864c263754,1,1.2212453270876722e-15,0.9399518089988966,20
OLD,F2_mixed_labels,seed2,71,4a3c0a864c263754,1,1.2212453270876722e-15,0.9399518089988966,20
OLD,F2_mixed_labels,seed2,72,4a3c0a864c263754,1,1.2212453270876722e-15,0.9399518089988966,20
OLD,F2_mixed_labels,seed2,73,4a3c0a864c263754,1,1.2212453270876722e-15,0.9399518089988966,20
OLD,F2_mixed_labels,seed2,74,4a3c0a864c263754,1,1.2212453270876722e-15,0.9399518089988966,20
OLD,F2_mixed_labels,seed2,75,4a3c0a864c263754,1,1.2212453270876722e-15,0.9399518089988966,20
OLD,F2_mixed_labels,seed2,76,4a3c0a864c263754,1,1.2212453270876722e-15,0.9399518089988966,20
OLD,F2_mixed_labels,seed2,77,4a3c0a864c263754,1,1.2212453270876722e-15,0.9399518089988966,20
OLD,F2_mixed_labels,seed2,78,4a3c0a864c263754,1,1.2212453270876722e-15,0.9399518089988966,20
OLD,F2_mixed_labels,seed2,79,4a3c0a864c263754,1,1.2212453270876722e-15,0.9399518089988966,20
OLD,F2_mixed_labels,seed2,80,4a3c0a864c263754,1,1.2212453270876722e-15,0.9399518089988966,20
OLD,F2_mixed_labels,seed2,81,4a3c0a864c263754,1,1.2212453270876722e-15,0.9399518089988966,20
OLD,F2_mixed_labels,seed2,82,4a3c0a864c263754,1,1.2212453270876722e-15,0.9399518089988966,20
OLD,F2_mixed_labels,seed2,83,4a3c0a864c263754,1,1.2212453270876722e-15,0.9399518089988966,20
OLD,F2_mixed_labels,seed2,84,4a3c0a864c263754,1,1.2212453270876722e-15,0.9399518089988966,20
OLD,F2_mixed_labels,seed2,85,4a3c0a864c263754,1,1.2212453270876722e-15,0.9399518089988966,20
OLD,F2_mixed_labels,seed2,86,4a3c0a864c263754,1,1.2212453270876722e-15,0.9399518089988966,20
OLD,F2_mixed_labels,seed2,87,4a3c0a864c263754,1,1.2212453270876722e-15,0.9399518089988966,20
OLD,F2_mixed_labels,seed2,88,4a3c0a864c263754,1,1.2212453270876722e-15,0.9399518089988966,20
OLD,F2_mixed_labels,seed2,89,4a3c0a864c263754,1,1.2212453270876722e-15,0.9399518089988966,20
OLD,F2_mixed_labels,seed2,90,4a3c0a864c263754,1,1.2212453270876722e-15,0.9399518089988966,20
OLD,F2_mixed_labels,seed2,91,4a3c0a864c263754,1,1.2212453270876722e-15,0.9399518089988966,20
OLD,F2_mixed_labels,seed2,92,4a3c0a864c263754,1,1.2212453270876722e-15,0.9399518089988966,20
OLD,F2_mixed_labels,seed2,93,4a3c0a864c263754,1,1.2212453270876722e-15,0.9399518089988966,20
OLD,F2_mixed_labels,seed2,94,4a3c0a864c263754,1,1.2212453270876722e-15,0.9399518089988966,20
OLD,F2_mixed_labels,seed2,95,4a3c0a864c263754,1,1.2212453270876722e-15,0.9399518089988966,20
OLD,F2_mixed_labels,seed2,96,4a3c0a864c263754,1,1.2212453270876722e-15,0.9399518089988966,20
OLD,F2_mixed_labels,seed2,97,4a3c0a864c263754,1,1.2212453270876722e-15,0.9399518089988966,20
OLD,F2_mixed_labels,seed2,98,4a3c0a864c263754,1,1.2212453270876722e-15,0.9399518089988966,20
OLD,F2_mixed_labels,seed2,99,4a3c0a864c263754,1,1.2212453270876722e-15,0.9399518089988966,20
OLD,F2_mixed_labels,seed2,100,4a3c0a864c263754,1,1.2212453270876722e-15,0.9399518089988966,20
NEW,F2_mixed_labels,seed3,1,c1a04980b3f686e3,1,1.2212453270876722e-15,8.881784197001252e-16,20
NEW,F2_mixed_labels,seed3,2,c1a04980b3f686e3,1,1.2212453270876722e-15,8.881784197001252e-16,20
NEW,F2_mixed_labels,seed3,3,c1a04980b3f686e3,1,1.2212453270876722e-15,8.881784197001252e-16,20
NEW,F2_mixed_labels,seed3,4,c1a04980b3f686e3,1,1.2212453270876722e-15,8.881784197001252e-16,20
NEW,F2_mixed_labels,seed3,5,c1a04980b3f686e3,1,1.2212453270876722e-15,8.881784197001252e-16,20
NEW,F2_mixed_labels,seed3,6,c1a04980b3f686e3,1,1.2212453270876722e-15,8.881784197001252e-16,20
NEW,F2_mixed_labels,seed3,7,c1a04980b3f686e3,1,1.2212453270876722e-15,8.881784197001252e-16,20
NEW,F2_mixed_labels,seed3,8,c1a04980b3f686e3,1,1.2212453270876722e-15,8.881784197001252e-16,20
NEW,F2_mixed_labels,seed3,9,c1a04980b3f686e3,1,1.2212453270876722e-15,8.881784197001252e-16,20
NEW,F2_mixed_labels,seed3,10,c1a04980b3f686e3,1,1.2212453270876722e-15,8.881784197001252e-16,20
NEW,F2_mixed_labels,seed3,11,c1a04980b3f686e3,1,1.2212453270876722e-15,8.881784197001252e-16,20
NEW,F2_mixed_labels,seed3,12,c1a04980b3f686e3,1,1.2212453270876722e-15,8.881784197001252e-16,20
NEW,F2_mixed_labels,seed3,13,c1a04980b3f686e3,1,1.2212453270876722e-15,8.881784197001252e-16,20
NEW,F2_mixed_labels,seed3,14,c1a04980b3f686e3,1,1.2212453270876722e-15,8.881784197001252e-16,20
NEW,F2_mixed_labels,seed3,15,c1a04980b3f686e3,1,1.2212453270876722e-15,8.881784197001252e-16,20
NEW,F2_mixed_labels,seed3,16,c1a04980b3f686e3,1,1.2212453270876722e-15,8.881784197001252e-16,20
NEW,F2_mixed_labels,seed3,17,c1a04980b3f686e3,1,1.2212453270876722e-15,8.881784197001252e-16,20
NEW,F2_mixed_labels,seed3,18,c1a04980b3f686e3,1,1.2212453270876722e-15,8.881784197001252e-16,20
NEW,F2_mixed_labels,seed3,19,c1a04980b3f686e3,1,1.2212453270876722e-15,8.881784197001252e-16,20
NEW,F2_mixed_labels,seed3,20,c1a04980b3f686e3,1,1.2212453270876722e-15,8.881784197001252e-16,20
NEW,F2_mixed_labels,seed3,21,c1a04980b3f686e3,1,1.2212453270876722e-15,8.881784197001252e-16,20
NEW,F2_mixed_labels,seed3,22,c1a04980b3f686e3,1,1.2212453270876722e-15,8.881784197001252e-16,20
NEW,F2_mixed_labels,seed3,23,c1a04980b3f686e3,1,1.2212453270876722e-15,8.881784197001252e-16,20
NEW,F2_mixed_labels,seed3,24,c1a04980b3f686e3,1,1.2212453270876722e-15,8.881784197001252e-16,20
NEW,F2_mixed_labels,seed3,25,c1a04980b3f686e3,1,1.2212453270876722e-15,8.881784197001252e-16,20
NEW,F2_mixed_labels,seed3,26,c1a04980b3f686e3,1,1.2212453270876722e-15,8.881784197001252e-16,20
NEW,F2_mixed_labels,seed3,27,c1a04980b3f686e3,1,1.2212453270876722e-15,8.881784197001252e-16,20
NEW,F2_mixed_labels,seed3,28,c1a04980b3f686e3,1,1.2212453270876722e-15,8.881784197001252e-16,20
NEW,F2_mixed_labels,seed3,29,c1a04980b3f686e3,1,1.2212453270876722e-15,8.881784197001252e-16,20
NEW,F2_mixed_labels,seed3,30,c1a04980b3f686e3,1,1.2212453270876722e-15,8.881784197001252e-16,20
NEW,F2_mixed_labels,seed3,31,c1a04980b3f686e3,1,1.2212453270876722e-15,8.881784197001252e-16,20
NEW,F2_mixed_labels,seed3,32,c1a04980b3f686e3,1,1.2212453270876722e-15,8.881784197001252e-16,20
NEW,F2_mixed_labels,seed3,33,c1a04980b3f686e3,1,1.2212453270876722e-15,8.881784197001252e-16,20
NEW,F2_mixed_labels,seed3,34,c1a04980b3f686e3,1,1.2212453270876722e-15,8.881784197001252e-16,20
NEW,F2_mixed_labels,seed3,35,c1a04980b3f686e3,1,1.2212453270876722e-15,8.881784197001252e-16,20
NEW,F2_mixed_labels,seed3,36,c1a04980b3f686e3,1,1.2212453270876722e-15,8.881784197001252e-16,20
NEW,F2_mixed_labels,seed3,37,c1a04980b3f686e3,1,1.2212453270876722e-15,8.881784197001252e-16,20
NEW,F2_mixed_labels,seed3,38,c1a04980b3f686e3,1,1.2212453270876722e-15,8.881784197001252e-16,20
NEW,F2_mixed_labels,seed3,39,c1a04980b3f686e3,1,1.2212453270876722e-15,8.881784197001252e-16,20
NEW,F2_mixed_labels,seed3,40,c1a04980b3f686e3,1,1.2212453270876722e-15,8.881784197001252e-16,20
NEW,F2_mixed_labels,seed3,41,c1a04980b3f686e3,1,1.2212453270876722e-15,8.881784197001252e-16,20
NEW,F2_mixed_labels,seed3,42,c1a04980b3f686e3,1,1.2212453270876722e-15,8.881784197001252e-16,20
NEW,F2_mixed_labels,seed3,43,c1a04980b3f686e3,1,1.2212453270876722e-15,8.881784197001252e-16,20
NEW,F2_mixed_labels,seed3,44,c1a04980b3f686e3,1,1.2212453270876722e-15,8.881784197001252e-16,20
NEW,F2_mixed_labels,seed3,45,c1a04980b3f686e3,1,1.2212453270876722e-15,8.881784197001252e-16,20
NEW,F2_mixed_labels,seed3,46,c1a04980b3f686e3,1,1.2212453270876722e-15,8.881784197001252e-16,20
NEW,F2_mixed_labels,seed3,47,c1a04980b3f686e3,1,1.2212453270876722e-15,8.881784197001252e-16,20
NEW,F2_mixed_labels,seed3,48,c1a04980b3f686e3,1,1.2212453270876722e-15,8.881784197001252e-16,20
NEW,F2_mixed_labels,seed3,49,c1a04980b3f686e3,1,1.2212453270876722e-15,8.881784197001252e-16,20
NEW,F2_mixed_labels,seed3,50,c1a04980b3f686e3,1,1.2212453270876722e-15,8.881784197001252e-16,20
NEW,F2_mixed_labels,seed3,51,c1a04980b3f686e3,1,1.2212453270876722e-15,8.881784197001252e-16,20
NEW,F2_mixed_labels,seed3,52,c1a04980b3f686e3,1,1.2212453270876722e-15,8.881784197001252e-16,20
NEW,F2_mixed_labels,seed3,53,c1a04980b3f686e3,1,1.2212453270876722e-15,8.881784197001252e-16,20
NEW,F2_mixed_labels,seed3,54,c1a04980b3f686e3,1,1.2212453270876722e-15,8.881784197001252e-16,20
NEW,F2_mixed_labels,seed3,55,c1a04980b3f686e3,1,1.2212453270876722e-15,8.881784197001252e-16,20
NEW,F2_mixed_labels,seed3,56,c1a04980b3f686e3,1,1.2212453270876722e-15,8.881784197001252e-16,20
NEW,F2_mixed_labels,seed3,57,c1a04980b3f686e3,1,1.2212453270876722e-15,8.881784197001252e-16,20
NEW,F2_mixed_labels,seed3,58,c1a04980b3f686e3,1,1.2212453270876722e-15,8.881784197001252e-16,20
NEW,F2_mixed_labels,seed3,59,c1a04980b3f686e3,1,1.2212453270876722e-15,8.881784197001252e-16,20
NEW,F2_mixed_labels,seed3,60,c1a04980b3f686e3,1,1.2212453270876722e-15,8.881784197001252e-16,20
NEW,F2_mixed_labels,seed3,61,c1a04980b3f686e3,1,1.2212453270876722e-15,8.881784197001252e-16,20
NEW,F2_mixed_labels,seed3,62,c1a04980b3f686e3,1,1.2212453270876722e-15,8.881784197001252e-16,20
NEW,F2_mixed_labels,seed3,63,c1a04980b3f686e3,1,1.2212453270876722e-15,8.881784197001252e-16,20
NEW,F2_mixed_labels,seed3,64,c1a04980b3f686e3,1,1.2212453270876722e-15,8.881784197001252e-16,20
NEW,F2_mixed_labels,seed3,65,c1a04980b3f686e3,1,1.2212453270876722e-15,8.881784197001252e-16,20
NEW,F2_mixed_labels,seed3,66,c1a04980b3f686e3,1,1.2212453270876722e-15,8.881784197001252e-16,20
NEW,F2_mixed_labels,seed3,67,c1a04980b3f686e3,1,1.2212453270876722e-15,8.881784197001252e-16,20
NEW,F2_mixed_labels,seed3,68,c1a04980b3f686e3,1,1.2212453270876722e-15,8.881784197001252e-16,20
NEW,F2_mixed_labels,seed3,69,c1a04980b3f686e3,1,1.2212453270876722e-15,8.881784197001252e-16,20
NEW,F2_mixed_labels,seed3,70,c1a04980b3f686e3,1,1.2212453270876722e-15,8.881784197001252e-16,20
NEW,F2_mixed_labels,seed3,71,c1a04980b3f686e3,1,1.2212453270876722e-15,8.881784197001252e-16,20
NEW,F2_mixed_labels,seed3,72,c1a04980b3f686e3,1,1.2212453270876722e-15,8.881784197001252e-16,20
NEW,F2_mixed_labels,seed3,73,c1a04980b3f686e3,1,1.2212453270876722e-15,8.881784197001252e-16,20
NEW,F2_mixed_labels,seed3,74,c1a04980b3f686e3,1,1.2212453270876722e-15,8.881784197001252e-16,20
NEW,F2_mixed_labels,seed3,75,c1a04980b3f686e3,1,1.2212453270876722e-15,8.881784197001252e-16,20
NEW,F2_mixed_labels,seed3,76,c1a04980b3f686e3,1,1.2212453270876722e-15,8.881784197001252e-16,20
NEW,F2_mixed_labels,seed3,77,c1a04980b3f686e3,1,1.2212453270876722e-15,8.881784197001252e-16,20
NEW,F2_mixed_labels,seed3,78,c1a04980b3f686e3,1,1.2212453270876722e-15,8.881784197001252e-16,20
NEW,F2_mixed_labels,seed3,79,c1a04980b3f686e3,1,1.2212453270876722e-15,8.881784197001252e-16,20
NEW,F2_mixed_labels,seed3,80,c1a04980b3f686e3,1,1.2212453270876722e-15,8.881784197001252e-16,20
NEW,F2_mixed_labels,seed3,81,c1a04980b3f686e3,1,1.2212453270876722e-15,8.881784197001252e-16,20
NEW,F2_mixed_labels,seed3,82,c1a04980b3f686e3,1,1.2212453270876722e-15,8.881784197001252e-16,20
NEW,F2_mixed_labels,seed3,83,c1a04980b3f686e3,1,1.2212453270876722e-15,8.881784197001252e-16,20
NEW,F2_mixed_labels,seed3,84,c1a04980b3f686e3,1,1.2212453270876722e-15,8.881784197001252e-16,20
NEW,F2_mixed_labels,seed3,85,c1a04980b3f686e3,1,1.2212453270876722e-15,8.881784197001252e-16,20
NEW,F2_mixed_labels,seed3,86,c1a04980b3f686e3,1,1.2212453270876722e-15,8.881784197001252e-16,20
NEW,F2_mixed_labels,seed3,87,c1a04980b3f686e3,1,1.2212453270876722e-15,8.881784197001252e-16,20
NEW,F2_mixed_labels,seed3,88,c1a04980b3f686e3,1,1.2212453270876722e-15,8.881784197001252e-16,20
NEW,F2_mixed_labels,seed3,89,c1a04980b3f686e3,1,1.2212453270876722e-15,8.881784197001252e-16,20
NEW,F2_mixed_labels,seed3,90,c1a04980b3f686e3,1,1.2212453270876722e-15,8.881784197001252e-16,20
NEW,F2_mixed_labels,seed3,91,c1a04980b3f686e3,1,1.2212453270876722e-15,8.881784197001252e-16,20
NEW,F2_mixed_labels,seed3,92,c1a04980b3f686e3,1,1.2212453270876722e-15,8.881784197001252e-16,20
NEW,F2_mixed_labels,seed3,93,c1a04980b3f686e3,1,1.2212453270876722e-15,8.881784197001252e-16,20
NEW,F2_mixed_labels,seed3,94,c1a04980b3f686e3,1,1.2212453270876722e-15,8.881784197001252e-16,20
NEW,F2_mixed_labels,seed3,95,c1a04980b3f686e3,1,1.2212453270876722e-15,8.881784197001252e-16,20
NEW,F2_mixed_labels,seed3,96,c1a04980b3f686e3,1,1.2212453270876722e-15,8.881784197001252e-16,20
NEW,F2_mixed_labels,seed3,97,c1a04980b3f686e3,1,1.2212453270876722e-15,8.881784197001252e-16,20
NEW,F2_mixed_labels,seed3,98,c1a04980b3f686e3,1,1.2212453270876722e-15,8.881784197001252e-16,20
NEW,F2_mixed_labels,seed3,99,c1a04980b3f686e3,1,1.2212453270876722e-15,8.881784197001252e-16,20
NEW,F2_mixed_labels,seed3,100,c1a04980b3f686e3,1,1.2212453270876722e-15,8.881784197001252e-16,20
OLD,F2_mixed_labels,seed3,1,c1a04980b3f686e3,1,1.2212453270876722e-15,0.9408079010709458,20
OLD,F2_mixed_labels,seed3,2,c1a04980b3f686e3,1,1.2212453270876722e-15,0.9408079010709458,20
OLD,F2_mixed_labels,seed3,3,c1a04980b3f686e3,1,1.2212453270876722e-15,0.9408079010709458,20
OLD,F2_mixed_labels,seed3,4,c1a04980b3f686e3,1,1.2212453270876722e-15,0.9408079010709458,20
OLD,F2_mixed_labels,seed3,5,c1a04980b3f686e3,1,1.2212453270876722e-15,0.9408079010709458,20
OLD,F2_mixed_labels,seed3,6,c1a04980b3f686e3,1,1.2212453270876722e-15,0.9408079010709458,20
OLD,F2_mixed_labels,seed3,7,c1a04980b3f686e3,1,1.2212453270876722e-15,0.9408079010709458,20
OLD,F2_mixed_labels,seed3,8,c1a04980b3f686e3,1,1.2212453270876722e-15,0.9408079010709458,20
OLD,F2_mixed_labels,seed3,9,c1a04980b3f686e3,1,1.2212453270876722e-15,0.9408079010709458,20
OLD,F2_mixed_labels,seed3,10,c1a04980b3f686e3,1,1.2212453270876722e-15,0.9408079010709458,20
OLD,F2_mixed_labels,seed3,11,c1a04980b3f686e3,1,1.2212453270876722e-15,0.9408079010709458,20
OLD,F2_mixed_labels,seed3,12,c1a04980b3f686e3,1,1.2212453270876722e-15,0.9408079010709458,20
OLD,F2_mixed_labels,seed3,13,c1a04980b3f686e3,1,1.2212453270876722e-15,0.9408079010709458,20
OLD,F2_mixed_labels,seed3,14,c1a04980b3f686e3,1,1.2212453270876722e-15,0.9408079010709458,20
OLD,F2_mixed_labels,seed3,15,c1a04980b3f686e3,1,1.2212453270876722e-15,0.9408079010709458,20
OLD,F2_mixed_labels,seed3,16,c1a04980b3f686e3,1,1.2212453270876722e-15,0.9408079010709458,20
OLD,F2_mixed_labels,seed3,17,c1a04980b3f686e3,1,1.2212453270876722e-15,0.9408079010709458,20
OLD,F2_mixed_labels,seed3,18,c1a04980b3f686e3,1,1.2212453270876722e-15,0.9408079010709458,20
OLD,F2_mixed_labels,seed3,19,c1a04980b3f686e3,1,1.2212453270876722e-15,0.9408079010709458,20
OLD,F2_mixed_labels,seed3,20,c1a04980b3f686e3,1,1.2212453270876722e-15,0.9408079010709458,20
OLD,F2_mixed_labels,seed3,21,c1a04980b3f686e3,1,1.2212453270876722e-15,0.9408079010709458,20
OLD,F2_mixed_labels,seed3,22,c1a04980b3f686e3,1,1.2212453270876722e-15,0.9408079010709458,20
OLD,F2_mixed_labels,seed3,23,c1a04980b3f686e3,1,1.2212453270876722e-15,0.9408079010709458,20
OLD,F2_mixed_labels,seed3,24,c1a04980b3f686e3,1,1.2212453270876722e-15,0.9408079010709458,20
OLD,F2_mixed_labels,seed3,25,c1a04980b3f686e3,1,1.2212453270876722e-15,0.9408079010709458,20
OLD,F2_mixed_labels,seed3,26,c1a04980b3f686e3,1,1.2212453270876722e-15,0.9408079010709458,20
OLD,F2_mixed_labels,seed3,27,c1a04980b3f686e3,1,1.2212453270876722e-15,0.9408079010709458,20
OLD,F2_mixed_labels,seed3,28,c1a04980b3f686e3,1,1.2212453270876722e-15,0.9408079010709458,20
OLD,F2_mixed_labels,seed3,29,c1a04980b3f686e3,1,1.2212453270876722e-15,0.9408079010709458,20
OLD,F2_mixed_labels,seed3,30,c1a04980b3f686e3,1,1.2212453270876722e-15,0.9408079010709458,20
OLD,F2_mixed_labels,seed3,31,c1a04980b3f686e3,1,1.2212453270876722e-15,0.9408079010709458,20
OLD,F2_mixed_labels,seed3,32,c1a04980b3f686e3,1,1.2212453270876722e-15,0.9408079010709458,20
OLD,F2_mixed_labels,seed3,33,c1a04980b3f686e3,1,1.2212453270876722e-15,0.9408079010709458,20
OLD,F2_mixed_labels,seed3,34,c1a04980b3f686e3,1,1.2212453270876722e-15,0.9408079010709458,20
OLD,F2_mixed_labels,seed3,35,c1a04980b3f686e3,1,1.2212453270876722e-15,0.9408079010709458,20
OLD,F2_mixed_labels,seed3,36,c1a04980b3f686e3,1,1.2212453270876722e-15,0.9408079010709458,20
OLD,F2_mixed_labels,seed3,37,c1a04980b3f686e3,1,1.2212453270876722e-15,0.9408079010709458,20
OLD,F2_mixed_labels,seed3,38,c1a04980b3f686e3,1,1.2212453270876722e-15,0.9408079010709458,20
OLD,F2_mixed_labels,seed3,39,c1a04980b3f686e3,1,1.2212453270876722e-15,0.9408079010709458,20
OLD,F2_mixed_labels,seed3,40,c1a04980b3f686e3,1,1.2212453270876722e-15,0.9408079010709458,20
OLD,F2_mixed_labels,seed3,41,c1a04980b3f686e3,1,1.2212453270876722e-15,0.9408079010709458,20
OLD,F2_mixed_labels,seed3,42,c1a04980b3f686e3,1,1.2212453270876722e-15,0.9408079010709458,20
OLD,F2_mixed_labels,seed3,43,c1a04980b3f686e3,1,1.2212453270876722e-15,0.9408079010709458,20
OLD,F2_mixed_labels,seed3,44,c1a04980b3f686e3,1,1.2212453270876722e-15,0.9408079010709458,20
OLD,F2_mixed_labels,seed3,45,c1a04980b3f686e3,1,1.2212453270876722e-15,0.9408079010709458,20
OLD,F2_mixed_labels,seed3,46,c1a04980b3f686e3,1,1.2212453270876722e-15,0.9408079010709458,20
OLD,F2_mixed_labels,seed3,47,c1a04980b3f686e3,1,1.2212453270876722e-15,0.9408079010709458,20
OLD,F2_mixed_labels,seed3,48,c1a04980b3f686e3,1,1.2212453270876722e-15,0.9408079010709458,20
OLD,F2_mixed_labels,seed3,49,c1a04980b3f686e3,1,1.2212453270876722e-15,0.9408079010709458,20
OLD,F2_mixed_labels,seed3,50,c1a04980b3f686e3,1,1.2212453270876722e-15,0.9408079010709458,20
OLD,F2_mixed_labels,seed3,51,c1a04980b3f686e3,1,1.2212453270876722e-15,0.9408079010709458,20
OLD,F2_mixed_labels,seed3,52,c1a04980b3f686e3,1,1.2212453270876722e-15,0.9408079010709458,20
OLD,F2_mixed_labels,seed3,53,c1a04980b3f686e3,1,1.2212453270876722e-15,0.9408079010709458,20
OLD,F2_mixed_labels,seed3,54,c1a04980b3f686e3,1,1.2212453270876722e-15,0.9408079010709458,20
OLD,F2_mixed_labels,seed3,55,c1a04980b3f686e3,1,1.2212453270876722e-15,0.9408079010709458,20
OLD,F2_mixed_labels,seed3,56,c1a04980b3f686e3,1,1.2212453270876722e-15,0.9408079010709458,20
OLD,F2_mixed_labels,seed3,57,c1a04980b3f686e3,1,1.2212453270876722e-15,0.9408079010709458,20
OLD,F2_mixed_labels,seed3,58,c1a04980b3f686e3,1,1.2212453270876722e-15,0.9408079010709458,20
OLD,F2_mixed_labels,seed3,59,c1a04980b3f686e3,1,1.2212453270876722e-15,0.9408079010709458,20
OLD,F2_mixed_labels,seed3,60,c1a04980b3f686e3,1,1.2212453270876722e-15,0.9408079010709458,20
OLD,F2_mixed_labels,seed3,61,c1a04980b3f686e3,1,1.2212453270876722e-15,0.9408079010709458,20
OLD,F2_mixed_labels,seed3,62,c1a04980b3f686e3,1,1.2212453270876722e-15,0.9408079010709458,20
OLD,F2_mixed_labels,seed3,63,c1a04980b3f686e3,1,1.2212453270876722e-15,0.9408079010709458,20
OLD,F2_mixed_labels,seed3,64,c1a04980b3f686e3,1,1.2212453270876722e-15,0.9408079010709458,20
OLD,F2_mixed_labels,seed3,65,c1a04980b3f686e3,1,1.2212453270876722e-15,0.9408079010709458,20
OLD,F2_mixed_labels,seed3,66,c1a04980b3f686e3,1,1.2212453270876722e-15,0.9408079010709458,20
OLD,F2_mixed_labels,seed3,67,c1a04980b3f686e3,1,1.2212453270876722e-15,0.9408079010709458,20
OLD,F2_mixed_labels,seed3,68,c1a04980b3f686e3,1,1.2212453270876722e-15,0.9408079010709458,20
OLD,F2_mixed_labels,seed3,69,c1a04980b3f686e3,1,1.2212453270876722e-15,0.9408079010709458,20
OLD,F2_mixed_labels,seed3,70,c1a04980b3f686e3,1,1.2212453270876722e-15,0.9408079010709458,20
OLD,F2_mixed_labels,seed3,71,c1a04980b3f686e3,1,1.2212453270876722e-15,0.9408079010709458,20
OLD,F2_mixed_labels,seed3,72,c1a04980b3f686e3,1,1.2212453270876722e-15,0.9408079010709458,20
OLD,F2_mixed_labels,seed3,73,c1a04980b3f686e3,1,1.2212453270876722e-15,0.9408079010709458,20
OLD,F2_mixed_labels,seed3,74,c1a04980b3f686e3,1,1.2212453270876722e-15,0.9408079010709458,20
OLD,F2_mixed_labels,seed3,75,c1a04980b3f686e3,1,1.2212453270876722e-15,0.9408079010709458,20
OLD,F2_mixed_labels,seed3,76,c1a04980b3f686e3,1,1.2212453270876722e-15,0.9408079010709458,20
OLD,F2_mixed_labels,seed3,77,c1a04980b3f686e3,1,1.2212453270876722e-15,0.9408079010709458,20
OLD,F2_mixed_labels,seed3,78,c1a04980b3f686e3,1,1.2212453270876722e-15,0.9408079010709458,20
OLD,F2_mixed_labels,seed3,79,c1a04980b3f686e3,1,1.2212453270876722e-15,0.9408079010709458,20
OLD,F2_mixed_labels,seed3,80,c1a04980b3f686e3,1,1.2212453270876722e-15,0.9408079010709458,20
OLD,F2_mixed_labels,seed3,81,c1a04980b3f686e3,1,1.2212453270876722e-15,0.9408079010709458,20
OLD,F2_mixed_labels,seed3,82,c1a04980b3f686e3,1,1.2212453270876722e-15,0.9408079010709458,20
OLD,F2_mixed_labels,seed3,83,c1a04980b3f686e3,1,1.2212453270876722e-15,0.9408079010709458,20
OLD,F2_mixed_labels,seed3,84,c1a04980b3f686e3,1,1.2212453270876722e-15,0.9408079010709458,20
OLD,F2_mixed_labels,seed3,85,c1a04980b3f686e3,1,1.2212453270876722e-15,0.9408079010709458,20
OLD,F2_mixed_labels,seed3,86,c1a04980b3f686e3,1,1.2212453270876722e-15,0.9408079010709458,20
OLD,F2_mixed_labels,seed3,87,c1a04980b3f686e3,1,1.2212453270876722e-15,0.9408079010709458,20
OLD,F2_mixed_labels,seed3,88,c1a04980b3f686e3,1,1.2212453270876722e-15,0.9408079010709458,20
OLD,F2_mixed_labels,seed3,89,c1a04980b3f686e3,1,1.2212453270876722e-15,0.9408079010709458,20
OLD,F2_mixed_labels,seed3,90,c1a04980b3f686e3,1,1.2212453270876722e-15,0.9408079010709458,20
OLD,F2_mixed_labels,seed3,91,c1a04980b3f686e3,1,1.2212453270876722e-15,0.9408079010709458,20
OLD,F2_mixed_labels,seed3,92,c1a04980b3f686e3,1,1.2212453270876722e-15,0.9408079010709458,20
OLD,F2_mixed_labels,seed3,93,c1a04980b3f686e3,1,1.2212453270876722e-15,0.9408079010709458,20
OLD,F2_mixed_labels,seed3,94,c1a04980b3f686e3,1,1.2212453270876722e-15,0.9408079010709458,20
OLD,F2_mixed_labels,seed3,95,c1a04980b3f686e3,1,1.2212453270876722e-15,0.9408079010709458,20
OLD,F2_mixed_labels,seed3,96,c1a04980b3f686e3,1,1.2212453270876722e-15,0.9408079010709458,20
OLD,F2_mixed_labels,seed3,97,c1a04980b3f686e3,1,1.2212453270876722e-15,0.9408079010709458,20
OLD,F2_mixed_labels,seed3,98,c1a04980b3f686e3,1,1.2212453270876722e-15,0.9408079010709458,20
OLD,F2_mixed_labels,seed3,99,c1a04980b3f686e3,1,1.2212453270876722e-15,0.9408079010709458,20
OLD,F2_mixed_labels,seed3,100,c1a04980b3f686e3,1,1.2212453270876722e-15,0.9408079010709458,20
NEW,F2_mixed_labels,seed4,1,41358e0925758cab,1,2.55351295663786e-15,2.55351295663786e-15,20
NEW,F2_mixed_labels,seed4,2,41358e0925758cab,1,2.55351295663786e-15,2.55351295663786e-15,20
NEW,F2_mixed_labels,seed4,3,41358e0925758cab,1,2.55351295663786e-15,2.55351295663786e-15,20
NEW,F2_mixed_labels,seed4,4,41358e0925758cab,1,2.55351295663786e-15,2.55351295663786e-15,20
NEW,F2_mixed_labels,seed4,5,41358e0925758cab,1,2.55351295663786e-15,2.55351295663786e-15,20
NEW,F2_mixed_labels,seed4,6,41358e0925758cab,1,2.55351295663786e-15,2.55351295663786e-15,20
NEW,F2_mixed_labels,seed4,7,41358e0925758cab,1,2.55351295663786e-15,2.55351295663786e-15,20
NEW,F2_mixed_labels,seed4,8,41358e0925758cab,1,2.55351295663786e-15,2.55351295663786e-15,20
NEW,F2_mixed_labels,seed4,9,41358e0925758cab,1,2.55351295663786e-15,2.55351295663786e-15,20
NEW,F2_mixed_labels,seed4,10,41358e0925758cab,1,2.55351295663786e-15,2.55351295663786e-15,20
NEW,F2_mixed_labels,seed4,11,41358e0925758cab,1,2.55351295663786e-15,2.55351295663786e-15,20
NEW,F2_mixed_labels,seed4,12,41358e0925758cab,1,2.55351295663786e-15,2.55351295663786e-15,20
NEW,F2_mixed_labels,seed4,13,41358e0925758cab,1,2.55351295663786e-15,2.55351295663786e-15,20
NEW,F2_mixed_labels,seed4,14,41358e0925758cab,1,2.55351295663786e-15,2.55351295663786e-15,20
NEW,F2_mixed_labels,seed4,15,41358e0925758cab,1,2.55351295663786e-15,2.55351295663786e-15,20
NEW,F2_mixed_labels,seed4,16,41358e0925758cab,1,2.55351295663786e-15,2.55351295663786e-15,20
NEW,F2_mixed_labels,seed4,17,41358e0925758cab,1,2.55351295663786e-15,2.55351295663786e-15,20
NEW,F2_mixed_labels,seed4,18,41358e0925758cab,1,2.55351295663786e-15,2.55351295663786e-15,20
NEW,F2_mixed_labels,seed4,19,41358e0925758cab,1,2.55351295663786e-15,2.55351295663786e-15,20
NEW,F2_mixed_labels,seed4,20,41358e0925758cab,1,2.55351295663786e-15,2.55351295663786e-15,20
NEW,F2_mixed_labels,seed4,21,41358e0925758cab,1,2.55351295663786e-15,2.55351295663786e-15,20
NEW,F2_mixed_labels,seed4,22,41358e0925758cab,1,2.55351295663786e-15,2.55351295663786e-15,20
NEW,F2_mixed_labels,seed4,23,41358e0925758cab,1,2.55351295663786e-15,2.55351295663786e-15,20
NEW,F2_mixed_labels,seed4,24,41358e0925758cab,1,2.55351295663786e-15,2.55351295663786e-15,20
NEW,F2_mixed_labels,seed4,25,41358e0925758cab,1,2.55351295663786e-15,2.55351295663786e-15,20
NEW,F2_mixed_labels,seed4,26,41358e0925758cab,1,2.55351295663786e-15,2.55351295663786e-15,20
NEW,F2_mixed_labels,seed4,27,41358e0925758cab,1,2.55351295663786e-15,2.55351295663786e-15,20
NEW,F2_mixed_labels,seed4,28,41358e0925758cab,1,2.55351295663786e-15,2.55351295663786e-15,20
NEW,F2_mixed_labels,seed4,29,41358e0925758cab,1,2.55351295663786e-15,2.55351295663786e-15,20
NEW,F2_mixed_labels,seed4,30,41358e0925758cab,1,2.55351295663786e-15,2.55351295663786e-15,20
NEW,F2_mixed_labels,seed4,31,41358e0925758cab,1,2.55351295663786e-15,2.55351295663786e-15,20
NEW,F2_mixed_labels,seed4,32,41358e0925758cab,1,2.55351295663786e-15,2.55351295663786e-15,20
NEW,F2_mixed_labels,seed4,33,41358e0925758cab,1,2.55351295663786e-15,2.55351295663786e-15,20
NEW,F2_mixed_labels,seed4,34,41358e0925758cab,1,2.55351295663786e-15,2.55351295663786e-15,20
NEW,F2_mixed_labels,seed4,35,41358e0925758cab,1,2.55351295663786e-15,2.55351295663786e-15,20
NEW,F2_mixed_labels,seed4,36,41358e0925758cab,1,2.55351295663786e-15,2.55351295663786e-15,20
NEW,F2_mixed_labels,seed4,37,41358e0925758cab,1,2.55351295663786e-15,2.55351295663786e-15,20
NEW,F2_mixed_labels,seed4,38,41358e0925758cab,1,2.55351295663786e-15,2.55351295663786e-15,20
NEW,F2_mixed_labels,seed4,39,41358e0925758cab,1,2.55351295663786e-15,2.55351295663786e-15,20
NEW,F2_mixed_labels,seed4,40,41358e0925758cab,1,2.55351295663786e-15,2.55351295663786e-15,20
NEW,F2_mixed_labels,seed4,41,41358e0925758cab,1,2.55351295663786e-15,2.55351295663786e-15,20
NEW,F2_mixed_labels,seed4,42,41358e0925758cab,1,2.55351295663786e-15,2.55351295663786e-15,20
NEW,F2_mixed_labels,seed4,43,41358e0925758cab,1,2.55351295663786e-15,2.55351295663786e-15,20
NEW,F2_mixed_labels,seed4,44,41358e0925758cab,1,2.55351295663786e-15,2.55351295663786e-15,20
NEW,F2_mixed_labels,seed4,45,41358e0925758cab,1,2.55351295663786e-15,2.55351295663786e-15,20
NEW,F2_mixed_labels,seed4,46,41358e0925758cab,1,2.55351295663786e-15,2.55351295663786e-15,20
NEW,F2_mixed_labels,seed4,47,41358e0925758cab,1,2.55351295663786e-15,2.55351295663786e-15,20
NEW,F2_mixed_labels,seed4,48,41358e0925758cab,1,2.55351295663786e-15,2.55351295663786e-15,20
NEW,F2_mixed_labels,seed4,49,41358e0925758cab,1,2.55351295663786e-15,2.55351295663786e-15,20
NEW,F2_mixed_labels,seed4,50,41358e0925758cab,1,2.55351295663786e-15,2.55351295663786e-15,20
NEW,F2_mixed_labels,seed4,51,41358e0925758cab,1,2.55351295663786e-15,2.55351295663786e-15,20
NEW,F2_mixed_labels,seed4,52,41358e0925758cab,1,2.55351295663786e-15,2.55351295663786e-15,20
NEW,F2_mixed_labels,seed4,53,41358e0925758cab,1,2.55351295663786e-15,2.55351295663786e-15,20
NEW,F2_mixed_labels,seed4,54,41358e0925758cab,1,2.55351295663786e-15,2.55351295663786e-15,20
NEW,F2_mixed_labels,seed4,55,41358e0925758cab,1,2.55351295663786e-15,2.55351295663786e-15,20
NEW,F2_mixed_labels,seed4,56,41358e0925758cab,1,2.55351295663786e-15,2.55351295663786e-15,20
NEW,F2_mixed_labels,seed4,57,41358e0925758cab,1,2.55351295663786e-15,2.55351295663786e-15,20
NEW,F2_mixed_labels,seed4,58,41358e0925758cab,1,2.55351295663786e-15,2.55351295663786e-15,20
NEW,F2_mixed_labels,seed4,59,41358e0925758cab,1,2.55351295663786e-15,2.55351295663786e-15,20
NEW,F2_mixed_labels,seed4,60,41358e0925758cab,1,2.55351295663786e-15,2.55351295663786e-15,20
NEW,F2_mixed_labels,seed4,61,41358e0925758cab,1,2.55351295663786e-15,2.55351295663786e-15,20
NEW,F2_mixed_labels,seed4,62,41358e0925758cab,1,2.55351295663786e-15,2.55351295663786e-15,20
NEW,F2_mixed_labels,seed4,63,41358e0925758cab,1,2.55351295663786e-15,2.55351295663786e-15,20
NEW,F2_mixed_labels,seed4,64,41358e0925758cab,1,2.55351295663786e-15,2.55351295663786e-15,20
NEW,F2_mixed_labels,seed4,65,41358e0925758cab,1,2.55351295663786e-15,2.55351295663786e-15,20
NEW,F2_mixed_labels,seed4,66,41358e0925758cab,1,2.55351295663786e-15,2.55351295663786e-15,20
NEW,F2_mixed_labels,seed4,67,41358e0925758cab,1,2.55351295663786e-15,2.55351295663786e-15,20
NEW,F2_mixed_labels,seed4,68,41358e0925758cab,1,2.55351295663786e-15,2.55351295663786e-15,20
NEW,F2_mixed_labels,seed4,69,41358e0925758cab,1,2.55351295663786e-15,2.55351295663786e-15,20
NEW,F2_mixed_labels,seed4,70,41358e0925758cab,1,2.55351295663786e-15,2.55351295663786e-15,20
NEW,F2_mixed_labels,seed4,71,41358e0925758cab,1,2.55351295663786e-15,2.55351295663786e-15,20
NEW,F2_mixed_labels,seed4,72,41358e0925758cab,1,2.55351295663786e-15,2.55351295663786e-15,20
NEW,F2_mixed_labels,seed4,73,41358e0925758cab,1,2.55351295663786e-15,2.55351295663786e-15,20
NEW,F2_mixed_labels,seed4,74,41358e0925758cab,1,2.55351295663786e-15,2.55351295663786e-15,20
NEW,F2_mixed_labels,seed4,75,41358e0925758cab,1,2.55351295663786e-15,2.55351295663786e-15,20
NEW,F2_mixed_labels,seed4,76,41358e0925758cab,1,2.55351295663786e-15,2.55351295663786e-15,20
NEW,F2_mixed_labels,seed4,77,41358e0925758cab,1,2.55351295663786e-15,2.55351295663786e-15,20
NEW,F2_mixed_labels,seed4,78,41358e0925758cab,1,2.55351295663786e-15,2.55351295663786e-15,20
NEW,F2_mixed_labels,seed4,79,41358e0925758cab,1,2.55351295663786e-15,2.55351295663786e-15,20
NEW,F2_mixed_labels,seed4,80,41358e0925758cab,1,2.55351295663786e-15,2.55351295663786e-15,20
NEW,F2_mixed_labels,seed4,81,41358e0925758cab,1,2.55351295663786e-15,2.55351295663786e-15,20
NEW,F2_mixed_labels,seed4,82,41358e0925758cab,1,2.55351295663786e-15,2.55351295663786e-15,20
NEW,F2_mixed_labels,seed4,83,41358e0925758cab,1,2.55351295663786e-15,2.55351295663786e-15,20
NEW,F2_mixed_labels,seed4,84,41358e0925758cab,1,2.55351295663786e-15,2.55351295663786e-15,20
NEW,F2_mixed_labels,seed4,85,41358e0925758cab,1,2.55351295663786e-15,2.55351295663786e-15,20
NEW,F2_mixed_labels,seed4,86,41358e0925758cab,1,2.55351295663786e-15,2.55351295663786e-15,20
NEW,F2_mixed_labels,seed4,87,41358e0925758cab,1,2.55351295663786e-15,2.55351295663786e-15,20
NEW,F2_mixed_labels,seed4,88,41358e0925758cab,1,2.55351295663786e-15,2.55351295663786e-15,20
NEW,F2_mixed_labels,seed4,89,41358e0925758cab,1,2.55351295663786e-15,2.55351295663786e-15,20
NEW,F2_mixed_labels,seed4,90,41358e0925758cab,1,2.55351295663786e-15,2.55351295663786e-15,20
NEW,F2_mixed_labels,seed4,91,41358e0925758cab,1,2.55351295663786e-15,2.55351295663786e-15,20
NEW,F2_mixed_labels,seed4,92,41358e0925758cab,1,2.55351295663786e-15,2.55351295663786e-15,20
NEW,F2_mixed_labels,seed4,93,41358e0925758cab,1,2.55351295663786e-15,2.55351295663786e-15,20
NEW,F2_mixed_labels,seed4,94,41358e0925758cab,1,2.55351295663786e-15,2.55351295663786e-15,20
NEW,F2_mixed_labels,seed4,95,41358e0925758cab,1,2.55351295663786e-15,2.55351295663786e-15,20
NEW,F2_mixed_labels,seed4,96,41358e0925758cab,1,2.55351295663786e-15,2.55351295663786e-15,20
NEW,F2_mixed_labels,seed4,97,41358e0925758cab,1,2.55351295663786e-15,2.55351295663786e-15,20
NEW,F2_mixed_labels,seed4,98,41358e0925758cab,1,2.55351295663786e-15,2.55351295663786e-15,20
NEW,F2_mixed_labels,seed4,99,41358e0925758cab,1,2.55351295663786e-15,2.55351295663786e-15,20
NEW,F2_mixed_labels,seed4,100,41358e0925758cab,1,2.55351295663786e-15,2.55351295663786e-15,20
OLD,F2_mixed_labels,seed4,1,41358e0925758cab,1,2.55351295663786e-15,0.9370260139709724,20
OLD,F2_mixed_labels,seed4,2,41358e0925758cab,1,2.55351295663786e-15,0.9370260139709724,20
OLD,F2_mixed_labels,seed4,3,41358e0925758cab,1,2.55351295663786e-15,0.9370260139709724,20
OLD,F2_mixed_labels,seed4,4,41358e0925758cab,1,2.55351295663786e-15,0.9370260139709724,20
OLD,F2_mixed_labels,seed4,5,41358e0925758cab,1,2.55351295663786e-15,0.9370260139709724,20
OLD,F2_mixed_labels,seed4,6,41358e0925758cab,1,2.55351295663786e-15,0.9370260139709724,20
OLD,F2_mixed_labels,seed4,7,41358e0925758cab,1,2.55351295663786e-15,0.9370260139709724,20
OLD,F2_mixed_labels,seed4,8,41358e0925758cab,1,2.55351295663786e-15,0.9370260139709724,20
OLD,F2_mixed_labels,seed4,9,41358e0925758cab,1,2.55351295663786e-15,0.9370260139709724,20
OLD,F2_mixed_labels,seed4,10,41358e0925758cab,1,2.55351295663786e-15,0.9370260139709724,20
OLD,F2_mixed_labels,seed4,11,41358e0925758cab,1,2.55351295663786e-15,0.9370260139709724,20
OLD,F2_mixed_labels,seed4,12,41358e0925758cab,1,2.55351295663786e-15,0.9370260139709724,20
OLD,F2_mixed_labels,seed4,13,41358e0925758cab,1,2.55351295663786e-15,0.9370260139709724,20
OLD,F2_mixed_labels,seed4,14,41358e0925758cab,1,2.55351295663786e-15,0.9370260139709724,20
OLD,F2_mixed_labels,seed4,15,41358e0925758cab,1,2.55351295663786e-15,0.9370260139709724,20
OLD,F2_mixed_labels,seed4,16,41358e0925758cab,1,2.55351295663786e-15,0.9370260139709724,20
OLD,F2_mixed_labels,seed4,17,41358e0925758cab,1,2.55351295663786e-15,0.9370260139709724,20
OLD,F2_mixed_labels,seed4,18,41358e0925758cab,1,2.55351295663786e-15,0.9370260139709724,20
OLD,F2_mixed_labels,seed4,19,41358e0925758cab,1,2.55351295663786e-15,0.9370260139709724,20
OLD,F2_mixed_labels,seed4,20,41358e0925758cab,1,2.55351295663786e-15,0.9370260139709724,20
OLD,F2_mixed_labels,seed4,21,41358e0925758cab,1,2.55351295663786e-15,0.9370260139709724,20
OLD,F2_mixed_labels,seed4,22,41358e0925758cab,1,2.55351295663786e-15,0.9370260139709724,20
OLD,F2_mixed_labels,seed4,23,41358e0925758cab,1,2.55351295663786e-15,0.9370260139709724,20
OLD,F2_mixed_labels,seed4,24,41358e0925758cab,1,2.55351295663786e-15,0.9370260139709724,20
OLD,F2_mixed_labels,seed4,25,41358e0925758cab,1,2.55351295663786e-15,0.9370260139709724,20
OLD,F2_mixed_labels,seed4,26,41358e0925758cab,1,2.55351295663786e-15,0.9370260139709724,20
OLD,F2_mixed_labels,seed4,27,41358e0925758cab,1,2.55351295663786e-15,0.9370260139709724,20
OLD,F2_mixed_labels,seed4,28,41358e0925758cab,1,2.55351295663786e-15,0.9370260139709724,20
OLD,F2_mixed_labels,seed4,29,41358e0925758cab,1,2.55351295663786e-15,0.9370260139709724,20
OLD,F2_mixed_labels,seed4,30,41358e0925758cab,1,2.55351295663786e-15,0.9370260139709724,20
OLD,F2_mixed_labels,seed4,31,41358e0925758cab,1,2.55351295663786e-15,0.9370260139709724,20
OLD,F2_mixed_labels,seed4,32,41358e0925758cab,1,2.55351295663786e-15,0.9370260139709724,20
OLD,F2_mixed_labels,seed4,33,41358e0925758cab,1,2.55351295663786e-15,0.9370260139709724,20
OLD,F2_mixed_labels,seed4,34,41358e0925758cab,1,2.55351295663786e-15,0.9370260139709724,20
OLD,F2_mixed_labels,seed4,35,41358e0925758cab,1,2.55351295663786e-15,0.9370260139709724,20
OLD,F2_mixed_labels,seed4,36,41358e0925758cab,1,2.55351295663786e-15,0.9370260139709724,20
OLD,F2_mixed_labels,seed4,37,41358e0925758cab,1,2.55351295663786e-15,0.9370260139709724,20
OLD,F2_mixed_labels,seed4,38,41358e0925758cab,1,2.55351295663786e-15,0.9370260139709724,20
OLD,F2_mixed_labels,seed4,39,41358e0925758cab,1,2.55351295663786e-15,0.9370260139709724,20
OLD,F2_mixed_labels,seed4,40,41358e0925758cab,1,2.55351295663786e-15,0.9370260139709724,20
OLD,F2_mixed_labels,seed4,41,41358e0925758cab,1,2.55351295663786e-15,0.9370260139709724,20
OLD,F2_mixed_labels,seed4,42,41358e0925758cab,1,2.55351295663786e-15,0.9370260139709724,20
OLD,F2_mixed_labels,seed4,43,41358e0925758cab,1,2.55351295663786e-15,0.9370260139709724,20
OLD,F2_mixed_labels,seed4,44,41358e0925758cab,1,2.55351295663786e-15,0.9370260139709724,20
OLD,F2_mixed_labels,seed4,45,41358e0925758cab,1,2.55351295663786e-15,0.9370260139709724,20
OLD,F2_mixed_labels,seed4,46,41358e0925758cab,1,2.55351295663786e-15,0.9370260139709724,20
OLD,F2_mixed_labels,seed4,47,41358e0925758cab,1,2.55351295663786e-15,0.9370260139709724,20
OLD,F2_mixed_labels,seed4,48,41358e0925758cab,1,2.55351295663786e-15,0.9370260139709724,20
OLD,F2_mixed_labels,seed4,49,41358e0925758cab,1,2.55351295663786e-15,0.9370260139709724,20
OLD,F2_mixed_labels,seed4,50,41358e0925758cab,1,2.55351295663786e-15,0.9370260139709724,20
OLD,F2_mixed_labels,seed4,51,41358e0925758cab,1,2.55351295663786e-15,0.9370260139709724,20
OLD,F2_mixed_labels,seed4,52,41358e0925758cab,1,2.55351295663786e-15,0.9370260139709724,20
OLD,F2_mixed_labels,seed4,53,41358e0925758cab,1,2.55351295663786e-15,0.9370260139709724,20
OLD,F2_mixed_labels,seed4,54,41358e0925758cab,1,2.55351295663786e-15,0.9370260139709724,20
OLD,F2_mixed_labels,seed4,55,41358e0925758cab,1,2.55351295663786e-15,0.9370260139709724,20
OLD,F2_mixed_labels,seed4,56,41358e0925758cab,1,2.55351295663786e-15,0.9370260139709724,20
OLD,F2_mixed_labels,seed4,57,41358e0925758cab,1,2.55351295663786e-15,0.9370260139709724,20
OLD,F2_mixed_labels,seed4,58,41358e0925758cab,1,2.55351295663786e-15,0.9370260139709724,20
OLD,F2_mixed_labels,seed4,59,41358e0925758cab,1,2.55351295663786e-15,0.9370260139709724,20
OLD,F2_mixed_labels,seed4,60,41358e0925758cab,1,2.55351295663786e-15,0.9370260139709724,20
OLD,F2_mixed_labels,seed4,61,41358e0925758cab,1,2.55351295663786e-15,0.9370260139709724,20
OLD,F2_mixed_labels,seed4,62,41358e0925758cab,1,2.55351295663786e-15,0.9370260139709724,20
OLD,F2_mixed_labels,seed4,63,41358e0925758cab,1,2.55351295663786e-15,0.9370260139709724,20
OLD,F2_mixed_labels,seed4,64,41358e0925758cab,1,2.55351295663786e-15,0.9370260139709724,20
OLD,F2_mixed_labels,seed4,65,41358e0925758cab,1,2.55351295663786e-15,0.9370260139709724,20
OLD,F2_mixed_labels,seed4,66,41358e0925758cab,1,2.55351295663786e-15,0.9370260139709724,20
OLD,F2_mixed_labels,seed4,67,41358e0925758cab,1,2.55351295663786e-15,0.9370260139709724,20
OLD,F2_mixed_labels,seed4,68,41358e0925758cab,1,2.55351295663786e-15,0.9370260139709724,20
OLD,F2_mixed_labels,seed4,69,41358e0925758cab,1,2.55351295663786e-15,0.9370260139709724,20
OLD,F2_mixed_labels,seed4,70,41358e0925758cab,1,2.55351295663786e-15,0.9370260139709724,20
OLD,F2_mixed_labels,seed4,71,41358e0925758cab,1,2.55351295663786e-15,0.9370260139709724,20
OLD,F2_mixed_labels,seed4,72,41358e0925758cab,1,2.55351295663786e-15,0.9370260139709724,20
OLD,F2_mixed_labels,seed4,73,41358e0925758cab,1,2.55351295663786e-15,0.9370260139709724,20
OLD,F2_mixed_labels,seed4,74,41358e0925758cab,1,2.55351295663786e-15,0.9370260139709724,20
OLD,F2_mixed_labels,seed4,75,41358e0925758cab,1,2.55351295663786e-15,0.9370260139709724,20
OLD,F2_mixed_labels,seed4,76,41358e0925758cab,1,2.55351295663786e-15,0.9370260139709724,20
OLD,F2_mixed_labels,seed4,77,41358e0925758cab,1,2.55351295663786e-15,0.9370260139709724,20
OLD,F2_mixed_labels,seed4,78,41358e0925758cab,1,2.55351295663786e-15,0.9370260139709724,20
OLD,F2_mixed_labels,seed4,79,41358e0925758cab,1,2.55351295663786e-15,0.9370260139709724,20
OLD,F2_mixed_labels,seed4,80,41358e0925758cab,1,2.55351295663786e-15,0.9370260139709724,20
OLD,F2_mixed_labels,seed4,81,41358e0925758cab,1,2.55351295663786e-15,0.9370260139709724,20
OLD,F2_mixed_labels,seed4,82,41358e0925758cab,1,2.55351295663786e-15,0.9370260139709724,20
OLD,F2_mixed_labels,seed4,83,41358e0925758cab,1,2.55351295663786e-15,0.9370260139709724,20
OLD,F2_mixed_labels,seed4,84,41358e0925758cab,1,2.55351295663786e-15,0.9370260139709724,20
OLD,F2_mixed_labels,seed4,85,41358e0925758cab,1,2.55351295663786e-15,0.9370260139709724,20
OLD,F2_mixed_labels,seed4,86,41358e0925758cab,1,2.55351295663786e-15,0.9370260139709724,20
OLD,F2_mixed_labels,seed4,87,41358e0925758cab,1,2.55351295663786e-15,0.9370260139709724,20
OLD,F2_mixed_labels,seed4,88,41358e0925758cab,1,2.55351295663786e-15,0.9370260139709724,20
OLD,F2_mixed_labels,seed4,89,41358e0925758cab,1,2.55351295663786e-15,0.9370260139709724,20
OLD,F2_mixed_labels,seed4,90,41358e0925758cab,1,2.55351295663786e-15,0.9370260139709724,20
OLD,F2_mixed_labels,seed4,91,41358e0925758cab,1,2.55351295663786e-15,0.9370260139709724,20
OLD,F2_mixed_labels,seed4,92,41358e0925758cab,1,2.55351295663786e-15,0.9370260139709724,20
OLD,F2_mixed_labels,seed4,93,41358e0925758cab,1,2.55351295663786e-15,0.9370260139709724,20
OLD,F2_mixed_labels,seed4,94,41358e0925758cab,1,2.55351295663786e-15,0.9370260139709724,20
OLD,F2_mixed_labels,seed4,95,41358e0925758cab,1,2.55351295663786e-15,0.9370260139709724,20
OLD,F2_mixed_labels,seed4,96,41358e0925758cab,1,2.55351295663786e-15,0.9370260139709724,20
OLD,F2_mixed_labels,seed4,97,41358e0925758cab,1,2.55351295663786e-15,0.9370260139709724,20
OLD,F2_mixed_labels,seed4,98,41358e0925758cab,1,2.55351295663786e-15,0.9370260139709724,20
OLD,F2_mixed_labels,seed4,99,41358e0925758cab,1,2.55351295663786e-15,0.9370260139709724,20
OLD,F2_mixed_labels,seed4,100,41358e0925758cab,1,2.55351295663786e-15,0.9370260139709724,20
NEW,F3_xor,input0,1,b705940c295395c1,1,8.881784197001252e-16,8.881784197001252e-16,35
NEW,F3_xor,input0,2,b705940c295395c1,1,8.881784197001252e-16,8.881784197001252e-16,35
NEW,F3_xor,input0,3,b705940c295395c1,1,8.881784197001252e-16,8.881784197001252e-16,35
NEW,F3_xor,input0,4,b705940c295395c1,1,8.881784197001252e-16,8.881784197001252e-16,35
NEW,F3_xor,input0,5,b705940c295395c1,1,8.881784197001252e-16,8.881784197001252e-16,35
NEW,F3_xor,input0,6,b705940c295395c1,1,8.881784197001252e-16,8.881784197001252e-16,35
NEW,F3_xor,input0,7,b705940c295395c1,1,8.881784197001252e-16,8.881784197001252e-16,35
NEW,F3_xor,input0,8,b705940c295395c1,1,8.881784197001252e-16,8.881784197001252e-16,35
NEW,F3_xor,input0,9,b705940c295395c1,1,8.881784197001252e-16,8.881784197001252e-16,35
NEW,F3_xor,input0,10,b705940c295395c1,1,8.881784197001252e-16,8.881784197001252e-16,35
NEW,F3_xor,input0,11,b705940c295395c1,1,8.881784197001252e-16,8.881784197001252e-16,35
NEW,F3_xor,input0,12,b705940c295395c1,1,8.881784197001252e-16,8.881784197001252e-16,35
NEW,F3_xor,input0,13,b705940c295395c1,1,8.881784197001252e-16,8.881784197001252e-16,35
NEW,F3_xor,input0,14,b705940c295395c1,1,8.881784197001252e-16,8.881784197001252e-16,35
NEW,F3_xor,input0,15,b705940c295395c1,1,8.881784197001252e-16,8.881784197001252e-16,35
NEW,F3_xor,input0,16,b705940c295395c1,1,8.881784197001252e-16,8.881784197001252e-16,35
NEW,F3_xor,input0,17,b705940c295395c1,1,8.881784197001252e-16,8.881784197001252e-16,35
NEW,F3_xor,input0,18,b705940c295395c1,1,8.881784197001252e-16,8.881784197001252e-16,35
NEW,F3_xor,input0,19,b705940c295395c1,1,8.881784197001252e-16,8.881784197001252e-16,35
NEW,F3_xor,input0,20,b705940c295395c1,1,8.881784197001252e-16,8.881784197001252e-16,35
NEW,F3_xor,input0,21,b705940c295395c1,1,8.881784197001252e-16,8.881784197001252e-16,35
NEW,F3_xor,input0,22,b705940c295395c1,1,8.881784197001252e-16,8.881784197001252e-16,35
NEW,F3_xor,input0,23,b705940c295395c1,1,8.881784197001252e-16,8.881784197001252e-16,35
NEW,F3_xor,input0,24,b705940c295395c1,1,8.881784197001252e-16,8.881784197001252e-16,35
NEW,F3_xor,input0,25,b705940c295395c1,1,8.881784197001252e-16,8.881784197001252e-16,35
NEW,F3_xor,input0,26,b705940c295395c1,1,8.881784197001252e-16,8.881784197001252e-16,35
NEW,F3_xor,input0,27,b705940c295395c1,1,8.881784197001252e-16,8.881784197001252e-16,35
NEW,F3_xor,input0,28,b705940c295395c1,1,8.881784197001252e-16,8.881784197001252e-16,35
NEW,F3_xor,input0,29,b705940c295395c1,1,8.881784197001252e-16,8.881784197001252e-16,35
NEW,F3_xor,input0,30,b705940c295395c1,1,8.881784197001252e-16,8.881784197001252e-16,35
NEW,F3_xor,input0,31,b705940c295395c1,1,8.881784197001252e-16,8.881784197001252e-16,35
NEW,F3_xor,input0,32,b705940c295395c1,1,8.881784197001252e-16,8.881784197001252e-16,35
NEW,F3_xor,input0,33,b705940c295395c1,1,8.881784197001252e-16,8.881784197001252e-16,35
NEW,F3_xor,input0,34,b705940c295395c1,1,8.881784197001252e-16,8.881784197001252e-16,35
NEW,F3_xor,input0,35,b705940c295395c1,1,8.881784197001252e-16,8.881784197001252e-16,35
NEW,F3_xor,input0,36,b705940c295395c1,1,8.881784197001252e-16,8.881784197001252e-16,35
NEW,F3_xor,input0,37,b705940c295395c1,1,8.881784197001252e-16,8.881784197001252e-16,35
NEW,F3_xor,input0,38,b705940c295395c1,1,8.881784197001252e-16,8.881784197001252e-16,35
NEW,F3_xor,input0,39,b705940c295395c1,1,8.881784197001252e-16,8.881784197001252e-16,35
NEW,F3_xor,input0,40,b705940c295395c1,1,8.881784197001252e-16,8.881784197001252e-16,35
NEW,F3_xor,input0,41,b705940c295395c1,1,8.881784197001252e-16,8.881784197001252e-16,35
NEW,F3_xor,input0,42,b705940c295395c1,1,8.881784197001252e-16,8.881784197001252e-16,35
NEW,F3_xor,input0,43,b705940c295395c1,1,8.881784197001252e-16,8.881784197001252e-16,35
NEW,F3_xor,input0,44,b705940c295395c1,1,8.881784197001252e-16,8.881784197001252e-16,35
NEW,F3_xor,input0,45,b705940c295395c1,1,8.881784197001252e-16,8.881784197001252e-16,35
NEW,F3_xor,input0,46,b705940c295395c1,1,8.881784197001252e-16,8.881784197001252e-16,35
NEW,F3_xor,input0,47,b705940c295395c1,1,8.881784197001252e-16,8.881784197001252e-16,35
NEW,F3_xor,input0,48,b705940c295395c1,1,8.881784197001252e-16,8.881784197001252e-16,35
NEW,F3_xor,input0,49,b705940c295395c1,1,8.881784197001252e-16,8.881784197001252e-16,35
NEW,F3_xor,input0,50,b705940c295395c1,1,8.881784197001252e-16,8.881784197001252e-16,35
NEW,F3_xor,input0,51,b705940c295395c1,1,8.881784197001252e-16,8.881784197001252e-16,35
NEW,F3_xor,input0,52,b705940c295395c1,1,8.881784197001252e-16,8.881784197001252e-16,35
NEW,F3_xor,input0,53,b705940c295395c1,1,8.881784197001252e-16,8.881784197001252e-16,35
NEW,F3_xor,input0,54,b705940c295395c1,1,8.881784197001252e-16,8.881784197001252e-16,35
NEW,F3_xor,input0,55,b705940c295395c1,1,8.881784197001252e-16,8.881784197001252e-16,35
NEW,F3_xor,input0,56,b705940c295395c1,1,8.881784197001252e-16,8.881784197001252e-16,35
NEW,F3_xor,input0,57,b705940c295395c1,1,8.881784197001252e-16,8.881784197001252e-16,35
NEW,F3_xor,input0,58,b705940c295395c1,1,8.881784197001252e-16,8.881784197001252e-16,35
NEW,F3_xor,input0,59,b705940c295395c1,1,8.881784197001252e-16,8.881784197001252e-16,35
NEW,F3_xor,input0,60,b705940c295395c1,1,8.881784197001252e-16,8.881784197001252e-16,35
NEW,F3_xor,input0,61,b705940c295395c1,1,8.881784197001252e-16,8.881784197001252e-16,35
NEW,F3_xor,input0,62,b705940c295395c1,1,8.881784197001252e-16,8.881784197001252e-16,35
NEW,F3_xor,input0,63,b705940c295395c1,1,8.881784197001252e-16,8.881784197001252e-16,35
NEW,F3_xor,input0,64,b705940c295395c1,1,8.881784197001252e-16,8.881784197001252e-16,35
NEW,F3_xor,input0,65,b705940c295395c1,1,8.881784197001252e-16,8.881784197001252e-16,35
NEW,F3_xor,input0,66,b705940c295395c1,1,8.881784197001252e-16,8.881784197001252e-16,35
NEW,F3_xor,input0,67,b705940c295395c1,1,8.881784197001252e-16,8.881784197001252e-16,35
NEW,F3_xor,input0,68,b705940c295395c1,1,8.881784197001252e-16,8.881784197001252e-16,35
NEW,F3_xor,input0,69,b705940c295395c1,1,8.881784197001252e-16,8.881784197001252e-16,35
NEW,F3_xor,input0,70,b705940c295395c1,1,8.881784197001252e-16,8.881784197001252e-16,35
NEW,F3_xor,input0,71,b705940c295395c1,1,8.881784197001252e-16,8.881784197001252e-16,35
NEW,F3_xor,input0,72,b705940c295395c1,1,8.881784197001252e-16,8.881784197001252e-16,35
NEW,F3_xor,input0,73,b705940c295395c1,1,8.881784197001252e-16,8.881784197001252e-16,35
NEW,F3_xor,input0,74,b705940c295395c1,1,8.881784197001252e-16,8.881784197001252e-16,35
NEW,F3_xor,input0,75,b705940c295395c1,1,8.881784197001252e-16,8.881784197001252e-16,35
NEW,F3_xor,input0,76,b705940c295395c1,1,8.881784197001252e-16,8.881784197001252e-16,35
NEW,F3_xor,input0,77,b705940c295395c1,1,8.881784197001252e-16,8.881784197001252e-16,35
NEW,F3_xor,input0,78,b705940c295395c1,1,8.881784197001252e-16,8.881784197001252e-16,35
NEW,F3_xor,input0,79,b705940c295395c1,1,8.881784197001252e-16,8.881784197001252e-16,35
NEW,F3_xor,input0,80,b705940c295395c1,1,8.881784197001252e-16,8.881784197001252e-16,35
NEW,F3_xor,input0,81,b705940c295395c1,1,8.881784197001252e-16,8.881784197001252e-16,35
NEW,F3_xor,input0,82,b705940c295395c1,1,8.881784197001252e-16,8.881784197001252e-16,35
NEW,F3_xor,input0,83,b705940c295395c1,1,8.881784197001252e-16,8.881784197001252e-16,35
NEW,F3_xor,input0,84,b705940c295395c1,1,8.881784197001252e-16,8.881784197001252e-16,35
NEW,F3_xor,input0,85,b705940c295395c1,1,8.881784197001252e-16,8.881784197001252e-16,35
NEW,F3_xor,input0,86,b705940c295395c1,1,8.881784197001252e-16,8.881784197001252e-16,35
NEW,F3_xor,input0,87,b705940c295395c1,1,8.881784197001252e-16,8.881784197001252e-16,35
NEW,F3_xor,input0,88,b705940c295395c1,1,8.881784197001252e-16,8.881784197001252e-16,35
NEW,F3_xor,input0,89,b705940c295395c1,1,8.881784197001252e-16,8.881784197001252e-16,35
NEW,F3_xor,input0,90,b705940c295395c1,1,8.881784197001252e-16,8.881784197001252e-16,35
NEW,F3_xor,input0,91,b705940c295395c1,1,8.881784197001252e-16,8.881784197001252e-16,35
NEW,F3_xor,input0,92,b705940c295395c1,1,8.881784197001252e-16,8.881784197001252e-16,35
NEW,F3_xor,input0,93,b705940c295395c1,1,8.881784197001252e-16,8.881784197001252e-16,35
NEW,F3_xor,input0,94,b705940c295395c1,1,8.881784197001252e-16,8.881784197001252e-16,35
NEW,F3_xor,input0,95,b705940c295395c1,1,8.881784197001252e-16,8.881784197001252e-16,35
NEW,F3_xor,input0,96,b705940c295395c1,1,8.881784197001252e-16,8.881784197001252e-16,35
NEW,F3_xor,input0,97,b705940c295395c1,1,8.881784197001252e-16,8.881784197001252e-16,35
NEW,F3_xor,input0,98,b705940c295395c1,1,8.881784197001252e-16,8.881784197001252e-16,35
NEW,F3_xor,input0,99,b705940c295395c1,1,8.881784197001252e-16,8.881784197001252e-16,35
NEW,F3_xor,input0,100,b705940c295395c1,1,8.881784197001252e-16,8.881784197001252e-16,35
OLD,F3_xor,input0,1,b705940c295395c1,1,8.881784197001252e-16,0.9306742246370222,35
OLD,F3_xor,input0,2,b705940c295395c1,1,8.881784197001252e-16,0.9306742246370222,35
OLD,F3_xor,input0,3,b705940c295395c1,1,8.881784197001252e-16,0.9306742246370222,35
OLD,F3_xor,input0,4,b705940c295395c1,1,8.881784197001252e-16,0.9306742246370222,35
OLD,F3_xor,input0,5,b705940c295395c1,1,8.881784197001252e-16,0.9306742246370222,35
OLD,F3_xor,input0,6,b705940c295395c1,1,8.881784197001252e-16,0.9306742246370222,35
OLD,F3_xor,input0,7,b705940c295395c1,1,8.881784197001252e-16,0.9306742246370222,35
OLD,F3_xor,input0,8,b705940c295395c1,1,8.881784197001252e-16,0.9306742246370222,35
OLD,F3_xor,input0,9,b705940c295395c1,1,8.881784197001252e-16,0.9306742246370222,35
OLD,F3_xor,input0,10,b705940c295395c1,1,8.881784197001252e-16,0.9306742246370222,35
OLD,F3_xor,input0,11,b705940c295395c1,1,8.881784197001252e-16,0.9306742246370222,35
OLD,F3_xor,input0,12,b705940c295395c1,1,8.881784197001252e-16,0.9306742246370222,35
OLD,F3_xor,input0,13,b705940c295395c1,1,8.881784197001252e-16,0.9306742246370222,35
OLD,F3_xor,input0,14,b705940c295395c1,1,8.881784197001252e-16,0.9306742246370222,35
OLD,F3_xor,input0,15,b705940c295395c1,1,8.881784197001252e-16,0.9306742246370222,35
OLD,F3_xor,input0,16,b705940c295395c1,1,8.881784197001252e-16,0.9306742246370222,35
OLD,F3_xor,input0,17,b705940c295395c1,1,8.881784197001252e-16,0.9306742246370222,35
OLD,F3_xor,input0,18,b705940c295395c1,1,8.881784197001252e-16,0.9306742246370222,35
OLD,F3_xor,input0,19,b705940c295395c1,1,8.881784197001252e-16,0.9306742246370222,35
OLD,F3_xor,input0,20,b705940c295395c1,1,8.881784197001252e-16,0.9306742246370222,35
OLD,F3_xor,input0,21,b705940c295395c1,1,8.881784197001252e-16,0.9306742246370222,35
OLD,F3_xor,input0,22,b705940c295395c1,1,8.881784197001252e-16,0.9306742246370222,35
OLD,F3_xor,input0,23,b705940c295395c1,1,8.881784197001252e-16,0.9306742246370222,35
OLD,F3_xor,input0,24,b705940c295395c1,1,8.881784197001252e-16,0.9306742246370222,35
OLD,F3_xor,input0,25,b705940c295395c1,1,8.881784197001252e-16,0.9306742246370222,35
OLD,F3_xor,input0,26,b705940c295395c1,1,8.881784197001252e-16,0.9306742246370222,35
OLD,F3_xor,input0,27,b705940c295395c1,1,8.881784197001252e-16,0.9306742246370222,35
OLD,F3_xor,input0,28,b705940c295395c1,1,8.881784197001252e-16,0.9306742246370222,35
OLD,F3_xor,input0,29,b705940c295395c1,1,8.881784197001252e-16,0.9306742246370222,35
OLD,F3_xor,input0,30,b705940c295395c1,1,8.881784197001252e-16,0.9306742246370222,35
OLD,F3_xor,input0,31,b705940c295395c1,1,8.881784197001252e-16,0.9306742246370222,35
OLD,F3_xor,input0,32,b705940c295395c1,1,8.881784197001252e-16,0.9306742246370222,35
OLD,F3_xor,input0,33,b705940c295395c1,1,8.881784197001252e-16,0.9306742246370222,35
OLD,F3_xor,input0,34,b705940c295395c1,1,8.881784197001252e-16,0.9306742246370222,35
OLD,F3_xor,input0,35,b705940c295395c1,1,8.881784197001252e-16,0.9306742246370222,35
OLD,F3_xor,input0,36,b705940c295395c1,1,8.881784197001252e-16,0.9306742246370222,35
OLD,F3_xor,input0,37,b705940c295395c1,1,8.881784197001252e-16,0.9306742246370222,35
OLD,F3_xor,input0,38,b705940c295395c1,1,8.881784197001252e-16,0.9306742246370222,35
OLD,F3_xor,input0,39,b705940c295395c1,1,8.881784197001252e-16,0.9306742246370222,35
OLD,F3_xor,input0,40,b705940c295395c1,1,8.881784197001252e-16,0.9306742246370222,35
OLD,F3_xor,input0,41,b705940c295395c1,1,8.881784197001252e-16,0.9306742246370222,35
OLD,F3_xor,input0,42,b705940c295395c1,1,8.881784197001252e-16,0.9306742246370222,35
OLD,F3_xor,input0,43,b705940c295395c1,1,8.881784197001252e-16,0.9306742246370222,35
OLD,F3_xor,input0,44,b705940c295395c1,1,8.881784197001252e-16,0.9306742246370222,35
OLD,F3_xor,input0,45,b705940c295395c1,1,8.881784197001252e-16,0.9306742246370222,35
OLD,F3_xor,input0,46,b705940c295395c1,1,8.881784197001252e-16,0.9306742246370222,35
OLD,F3_xor,input0,47,b705940c295395c1,1,8.881784197001252e-16,0.9306742246370222,35
OLD,F3_xor,input0,48,b705940c295395c1,1,8.881784197001252e-16,0.9306742246370222,35
OLD,F3_xor,input0,49,b705940c295395c1,1,8.881784197001252e-16,0.9306742246370222,35
OLD,F3_xor,input0,50,b705940c295395c1,1,8.881784197001252e-16,0.9306742246370222,35
OLD,F3_xor,input0,51,b705940c295395c1,1,8.881784197001252e-16,0.9306742246370222,35
OLD,F3_xor,input0,52,b705940c295395c1,1,8.881784197001252e-16,0.9306742246370222,35
OLD,F3_xor,input0,53,b705940c295395c1,1,8.881784197001252e-16,0.9306742246370222,35
OLD,F3_xor,input0,54,b705940c295395c1,1,8.881784197001252e-16,0.9306742246370222,35
OLD,F3_xor,input0,55,b705940c295395c1,1,8.881784197001252e-16,0.9306742246370222,35
OLD,F3_xor,input0,56,b705940c295395c1,1,8.881784197001252e-16,0.9306742246370222,35
OLD,F3_xor,input0,57,b705940c295395c1,1,8.881784197001252e-16,0.9306742246370222,35
OLD,F3_xor,input0,58,b705940c295395c1,1,8.881784197001252e-16,0.9306742246370222,35
OLD,F3_xor,input0,59,b705940c295395c1,1,8.881784197001252e-16,0.9306742246370222,35
OLD,F3_xor,input0,60,b705940c295395c1,1,8.881784197001252e-16,0.9306742246370222,35
OLD,F3_xor,input0,61,b705940c295395c1,1,8.881784197001252e-16,0.9306742246370222,35
OLD,F3_xor,input0,62,b705940c295395c1,1,8.881784197001252e-16,0.9306742246370222,35
OLD,F3_xor,input0,63,b705940c295395c1,1,8.881784197001252e-16,0.9306742246370222,35
OLD,F3_xor,input0,64,b705940c295395c1,1,8.881784197001252e-16,0.9306742246370222,35
OLD,F3_xor,input0,65,b705940c295395c1,1,8.881784197001252e-16,0.9306742246370222,35
OLD,F3_xor,input0,66,b705940c295395c1,1,8.881784197001252e-16,0.9306742246370222,35
OLD,F3_xor,input0,67,b705940c295395c1,1,8.881784197001252e-16,0.9306742246370222,35
OLD,F3_xor,input0,68,b705940c295395c1,1,8.881784197001252e-16,0.9306742246370222,35
OLD,F3_xor,input0,69,b705940c295395c1,1,8.881784197001252e-16,0.9306742246370222,35
OLD,F3_xor,input0,70,b705940c295395c1,1,8.881784197001252e-16,0.9306742246370222,35
OLD,F3_xor,input0,71,b705940c295395c1,1,8.881784197001252e-16,0.9306742246370222,35
OLD,F3_xor,input0,72,b705940c295395c1,1,8.881784197001252e-16,0.9306742246370222,35
OLD,F3_xor,input0,73,b705940c295395c1,1,8.881784197001252e-16,0.9306742246370222,35
OLD,F3_xor,input0,74,b705940c295395c1,1,8.881784197001252e-16,0.9306742246370222,35
OLD,F3_xor,input0,75,b705940c295395c1,1,8.881784197001252e-16,0.9306742246370222,35
OLD,F3_xor,input0,76,b705940c295395c1,1,8.881784197001252e-16,0.9306742246370222,35
OLD,F3_xor,input0,77,b705940c295395c1,1,8.881784197001252e-16,0.9306742246370222,35
OLD,F3_xor,input0,78,b705940c295395c1,1,8.881784197001252e-16,0.9306742246370222,35
OLD,F3_xor,input0,79,b705940c295395c1,1,8.881784197001252e-16,0.9306742246370222,35
OLD,F3_xor,input0,80,b705940c295395c1,1,8.881784197001252e-16,0.9306742246370222,35
OLD,F3_xor,input0,81,b705940c295395c1,1,8.881784197001252e-16,0.9306742246370222,35
OLD,F3_xor,input0,82,b705940c295395c1,1,8.881784197001252e-16,0.9306742246370222,35
OLD,F3_xor,input0,83,b705940c295395c1,1,8.881784197001252e-16,0.9306742246370222,35
OLD,F3_xor,input0,84,b705940c295395c1,1,8.881784197001252e-16,0.9306742246370222,35
OLD,F3_xor,input0,85,b705940c295395c1,1,8.881784197001252e-16,0.9306742246370222,35
OLD,F3_xor,input0,86,b705940c295395c1,1,8.881784197001252e-16,0.9306742246370222,35
OLD,F3_xor,input0,87,b705940c295395c1,1,8.881784197001252e-16,0.9306742246370222,35
OLD,F3_xor,input0,88,b705940c295395c1,1,8.881784197001252e-16,0.9306742246370222,35
OLD,F3_xor,input0,89,b705940c295395c1,1,8.881784197001252e-16,0.9306742246370222,35
OLD,F3_xor,input0,90,b705940c295395c1,1,8.881784197001252e-16,0.9306742246370222,35
OLD,F3_xor,input0,91,b705940c295395c1,1,8.881784197001252e-16,0.9306742246370222,35
OLD,F3_xor,input0,92,b705940c295395c1,1,8.881784197001252e-16,0.9306742246370222,35
OLD,F3_xor,input0,93,b705940c295395c1,1,8.881784197001252e-16,0.9306742246370222,35
OLD,F3_xor,input0,94,b705940c295395c1,1,8.881784197001252e-16,0.9306742246370222,35
OLD,F3_xor,input0,95,b705940c295395c1,1,8.881784197001252e-16,0.9306742246370222,35
OLD,F3_xor,input0,96,b705940c295395c1,1,8.881784197001252e-16,0.9306742246370222,35
OLD,F3_xor,input0,97,b705940c295395c1,1,8.881784197001252e-16,0.9306742246370222,35
OLD,F3_xor,input0,98,b705940c295395c1,1,8.881784197001252e-16,0.9306742246370222,35
OLD,F3_xor,input0,99,b705940c295395c1,1,8.881784197001252e-16,0.9306742246370222,35
OLD,F3_xor,input0,100,b705940c295395c1,1,8.881784197001252e-16,0.9306742246370222,35
NEW,F3_xor,input1,1,f52287f7083d9101,1,8.881784197001252e-16,8.881784197001252e-16,35
NEW,F3_xor,input1,2,f52287f7083d9101,1,8.881784197001252e-16,8.881784197001252e-16,35
NEW,F3_xor,input1,3,f52287f7083d9101,1,8.881784197001252e-16,8.881784197001252e-16,35
NEW,F3_xor,input1,4,f52287f7083d9101,1,8.881784197001252e-16,8.881784197001252e-16,35
NEW,F3_xor,input1,5,f52287f7083d9101,1,8.881784197001252e-16,8.881784197001252e-16,35
NEW,F3_xor,input1,6,f52287f7083d9101,1,8.881784197001252e-16,8.881784197001252e-16,35
NEW,F3_xor,input1,7,f52287f7083d9101,1,8.881784197001252e-16,8.881784197001252e-16,35
NEW,F3_xor,input1,8,f52287f7083d9101,1,8.881784197001252e-16,8.881784197001252e-16,35
NEW,F3_xor,input1,9,f52287f7083d9101,1,8.881784197001252e-16,8.881784197001252e-16,35
NEW,F3_xor,input1,10,f52287f7083d9101,1,8.881784197001252e-16,8.881784197001252e-16,35
NEW,F3_xor,input1,11,f52287f7083d9101,1,8.881784197001252e-16,8.881784197001252e-16,35
NEW,F3_xor,input1,12,f52287f7083d9101,1,8.881784197001252e-16,8.881784197001252e-16,35
NEW,F3_xor,input1,13,f52287f7083d9101,1,8.881784197001252e-16,8.881784197001252e-16,35
NEW,F3_xor,input1,14,f52287f7083d9101,1,8.881784197001252e-16,8.881784197001252e-16,35
NEW,F3_xor,input1,15,f52287f7083d9101,1,8.881784197001252e-16,8.881784197001252e-16,35
NEW,F3_xor,input1,16,f52287f7083d9101,1,8.881784197001252e-16,8.881784197001252e-16,35
NEW,F3_xor,input1,17,f52287f7083d9101,1,8.881784197001252e-16,8.881784197001252e-16,35
NEW,F3_xor,input1,18,f52287f7083d9101,1,8.881784197001252e-16,8.881784197001252e-16,35
NEW,F3_xor,input1,19,f52287f7083d9101,1,8.881784197001252e-16,8.881784197001252e-16,35
NEW,F3_xor,input1,20,f52287f7083d9101,1,8.881784197001252e-16,8.881784197001252e-16,35
NEW,F3_xor,input1,21,f52287f7083d9101,1,8.881784197001252e-16,8.881784197001252e-16,35
NEW,F3_xor,input1,22,f52287f7083d9101,1,8.881784197001252e-16,8.881784197001252e-16,35
NEW,F3_xor,input1,23,f52287f7083d9101,1,8.881784197001252e-16,8.881784197001252e-16,35
NEW,F3_xor,input1,24,f52287f7083d9101,1,8.881784197001252e-16,8.881784197001252e-16,35
NEW,F3_xor,input1,25,f52287f7083d9101,1,8.881784197001252e-16,8.881784197001252e-16,35
NEW,F3_xor,input1,26,f52287f7083d9101,1,8.881784197001252e-16,8.881784197001252e-16,35
NEW,F3_xor,input1,27,f52287f7083d9101,1,8.881784197001252e-16,8.881784197001252e-16,35
NEW,F3_xor,input1,28,f52287f7083d9101,1,8.881784197001252e-16,8.881784197001252e-16,35
NEW,F3_xor,input1,29,f52287f7083d9101,1,8.881784197001252e-16,8.881784197001252e-16,35
NEW,F3_xor,input1,30,f52287f7083d9101,1,8.881784197001252e-16,8.881784197001252e-16,35
NEW,F3_xor,input1,31,f52287f7083d9101,1,8.881784197001252e-16,8.881784197001252e-16,35
NEW,F3_xor,input1,32,f52287f7083d9101,1,8.881784197001252e-16,8.881784197001252e-16,35
NEW,F3_xor,input1,33,f52287f7083d9101,1,8.881784197001252e-16,8.881784197001252e-16,35
NEW,F3_xor,input1,34,f52287f7083d9101,1,8.881784197001252e-16,8.881784197001252e-16,35
NEW,F3_xor,input1,35,f52287f7083d9101,1,8.881784197001252e-16,8.881784197001252e-16,35
NEW,F3_xor,input1,36,f52287f7083d9101,1,8.881784197001252e-16,8.881784197001252e-16,35
NEW,F3_xor,input1,37,f52287f7083d9101,1,8.881784197001252e-16,8.881784197001252e-16,35
NEW,F3_xor,input1,38,f52287f7083d9101,1,8.881784197001252e-16,8.881784197001252e-16,35
NEW,F3_xor,input1,39,f52287f7083d9101,1,8.881784197001252e-16,8.881784197001252e-16,35
NEW,F3_xor,input1,40,f52287f7083d9101,1,8.881784197001252e-16,8.881784197001252e-16,35
NEW,F3_xor,input1,41,f52287f7083d9101,1,8.881784197001252e-16,8.881784197001252e-16,35
NEW,F3_xor,input1,42,f52287f7083d9101,1,8.881784197001252e-16,8.881784197001252e-16,35
NEW,F3_xor,input1,43,f52287f7083d9101,1,8.881784197001252e-16,8.881784197001252e-16,35
NEW,F3_xor,input1,44,f52287f7083d9101,1,8.881784197001252e-16,8.881784197001252e-16,35
NEW,F3_xor,input1,45,f52287f7083d9101,1,8.881784197001252e-16,8.881784197001252e-16,35
NEW,F3_xor,input1,46,f52287f7083d9101,1,8.881784197001252e-16,8.881784197001252e-16,35
NEW,F3_xor,input1,47,f52287f7083d9101,1,8.881784197001252e-16,8.881784197001252e-16,35
NEW,F3_xor,input1,48,f52287f7083d9101,1,8.881784197001252e-16,8.881784197001252e-16,35
NEW,F3_xor,input1,49,f52287f7083d9101,1,8.881784197001252e-16,8.881784197001252e-16,35
NEW,F3_xor,input1,50,f52287f7083d9101,1,8.881784197001252e-16,8.881784197001252e-16,35
NEW,F3_xor,input1,51,f52287f7083d9101,1,8.881784197001252e-16,8.881784197001252e-16,35
NEW,F3_xor,input1,52,f52287f7083d9101,1,8.881784197001252e-16,8.881784197001252e-16,35
NEW,F3_xor,input1,53,f52287f7083d9101,1,8.881784197001252e-16,8.881784197001252e-16,35
NEW,F3_xor,input1,54,f52287f7083d9101,1,8.881784197001252e-16,8.881784197001252e-16,35
NEW,F3_xor,input1,55,f52287f7083d9101,1,8.881784197001252e-16,8.881784197001252e-16,35
NEW,F3_xor,input1,56,f52287f7083d9101,1,8.881784197001252e-16,8.881784197001252e-16,35
NEW,F3_xor,input1,57,f52287f7083d9101,1,8.881784197001252e-16,8.881784197001252e-16,35
NEW,F3_xor,input1,58,f52287f7083d9101,1,8.881784197001252e-16,8.881784197001252e-16,35
NEW,F3_xor,input1,59,f52287f7083d9101,1,8.881784197001252e-16,8.881784197001252e-16,35
NEW,F3_xor,input1,60,f52287f7083d9101,1,8.881784197001252e-16,8.881784197001252e-16,35
NEW,F3_xor,input1,61,f52287f7083d9101,1,8.881784197001252e-16,8.881784197001252e-16,35
NEW,F3_xor,input1,62,f52287f7083d9101,1,8.881784197001252e-16,8.881784197001252e-16,35
NEW,F3_xor,input1,63,f52287f7083d9101,1,8.881784197001252e-16,8.881784197001252e-16,35
NEW,F3_xor,input1,64,f52287f7083d9101,1,8.881784197001252e-16,8.881784197001252e-16,35
NEW,F3_xor,input1,65,f52287f7083d9101,1,8.881784197001252e-16,8.881784197001252e-16,35
NEW,F3_xor,input1,66,f52287f7083d9101,1,8.881784197001252e-16,8.881784197001252e-16,35
NEW,F3_xor,input1,67,f52287f7083d9101,1,8.881784197001252e-16,8.881784197001252e-16,35
NEW,F3_xor,input1,68,f52287f7083d9101,1,8.881784197001252e-16,8.881784197001252e-16,35
NEW,F3_xor,input1,69,f52287f7083d9101,1,8.881784197001252e-16,8.881784197001252e-16,35
NEW,F3_xor,input1,70,f52287f7083d9101,1,8.881784197001252e-16,8.881784197001252e-16,35
NEW,F3_xor,input1,71,f52287f7083d9101,1,8.881784197001252e-16,8.881784197001252e-16,35
NEW,F3_xor,input1,72,f52287f7083d9101,1,8.881784197001252e-16,8.881784197001252e-16,35
NEW,F3_xor,input1,73,f52287f7083d9101,1,8.881784197001252e-16,8.881784197001252e-16,35
NEW,F3_xor,input1,74,f52287f7083d9101,1,8.881784197001252e-16,8.881784197001252e-16,35
NEW,F3_xor,input1,75,f52287f7083d9101,1,8.881784197001252e-16,8.881784197001252e-16,35
NEW,F3_xor,input1,76,f52287f7083d9101,1,8.881784197001252e-16,8.881784197001252e-16,35
NEW,F3_xor,input1,77,f52287f7083d9101,1,8.881784197001252e-16,8.881784197001252e-16,35
NEW,F3_xor,input1,78,f52287f7083d9101,1,8.881784197001252e-16,8.881784197001252e-16,35
NEW,F3_xor,input1,79,f52287f7083d9101,1,8.881784197001252e-16,8.881784197001252e-16,35
NEW,F3_xor,input1,80,f52287f7083d9101,1,8.881784197001252e-16,8.881784197001252e-16,35
NEW,F3_xor,input1,81,f52287f7083d9101,1,8.881784197001252e-16,8.881784197001252e-16,35
NEW,F3_xor,input1,82,f52287f7083d9101,1,8.881784197001252e-16,8.881784197001252e-16,35
NEW,F3_xor,input1,83,f52287f7083d9101,1,8.881784197001252e-16,8.881784197001252e-16,35
NEW,F3_xor,input1,84,f52287f7083d9101,1,8.881784197001252e-16,8.881784197001252e-16,35
NEW,F3_xor,input1,85,f52287f7083d9101,1,8.881784197001252e-16,8.881784197001252e-16,35
NEW,F3_xor,input1,86,f52287f7083d9101,1,8.881784197001252e-16,8.881784197001252e-16,35
NEW,F3_xor,input1,87,f52287f7083d9101,1,8.881784197001252e-16,8.881784197001252e-16,35
NEW,F3_xor,input1,88,f52287f7083d9101,1,8.881784197001252e-16,8.881784197001252e-16,35
NEW,F3_xor,input1,89,f52287f7083d9101,1,8.881784197001252e-16,8.881784197001252e-16,35
NEW,F3_xor,input1,90,f52287f7083d9101,1,8.881784197001252e-16,8.881784197001252e-16,35
NEW,F3_xor,input1,91,f52287f7083d9101,1,8.881784197001252e-16,8.881784197001252e-16,35
NEW,F3_xor,input1,92,f52287f7083d9101,1,8.881784197001252e-16,8.881784197001252e-16,35
NEW,F3_xor,input1,93,f52287f7083d9101,1,8.881784197001252e-16,8.881784197001252e-16,35
NEW,F3_xor,input1,94,f52287f7083d9101,1,8.881784197001252e-16,8.881784197001252e-16,35
NEW,F3_xor,input1,95,f52287f7083d9101,1,8.881784197001252e-16,8.881784197001252e-16,35
NEW,F3_xor,input1,96,f52287f7083d9101,1,8.881784197001252e-16,8.881784197001252e-16,35
NEW,F3_xor,input1,97,f52287f7083d9101,1,8.881784197001252e-16,8.881784197001252e-16,35
NEW,F3_xor,input1,98,f52287f7083d9101,1,8.881784197001252e-16,8.881784197001252e-16,35
NEW,F3_xor,input1,99,f52287f7083d9101,1,8.881784197001252e-16,8.881784197001252e-16,35
NEW,F3_xor,input1,100,f52287f7083d9101,1,8.881784197001252e-16,8.881784197001252e-16,35
OLD,F3_xor,input1,1,f52287f7083d9101,1,8.881784197001252e-16,0.9306742246370222,35
OLD,F3_xor,input1,2,f52287f7083d9101,1,8.881784197001252e-16,0.9306742246370222,35
OLD,F3_xor,input1,3,f52287f7083d9101,1,8.881784197001252e-16,0.9306742246370222,35
OLD,F3_xor,input1,4,f52287f7083d9101,1,8.881784197001252e-16,0.9306742246370222,35
OLD,F3_xor,input1,5,f52287f7083d9101,1,8.881784197001252e-16,0.9306742246370222,35
OLD,F3_xor,input1,6,f52287f7083d9101,1,8.881784197001252e-16,0.9306742246370222,35
OLD,F3_xor,input1,7,f52287f7083d9101,1,8.881784197001252e-16,0.9306742246370222,35
OLD,F3_xor,input1,8,f52287f7083d9101,1,8.881784197001252e-16,0.9306742246370222,35
OLD,F3_xor,input1,9,f52287f7083d9101,1,8.881784197001252e-16,0.9306742246370222,35
OLD,F3_xor,input1,10,f52287f7083d9101,1,8.881784197001252e-16,0.9306742246370222,35
OLD,F3_xor,input1,11,f52287f7083d9101,1,8.881784197001252e-16,0.9306742246370222,35
OLD,F3_xor,input1,12,f52287f7083d9101,1,8.881784197001252e-16,0.9306742246370222,35
OLD,F3_xor,input1,13,f52287f7083d9101,1,8.881784197001252e-16,0.9306742246370222,35
OLD,F3_xor,input1,14,f52287f7083d9101,1,8.881784197001252e-16,0.9306742246370222,35
OLD,F3_xor,input1,15,f52287f7083d9101,1,8.881784197001252e-16,0.9306742246370222,35
OLD,F3_xor,input1,16,f52287f7083d9101,1,8.881784197001252e-16,0.9306742246370222,35
OLD,F3_xor,input1,17,f52287f7083d9101,1,8.881784197001252e-16,0.9306742246370222,35
OLD,F3_xor,input1,18,f52287f7083d9101,1,8.881784197001252e-16,0.9306742246370222,35
OLD,F3_xor,input1,19,f52287f7083d9101,1,8.881784197001252e-16,0.9306742246370222,35
OLD,F3_xor,input1,20,f52287f7083d9101,1,8.881784197001252e-16,0.9306742246370222,35
OLD,F3_xor,input1,21,f52287f7083d9101,1,8.881784197001252e-16,0.9306742246370222,35
OLD,F3_xor,input1,22,f52287f7083d9101,1,8.881784197001252e-16,0.9306742246370222,35
OLD,F3_xor,input1,23,f52287f7083d9101,1,8.881784197001252e-16,0.9306742246370222,35
OLD,F3_xor,input1,24,f52287f7083d9101,1,8.881784197001252e-16,0.9306742246370222,35
OLD,F3_xor,input1,25,f52287f7083d9101,1,8.881784197001252e-16,0.9306742246370222,35
OLD,F3_xor,input1,26,f52287f7083d9101,1,8.881784197001252e-16,0.9306742246370222,35
OLD,F3_xor,input1,27,f52287f7083d9101,1,8.881784197001252e-16,0.9306742246370222,35
OLD,F3_xor,input1,28,f52287f7083d9101,1,8.881784197001252e-16,0.9306742246370222,35
OLD,F3_xor,input1,29,f52287f7083d9101,1,8.881784197001252e-16,0.9306742246370222,35
OLD,F3_xor,input1,30,f52287f7083d9101,1,8.881784197001252e-16,0.9306742246370222,35
OLD,F3_xor,input1,31,f52287f7083d9101,1,8.881784197001252e-16,0.9306742246370222,35
OLD,F3_xor,input1,32,f52287f7083d9101,1,8.881784197001252e-16,0.9306742246370222,35
OLD,F3_xor,input1,33,f52287f7083d9101,1,8.881784197001252e-16,0.9306742246370222,35
OLD,F3_xor,input1,34,f52287f7083d9101,1,8.881784197001252e-16,0.9306742246370222,35
OLD,F3_xor,input1,35,f52287f7083d9101,1,8.881784197001252e-16,0.9306742246370222,35
OLD,F3_xor,input1,36,f52287f7083d9101,1,8.881784197001252e-16,0.9306742246370222,35
OLD,F3_xor,input1,37,f52287f7083d9101,1,8.881784197001252e-16,0.9306742246370222,35
OLD,F3_xor,input1,38,f52287f7083d9101,1,8.881784197001252e-16,0.9306742246370222,35
OLD,F3_xor,input1,39,f52287f7083d9101,1,8.881784197001252e-16,0.9306742246370222,35
OLD,F3_xor,input1,40,f52287f7083d9101,1,8.881784197001252e-16,0.9306742246370222,35
OLD,F3_xor,input1,41,f52287f7083d9101,1,8.881784197001252e-16,0.9306742246370222,35
OLD,F3_xor,input1,42,f52287f7083d9101,1,8.881784197001252e-16,0.9306742246370222,35
OLD,F3_xor,input1,43,f52287f7083d9101,1,8.881784197001252e-16,0.9306742246370222,35
OLD,F3_xor,input1,44,f52287f7083d9101,1,8.881784197001252e-16,0.9306742246370222,35
OLD,F3_xor,input1,45,f52287f7083d9101,1,8.881784197001252e-16,0.9306742246370222,35
OLD,F3_xor,input1,46,f52287f7083d9101,1,8.881784197001252e-16,0.9306742246370222,35
OLD,F3_xor,input1,47,f52287f7083d9101,1,8.881784197001252e-16,0.9306742246370222,35
OLD,F3_xor,input1,48,f52287f7083d9101,1,8.881784197001252e-16,0.9306742246370222,35
OLD,F3_xor,input1,49,f52287f7083d9101,1,8.881784197001252e-16,0.9306742246370222,35
OLD,F3_xor,input1,50,f52287f7083d9101,1,8.881784197001252e-16,0.9306742246370222,35
OLD,F3_xor,input1,51,f52287f7083d9101,1,8.881784197001252e-16,0.9306742246370222,35
OLD,F3_xor,input1,52,f52287f7083d9101,1,8.881784197001252e-16,0.9306742246370222,35
OLD,F3_xor,input1,53,f52287f7083d9101,1,8.881784197001252e-16,0.9306742246370222,35
OLD,F3_xor,input1,54,f52287f7083d9101,1,8.881784197001252e-16,0.9306742246370222,35
OLD,F3_xor,input1,55,f52287f7083d9101,1,8.881784197001252e-16,0.9306742246370222,35
OLD,F3_xor,input1,56,f52287f7083d9101,1,8.881784197001252e-16,0.9306742246370222,35
OLD,F3_xor,input1,57,f52287f7083d9101,1,8.881784197001252e-16,0.9306742246370222,35
OLD,F3_xor,input1,58,f52287f7083d9101,1,8.881784197001252e-16,0.9306742246370222,35
OLD,F3_xor,input1,59,f52287f7083d9101,1,8.881784197001252e-16,0.9306742246370222,35
OLD,F3_xor,input1,60,f52287f7083d9101,1,8.881784197001252e-16,0.9306742246370222,35
OLD,F3_xor,input1,61,f52287f7083d9101,1,8.881784197001252e-16,0.9306742246370222,35
OLD,F3_xor,input1,62,f52287f7083d9101,1,8.881784197001252e-16,0.9306742246370222,35
OLD,F3_xor,input1,63,f52287f7083d9101,1,8.881784197001252e-16,0.9306742246370222,35
OLD,F3_xor,input1,64,f52287f7083d9101,1,8.881784197001252e-16,0.9306742246370222,35
OLD,F3_xor,input1,65,f52287f7083d9101,1,8.881784197001252e-16,0.9306742246370222,35
OLD,F3_xor,input1,66,f52287f7083d9101,1,8.881784197001252e-16,0.9306742246370222,35
OLD,F3_xor,input1,67,f52287f7083d9101,1,8.881784197001252e-16,0.9306742246370222,35
OLD,F3_xor,input1,68,f52287f7083d9101,1,8.881784197001252e-16,0.9306742246370222,35
OLD,F3_xor,input1,69,f52287f7083d9101,1,8.881784197001252e-16,0.9306742246370222,35
OLD,F3_xor,input1,70,f52287f7083d9101,1,8.881784197001252e-16,0.9306742246370222,35
OLD,F3_xor,input1,71,f52287f7083d9101,1,8.881784197001252e-16,0.9306742246370222,35
OLD,F3_xor,input1,72,f52287f7083d9101,1,8.881784197001252e-16,0.9306742246370222,35
OLD,F3_xor,input1,73,f52287f7083d9101,1,8.881784197001252e-16,0.9306742246370222,35
OLD,F3_xor,input1,74,f52287f7083d9101,1,8.881784197001252e-16,0.9306742246370222,35
OLD,F3_xor,input1,75,f52287f7083d9101,1,8.881784197001252e-16,0.9306742246370222,35
OLD,F3_xor,input1,76,f52287f7083d9101,1,8.881784197001252e-16,0.9306742246370222,35
OLD,F3_xor,input1,77,f52287f7083d9101,1,8.881784197001252e-16,0.9306742246370222,35
OLD,F3_xor,input1,78,f52287f7083d9101,1,8.881784197001252e-16,0.9306742246370222,35
OLD,F3_xor,input1,79,f52287f7083d9101,1,8.881784197001252e-16,0.9306742246370222,35
OLD,F3_xor,input1,80,f52287f7083d9101,1,8.881784197001252e-16,0.9306742246370222,35
OLD,F3_xor,input1,81,f52287f7083d9101,1,8.881784197001252e-16,0.9306742246370222,35
OLD,F3_xor,input1,82,f52287f7083d9101,1,8.881784197001252e-16,0.9306742246370222,35
OLD,F3_xor,input1,83,f52287f7083d9101,1,8.881784197001252e-16,0.9306742246370222,35
OLD,F3_xor,input1,84,f52287f7083d9101,1,8.881784197001252e-16,0.9306742246370222,35
OLD,F3_xor,input1,85,f52287f7083d9101,1,8.881784197001252e-16,0.9306742246370222,35
OLD,F3_xor,input1,86,f52287f7083d9101,1,8.881784197001252e-16,0.9306742246370222,35
OLD,F3_xor,input1,87,f52287f7083d9101,1,8.881784197001252e-16,0.9306742246370222,35
OLD,F3_xor,input1,88,f52287f7083d9101,1,8.881784197001252e-16,0.9306742246370222,35
OLD,F3_xor,input1,89,f52287f7083d9101,1,8.881784197001252e-16,0.9306742246370222,35
OLD,F3_xor,input1,90,f52287f7083d9101,1,8.881784197001252e-16,0.9306742246370222,35
OLD,F3_xor,input1,91,f52287f7083d9101,1,8.881784197001252e-16,0.9306742246370222,35
OLD,F3_xor,input1,92,f52287f7083d9101,1,8.881784197001252e-16,0.9306742246370222,35
OLD,F3_xor,input1,93,f52287f7083d9101,1,8.881784197001252e-16,0.9306742246370222,35
OLD,F3_xor,input1,94,f52287f7083d9101,1,8.881784197001252e-16,0.9306742246370222,35
OLD,F3_xor,input1,95,f52287f7083d9101,1,8.881784197001252e-16,0.9306742246370222,35
OLD,F3_xor,input1,96,f52287f7083d9101,1,8.881784197001252e-16,0.9306742246370222,35
OLD,F3_xor,input1,97,f52287f7083d9101,1,8.881784197001252e-16,0.9306742246370222,35
OLD,F3_xor,input1,98,f52287f7083d9101,1,8.881784197001252e-16,0.9306742246370222,35
OLD,F3_xor,input1,99,f52287f7083d9101,1,8.881784197001252e-16,0.9306742246370222,35
OLD,F3_xor,input1,100,f52287f7083d9101,1,8.881784197001252e-16,0.9306742246370222,35
NEW,F3_xor,input2,1,1ef20ecce1c83ef9,1,8.881784197001252e-16,6.661338147750939e-16,35
NEW,F3_xor,input2,2,1ef20ecce1c83ef9,1,8.881784197001252e-16,6.661338147750939e-16,35
NEW,F3_xor,input2,3,1ef20ecce1c83ef9,1,8.881784197001252e-16,6.661338147750939e-16,35
NEW,F3_xor,input2,4,1ef20ecce1c83ef9,1,8.881784197001252e-16,6.661338147750939e-16,35
NEW,F3_xor,input2,5,1ef20ecce1c83ef9,1,8.881784197001252e-16,6.661338147750939e-16,35
NEW,F3_xor,input2,6,1ef20ecce1c83ef9,1,8.881784197001252e-16,6.661338147750939e-16,35
NEW,F3_xor,input2,7,1ef20ecce1c83ef9,1,8.881784197001252e-16,6.661338147750939e-16,35
NEW,F3_xor,input2,8,1ef20ecce1c83ef9,1,8.881784197001252e-16,6.661338147750939e-16,35
NEW,F3_xor,input2,9,1ef20ecce1c83ef9,1,8.881784197001252e-16,6.661338147750939e-16,35
NEW,F3_xor,input2,10,1ef20ecce1c83ef9,1,8.881784197001252e-16,6.661338147750939e-16,35
NEW,F3_xor,input2,11,1ef20ecce1c83ef9,1,8.881784197001252e-16,6.661338147750939e-16,35
NEW,F3_xor,input2,12,1ef20ecce1c83ef9,1,8.881784197001252e-16,6.661338147750939e-16,35
NEW,F3_xor,input2,13,1ef20ecce1c83ef9,1,8.881784197001252e-16,6.661338147750939e-16,35
NEW,F3_xor,input2,14,1ef20ecce1c83ef9,1,8.881784197001252e-16,6.661338147750939e-16,35
NEW,F3_xor,input2,15,1ef20ecce1c83ef9,1,8.881784197001252e-16,6.661338147750939e-16,35
NEW,F3_xor,input2,16,1ef20ecce1c83ef9,1,8.881784197001252e-16,6.661338147750939e-16,35
NEW,F3_xor,input2,17,1ef20ecce1c83ef9,1,8.881784197001252e-16,6.661338147750939e-16,35
NEW,F3_xor,input2,18,1ef20ecce1c83ef9,1,8.881784197001252e-16,6.661338147750939e-16,35
NEW,F3_xor,input2,19,1ef20ecce1c83ef9,1,8.881784197001252e-16,6.661338147750939e-16,35
NEW,F3_xor,input2,20,1ef20ecce1c83ef9,1,8.881784197001252e-16,6.661338147750939e-16,35
NEW,F3_xor,input2,21,1ef20ecce1c83ef9,1,8.881784197001252e-16,6.661338147750939e-16,35
NEW,F3_xor,input2,22,1ef20ecce1c83ef9,1,8.881784197001252e-16,6.661338147750939e-16,35
NEW,F3_xor,input2,23,1ef20ecce1c83ef9,1,8.881784197001252e-16,6.661338147750939e-16,35
NEW,F3_xor,input2,24,1ef20ecce1c83ef9,1,8.881784197001252e-16,6.661338147750939e-16,35
NEW,F3_xor,input2,25,1ef20ecce1c83ef9,1,8.881784197001252e-16,6.661338147750939e-16,35
NEW,F3_xor,input2,26,1ef20ecce1c83ef9,1,8.881784197001252e-16,6.661338147750939e-16,35
NEW,F3_xor,input2,27,1ef20ecce1c83ef9,1,8.881784197001252e-16,6.661338147750939e-16,35
NEW,F3_xor,input2,28,1ef20ecce1c83ef9,1,8.881784197001252e-16,6.661338147750939e-16,35
NEW,F3_xor,input2,29,1ef20ecce1c83ef9,1,8.881784197001252e-16,6.661338147750939e-16,35
NEW,F3_xor,input2,30,1ef20ecce1c83ef9,1,8.881784197001252e-16,6.661338147750939e-16,35
NEW,F3_xor,input2,31,1ef20ecce1c83ef9,1,8.881784197001252e-16,6.661338147750939e-16,35
NEW,F3_xor,input2,32,1ef20ecce1c83ef9,1,8.881784197001252e-16,6.661338147750939e-16,35
NEW,F3_xor,input2,33,1ef20ecce1c83ef9,1,8.881784197001252e-16,6.661338147750939e-16,35
NEW,F3_xor,input2,34,1ef20ecce1c83ef9,1,8.881784197001252e-16,6.661338147750939e-16,35
NEW,F3_xor,input2,35,1ef20ecce1c83ef9,1,8.881784197001252e-16,6.661338147750939e-16,35
NEW,F3_xor,input2,36,1ef20ecce1c83ef9,1,8.881784197001252e-16,6.661338147750939e-16,35
NEW,F3_xor,input2,37,1ef20ecce1c83ef9,1,8.881784197001252e-16,6.661338147750939e-16,35
NEW,F3_xor,input2,38,1ef20ecce1c83ef9,1,8.881784197001252e-16,6.661338147750939e-16,35
NEW,F3_xor,input2,39,1ef20ecce1c83ef9,1,8.881784197001252e-16,6.661338147750939e-16,35
NEW,F3_xor,input2,40,1ef20ecce1c83ef9,1,8.881784197001252e-16,6.661338147750939e-16,35
NEW,F3_xor,input2,41,1ef20ecce1c83ef9,1,8.881784197001252e-16,6.661338147750939e-16,35
NEW,F3_xor,input2,42,1ef20ecce1c83ef9,1,8.881784197001252e-16,6.661338147750939e-16,35
NEW,F3_xor,input2,43,1ef20ecce1c83ef9,1,8.881784197001252e-16,6.661338147750939e-16,35
NEW,F3_xor,input2,44,1ef20ecce1c83ef9,1,8.881784197001252e-16,6.661338147750939e-16,35
NEW,F3_xor,input2,45,1ef20ecce1c83ef9,1,8.881784197001252e-16,6.661338147750939e-16,35
NEW,F3_xor,input2,46,1ef20ecce1c83ef9,1,8.881784197001252e-16,6.661338147750939e-16,35
NEW,F3_xor,input2,47,1ef20ecce1c83ef9,1,8.881784197001252e-16,6.661338147750939e-16,35
NEW,F3_xor,input2,48,1ef20ecce1c83ef9,1,8.881784197001252e-16,6.661338147750939e-16,35
NEW,F3_xor,input2,49,1ef20ecce1c83ef9,1,8.881784197001252e-16,6.661338147750939e-16,35
NEW,F3_xor,input2,50,1ef20ecce1c83ef9,1,8.881784197001252e-16,6.661338147750939e-16,35
NEW,F3_xor,input2,51,1ef20ecce1c83ef9,1,8.881784197001252e-16,6.661338147750939e-16,35
NEW,F3_xor,input2,52,1ef20ecce1c83ef9,1,8.881784197001252e-16,6.661338147750939e-16,35
NEW,F3_xor,input2,53,1ef20ecce1c83ef9,1,8.881784197001252e-16,6.661338147750939e-16,35
NEW,F3_xor,input2,54,1ef20ecce1c83ef9,1,8.881784197001252e-16,6.661338147750939e-16,35
NEW,F3_xor,input2,55,1ef20ecce1c83ef9,1,8.881784197001252e-16,6.661338147750939e-16,35
NEW,F3_xor,input2,56,1ef20ecce1c83ef9,1,8.881784197001252e-16,6.661338147750939e-16,35
NEW,F3_xor,input2,57,1ef20ecce1c83ef9,1,8.881784197001252e-16,6.661338147750939e-16,35
NEW,F3_xor,input2,58,1ef20ecce1c83ef9,1,8.881784197001252e-16,6.661338147750939e-16,35
NEW,F3_xor,input2,59,1ef20ecce1c83ef9,1,8.881784197001252e-16,6.661338147750939e-16,35
NEW,F3_xor,input2,60,1ef20ecce1c83ef9,1,8.881784197001252e-16,6.661338147750939e-16,35
NEW,F3_xor,input2,61,1ef20ecce1c83ef9,1,8.881784197001252e-16,6.661338147750939e-16,35
NEW,F3_xor,input2,62,1ef20ecce1c83ef9,1,8.881784197001252e-16,6.661338147750939e-16,35
NEW,F3_xor,input2,63,1ef20ecce1c83ef9,1,8.881784197001252e-16,6.661338147750939e-16,35
NEW,F3_xor,input2,64,1ef20ecce1c83ef9,1,8.881784197001252e-16,6.661338147750939e-16,35
NEW,F3_xor,input2,65,1ef20ecce1c83ef9,1,8.881784197001252e-16,6.661338147750939e-16,35
NEW,F3_xor,input2,66,1ef20ecce1c83ef9,1,8.881784197001252e-16,6.661338147750939e-16,35
NEW,F3_xor,input2,67,1ef20ecce1c83ef9,1,8.881784197001252e-16,6.661338147750939e-16,35
NEW,F3_xor,input2,68,1ef20ecce1c83ef9,1,8.881784197001252e-16,6.661338147750939e-16,35
NEW,F3_xor,input2,69,1ef20ecce1c83ef9,1,8.881784197001252e-16,6.661338147750939e-16,35
NEW,F3_xor,input2,70,1ef20ecce1c83ef9,1,8.881784197001252e-16,6.661338147750939e-16,35
NEW,F3_xor,input2,71,1ef20ecce1c83ef9,1,8.881784197001252e-16,6.661338147750939e-16,35
NEW,F3_xor,input2,72,1ef20ecce1c83ef9,1,8.881784197001252e-16,6.661338147750939e-16,35
NEW,F3_xor,input2,73,1ef20ecce1c83ef9,1,8.881784197001252e-16,6.661338147750939e-16,35
NEW,F3_xor,input2,74,1ef20ecce1c83ef9,1,8.881784197001252e-16,6.661338147750939e-16,35
NEW,F3_xor,input2,75,1ef20ecce1c83ef9,1,8.881784197001252e-16,6.661338147750939e-16,35
NEW,F3_xor,input2,76,1ef20ecce1c83ef9,1,8.881784197001252e-16,6.661338147750939e-16,35
NEW,F3_xor,input2,77,1ef20ecce1c83ef9,1,8.881784197001252e-16,6.661338147750939e-16,35
NEW,F3_xor,input2,78,1ef20ecce1c83ef9,1,8.881784197001252e-16,6.661338147750939e-16,35
NEW,F3_xor,input2,79,1ef20ecce1c83ef9,1,8.881784197001252e-16,6.661338147750939e-16,35
NEW,F3_xor,input2,80,1ef20ecce1c83ef9,1,8.881784197001252e-16,6.661338147750939e-16,35
NEW,F3_xor,input2,81,1ef20ecce1c83ef9,1,8.881784197001252e-16,6.661338147750939e-16,35
NEW,F3_xor,input2,82,1ef20ecce1c83ef9,1,8.881784197001252e-16,6.661338147750939e-16,35
NEW,F3_xor,input2,83,1ef20ecce1c83ef9,1,8.881784197001252e-16,6.661338147750939e-16,35
NEW,F3_xor,input2,84,1ef20ecce1c83ef9,1,8.881784197001252e-16,6.661338147750939e-16,35
NEW,F3_xor,input2,85,1ef20ecce1c83ef9,1,8.881784197001252e-16,6.661338147750939e-16,35
NEW,F3_xor,input2,86,1ef20ecce1c83ef9,1,8.881784197001252e-16,6.661338147750939e-16,35
NEW,F3_xor,input2,87,1ef20ecce1c83ef9,1,8.881784197001252e-16,6.661338147750939e-16,35
NEW,F3_xor,input2,88,1ef20ecce1c83ef9,1,8.881784197001252e-16,6.661338147750939e-16,35
NEW,F3_xor,input2,89,1ef20ecce1c83ef9,1,8.881784197001252e-16,6.661338147750939e-16,35
NEW,F3_xor,input2,90,1ef20ecce1c83ef9,1,8.881784197001252e-16,6.661338147750939e-16,35
NEW,F3_xor,input2,91,1ef20ecce1c83ef9,1,8.881784197001252e-16,6.661338147750939e-16,35
NEW,F3_xor,input2,92,1ef20ecce1c83ef9,1,8.881784197001252e-16,6.661338147750939e-16,35
NEW,F3_xor,input2,93,1ef20ecce1c83ef9,1,8.881784197001252e-16,6.661338147750939e-16,35
NEW,F3_xor,input2,94,1ef20ecce1c83ef9,1,8.881784197001252e-16,6.661338147750939e-16,35
NEW,F3_xor,input2,95,1ef20ecce1c83ef9,1,8.881784197001252e-16,6.661338147750939e-16,35
NEW,F3_xor,input2,96,1ef20ecce1c83ef9,1,8.881784197001252e-16,6.661338147750939e-16,35
NEW,F3_xor,input2,97,1ef20ecce1c83ef9,1,8.881784197001252e-16,6.661338147750939e-16,35
NEW,F3_xor,input2,98,1ef20ecce1c83ef9,1,8.881784197001252e-16,6.661338147750939e-16,35
NEW,F3_xor,input2,99,1ef20ecce1c83ef9,1,8.881784197001252e-16,6.661338147750939e-16,35
NEW,F3_xor,input2,100,1ef20ecce1c83ef9,1,8.881784197001252e-16,6.661338147750939e-16,35
OLD,F3_xor,input2,1,1ef20ecce1c83ef9,1,8.881784197001252e-16,0.9306742246370222,35
OLD,F3_xor,input2,2,1ef20ecce1c83ef9,1,8.881784197001252e-16,0.9306742246370222,35
OLD,F3_xor,input2,3,1ef20ecce1c83ef9,1,8.881784197001252e-16,0.9306742246370222,35
OLD,F3_xor,input2,4,1ef20ecce1c83ef9,1,8.881784197001252e-16,0.9306742246370222,35
OLD,F3_xor,input2,5,1ef20ecce1c83ef9,1,8.881784197001252e-16,0.9306742246370222,35
OLD,F3_xor,input2,6,1ef20ecce1c83ef9,1,8.881784197001252e-16,0.9306742246370222,35
OLD,F3_xor,input2,7,1ef20ecce1c83ef9,1,8.881784197001252e-16,0.9306742246370222,35
OLD,F3_xor,input2,8,1ef20ecce1c83ef9,1,8.881784197001252e-16,0.9306742246370222,35
OLD,F3_xor,input2,9,1ef20ecce1c83ef9,1,8.881784197001252e-16,0.9306742246370222,35
OLD,F3_xor,input2,10,1ef20ecce1c83ef9,1,8.881784197001252e-16,0.9306742246370222,35
OLD,F3_xor,input2,11,1ef20ecce1c83ef9,1,8.881784197001252e-16,0.9306742246370222,35
OLD,F3_xor,input2,12,1ef20ecce1c83ef9,1,8.881784197001252e-16,0.9306742246370222,35
OLD,F3_xor,input2,13,1ef20ecce1c83ef9,1,8.881784197001252e-16,0.9306742246370222,35
OLD,F3_xor,input2,14,1ef20ecce1c83ef9,1,8.881784197001252e-16,0.9306742246370222,35
OLD,F3_xor,input2,15,1ef20ecce1c83ef9,1,8.881784197001252e-16,0.9306742246370222,35
OLD,F3_xor,input2,16,1ef20ecce1c83ef9,1,8.881784197001252e-16,0.9306742246370222,35
OLD,F3_xor,input2,17,1ef20ecce1c83ef9,1,8.881784197001252e-16,0.9306742246370222,35
OLD,F3_xor,input2,18,1ef20ecce1c83ef9,1,8.881784197001252e-16,0.9306742246370222,35
OLD,F3_xor,input2,19,1ef20ecce1c83ef9,1,8.881784197001252e-16,0.9306742246370222,35
OLD,F3_xor,input2,20,1ef20ecce1c83ef9,1,8.881784197001252e-16,0.9306742246370222,35
OLD,F3_xor,input2,21,1ef20ecce1c83ef9,1,8.881784197001252e-16,0.9306742246370222,35
OLD,F3_xor,input2,22,1ef20ecce1c83ef9,1,8.881784197001252e-16,0.9306742246370222,35
OLD,F3_xor,input2,23,1ef20ecce1c83ef9,1,8.881784197001252e-16,0.9306742246370222,35
OLD,F3_xor,input2,24,1ef20ecce1c83ef9,1,8.881784197001252e-16,0.9306742246370222,35
OLD,F3_xor,input2,25,1ef20ecce1c83ef9,1,8.881784197001252e-16,0.9306742246370222,35
OLD,F3_xor,input2,26,1ef20ecce1c83ef9,1,8.881784197001252e-16,0.9306742246370222,35
OLD,F3_xor,input2,27,1ef20ecce1c83ef9,1,8.881784197001252e-16,0.9306742246370222,35
OLD,F3_xor,input2,28,1ef20ecce1c83ef9,1,8.881784197001252e-16,0.9306742246370222,35
OLD,F3_xor,input2,29,1ef20ecce1c83ef9,1,8.881784197001252e-16,0.9306742246370222,35
OLD,F3_xor,input2,30,1ef20ecce1c83ef9,1,8.881784197001252e-16,0.9306742246370222,35
OLD,F3_xor,input2,31,1ef20ecce1c83ef9,1,8.881784197001252e-16,0.9306742246370222,35
OLD,F3_xor,input2,32,1ef20ecce1c83ef9,1,8.881784197001252e-16,0.9306742246370222,35
OLD,F3_xor,input2,33,1ef20ecce1c83ef9,1,8.881784197001252e-16,0.9306742246370222,35
OLD,F3_xor,input2,34,1ef20ecce1c83ef9,1,8.881784197001252e-16,0.9306742246370222,35
OLD,F3_xor,input2,35,1ef20ecce1c83ef9,1,8.881784197001252e-16,0.9306742246370222,35
OLD,F3_xor,input2,36,1ef20ecce1c83ef9,1,8.881784197001252e-16,0.9306742246370222,35
OLD,F3_xor,input2,37,1ef20ecce1c83ef9,1,8.881784197001252e-16,0.9306742246370222,35
OLD,F3_xor,input2,38,1ef20ecce1c83ef9,1,8.881784197001252e-16,0.9306742246370222,35
OLD,F3_xor,input2,39,1ef20ecce1c83ef9,1,8.881784197001252e-16,0.9306742246370222,35
OLD,F3_xor,input2,40,1ef20ecce1c83ef9,1,8.881784197001252e-16,0.9306742246370222,35
OLD,F3_xor,input2,41,1ef20ecce1c83ef9,1,8.881784197001252e-16,0.9306742246370222,35
OLD,F3_xor,input2,42,1ef20ecce1c83ef9,1,8.881784197001252e-16,0.9306742246370222,35
OLD,F3_xor,input2,43,1ef20ecce1c83ef9,1,8.881784197001252e-16,0.9306742246370222,35
OLD,F3_xor,input2,44,1ef20ecce1c83ef9,1,8.881784197001252e-16,0.9306742246370222,35
OLD,F3_xor,input2,45,1ef20ecce1c83ef9,1,8.881784197001252e-16,0.9306742246370222,35
OLD,F3_xor,input2,46,1ef20ecce1c83ef9,1,8.881784197001252e-16,0.9306742246370222,35
OLD,F3_xor,input2,47,1ef20ecce1c83ef9,1,8.881784197001252e-16,0.9306742246370222,35
OLD,F3_xor,input2,48,1ef20ecce1c83ef9,1,8.881784197001252e-16,0.9306742246370222,35
OLD,F3_xor,input2,49,1ef20ecce1c83ef9,1,8.881784197001252e-16,0.9306742246370222,35
OLD,F3_xor,input2,50,1ef20ecce1c83ef9,1,8.881784197001252e-16,0.9306742246370222,35
OLD,F3_xor,input2,51,1ef20ecce1c83ef9,1,8.881784197001252e-16,0.9306742246370222,35
OLD,F3_xor,input2,52,1ef20ecce1c83ef9,1,8.881784197001252e-16,0.9306742246370222,35
OLD,F3_xor,input2,53,1ef20ecce1c83ef9,1,8.881784197001252e-16,0.9306742246370222,35
OLD,F3_xor,input2,54,1ef20ecce1c83ef9,1,8.881784197001252e-16,0.9306742246370222,35
OLD,F3_xor,input2,55,1ef20ecce1c83ef9,1,8.881784197001252e-16,0.9306742246370222,35
OLD,F3_xor,input2,56,1ef20ecce1c83ef9,1,8.881784197001252e-16,0.9306742246370222,35
OLD,F3_xor,input2,57,1ef20ecce1c83ef9,1,8.881784197001252e-16,0.9306742246370222,35
OLD,F3_xor,input2,58,1ef20ecce1c83ef9,1,8.881784197001252e-16,0.9306742246370222,35
OLD,F3_xor,input2,59,1ef20ecce1c83ef9,1,8.881784197001252e-16,0.9306742246370222,35
OLD,F3_xor,input2,60,1ef20ecce1c83ef9,1,8.881784197001252e-16,0.9306742246370222,35
OLD,F3_xor,input2,61,1ef20ecce1c83ef9,1,8.881784197001252e-16,0.9306742246370222,35
OLD,F3_xor,input2,62,1ef20ecce1c83ef9,1,8.881784197001252e-16,0.9306742246370222,35
OLD,F3_xor,input2,63,1ef20ecce1c83ef9,1,8.881784197001252e-16,0.9306742246370222,35
OLD,F3_xor,input2,64,1ef20ecce1c83ef9,1,8.881784197001252e-16,0.9306742246370222,35
OLD,F3_xor,input2,65,1ef20ecce1c83ef9,1,8.881784197001252e-16,0.9306742246370222,35
OLD,F3_xor,input2,66,1ef20ecce1c83ef9,1,8.881784197001252e-16,0.9306742246370222,35
OLD,F3_xor,input2,67,1ef20ecce1c83ef9,1,8.881784197001252e-16,0.9306742246370222,35
OLD,F3_xor,input2,68,1ef20ecce1c83ef9,1,8.881784197001252e-16,0.9306742246370222,35
OLD,F3_xor,input2,69,1ef20ecce1c83ef9,1,8.881784197001252e-16,0.9306742246370222,35
OLD,F3_xor,input2,70,1ef20ecce1c83ef9,1,8.881784197001252e-16,0.9306742246370222,35
OLD,F3_xor,input2,71,1ef20ecce1c83ef9,1,8.881784197001252e-16,0.9306742246370222,35
OLD,F3_xor,input2,72,1ef20ecce1c83ef9,1,8.881784197001252e-16,0.9306742246370222,35
OLD,F3_xor,input2,73,1ef20ecce1c83ef9,1,8.881784197001252e-16,0.9306742246370222,35
OLD,F3_xor,input2,74,1ef20ecce1c83ef9,1,8.881784197001252e-16,0.9306742246370222,35
OLD,F3_xor,input2,75,1ef20ecce1c83ef9,1,8.881784197001252e-16,0.9306742246370222,35
OLD,F3_xor,input2,76,1ef20ecce1c83ef9,1,8.881784197001252e-16,0.9306742246370222,35
OLD,F3_xor,input2,77,1ef20ecce1c83ef9,1,8.881784197001252e-16,0.9306742246370222,35
OLD,F3_xor,input2,78,1ef20ecce1c83ef9,1,8.881784197001252e-16,0.9306742246370222,35
OLD,F3_xor,input2,79,1ef20ecce1c83ef9,1,8.881784197001252e-16,0.9306742246370222,35
OLD,F3_xor,input2,80,1ef20ecce1c83ef9,1,8.881784197001252e-16,0.9306742246370222,35
OLD,F3_xor,input2,81,1ef20ecce1c83ef9,1,8.881784197001252e-16,0.9306742246370222,35
OLD,F3_xor,input2,82,1ef20ecce1c83ef9,1,8.881784197001252e-16,0.9306742246370222,35
OLD,F3_xor,input2,83,1ef20ecce1c83ef9,1,8.881784197001252e-16,0.9306742246370222,35
OLD,F3_xor,input2,84,1ef20ecce1c83ef9,1,8.881784197001252e-16,0.9306742246370222,35
OLD,F3_xor,input2,85,1ef20ecce1c83ef9,1,8.881784197001252e-16,0.9306742246370222,35
OLD,F3_xor,input2,86,1ef20ecce1c83ef9,1,8.881784197001252e-16,0.9306742246370222,35
OLD,F3_xor,input2,87,1ef20ecce1c83ef9,1,8.881784197001252e-16,0.9306742246370222,35
OLD,F3_xor,input2,88,1ef20ecce1c83ef9,1,8.881784197001252e-16,0.9306742246370222,35
OLD,F3_xor,input2,89,1ef20ecce1c83ef9,1,8.881784197001252e-16,0.9306742246370222,35
OLD,F3_xor,input2,90,1ef20ecce1c83ef9,1,8.881784197001252e-16,0.9306742246370222,35
OLD,F3_xor,input2,91,1ef20ecce1c83ef9,1,8.881784197001252e-16,0.9306742246370222,35
OLD,F3_xor,input2,92,1ef20ecce1c83ef9,1,8.881784197001252e-16,0.9306742246370222,35
OLD,F3_xor,input2,93,1ef20ecce1c83ef9,1,8.881784197001252e-16,0.9306742246370222,35
OLD,F3_xor,input2,94,1ef20ecce1c83ef9,1,8.881784197001252e-16,0.9306742246370222,35
OLD,F3_xor,input2,95,1ef20ecce1c83ef9,1,8.881784197001252e-16,0.9306742246370222,35
OLD,F3_xor,input2,96,1ef20ecce1c83ef9,1,8.881784197001252e-16,0.9306742246370222,35
OLD,F3_xor,input2,97,1ef20ecce1c83ef9,1,8.881784197001252e-16,0.9306742246370222,35
OLD,F3_xor,input2,98,1ef20ecce1c83ef9,1,8.881784197001252e-16,0.9306742246370222,35
OLD,F3_xor,input2,99,1ef20ecce1c83ef9,1,8.881784197001252e-16,0.9306742246370222,35
OLD,F3_xor,input2,100,1ef20ecce1c83ef9,1,8.881784197001252e-16,0.9306742246370222,35
NEW,F3_xor,input3,1,10e4e7bdc4079f19,1,6.661338147750939e-16,8.881784197001252e-16,35
NEW,F3_xor,input3,2,10e4e7bdc4079f19,1,6.661338147750939e-16,8.881784197001252e-16,35
NEW,F3_xor,input3,3,10e4e7bdc4079f19,1,6.661338147750939e-16,8.881784197001252e-16,35
NEW,F3_xor,input3,4,10e4e7bdc4079f19,1,6.661338147750939e-16,8.881784197001252e-16,35
NEW,F3_xor,input3,5,10e4e7bdc4079f19,1,6.661338147750939e-16,8.881784197001252e-16,35
NEW,F3_xor,input3,6,10e4e7bdc4079f19,1,6.661338147750939e-16,8.881784197001252e-16,35
NEW,F3_xor,input3,7,10e4e7bdc4079f19,1,6.661338147750939e-16,8.881784197001252e-16,35
NEW,F3_xor,input3,8,10e4e7bdc4079f19,1,6.661338147750939e-16,8.881784197001252e-16,35
NEW,F3_xor,input3,9,10e4e7bdc4079f19,1,6.661338147750939e-16,8.881784197001252e-16,35
NEW,F3_xor,input3,10,10e4e7bdc4079f19,1,6.661338147750939e-16,8.881784197001252e-16,35
NEW,F3_xor,input3,11,10e4e7bdc4079f19,1,6.661338147750939e-16,8.881784197001252e-16,35
NEW,F3_xor,input3,12,10e4e7bdc4079f19,1,6.661338147750939e-16,8.881784197001252e-16,35
NEW,F3_xor,input3,13,10e4e7bdc4079f19,1,6.661338147750939e-16,8.881784197001252e-16,35
NEW,F3_xor,input3,14,10e4e7bdc4079f19,1,6.661338147750939e-16,8.881784197001252e-16,35
NEW,F3_xor,input3,15,10e4e7bdc4079f19,1,6.661338147750939e-16,8.881784197001252e-16,35
NEW,F3_xor,input3,16,10e4e7bdc4079f19,1,6.661338147750939e-16,8.881784197001252e-16,35
NEW,F3_xor,input3,17,10e4e7bdc4079f19,1,6.661338147750939e-16,8.881784197001252e-16,35
NEW,F3_xor,input3,18,10e4e7bdc4079f19,1,6.661338147750939e-16,8.881784197001252e-16,35
NEW,F3_xor,input3,19,10e4e7bdc4079f19,1,6.661338147750939e-16,8.881784197001252e-16,35
NEW,F3_xor,input3,20,10e4e7bdc4079f19,1,6.661338147750939e-16,8.881784197001252e-16,35
NEW,F3_xor,input3,21,10e4e7bdc4079f19,1,6.661338147750939e-16,8.881784197001252e-16,35
NEW,F3_xor,input3,22,10e4e7bdc4079f19,1,6.661338147750939e-16,8.881784197001252e-16,35
NEW,F3_xor,input3,23,10e4e7bdc4079f19,1,6.661338147750939e-16,8.881784197001252e-16,35
NEW,F3_xor,input3,24,10e4e7bdc4079f19,1,6.661338147750939e-16,8.881784197001252e-16,35
NEW,F3_xor,input3,25,10e4e7bdc4079f19,1,6.661338147750939e-16,8.881784197001252e-16,35
NEW,F3_xor,input3,26,10e4e7bdc4079f19,1,6.661338147750939e-16,8.881784197001252e-16,35
NEW,F3_xor,input3,27,10e4e7bdc4079f19,1,6.661338147750939e-16,8.881784197001252e-16,35
NEW,F3_xor,input3,28,10e4e7bdc4079f19,1,6.661338147750939e-16,8.881784197001252e-16,35
NEW,F3_xor,input3,29,10e4e7bdc4079f19,1,6.661338147750939e-16,8.881784197001252e-16,35
NEW,F3_xor,input3,30,10e4e7bdc4079f19,1,6.661338147750939e-16,8.881784197001252e-16,35
NEW,F3_xor,input3,31,10e4e7bdc4079f19,1,6.661338147750939e-16,8.881784197001252e-16,35
NEW,F3_xor,input3,32,10e4e7bdc4079f19,1,6.661338147750939e-16,8.881784197001252e-16,35
NEW,F3_xor,input3,33,10e4e7bdc4079f19,1,6.661338147750939e-16,8.881784197001252e-16,35
NEW,F3_xor,input3,34,10e4e7bdc4079f19,1,6.661338147750939e-16,8.881784197001252e-16,35
NEW,F3_xor,input3,35,10e4e7bdc4079f19,1,6.661338147750939e-16,8.881784197001252e-16,35
NEW,F3_xor,input3,36,10e4e7bdc4079f19,1,6.661338147750939e-16,8.881784197001252e-16,35
NEW,F3_xor,input3,37,10e4e7bdc4079f19,1,6.661338147750939e-16,8.881784197001252e-16,35
NEW,F3_xor,input3,38,10e4e7bdc4079f19,1,6.661338147750939e-16,8.881784197001252e-16,35
NEW,F3_xor,input3,39,10e4e7bdc4079f19,1,6.661338147750939e-16,8.881784197001252e-16,35
NEW,F3_xor,input3,40,10e4e7bdc4079f19,1,6.661338147750939e-16,8.881784197001252e-16,35
NEW,F3_xor,input3,41,10e4e7bdc4079f19,1,6.661338147750939e-16,8.881784197001252e-16,35
NEW,F3_xor,input3,42,10e4e7bdc4079f19,1,6.661338147750939e-16,8.881784197001252e-16,35
NEW,F3_xor,input3,43,10e4e7bdc4079f19,1,6.661338147750939e-16,8.881784197001252e-16,35
NEW,F3_xor,input3,44,10e4e7bdc4079f19,1,6.661338147750939e-16,8.881784197001252e-16,35
NEW,F3_xor,input3,45,10e4e7bdc4079f19,1,6.661338147750939e-16,8.881784197001252e-16,35
NEW,F3_xor,input3,46,10e4e7bdc4079f19,1,6.661338147750939e-16,8.881784197001252e-16,35
NEW,F3_xor,input3,47,10e4e7bdc4079f19,1,6.661338147750939e-16,8.881784197001252e-16,35
NEW,F3_xor,input3,48,10e4e7bdc4079f19,1,6.661338147750939e-16,8.881784197001252e-16,35
NEW,F3_xor,input3,49,10e4e7bdc4079f19,1,6.661338147750939e-16,8.881784197001252e-16,35
NEW,F3_xor,input3,50,10e4e7bdc4079f19,1,6.661338147750939e-16,8.881784197001252e-16,35
NEW,F3_xor,input3,51,10e4e7bdc4079f19,1,6.661338147750939e-16,8.881784197001252e-16,35
NEW,F3_xor,input3,52,10e4e7bdc4079f19,1,6.661338147750939e-16,8.881784197001252e-16,35
NEW,F3_xor,input3,53,10e4e7bdc4079f19,1,6.661338147750939e-16,8.881784197001252e-16,35
NEW,F3_xor,input3,54,10e4e7bdc4079f19,1,6.661338147750939e-16,8.881784197001252e-16,35
NEW,F3_xor,input3,55,10e4e7bdc4079f19,1,6.661338147750939e-16,8.881784197001252e-16,35
NEW,F3_xor,input3,56,10e4e7bdc4079f19,1,6.661338147750939e-16,8.881784197001252e-16,35
NEW,F3_xor,input3,57,10e4e7bdc4079f19,1,6.661338147750939e-16,8.881784197001252e-16,35
NEW,F3_xor,input3,58,10e4e7bdc4079f19,1,6.661338147750939e-16,8.881784197001252e-16,35
NEW,F3_xor,input3,59,10e4e7bdc4079f19,1,6.661338147750939e-16,8.881784197001252e-16,35
NEW,F3_xor,input3,60,10e4e7bdc4079f19,1,6.661338147750939e-16,8.881784197001252e-16,35
NEW,F3_xor,input3,61,10e4e7bdc4079f19,1,6.661338147750939e-16,8.881784197001252e-16,35
NEW,F3_xor,input3,62,10e4e7bdc4079f19,1,6.661338147750939e-16,8.881784197001252e-16,35
NEW,F3_xor,input3,63,10e4e7bdc4079f19,1,6.661338147750939e-16,8.881784197001252e-16,35
NEW,F3_xor,input3,64,10e4e7bdc4079f19,1,6.661338147750939e-16,8.881784197001252e-16,35
NEW,F3_xor,input3,65,10e4e7bdc4079f19,1,6.661338147750939e-16,8.881784197001252e-16,35
NEW,F3_xor,input3,66,10e4e7bdc4079f19,1,6.661338147750939e-16,8.881784197001252e-16,35
NEW,F3_xor,input3,67,10e4e7bdc4079f19,1,6.661338147750939e-16,8.881784197001252e-16,35
NEW,F3_xor,input3,68,10e4e7bdc4079f19,1,6.661338147750939e-16,8.881784197001252e-16,35
NEW,F3_xor,input3,69,10e4e7bdc4079f19,1,6.661338147750939e-16,8.881784197001252e-16,35
NEW,F3_xor,input3,70,10e4e7bdc4079f19,1,6.661338147750939e-16,8.881784197001252e-16,35
NEW,F3_xor,input3,71,10e4e7bdc4079f19,1,6.661338147750939e-16,8.881784197001252e-16,35
NEW,F3_xor,input3,72,10e4e7bdc4079f19,1,6.661338147750939e-16,8.881784197001252e-16,35
NEW,F3_xor,input3,73,10e4e7bdc4079f19,1,6.661338147750939e-16,8.881784197001252e-16,35
NEW,F3_xor,input3,74,10e4e7bdc4079f19,1,6.661338147750939e-16,8.881784197001252e-16,35
NEW,F3_xor,input3,75,10e4e7bdc4079f19,1,6.661338147750939e-16,8.881784197001252e-16,35
NEW,F3_xor,input3,76,10e4e7bdc4079f19,1,6.661338147750939e-16,8.881784197001252e-16,35
NEW,F3_xor,input3,77,10e4e7bdc4079f19,1,6.661338147750939e-16,8.881784197001252e-16,35
NEW,F3_xor,input3,78,10e4e7bdc4079f19,1,6.661338147750939e-16,8.881784197001252e-16,35
NEW,F3_xor,input3,79,10e4e7bdc4079f19,1,6.661338147750939e-16,8.881784197001252e-16,35
NEW,F3_xor,input3,80,10e4e7bdc4079f19,1,6.661338147750939e-16,8.881784197001252e-16,35
NEW,F3_xor,input3,81,10e4e7bdc4079f19,1,6.661338147750939e-16,8.881784197001252e-16,35
NEW,F3_xor,input3,82,10e4e7bdc4079f19,1,6.661338147750939e-16,8.881784197001252e-16,35
NEW,F3_xor,input3,83,10e4e7bdc4079f19,1,6.661338147750939e-16,8.881784197001252e-16,35
NEW,F3_xor,input3,84,10e4e7bdc4079f19,1,6.661338147750939e-16,8.881784197001252e-16,35
NEW,F3_xor,input3,85,10e4e7bdc4079f19,1,6.661338147750939e-16,8.881784197001252e-16,35
NEW,F3_xor,input3,86,10e4e7bdc4079f19,1,6.661338147750939e-16,8.881784197001252e-16,35
NEW,F3_xor,input3,87,10e4e7bdc4079f19,1,6.661338147750939e-16,8.881784197001252e-16,35
NEW,F3_xor,input3,88,10e4e7bdc4079f19,1,6.661338147750939e-16,8.881784197001252e-16,35
NEW,F3_xor,input3,89,10e4e7bdc4079f19,1,6.661338147750939e-16,8.881784197001252e-16,35
NEW,F3_xor,input3,90,10e4e7bdc4079f19,1,6.661338147750939e-16,8.881784197001252e-16,35
NEW,F3_xor,input3,91,10e4e7bdc4079f19,1,6.661338147750939e-16,8.881784197001252e-16,35
NEW,F3_xor,input3,92,10e4e7bdc4079f19,1,6.661338147750939e-16,8.881784197001252e-16,35
NEW,F3_xor,input3,93,10e4e7bdc4079f19,1,6.661338147750939e-16,8.881784197001252e-16,35
NEW,F3_xor,input3,94,10e4e7bdc4079f19,1,6.661338147750939e-16,8.881784197001252e-16,35
NEW,F3_xor,input3,95,10e4e7bdc4079f19,1,6.661338147750939e-16,8.881784197001252e-16,35
NEW,F3_xor,input3,96,10e4e7bdc4079f19,1,6.661338147750939e-16,8.881784197001252e-16,35
NEW,F3_xor,input3,97,10e4e7bdc4079f19,1,6.661338147750939e-16,8.881784197001252e-16,35
NEW,F3_xor,input3,98,10e4e7bdc4079f19,1,6.661338147750939e-16,8.881784197001252e-16,35
NEW,F3_xor,input3,99,10e4e7bdc4079f19,1,6.661338147750939e-16,8.881784197001252e-16,35
NEW,F3_xor,input3,100,10e4e7bdc4079f19,1,6.661338147750939e-16,8.881784197001252e-16,35
OLD,F3_xor,input3,1,10e4e7bdc4079f19,1,6.661338147750939e-16,0.9306742246370222,35
OLD,F3_xor,input3,2,10e4e7bdc4079f19,1,6.661338147750939e-16,0.9306742246370222,35
OLD,F3_xor,input3,3,10e4e7bdc4079f19,1,6.661338147750939e-16,0.9306742246370222,35
OLD,F3_xor,input3,4,10e4e7bdc4079f19,1,6.661338147750939e-16,0.9306742246370222,35
OLD,F3_xor,input3,5,10e4e7bdc4079f19,1,6.661338147750939e-16,0.9306742246370222,35
OLD,F3_xor,input3,6,10e4e7bdc4079f19,1,6.661338147750939e-16,0.9306742246370222,35
OLD,F3_xor,input3,7,10e4e7bdc4079f19,1,6.661338147750939e-16,0.9306742246370222,35
OLD,F3_xor,input3,8,10e4e7bdc4079f19,1,6.661338147750939e-16,0.9306742246370222,35
OLD,F3_xor,input3,9,10e4e7bdc4079f19,1,6.661338147750939e-16,0.9306742246370222,35
OLD,F3_xor,input3,10,10e4e7bdc4079f19,1,6.661338147750939e-16,0.9306742246370222,35
OLD,F3_xor,input3,11,10e4e7bdc4079f19,1,6.661338147750939e-16,0.9306742246370222,35
OLD,F3_xor,input3,12,10e4e7bdc4079f19,1,6.661338147750939e-16,0.9306742246370222,35
OLD,F3_xor,input3,13,10e4e7bdc4079f19,1,6.661338147750939e-16,0.9306742246370222,35
OLD,F3_xor,input3,14,10e4e7bdc4079f19,1,6.661338147750939e-16,0.9306742246370222,35
OLD,F3_xor,input3,15,10e4e7bdc4079f19,1,6.661338147750939e-16,0.9306742246370222,35
OLD,F3_xor,input3,16,10e4e7bdc4079f19,1,6.661338147750939e-16,0.9306742246370222,35
OLD,F3_xor,input3,17,10e4e7bdc4079f19,1,6.661338147750939e-16,0.9306742246370222,35
OLD,F3_xor,input3,18,10e4e7bdc4079f19,1,6.661338147750939e-16,0.9306742246370222,35
OLD,F3_xor,input3,19,10e4e7bdc4079f19,1,6.661338147750939e-16,0.9306742246370222,35
OLD,F3_xor,input3,20,10e4e7bdc4079f19,1,6.661338147750939e-16,0.9306742246370222,35
OLD,F3_xor,input3,21,10e4e7bdc4079f19,1,6.661338147750939e-16,0.9306742246370222,35
OLD,F3_xor,input3,22,10e4e7bdc4079f19,1,6.661338147750939e-16,0.9306742246370222,35
OLD,F3_xor,input3,23,10e4e7bdc4079f19,1,6.661338147750939e-16,0.9306742246370222,35
OLD,F3_xor,input3,24,10e4e7bdc4079f19,1,6.661338147750939e-16,0.9306742246370222,35
OLD,F3_xor,input3,25,10e4e7bdc4079f19,1,6.661338147750939e-16,0.9306742246370222,35
OLD,F3_xor,input3,26,10e4e7bdc4079f19,1,6.661338147750939e-16,0.9306742246370222,35
OLD,F3_xor,input3,27,10e4e7bdc4079f19,1,6.661338147750939e-16,0.9306742246370222,35
OLD,F3_xor,input3,28,10e4e7bdc4079f19,1,6.661338147750939e-16,0.9306742246370222,35
OLD,F3_xor,input3,29,10e4e7bdc4079f19,1,6.661338147750939e-16,0.9306742246370222,35
OLD,F3_xor,input3,30,10e4e7bdc4079f19,1,6.661338147750939e-16,0.9306742246370222,35
OLD,F3_xor,input3,31,10e4e7bdc4079f19,1,6.661338147750939e-16,0.9306742246370222,35
OLD,F3_xor,input3,32,10e4e7bdc4079f19,1,6.661338147750939e-16,0.9306742246370222,35
OLD,F3_xor,input3,33,10e4e7bdc4079f19,1,6.661338147750939e-16,0.9306742246370222,35
OLD,F3_xor,input3,34,10e4e7bdc4079f19,1,6.661338147750939e-16,0.9306742246370222,35
OLD,F3_xor,input3,35,10e4e7bdc4079f19,1,6.661338147750939e-16,0.9306742246370222,35
OLD,F3_xor,input3,36,10e4e7bdc4079f19,1,6.661338147750939e-16,0.9306742246370222,35
OLD,F3_xor,input3,37,10e4e7bdc4079f19,1,6.661338147750939e-16,0.9306742246370222,35
OLD,F3_xor,input3,38,10e4e7bdc4079f19,1,6.661338147750939e-16,0.9306742246370222,35
OLD,F3_xor,input3,39,10e4e7bdc4079f19,1,6.661338147750939e-16,0.9306742246370222,35
OLD,F3_xor,input3,40,10e4e7bdc4079f19,1,6.661338147750939e-16,0.9306742246370222,35
OLD,F3_xor,input3,41,10e4e7bdc4079f19,1,6.661338147750939e-16,0.9306742246370222,35
OLD,F3_xor,input3,42,10e4e7bdc4079f19,1,6.661338147750939e-16,0.9306742246370222,35
OLD,F3_xor,input3,43,10e4e7bdc4079f19,1,6.661338147750939e-16,0.9306742246370222,35
OLD,F3_xor,input3,44,10e4e7bdc4079f19,1,6.661338147750939e-16,0.9306742246370222,35
OLD,F3_xor,input3,45,10e4e7bdc4079f19,1,6.661338147750939e-16,0.9306742246370222,35
OLD,F3_xor,input3,46,10e4e7bdc4079f19,1,6.661338147750939e-16,0.9306742246370222,35
OLD,F3_xor,input3,47,10e4e7bdc4079f19,1,6.661338147750939e-16,0.9306742246370222,35
OLD,F3_xor,input3,48,10e4e7bdc4079f19,1,6.661338147750939e-16,0.9306742246370222,35
OLD,F3_xor,input3,49,10e4e7bdc4079f19,1,6.661338147750939e-16,0.9306742246370222,35
OLD,F3_xor,input3,50,10e4e7bdc4079f19,1,6.661338147750939e-16,0.9306742246370222,35
OLD,F3_xor,input3,51,10e4e7bdc4079f19,1,6.661338147750939e-16,0.9306742246370222,35
OLD,F3_xor,input3,52,10e4e7bdc4079f19,1,6.661338147750939e-16,0.9306742246370222,35
OLD,F3_xor,input3,53,10e4e7bdc4079f19,1,6.661338147750939e-16,0.9306742246370222,35
OLD,F3_xor,input3,54,10e4e7bdc4079f19,1,6.661338147750939e-16,0.9306742246370222,35
OLD,F3_xor,input3,55,10e4e7bdc4079f19,1,6.661338147750939e-16,0.9306742246370222,35
OLD,F3_xor,input3,56,10e4e7bdc4079f19,1,6.661338147750939e-16,0.9306742246370222,35
OLD,F3_xor,input3,57,10e4e7bdc4079f19,1,6.661338147750939e-16,0.9306742246370222,35
OLD,F3_xor,input3,58,10e4e7bdc4079f19,1,6.661338147750939e-16,0.9306742246370222,35
OLD,F3_xor,input3,59,10e4e7bdc4079f19,1,6.661338147750939e-16,0.9306742246370222,35
OLD,F3_xor,input3,60,10e4e7bdc4079f19,1,6.661338147750939e-16,0.9306742246370222,35
OLD,F3_xor,input3,61,10e4e7bdc4079f19,1,6.661338147750939e-16,0.9306742246370222,35
OLD,F3_xor,input3,62,10e4e7bdc4079f19,1,6.661338147750939e-16,0.9306742246370222,35
OLD,F3_xor,input3,63,10e4e7bdc4079f19,1,6.661338147750939e-16,0.9306742246370222,35
OLD,F3_xor,input3,64,10e4e7bdc4079f19,1,6.661338147750939e-16,0.9306742246370222,35
OLD,F3_xor,input3,65,10e4e7bdc4079f19,1,6.661338147750939e-16,0.9306742246370222,35
OLD,F3_xor,input3,66,10e4e7bdc4079f19,1,6.661338147750939e-16,0.9306742246370222,35
OLD,F3_xor,input3,67,10e4e7bdc4079f19,1,6.661338147750939e-16,0.9306742246370222,35
OLD,F3_xor,input3,68,10e4e7bdc4079f19,1,6.661338147750939e-16,0.9306742246370222,35
OLD,F3_xor,input3,69,10e4e7bdc4079f19,1,6.661338147750939e-16,0.9306742246370222,35
OLD,F3_xor,input3,70,10e4e7bdc4079f19,1,6.661338147750939e-16,0.9306742246370222,35
OLD,F3_xor,input3,71,10e4e7bdc4079f19,1,6.661338147750939e-16,0.9306742246370222,35
OLD,F3_xor,input3,72,10e4e7bdc4079f19,1,6.661338147750939e-16,0.9306742246370222,35
OLD,F3_xor,input3,73,10e4e7bdc4079f19,1,6.661338147750939e-16,0.9306742246370222,35
OLD,F3_xor,input3,74,10e4e7bdc4079f19,1,6.661338147750939e-16,0.9306742246370222,35
OLD,F3_xor,input3,75,10e4e7bdc4079f19,1,6.661338147750939e-16,0.9306742246370222,35
OLD,F3_xor,input3,76,10e4e7bdc4079f19,1,6.661338147750939e-16,0.9306742246370222,35
OLD,F3_xor,input3,77,10e4e7bdc4079f19,1,6.661338147750939e-16,0.9306742246370222,35
OLD,F3_xor,input3,78,10e4e7bdc4079f19,1,6.661338147750939e-16,0.9306742246370222,35
OLD,F3_xor,input3,79,10e4e7bdc4079f19,1,6.661338147750939e-16,0.9306742246370222,35
OLD,F3_xor,input3,80,10e4e7bdc4079f19,1,6.661338147750939e-16,0.9306742246370222,35
OLD,F3_xor,input3,81,10e4e7bdc4079f19,1,6.661338147750939e-16,0.9306742246370222,35
OLD,F3_xor,input3,82,10e4e7bdc4079f19,1,6.661338147750939e-16,0.9306742246370222,35
OLD,F3_xor,input3,83,10e4e7bdc4079f19,1,6.661338147750939e-16,0.9306742246370222,35
OLD,F3_xor,input3,84,10e4e7bdc4079f19,1,6.661338147750939e-16,0.9306742246370222,35
OLD,F3_xor,input3,85,10e4e7bdc4079f19,1,6.661338147750939e-16,0.9306742246370222,35
OLD,F3_xor,input3,86,10e4e7bdc4079f19,1,6.661338147750939e-16,0.9306742246370222,35
OLD,F3_xor,input3,87,10e4e7bdc4079f19,1,6.661338147750939e-16,0.9306742246370222,35
OLD,F3_xor,input3,88,10e4e7bdc4079f19,1,6.661338147750939e-16,0.9306742246370222,35
OLD,F3_xor,input3,89,10e4e7bdc4079f19,1,6.661338147750939e-16,0.9306742246370222,35
OLD,F3_xor,input3,90,10e4e7bdc4079f19,1,6.661338147750939e-16,0.9306742246370222,35
OLD,F3_xor,input3,91,10e4e7bdc4079f19,1,6.661338147750939e-16,0.9306742246370222,35
OLD,F3_xor,input3,92,10e4e7bdc4079f19,1,6.661338147750939e-16,0.9306742246370222,35
OLD,F3_xor,input3,93,10e4e7bdc4079f19,1,6.661338147750939e-16,0.9306742246370222,35
OLD,F3_xor,input3,94,10e4e7bdc4079f19,1,6.661338147750939e-16,0.9306742246370222,35
OLD,F3_xor,input3,95,10e4e7bdc4079f19,1,6.661338147750939e-16,0.9306742246370222,35
OLD,F3_xor,input3,96,10e4e7bdc4079f19,1,6.661338147750939e-16,0.9306742246370222,35
OLD,F3_xor,input3,97,10e4e7bdc4079f19,1,6.661338147750939e-16,0.9306742246370222,35
OLD,F3_xor,input3,98,10e4e7bdc4079f19,1,6.661338147750939e-16,0.9306742246370222,35
OLD,F3_xor,input3,99,10e4e7bdc4079f19,1,6.661338147750939e-16,0.9306742246370222,35
OLD,F3_xor,input3,100,10e4e7bdc4079f19,1,6.661338147750939e-16,0.9306742246370222,35
